date,log_reer
1999-01-01,4.778535084739154
1999-01-02,4.777854127485203
1999-01-03,4.777169182224348
1999-01-04,4.776480248956585
1999-01-05,4.775787327681918
1999-01-06,4.775090418400345
1999-01-07,4.774389521111866
1999-01-08,4.773684635816483
1999-01-09,4.772975762514193
1999-01-10,4.772262901204998
1999-01-11,4.771546051888898
1999-01-12,4.770825214565892
1999-01-13,4.7701003892359815
1999-01-14,4.769371575899163
1999-01-15,4.768638774555441
1999-01-16,4.767901985204813
1999-01-17,4.76716120784728
1999-01-18,4.766416442482841
1999-01-19,4.765667689111496
1999-01-20,4.764914947733246
1999-01-21,4.76415821834809
1999-01-22,4.76339750095603
1999-01-23,4.762632795557064
1999-01-24,4.761864102151192
1999-01-25,4.761091420738413
1999-01-26,4.76031475131873
1999-01-27,4.7595340938921415
1999-01-28,4.758749448458648
1999-01-29,4.757960815018249
1999-01-30,4.757168193570944
1999-01-31,4.756371584116732
1999-02-01,4.755570986655616
1999-02-02,4.754766401187595
1999-02-03,4.753957827712668
1999-02-04,4.7531452662308356
1999-02-05,4.752328716742098
1999-02-06,4.7515081792464535
1999-02-07,4.750683653743905
1999-02-08,4.74985514023445
1999-02-09,4.74902263871809
1999-02-10,4.748186149194824
1999-02-11,4.747345671664654
1999-02-12,4.7465012061275775
1999-02-13,4.745652752583595
1999-02-14,4.744800311032707
1999-02-15,4.743943881474914
1999-02-16,4.743105465862709
1999-02-17,4.74230706614859
1999-02-18,4.741548682332554
1999-02-19,4.740830314414603
1999-02-20,4.740151962394735
1999-02-21,4.739513626272951
1999-02-22,4.738915306049251
1999-02-23,4.738357001723636
1999-02-24,4.737838713296104
1999-02-25,4.737360440766657
1999-02-26,4.736922184135294
1999-02-27,4.736523943402014
1999-02-28,4.736165718566818
1999-03-01,4.735847509629708
1999-03-02,4.735569316590681
1999-03-03,4.7353311394497375
1999-03-04,4.735132978206878
1999-03-05,4.734974832862103
1999-03-06,4.734856703415413
1999-03-07,4.734778589866805
1999-03-08,4.734740492216282
1999-03-09,4.734742410463843
1999-03-10,4.734784344609489
1999-03-11,4.734866294653218
1999-03-12,4.73498826059503
1999-03-13,4.735150242434928
1999-03-14,4.735352240172909
1999-03-15,4.7355942538089755
1999-03-16,4.735876283343125
1999-03-17,4.736186935304474
1999-03-18,4.736457848867723
1999-03-19,4.736677630561986
1999-03-20,4.7368462803872635
1999-03-21,4.736963798343556
1999-03-22,4.737030184430863
1999-03-23,4.737045438649186
1999-03-24,4.737009560998522
1999-03-25,4.736922551478874
1999-03-26,4.73678441009024
1999-03-27,4.736595136832622
1999-03-28,4.736354731706018
1999-03-29,4.736063194710428
1999-03-30,4.735720525845853
1999-03-31,4.7353267251122935
1999-04-01,4.734881792509748
1999-04-02,4.734385728038217
1999-04-03,4.733838531697702
1999-04-04,4.733240203488203
1999-04-05,4.732590743409716
1999-04-06,4.7318901514622445
1999-04-07,4.731138427645787
1999-04-08,4.730335571960346
1999-04-09,4.729481584405919
1999-04-10,4.728576464982507
1999-04-11,4.72762021369011
1999-04-12,4.726612830528727
1999-04-13,4.725554315498359
1999-04-14,4.7244446685990065
1999-04-15,4.723283889830668
1999-04-16,4.722071979193344
1999-04-17,4.720867661618231
1999-04-18,4.719729662036525
1999-04-19,4.718657980448223
1999-04-20,4.717652616853329
1999-04-21,4.716713571251841
1999-04-22,4.715840843643758
1999-04-23,4.715034434029083
1999-04-24,4.714294342407814
1999-04-25,4.713620568779951
1999-04-26,4.713013113145494
1999-04-27,4.712471975504443
1999-04-28,4.711997155856799
1999-04-29,4.71158865420256
1999-04-30,4.711246470541729
1999-05-01,4.710970604874303
1999-05-02,4.7107610572002825
1999-05-03,4.710617827519671
1999-05-04,4.710540915832463
1999-05-05,4.710530322138662
1999-05-06,4.710586046438268
1999-05-07,4.7107080887312796
1999-05-08,4.710896449017697
1999-05-09,4.711151127297522
1999-05-10,4.7114721235707515
1999-05-11,4.711859437837388
1999-05-12,4.712313070097432
1999-05-13,4.71283302035088
1999-05-14,4.713419288597736
1999-05-15,4.714071874837998
1999-05-16,4.714790779071665
1999-05-17,4.715563787725849
1999-05-18,4.716317619363213
1999-05-19,4.717040060410867
1999-05-20,4.71773111086881
1999-05-21,4.7183907707370425
1999-05-22,4.719019040015564
1999-05-23,4.719615918704376
1999-05-24,4.720181406803477
1999-05-25,4.720715504312867
1999-05-26,4.721218211232548
1999-05-27,4.721689527562519
1999-05-28,4.722129453302777
1999-05-29,4.722537988453327
1999-05-30,4.722915133014166
1999-05-31,4.723260886985295
1999-06-01,4.7235752503667126
1999-06-02,4.7238582231584205
1999-06-03,4.724109805360417
1999-06-04,4.7243299969727035
1999-06-05,4.72451879799528
1999-06-06,4.724676208428146
1999-06-07,4.724802228271301
1999-06-08,4.724896857524747
1999-06-09,4.7249600961884815
1999-06-10,4.724991944262506
1999-06-11,4.724992401746819
1999-06-12,4.724961468641423
1999-06-13,4.724899144946316
1999-06-14,4.724805430661499
1999-06-15,4.724680325786972
1999-06-16,4.724523830322733
1999-06-17,4.724384492273294
1999-06-18,4.724310859643163
1999-06-19,4.72430293243234
1999-06-20,4.724360710640826
1999-06-21,4.724484194268619
1999-06-22,4.7246733833157215
1999-06-23,4.724928277782132
1999-06-24,4.725248877667851
1999-06-25,4.725635182972877
1999-06-26,4.726087193697212
1999-06-27,4.726604909840856
1999-06-28,4.727188331403808
1999-06-29,4.727837458386068
1999-06-30,4.728552290787637
1999-07-01,4.729332828608514
1999-07-02,4.730179071848698
1999-07-03,4.731091020508191
1999-07-04,4.732068674586992
1999-07-05,4.733112034085103
1999-07-06,4.73422109900252
1999-07-07,4.735395869339245
1999-07-08,4.736636345095281
1999-07-09,4.737942526270623
1999-07-10,4.739314412865275
1999-07-11,4.7407520048792335
1999-07-12,4.7422553023125005
1999-07-13,4.7438243051650755
1999-07-14,4.745459013436961
1999-07-15,4.747159427128153
1999-07-16,4.748925546238653
1999-07-17,4.750750528087817
1999-07-18,4.752593316591775
1999-07-19,4.754447069069883
1999-07-20,4.75631178552214
1999-07-21,4.758187465948547
1999-07-22,4.760074110349103
1999-07-23,4.7619717187238075
1999-07-24,4.7638802910726605
1999-07-25,4.765799827395665
1999-07-26,4.767730327692818
1999-07-27,4.769671791964121
1999-07-28,4.771624220209572
1999-07-29,4.773587612429173
1999-07-30,4.775561968622923
1999-07-31,4.7775472887908235
1999-08-01,4.779543572932872
1999-08-02,4.781550821049071
1999-08-03,4.783569033139418
1999-08-04,4.785598209203916
1999-08-05,4.787638349242562
1999-08-06,4.789689453255358
1999-08-07,4.791751521242302
1999-08-08,4.793824553203398
1999-08-09,4.795908549138641
1999-08-10,4.798003509048035
1999-08-11,4.800109432931578
1999-08-12,4.80222632078927
1999-08-13,4.804354172621112
1999-08-14,4.806492988427102
1999-08-15,4.808642768207241
1999-08-16,4.810803511961532
1999-08-17,4.812963957744964
1999-08-18,4.8150565338875095
1999-08-19,4.817069978444159
1999-08-20,4.819004291414913
1999-08-21,4.820859472799775
1999-08-22,4.822635522598741
1999-08-23,4.824332440811813
1999-08-24,4.82595022743899
1999-08-25,4.827488882480274
1999-08-26,4.8289484059356615
1999-08-27,4.830328797805157
1999-08-28,4.8316300580887575
1999-08-29,4.832852186786462
1999-08-30,4.833995183898272
1999-08-31,4.8350590494241885
1999-09-01,4.836043783364212
1999-09-02,4.836949385718339
1999-09-03,4.837775856486571
1999-09-04,4.838523195668911
1999-09-05,4.839191403265354
1999-09-06,4.839780479275904
1999-09-07,4.8402904237005595
1999-09-08,4.84072123653932
1999-09-09,4.841072917792187
1999-09-10,4.841345467459158
1999-09-11,4.841538885540236
1999-09-12,4.84165317203542
1999-09-13,4.841688326944708
1999-09-14,4.841644350268103
1999-09-15,4.8415212420056015
1999-09-16,4.841319002157206
1999-09-17,4.841088882910929
1999-09-18,4.840882136454781
1999-09-19,4.840698762788762
1999-09-20,4.84053876191287
1999-09-21,4.840402133827108
1999-09-22,4.840288878531475
1999-09-23,4.840198996025971
1999-09-24,4.840132486310596
1999-09-25,4.840089349385349
1999-09-26,4.840069585250232
1999-09-27,4.840073193905243
1999-09-28,4.840100175350384
1999-09-29,4.840150529585652
1999-09-30,4.840224256611052
1999-10-01,4.840321356426578
1999-10-02,4.840441829032234
1999-10-03,4.840585674428018
1999-10-04,4.840752892613931
1999-10-05,4.8409434835899745
1999-10-06,4.841157447356147
1999-10-07,4.841394783912446
1999-10-08,4.841655493258875
1999-10-09,4.841939575395434
1999-10-10,4.84224703032212
1999-10-11,4.842577858038936
1999-10-12,4.842932058545882
1999-10-13,4.8433096318429545
1999-10-14,4.843710577930159
1999-10-15,4.844134896807489
1999-10-16,4.84458258847495
1999-10-17,4.845053158506207
1999-10-18,4.84554364034327
1999-10-19,4.846053539559808
1999-10-20,4.846582856155819
1999-10-21,4.847131590131304
1999-10-22,4.847699741486263
1999-10-23,4.848287310220697
1999-10-24,4.8488942963346044
1999-10-25,4.849520699827986
1999-10-26,4.850166520700841
1999-10-27,4.85083175895317
1999-10-28,4.851516414584974
1999-10-29,4.852220487596251
1999-10-30,4.852943977987002
1999-10-31,4.853686885757227
1999-11-01,4.854449210906927
1999-11-02,4.8552309534361004
1999-11-03,4.856032113344748
1999-11-04,4.856852690632869
1999-11-05,4.8576926853004645
1999-11-06,4.858552097347534
1999-11-07,4.859430926774078
1999-11-08,4.860329173580094
1999-11-09,4.861246837765586
1999-11-10,4.862183919330552
1999-11-11,4.863140418274991
1999-11-12,4.864116334598904
1999-11-13,4.865111668302292
1999-11-14,4.8661264193851546
1999-11-15,4.86716058784749
1999-11-16,4.868214173689299
1999-11-17,4.869240331474926
1999-11-18,4.870192215768714
1999-11-19,4.871069826570663
1999-11-20,4.871873163880775
1999-11-21,4.872602227699045
1999-11-22,4.873257018025478
1999-11-23,4.87383753486007
1999-11-24,4.8743437782028245
1999-11-25,4.8747757480537395
1999-11-26,4.875133444412816
1999-11-27,4.8754168672800535
1999-11-28,4.875626016655453
1999-11-29,4.875760892539011
1999-11-30,4.875821494930732
1999-12-01,4.8758078238306135
1999-12-02,4.875719879238655
1999-12-03,4.8755576611548594
1999-12-04,4.875321169579224
1999-12-05,4.875010404511751
1999-12-06,4.874625365952436
1999-12-07,4.874166053901283
1999-12-08,4.873632468358293
1999-12-09,4.873024609323462
1999-12-10,4.872342476796794
1999-12-11,4.871586070778285
1999-12-12,4.870755391267938
1999-12-13,4.869850438265751
1999-12-14,4.868871211771728
1999-12-15,4.867817711785863
1999-12-16,4.866689938308159
1999-12-17,4.8654960547270205
1999-12-18,4.864285041372858
1999-12-19,4.863065061634076
1999-12-20,4.861836115510677
1999-12-21,4.860598203002656
1999-12-22,4.859351324110015
1999-12-23,4.858095478832755
1999-12-24,4.856830667170876
1999-12-25,4.855556889124376
1999-12-26,4.854274144693257
1999-12-27,4.85298243387752
1999-12-28,4.85168175667716
1999-12-29,4.850372113092182
1999-12-30,4.849053503122585
1999-12-31,4.847725926768367
2000-01-01,4.846389384029531
2000-01-02,4.8450438749060725
2000-01-03,4.843689399397997
2000-01-04,4.8423259575053015
2000-01-05,4.840953549227986
2000-01-06,4.839572174566049
2000-01-07,4.838181833519496
2000-01-08,4.836782526088321
2000-01-09,4.835374252272526
2000-01-10,4.833957012072112
2000-01-11,4.832530805487078
2000-01-12,4.8310956325174255
2000-01-13,4.829651493163152
2000-01-14,4.828198387424259
2000-01-15,4.826736315300748
2000-01-16,4.825265276792615
2000-01-17,4.823798520053297
2000-01-18,4.822415534003403
2000-01-19,4.821129566796364
2000-01-20,4.819940618432181
2000-01-21,4.818848688910854
2000-01-22,4.817853778232385
2000-01-23,4.81695588639677
2000-01-24,4.816155013404013
2000-01-25,4.815451159254112
2000-01-26,4.814844323947067
2000-01-27,4.8143345074828785
2000-01-28,4.813921709861545
2000-01-29,4.813605931083069
2000-01-30,4.81338717114745
2000-01-31,4.813265430054686
2000-02-01,4.81324070780478
2000-02-02,4.813313004397728
2000-02-03,4.8134823198335335
2000-02-04,4.813748654112196
2000-02-05,4.814112007233714
2000-02-06,4.814572379198088
2000-02-07,4.81512977000532
2000-02-08,4.815784179655406
2000-02-09,4.8165356081483495
2000-02-10,4.817384055484149
2000-02-11,4.818329521662806
2000-02-12,4.8193720066843175
2000-02-13,4.820511510548686
2000-02-14,4.821748033255911
2000-02-15,4.823081574805991
2000-02-16,4.824496227299254
2000-02-17,4.825896543337643
2000-02-18,4.827266615021483
2000-02-19,4.8286064423507735
2000-02-20,4.829916025325516
2000-02-21,4.83119536394571
2000-02-22,4.832444458211355
2000-02-23,4.833663308122451
2000-02-24,4.834851913678999
2000-02-25,4.836010274880996
2000-02-26,4.837138391728446
2000-02-27,4.838236264221347
2000-02-28,4.839303892359699
2000-02-29,4.840341276143502
2000-03-01,4.841348415572757
2000-03-02,4.842325310647462
2000-03-03,4.84327196136762
2000-03-04,4.844188367733228
2000-03-05,4.845074529744288
2000-03-06,4.845930447400798
2000-03-07,4.846756120702761
2000-03-08,4.8475515496501735
2000-03-09,4.848316734243038
2000-03-10,4.849051674481354
2000-03-11,4.849756370365119
2000-03-12,4.850430821894339
2000-03-13,4.851075029069007
2000-03-14,4.851688991889128
2000-03-15,4.852272710354699
2000-03-16,4.852826184465723
2000-03-17,4.8533483556797306
2000-03-18,4.853832872741927
2000-03-19,4.854278677109845
2000-03-20,4.8546857687834875
2000-03-21,4.855054147762853
2000-03-22,4.855383814047939
2000-03-23,4.855674767638748
2000-03-24,4.8559270085352795
2000-03-25,4.8561405367375325
2000-03-26,4.856315352245509
2000-03-27,4.856451455059209
2000-03-28,4.85654884517863
2000-03-29,4.856607522603774
2000-03-30,4.856627487334641
2000-03-31,4.856608739371229
2000-04-01,4.856551278713541
2000-04-02,4.856455105361575
2000-04-03,4.856320219315331
2000-04-04,4.85614662057481
2000-04-05,4.855934309140012
2000-04-06,4.855683285010935
2000-04-07,4.855393548187582
2000-04-08,4.855065098669951
2000-04-09,4.854697936458042
2000-04-10,4.854292061551856
2000-04-11,4.853847473951392
2000-04-12,4.853364173656651
2000-04-13,4.852842160667633
2000-04-14,4.852281434984336
2000-04-15,4.851681996606763
2000-04-16,4.851043845534911
2000-04-17,4.85040459414818
2000-04-18,4.849801854825967
2000-04-19,4.8492356275682695
2000-04-20,4.84870591237509
2000-04-21,4.848212709246428
2000-04-22,4.847756018182283
2000-04-23,4.847335839182656
2000-04-24,4.846952172247547
2000-04-25,4.846605017376954
2000-04-26,4.846294374570879
2000-04-27,4.8460202438293205
2000-04-28,4.84578262515228
2000-04-29,4.845581518539756
2000-04-30,4.845416923991751
2000-05-01,4.845288841508263
2000-05-02,4.84519727108929
2000-05-03,4.845142212734837
2000-05-04,4.8451236664449
2000-05-05,4.845141632219481
2000-05-06,4.84519611005858
2000-05-07,4.845287099962195
2000-05-08,4.845414601930327
2000-05-09,4.845578615962978
2000-05-10,4.845779142060144
2000-05-11,4.846016180221829
2000-05-12,4.8462897304480315
2000-05-13,4.8465997927387505
2000-05-14,4.846946367093987
2000-05-15,4.8473294535137414
2000-05-16,4.847749051998013
2000-05-17,4.848195999961684
2000-05-18,4.8486153218940435
2000-05-19,4.8489978552099755
2000-05-20,4.84934359990948
2000-05-21,4.849652555992557
2000-05-22,4.849924723459204
2000-05-23,4.850160102309424
2000-05-24,4.8503586925432165
2000-05-25,4.8505204941605795
2000-05-26,4.8506455071615155
2000-05-27,4.850733731546022
2000-05-28,4.850785167314101
2000-05-29,4.850799814465752
2000-05-30,4.850777673000975
2000-05-31,4.850718742919769
2000-06-01,4.850623024222136
2000-06-02,4.850490516908073
2000-06-03,4.850321220977584
2000-06-04,4.850115136430666
2000-06-05,4.849872263267319
2000-06-06,4.8495926014875455
2000-06-07,4.849276151091343
2000-06-08,4.848922912078712
2000-06-09,4.848532884449654
2000-06-10,4.8481060682041655
2000-06-11,4.84764246334225
2000-06-12,4.847142069863907
2000-06-13,4.846604887769136
2000-06-14,4.846030917057937
2000-06-15,4.845420157730309
2000-06-16,4.8447726097862525
2000-06-17,4.8441200241191495
2000-06-18,4.843494151622383
2000-06-19,4.842894992295947
2000-06-20,4.842322546139847
2000-06-21,4.841776813154081
2000-06-22,4.841257793338651
2000-06-23,4.840765486693554
2000-06-24,4.840299893218792
2000-06-25,4.839861012914365
2000-06-26,4.839448845780271
2000-06-27,4.839063391816512
2000-06-28,4.838704651023087
2000-06-29,4.838372623399996
2000-06-30,4.838067308947242
2000-07-01,4.837788707664819
2000-07-02,4.8375368195527315
2000-07-03,4.837311644610979
2000-07-04,4.837113182839561
2000-07-05,4.8369414342384776
2000-07-06,4.836796398807726
2000-07-07,4.836678076547311
2000-07-08,4.836586467457231
2000-07-09,4.836521571537483
2000-07-10,4.836483388788071
2000-07-11,4.836471919208994
2000-07-12,4.83648716280025
2000-07-13,4.83652911956184
2000-07-14,4.836597789493767
2000-07-15,4.836693172596027
2000-07-16,4.8368152688686195
2000-07-17,4.8369635571985565
2000-07-18,4.837134910907888
2000-07-19,4.837328808883622
2000-07-20,4.837545251125759
2000-07-21,4.837784237634299
2000-07-22,4.83804576840924
2000-07-23,4.838329843450586
2000-07-24,4.838636462758334
2000-07-25,4.838965626332484
2000-07-26,4.839317334173036
2000-07-27,4.8396915862799945
2000-07-28,4.840088382653353
2000-07-29,4.840507723293115
2000-07-30,4.8409496081992796
2000-07-31,4.841414037371846
2000-08-01,4.841901010810817
2000-08-02,4.84241052851619
2000-08-03,4.842942590487965
2000-08-04,4.843497196726145
2000-08-05,4.844074347230727
2000-08-06,4.84467404200171
2000-08-07,4.845296281039097
2000-08-08,4.845941064342887
2000-08-09,4.84660839191308
2000-08-10,4.847298263749677
2000-08-11,4.848010679852674
2000-08-12,4.848745640222075
2000-08-13,4.849503144857879
2000-08-14,4.850283193760085
2000-08-15,4.851085786928694
2000-08-16,4.8519109243637075
2000-08-17,4.852749899780841
2000-08-18,4.85355047547442
2000-08-19,4.854303945160162
2000-08-20,4.855010308838066
2000-08-21,4.855669566508136
2000-08-22,4.856281718170368
2000-08-23,4.8568467638247625
2000-08-24,4.857364703471321
2000-08-25,4.857835537110044
2000-08-26,4.858259264740928
2000-08-27,4.8586358863639765
2000-08-28,4.858965401979191
2000-08-29,4.859247811586565
2000-08-30,4.859483115186104
2000-08-31,4.859671312777806
2000-09-01,4.859812404361672
2000-09-02,4.8599063899377
2000-09-03,4.859953269505893
2000-09-04,4.859953043066249
2000-09-05,4.859905710618768
2000-09-06,4.8598112721634505
2000-09-07,4.859669727700296
2000-09-08,4.859481077229306
2000-09-09,4.859245320750479
2000-09-10,4.8589624582638145
2000-09-11,4.858632489769314
2000-09-12,4.858255415266977
2000-09-13,4.857831234756803
2000-09-14,4.857359948238793
2000-09-15,4.856841555712945
2000-09-16,4.856276057179262
2000-09-17,4.855700455676452
2000-09-18,4.855151754243226
2000-09-19,4.854629952879583
2000-09-20,4.854135051585526
2000-09-21,4.853667050361052
2000-09-22,4.853225949206163
2000-09-23,4.852811748120856
2000-09-24,4.852424447105134
2000-09-25,4.852064046158996
2000-09-26,4.851730545282443
2000-09-27,4.8514239444754725
2000-09-28,4.851144243738087
2000-09-29,4.850891443070285
2000-09-30,4.8506655424720675
2000-10-01,4.850466541943434
2000-10-02,4.850294441484384
2000-10-03,4.850149241094918
2000-10-04,4.850030940775037
2000-10-05,4.849939540524739
2000-10-06,4.849875040344026
2000-10-07,4.849837440232896
2000-10-08,4.849826740191349
2000-10-09,4.849842940219389
2000-10-10,4.849886040317011
2000-10-11,4.8499560404842175
2000-10-12,4.8500529407210085
2000-10-13,4.850176741027382
2000-10-14,4.850327441403341
2000-10-15,4.8505050418488835
2000-10-16,4.85070954236401
2000-10-17,4.850930379740207
2000-10-18,4.851104174726397
2000-10-19,4.851220364114066
2000-10-20,4.851278947903213
2000-10-21,4.85127992609384
2000-10-22,4.8512232986859445
2000-10-23,4.851109065679529
2000-10-24,4.850937227074592
2000-10-25,4.850707782871134
2000-10-26,4.850420733069156
2000-10-27,4.850076077668656
2000-10-28,4.849673816669635
2000-10-29,4.849213950072093
2000-10-30,4.848696477876031
2000-10-31,4.848121400081446
2000-11-01,4.847488716688342
2000-11-02,4.846798427696716
2000-11-03,4.846050533106568
2000-11-04,4.8452450329179
2000-11-05,4.84438192713071
2000-11-06,4.843461215745001
2000-11-07,4.842482898760769
2000-11-08,4.841446976178017
2000-11-09,4.840353447996744
2000-11-10,4.83920231421695
2000-11-11,4.8379935748386345
2000-11-12,4.836727229861799
2000-11-13,4.8354032792864405
2000-11-14,4.8340217231125635
2000-11-15,4.832582561340162
2000-11-16,4.831085793969242
2000-11-17,4.829548193247084
2000-11-18,4.827986531420971
2000-11-19,4.826400808490903
2000-11-20,4.82479102445688
2000-11-21,4.823157179318902
2000-11-22,4.821499273076971
2000-11-23,4.819817305731085
2000-11-24,4.818111277281243
2000-11-25,4.816381187727446
2000-11-26,4.814627037069695
2000-11-27,4.81284882530799
2000-11-28,4.811046552442329
2000-11-29,4.809220218472714
2000-11-30,4.807369823399145
2000-12-01,4.805495367221621
2000-12-02,4.80359684994014
2000-12-03,4.801674271554707
2000-12-04,4.799727632065318
2000-12-05,4.797756931471975
2000-12-06,4.795762169774676
2000-12-07,4.7937433469734225
2000-12-08,4.791700463068215
2000-12-09,4.789633518059053
2000-12-10,4.7875425119459365
2000-12-11,4.785427444728864
2000-12-12,4.783288316407838
2000-12-13,4.781125126982856
2000-12-14,4.77893787645392
2000-12-15,4.77672656482103
2000-12-16,4.7744911920841835
2000-12-17,4.772249195299035
2000-12-18,4.770105196799487
2000-12-19,4.768076633641194
2000-12-20,4.766163505824153
2000-12-21,4.764365813348365
2000-12-22,4.7626835562138305
2000-12-23,4.76111673442055
2000-12-24,4.759665347968521
2000-12-25,4.758329396857746
2000-12-26,4.757108881088223
2000-12-27,4.756003800659954
2000-12-28,4.7550141555729395
2000-12-29,4.754139945827177
2000-12-30,4.753381171422666
2000-12-31,4.7527378323594105
2001-01-01,4.752209928637407
2001-01-02,4.751797460256657
2001-01-03,4.7515004272171595
2001-01-04,4.751318829518916
2001-01-05,4.751252667161926
2001-01-06,4.751301940146187
2001-01-07,4.751466648471704
2001-01-08,4.751746792138472
2001-01-09,4.752142371146494
2001-01-10,4.752653385495769
2001-01-11,4.753279835186296
2001-01-12,4.754021720218077
2001-01-13,4.754879040591112
2001-01-14,4.755851796305399
2001-01-15,4.75693998736094
2001-01-16,4.758143613757734
2001-01-17,4.759433956330716
2001-01-18,4.760638700089505
2001-01-19,4.761729125869034
2001-01-20,4.7627052336693065
2001-01-21,4.763567023490321
2001-01-22,4.764314495332078
2001-01-23,4.764947649194573
2001-01-24,4.7654664850778135
2001-01-25,4.765871002981795
2001-01-26,4.766161202906517
2001-01-27,4.7663370848519815
2001-01-28,4.766398648818189
2001-01-29,4.766345894805135
2001-01-30,4.766178822812826
2001-01-31,4.765897432841258
2001-02-01,4.765501724890431
2001-02-02,4.764991698960345
2001-02-03,4.764367355051002
2001-02-04,4.763628693162401
2001-02-05,4.762775713294541
2001-02-06,4.761808415447424
2001-02-07,4.760726799621048
2001-02-08,4.759530865815413
2001-02-09,4.75822061403052
2001-02-10,4.75679604426637
2001-02-11,4.755257156522961
2001-02-12,4.753603950800294
2001-02-13,4.751836427098367
2001-02-14,4.749954585417184
2001-02-15,4.747958425756742
2001-02-16,4.745931446233257
2001-02-17,4.743957144962943
2001-02-18,4.742035521945801
2001-02-19,4.7401665771818315
2001-02-20,4.738350310671032
2001-02-21,4.7365867224134055
2001-02-22,4.7348758124089505
2001-02-23,4.733217580657666
2001-02-24,4.731612027159554
2001-02-25,4.730059151914614
2001-02-26,4.7285589549228435
2001-02-27,4.727111436184247
2001-02-28,4.72571659569882
2001-03-01,4.724374433466568
2001-03-02,4.723084949487485
2001-03-03,4.721848143761575
2001-03-04,4.720664016288835
2001-03-05,4.719532567069267
2001-03-06,4.718453796102873
2001-03-07,4.717427703389648
2001-03-08,4.7164542889295955
2001-03-09,4.7155335527227145
2001-03-10,4.714665494769006
2001-03-11,4.713850115068468
2001-03-12,4.713087413621102
2001-03-13,4.712377390426908
2001-03-14,4.711720045485885
2001-03-15,4.711115378798034
2001-03-16,4.710563390363355
2001-03-17,4.710062487965888
2001-03-18,4.709603118309875
2001-03-19,4.70918368917936
2001-03-20,4.708804200574339
2001-03-21,4.708464652494815
2001-03-22,4.708165044940785
2001-03-23,4.707905377912252
2001-03-24,4.707685651409214
2001-03-25,4.707505865431672
2001-03-26,4.7073660199796254
2001-03-27,4.707266115053077
2001-03-28,4.707206150652022
2001-03-29,4.707186126776462
2001-03-30,4.7072060434264
2001-03-31,4.707265900601832
2001-04-01,4.707365698302761
2001-04-02,4.707505436529184
2001-04-03,4.707685115281104
2001-04-04,4.70790473455852
2001-04-05,4.708164294361431
2001-04-06,4.708463794689838
2001-04-07,4.708803235543741
2001-04-08,4.709182616923139
2001-04-09,4.709601938828034
2001-04-10,4.710061201258424
2001-04-11,4.71056040421431
2001-04-12,4.711099547695691
2001-04-13,4.7116786317025685
2001-04-14,4.7122976562349415
2001-04-15,4.71295662129281
2001-04-16,4.713655526876174
2001-04-17,4.714365825006008
2001-04-18,4.715058967703288
2001-04-19,4.71573495496801
2001-04-20,4.716393786800176
2001-04-21,4.717035463199787
2001-04-22,4.7176599841668425
2001-04-23,4.718267349701342
2001-04-24,4.718857559803285
2001-04-25,4.719430614472673
2001-04-26,4.719986513709505
2001-04-27,4.7205252575137795
2001-04-28,4.7210468458855
2001-04-29,4.721551278824664
2001-04-30,4.722038556331272
2001-05-01,4.722508678405324
2001-05-02,4.722961645046821
2001-05-03,4.7233974562557615
2001-05-04,4.723816112032146
2001-05-05,4.724217612375974
2001-05-06,4.7246019572872475
2001-05-07,4.7249691467659645
2001-05-08,4.725319180812125
2001-05-09,4.725652059425731
2001-05-10,4.72596778260678
2001-05-11,4.7262663503552735
2001-05-12,4.726547762671212
2001-05-13,4.726812019554593
2001-05-14,4.72705912100542
2001-05-15,4.7272890670236904
2001-05-16,4.727501857609403
2001-05-17,4.727694507975324
2001-05-18,4.727849109398016
2001-05-19,4.727962677090243
2001-05-20,4.7280352110520045
2001-05-21,4.728066711283302
2001-05-22,4.728057177784131
2001-05-23,4.7280066105544964
2001-05-24,4.727915009594396
2001-05-25,4.727782374903829
2001-05-26,4.727608706482798
2001-05-27,4.7273940043313
2001-05-28,4.727138268449337
2001-05-29,4.726841498836908
2001-05-30,4.7265036954940145
2001-05-31,4.726124858420653
2001-06-01,4.725704987616829
2001-06-02,4.725244083082537
2001-06-03,4.724742144817781
2001-06-04,4.7241991728225585
2001-06-05,4.72361516709687
2001-06-06,4.722990127640717
2001-06-07,4.7223240544540985
2001-06-08,4.721616947537013
2001-06-09,4.720868806889464
2001-06-10,4.720079632511448
2001-06-11,4.719249424402967
2001-06-12,4.71837818256402
2001-06-13,4.717465906994607
2001-06-14,4.71651259769473
2001-06-15,4.715518254664386
2001-06-16,4.714482877903576
2001-06-17,4.713451276101223
2001-06-18,4.71246825794625
2001-06-19,4.711533823438652
2001-06-20,4.7106479725784345
2001-06-21,4.709810705365594
2001-06-22,4.709022021800132
2001-06-23,4.708281921882049
2001-06-24,4.7075904056113425
2001-06-25,4.706947472988015
2001-06-26,4.706353124012066
2001-06-27,4.705807358683496
2001-06-28,4.705310177002303
2001-06-29,4.7048615789684884
2001-06-30,4.7044615645820524
2001-07-01,4.704110133842995
2001-07-02,4.703807286751315
2001-07-03,4.7035530233070135
2001-07-04,4.7033473435100905
2001-07-05,4.703190247360546
2001-07-06,4.703081734858378
2001-07-07,4.703021806003589
2001-07-08,4.703010460796179
2001-07-09,4.703047699236146
2001-07-10,4.703133521323492
2001-07-11,4.703267927058216
2001-07-12,4.703450916440318
2001-07-13,4.703682489469799
2001-07-14,4.703962646146659
2001-07-15,4.704291386470896
2001-07-16,4.70466871044251
2001-07-17,4.705089888536587
2001-07-18,4.705526543603617
2001-07-19,4.7059739461186885
2001-07-20,4.706432096081797
2001-07-21,4.706900993492945
2001-07-22,4.70738063835213
2001-07-23,4.707871030659356
2001-07-24,4.708372170414618
2001-07-25,4.70888405761792
2001-07-26,4.709406692269259
2001-07-27,4.709940074368639
2001-07-28,4.710484203916056
2001-07-29,4.711039080911511
2001-07-30,4.711604705355005
2001-07-31,4.712181077246538
2001-08-01,4.71276819658611
2001-08-02,4.713366063373719
2001-08-03,4.713974677609367
2001-08-04,4.714594039293054
2001-08-05,4.71522414842478
2001-08-06,4.715865005004543
2001-08-07,4.716516609032346
2001-08-08,4.717178960508187
2001-08-09,4.717852059432067
2001-08-10,4.718535905803986
2001-08-11,4.719230499623941
2001-08-12,4.719935840891936
2001-08-13,4.720651929607969
2001-08-14,4.721378765772042
2001-08-15,4.722116349384152
2001-08-16,4.722864680444302
2001-08-17,4.7236155899325185
2001-08-18,4.724320063728981
2001-08-19,4.724969932813718
2001-08-20,4.725565197186727
2001-08-21,4.726105856848013
2001-08-22,4.726591911797573
2001-08-23,4.727023362035407
2001-08-24,4.727400207561516
2001-08-25,4.727722448375899
2001-08-26,4.727990084478555
2001-08-27,4.728203115869487
2001-08-28,4.7283615425486945
2001-08-29,4.7284653645161745
2001-08-30,4.72851458177193
2001-08-31,4.728509194315958
2001-09-01,4.728449202148263
2001-09-02,4.728334605268841
2001-09-03,4.728165403677693
2001-09-04,4.72794159737482
2001-09-05,4.727663186360221
2001-09-06,4.7273301706338975
2001-09-07,4.726942550195847
2001-09-08,4.726500325046072
2001-09-09,4.726003495184571
2001-09-10,4.725452060611344
2001-09-11,4.7248460213263925
2001-09-12,4.724185377329715
2001-09-13,4.723470128621312
2001-09-14,4.722700275201183
2001-09-15,4.7218758170693285
2001-09-16,4.720996754225748
2001-09-17,4.720109849669915
2001-09-18,4.719261866401303
2001-09-19,4.7184528044199086
2001-09-20,4.7176826637257365
2001-09-21,4.7169514443187825
2001-09-22,4.716259146199049
2001-09-23,4.715605769366537
2001-09-24,4.714991313821243
2001-09-25,4.714415779563169
2001-09-26,4.713879166592316
2001-09-27,4.713381474908683
2001-09-28,4.71292270451227
2001-09-29,4.712502855403076
2001-09-30,4.712121927581102
2001-10-01,4.711779921046349
2001-10-02,4.711476835798815
2001-10-03,4.711212671838502
2001-10-04,4.710987429165408
2001-10-05,4.710801107779535
2001-10-06,4.710653707680881
2001-10-07,4.710545228869448
2001-10-08,4.7104756713452325
2001-10-09,4.710445035108239
2001-10-10,4.710453320158465
2001-10-11,4.710500526495911
2001-10-12,4.710586654120577
2001-10-13,4.710711703032463
2001-10-14,4.710875673231569
2001-10-15,4.711078564717894
2001-10-16,4.71132037749144
2001-10-17,4.711588025794152
2001-10-18,4.711802995077696
2001-10-19,4.7119521995840215
2001-10-20,4.712035639313127
2001-10-21,4.712053314265011
2001-10-22,4.712005224439676
2001-10-23,4.71189136983712
2001-10-24,4.711711750457344
2001-10-25,4.711466366300346
2001-10-26,4.711155217366131
2001-10-27,4.710778303654694
2001-10-28,4.710335625166036
2001-10-29,4.709827181900158
2001-10-30,4.70925297385706
2001-10-31,4.708613001036742
2001-11-01,4.707907263439203
2001-11-02,4.707135761064444
2001-11-03,4.706298493912465
2001-11-04,4.705395461983266
2001-11-05,4.704426665276846
2001-11-06,4.703392103793206
2001-11-07,4.702291777532345
2001-11-08,4.701125686494264
2001-11-09,4.699893830678964
2001-11-10,4.698596210086443
2001-11-11,4.697232824716701
2001-11-12,4.695803674569739
2001-11-13,4.694308759645557
2001-11-14,4.692748079944156
2001-11-15,4.691121635465532
2001-11-16,4.6894294262096885
2001-11-17,4.687710112950153
2001-11-18,4.6860023564604525
2001-11-19,4.684306156740585
2001-11-20,4.6826215137905525
2001-11-21,4.680948427610353
2001-11-22,4.67928689819999
2001-11-23,4.677636925559461
2001-11-24,4.675998509688766
2001-11-25,4.674371650587904
2001-11-26,4.672756348256879
2001-11-27,4.671152602695687
2001-11-28,4.66956041390433
2001-11-29,4.667979781882807
2001-11-30,4.666410706631119
2001-12-01,4.664853188149265
2001-12-02,4.663307226437245
2001-12-03,4.6617728214950604
2001-12-04,4.660249973322709
2001-12-05,4.658738681920194
2001-12-06,4.657238947287511
2001-12-07,4.655750769424664
2001-12-08,4.654274148331652
2001-12-09,4.652809084008472
2001-12-10,4.651355576455129
2001-12-11,4.649913625671619
2001-12-12,4.648483231657943
2001-12-13,4.647064394414102
2001-12-14,4.645657113940096
2001-12-15,4.644261390235924
2001-12-16,4.642877223301586
2001-12-17,4.641507596070949
2001-12-18,4.640170406147206
2001-12-19,4.638868636464227
2001-12-20,4.637602287022008
2001-12-21,4.636371357820551
2001-12-22,4.635175848859856
2001-12-23,4.634015760139921
2001-12-24,4.632891091660748
2001-12-25,4.631801843422338
2001-12-26,4.630748015424688
2001-12-27,4.629729607667799
2001-12-28,4.628746620151673
2001-12-29,4.627799052876308
2001-12-30,4.626886905841705
2001-12-31,4.626010179047862
2002-01-01,4.625168872494781
2002-01-02,4.6243629861824616
2002-01-03,4.623592520110905
2002-01-04,4.622857474280109
2002-01-05,4.622157848690074
2002-01-06,4.6214936433408
2002-01-07,4.62086485823229
2002-01-08,4.620271493364539
2002-01-09,4.619713548737551
2002-01-10,4.619191024351324
2002-01-11,4.618703920205858
2002-01-12,4.618252236301155
2002-01-13,4.617835972637213
2002-01-14,4.617455129214031
2002-01-15,4.617109706031611
2002-01-16,4.616799703089955
2002-01-17,4.61652496314336
2002-01-18,4.616284542717646
2002-01-19,4.616078284567115
2002-01-20,4.615906188691767
2002-01-21,4.615768255091601
2002-01-22,4.615664483766619
2002-01-23,4.615594874716818
2002-01-24,4.6155594279422
2002-01-25,4.615558143442765
2002-01-26,4.6155910212185125
2002-01-27,4.615658061269444
2002-01-28,4.6157592635955575
2002-01-29,4.615894628196853
2002-01-30,4.616064155073332
2002-01-31,4.616267844224993
2002-02-01,4.616505695651837
2002-02-02,4.616777709353864
2002-02-03,4.617083885331072
2002-02-04,4.617424223583464
2002-02-05,4.61779872411104
2002-02-06,4.618207386913797
2002-02-07,4.618650211991737
2002-02-08,4.619127199344859
2002-02-09,4.619638348973164
2002-02-10,4.620183660876653
2002-02-11,4.6207631350553235
2002-02-12,4.621376771509177
2002-02-13,4.622024570238214
2002-02-14,4.622706531242432
2002-02-15,4.623422654521834
2002-02-16,4.624133855664976
2002-02-17,4.624801050260414
2002-02-18,4.6254242383081525
2002-02-19,4.626003419808187
2002-02-20,4.626538594760519
2002-02-21,4.627029763165149
2002-02-22,4.627476925022077
2002-02-23,4.627880080331304
2002-02-24,4.628239229092827
2002-02-25,4.628554371306648
2002-02-26,4.628825506972767
2002-02-27,4.629052636091183
2002-02-28,4.629235758661897
2002-03-01,4.629374874684909
2002-03-02,4.6294699841602185
2002-03-03,4.629521087087826
2002-03-04,4.62952818346773
2002-03-05,4.629491273299934
2002-03-06,4.629410356584434
2002-03-07,4.629285433321231
2002-03-08,4.629116503510327
2002-03-09,4.6289035671517205
2002-03-10,4.6286466242454125
2002-03-11,4.628345674791401
2002-03-12,4.628000718789687
2002-03-13,4.627611756240271
2002-03-14,4.627178787143153
2002-03-15,4.626701811498333
2002-03-16,4.62618082930581
2002-03-17,4.625628566733225
2002-03-18,4.625121380786424
2002-03-19,4.624671997633046
2002-03-20,4.624280417273089
2002-03-21,4.623946639706555
2002-03-22,4.623670664933444
2002-03-23,4.623452492953757
2002-03-24,4.623292123767492
2002-03-25,4.623189557374651
2002-03-26,4.623144793775232
2002-03-27,4.6231578329692375
2002-03-28,4.623228674956665
2002-03-29,4.623357319737514
2002-03-30,4.623543767311787
2002-03-31,4.623788017679483
2002-04-01,4.6240900708406025
2002-04-02,4.624449926795144
2002-04-03,4.624867585543109
2002-04-04,4.625343047084497
2002-04-05,4.625876311419308
2002-04-06,4.626467378547542
2002-04-07,4.627116248469198
2002-04-08,4.627822921184277
2002-04-09,4.62858739669278
2002-04-10,4.629409674994705
2002-04-11,4.630289756090054
2002-04-12,4.6312276399788255
2002-04-13,4.632223326661019
2002-04-14,4.633276816136638
2002-04-15,4.634388108405677
2002-04-16,4.63555720346814
2002-04-17,4.636735485361493
2002-04-18,4.637874338123206
2002-04-19,4.638973761753274
2002-04-20,4.6400337562517
2002-04-21,4.641054321618486
2002-04-22,4.642035457853629
2002-04-23,4.64297716495713
2002-04-24,4.643879442928988
2002-04-25,4.644742291769205
2002-04-26,4.645565711477779
2002-04-27,4.64634970205471
2002-04-28,4.647094263500001
2002-04-29,4.647799395813649
2002-04-30,4.648465098995655
2002-05-01,4.649091373046019
2002-05-02,4.649678217964741
2002-05-03,4.650225633751821
2002-05-04,4.650733620407258
2002-05-05,4.6512021779310535
2002-05-06,4.651631306323207
2002-05-07,4.652021005583718
2002-05-08,4.652371275712586
2002-05-09,4.652682116709814
2002-05-10,4.652953528575398
2002-05-11,4.65318551130934
2002-05-12,4.653378064911641
2002-05-13,4.653531189382299
2002-05-14,4.653644884721316
2002-05-15,4.65371915092869
2002-05-16,4.653753988004421
2002-05-17,4.653760342816444
2002-05-18,4.653803896572347
2002-05-19,4.653895596140065
2002-05-20,4.654035441519597
2002-05-21,4.6542234327109435
2002-05-22,4.654459569714103
2002-05-23,4.6547438525290765
2002-05-24,4.655076281155865
2002-05-25,4.655456855594466
2002-05-26,4.6558855758448825
2002-05-27,4.656362441907112
2002-05-28,4.656887453781156
2002-05-29,4.657460611467013
2002-05-30,4.658081914964685
2002-05-31,4.65875136427417
2002-06-01,4.65946895939547
2002-06-02,4.660234700328584
2002-06-03,4.661048587073511
2002-06-04,4.661910619630252
2002-06-05,4.662820797998807
2002-06-06,4.663779122179177
2002-06-07,4.66478559217136
2002-06-08,4.665840207975358
2002-06-09,4.666942969591169
2002-06-10,4.668093877018794
2002-06-11,4.6692929302582336
2002-06-12,4.670540129309487
2002-06-13,4.671835474172554
2002-06-14,4.673178964847436
2002-06-15,4.674570601334131
2002-06-16,4.67601038363264
2002-06-17,4.677444815150524
2002-06-18,4.678820399295344
2002-06-19,4.680137136067099
2002-06-20,4.68139502546579
2002-06-21,4.682594067491416
2002-06-22,4.683734262143979
2002-06-23,4.6848156094234765
2002-06-24,4.68583810932991
2002-06-25,4.686801761863279
2002-06-26,4.687706567023584
2002-06-27,4.688552524810825
2002-06-28,4.689339635225002
2002-06-29,4.690067898266113
2002-06-30,4.690737313934162
2002-07-01,4.691347882229144
2002-07-02,4.691899603151063
2002-07-03,4.6923924766999185
2002-07-04,4.692826502875708
2002-07-05,4.693201681678436
2002-07-06,4.693518013108095
2002-07-07,4.693775497164693
2002-07-08,4.693974133848227
2002-07-09,4.694113923158694
2002-07-10,4.694194865096098
2002-07-11,4.694216959660439
2002-07-12,4.694180206851715
2002-07-13,4.694084606669925
2002-07-14,4.693930159115073
2002-07-15,4.693716864187156
2002-07-16,4.6934447218861735
2002-07-17,4.693121637086094
2002-07-18,4.6927950390307185
2002-07-19,4.692472832594015
2002-07-20,4.692155017775981
2002-07-21,4.691841594576618
2002-07-22,4.691532562995927
2002-07-23,4.691227923033907
2002-07-24,4.690927674690556
2002-07-25,4.690631817965877
2002-07-26,4.6903403528598675
2002-07-27,4.690053279372531
2002-07-28,4.689770597503865
2002-07-29,4.68949230725387
2002-07-30,4.689218408622544
2002-07-31,4.6889489016098915
2002-08-01,4.6886837862159085
2002-08-02,4.688423062440597
2002-08-03,4.688166730283955
2002-08-04,4.687914789745985
2002-08-05,4.687667240826687
2002-08-06,4.687424083526058
2002-08-07,4.6871853178441
2002-08-08,4.686950943780815
2002-08-09,4.686720961336198
2002-08-10,4.6864953705102534
2002-08-11,4.68627417130298
2002-08-12,4.686057363714377
2002-08-13,4.685844947744444
2002-08-14,4.685636923393183
2002-08-15,4.685433290660592
2002-08-16,4.685234049546674
2002-08-17,4.685033354235842
2002-08-18,4.684796129834606
2002-08-19,4.684516530527381
2002-08-20,4.684194556314166
2002-08-21,4.683830207194965
2002-08-22,4.683423483169775
2002-08-23,4.682974384238596
2002-08-24,4.68248291040143
2002-08-25,4.681949061658276
2002-08-26,4.681372838009131
2002-08-27,4.680754239454001
2002-08-28,4.680093265992882
2002-08-29,4.679389917625773
2002-08-30,4.678644194352677
2002-08-31,4.677856096173592
2002-09-01,4.67702562308852
2002-09-02,4.676152775097458
2002-09-03,4.675237552200409
2002-09-04,4.674279954397371
2002-09-05,4.673279981688346
2002-09-06,4.672237634073332
2002-09-07,4.671152911552328
2002-09-08,4.670025814125339
2002-09-09,4.668856341792359
2002-09-10,4.667644494553391
2002-09-11,4.666390272408435
2002-09-12,4.665093675357493
2002-09-13,4.66375470340056
2002-09-14,4.662373356537641
2002-09-15,4.6609496347687305
2002-09-16,4.659483538093834
2002-09-17,4.658031318292495
2002-09-18,4.656649227144261
2002-09-19,4.655337264649133
2002-09-20,4.654095430807109
2002-09-21,4.65292372561819
2002-09-22,4.651822149082375
2002-09-23,4.650790701199666
2002-09-24,4.6498293819700605
2002-09-25,4.648938191393562
2002-09-26,4.648117129470168
2002-09-27,4.647366196199878
2002-09-28,4.646685391582693
2002-09-29,4.646074715618613
2002-09-30,4.6455341683076385
2002-10-01,4.645063749649768
2002-10-02,4.644663459645003
2002-10-03,4.6443332982933425
2002-10-04,4.644073265594787
2002-10-05,4.643883361549337
2002-10-06,4.643763586156991
2002-10-07,4.643713939417751
2002-10-08,4.643734421331613
2002-10-09,4.643825031898584
2002-10-10,4.643985771118658
2002-10-11,4.644216638991836
2002-10-12,4.64451763551812
2002-10-13,4.6448887606975084
2002-10-14,4.645330014530002
2002-10-15,4.645841397015602
2002-10-16,4.646422908154303
2002-10-17,4.6470612973468945
2002-10-18,4.6476770609980695
2002-10-19,4.648256948508609
2002-10-20,4.648800959878515
2002-10-21,4.649309095107787
2002-10-22,4.649781354196425
2002-10-23,4.650217737144429
2002-10-24,4.650618243951799
2002-10-25,4.650982874618533
2002-10-26,4.651311629144637
2002-10-27,4.651604507530103
2002-10-28,4.651861509774936
2002-10-29,4.652082635879135
2002-10-30,4.652267885842701
2002-10-31,4.652417259665632
2002-11-01,4.652530757347929
2002-11-02,4.652608378889592
2002-11-03,4.65265012429062
2002-11-04,4.652655993551015
2002-11-05,4.652625986670776
2002-11-06,4.652560103649902
2002-11-07,4.6524583444883945
2002-11-08,4.652320709186252
2002-11-09,4.652147197743478
2002-11-10,4.651937810160067
2002-11-11,4.651692546436023
2002-11-12,4.651411406571346
2002-11-13,4.651094390566033
2002-11-14,4.650741498420088
2002-11-15,4.650352730133507
2002-11-16,4.649928085706293
2002-11-17,4.649505757039985
2002-11-18,4.649123936036123
2002-11-19,4.648782622694707
2002-11-20,4.648481817015738
2002-11-21,4.648221518999214
2002-11-22,4.648001728645138
2002-11-23,4.647822445953507
2002-11-24,4.647683670924323
2002-11-25,4.647585403557584
2002-11-26,4.647527643853293
2002-11-27,4.647510391811448
2002-11-28,4.6475336474320486
2002-11-29,4.647597410715094
2002-11-30,4.647701681660589
2002-12-01,4.647846460268528
2002-12-02,4.648031746538913
2002-12-03,4.648257540471746
2002-12-04,4.648523842067023
2002-12-05,4.648830651324749
2002-12-06,4.649177968244919
2002-12-07,4.649565792827536
2002-12-08,4.649994125072601
2002-12-09,4.650462964980109
2002-12-10,4.650972312550065
2002-12-11,4.651522167782467
2002-12-12,4.652112530677316
2002-12-13,4.65274340123461
2002-12-14,4.653414779454352
2002-12-15,4.654126665336539
2002-12-16,4.654879058881172
2002-12-17,4.655661134489805
2002-12-18,4.656407938571759
2002-12-19,4.657108645528586
2002-12-20,4.657763255360289
2002-12-21,4.658371768066864
2002-12-22,4.658934183648314
2002-12-23,4.6594505021046375
2002-12-24,4.659920723435834
2002-12-25,4.660344847641905
2002-12-26,4.66072287472285
2002-12-27,4.6610548046786695
2002-12-28,4.661340637509363
2002-12-29,4.66158037321493
2002-12-30,4.66177401179537
2002-12-31,4.661921553250686
2003-01-01,4.662022997580874
2003-01-02,4.662078344785937
2003-01-03,4.6620875948658735
2003-01-04,4.662050747820684
2003-01-05,4.66196780365037
2003-01-06,4.661838762354927
2003-01-07,4.661663623934359
2003-01-08,4.661442388388666
2003-01-09,4.661175055717846
2003-01-10,4.660861625921901
2003-01-11,4.660502099000829
2003-01-12,4.660096474954631
2003-01-13,4.659644753783308
2003-01-14,4.6591469354868575
2003-01-15,4.65860302006528
2003-01-16,4.65801300751858
2003-01-17,4.657386944412549
2003-01-18,4.6567851101419855
2003-01-19,4.656217551272685
2003-01-20,4.65568426780465
2003-01-21,4.65518525973788
2003-01-22,4.654720527072374
2003-01-23,4.654290069808131
2003-01-24,4.653893887945155
2003-01-25,4.653531981483441
2003-01-26,4.653204350422992
2003-01-27,4.652910994763808
2003-01-28,4.6526519145058876
2003-01-29,4.6524271096492305
2003-01-30,4.65223658019384
2003-01-31,4.652080326139712
2003-02-01,4.6519583474868496
2003-02-02,4.651870644235251
2003-02-03,4.6518172163849165
2003-02-04,4.651798063935847
2003-02-05,4.651813186888042
2003-02-06,4.651862585241501
2003-02-07,4.651946258996224
2003-02-08,4.652064208152211
2003-02-09,4.652216432709463
2003-02-10,4.65240293266798
2003-02-11,4.652623708027761
2003-02-12,4.652878758788805
2003-02-13,4.6531680849511154
2003-02-14,4.653491686514689
2003-02-15,4.653849563479527
2003-02-16,4.6542090354281935
2003-02-17,4.654537421943255
2003-02-18,4.654834723024708
2003-02-19,4.655100938672555
2003-02-20,4.655336068886796
2003-02-21,4.6555401136674295
2003-02-22,4.655713073014456
2003-02-23,4.655854946927877
2003-02-24,4.65596573540769
2003-02-25,4.656045438453899
2003-02-26,4.6560940560664985
2003-02-27,4.656111588245492
2003-02-28,4.65609803499088
2003-03-01,4.656053396302661
2003-03-02,4.655977672180835
2003-03-03,4.655870862625402
2003-03-04,4.655732967636363
2003-03-05,4.655563987213716
2003-03-06,4.655363921357464
2003-03-07,4.6551327700676035
2003-03-08,4.6548705333441385
2003-03-09,4.654577211187066
2003-03-10,4.654252803596387
2003-03-11,4.653897310572101
2003-03-12,4.653510732114208
2003-03-13,4.653093068222709
2003-03-14,4.652644318897603
2003-03-15,4.652164484138892
2003-03-16,4.651653563946572
2003-03-17,4.651118905778939
2003-03-18,4.650604594385759
2003-03-19,4.650117977225318
2003-03-20,4.649659054297623
2003-03-21,4.6492278256026704
2003-03-22,4.648824291140462
2003-03-23,4.648448450910998
2003-03-24,4.6481003049142755
2003-03-25,4.647779853150297
2003-03-26,4.647487095619062
2003-03-27,4.647222032320571
2003-03-28,4.646984663254823
2003-03-29,4.646774988421819
2003-03-30,4.646593007821558
2003-03-31,4.64643872145404
2003-04-01,4.646312129319266
2003-04-02,4.646213231417236
2003-04-03,4.646142027747948
2003-04-04,4.646098518311405
2003-04-05,4.646082703107604
2003-04-06,4.646094582136548
2003-04-07,4.646134155398234
2003-04-08,4.6462014228926645
2003-04-09,4.646296384619838
2003-04-10,4.6464190405797545
2003-04-11,4.646569390772415
2003-04-12,4.646747435197819
2003-04-13,4.646953173855966
2003-04-14,4.647186606746858
2003-04-15,4.647447733870491
2003-04-16,4.647736555226869
2003-04-17,4.64802251440261
2003-04-18,4.648275054984338
2003-04-19,4.648494176972052
2003-04-20,4.648679880365749
2003-04-21,4.648832165165432
2003-04-22,4.6489510313711
2003-04-23,4.6490364789827545
2003-04-24,4.6490885080003945
2003-04-25,4.649107118424019
2003-04-26,4.649092310253629
2003-04-27,4.649044083489223
2003-04-28,4.648962438130804
2003-04-29,4.648847374178369
2003-04-30,4.648698891631922
2003-05-01,4.648516990491458
2003-05-02,4.648301670756979
2003-05-03,4.648052932428486
2003-05-04,4.647770775505979
2003-05-05,4.647455199989457
2003-05-06,4.647106205878919
2003-05-07,4.646723793174369
2003-05-08,4.646307961875801
2003-05-09,4.645858711983221
2003-05-10,4.645376043496625
2003-05-11,4.644859956416014
2003-05-12,4.64431045074139
2003-05-13,4.64372752647275
2003-05-14,4.643111183610095
2003-05-15,4.642461422153426
2003-05-16,4.641778242102744
2003-05-17,4.641069805645056
2003-05-18,4.640385085902443
2003-05-19,4.639732245061911
2003-05-20,4.639111283123463
2003-05-21,4.638522200087099
2003-05-22,4.637964995952817
2003-05-23,4.637439670720621
2003-05-24,4.636946224390508
2003-05-25,4.636484656962477
2003-05-26,4.6360549684365315
2003-05-27,4.635657158812669
2003-05-28,4.63529122809089
2003-05-29,4.634957176271193
2003-05-30,4.634655003353582
2003-05-31,4.634384709338053
2003-06-01,4.6341462942246086
2003-06-02,4.633939758013247
2003-06-03,4.633765100703968
2003-06-04,4.633622322296774
2003-06-05,4.633511422791663
2003-06-06,4.633432402188637
2003-06-07,4.633385260487692
2003-06-08,4.633369997688832
2003-06-09,4.633386613792056
2003-06-10,4.633435108797363
2003-06-11,4.6335154827047536
2003-06-12,4.633627735514227
2003-06-13,4.633771867225785
2003-06-14,4.633947877839427
2003-06-15,4.634155767355152
2003-06-16,4.63439553577296
2003-06-17,4.634645161325876
2003-06-18,4.634882622246925
2003-06-19,4.6351079185361055
2003-06-20,4.635321050193419
2003-06-21,4.635522017218862
2003-06-22,4.635710819612439
2003-06-23,4.635887457374149
2003-06-24,4.6360519305039904
2003-06-25,4.636204239001963
2003-06-26,4.636344382868069
2003-06-27,4.636472362102308
2003-06-28,4.636588176704677
2003-06-29,4.636691826675181
2003-06-30,4.636783312013815
2003-07-01,4.6368626327205815
2003-07-02,4.636929788795479
2003-07-03,4.636984780238512
2003-07-04,4.637027607049674
2003-07-05,4.637058269228971
2003-07-06,4.6370767667763975
2003-07-07,4.6370830996919565
2003-07-08,4.63707726797565
2003-07-09,4.637059271627473
2003-07-10,4.63702911064743
2003-07-11,4.636986785035519
2003-07-12,4.636932294791739
2003-07-13,4.636865639916091
2003-07-14,4.636786820408577
2003-07-15,4.636695836269194
2003-07-16,4.636592687497943
2003-07-17,4.63648270562713
2003-07-18,4.6363978798505725
2003-07-19,4.6363435417005805
2003-07-20,4.636319691177151
2003-07-21,4.636326328280284
2003-07-22,4.636363453009979
2003-07-23,4.636431065366239
2003-07-24,4.63652916534906
2003-07-25,4.636657752958444
2003-07-26,4.636816828194391
2003-07-27,4.637006391056901
2003-07-28,4.637226441545974
2003-07-29,4.63747697966161
2003-07-30,4.637758005403807
2003-07-31,4.63806951877257
2003-08-01,4.638411519767893
2003-08-02,4.638784008389781
2003-08-03,4.63918698463823
2003-08-04,4.639620448513244
2003-08-05,4.640084400014819
2003-08-06,4.640578839142958
2003-08-07,4.641103765897659
2003-08-08,4.641659180278924
2003-08-09,4.642245082286751
2003-08-10,4.642861471921141
2003-08-11,4.643508349182094
2003-08-12,4.64418571406961
2003-08-13,4.644893566583688
2003-08-14,4.645631906724329
2003-08-15,4.646400734491532
2003-08-16,4.647200049885301
2003-08-17,4.648028440923538
2003-08-18,4.648877435713701
2003-08-19,4.649745622273697
2003-08-20,4.650633000603524
2003-08-21,4.651539570703185
2003-08-22,4.652465332572678
2003-08-23,4.6534102862120035
2003-08-24,4.654374431621162
2003-08-25,4.655357768800154
2003-08-26,4.656360297748976
2003-08-27,4.657382018467633
2003-08-28,4.658422930956123
2003-08-29,4.659483035214444
2003-08-30,4.660562331242598
2003-08-31,4.661660819040584
2003-09-01,4.662778498608405
2003-09-02,4.663915369946057
2003-09-03,4.665071433053541
2003-09-04,4.666246687930859
2003-09-05,4.667441134578009
2003-09-06,4.668654772994992
2003-09-07,4.669887603181808
2003-09-08,4.671139625138456
2003-09-09,4.672410838864936
2003-09-10,4.67370124436125
2003-09-11,4.675010841627396
2003-09-12,4.676339630663374
2003-09-13,4.677687611469185
2003-09-14,4.67905478404483
2003-09-15,4.680441148390306
2003-09-16,4.681846704505615
2003-09-17,4.6832345437357015
2003-09-18,4.684567757425509
2003-09-19,4.685846345575038
2003-09-20,4.687070308184287
2003-09-21,4.688239645253258
2003-09-22,4.6893543567819505
2003-09-23,4.690414442770363
2003-09-24,4.691419903218498
2003-09-25,4.692370738126353
2003-09-26,4.693266947493931
2003-09-27,4.694108531321228
2003-09-28,4.694895489608247
2003-09-29,4.695627822354988
2003-09-30,4.6963055295614495
2003-10-01,4.696928611227632
2003-10-02,4.6974970673535354
2003-10-03,4.69801089793916
2003-10-04,4.698470102984507
2003-10-05,4.698874682489574
2003-10-06,4.699224636454363
2003-10-07,4.699519964878872
2003-10-08,4.699760667763103
2003-10-09,4.699946745107056
2003-10-10,4.700078196910729
2003-10-11,4.700155023174124
2003-10-12,4.7001772238972395
2003-10-13,4.700144799080075
2003-10-14,4.700057748722633
2003-10-15,4.699916072824912
2003-10-16,4.699719771386913
2003-10-17,4.699476369061226
2003-10-18,4.699231013763402
2003-10-19,4.69899123014603
2003-10-20,4.698757018209112
2003-10-21,4.698528377952648
2003-10-22,4.698305309376638
2003-10-23,4.69808781248108
2003-10-24,4.697875887265976
2003-10-25,4.697669533731326
2003-10-26,4.697468751877129
2003-10-27,4.697273541703387
2003-10-28,4.697083903210098
2003-10-29,4.696899836397262
2003-10-30,4.69672134126488
2003-10-31,4.69654841781295
2003-11-01,4.696381066041475
2003-11-02,4.696219285950454
2003-11-03,4.696063077539885
2003-11-04,4.695912440809771
2003-11-05,4.695767375760109
2003-11-06,4.695627882390903
2003-11-07,4.695493960702148
2003-11-08,4.695365610693848
2003-11-09,4.695242832366002
2003-11-10,4.695125625718608
2003-11-11,4.695013990751669
2003-11-12,4.694907927465183
2003-11-13,4.69480743585915
2003-11-14,4.6947125159335705
2003-11-15,4.6946231676884445
2003-11-16,4.694539391123772
2003-11-17,4.694458983601987
2003-11-18,4.694379742485521
2003-11-19,4.694301667774372
2003-11-20,4.6942247594685425
2003-11-21,4.69414901756803
2003-11-22,4.694074442072838
2003-11-23,4.694001032982966
2003-11-24,4.693928790298411
2003-11-25,4.693857714019174
2003-11-26,4.693787804145257
2003-11-27,4.693719060676658
2003-11-28,4.69365148361338
2003-11-29,4.693585072955417
2003-11-30,4.693519828702776
2003-12-01,4.693455750855452
2003-12-02,4.6933928394134465
2003-12-03,4.69333109437676
2003-12-04,4.693270515745393
2003-12-05,4.693211103519345
2003-12-06,4.693152857698614
2003-12-07,4.693095778283203
2003-12-08,4.693039865273111
2003-12-09,4.692985118668337
2003-12-10,4.692931538468882
2003-12-11,4.692879124674746
2003-12-12,4.692827877285928
2003-12-13,4.692777796302428
2003-12-14,4.692728881724249
2003-12-15,4.692681133551387
2003-12-16,4.692634551783844
2003-12-17,4.692590029684541
2003-12-18,4.692552926830991
2003-12-19,4.692524136486116
2003-12-20,4.692503658649919
2003-12-21,4.692491493322394
2003-12-22,4.692487640503544
2003-12-23,4.6924921001933715
2003-12-24,4.692504872391872
2003-12-25,4.692525957099049
2003-12-26,4.692555354314898
2003-12-27,4.692593064039424
2003-12-28,4.692639086272626
2003-12-29,4.692693421014501
2003-12-30,4.6927560682650515
2003-12-31,4.692827028024277
2004-01-01,4.6929063002921785
2004-01-02,4.692993885068753
2004-01-03,4.693089782354004
2004-01-04,4.693193992147931
2004-01-05,4.693306514450531
2004-01-06,4.693427349261806
2004-01-07,4.693556496581758
2004-01-08,4.6936939564103834
2004-01-09,4.693839728747684
2004-01-10,4.693993813593659
2004-01-11,4.69415621094831
2004-01-12,4.694326920811635
2004-01-13,4.6945059431836365
2004-01-14,4.694693278064312
2004-01-15,4.694888925453662
2004-01-16,4.695092885351688
2004-01-17,4.695299358227611
2004-01-18,4.695473546896763
2004-01-19,4.695609651828371
2004-01-20,4.69570767302243
2004-01-21,4.695767610478942
2004-01-22,4.695789464197907
2004-01-23,4.6957732341793275
2004-01-24,4.695718920423198
2004-01-25,4.695626522929523
2004-01-26,4.6954960416983
2004-01-27,4.695327476729531
2004-01-28,4.695120828023215
2004-01-29,4.694876095579351
2004-01-30,4.694593279397941
2004-01-31,4.694272379478983
2004-02-01,4.69391339582248
2004-02-02,4.693516328428428
2004-02-03,4.693081177296829
2004-02-04,4.692607942427684
2004-02-05,4.692096623820992
2004-02-06,4.691547221476753
2004-02-07,4.690959735394967
2004-02-08,4.690334165575633
2004-02-09,4.689670512018753
2004-02-10,4.688968774724326
2004-02-11,4.688228953692351
2004-02-12,4.68745104892283
2004-02-13,4.686635060415762
2004-02-14,4.685780988171146
2004-02-15,4.684888832188985
2004-02-16,4.683971805771831
2004-02-17,4.683109188735025
2004-02-18,4.682314194381121
2004-02-19,4.681586822710119
2004-02-20,4.68092707372202
2004-02-21,4.680334947416823
2004-02-22,4.67981044379453
2004-02-23,4.6793535628551375
2004-02-24,4.678964304598648
2004-02-25,4.678642669025061
2004-02-26,4.678388656134376
2004-02-27,4.678202265926595
2004-02-28,4.6780834984017154
2004-02-29,4.678032353559739
2004-03-01,4.678048831400664
2004-03-02,4.678132931924492
2004-03-03,4.678284655131223
2004-03-04,4.678504001020856
2004-03-05,4.678790969593392
2004-03-06,4.67914556084883
2004-03-07,4.679567774787171
2004-03-08,4.680057611408413
2004-03-09,4.680615070712559
2004-03-10,4.681240152699607
2004-03-11,4.6819328573695564
2004-03-12,4.68269318472241
2004-03-13,4.683521134758165
2004-03-14,4.684416707476824
2004-03-15,4.685379902878383
2004-03-16,4.686410720962847
2004-03-17,4.687485942725549
2004-03-18,4.688466254138514
2004-03-19,4.689328436197078
2004-03-20,4.690072488901243
2004-03-21,4.690698412251007
2004-03-22,4.691206206246369
2004-03-23,4.691595870887331
2004-03-24,4.691867406173893
2004-03-25,4.692020812106055
2004-03-26,4.692056088683815
2004-03-27,4.6919732359071755
2004-03-28,4.691772253776136
2004-03-29,4.691453142290695
2004-03-30,4.691015901450854
2004-03-31,4.690460531256612
2004-04-01,4.68978703170797
2004-04-02,4.688995402804927
2004-04-03,4.688085644547485
2004-04-04,4.687057756935641
2004-04-05,4.685911739969398
2004-04-06,4.684647593648752
2004-04-07,4.683265317973708
2004-04-08,4.681764912944262
2004-04-09,4.680146378560416
2004-04-10,4.67840971482217
2004-04-11,4.676554921729522
2004-04-12,4.674581999282475
2004-04-13,4.672490947481027
2004-04-14,4.670281766325179
2004-04-15,4.667954455814931
2004-04-16,4.66550901595028
2004-04-17,4.663072488914973
2004-04-18,4.660771916892751
2004-04-19,4.658607299883612
2004-04-20,4.656578637887558
2004-04-21,4.65468593090459
2004-04-22,4.652929178934704
2004-04-23,4.651308381977905
2004-04-24,4.6498235400341885
2004-04-25,4.648474653103558
2004-04-26,4.647261721186011
2004-04-27,4.646184744281548
2004-04-28,4.645243722390172
2004-04-29,4.6444386555118795
2004-04-30,4.643769543646671
2004-05-01,4.643236386794547
2004-05-02,4.642839184955508
2004-05-03,4.642577938129554
2004-05-04,4.642452646316683
2004-05-05,4.642463309516898
2004-05-06,4.642609927730197
2004-05-07,4.642892500956581
2004-05-08,4.643311029196049
2004-05-09,4.643865512448602
2004-05-10,4.644555950714238
2004-05-11,4.64538234399296
2004-05-12,4.646344692284767
2004-05-13,4.647442995589658
2004-05-14,4.648677253907633
2004-05-15,4.650047467238693
2004-05-16,4.651553635582838
2004-05-17,4.653170171254374
2004-05-18,4.65474354813914
2004-05-19,4.656248178551445
2004-05-20,4.657684062491287
2004-05-21,4.659051199958669
2004-05-22,4.6603495909535875
2004-05-23,4.661579235476045
2004-05-24,4.662740133526039
2004-05-25,4.66383228510357
2004-05-26,4.6648556902086415
2004-05-27,4.665810348841251
2004-05-28,4.6666962610013965
2004-05-29,4.66751342668908
2004-05-30,4.668261845904302
2004-05-31,4.6689415186470615
2004-06-01,4.669552444917359
2004-06-02,4.670094624715196
2004-06-03,4.670568058040569
2004-06-04,4.67097274489348
2004-06-05,4.67130868527393
2004-06-06,4.671575879181917
2004-06-07,4.671774326617443
2004-06-08,4.6719040275805055
2004-06-09,4.671964982071107
2004-06-10,4.671957190089246
2004-06-11,4.671880651634923
2004-06-12,4.671735366708138
2004-06-13,4.671521335308891
2004-06-14,4.671238557437182
2004-06-15,4.670887033093011
2004-06-16,4.6704667622763765
2004-06-17,4.67001287057879
2004-06-18,4.669560483591758
2004-06-19,4.66910960131528
2004-06-20,4.668660223749358
2004-06-21,4.668212350893989
2004-06-22,4.667765982749176
2004-06-23,4.667321119314918
2004-06-24,4.666877760591214
2004-06-25,4.666435906578065
2004-06-26,4.665995557275472
2004-06-27,4.665556712683433
2004-06-28,4.665119372801948
2004-06-29,4.664683537631019
2004-06-30,4.664249207170645
2004-07-01,4.663816381420824
2004-07-02,4.663385060381559
2004-07-03,4.662955244052849
2004-07-04,4.662526932434694
2004-07-05,4.662100125527093
2004-07-06,4.661674823330047
2004-07-07,4.661251025843555
2004-07-08,4.6608287330676195
2004-07-09,4.6604079450022375
2004-07-10,4.659988661647412
2004-07-11,4.6595708830031395
2004-07-12,4.659154609069423
2004-07-13,4.65873983984626
2004-07-14,4.658326575333653
2004-07-15,4.657914815531601
2004-07-16,4.657504560440102
2004-07-17,4.6570979464123194
2004-07-18,4.6567077915672135
2004-07-19,4.656336232257946
2004-07-20,4.6559832684845155
2004-07-21,4.655648900246923
2004-07-22,4.655333127545166
2004-07-23,4.655035950379249
2004-07-24,4.654757368749168
2004-07-25,4.654497382654926
2004-07-26,4.65425599209652
2004-07-27,4.654033197073952
2004-07-28,4.653828997587222
2004-07-29,4.653643393636329
2004-07-30,4.653476385221272
2004-07-31,4.653327972342054
2004-08-01,4.653198154998673
2004-08-02,4.653086933191131
2004-08-03,4.652994306919425
2004-08-04,4.652920276183558
2004-08-05,4.6528648409835265
2004-08-06,4.6528280013193335
2004-08-07,4.652809757190977
2004-08-08,4.65281010859846
2004-08-09,4.65282905554178
2004-08-10,4.652866598020936
2004-08-11,4.65292273603593
2004-08-12,4.652997469586763
2004-08-13,4.653090798673432
2004-08-14,4.653202723295939
2004-08-15,4.6533332434542825
2004-08-16,4.653482359148466
2004-08-17,4.653646938951866
2004-08-18,4.653808194304774
2004-08-19,4.653962993780569
2004-08-20,4.654111337379252
2004-08-21,4.654253225100823
2004-08-22,4.654388656945282
2004-08-23,4.654517632912629
2004-08-24,4.654640153002863
2004-08-25,4.654756217215986
2004-08-26,4.654865825551997
2004-08-27,4.6549689780108965
2004-08-28,4.6550656745926835
2004-08-29,4.655155915297358
2004-08-30,4.655239700124921
2004-08-31,4.65531702907537
2004-09-01,4.655387902148709
2004-09-02,4.655452319344935
2004-09-03,4.655510280664049
2004-09-04,4.655561786106051
2004-09-05,4.655606835670941
2004-09-06,4.655645429358719
2004-09-07,4.655677567169385
2004-09-08,4.655703249102939
2004-09-09,4.655722475159381
2004-09-10,4.65573524533871
2004-09-11,4.655741559640928
2004-09-12,4.655741418066034
2004-09-13,4.655734820614027
2004-09-14,4.655721767284909
2004-09-15,4.655702258078678
2004-09-16,4.655676292995334
2004-09-17,4.655666323405221
2004-09-18,4.655694800678677
2004-09-19,4.655761724815701
2004-09-20,4.655867095816296
2004-09-21,4.6560109136804595
2004-09-22,4.656193178408193
2004-09-23,4.656413889999497
2004-09-24,4.656673048454369
2004-09-25,4.65697065377281
2004-09-26,4.657306705954823
2004-09-27,4.657681205000403
2004-09-28,4.658094150909554
2004-09-29,4.6585455436822745
2004-09-30,4.659035383318564
2004-10-01,4.659563669818423
2004-10-02,4.660130403181851
2004-10-03,4.660735583408849
2004-10-04,4.661379210499417
2004-10-05,4.6620612844535545
2004-10-06,4.662781805271261
2004-10-07,4.663540772952537
2004-10-08,4.664338187497382
2004-10-09,4.665174048905798
2004-10-10,4.666048357177782
2004-10-11,4.666961112313336
2004-10-12,4.667912314312461
2004-10-13,4.668901963175154
2004-10-14,4.669930058901416
2004-10-15,4.6709966014912485
2004-10-16,4.67210159094465
2004-10-17,4.673233454675829
2004-10-18,4.674322757170044
2004-10-19,4.6753579258414995
2004-10-20,4.676338960690199
2004-10-21,4.677265861716139
2004-10-22,4.678138628919322
2004-10-23,4.678957262299748
2004-10-24,4.679721761857415
2004-10-25,4.680432127592325
2004-10-26,4.6810883595044785
2004-10-27,4.681690457593873
2004-10-28,4.68223842186051
2004-10-29,4.6827322523043895
2004-10-30,4.683171948925511
2004-10-31,4.683557511723875
2004-11-01,4.683888940699482
2004-11-02,4.684166235852332
2004-11-03,4.684389397182422
2004-11-04,4.684558424689756
2004-11-05,4.684673318374332
2004-11-06,4.684734078236151
2004-11-07,4.684740704275211
2004-11-08,4.684693196491515
2004-11-09,4.684591554885061
2004-11-10,4.684435779455848
2004-11-11,4.684225870203878
2004-11-12,4.683961827129151
2004-11-13,4.683643650231666
2004-11-14,4.683271339511425
2004-11-15,4.682844894968423
2004-11-16,4.682364316602666
2004-11-17,4.681868854481627
2004-11-18,4.6813977586727855
2004-11-19,4.680951029176139
2004-11-20,4.68052866599169
2004-11-21,4.680130669119437
2004-11-22,4.679757038559381
2004-11-23,4.679407774311521
2004-11-24,4.679082876375858
2004-11-25,4.678782344752391
2004-11-26,4.678506179441121
2004-11-27,4.6782543804420476
2004-11-28,4.67802694775517
2004-11-29,4.677823881380489
2004-11-30,4.677645181318004
2004-12-01,4.677490847567717
2004-12-02,4.6773608801296245
2004-12-03,4.677255279003731
2004-12-04,4.677174044190032
2004-12-05,4.67711717568853
2004-12-06,4.677084673499223
2004-12-07,4.6770765376221135
2004-12-08,4.677092768057202
2004-12-09,4.677133364804485
2004-12-10,4.677198327863966
2004-12-11,4.6772876572356425
2004-12-12,4.6774013529195155
2004-12-13,4.677539414915584
2004-12-14,4.6777018432238515
2004-12-15,4.677888637844314
2004-12-16,4.678099798776973
2004-12-17,4.678328985987612
2004-12-18,4.678538159270931
2004-12-19,4.678720978592716
2004-12-20,4.678877443952967
2004-12-21,4.67900755535168
2004-12-22,4.679111312788859
2004-12-23,4.679188716264504
2004-12-24,4.679239765778611
2004-12-25,4.679264461331185
2004-12-26,4.6792628029222225
2004-12-27,4.679234790551725
2004-12-28,4.679180424219692
2004-12-29,4.6790997039261235
2004-12-30,4.67899262967102
2004-12-31,4.678859201454381
2005-01-01,4.678699419276207
2005-01-02,4.678513283136498
2005-01-03,4.678300793035253
2005-01-04,4.678061948972473
2005-01-05,4.677796750948159
2005-01-06,4.677505198962306
2005-01-07,4.677187293014921
2005-01-08,4.6768430331060005
2005-01-09,4.6764724192355445
2005-01-10,4.676075451403552
2005-01-11,4.675652129610025
2005-01-12,4.675202453854963
2005-01-13,4.674726424138365
2005-01-14,4.674224040460232
2005-01-15,4.673695302820564
2005-01-16,4.67314021121936
2005-01-17,4.672563309856615
2005-01-18,4.671991863932292
2005-01-19,4.671430417646386
2005-01-20,4.6708789709988965
2005-01-21,4.670337523989822
2005-01-22,4.669806076619166
2005-01-23,4.669284628886923
2005-01-24,4.668773180793098
2005-01-25,4.66827173233769
2005-01-26,4.667780283520696
2005-01-27,4.6672988343421205
2005-01-28,4.66682738480196
2005-01-29,4.666365934900216
2005-01-30,4.665914484636889
2005-01-31,4.665473034011977
2005-02-01,4.665041583025482
2005-02-02,4.6646201316774025
2005-02-03,4.664208679967739
2005-02-04,4.663807227896493
2005-02-05,4.663415775463664
2005-02-06,4.66303432266925
2005-02-07,4.662662869513252
2005-02-08,4.66230141599567
2005-02-09,4.6619499621165055
2005-02-10,4.661608507875756
2005-02-11,4.661277053273423
2005-02-12,4.660955598309506
2005-02-13,4.660644142984006
2005-02-14,4.660342687296922
2005-02-15,4.6600512312482545
2005-02-16,4.659758531558803
2005-02-17,4.65945334494937
2005-02-18,4.659135671419953
2005-02-19,4.658805510970553
2005-02-20,4.65846286360117
2005-02-21,4.658107729311806
2005-02-22,4.657740108102459
2005-02-23,4.657359999973128
2005-02-24,4.656967404923814
2005-02-25,4.656562322954519
2005-02-26,4.656144754065239
2005-02-27,4.655714698255977
2005-02-28,4.655272155526733
2005-03-01,4.654817125877505
2005-03-02,4.654349609308296
2005-03-03,4.653869605819103
2005-03-04,4.653377115409926
2005-03-05,4.6528721380807685
2005-03-06,4.652354673831628
2005-03-07,4.651824722662503
2005-03-08,4.651282284573396
2005-03-09,4.650727359564306
2005-03-10,4.650159947635235
2005-03-11,4.649580048786179
2005-03-12,4.64898766301714
2005-03-13,4.64838279032812
2005-03-14,4.647765430719115
2005-03-15,4.64713558419013
2005-03-16,4.646493250741161
2005-03-17,4.645844392930128
2005-03-18,4.645224786104551
2005-03-19,4.644640392822348
2005-03-20,4.644091213083519
2005-03-21,4.643577246888065
2005-03-22,4.643098494235985
2005-03-23,4.642654955127281
2005-03-24,4.64224662956195
2005-03-25,4.641873517539993
2005-03-26,4.641535619061411
2005-03-27,4.641232934126205
2005-03-28,4.640965462734374
2005-03-29,4.640733204885915
2005-03-30,4.640536160580831
2005-03-31,4.640374329819122
2005-04-01,4.640247712600788
2005-04-02,4.640156308925827
2005-04-03,4.6401001187942414
2005-04-04,4.640079142206031
2005-04-05,4.640093379161194
2005-04-06,4.640142829659732
2005-04-07,4.640227493701644
2005-04-08,4.640347371286932
2005-04-09,4.6405024624155935
2005-04-10,4.6406927670876295
2005-04-11,4.640918285303039
2005-04-12,4.641179017061824
2005-04-13,4.641474962363984
2005-04-14,4.641806121209518
2005-04-15,4.6421724935984265
2005-04-16,4.642574079530709
2005-04-17,4.6429823661187415
2005-04-18,4.6433688404749
2005-04-19,4.643733502599183
2005-04-20,4.644076352491591
2005-04-21,4.644397390152124
2005-04-22,4.644696615580782
2005-04-23,4.644974028777565
2005-04-24,4.645229629742474
2005-04-25,4.645463418475507
2005-04-26,4.645675394976666
2005-04-27,4.645865559245949
2005-04-28,4.646033911283359
2005-04-29,4.646180451088892
2005-04-30,4.646305178662551
2005-05-01,4.646408094004336
2005-05-02,4.646489197114245
2005-05-03,4.6465484879922805
2005-05-04,4.6465859666384395
2005-05-05,4.6466016330527244
2005-05-06,4.6465954872351345
2005-05-07,4.646567529185669
2005-05-08,4.646517758904328
2005-05-09,4.646446176391114
2005-05-10,4.646352781646024
2005-05-11,4.646237574669059
2005-05-12,4.646100555460221
2005-05-13,4.6459417240195044
2005-05-14,4.645761080346916
2005-05-15,4.645558624442452
2005-05-16,4.645334356306112
2005-05-17,4.6450868858691665
2005-05-18,4.644807872719222
2005-05-19,4.644495926787549
2005-05-20,4.644151048074146
2005-05-21,4.643773236579013
2005-05-22,4.64336249230215
2005-05-23,4.642918815243558
2005-05-24,4.642442205403236
2005-05-25,4.641932662781183
2005-05-26,4.641390187377402
2005-05-27,4.64081477919189
2005-05-28,4.640206438224649
2005-05-29,4.639565164475679
2005-05-30,4.6388909579449775
2005-05-31,4.638183818632546
2005-06-01,4.637443746538387
2005-06-02,4.636670741662497
2005-06-03,4.6358648040048775
2005-06-04,4.635025933565528
2005-06-05,4.634154130344449
2005-06-06,4.63324939434164
2005-06-07,4.632311725557102
2005-06-08,4.631341123990833
2005-06-09,4.630337589642835
2005-06-10,4.629301122513107
2005-06-11,4.628231722601649
2005-06-12,4.627129389908463
2005-06-13,4.625994124433546
2005-06-14,4.6248259261769
2005-06-15,4.6236247951385225
2005-06-16,4.622390731318416
2005-06-17,4.621160347404396
2005-06-18,4.61997025608428
2005-06-19,4.618820457358064
2005-06-20,4.617710951225752
2005-06-21,4.616641737687342
2005-06-22,4.615612816742836
2005-06-23,4.614624188392232
2005-06-24,4.61367585263553
2005-06-25,4.6127678094727305
2005-06-26,4.611900058903834
2005-06-27,4.61107260092884
2005-06-28,4.610285435547748
2005-06-29,4.60953856276056
2005-06-30,4.608831982567274
2005-07-01,4.60816569496789
2005-07-02,4.607539699962409
2005-07-03,4.60695399755083
2005-07-04,4.606408587733155
2005-07-05,4.605903470509382
2005-07-06,4.605438645879509
2005-07-07,4.605014113843541
2005-07-08,4.604629874401477
2005-07-09,4.604285927553313
2005-07-10,4.603982273299053
2005-07-11,4.603718911638696
2005-07-12,4.60349584257224
2005-07-13,4.603313066099687
2005-07-14,4.603170582221037
2005-07-15,4.60306839093629
2005-07-16,4.603006492245445
2005-07-17,4.602980069947631
2005-07-18,4.602960226837621
2005-07-19,4.602942146714545
2005-07-20,4.6029258295784
2005-07-21,4.602911275429189
2005-07-22,4.60289848426691
2005-07-23,4.602887456091564
2005-07-24,4.60287819090315
2005-07-25,4.602870688701668
2005-07-26,4.602864949487119
2005-07-27,4.602860973259505
2005-07-28,4.6028587600188215
2005-07-29,4.602858309765072
2005-07-30,4.602859622498253
2005-07-31,4.6028626982183685
2005-08-01,4.602867536925416
2005-08-02,4.602874138619396
2005-08-03,4.602882503300309
2005-08-04,4.602892630968156
2005-08-05,4.602904521622934
2005-08-06,4.602918175264644
2005-08-07,4.602933591893287
2005-08-08,4.602950771508864
2005-08-09,4.602969714111373
2005-08-10,4.602990419700816
2005-08-11,4.603012888277189
2005-08-12,4.603037119840496
2005-08-13,4.603063114390736
2005-08-14,4.6030908719279084
2005-08-15,4.603120392452013
2005-08-16,4.603151675963051
2005-08-17,4.603179057176801
2005-08-18,4.603168544387946
2005-08-19,4.603114472312265
2005-08-20,4.603016840949757
2005-08-21,4.602875650300425
2005-08-22,4.602690900364267
2005-08-23,4.602462591141282
2005-08-24,4.602190722631471
2005-08-25,4.601875294834837
2005-08-26,4.601516307751375
2005-08-27,4.601113761381088
2005-08-28,4.600667655723975
2005-08-29,4.600177990780035
2005-08-30,4.599644766549271
2005-08-31,4.59906798303168
2005-09-01,4.598447640227264
2005-09-02,4.597783738136022
2005-09-03,4.597076276757955
2005-09-04,4.596325256093061
2005-09-05,4.595530676141341
2005-09-06,4.594692536902796
2005-09-07,4.593810838377426
2005-09-08,4.592885580565229
2005-09-09,4.591916763466207
2005-09-10,4.590904387080359
2005-09-11,4.5898484514076845
2005-09-12,4.588748956448185
2005-09-13,4.58760590220186
2005-09-14,4.58641928866871
2005-09-15,4.585189115848732
2005-09-16,4.583915383741929
2005-09-17,4.582628061745828
2005-09-18,4.581357119257959
2005-09-19,4.580102556278316
2005-09-20,4.578864372806903
2005-09-21,4.5776425688437214
2005-09-22,4.576437144388768
2005-09-23,4.575248099442044
2005-09-24,4.574075434003551
2005-09-25,4.572919148073287
2005-09-26,4.571779241651253
2005-09-27,4.570655714737447
2005-09-28,4.569548567331871
2005-09-29,4.568457799434526
2005-09-30,4.567383411045411
2005-10-01,4.566325402164524
2005-10-02,4.565283772791866
2005-10-03,4.564258522927439
2005-10-04,4.5632496525712405
2005-10-05,4.562257161723273
2005-10-06,4.561281050383534
2005-10-07,4.560321318552026
2005-10-08,4.559377966228745
2005-10-09,4.558450993413696
2005-10-10,4.557540400106875
2005-10-11,4.556646186308284
2005-10-12,4.555768352017923
2005-10-13,4.5549068972357905
2005-10-14,4.554061821961889
2005-10-15,4.553233126196217
2005-10-16,4.5524208099387735
2005-10-17,4.551624921472696
2005-10-18,4.550845750496799
2005-10-19,4.55008334529422
2005-10-20,4.549337705864956
2005-10-21,4.548608832209012
2005-10-22,4.547896724326383
2005-10-23,4.54720138221707
2005-10-24,4.546522805881075
2005-10-25,4.545860995318395
2005-10-26,4.545215950529034
2005-10-27,4.544587671512989
2005-10-28,4.543976158270262
2005-10-29,4.54338141080085
2005-10-30,4.542803429104756
2005-10-31,4.542242213181979
2005-11-01,4.541697763032518
2005-11-02,4.541170078656375
2005-11-03,4.540659160053547
2005-11-04,4.5401650072240365
2005-11-05,4.539687620167844
2005-11-06,4.539226998884968
2005-11-07,4.538783143375408
2005-11-08,4.538356053639165
2005-11-09,4.53794572967624
2005-11-10,4.537552171486631
2005-11-11,4.537175379070339
2005-11-12,4.536815352427364
2005-11-13,4.536472091557705
2005-11-14,4.536145596461364
2005-11-15,4.5358358671383385
2005-11-16,4.535542903588631
2005-11-17,4.5352770976771195
2005-11-18,4.535048841268683
2005-11-19,4.5348581343633185
2005-11-20,4.53470497696103
2005-11-21,4.534589369061815
2005-11-22,4.534511310665676
2005-11-23,4.534470801772612
2005-11-24,4.534467842382621
2005-11-25,4.534502432495704
2005-11-26,4.534574572111862
2005-11-27,4.534684261231095
2005-11-28,4.534831499853403
2005-11-29,4.5350162879787845
2005-11-30,4.535238625607241
2005-12-01,4.535498512738772
2005-12-02,4.535795949373377
2005-12-03,4.536130935511058
2005-12-04,4.5365034711518115
2005-12-05,4.536913556295642
2005-12-06,4.537361190942544
2005-12-07,4.5378463750925215
2005-12-08,4.538369108745575
2005-12-09,4.538929391901702
2005-12-10,4.539527224560903
2005-12-11,4.540162606723179
2005-12-12,4.54083553838853
2005-12-13,4.541546019556954
2005-12-14,4.542294050228454
2005-12-15,4.543079630403028
2005-12-16,4.543902760080676
2005-12-17,4.544750958835087
2005-12-18,4.545549344108388
2005-12-19,4.5462854354742674
2005-12-20,4.546959232932727
2005-12-21,4.547570736483762
2005-12-22,4.548119946127376
2005-12-23,4.54860686186357
2005-12-24,4.549031483692341
2005-12-25,4.549393811613691
2005-12-26,4.549693845627619
2005-12-27,4.549931585734125
2005-12-28,4.55010703193321
2005-12-29,4.550220184224874
2005-12-30,4.550271042609115
2005-12-31,4.550259607085934
2006-01-01,4.550185877655332
2006-01-02,4.550049854317309
2006-01-03,4.549851537071863
2006-01-04,4.549590925918998
2006-01-05,4.549268020858709
2006-01-06,4.548882821890997
2006-01-07,4.548435329015866
2006-01-08,4.547925542233314
2006-01-09,4.547353461543339
2006-01-10,4.5467190869459415
2006-01-11,4.546022418441122
2006-01-12,4.5452634560288825
2006-01-13,4.544442199709221
2006-01-14,4.543558649482137
2006-01-15,4.542612805347632
2006-01-16,4.541604667305705
2006-01-17,4.540548000821599
2006-01-18,4.53952539868677
2006-01-19,4.538550626366457
2006-01-20,4.537623683860666
2006-01-21,4.5367445711693914
2006-01-22,4.535913288292636
2006-01-23,4.535129835230398
2006-01-24,4.534394211982679
2006-01-25,4.533706418549479
2006-01-26,4.533066454930798
2006-01-27,4.532474321126635
2006-01-28,4.53193001713699
2006-01-29,4.531433542961865
2006-01-30,4.530984898601257
2006-01-31,4.530584084055167
2006-02-01,4.530231099323598
2006-02-02,4.529925944406545
2006-02-03,4.529668619304012
2006-02-04,4.529459124015997
2006-02-05,4.529297458542501
2006-02-06,4.529183622883523
2006-02-07,4.529117617039064
2006-02-08,4.529099441009123
2006-02-09,4.5291290947937
2006-02-10,4.529206578392796
2006-02-11,4.529331891806411
2006-02-12,4.5295050350345445
2006-02-13,4.529726008077196
2006-02-14,4.529994810934367
2006-02-15,4.530311443606056
2006-02-16,4.5306327525507095
2006-02-17,4.530915584226775
2006-02-18,4.531159938634251
2006-02-19,4.531365815773139
2006-02-20,4.531533215643438
2006-02-21,4.5316621382451485
2006-02-22,4.53175258357827
2006-02-23,4.531804551642802
2006-02-24,4.531818042438747
2006-02-25,4.531793055966102
2006-02-26,4.531729592224869
2006-02-27,4.531627651215047
2006-02-28,4.531487232936636
2006-03-01,4.531308337389636
2006-03-02,4.531090964574048
2006-03-03,4.530835114489871
2006-03-04,4.530540787137105
2006-03-05,4.53020798251575
2006-03-06,4.529836700625808
2006-03-07,4.529426941467275
2006-03-08,4.528978705040155
2006-03-09,4.528491991344445
2006-03-10,4.527966800380147
2006-03-11,4.527403132147261
2006-03-12,4.526800986645784
2006-03-13,4.526160363875721
2006-03-14,4.525481263837067
2006-03-15,4.524763686529827
2006-03-16,4.524007631953996
2006-03-17,4.523228710957939
2006-03-18,4.522520588631831
2006-03-19,4.521898875824036
2006-03-20,4.521363572534552
2006-03-21,4.52091467876338
2006-03-22,4.520552194510519
2006-03-23,4.520276119775971
2006-03-24,4.520086454559735
2006-03-25,4.51998319886181
2006-03-26,4.5199663526821965
2006-03-27,4.5200359160208965
2006-03-28,4.520191888877907
2006-03-29,4.520434271253229
2006-03-30,4.5207630631468625
2006-03-31,4.521178264558808
2006-04-01,4.521679875489066
2006-04-02,4.5222678959376355
2006-04-03,4.522942325904516
2006-04-04,4.523703165389709
2006-04-05,4.5245504143932145
2006-04-06,4.525484072915031
2006-04-07,4.526504140955159
2006-04-08,4.5276106185136
2006-04-09,4.528803505590352
2006-04-10,4.530082802185415
2006-04-11,4.531448508298791
2006-04-12,4.5329006239304785
2006-04-13,4.534439149080477
2006-04-14,4.536064083748788
2006-04-15,4.5377754279354106
2006-04-16,4.539573181640344
2006-04-17,4.541366662128458
2006-04-18,4.5430651866646174
2006-04-19,4.5446687552488205
2006-04-20,4.54617736788107
2006-04-21,4.547591024561364
2006-04-22,4.548909725289704
2006-04-23,4.550133470066091
2006-04-24,4.551262258890522
2006-04-25,4.552296091762998
2006-04-26,4.55323496868352
2006-04-27,4.554078889652088
2006-04-28,4.554827854668699
2006-04-29,4.555481863733358
2006-04-30,4.556040916846062
2006-05-01,4.55650501400681
2006-05-02,4.5568741552156045
2006-05-03,4.557148340472445
2006-05-04,4.55732756977733
2006-05-05,4.557411843130261
2006-05-06,4.557401160531237
2006-05-07,4.557295521980258
2006-05-08,4.5570949274773245
2006-05-09,4.556799377022437
2006-05-10,4.556408870615595
2006-05-11,4.555923408256797
2006-05-12,4.5553429899460465
2006-05-13,4.55466761568334
2006-05-14,4.55389728546868
2006-05-15,4.553031999302064
2006-05-16,4.552071757183494
2006-05-17,4.5510307450235645
2006-05-18,4.549994078285839
2006-05-19,4.548975942880913
2006-05-20,4.547976338808785
2006-05-21,4.546995266069457
2006-05-22,4.546032724662927
2006-05-23,4.5450887145891965
2006-05-24,4.544163235848265
2006-05-25,4.543256288440132
2006-05-26,4.542367872364799
2006-05-27,4.541497987622263
2006-05-28,4.540646634212527
2006-05-29,4.5398138121355895
2006-05-30,4.538999521391451
2006-05-31,4.538203761980112
2006-06-01,4.537426533901572
2006-06-02,4.53666783715583
2006-06-03,4.535927671742888
2006-06-04,4.5352060376627445
2006-06-05,4.5345029349154
2006-06-06,4.533818363500854
2006-06-07,4.533152323419108
2006-06-08,4.53250481467016
2006-06-09,4.531875837254011
2006-06-10,4.5312653911706615
2006-06-11,4.530673476420111
2006-06-12,4.530100093002359
2006-06-13,4.529545240917406
2006-06-14,4.529008920165252
2006-06-15,4.528491130745896
2006-06-16,4.52799187265934
2006-06-17,4.527508425236933
2006-06-18,4.527038067810027
2006-06-19,4.526580800378621
2006-06-20,4.526136622942715
2006-06-21,4.5257055355023095
2006-06-22,4.525287538057403
2006-06-23,4.524882630607999
2006-06-24,4.524490813154093
2006-06-25,4.5241120856956885
2006-06-26,4.523746448232783
2006-06-27,4.523393900765379
2006-06-28,4.523054443293477
2006-06-29,4.522728075817072
2006-06-30,4.522414798336169
2006-07-01,4.522114610850766
2006-07-02,4.521827513360861
2006-07-03,4.521553505866459
2006-07-04,4.521292588367557
2006-07-05,4.5210447608641555
2006-07-06,4.520810023356252
2006-07-07,4.52058837584385
2006-07-08,4.5203798183269495
2006-07-09,4.520184350805548
2006-07-10,4.520001973279647
2006-07-11,4.519832685749247
2006-07-12,4.519676488214346
2006-07-13,4.519533380674945
2006-07-14,4.519403363131046
2006-07-15,4.519286435582646
2006-07-16,4.5191825980297455
2006-07-17,4.519089563553042
2006-07-18,4.518993610636705
2006-07-19,4.518892452361433
2006-07-20,4.518786088727222
2006-07-21,4.518674519734077
2006-07-22,4.518557745381993
2006-07-23,4.518435765670975
2006-07-24,4.518308580601016
2006-07-25,4.518176190172124
2006-07-26,4.518038594384294
2006-07-27,4.5178957932375265
2006-07-28,4.517747786731823
2006-07-29,4.517594574867182
2006-07-30,4.517436157643605
2006-07-31,4.517272535061092
2006-08-01,4.517103707119641
2006-08-02,4.516929673819253
2006-08-03,4.516750435159929
2006-08-04,4.516565991141668
2006-08-05,4.51637634176447
2006-08-06,4.516181487028335
2006-08-07,4.515981426933264
2006-08-08,4.515776161479256
2006-08-09,4.515565690666311
2006-08-10,4.515350014494431
2006-08-11,4.515129132963612
2006-08-12,4.514903046073857
2006-08-13,4.514671753825165
2006-08-14,4.514435256217537
2006-08-15,4.514193553250971
2006-08-16,4.513946644925469
2006-08-17,4.513693532959695
2006-08-18,4.513428227665635
2006-08-19,4.5131497307619535
2006-08-20,4.5128580422486495
2006-08-21,4.512553162125725
2006-08-22,4.512235090393179
2006-08-23,4.511903827051011
2006-08-24,4.511559372099222
2006-08-25,4.511201725537812
2006-08-26,4.510830887366779
2006-08-27,4.510446857586126
2006-08-28,4.510049636195851
2006-08-29,4.509639223195953
2006-08-30,4.509215618586436
2006-08-31,4.5087788223672955
2006-09-01,4.508328834538536
2006-09-02,4.5078656551001535
2006-09-03,4.507389284052149
2006-09-04,4.506899721394523
2006-09-05,4.5063969671272766
2006-09-06,4.505881021250408
2006-09-07,4.505351883763917
2006-09-08,4.504809554667807
2006-09-09,4.504254033962074
2006-09-10,4.50368532164672
2006-09-11,4.503103417721743
2006-09-12,4.502508322187147
2006-09-13,4.501900035042928
2006-09-14,4.501278556289089
2006-09-15,4.500643885925626
2006-09-16,4.4999960239525425
2006-09-17,4.499354142449385
2006-09-18,4.4987374134957
2006-09-19,4.498145837091486
2006-09-20,4.497579413236745
2006-09-21,4.497038141931476
2006-09-22,4.49652202317568
2006-09-23,4.496031056969355
2006-09-24,4.4955652433125035
2006-09-25,4.495124582205123
2006-09-26,4.494709073647215
2006-09-27,4.49431871763878
2006-09-28,4.493953514179816
2006-09-29,4.493613463270325
2006-09-30,4.493298564910308
2006-10-01,4.493008819099761
2006-10-02,4.4927442258386865
2006-10-03,4.4925047851270845
2006-10-04,4.492290496964955
2006-10-05,4.492101361352297
2006-10-06,4.491937378289113
2006-10-07,4.4917985477754
2006-10-08,4.491684869811158
2006-10-09,4.491596344396391
2006-10-10,4.491532971531094
2006-10-11,4.491494751215271
2006-10-12,4.491481683448919
2006-10-13,4.491493768232039
2006-10-14,4.491531005564632
2006-10-15,4.491593395446698
2006-10-16,4.491680937878234
2006-10-17,4.491788249931099
2006-10-18,4.491883034036427
2006-10-19,4.49195990726607
2006-10-20,4.492018869620033
2006-10-21,4.4920599210983125
2006-10-22,4.4920830617009075
2006-10-23,4.492088291427822
2006-10-24,4.492075610279054
2006-10-25,4.4920450182546015
2006-10-26,4.49199651535447
2006-10-27,4.491930101578653
2006-10-28,4.491845776927153
2006-10-29,4.4917435413999725
2006-10-30,4.4916233949971085
2006-10-31,4.4914853377185615
2006-11-01,4.491329369564332
2006-11-02,4.491155490534421
2006-11-03,4.490963700628826
2006-11-04,4.490753999847549
2006-11-05,4.49052638819059
2006-11-06,4.490280865657947
2006-11-07,4.490017432249623
2006-11-08,4.489736087965615
2006-11-09,4.489436832805926
2006-11-10,4.489119666770554
2006-11-11,4.488784589859498
2006-11-12,4.488431602072761
2006-11-13,4.488060703410341
2006-11-14,4.487671893872238
2006-11-15,4.487265173458452
2006-11-16,4.486840542168984
2006-11-17,4.486397156381933
2006-11-18,4.485934172475398
2006-11-19,4.485451590449378
2006-11-20,4.484949410303874
2006-11-21,4.484427632038885
2006-11-22,4.483886255654412
2006-11-23,4.4833252811504565
2006-11-24,4.482744708527015
2006-11-25,4.482144537784089
2006-11-26,4.48152476892168
2006-11-27,4.480885401939786
2006-11-28,4.480226436838408
2006-11-29,4.479547873617546
2006-11-30,4.478849712277199
2006-12-01,4.478131952817368
2006-12-02,4.477394595238053
2006-12-03,4.476637639539254
2006-12-04,4.475861085720971
2006-12-05,4.475064933783203
2006-12-06,4.47424918372595
2006-12-07,4.473413835549214
2006-12-08,4.472558889252994
2006-12-09,4.471684344837288
2006-12-10,4.4707902023021
2006-12-11,4.469876461647427
2006-12-12,4.468943122873269
2006-12-13,4.467990185979627
2006-12-14,4.467017650966501
2006-12-15,4.4660255178338915
2006-12-16,4.465013786581796
2006-12-17,4.463987703911979
2006-12-18,4.462978750035003
2006-12-19,4.461992171652629
2006-12-20,4.461027968764861
2006-12-21,4.460086141371694
2006-12-22,4.45916668947313
2006-12-23,4.45826961306917
2006-12-24,4.457394912159812
2006-12-25,4.4565425867450585
2006-12-26,4.455712636824907
2006-12-27,4.45490506239936
2006-12-28,4.4541198634684145
2006-12-29,4.453357040032072
2006-12-30,4.452616592090333
2006-12-31,4.451898519643198
2007-01-01,4.451202822690664
2007-01-02,4.450529501232735
2007-01-03,4.449878555269408
2007-01-04,4.4492499848006855
2007-01-05,4.448643789826565
2007-01-06,4.448059970347046
2007-01-07,4.447498526362132
2007-01-08,4.446959457871822
2007-01-09,4.446442764876114
2007-01-10,4.445948447375008
2007-01-11,4.4454765053685055
2007-01-12,4.445026938856607
2007-01-13,4.444599747839311
2007-01-14,4.444194932316618
2007-01-15,4.443812492288528
2007-01-16,4.443452427755042
2007-01-17,4.4431183235625795
2007-01-18,4.442831688789668
2007-01-19,4.442596108282727
2007-01-20,4.44241158204176
2007-01-21,4.4422781100667645
2007-01-22,4.442195692357741
2007-01-23,4.442164328914689
2007-01-24,4.44218401973761
2007-01-25,4.442254764826502
2007-01-26,4.442376564181366
2007-01-27,4.442549417802203
2007-01-28,4.442773325689011
2007-01-29,4.443048287841791
2007-01-30,4.443374304260544
2007-01-31,4.443751374945268
2007-02-01,4.444179499895966
2007-02-02,4.444658679112633
2007-02-03,4.445188912595273
2007-02-04,4.445770200343886
2007-02-05,4.446402542358472
2007-02-06,4.447085938639027
2007-02-07,4.447820389185557
2007-02-08,4.448605893998057
2007-02-09,4.449442453076529
2007-02-10,4.450330066420973
2007-02-11,4.45126873403139
2007-02-12,4.452258455907779
2007-02-13,4.453299232050139
2007-02-14,4.4543910624584715
2007-02-15,4.455533947132777
2007-02-16,4.456663613606761
2007-02-17,4.457715789414129
2007-02-18,4.458690474554885
2007-02-19,4.459587669029027
2007-02-20,4.4604073728365545
2007-02-21,4.461149585977469
2007-02-22,4.461814308451768
2007-02-23,4.462401540259454
2007-02-24,4.462911281400527
2007-02-25,4.463343531874985
2007-02-26,4.463698291682827
2007-02-27,4.463975560824058
2007-02-28,4.464175339298674
2007-03-01,4.464297627106676
2007-03-02,4.464342424248065
2007-03-03,4.464309730722839
2007-03-04,4.464199546530999
2007-03-05,4.464011871672545
2007-03-06,4.463746706147479
2007-03-07,4.463404049955796
2007-03-08,4.462983903097501
2007-03-09,4.462486265572591
2007-03-10,4.461911137381068
2007-03-11,4.46125851852293
2007-03-12,4.4605284089981785
2007-03-13,4.459720808806813
2007-03-14,4.458835717948834
2007-03-15,4.457873136424242
2007-03-16,4.4568330642330345
2007-03-17,4.455726943701234
2007-03-18,4.45462342878496
2007-03-19,4.453533961810234
2007-03-20,4.452458542777056
2007-03-21,4.451397171685426
2007-03-22,4.450349848535343
2007-03-23,4.449316573326809
2007-03-24,4.448297346059821
2007-03-25,4.447292166734382
2007-03-26,4.446301035350491
2007-03-27,4.445323951908148
2007-03-28,4.444360916407351
2007-03-29,4.443411928848102
2007-03-30,4.442476989230401
2007-03-31,4.4415560975542485
2007-04-01,4.440649253819643
2007-04-02,4.439756458026586
2007-04-03,4.438877710175076
2007-04-04,4.438013010265115
2007-04-05,4.4371623582967
2007-04-06,4.4363257542698324
2007-04-07,4.435503198184514
2007-04-08,4.434694690040743
2007-04-09,4.43390022983852
2007-04-10,4.433119817577843
2007-04-11,4.432353453258716
2007-04-12,4.431601136881136
2007-04-13,4.430862868445103
2007-04-14,4.430138647950619
2007-04-15,4.429428475397681
2007-04-16,4.428732350786292
2007-04-17,4.428042012872971
2007-04-18,4.427349200414238
2007-04-19,4.426653913410092
2007-04-20,4.425956151860536
2007-04-21,4.425255915765566
2007-04-22,4.424553205125187
2007-04-23,4.423848019939395
2007-04-24,4.423140360208191
2007-04-25,4.422430225931576
2007-04-26,4.4217176171095485
2007-04-27,4.421002533742108
2007-04-28,4.420284975829258
2007-04-29,4.419564943370995
2007-04-30,4.418842436367321
2007-05-01,4.418117454818235
2007-05-02,4.417389998723737
2007-05-03,4.416660068083827
2007-05-04,4.415927662898505
2007-05-05,4.415192783167772
2007-05-06,4.4144554288916265
2007-05-07,4.41371560007007
2007-05-08,4.4129732967031
2007-05-09,4.41222851879072
2007-05-10,4.4114812663329275
2007-05-11,4.410731539329723
2007-05-12,4.409979337781109
2007-05-13,4.40922466168708
2007-05-14,4.4084675110476415
2007-05-15,4.40770788586279
2007-05-16,4.4069457861325265
2007-05-17,4.406183043704413
2007-05-18,4.405430649663813
2007-05-19,4.404690435858289
2007-05-20,4.403962402287839
2007-05-21,4.403246548952466
2007-05-22,4.402542875852165
2007-05-23,4.401851382986941
2007-05-24,4.401172070356792
2007-05-25,4.400504937961718
2007-05-26,4.399849985801719
2007-05-27,4.399207213876795
2007-05-28,4.398576622186946
2007-05-29,4.397958210732173
2007-05-30,4.397351979512473
2007-05-31,4.396757928527849
2007-06-01,4.396176057778301
2007-06-02,4.395606367263828
2007-06-03,4.395048856984429
2007-06-04,4.394503526940105
2007-06-05,4.393970377130857
2007-06-06,4.393449407556684
2007-06-07,4.392940618217586
2007-06-08,4.392444009113563
2007-06-09,4.391959580244615
2007-06-10,4.391487331610742
2007-06-11,4.391027263211944
2007-06-12,4.390579375048222
2007-06-13,4.390143667119574
2007-06-14,4.389720139426002
2007-06-15,4.389308791967504
2007-06-16,4.388909624744081
2007-06-17,4.388554184639481
2007-06-18,4.388274018537447
2007-06-19,4.38806912643798
2007-06-20,4.387939508341081
2007-06-21,4.3878851642467485
2007-06-22,4.387906094154984
2007-06-23,4.388002298065787
2007-06-24,4.3881737759791575
2007-06-25,4.388420527895096
2007-06-26,4.3887425538136
2007-06-27,4.389139853734673
2007-06-28,4.389612427658313
2007-06-29,4.39016027558452
2007-06-30,4.390783397513295
2007-07-01,4.391481793444637
2007-07-02,4.392255463378546
2007-07-03,4.393104407315023
2007-07-04,4.394028625254067
2007-07-05,4.395028117195679
2007-07-06,4.396102883139855
2007-07-07,4.397252923086603
2007-07-08,4.398478237035916
2007-07-09,4.399778824987797
2007-07-10,4.401154686942245
2007-07-11,4.402605822899261
2007-07-12,4.404132232858844
2007-07-13,4.405733916820993
2007-07-14,4.407410874785712
2007-07-15,4.409163106752997
2007-07-16,4.410990612722848
2007-07-17,4.4128764068642035
2007-07-18,4.414718574190668
2007-07-19,4.4165001288711805
2007-07-20,4.418221070905737
2007-07-21,4.41988140029434
2007-07-22,4.421481117036988
2007-07-23,4.423020221133683
2007-07-24,4.424498712584422
2007-07-25,4.425916591389209
2007-07-26,4.427273857548038
2007-07-27,4.428570511060916
2007-07-28,4.4298065519278405
2007-07-29,4.430981980148809
2007-07-30,4.432096795723822
2007-07-31,4.4331509986528825
2007-08-01,4.434144588935989
2007-08-02,4.435077566573141
2007-08-03,4.435949931564338
2007-08-04,4.436761683909582
2007-08-05,4.437512823608871
2007-08-06,4.438203350662205
2007-08-07,4.438833265069585
2007-08-08,4.439402566831012
2007-08-09,4.439911255946484
2007-08-10,4.440359332416002
2007-08-11,4.440746796239565
2007-08-12,4.441073647417174
2007-08-13,4.441339885948829
2007-08-14,4.44154551183453
2007-08-15,4.441690525074275
2007-08-16,4.441774925668069
2007-08-17,4.441801274552457
2007-08-18,4.44178493734675
2007-08-19,4.441728474987498
2007-08-20,4.441631887474699
2007-08-21,4.441495174808357
2007-08-22,4.441318336988468
2007-08-23,4.441101374015034
2007-08-24,4.440844285888055
2007-08-25,4.44054707260753
2007-08-26,4.440209734173459
2007-08-27,4.439832270585844
2007-08-28,4.439414681844685
2007-08-29,4.438956967949979
2007-08-30,4.4384591289017274
2007-08-31,4.437921164699931
2007-09-01,4.4373430753445895
2007-09-02,4.436724860835703
2007-09-03,4.43606652117327
2007-09-04,4.435368056357293
2007-09-05,4.4346294663877694
2007-09-06,4.433850751264702
2007-09-07,4.433031910988087
2007-09-08,4.432172945557929
2007-09-09,4.431273854974225
2007-09-10,4.430334639236976
2007-09-11,4.42935529834618
2007-09-12,4.428335832301841
2007-09-13,4.4272762411039555
2007-09-14,4.426176524752525
2007-09-15,4.425036683247548
2007-09-16,4.423856716589027
2007-09-17,4.422699376832402
2007-09-18,4.4216274160331155
2007-09-19,4.420640834191166
2007-09-20,4.419739631306554
2007-09-21,4.418923807379279
2007-09-22,4.418193362409343
2007-09-23,4.417548296396745
2007-09-24,4.416988609341484
2007-09-25,4.416514301243561
2007-09-26,4.416125372102977
2007-09-27,4.41582182191973
2007-09-28,4.4156036506938205
2007-09-29,4.415470858425249
2007-09-30,4.415423445114015
2007-10-01,4.415461410760119
2007-10-02,4.41558475536356
2007-10-03,4.41579347892434
2007-10-04,4.416087581442457
2007-10-05,4.416467062917913
2007-10-06,4.416931923350705
2007-10-07,4.417482162740836
2007-10-08,4.418117781088304
2007-10-09,4.418838778393111
2007-10-10,4.419645154655255
2007-10-11,4.420536909874736
2007-10-12,4.4215140440515555
2007-10-13,4.422576557185713
2007-10-14,4.423724449277207
2007-10-15,4.4249577203260415
2007-10-16,4.426276370332212
2007-10-17,4.427660090681341
2007-10-18,4.428987029687153
2007-10-19,4.430236878735268
2007-10-20,4.431409637825686
2007-10-21,4.43250530695841
2007-10-22,4.433523886133434
2007-10-23,4.434465375350763
2007-10-24,4.435329774610396
2007-10-25,4.43611708391233
2007-10-26,4.43682730325657
2007-10-27,4.437460432643111
2007-10-28,4.438016472071958
2007-10-29,4.438495421543106
2007-10-30,4.438897281056558
2007-10-31,4.4392220506123135
2007-11-01,4.439469730210373
2007-11-02,4.439640319850736
2007-11-03,4.439733819533401
2007-11-04,4.439750229258371
2007-11-05,4.439689549025642
2007-11-06,4.439551778835218
2007-11-07,4.439336918687098
2007-11-08,4.43904496858128
2007-11-09,4.438675928517767
2007-11-10,4.438229798496556
2007-11-11,4.437706578517648
2007-11-12,4.4371062685810445
2007-11-13,4.436428868686745
2007-11-14,4.435674378834748
2007-11-15,4.434842799025054
2007-11-16,4.433934129257663
2007-11-17,4.4330293237244565
2007-11-18,4.432209336617315
2007-11-19,4.431474167936237
2007-11-20,4.430823817681223
2007-11-21,4.430258285852274
2007-11-22,4.429777572449389
2007-11-23,4.429381677472568
2007-11-24,4.429070600921812
2007-11-25,4.42884434279712
2007-11-26,4.428702903098492
2007-11-27,4.428646281825929
2007-11-28,4.42867447897943
2007-11-29,4.428787494558996
2007-11-30,4.428985328564625
2007-12-01,4.42926798099632
2007-12-02,4.429635451854077
2007-12-03,4.430087741137901
2007-12-04,4.4306248488477875
2007-12-05,4.431246774983739
2007-12-06,4.431953519545754
2007-12-07,4.432745082533835
2007-12-08,4.433621463947979
2007-12-09,4.434582663788187
2007-12-10,4.43562868205446
2007-12-11,4.436759518746798
2007-12-12,4.437975173865199
2007-12-13,4.439275647409665
2007-12-14,4.440660939380196
2007-12-15,4.4421310497767905
2007-12-16,4.443685978599449
2007-12-17,4.445303877007534
2007-12-18,4.446853651957214
2007-12-19,4.448313454607853
2007-12-20,4.44968328495945
2007-12-21,4.450963143012004
2007-12-22,4.452153028765516
2007-12-23,4.453252942219986
2007-12-24,4.454262883375413
2007-12-25,4.455182852231797
2007-12-26,4.45601284878914
2007-12-27,4.45675287304744
2007-12-28,4.457402925006699
2007-12-29,4.457963004666915
2007-12-30,4.458433112028088
2007-12-31,4.458813247090219
2008-01-01,4.459103409853308
2008-01-02,4.459303600317353
2008-01-03,4.459413818482358
2008-01-04,4.459434064348321
2008-01-05,4.459364337915241
2008-01-06,4.459204639183117
2008-01-07,4.458954968151953
2008-01-08,4.458615324821746
2008-01-09,4.458185709192497
2008-01-10,4.457666121264205
2008-01-11,4.457056561036871
2008-01-12,4.456357028510494
2008-01-13,4.455567523685075
2008-01-14,4.454688046560615
2008-01-15,4.453718597137112
2008-01-16,4.452659175414566
2008-01-17,4.4515355984952345
2008-01-18,4.450502768992641
2008-01-19,4.449586504009045
2008-01-20,4.448786803544445
2008-01-21,4.448103667598843
2008-01-22,4.447537096172236
2008-01-23,4.447087089264624
2008-01-24,4.446753646876009
2008-01-25,4.446536769006389
2008-01-26,4.446436455655768
2008-01-27,4.4464527068241395
2008-01-28,4.446585522511509
2008-01-29,4.446834902717874
2008-01-30,4.447200847443235
2008-01-31,4.447683356687593
2008-02-01,4.448282430450947
2008-02-02,4.448998068733296
2008-02-03,4.449830271534641
2008-02-04,4.450779038854984
2008-02-05,4.451844370694321
2008-02-06,4.453026267052655
2008-02-07,4.454324727929985
2008-02-08,4.455739753326311
2008-02-09,4.457271343241633
2008-02-10,4.458919497675952
2008-02-11,4.460684216629266
2008-02-12,4.462565500101576
2008-02-13,4.464563348092883
2008-02-14,4.466677760603185
2008-02-15,4.468908737632484
2008-02-16,4.471224781471233
2008-02-17,4.473436905862169
2008-02-18,4.475513613095746
2008-02-19,4.477454903171962
2008-02-20,4.479260776090819
2008-02-21,4.480931231852318
2008-02-22,4.482466270456457
2008-02-23,4.483865891903236
2008-02-24,4.485130096192656
2008-02-25,4.486258883324716
2008-02-26,4.487252253299417
2008-02-27,4.488110206116759
2008-02-28,4.488832741776741
2008-02-29,4.489419860279364
2008-03-01,4.4898715616246285
2008-03-02,4.4901878458125335
2008-03-03,4.490368712843078
2008-03-04,4.490414162716263
2008-03-05,4.49032419543209
2008-03-06,4.490098810990557
2008-03-07,4.489738009391665
2008-03-08,4.489241790635414
2008-03-09,4.488610154721803
2008-03-10,4.4878431016508324
2008-03-11,4.486940631422502
2008-03-12,4.485902744036814
2008-03-13,4.484729439493765
2008-03-14,4.483420717793358
2008-03-15,4.4819765789355905
2008-03-16,4.480397022920465
2008-03-17,4.478706076948493
2008-03-18,4.477047904222767
2008-03-19,4.4754465319438
2008-03-20,4.473901960111593
2008-03-21,4.4724141887261455
2008-03-22,4.470983217787456
2008-03-23,4.469609047295528
2008-03-24,4.468291677250358
2008-03-25,4.467031107651947
2008-03-26,4.465827338500296
2008-03-27,4.464680369795405
2008-03-28,4.463590201537273
2008-03-29,4.462556833725899
2008-03-30,4.4615802663612865
2008-03-31,4.460660499443433
2008-04-01,4.459797532972339
2008-04-02,4.458991366948004
2008-04-03,4.458242001370429
2008-04-04,4.4575494362396135
2008-04-05,4.456913671555556
2008-04-06,4.456334707318259
2008-04-07,4.455812543527721
2008-04-08,4.455347180183944
2008-04-09,4.454938617286924
2008-04-10,4.454586854836665
2008-04-11,4.454291892833166
2008-04-12,4.454053731276425
2008-04-13,4.453872370166444
2008-04-14,4.4537478095032235
2008-04-15,4.45368004928676
2008-04-16,4.453669089517057
2008-04-17,4.45366506465525
2008-04-18,4.453618109162474
2008-04-19,4.453528223038728
2008-04-20,4.453395406284014
2008-04-21,4.4532196588983295
2008-04-22,4.4530009808816775
2008-04-23,4.452739372234056
2008-04-24,4.452434832955467
2008-04-25,4.452087363045907
2008-04-26,4.451696962505379
2008-04-27,4.451263631333881
2008-04-28,4.450787369531415
2008-04-29,4.450268177097979
2008-04-30,4.449706054033575
2008-05-01,4.449101000338202
2008-05-02,4.448453016011859
2008-05-03,4.447762101054548
2008-05-04,4.447028255466268
2008-05-05,4.446251479247019
2008-05-06,4.445431772396801
2008-05-07,4.444569134915613
2008-05-08,4.4436635668034565
2008-05-09,4.442715068060332
2008-05-10,4.441723638686238
2008-05-11,4.440689278681175
2008-05-12,4.439611988045143
2008-05-13,4.438491766778141
2008-05-14,4.437328614880171
2008-05-15,4.4361225323512326
2008-05-16,4.434873519191324
2008-05-17,4.433592389233161
2008-05-18,4.432344025473029
2008-05-19,4.431139241743639
2008-05-20,4.429978038044994
2008-05-21,4.428860414377095
2008-05-22,4.427786370739938
2008-05-23,4.426755907133526
2008-05-24,4.425769023557859
2008-05-25,4.424825720012934
2008-05-26,4.423925996498754
2008-05-27,4.423069853015319
2008-05-28,4.422257289562627
2008-05-29,4.421488306140681
2008-05-30,4.420762902749478
2008-05-31,4.420081079389019
2008-06-01,4.419442836059304
2008-06-02,4.418848172760333
2008-06-03,4.418297089492106
2008-06-04,4.417789586254624
2008-06-05,4.417325663047886
2008-06-06,4.416905319871892
2008-06-07,4.416528556726642
2008-06-08,4.416195373612137
2008-06-09,4.415905770528376
2008-06-10,4.415659747475358
2008-06-11,4.415457304453085
2008-06-12,4.415298441461555
2008-06-13,4.415183158500771
2008-06-14,4.415111455570731
2008-06-15,4.415083332671434
2008-06-16,4.415098789802881
2008-06-17,4.415127098822698
2008-06-18,4.415137531588505
2008-06-19,4.415130088100306
2008-06-20,4.4151047683581
2008-06-21,4.4150615723618865
2008-06-22,4.415000500111664
2008-06-23,4.414921551607437
2008-06-24,4.4148247268492
2008-06-25,4.414710025836956
2008-06-26,4.4145774485707046
2008-06-27,4.414426995050446
2008-06-28,4.414258665276181
2008-06-29,4.414072459247906
2008-06-30,4.413868376965626
2008-07-01,4.413646418429337
2008-07-02,4.413406583639041
2008-07-03,4.413148872594738
2008-07-04,4.412873285296428
2008-07-05,4.41257982174411
2008-07-06,4.412268481937783
2008-07-07,4.41193926587745
2008-07-08,4.41159217356311
2008-07-09,4.411227204994761
2008-07-10,4.4108443601724066
2008-07-11,4.410443639096044
2008-07-12,4.410025041765674
2008-07-13,4.409588568181295
2008-07-14,4.409134218342911
2008-07-15,4.408661992250518
2008-07-16,4.408171889904117
2008-07-17,4.407673216308113
2008-07-18,4.407221801488924
2008-07-19,4.406826950450955
2008-07-20,4.406488663194206
2008-07-21,4.406206939718676
2008-07-22,4.405981780024365
2008-07-23,4.405813184111274
2008-07-24,4.405701151979402
2008-07-25,4.405645683628749
2008-07-26,4.405646779059314
2008-07-27,4.4057044382711
2008-07-28,4.405818661264107
2008-07-29,4.405989448038331
2008-07-30,4.406216798593775
2008-07-31,4.406500712930438
2008-08-01,4.40684119104832
2008-08-02,4.407238232947423
2008-08-03,4.407691838627743
2008-08-04,4.408202008089284
2008-08-05,4.408768741332045
2008-08-06,4.409392038356023
2008-08-07,4.410071899161221
2008-08-08,4.4108083237476405
2008-08-09,4.411601312115278
2008-08-10,4.412450864264136
2008-08-11,4.4133569801942105
2008-08-12,4.414319659905506
2008-08-13,4.415338903398021
2008-08-14,4.416414710671755
2008-08-15,4.417547081726708
2008-08-16,4.418736016562881
2008-08-17,4.419984582570335
2008-08-18,4.421311184089453
2008-08-19,4.422718888510294
2008-08-20,4.424207695832858
2008-08-21,4.425777606057149
2008-08-22,4.427428619183163
2008-08-23,4.429160735210901
2008-08-24,4.430973954140364
2008-08-25,4.4328682759715505
2008-08-26,4.434843700704461
2008-08-27,4.436900228339097
2008-08-28,4.4390378588754595
2008-08-29,4.441256592313542
2008-08-30,4.443556428653351
2008-08-31,4.445937367894884
2008-09-01,4.448399410038142
2008-09-02,4.450942555083125
2008-09-03,4.45356680302983
2008-09-04,4.456272153878261
2008-09-05,4.459058607628416
2008-09-06,4.461926164280295
2008-09-07,4.464874823833899
2008-09-08,4.467904586289228
2008-09-09,4.47101545164628
2008-09-10,4.474207419905056
2008-09-11,4.477480491065558
2008-09-12,4.480834665127784
2008-09-13,4.484269942091733
2008-09-14,4.487786321957408
2008-09-15,4.491383804724806
2008-09-16,4.495062390393929
2008-09-17,4.498747951225364
2008-09-18,4.5023663594797005
2008-09-19,4.505917615156936
2008-09-20,4.509401718257073
2008-09-21,4.512818668780111
2008-09-22,4.516168466726047
2008-09-23,4.5194511120948855
2008-09-24,4.5226666048866235
2008-09-25,4.525814945101263
2008-09-26,4.528896132738801
2008-09-27,4.531910167799241
2008-09-28,4.5348570502825805
2008-09-29,4.537736780188821
2008-09-30,4.540549357517962
2008-10-01,4.543294782270004
2008-10-02,4.545973054444945
2008-10-03,4.548584174042787
2008-10-04,4.551128141063529
2008-10-05,4.553604955507172
2008-10-06,4.556014617373716
2008-10-07,4.558357126663159
2008-10-08,4.560632483375503
2008-10-09,4.562840687510748
2008-10-10,4.564981739068893
2008-10-11,4.567055638049938
2008-10-12,4.5690623844538845
2008-10-13,4.57100197828073
2008-10-14,4.572874419530477
2008-10-15,4.574679708203124
2008-10-16,4.576417844298671
2008-10-17,4.578098166328256
2008-10-18,4.579776705358696
2008-10-19,4.581462799901129
2008-10-20,4.5831564499555535
2008-10-21,4.584857655521971
2008-10-22,4.586566416600381
2008-10-23,4.588282733190783
2008-10-24,4.590006605293178
2008-10-25,4.591738032907564
2008-10-26,4.593477016033944
2008-10-27,4.595223554672315
2008-10-28,4.596977648822679
2008-10-29,4.598739298485035
2008-10-30,4.600508503659384
2008-10-31,4.602285264345725
2008-11-01,4.604069580544058
2008-11-02,4.605861452254384
2008-11-03,4.607660879476701
2008-11-04,4.609467862211012
2008-11-05,4.6112824004573145
2008-11-06,4.6131044942156105
2008-11-07,4.614934143485898
2008-11-08,4.616771348268177
2008-11-09,4.61861610856245
2008-11-10,4.620468424368714
2008-11-11,4.622328295686971
2008-11-12,4.6241957225172206
2008-11-13,4.626070704859462
2008-11-14,4.627953242713696
2008-11-15,4.629843336079922
2008-11-16,4.631740984958141
2008-11-17,4.633611438599905
2008-11-18,4.635419946256766
2008-11-19,4.637166507928724
2008-11-20,4.63885112361578
2008-11-21,4.640473793317933
2008-11-22,4.642034517035183
2008-11-23,4.643533294767531
2008-11-24,4.644970126514977
2008-11-25,4.646345012277519
2008-11-26,4.647657952055159
2008-11-27,4.648908945847896
2008-11-28,4.650097993655732
2008-11-29,4.6512250954786625
2008-11-30,4.652290251316693
2008-12-01,4.653293461169819
2008-12-02,4.654234725038043
2008-12-03,4.655114042921365
2008-12-04,4.655931414819784
2008-12-05,4.656686840733301
2008-12-06,4.657380320661914
2008-12-07,4.658011854605624
2008-12-08,4.658581442564433
2008-12-09,4.659089084538338
2008-12-10,4.659534780527341
2008-12-11,4.659918530531442
2008-12-12,4.6602403345506405
2008-12-13,4.6605001925849345
2008-12-14,4.660698104634328
2008-12-15,4.660834070698818
2008-12-16,4.660908090778404
2008-12-17,4.6609286625577955
2008-12-18,4.660946772145207
2008-12-19,4.660970917225352
2008-12-20,4.661001097798227
2008-12-21,4.66103731386383
2008-12-22,4.661079565422162
2008-12-23,4.661127852473227
2008-12-24,4.66118217501702
2008-12-25,4.661242533053542
2008-12-26,4.6613089265827945
2008-12-27,4.661381355604776
2008-12-28,4.661459820119489
2008-12-29,4.66154432012693
2008-12-30,4.661634855627102
2008-12-31,4.661731426620003
2009-01-01,4.661834033105633
2009-01-02,4.661942675083994
2009-01-03,4.662057352555084
2009-01-04,4.662178065518905
2009-01-05,4.662304813975455
2009-01-06,4.6624375979247334
2009-01-07,4.6625764173667426
2009-01-08,4.662721272301482
2009-01-09,4.662872162728951
2009-01-10,4.66302908864915
2009-01-11,4.663192050062078
2009-01-12,4.6633610469677365
2009-01-13,4.663536079366124
2009-01-14,4.663717147257241
2009-01-15,4.663904250641089
2009-01-16,4.664097389517666
2009-01-17,4.664282837234863
2009-01-18,4.664378233880029
2009-01-19,4.664369852801052
2009-01-20,4.6642576939979365
2009-01-21,4.664041757470677
2009-01-22,4.663722043219278
2009-01-23,4.663298551243736
2009-01-24,4.662771281544053
2009-01-25,4.66214023412023
2009-01-26,4.661405408972264
2009-01-27,4.6605668061001575
2009-01-28,4.659624425503909
2009-01-29,4.65857826718352
2009-01-30,4.6574283311389895
2009-01-31,4.6561746173703185
2009-02-01,4.654817125877505
2009-02-02,4.65335585666055
2009-02-03,4.651790809719454
2009-02-04,4.650121985054216
2009-02-05,4.648349382664838
2009-02-06,4.646473002551319
2009-02-07,4.644492844713657
2009-02-08,4.642408909151854
2009-02-09,4.64022119586591
2009-02-10,4.637929704855823
2009-02-11,4.635534436121597
2009-02-12,4.633035389663229
2009-02-13,4.63043256548072
2009-02-14,4.627725963574068
2009-02-15,4.624915583943277
2009-02-16,4.622091810483987
2009-02-17,4.619345027091841
2009-02-18,4.616675233766839
2009-02-19,4.614082430508982
2009-02-20,4.611566617318269
2009-02-21,4.609127794194701
2009-02-22,4.606765961138278
2009-02-23,4.604481118148998
2009-02-24,4.602273265226864
2009-02-25,4.600142402371874
2009-02-26,4.598088529584028
2009-02-27,4.596111646863327
2009-02-28,4.59421175420977
2009-03-01,4.592388851623358
2009-03-02,4.590642939104091
2009-03-03,4.588974016651967
2009-03-04,4.587382084266989
2009-03-05,4.585867141949154
2009-03-06,4.584429189698465
2009-03-07,4.583068227514919
2009-03-08,4.581784255398519
2009-03-09,4.580577273349263
2009-03-10,4.579447281367152
2009-03-11,4.578394279452184
2009-03-12,4.577418267604361
2009-03-13,4.576519245823683
2009-03-14,4.575697214110149
2009-03-15,4.57495217246376
2009-03-16,4.574284120884515
2009-03-17,4.573687921463875
2009-03-18,4.573132746750595
2009-03-19,4.572613458836136
2009-03-20,4.572130057720497
2009-03-21,4.5716825434036785
2009-03-22,4.5712709158856795
2009-03-23,4.570895175166504
2009-03-24,4.570555321246146
2009-03-25,4.5702513541246095
2009-03-26,4.569983273801893
2009-03-27,4.569751080277998
2009-03-28,4.569554773552922
2009-03-29,4.569394353626667
2009-03-30,4.569269820499233
2009-03-31,4.569181174170619
2009-04-01,4.569128414640826
2009-04-02,4.5691115419098525
2009-04-03,4.5691305559777
2009-04-04,4.569185456844368
2009-04-05,4.569276244509856
2009-04-06,4.5694029189741645
2009-04-07,4.569565480237293
2009-04-08,4.569763928299245
2009-04-09,4.569998263160015
2009-04-10,4.5702684848196045
2009-04-11,4.570574593278016
2009-04-12,4.570916588535248
2009-04-13,4.571294470591299
2009-04-14,4.571708239446172
2009-04-15,4.572157895099865
2009-04-16,4.572643437552378
2009-04-17,4.573123004918266
2009-04-18,4.573554735312083
2009-04-19,4.573938628733828
2009-04-20,4.574274685183501
2009-04-21,4.574562904661102
2009-04-22,4.574803287166632
2009-04-23,4.574995832700092
2009-04-24,4.575140541261479
2009-04-25,4.575237412850795
2009-04-26,4.575286447468041
2009-04-27,4.575287645113214
2009-04-28,4.5752410057863155
2009-04-29,4.575146529487346
2009-04-30,4.575004216216305
2009-05-01,4.574814065973192
2009-05-02,4.574576078758008
2009-05-03,4.5742902545707524
2009-05-04,4.573956593411426
2009-05-05,4.573575095280027
2009-05-06,4.573145760176557
2009-05-07,4.572668588101016
2009-05-08,4.572143579053401
2009-05-09,4.5715707330337185
2009-05-10,4.5709500500419615
2009-05-11,4.570281530078135
2009-05-12,4.569565173142236
2009-05-13,4.568800979234266
2009-05-14,4.567988948354224
2009-05-15,4.567129080502111
2009-05-16,4.566221375677927
2009-05-17,4.5652804422934885
2009-05-18,4.564393930819708
2009-05-19,4.563576449668402
2009-05-20,4.562827998839571
2009-05-21,4.562148578333216
2009-05-22,4.561538188149334
2009-05-23,4.560996828287927
2009-05-24,4.560524498748997
2009-05-25,4.56012119953254
2009-05-26,4.55978693063856
2009-05-27,4.559521692067054
2009-05-28,4.5593254838180215
2009-05-29,4.559198305891465
2009-05-30,4.559140158287385
2009-05-31,4.559151041005778
2009-06-01,4.559230954046647
2009-06-02,4.5593798974099915
2009-06-03,4.55959787109581
2009-06-04,4.559884875104103
2009-06-05,4.560240909434873
2009-06-06,4.560665974088116
2009-06-07,4.561160069063835
2009-06-08,4.561723194362028
2009-06-09,4.562355349982697
2009-06-10,4.563056535925841
2009-06-11,4.56382675219146
2009-06-12,4.564665998779554
2009-06-13,4.565574275690122
2009-06-14,4.566551582923166
2009-06-15,4.5675979204786845
2009-06-16,4.568713288356678
2009-06-17,4.569827350173192
2009-06-18,4.570869769544275
2009-06-19,4.571840546469921
2009-06-20,4.572739680950136
2009-06-21,4.573567172984918
2009-06-22,4.574323022574265
2009-06-23,4.57500722971818
2009-06-24,4.575619794416661
2009-06-25,4.576160716669709
2009-06-26,4.576629996477323
2009-06-27,4.577027633839505
2009-06-28,4.577353628756253
2009-06-29,4.577607981227567
2009-06-30,4.577790691253449
2009-07-01,4.577901758833898
2009-07-02,4.577941183968911
2009-07-03,4.577908966658494
2009-07-04,4.577805106902641
2009-07-05,4.5776296047013565
2009-07-06,4.577382460054637
2009-07-07,4.577063672962485
2009-07-08,4.576673243424901
2009-07-09,4.576211171441882
2009-07-10,4.57567745701343
2009-07-11,4.575072100139545
2009-07-12,4.574395100820226
2009-07-13,4.573646459055474
2009-07-14,4.57282617484529
2009-07-15,4.571934248189672
2009-07-16,4.570970679088619
2009-07-17,4.569954432621985
2009-07-18,4.5689992992688735
2009-07-19,4.5681242441091365
2009-07-20,4.567329267142773
2009-07-21,4.566614368369781
2009-07-22,4.565979547790164
2009-07-23,4.565424805403921
2009-07-24,4.56495014121105
2009-07-25,4.5645555552115535
2009-07-26,4.56424104740543
2009-07-27,4.564006617792681
2009-07-28,4.5638522663733045
2009-07-29,4.563777993147302
2009-07-30,4.563783798114673
2009-07-31,4.563869681275419
2009-08-01,4.564035642629536
2009-08-02,4.564281682177028
2009-08-03,4.564607799917893
2009-08-04,4.565013995852133
2009-08-05,4.565500269979745
2009-08-06,4.56606662230073
2009-08-07,4.56671305281509
2009-08-08,4.567439561522823
2009-08-09,4.568246148423929
2009-08-10,4.5691328135184115
2009-08-11,4.570099556806264
2009-08-12,4.571146378287492
2009-08-13,4.5722732779620925
2009-08-14,4.5734802558300665
2009-08-15,4.574767311891414
2009-08-16,4.576134446146137
2009-08-17,4.57756395106368
2009-08-18,4.578949581460742
2009-08-19,4.580273629806771
2009-08-20,4.581536096101767
2009-08-21,4.582736980345731
2009-08-22,4.583876282538661
2009-08-23,4.584954002680559
2009-08-24,4.585970140771423
2009-08-25,4.586924696811256
2009-08-26,4.587817670800053
2009-08-27,4.5886490627378205
2009-08-28,4.589418872624553
2009-08-29,4.590127100460252
2009-08-30,4.5907737462449205
2009-08-31,4.591358809978553
2009-09-01,4.591882291661156
2009-09-02,4.5923441912927245
2009-09-03,4.59274450887326
2009-09-04,4.593083244402763
2009-09-05,4.593360397881232
2009-09-06,4.593575969308668
2009-09-07,4.593729958685072
2009-09-08,4.593822366010444
2009-09-09,4.593853191284782
2009-09-10,4.593822434508087
2009-09-11,4.593730095680359
2009-09-12,4.593576174801599
2009-09-13,4.593360671871805
2009-09-14,4.5930835868909785
2009-09-15,4.592744919859118
2009-09-16,4.592344670776226
2009-09-17,4.591928134471199
2009-09-18,4.591540605772935
2009-09-19,4.5911820846814315
2009-09-20,4.5908525711966925
2009-09-21,4.5905520653187155
2009-09-22,4.590280567047501
2009-09-23,4.59003807638305
2009-09-24,4.589824593325361
2009-09-25,4.589640117874436
2009-09-26,4.589484650030271
2009-09-27,4.58935818979287
2009-09-28,4.589260737162233
2009-09-29,4.589192292138357
2009-09-30,4.5891528547212435
2009-10-01,4.589142424910894
2009-10-02,4.589161002707306
2009-10-03,4.589208588110481
2009-10-04,4.589285181120419
2009-10-05,4.589390781737119
2009-10-06,4.589525389960583
2009-10-07,4.589689005790808
2009-10-08,4.589881629227795
2009-10-09,4.5901032602715475
2009-10-10,4.590353898922062
2009-10-11,4.590633545179337
2009-10-12,4.5909421990433765
2009-10-13,4.591279860514177
2009-10-14,4.591646529591742
2009-10-15,4.592042206276069
2009-10-16,4.592466890567158
2009-10-17,4.592914686819931
2009-10-18,4.593350221163917
2009-10-19,4.5937675979540336
2009-10-20,4.594166817190283
2009-10-21,4.594547878872665
2009-10-22,4.594910783001178
2009-10-23,4.595255529575826
2009-10-24,4.595582118596604
2009-10-25,4.5958905500635145
2009-10-26,4.596180823976559
2009-10-27,4.596452940335735
2009-10-28,4.596706899141044
2009-10-29,4.596942700392484
2009-10-30,4.5971603440900575
2009-10-31,4.597359830233762
2009-11-01,4.5975411588236
2009-11-02,4.597704329859569
2009-11-03,4.5978493433416725
2009-11-04,4.597976199269907
2009-11-05,4.598084897644274
2009-11-06,4.598175438464774
2009-11-07,4.598247821731405
2009-11-08,4.59830204744417
2009-11-09,4.598338115603067
2009-11-10,4.598356026208096
2009-11-11,4.598355779259257
2009-11-12,4.598337374756551
2009-11-13,4.598300812699977
2009-11-14,4.598246093089536
2009-11-15,4.598173215925226
2009-11-16,4.598082181207049
2009-11-17,4.5979701855560675
2009-11-18,4.597834425593344
2009-11-19,4.597674901318877
2009-11-20,4.597491612732669
2009-11-21,4.597284559834717
2009-11-22,4.5970537426250235
2009-11-23,4.596799161103589
2009-11-24,4.59652081527041
2009-11-25,4.59621870512549
2009-11-26,4.595892830668828
2009-11-27,4.595543191900422
2009-11-28,4.595169788820276
2009-11-29,4.594772621428386
2009-11-30,4.594351689724754
2009-12-01,4.59390699370938
2009-12-02,4.593438533382264
2009-12-03,4.5929463087434055
2009-12-04,4.592430319792804
2009-12-05,4.591890566530462
2009-12-06,4.591327048956375
2009-12-07,4.590739767070547
2009-12-08,4.590128720872977
2009-12-09,4.5894939103636645
2009-12-10,4.58883533554261
2009-12-11,4.588152996409813
2009-12-12,4.587446892965273
2009-12-13,4.586717025208991
2009-12-14,4.585963393140968
2009-12-15,4.585185996761201
2009-12-16,4.584384836069692
2009-12-17,4.5835702944308645
2009-12-18,4.582804672031246
2009-12-19,4.582098352235263
2009-12-20,4.5814513350429165
2009-12-21,4.580863620454202
2009-12-22,4.580335208469122
2009-12-23,4.579866099087678
2009-12-24,4.579456292309865
2009-12-25,4.5791057881356885
2009-12-26,4.578814586565145
2009-12-27,4.578582687598237
2009-12-28,4.5784100912349635
2009-12-29,4.578296797475324
2009-12-30,4.5782428063193175
2009-12-31,4.578248117766946
2010-01-01,4.578312731818208
2010-01-02,4.578436648473105
2010-01-03,4.5786198677316365
2010-01-04,4.578862389593802
2010-01-05,4.579164214059602
2010-01-06,4.579525341129035
2010-01-07,4.579945770802103
2010-01-08,4.580425503078807
2010-01-09,4.580964537959143
2010-01-10,4.581562875443114
2010-01-11,4.58222051553072
2010-01-12,4.582937458221959
2010-01-13,4.583713703516832
2010-01-14,4.584549251415341
2010-01-15,4.585444101917482
2010-01-16,4.5863982550232585
2010-01-17,4.587399027382007
2010-01-18,4.588370318889755
2010-01-19,4.589299446195839
2010-01-20,4.590186409300261
2010-01-21,4.591031208203019
2010-01-22,4.591833842904116
2010-01-23,4.592594313403547
2010-01-24,4.593312619701316
2010-01-25,4.593988761797423
2010-01-26,4.594622739691865
2010-01-27,4.595214553384645
2010-01-28,4.595764202875762
2010-01-29,4.596271688165216
2010-01-30,4.596737009253007
2010-01-31,4.597160166139135
2010-02-01,4.5975411588236
2010-02-02,4.597879987306401
2010-02-03,4.598176651587539
2010-02-04,4.598431151667015
2010-02-05,4.598643487544828
2010-02-06,4.598813659220976
2010-02-07,4.598941666695463
2010-02-08,4.599027509968285
2010-02-09,4.599071189039445
2010-02-10,4.599072703908942
2010-02-11,4.599032054576776
2010-02-12,4.5989492410429476
2010-02-13,4.5988242633074545
2010-02-14,4.5986571213703
2010-02-15,4.598447815231481
2010-02-16,4.598187961918599
2010-02-17,4.597869178459252
2010-02-18,4.597491464853441
2010-02-19,4.597054821101165
2010-02-20,4.596559247202424
2010-02-21,4.596004743157219
2010-02-22,4.59539130896555
2010-02-23,4.594718944627417
2010-02-24,4.593987650142816
2010-02-25,4.593197425511755
2010-02-26,4.592348270734226
2010-02-27,4.591440185810233
2010-02-28,4.590473170739776
2010-03-01,4.589447225522855
2010-03-02,4.5883623501594695
2010-03-03,4.587218544649619
2010-03-04,4.586015808993303
2010-03-05,4.584754143190524
2010-03-06,4.583433547241279
2010-03-07,4.58205402114557
2010-03-08,4.580615564903397
2010-03-09,4.579118178514759
2010-03-10,4.577561861979657
2010-03-11,4.57594661529809
2010-03-12,4.574272438470058
2010-03-13,4.5725393314955625
2010-03-14,4.5707472943746
2010-03-15,4.568896327107176
2010-03-16,4.566986429693285
2010-03-17,4.565040258018992
2010-03-18,4.563193747400651
2010-03-19,4.561469553724324
2010-03-20,4.559867676990011
2010-03-21,4.558388117197711
2010-03-22,4.557030874347426
2010-03-23,4.5557959484391555
2010-03-24,4.554683339472898
2010-03-25,4.553693047448653
2010-03-26,4.5528250723664225
2010-03-27,4.552079414226206
2010-03-28,4.551456073028005
2010-03-29,4.550955048771815
2010-03-30,4.55057634145764
2010-03-31,4.550319951085479
2010-04-01,4.550185877655332
2010-04-02,4.550174121167198
2010-04-03,4.550284681621079
2010-04-04,4.550517559016973
2010-04-05,4.550872753354882
2010-04-06,4.551350264634803
2010-04-07,4.551950092856738
2010-04-08,4.552672238020688
2010-04-09,4.553516700126652
2010-04-10,4.554483479174628
2010-04-11,4.55557257516462
2010-04-12,4.556783988096624
2010-04-13,4.558117717970642
2010-04-14,4.559573764786675
2010-04-15,4.561152128544721
2010-04-16,4.562852809244781
2010-04-17,4.56458867195821
2010-04-18,4.566272581756361
2010-04-19,4.567904538639234
2010-04-20,4.569484542606831
2010-04-21,4.571012593659148
2010-04-22,4.57248869179619
2010-04-23,4.573912837017955
2010-04-24,4.575285029324442
2010-04-25,4.576605268715651
2010-04-26,4.577873555191583
2010-04-27,4.579089888752238
2010-04-28,4.580254269397616
2010-04-29,4.581366697127716
2010-04-30,4.5824271719425385
2010-05-01,4.583435693842085
2010-05-02,4.584392262826352
2010-05-03,4.585296878895344
2010-05-04,4.586149542049057
2010-05-05,4.586950252287493
2010-05-06,4.5876990096106525
2010-05-07,4.588395814018535
2010-05-08,4.5890406655111375
2010-05-09,4.589633564088466
2010-05-10,4.590174509750515
2010-05-11,4.590663502497287
2010-05-12,4.591100542328782
2010-05-13,4.591485629245
2010-05-14,4.591818763245939
2010-05-15,4.592099944331602
2010-05-16,4.592329172501988
2010-05-17,4.592514672858498
2010-05-18,4.592705796009548
2010-05-19,4.592910767056538
2010-05-20,4.59312958599947
2010-05-21,4.593362252838341
2010-05-22,4.593608767573154
2010-05-23,4.593869130203908
2010-05-24,4.594143340730604
2010-05-25,4.594431399153239
2010-05-26,4.594733305471816
2010-05-27,4.595049059686334
2010-05-28,4.595378661796792
2010-05-29,4.59572211180319
2010-05-30,4.596079409705531
2010-05-31,4.596450555503812
2010-06-01,4.596835549198034
2010-06-02,4.597234390788198
2010-06-03,4.597647080274301
2010-06-04,4.598073617656346
2010-06-05,4.598514002934332
2010-06-06,4.598968236108259
2010-06-07,4.599436317178126
2010-06-08,4.599918246143935
2010-06-09,4.600414023005684
2010-06-10,4.600923647763375
2010-06-11,4.601447120417006
2010-06-12,4.601984440966579
2010-06-13,4.602535609412092
2010-06-14,4.603100625753546
2010-06-15,4.603679489990942
2010-06-16,4.604272202124277
2010-06-17,4.604871708488793
2010-06-18,4.605470955419727
2010-06-19,4.606069942917077
2010-06-20,4.606668670980844
2010-06-21,4.607267139611029
2010-06-22,4.607865348807632
2010-06-23,4.608463298570653
2010-06-24,4.609060988900091
2010-06-25,4.609658419795947
2010-06-26,4.61025559125822
2010-06-27,4.610852503286911
2010-06-28,4.611449155882019
2010-06-29,4.612045549043545
2010-06-30,4.612641682771489
2010-07-01,4.61323755706585
2010-07-02,4.613833171926628
2010-07-03,4.614428527353825
2010-07-04,4.615023623347438
2010-07-05,4.615618459907471
2010-07-06,4.616213037033918
2010-07-07,4.6168073547267845
2010-07-08,4.617401412986069
2010-07-09,4.61799521181177
2010-07-10,4.61858875120389
2010-07-11,4.619182031162427
2010-07-12,4.61977505168738
2010-07-13,4.620367812778753
2010-07-14,4.620960314436543
2010-07-15,4.621552556660749
2010-07-16,4.622144539451373
2010-07-17,4.622733865597383
2010-07-18,4.623306151832577
2010-07-19,4.623859000945925
2010-07-20,4.624392412937425
2010-07-21,4.624906387807077
2010-07-22,4.625400925554882
2010-07-23,4.62587602618084
2010-07-24,4.6263316896849505
2010-07-25,4.626767916067213
2010-07-26,4.627184705327627
2010-07-27,4.627582057466196
2010-07-28,4.627959972482917
2010-07-29,4.628318450377789
2010-07-30,4.628657491150815
2010-07-31,4.628977094801994
2010-08-01,4.629277261331325
2010-08-02,4.6295579907388085
2010-08-03,4.629819283024444
2010-08-04,4.630061138188234
2010-08-05,4.630283556230175
2010-08-06,4.630486537150269
2010-08-07,4.630670080948515
2010-08-08,4.630834187624915
2010-08-09,4.630978857179466
2010-08-10,4.631104089612172
2010-08-11,4.631209884923027
2010-08-12,4.631296243112038
2010-08-13,4.6313631641791995
2010-08-14,4.631410648124514
2010-08-15,4.631438694947981
2010-08-16,4.631447304649602
2010-08-17,4.631440578179686
2010-08-18,4.631443121240112
2010-08-19,4.631459034781191
2010-08-20,4.631488318802921
2010-08-21,4.631530973305305
2010-08-22,4.631586998288343
2010-08-23,4.631656393752033
2010-08-24,4.631739159696377
2010-08-25,4.631835296121373
2010-08-26,4.631944803027021
2010-08-27,4.632067680413323
2010-08-28,4.632203928280279
2010-08-29,4.632353546627886
2010-08-30,4.632516535456147
2010-08-31,4.63269289476506
2010-09-01,4.632882624554627
2010-09-02,4.633085724824847
2010-09-03,4.633302195575719
2010-09-04,4.633532036807244
2010-09-05,4.633775248519423
2010-09-06,4.634031830712254
2010-09-07,4.634301783385737
2010-09-08,4.634585106539875
2010-09-09,4.634881800174665
2010-09-10,4.635191864290108
2010-09-11,4.635515298886203
2010-09-12,4.635852103962953
2010-09-13,4.636202279520354
2010-09-14,4.63656582555841
2010-09-15,4.6369427420771165
2010-09-16,4.637333029076477
2010-09-17,4.637715203088617
2010-09-18,4.638067780645665
2010-09-19,4.638390761747617
2010-09-20,4.6386841463944775
2010-09-21,4.638947934586242
2010-09-22,4.639182126322916
2010-09-23,4.639386721604494
2010-09-24,4.639561720430979
2010-09-25,4.639707122802371
2010-09-26,4.639822928718669
2010-09-27,4.639909138179874
2010-09-28,4.639965751185985
2010-09-29,4.639992767737001
2010-09-30,4.639990187832925
2010-10-01,4.639958011473755
2010-10-02,4.6398962386594915
2010-10-03,4.639804869390136
2010-10-04,4.639683903665684
2010-10-05,4.63953334148614
2010-10-06,4.639353182851503
2010-10-07,4.639143427761772
2010-10-08,4.638904076216946
2010-10-09,4.638635128217028
2010-10-10,4.638336583762015
2010-10-11,4.63800844285191
2010-10-12,4.6376507054867115
2010-10-13,4.637263371666418
2010-10-14,4.636846441391032
2010-10-15,4.636399914660553
2010-10-16,4.635923791474978
2010-10-17,4.6354223565476245
2010-10-18,4.634921318158372
2010-10-19,4.634424961020533
2010-10-20,4.633933285134107
2010-10-21,4.633446290499097
2010-10-22,4.632963977115499
2010-10-23,4.632486344983317
2010-10-24,4.632013394102548
2010-10-25,4.631545124473192
2010-10-26,4.631081536095252
2010-10-27,4.630622628968724
2010-10-28,4.63016840309361
2010-10-29,4.629718858469912
2010-10-30,4.629273995097626
2010-10-31,4.628833812976755
2010-11-01,4.628398312107299
2010-11-02,4.6279674924892555
2010-11-03,4.627541354122626
2010-11-04,4.627119897007412
2010-11-05,4.62670312114361
2010-11-06,4.626291026531224
2010-11-07,4.62588361317025
2010-11-08,4.625480881060691
2010-11-09,4.625082830202546
2010-11-10,4.624689460595815
2010-11-11,4.624300772240497
2010-11-12,4.623916765136595
2010-11-13,4.623537439284106
2010-11-14,4.623162794683031
2010-11-15,4.62279283133337
2010-11-16,4.622427549235122
2010-11-17,4.62207126453103
2010-11-18,4.621728293363835
2010-11-19,4.621398635733532
2010-11-20,4.621082291640127
2010-11-21,4.620779261083616
2010-11-22,4.620489544064001
2010-11-23,4.620213140581281
2010-11-24,4.619950050635457
2010-11-25,4.6197002742265285
2010-11-26,4.619463811354495
2010-11-27,4.619240662019358
2010-11-28,4.619030826221116
2010-11-29,4.61883430395977
2010-11-30,4.618651095235319
2010-12-01,4.618481200047763
2010-12-02,4.618324618397103
2010-12-03,4.618181350283339
2010-12-04,4.61805139570647
2010-12-05,4.617934754666496
2010-12-06,4.617831427163416
2010-12-07,4.617741413197234
2010-12-08,4.617664712767947
2010-12-09,4.6176013258755555
2010-12-10,4.617551252520059
2010-12-11,4.617514492701459
2010-12-12,4.617491046419754
2010-12-13,4.617480913674942
2010-12-14,4.617484094467029
2010-12-15,4.617500588796011
2010-12-16,4.617530396661886
2010-12-17,4.61757017425621
2010-12-18,4.617599858728281
2010-12-19,4.617616106269653
2010-12-20,4.617618916880325
2010-12-21,4.617608290560295
2010-12-22,4.617584227309564
2010-12-23,4.617546727128135
2010-12-24,4.617495790016005
2010-12-25,4.617431415973175
2010-12-26,4.617353604999645
2010-12-27,4.617262357095414
2010-12-28,4.617157672260483
2010-12-29,4.617039550494852
2010-12-30,4.616907991798519
2010-12-31,4.616762996171488
2011-01-01,4.6166045636137545
2011-01-02,4.616432694125321
2011-01-03,4.6162473877061885
2011-01-04,4.616048644356356
2011-01-05,4.615836464075823
2011-01-06,4.615610846864588
2011-01-07,4.615371792722654
2011-01-08,4.6151193016500205
2011-01-09,4.614853373646685
2011-01-10,4.61457400871265
2011-01-11,4.614281206847915
2011-01-12,4.61397496805248
2011-01-13,4.613655292326343
2011-01-14,4.613322179669508
2011-01-15,4.61297563008197
2011-01-16,4.612615643563734
2011-01-17,4.612246210667481
2011-01-18,4.611891274709312
2011-01-19,4.611554826241913
2011-01-20,4.611236865265283
2011-01-21,4.610937391779422
2011-01-22,4.610656405784331
2011-01-23,4.610393907280008
2011-01-24,4.610149896266454
2011-01-25,4.609924372743669
2011-01-26,4.609717336711653
2011-01-27,4.609528788170407
2011-01-28,4.609358727119929
2011-01-29,4.609207153560221
2011-01-30,4.609074067491282
2011-01-31,4.6089594689131115
2011-02-01,4.608863357825709
2011-02-02,4.608785734229077
2011-02-03,4.608726598123213
2011-02-04,4.608685949508119
2011-02-05,4.608663788383795
2011-02-06,4.608660114750238
2011-02-07,4.608674928607451
2011-02-08,4.6087082299554325
2011-02-09,4.608760018794182
2011-02-10,4.608830295123703
2011-02-11,4.608919058943991
2011-02-12,4.60902631025505
2011-02-13,4.609152049056877
2011-02-14,4.6092962753494735
2011-02-15,4.609458989132838
2011-02-16,4.609597292510838
2011-02-17,4.609668287587339
2011-02-18,4.609671974362341
2011-02-19,4.609608352835844
2011-02-20,4.609477423007848
2011-02-21,4.6092791848783525
2011-02-22,4.609013638447358
2011-02-23,4.608680783714865
2011-02-24,4.608280620680873
2011-02-25,4.6078131493453816
2011-02-26,4.607278369708391
2011-02-27,4.606676281769902
2011-02-28,4.606006885529912
2011-03-01,4.605270180988425
2011-03-02,4.604466168145439
2011-03-03,4.603594847000953
2011-03-04,4.602656217554968
2011-03-05,4.601650279807484
2011-03-06,4.600577033758502
2011-03-07,4.599436479408019
2011-03-08,4.598228616756039
2011-03-09,4.5969534458025585
2011-03-10,4.59561096654758
2011-03-11,4.594201178991102
2011-03-12,4.592724083133124
2011-03-13,4.591179678973648
2011-03-14,4.589567966512673
2011-03-15,4.5878889457501995
2011-03-16,4.586142616686226
2011-03-17,4.584349767371421
2011-03-18,4.582635126109803
2011-03-19,4.581019480952037
2011-03-20,4.579502831898124
2011-03-21,4.578085178948066
2011-03-22,4.5767665221018605
2011-03-23,4.575546861359508
2011-03-24,4.574426196721009
2011-03-25,4.573404528186363
2011-03-26,4.572481855755571
2011-03-27,4.571658179428632
2011-03-28,4.570933499205546
2011-03-29,4.570307815086315
2011-03-30,4.569781127070936
2011-03-31,4.56935343515941
2011-04-01,4.569024739351738
2011-04-02,4.568795039647918
2011-04-03,4.568664336047953
2011-04-04,4.568632628551842
2011-04-05,4.568699917159583
2011-04-06,4.5688662018711765
2011-04-07,4.569131482686624
2011-04-08,4.5694957596059265
2011-04-09,4.569959032629081
2011-04-10,4.570521301756089
2011-04-11,4.57118256698695
2011-04-12,4.5719428283216645
2011-04-13,4.572802085760232
2011-04-14,4.573760339302654
2011-04-15,4.574817588948928
2011-04-16,4.575973834699056
2011-04-17,4.577159077317969
2011-04-18,4.578303317570597
2011-04-19,4.5794065554569405
2011-04-20,4.580468790976998
2011-04-21,4.581490024130772
2011-04-22,4.582470254918261
2011-04-23,4.583409483339467
2011-04-24,4.584307709394387
2011-04-25,4.585164933083021
2011-04-26,4.5859811544053715
2011-04-27,4.586756373361437
2011-04-28,4.587490589951219
2011-04-29,4.588183804174715
2011-04-30,4.588836016031928
2011-05-01,4.589447225522855
2011-05-02,4.590017432647498
2011-05-03,4.590546637405857
2011-05-04,4.59103483979793
2011-05-05,4.5914820398237195
2011-05-06,4.591888237483223
2011-05-07,4.592253432776443
2011-05-08,4.5925776257033775
2011-05-09,4.592860816264029
2011-05-10,4.593103004458394
2011-05-11,4.593304190286475
2011-05-12,4.593464373748271
2011-05-13,4.593583554843783
2011-05-14,4.59366173357301
2011-05-15,4.593698909935953
2011-05-16,4.5936950839326105
2011-05-17,4.5936569736272235
2011-05-18,4.593624887405238
2011-05-19,4.59360554333089
2011-05-20,4.593598941404181
2011-05-21,4.593605081625113
2011-05-22,4.593623963993683
2011-05-23,4.593655588509894
2011-05-24,4.593699955173744
2011-05-25,4.593757063985232
2011-05-26,4.593826914944362
2011-05-27,4.593909508051129
2011-05-28,4.5940048433055365
2011-05-29,4.594112920707584
2011-05-30,4.5942337402572715
2011-05-31,4.5943673019545965
2011-06-01,4.594513605799563
2011-06-02,4.594672651792168
2011-06-03,4.594844439932412
2011-06-04,4.595028970220297
2011-06-05,4.59522624265582
2011-06-06,4.595436257238983
2011-06-07,4.595659013969787
2011-06-08,4.595894512848228
2011-06-09,4.59614275387431
2011-06-10,4.596403737048031
2011-06-11,4.596677462369391
2011-06-12,4.596963929838392
2011-06-13,4.597263139455031
2011-06-14,4.597575091219311
2011-06-15,4.597899785131229
2011-06-16,4.598237221190787
2011-06-17,4.598588921025483
2011-06-18,4.5989564062628165
2011-06-19,4.599339676902786
2011-06-20,4.599738732945393
2011-06-21,4.600153574390635
2011-06-22,4.600584201238515
2011-06-23,4.601030613489033
2011-06-24,4.601492811142187
2011-06-25,4.601970794197976
2011-06-26,4.602464562656404
2011-06-27,4.602974116517468
2011-06-28,4.6034994557811695
2011-06-29,4.604040580447506
2011-06-30,4.604597490516481
2011-07-01,4.605170185988092
2011-07-02,4.605758666862339
2011-07-03,4.606362933139225
2011-07-04,4.606982984818746
2011-07-05,4.607618821900905
2011-07-06,4.608270444385699
2011-07-07,4.60893785227313
2011-07-08,4.6096210455632
2011-07-09,4.610320024255905
2011-07-10,4.6110347883512475
2011-07-11,4.611765337849226
2011-07-12,4.612511672749842
2011-07-13,4.613273793053094
2011-07-14,4.614051698758984
2011-07-15,4.61484538986751
2011-07-16,4.615654866378672
2011-07-17,4.61647727097153
2011-07-18,4.617295459720432
2011-07-19,4.618106575304438
2011-07-20,4.618910617723546
2011-07-21,4.619707586977755
2011-07-22,4.620497483067069
2011-07-23,4.621280305991485
2011-07-24,4.622056055751003
2011-07-25,4.622824732345624
2011-07-26,4.6235863357753475
2011-07-27,4.624340866040175
2011-07-28,4.625088323140105
2011-07-29,4.6258287070751365
2011-07-30,4.626562017845271
2011-07-31,4.627288255450507
2011-08-01,4.6280074198908485
2011-08-02,4.628719511166291
2011-08-03,4.629424529276836
2011-08-04,4.630122474222485
2011-08-05,4.630813346003236
2011-08-06,4.63149714461909
2011-08-07,4.632173870070045
2011-08-08,4.632843522356104
2011-08-09,4.633506101477266
2011-08-10,4.634161607433532
2011-08-11,4.634810040224899
2011-08-12,4.635451399851368
2011-08-13,4.63608568631294
2011-08-14,4.636712899609615
2011-08-15,4.637333039741393
2011-08-16,4.637946106708275
2011-08-17,4.638551400140398
2011-08-18,4.639144717818606
2011-08-19,4.6397253593730365
2011-08-20,4.640293324803692
2011-08-21,4.640848614110573
2011-08-22,4.641391227293677
2011-08-23,4.641921164353005
2011-08-24,4.642438425288557
2011-08-25,4.642943010100334
2011-08-26,4.6434349187883335
2011-08-27,4.643914151352559
2011-08-28,4.644380707793008
2011-08-29,4.644834588109681
2011-08-30,4.645275792302578
2011-08-31,4.645704320371699
2011-09-01,4.646120172317046
2011-09-02,4.646523348138615
2011-09-03,4.646913847836409
2011-09-04,4.647291671410427
2011-09-05,4.647656818860669
2011-09-06,4.648009290187136
2011-09-07,4.6483490853898255
2011-09-08,4.648676204468741
2011-09-09,4.648990647423879
2011-09-10,4.649292414255242
2011-09-11,4.649581504962828
2011-09-12,4.6498579195466405
2011-09-13,4.650121658006675
2011-09-14,4.650372720342936
2011-09-15,4.650611106555418
2011-09-16,4.6508368166441265
2011-09-17,4.651042305138879
2011-09-18,4.651220026569498
2011-09-19,4.651369980935979
2011-09-20,4.651492168238328
2011-09-21,4.651586588476541
2011-09-22,4.65165324165062
2011-09-23,4.6516921277605645
2011-09-24,4.651703246806373
2011-09-25,4.651686598788047
2011-09-26,4.651642183705587
2011-09-27,4.651570001558992
2011-09-28,4.651470052348261
2011-09-29,4.651342336073396
2011-09-30,4.651186852734397
2011-10-01,4.651003602331263
2011-10-02,4.650792584863994
2011-10-03,4.65055380033259
2011-10-04,4.650287248737051
2011-10-05,4.649992930077378
2011-10-06,4.64967084435357
2011-10-07,4.649320991565627
2011-10-08,4.648943371713548
2011-10-09,4.648537984797336
2011-10-10,4.6481048308169886
2011-10-11,4.647643909772507
2011-10-12,4.6471552216638905
2011-10-13,4.646638766491138
2011-10-14,4.646094544254252
2011-10-15,4.645522554953231
2011-10-16,4.644922798588074
2011-10-17,4.644302213414779
2011-10-18,4.643702428969312
2011-10-19,4.643130383507669
2011-10-20,4.64258607702985
2011-10-21,4.6420695095358555
2011-10-22,4.641580681025684
2011-10-23,4.641119591499336
2011-10-24,4.640686240956815
2011-10-25,4.640280629398115
2011-10-26,4.63990275682324
2011-10-27,4.639552623232189
2011-10-28,4.639230228624961
2011-10-29,4.638935573001557
2011-10-30,4.638668656361978
2011-10-31,4.638429478706223
2011-11-01,4.638218040034292
2011-11-02,4.6380343403461834
2011-11-03,4.6378783796419
2011-11-04,4.63775015792144
2011-11-05,4.637649675184804
2011-11-06,4.637576931431993
2011-11-07,4.637531926663005
2011-11-08,4.637514660877841
2011-11-09,4.637525134076501
2011-11-10,4.637563346258984
2011-11-11,4.637629297425293
2011-11-12,4.637722987575425
2011-11-13,4.637844416709381
2011-11-14,4.637993584827162
2011-11-15,4.638170491928765
2011-11-16,4.638375138014192
2011-11-17,4.638598123630309
2011-11-18,4.638830049323979
2011-11-19,4.6390709150952025
2011-11-20,4.639320720943981
2011-11-21,4.6395794668703125
2011-11-22,4.639847152874197
2011-11-23,4.640123778955636
2011-11-24,4.640409345114629
2011-11-25,4.640703851351176
2011-11-26,4.641007297665276
2011-11-27,4.6413196840569295
2011-11-28,4.641641010526137
2011-11-29,4.641971277072899
2011-11-30,4.642310483697214
2011-12-01,4.642658630399083
2011-12-02,4.643015717178505
2011-12-03,4.643381744035482
2011-12-04,4.6437567109700115
2011-12-05,4.644140617982096
2011-12-06,4.644533465071733
2011-12-07,4.644935252238924
2011-12-08,4.64534597948367
2011-12-09,4.645765646805968
2011-12-10,4.646194254205821
2011-12-11,4.6466318016832275
2011-12-12,4.647078289238188
2011-12-13,4.6475337168707
2011-12-14,4.6479980845807685
2011-12-15,4.648471392368389
2011-12-16,4.6489536402335645
2011-12-17,4.649438461906513
2011-12-18,4.649887659768553
2011-12-19,4.650294867549905
2011-12-20,4.65066008525057
2011-12-21,4.6509833128705464
2011-12-22,4.651264550409834
2011-12-23,4.651503797868435
2011-12-24,4.651701055246347
2011-12-25,4.651856322543572
2011-12-26,4.651969599760106
2011-12-27,4.652040886895955
2011-12-28,4.652070183951115
2011-12-29,4.6520574909255865
2011-12-30,4.65200280781937
2011-12-31,4.6519061346324655
2012-01-01,4.651767471364874
2012-01-02,4.651586818016592
2012-01-03,4.6513641745876235
2012-01-04,4.651099541077967
2012-01-05,4.650792917487623
2012-01-06,4.650444303816588
2012-01-07,4.650053700064869
2012-01-08,4.64962110623246
2012-01-09,4.649146522319363
2012-01-10,4.648629948325577
2012-01-11,4.648071384251104
2012-01-12,4.647470830095942
2012-01-13,4.646828285860092
2012-01-14,4.646143751543556
2012-01-15,4.64541722714633
2012-01-16,4.644648712668417
2012-01-17,4.643837083287326
2012-01-18,4.642975590068119
2012-01-19,4.64206310818831
2012-01-20,4.641099637647896
2012-01-21,4.640085178446879
2012-01-22,4.6390197305852565
2012-01-23,4.637903294063032
2012-01-24,4.636735868880202
2012-01-25,4.635517455036768
2012-01-26,4.634248052532731
2012-01-27,4.63292766136809
2012-01-28,4.631556281542845
2012-01-29,4.630133913056995
2012-01-30,4.628660555910543
2012-01-31,4.627136210103486
2012-02-01,4.625560875635825
2012-02-02,4.62393455250756
2012-02-03,4.622257240718691
2012-02-04,4.620528940269218
2012-02-05,4.618749651159141
2012-02-06,4.616919373388461
2012-02-07,4.615038106957177
2012-02-08,4.613105851865288
2012-02-09,4.611122608112796
2012-02-10,4.609088375699699
2012-02-11,4.607003154625998
2012-02-12,4.604866944891694
2012-02-13,4.602679746496785
2012-02-14,4.600441559441274
2012-02-15,4.598152383725157
2012-02-16,4.595830856405188
2012-02-17,4.59358879982187
2012-02-18,4.5914448510319525
2012-02-19,4.5893990100354385
2012-02-20,4.587451276832325
2012-02-21,4.585601651422613
2012-02-22,4.583850133806305
2012-02-23,4.582196723983397
2012-02-24,4.580641421953891
2012-02-25,4.579184227717787
2012-02-26,4.577825141275084
2012-02-27,4.576564162625785
2012-02-28,4.575401291769886
2012-02-29,4.574336528707389
2012-03-01,4.573369873438294
2012-03-02,4.572501325962601
2012-03-03,4.571730886280308
2012-03-04,4.571058554391419
2012-03-05,4.5704843302959315
2012-03-06,4.5700082139938445
2012-03-07,4.569630205485161
2012-03-08,4.569350304769879
2012-03-09,4.569168511847998
2012-03-10,4.569084826719519
2012-03-11,4.569099249384442
2012-03-12,4.5692117798427665
2012-03-13,4.569422418094493
2012-03-14,4.569731164139622
2012-03-15,4.570138017978151
2012-03-16,4.570642979610083
2012-03-17,4.571235899052292
2012-03-18,4.57185587640604
2012-03-19,4.572492761688204
2012-03-20,4.57314655489878
2012-03-21,4.573817256037771
2012-03-22,4.574504865105175
2012-03-23,4.575209382100994
2012-03-24,4.5759308070252285
2012-03-25,4.576669139877876
2012-03-26,4.577424380658936
2012-03-27,4.578196529368413
2012-03-28,4.578985586006304
2012-03-29,4.579791550572608
2012-03-30,4.580614423067327
2012-03-31,4.581454203490461
2012-04-01,4.582310891842009
2012-04-02,4.58318448812197
2012-04-03,4.584074992330346
2012-04-04,4.584982404467136
2012-04-05,4.585906724532341
2012-04-06,4.586847952525959
2012-04-07,4.5878060884479925
2012-04-08,4.58878113229844
2012-04-09,4.589773084077301
2012-04-10,4.590781943784577
2012-04-11,4.591807711420268
2012-04-12,4.592850386984372
2012-04-13,4.593909970476891
2012-04-14,4.594986461897824
2012-04-15,4.596079861247171
2012-04-16,4.597190168524932
2012-04-17,4.598295073834909
2012-04-18,4.599372267280905
2012-04-19,4.600421748862915
2012-04-20,4.601443518580944
2012-04-21,4.602437576434989
2012-04-22,4.603403922425052
2012-04-23,4.604342556551132
2012-04-24,4.605253478813228
2012-04-25,4.606136689211343
2012-04-26,4.606992187745474
2012-04-27,4.607819974415623
2012-04-28,4.608620049221789
2012-04-29,4.609392412163971
2012-04-30,4.610137063242171
2012-05-01,4.610854002456389
2012-05-02,4.611543229806622
2012-05-03,4.612204745292874
2012-05-04,4.612838548915142
2012-05-05,4.613444640673428
2012-05-06,4.614023020567731
2012-05-07,4.614573688598051
2012-05-08,4.615096644764387
2012-05-09,4.615591889066742
2012-05-10,4.616059421505113
2012-05-11,4.616499242079501
2012-05-12,4.616911350789907
2012-05-13,4.617295747636329
2012-05-14,4.617652432618769
2012-05-15,4.6179814057372255
2012-05-16,4.6182826669917
2012-05-17,4.6185587119500635
2012-05-18,4.618824514019552
2012-05-19,4.619082568768038
2012-05-20,4.619332876195519
2012-05-21,4.619575436301998
2012-05-22,4.619810249087474
2012-05-23,4.620037314551947
2012-05-24,4.620256632695418
2012-05-25,4.620468203517884
2012-05-26,4.620672027019349
2012-05-27,4.62086810319981
2012-05-28,4.621056432059268
2012-05-29,4.621237013597724
2012-05-30,4.621409847815175
2012-05-31,4.6215749347116235
2012-06-01,4.62173227428707
2012-06-02,4.621881866541513
2012-06-03,4.622023711474952
2012-06-04,4.6221578090873905
2012-06-05,4.6222841593788235
2012-06-06,4.622402762349255
2012-06-07,4.622513617998683
2012-06-08,4.622616726327108
2012-06-09,4.62271208733453
2012-06-10,4.6227997010209485
2012-06-11,4.622879567386365
2012-06-12,4.622951686430778
2012-06-13,4.623016058154187
2012-06-14,4.623072682556595
2012-06-15,4.6231215596379975
2012-06-16,4.623162689398399
2012-06-17,4.623197220165952
2012-06-18,4.623226300268815
2012-06-19,4.623249929706986
2012-06-20,4.623268108480465
2012-06-21,4.623280836589252
2012-06-22,4.623288114033349
2012-06-23,4.623289940812755
2012-06-24,4.623286316927468
2012-06-25,4.6232772423774895
2012-06-26,4.623262717162821
2012-06-27,4.623242741283461
2012-06-28,4.62321731473941
2012-06-29,4.623186437530665
2012-06-30,4.623150109657232
2012-07-01,4.623108331119105
2012-07-02,4.623061101916287
2012-07-03,4.623008422048779
2012-07-04,4.622950291516577
2012-07-05,4.622886710319687
2012-07-06,4.6228176784581025
2012-07-07,4.622743195931827
2012-07-08,4.622663262740862
2012-07-09,4.622577878885204
2012-07-10,4.622487044364855
2012-07-11,4.622390759179815
2012-07-12,4.622289023330083
2012-07-13,4.62218183681566
2012-07-14,4.622069199636546
2012-07-15,4.62195111179274
2012-07-16,4.621827573284243
2012-07-17,4.621699469235622
2012-07-18,4.621572110394291
2012-07-19,4.621446381884818
2012-07-20,4.621322283707203
2012-07-21,4.621199815861445
2012-07-22,4.621078978347545
2012-07-23,4.620959771165505
2012-07-24,4.620842194315319
2012-07-25,4.620726247796993
2012-07-26,4.620611931610523
2012-07-27,4.620499245755914
2012-07-28,4.620388190233161
2012-07-29,4.620278765042267
2012-07-30,4.620170970183228
2012-07-31,4.620064805656049
2012-08-01,4.619960271460727
2012-08-02,4.619857367597263
2012-08-03,4.619756094065656
2012-08-04,4.619656450865909
2012-08-05,4.619558437998019
2012-08-06,4.619462055461986
2012-08-07,4.61936730325781
2012-08-08,4.619274181385494
2012-08-09,4.619182689845035
2012-08-10,4.6190928286364334
2012-08-11,4.619004597759689
2012-08-12,4.618917997214804
2012-08-13,4.6188330270017754
2012-08-14,4.618749687120605
2012-08-15,4.618667977571292
2012-08-16,4.618587898353839
2012-08-17,4.618507149947984
2012-08-18,4.618411935232187
2012-08-19,4.618299954686188
2012-08-20,4.618171208309987
2012-08-21,4.618025696103587
2012-08-22,4.617863418066985
2012-08-23,4.617684374200182
2012-08-24,4.617488564503177
2012-08-25,4.617275988975972
2012-08-26,4.617046647618565
2012-08-27,4.616800540430958
2012-08-28,4.616537667413151
2012-08-29,4.616258028565141
2012-08-30,4.61596162388693
2012-08-31,4.615648453378518
2012-09-01,4.615318517039906
2012-09-02,4.614971814871093
2012-09-03,4.614608346872078
2012-09-04,4.614228113042863
2012-09-05,4.613831113383445
2012-09-06,4.613417347893828
2012-09-07,4.612986816574009
2012-09-08,4.612539519423989
2012-09-09,4.612075456443768
2012-09-10,4.611594627633346
2012-09-11,4.611097032992723
2012-09-12,4.6105826725218995
2012-09-13,4.610051546220874
2012-09-14,4.609503654089648
2012-09-15,4.60893899612822
2012-09-16,4.608357572336592
2012-09-17,4.607767067091779
2012-09-18,4.607175164770795
2012-09-19,4.606581865373641
2012-09-20,4.605987168900316
2012-09-21,4.605391075350822
2012-09-22,4.604793584725157
2012-09-23,4.604194697023324
2012-09-24,4.603594412245319
2012-09-25,4.602992730391144
2012-09-26,4.6023896514608
2012-09-27,4.6017851754542844
2012-09-28,4.6011793023716
2012-09-29,4.600572032212745
2012-09-30,4.599963364977721
2012-10-01,4.599353300666526
2012-10-02,4.59874183927916
2012-10-03,4.598128980815625
2012-10-04,4.59751472527592
2012-10-05,4.596899072660044
2012-10-06,4.596282022967999
2012-10-07,4.595663576199784
2012-10-08,4.595043732355397
2012-10-09,4.594422491434843
2012-10-10,4.593799853438116
2012-10-11,4.59317581836522
2012-10-12,4.592550386216154
2012-10-13,4.591923556990917
2012-10-14,4.591295330689512
2012-10-15,4.590665707311935
2012-10-16,4.590034686858189
2012-10-17,4.589399812978362
2012-10-18,4.588746347572997
2012-10-19,4.58807183429218
2012-10-20,4.587376273135914
2012-10-21,4.586659664104198
2012-10-22,4.585922007197033
2012-10-23,4.585163302414418
2012-10-24,4.584383549756352
2012-10-25,4.583582749222838
2012-10-26,4.582760900813874
2012-10-27,4.5819180045294585
2012-10-28,4.581054060369595
2012-10-29,4.58016906833428
2012-10-30,4.579263028423517
2012-10-31,4.578335940637303
2012-11-01,4.57738780497564
2012-11-02,4.576418621438527
2012-11-03,4.575428390025963
2012-11-04,4.57441711073795
2012-11-05,4.573384783574487
2012-11-06,4.572331408535575
2012-11-07,4.571256985621213
2012-11-08,4.570161514831401
2012-11-09,4.569044996166139
2012-11-10,4.567907429625427
2012-11-11,4.566748815209266
2012-11-12,4.5655691529176545
2012-11-13,4.5643684427505935
2012-11-14,4.563146684708084
2012-11-15,4.5619038787901225
2012-11-16,4.560640024996712
2012-11-17,4.559345531918265
2012-11-18,4.558010808145199
2012-11-19,4.556635853677508
2012-11-20,4.555220668515198
2012-11-21,4.553765252658264
2012-11-22,4.552269606106711
2012-11-23,4.5507337288605365
2012-11-24,4.549157620919739
2012-11-25,4.54754128228432
2012-11-26,4.5458847129542805
2012-11-27,4.544187912929618
2012-11-28,4.5424508822103355
2012-11-29,4.54067362079643
2012-11-30,4.538856128687904
2012-12-01,4.536998405884757
2012-12-02,4.5351004523869864
2012-12-03,4.533162268194596
2012-12-04,4.531183853307583
2012-12-05,4.52916520772595
2012-12-06,4.527106331449693
2012-12-07,4.525007224478816
2012-12-08,4.522867886813318
2012-12-09,4.520688318453197
2012-12-10,4.518468519398455
2012-12-11,4.516208489649093
2012-12-12,4.513908229205107
2012-12-13,4.511567738066501
2012-12-14,4.509187016233273
2012-12-15,4.506766063705424
2012-12-16,4.504304880482952
2012-12-17,4.501811855167562
2012-12-18,4.4993373193694515
2012-12-19,4.496889661690328
2012-12-20,4.49446888213019
2012-12-21,4.492074980689034
2012-12-22,4.489707957366862
2012-12-23,4.487367812163677
2012-12-24,4.485054545079474
2012-12-25,4.482768156114258
2012-12-26,4.480508645268024
2012-12-27,4.478276012540775
2012-12-28,4.47607025793251
2012-12-29,4.473891381443231
2012-12-30,4.471739383072935
2012-12-31,4.469614262821623
2013-01-01,4.467516020689296
2013-01-02,4.465444656675953
2013-01-03,4.463400170781595
2013-01-04,4.4613825630062225
2013-01-05,4.459391833349833
2013-01-06,4.457427981812427
2013-01-07,4.455491008394007
2013-01-08,4.453580913094571
2013-01-09,4.4516976959141195
2013-01-10,4.449841356852652
2013-01-11,4.448011895910168
2013-01-12,4.44620931308667
2013-01-13,4.444433608382155
2013-01-14,4.4426847817966255
2013-01-15,4.4409628333300795
2013-01-16,4.439267762982519
2013-01-17,4.437602857976485
2013-01-18,4.4359878416472345
2013-01-19,4.434426001217308
2013-01-20,4.432917336686711
2013-01-21,4.431461848055437
2013-01-22,4.430059535323491
2013-01-23,4.428710398490869
2013-01-24,4.427414437557573
2013-01-25,4.426171652523604
2013-01-26,4.42498204338896
2013-01-27,4.423845610153643
2013-01-28,4.422762352817652
2013-01-29,4.421732271380986
2013-01-30,4.420755365843647
2013-01-31,4.4198316362056325
2013-02-01,4.418961082466944
2013-02-02,4.418143704627582
2013-02-03,4.417379502687544
2013-02-04,4.4166684766468345
2013-02-05,4.416010626505451
2013-02-06,4.415405952263393
2013-02-07,4.414854453920659
2013-02-08,4.414356131477254
2013-02-09,4.413910984933173
2013-02-10,4.4135190142884175
2013-02-11,4.413180219542989
2013-02-12,4.412894600696886
2013-02-13,4.412662157750109
2013-02-14,4.412482890702657
2013-02-15,4.412356799554532
2013-02-16,4.4122381288990695
2013-02-17,4.41208112332961
2013-02-18,4.41188578284615
2013-02-19,4.411652107448693
2013-02-20,4.4113800971372354
2013-02-21,4.411069751911781
2013-02-22,4.410721071772326
2013-02-23,4.410334056718874
2013-02-24,4.4099087067514215
2013-02-25,4.409445021869971
2013-02-26,4.408943002074522
2013-02-27,4.408402647365073
2013-02-28,4.407823957741626
2013-03-01,4.40720693320418
2013-03-02,4.406551573752735
2013-03-03,4.405857879387293
2013-03-04,4.40512585010785
2013-03-05,4.404355485914409
2013-03-06,4.403546786806969
2013-03-07,4.40269975278553
2013-03-08,4.401814383850094
2013-03-09,4.400890680000658
2013-03-10,4.399928641237223
2013-03-11,4.39892826755979
2013-03-12,4.397889558968357
2013-03-13,4.396812515462926
2013-03-14,4.395697137043496
2013-03-15,4.3945434237100685
2013-03-16,4.39335137546264
2013-03-17,4.392124021691037
2013-03-18,4.3908795387342
2013-03-19,4.389620955981954
2013-03-20,4.3883482734342945
2013-03-21,4.387061491091227
2013-03-22,4.385760608952748
2013-03-23,4.3844456270188585
2013-03-24,4.383116545289559
2013-03-25,4.381773363764848
2013-03-26,4.380416082444727
2013-03-27,4.379044701329196
2013-03-28,4.377659220418255
2013-03-29,4.3762596397119005
2013-03-30,4.374845959210138
2013-03-31,4.3734181789129645
2013-04-01,4.37197629882038
2013-04-02,4.3705203189323845
2013-04-03,4.369050239248979
2013-04-04,4.367566059770164
2013-04-05,4.366067780495937
2013-04-06,4.364555401426301
2013-04-07,4.363028922561253
2013-04-08,4.361488343900795
2013-04-09,4.359933665444927
2013-04-10,4.358364887193647
2013-04-11,4.356782009146958
2013-04-12,4.355185031304858
2013-04-13,4.353573953667347
2013-04-14,4.351948776234426
2013-04-15,4.350309499006094
2013-04-16,4.348656121982351
2013-04-17,4.347060522740409
2013-04-18,4.345594578857476
2013-04-19,4.344258290333549
2013-04-20,4.343051657168633
2013-04-21,4.341974679362726
2013-04-22,4.341027356915828
2013-04-23,4.340209689827939
2013-04-24,4.339521678099059
2013-04-25,4.338963321729188
2013-04-26,4.338534620718326
2013-04-27,4.338235575066471
2013-04-28,4.338066184773627
2013-04-29,4.338026449839792
2013-04-30,4.338116370264966
2013-05-01,4.338335946049148
2013-05-02,4.338685177192339
2013-05-03,4.3391640636945406
2013-05-04,4.3397726055557495
2013-05-05,4.340510802775968
2013-05-06,4.341378655355196
2013-05-07,4.342376163293432
2013-05-08,4.343503326590676
2013-05-09,4.344760145246932
2013-05-10,4.3461466192621945
2013-05-11,4.347662748636466
2013-05-12,4.349308533369748
2013-05-13,4.351083973462037
2013-05-14,4.352989068913336
2013-05-15,4.355023819723645
2013-05-16,4.357188225892962
2013-05-17,4.359450883667958
2013-05-18,4.361623370528654
2013-05-19,4.36367428272172
2013-05-20,4.365603620247157
2013-05-21,4.3674113831049635
2013-05-22,4.36909757129514
2013-05-23,4.370662184817687
2013-05-24,4.3721052236726035
2013-05-25,4.373426687859889
2013-05-26,4.374626577379547
2013-05-27,4.375704892231575
2013-05-28,4.376661632415971
2013-05-29,4.377496797932739
2013-05-30,4.378210388781875
2013-05-31,4.378802404963383
2013-06-01,4.379272846477261
2013-06-02,4.379621713323509
2013-06-03,4.379849005502126
2013-06-04,4.379954723013114
2013-06-05,4.379938865856472
2013-06-06,4.3798014340322
2013-06-07,4.379542427540298
2013-06-08,4.379161846380766
2013-06-09,4.378659690553605
2013-06-10,4.3780359600588135
2013-06-11,4.377290654896392
2013-06-12,4.376423775066341
2013-06-13,4.375435320568659
2013-06-14,4.374325291403349
2013-06-15,4.373093687570407
2013-06-16,4.371740509069836
2013-06-17,4.37037049372152
2013-06-18,4.369088379345346
2013-06-19,4.367894165941309
2013-06-20,4.366787853509416
2013-06-21,4.36576944204966
2013-06-22,4.364838931562046
2013-06-23,4.363996322046571
2013-06-24,4.363241613503237
2013-06-25,4.362574805932042
2013-06-26,4.361995899332989
2013-06-27,4.361504893706075
2013-06-28,4.361101789051301
2013-06-29,4.360786585368668
2013-06-30,4.360559282658176
2013-07-01,4.360419880919823
2013-07-02,4.36036838015361
2013-07-03,4.360404780359538
2013-07-04,4.360529081537606
2013-07-05,4.3607412836878146
2013-07-06,4.361041386810162
2013-07-07,4.361429390904649
2013-07-08,4.36190529597128
2013-07-09,4.3624691020100475
2013-07-10,4.363120809020956
2013-07-11,4.363860417004006
2013-07-12,4.3646879259591955
2013-07-13,4.365603335886525
2013-07-14,4.366606646785996
2013-07-15,4.367697858657605
2013-07-16,4.368876971501355
2013-07-17,4.370123774903535
2013-07-18,4.371317006381868
2013-07-19,4.372436455522646
2013-07-20,4.373482122325865
2013-07-21,4.374454006791529
2013-07-22,4.3753521089196346
2013-07-23,4.376176428710185
2013-07-24,4.376926966163178
2013-07-25,4.377603721278614
2013-07-26,4.378206694056492
2013-07-27,4.378735884496815
2013-07-28,4.379191292599581
2013-07-29,4.37957291836479
2013-07-30,4.379880761792442
2013-07-31,4.380114822882537
2013-08-01,4.380275101635076
2013-08-02,4.380361598050056
2013-08-03,4.380374312127482
2013-08-04,4.38031324386735
2013-08-05,4.380178393269661
2013-08-06,4.379969760334415
2013-08-07,4.379687345061613
2013-08-08,4.3793311474512535
2013-08-09,4.378901167503338
2013-08-10,4.378397405217866
2013-08-11,4.377819860594835
2013-08-12,4.377168533634249
2013-08-13,4.376443424336106
2013-08-14,4.375644532700406
2013-08-15,4.374771858727148
2013-08-16,4.373825402416335
2013-08-17,4.3728207312451906
2013-08-18,4.371851250077073
2013-08-19,4.370932526389206
2013-08-20,4.37006456018159
2013-08-21,4.369247351454228
2013-08-22,4.368480900207117
2013-08-23,4.367765206440258
2013-08-24,4.367100270153651
2013-08-25,4.366486091347296
2013-08-26,4.365922670021192
2013-08-27,4.365410006175342
2013-08-28,4.364948099809743
2013-08-29,4.3645369509243945
2013-08-30,4.364176559519299
2013-08-31,4.363866925594455
2013-09-01,4.363608049149864
2013-09-02,4.3633999301855235
2013-09-03,4.363242568701435
2013-09-04,4.3631359646976
2013-09-05,4.363080118174015
2013-09-06,4.363075029130683
2013-09-07,4.363120697567602
2013-09-08,4.363217123484774
2013-09-09,4.363364306882199
2013-09-10,4.363562247759873
2013-09-11,4.3638109461178
2013-09-12,4.36411040195598
2013-09-13,4.364460615274411
2013-09-14,4.364861586073095
2013-09-15,4.365313314352029
2013-09-16,4.365815800111216
2013-09-17,4.36632742814855
2013-09-18,4.366806583261924
2013-09-19,4.367253265451337
2013-09-20,4.367667474716792
2013-09-21,4.368049211058288
2013-09-22,4.368398474475825
2013-09-23,4.368715264969402
2013-09-24,4.368999582539019
2013-09-25,4.369251427184678
2013-09-26,4.369470798906377
2013-09-27,4.369657697704116
2013-09-28,4.369812123577896
2013-09-29,4.369934076527717
2013-09-30,4.370023556553578
2013-10-01,4.370080563655481
2013-10-02,4.370105097833423
2013-10-03,4.370097159087407
2013-10-04,4.370056747417431
2013-10-05,4.369983862823496
2013-10-06,4.369878505305601
2013-10-07,4.369740674863747
2013-10-08,4.369570371497932
2013-10-09,4.3693675952081605
2013-10-10,4.369132345994428
2013-10-11,4.368864623856736
2013-10-12,4.368564428795086
2013-10-13,4.368231760809476
2013-10-14,4.367866619899906
2013-10-15,4.367469006066377
2013-10-16,4.367038919308888
2013-10-17,4.366576165143374
2013-10-18,4.3660795766654354
2013-10-19,4.365548959391006
2013-10-20,4.364984313320086
2013-10-21,4.364385638452676
2013-10-22,4.363752934788774
2013-10-23,4.363086202328382
2013-10-24,4.362385441071498
2013-10-25,4.361650651018124
2013-10-26,4.36088183216826
2013-10-27,4.360078984521905
2013-10-28,4.359242108079059
2013-10-29,4.358371202839722
2013-10-30,4.357466268803894
2013-10-31,4.356527305971575
2013-11-01,4.355554314342767
2013-11-02,4.3545472939174665
2013-11-03,4.353506244695676
2013-11-04,4.352431166677395
2013-11-05,4.351322059862622
2013-11-06,4.3501789242513595
2013-11-07,4.349001759843605
2013-11-08,4.347790566639361
2013-11-09,4.346545344638626
2013-11-10,4.345266093841399
2013-11-11,4.343952814247682
2013-11-12,4.342605505857476
2013-11-13,4.341224168670776
2013-11-14,4.339808802687589
2013-11-15,4.338359407907909
2013-11-16,4.336875984331737
2013-11-17,4.335400061128079
2013-11-18,4.333973167465937
2013-11-19,4.332595303345311
2013-11-20,4.331266468766201
2013-11-21,4.329986663728606
2013-11-22,4.328755888232528
2013-11-23,4.327574142277965
2013-11-24,4.3264414258649175
2013-11-25,4.325357738993386
2013-11-26,4.324323081663371
2013-11-27,4.323337453874871
2013-11-28,4.322400855627888
2013-11-29,4.3215132869224195
2013-11-30,4.320674747758468
2013-12-01,4.319885238136032
2013-12-02,4.319144758055112
2013-12-03,4.318453307515707
2013-12-04,4.317810886517818
2013-12-05,4.317217495061446
2013-12-06,4.316673133146589
2013-12-07,4.316177800773247
2013-12-08,4.315731497941423
2013-12-09,4.315334224651114
2013-12-10,4.314985980902319
2013-12-11,4.3146867666950435
2013-12-12,4.3144365820292805
2013-12-13,4.314235426905035
2013-12-14,4.314083301322306
2013-12-15,4.313980205281091
2013-12-16,4.313926138781392
2013-12-17,4.313918492373549
2013-12-18,4.31394160935959
2013-12-19,4.313992880289858
2013-12-20,4.314072305164349
2013-12-21,4.314179883983065
2013-12-22,4.314315616746005
2013-12-23,4.314479503453171
2013-12-24,4.31467154410456
2013-12-25,4.314891738700175
2013-12-26,4.315140087240014
2013-12-27,4.3154165897240775
2013-12-28,4.315721246152366
2013-12-29,4.31605405652488
2013-12-30,4.3164150208416165
2013-12-31,4.316804139102579
2014-01-01,4.317221411307766
2014-01-02,4.3176668374571765
2014-01-03,4.318140417550813
2014-01-04,4.318642151588675
2014-01-05,4.31917203957076
2014-01-06,4.3197300814970685
2014-01-07,4.320316277367604
2014-01-08,4.3209306271823635
2014-01-09,4.3215731309413465
2014-01-10,4.322243788644555
2014-01-11,4.322942600291988
2014-01-12,4.323669565883646
2014-01-13,4.324424685419528
2014-01-14,4.325207958899635
2014-01-15,4.326019386323966
2014-01-16,4.326858967692523
2014-01-17,4.327717280362021
2014-01-18,4.328537788472775
2014-01-19,4.3293110693814985
2014-01-20,4.330037123088196
2014-01-21,4.330715949592865
2014-01-22,4.331347548895507
2014-01-23,4.331931920996119
2014-01-24,4.3324690658947045
2014-01-25,4.3329589835912605
2014-01-26,4.33340167408579
2014-01-27,4.333797137378292
2014-01-28,4.334145373468766
2014-01-29,4.33444638235721
2014-01-30,4.334700164043628
2014-01-31,4.334906718528018
2014-02-01,4.335066045810379
2014-02-02,4.335178145890712
2014-02-03,4.335243018769017
2014-02-04,4.335260664445295
2014-02-05,4.335231082919545
2014-02-06,4.335154274191766
2014-02-07,4.335030238261961
2014-02-08,4.334858975130126
2014-02-09,4.334640484796264
2014-02-10,4.334374767260373
2014-02-11,4.334061822522456
2014-02-12,4.333701650582509
2014-02-13,4.3332942514405355
2014-02-14,4.3328396250965335
2014-02-15,4.332337771550504
2014-02-16,4.331830899436393
2014-02-17,4.331361217388149
2014-02-18,4.330928725405769
2014-02-19,4.330533423489257
2014-02-20,4.330175311638611
2014-02-21,4.32985438985383
2014-02-22,4.329570658134916
2014-02-23,4.329324116481868
2014-02-24,4.329114764894686
2014-02-25,4.3289426033733704
2014-02-26,4.32880763191792
2014-02-27,4.328709850528337
2014-02-28,4.328649259204618
2014-03-01,4.328625857946767
2014-03-02,4.328639646754782
2014-03-03,4.328690625628663
2014-03-04,4.328778794568409
2014-03-05,4.328904153574022
2014-03-06,4.329066702645501
2014-03-07,4.329266441782845
2014-03-08,4.329503370986057
2014-03-09,4.329777490255133
2014-03-10,4.330088799590078
2014-03-11,4.330437298990887
2014-03-12,4.330822988457561
2014-03-13,4.331245867990104
2014-03-14,4.33170593758851
2014-03-15,4.332203197252785
2014-03-16,4.332737646982924
2014-03-17,4.333303393937636
2014-03-18,4.333865081069157
2014-03-19,4.334416815536192
2014-03-20,4.334958597338742
2014-03-21,4.335490426476808
2014-03-22,4.336012302950387
2014-03-23,4.336524226759482
2014-03-24,4.337026197904092
2014-03-25,4.337518216384216
2014-03-26,4.338000282199855
2014-03-27,4.338472395351009
2014-03-28,4.338934555837678
2014-03-29,4.339386763659861
2014-03-30,4.339829018817558
2014-03-31,4.340261321310772
2014-04-01,4.340683671139499
2014-04-02,4.341096068303742
2014-04-03,4.341498512803499
2014-04-04,4.3418910046387715
2014-04-05,4.342273543809558
2014-04-06,4.342646130315859
2014-04-07,4.343008764157675
2014-04-08,4.343361445335008
2014-04-09,4.343704173847853
2014-04-10,4.344036949696214
2014-04-11,4.344359772880089
2014-04-12,4.34467264339948
2014-04-13,4.344975561254384
2014-04-14,4.345268526444805
2014-04-15,4.3455515389707395
2014-04-16,4.345824598832189
2014-04-17,4.346087141280467
2014-04-18,4.346338601566889
2014-04-19,4.346578979691452
2014-04-20,4.346808275654159
2014-04-21,4.347026489455009
2014-04-22,4.347233621094001
2014-04-23,4.347429670571137
2014-04-24,4.347614637886415
2014-04-25,4.347788523039836
2014-04-26,4.3479513260314
2014-04-27,4.348103046861107
2014-04-28,4.348243685528957
2014-04-29,4.34837324203495
2014-04-30,4.348491716379085
2014-05-01,4.348599108561364
2014-05-02,4.3486954185817845
2014-05-03,4.348780646440349
2014-05-04,4.348854792137056
2014-05-05,4.348917855671906
2014-05-06,4.348969837044898
2014-05-07,4.349010736256034
2014-05-08,4.349040553305311
2014-05-09,4.349059288192733
2014-05-10,4.349066940918297
2014-05-11,4.3490635114820035
2014-05-12,4.349048999883854
2014-05-13,4.349023406123846
2014-05-14,4.348986730201982
2014-05-15,4.34893897211826
2014-05-16,4.348880131872681
2014-05-17,4.348810580400365
2014-05-18,4.348732543312032
2014-05-19,4.348646391542802
2014-05-20,4.348552125092675
2014-05-21,4.34844974396165
2014-05-22,4.3483392481497285
2014-05-23,4.34822063765691
2014-05-24,4.348093912483194
2014-05-25,4.347959072628581
2014-05-26,4.347816118093072
2014-05-27,4.347665048876665
2014-05-28,4.34750586497936
2014-05-29,4.3473385664011595
2014-05-30,4.347163153142062
2014-05-31,4.346979625202065
2014-06-01,4.346787982581173
2014-06-02,4.346588225279383
2014-06-03,4.346380353296697
2014-06-04,4.346164366633113
2014-06-05,4.345940265288632
2014-06-06,4.345708049263254
2014-06-07,4.3454677185569786
2014-06-08,4.345219273169807
2014-06-09,4.344962713101737
2014-06-10,4.344698038352771
2014-06-11,4.344425248922907
2014-06-12,4.344144344812147
2014-06-13,4.343855326020488
2014-06-14,4.343558192547934
2014-06-15,4.343252944394481
2014-06-16,4.342939581560133
2014-06-17,4.342634454321488
2014-06-18,4.342353912955151
2014-06-19,4.342097957461119
2014-06-20,4.3418665878393945
2014-06-21,4.341659804089976
2014-06-22,4.341477606212864
2014-06-23,4.3413199942080585
2014-06-24,4.341186968075561
2014-06-25,4.341078527815368
2014-06-26,4.340994673427482
2014-06-27,4.340935404911903
2014-06-28,4.34090072226863
2014-06-29,4.340890625497664
2014-06-30,4.340905114599005
2014-07-01,4.340944189572651
2014-07-02,4.341007850418604
2014-07-03,4.341096097136865
2014-07-04,4.341208929727431
2014-07-05,4.341346348190305
2014-07-06,4.341508352525484
2014-07-07,4.341694942732969
2014-07-08,4.341906118812763
2014-07-09,4.342141880764862
2014-07-10,4.3424022285892665
2014-07-11,4.34268716228598
2014-07-12,4.3429966818549985
2014-07-13,4.343330787296323
2014-07-14,4.343689478609956
2014-07-15,4.344072755795894
2014-07-16,4.344480618854138
2014-07-17,4.344901824851741
2014-07-18,4.345268916191005
2014-07-19,4.345570649938983
2014-07-20,4.345807026095674
2014-07-21,4.345978044661078
2014-07-22,4.346083705635195
2014-07-23,4.346124009018027
2014-07-24,4.3460989548095705
2014-07-25,4.346008543009828
2014-07-26,4.345852773618797
2014-07-27,4.345631646636482
2014-07-28,4.345345162062879
2014-07-29,4.3449933198979895
2014-07-30,4.344576120141812
2014-07-31,4.34409356279435
2014-08-01,4.3435456478556
2014-08-02,4.342932375325563
2014-08-03,4.342253745204239
2014-08-04,4.34150975749163
2014-08-05,4.340700412187733
2014-08-06,4.339825709292549
2014-08-07,4.3388856488060785
2014-08-08,4.337880230728322
2014-08-09,4.336809455059278
2014-08-10,4.335673321798947
2014-08-11,4.334471830947329
2014-08-12,4.3332049825044265
2014-08-13,4.331872776470235
2014-08-14,4.330475212844758
2014-08-15,4.329012291627993
2014-08-16,4.3274840128199425
2014-08-17,4.325907429192188
2014-08-18,4.324384857374241
2014-08-19,4.322933350137681
2014-08-20,4.321552907482509
2014-08-21,4.32024352940873
2014-08-22,4.319005215916336
2014-08-23,4.3178379670053335
2014-08-24,4.316741782675718
2014-08-25,4.315716662927493
2014-08-26,4.314762607760656
2014-08-27,4.31387961717521
2014-08-28,4.313067691171153
2014-08-29,4.312326829748484
2014-08-30,4.3116570329072035
2014-08-31,4.311058300647312
2014-09-01,4.310530632968812
2014-09-02,4.310074029871699
2014-09-03,4.309688491355974
2014-09-04,4.309374017421641
2014-09-05,4.309130608068695
2014-09-06,4.308958263297138
2014-09-07,4.308856983106971
2014-09-08,4.308826767498194
2014-09-09,4.308867616470804
2014-09-10,4.308979530024804
2014-09-11,4.309162508160194
2014-09-12,4.309416550876972
2014-09-13,4.309741658175138
2014-09-14,4.310137830054696
2014-09-15,4.310605066515641
2014-09-16,4.311143367557975
2014-09-17,4.311660081088465
2014-09-18,4.312062555013876
2014-09-19,4.312350789334208
2014-09-20,4.312524784049461
2014-09-21,4.312584539159635
2014-09-22,4.31253005466473
2014-09-23,4.312361330564747
2014-09-24,4.3120783668596845
2014-09-25,4.311681163549544
2014-09-26,4.311169720634323
2014-09-27,4.310544038114025
2014-09-28,4.309804115988648
2014-09-29,4.308949954258192
2014-09-30,4.307981552922657
2014-10-01,4.306898911982042
2014-10-02,4.30570203143635
2014-10-03,4.304390911285578
2014-10-04,4.302965551529728
2014-10-05,4.301425952168798
2014-10-06,4.29977211320279
2014-10-07,4.298004034631703
2014-10-08,4.296121716455537
2014-10-09,4.294125158674293
2014-10-10,4.292014361287969
2014-10-11,4.289789324296567
2014-10-12,4.287450047700086
2014-10-13,4.284996531498526
2014-10-14,4.282428775691887
2014-10-15,4.2797467802801705
2014-10-16,4.276950545263373
2014-10-17,4.274064375272766
2014-10-18,4.271234098095948
2014-10-19,4.268484018364187
2014-10-20,4.265814136077482
2014-10-21,4.263224451235836
2014-10-22,4.260714963839246
2014-10-23,4.2582856738877135
2014-10-24,4.255936581381238
2014-10-25,4.25366768631982
2014-10-26,4.25147898870346
2014-10-27,4.249370488532155
2014-10-28,4.247342185805908
2014-10-29,4.245394080524719
2014-10-30,4.243526172688587
2014-10-31,4.24173846229751
2014-11-01,4.2400309493514925
2014-11-02,4.238403633850532
2014-11-03,4.236856515794627
2014-11-04,4.23538959518378
2014-11-05,4.2340028720179905
2014-11-06,4.232696346297258
2014-11-07,4.231470018021582
2014-11-08,4.230323887190964
2014-11-09,4.229257953805403
2014-11-10,4.228272217864898
2014-11-11,4.227366679369451
2014-11-12,4.226541338319062
2014-11-13,4.225796194713729
2014-11-14,4.225131248553453
2014-11-15,4.224546499838234
2014-11-16,4.224041948568073
2014-11-17,4.223605268389885
2014-11-18,4.223224132950585
2014-11-19,4.222898542250174
2014-11-20,4.222628496288651
2014-11-21,4.222413995066017
2014-11-22,4.222255038582272
2014-11-23,4.222151626837417
2014-11-24,4.22210375983145
2014-11-25,4.2221114375643705
2014-11-26,4.22217466003618
2014-11-27,4.222293427246878
2014-11-28,4.222467739196467
2014-11-29,4.222697595884942
2014-11-30,4.222982997312307
2014-12-01,4.223323943478561
2014-12-02,4.2237204343837025
2014-12-03,4.224172470027734
2014-12-04,4.224680050410654
2014-12-05,4.225243175532463
2014-12-06,4.225861845393159
2014-12-07,4.226536059992744
2014-12-08,4.22726581933122
2014-12-09,4.228051123408583
2014-12-10,4.228891972224835
2014-12-11,4.229788365779976
2014-12-12,4.230740304074005
2014-12-13,4.231747787106922
2014-12-14,4.2328108148787305
2014-12-15,4.233929387389426
2014-12-16,4.23510350463901
2014-12-17,4.236320584476233
2014-12-18,4.237505133993588
2014-12-19,4.2386445710398295
2014-12-20,4.239738895614953
2014-12-21,4.240788107718959
2014-12-22,4.24179220735185
2014-12-23,4.242751194513623
2014-12-24,4.24366506920428
2014-12-25,4.244533831423821
2014-12-26,4.245357481172245
2014-12-27,4.246136018449552
2014-12-28,4.2468694432557434
2014-12-29,4.247557755590818
2014-12-30,4.2482009554547755
2014-12-31,4.248799042847617
2015-01-01,4.249352017769341
2015-01-02,4.249859880219949
2015-01-03,4.25032263019944
2015-01-04,4.250740267707815
2015-01-05,4.251112792745075
2015-01-06,4.251440205311216
2015-01-07,4.25172250540624
2015-01-08,4.25195969303015
2015-01-09,4.252151768182943
2015-01-10,4.252298730864618
2015-01-11,4.252400581075177
2015-01-12,4.25245731881462
2015-01-13,4.2524689440829455
2015-01-14,4.252435456880155
2015-01-15,4.252356857206247
2015-01-16,4.252233145061224
2015-01-17,4.252069617862476
2015-01-18,4.251898060114358
2015-01-19,4.251723769234261
2015-01-20,4.251546745222187
2015-01-21,4.251366988078135
2015-01-22,4.251184497802106
2015-01-23,4.250999274394097
2015-01-24,4.250811317854112
2015-01-25,4.250620628182147
2015-01-26,4.250427205378205
2015-01-27,4.250231049442285
2015-01-28,4.250032160374388
2015-01-29,4.249830538174511
2015-01-30,4.249626182842658
2015-01-31,4.249419094378826
2015-02-01,4.249209272783016
2015-02-02,4.248996718055228
2015-02-03,4.2487814301954625
2015-02-04,4.248563409203719
2015-02-05,4.248342655079997
2015-02-06,4.2481191678242975
2015-02-07,4.24789294743662
2015-02-08,4.247663993916964
2015-02-09,4.247432307265331
2015-02-10,4.247197887481719
2015-02-11,4.24696073456613
2015-02-12,4.246720848518562
2015-02-13,4.246478229339017
2015-02-14,4.246232877027494
2015-02-15,4.245984791583993
2015-02-16,4.245744053116928
2015-02-17,4.245520741734713
2015-02-18,4.245314857437348
2015-02-19,4.2451264002248355
2015-02-20,4.2449553700971725
2015-02-21,4.244801767054359
2015-02-22,4.244665591096398
2015-02-23,4.244546842223286
2015-02-24,4.2444455204350255
2015-02-25,4.244361625731615
2015-02-26,4.244295158113054
2015-02-27,4.244246117579345
2015-02-28,4.244214504130486
2015-03-01,4.244200317766478
2015-03-02,4.24420355848732
2015-03-03,4.244224226293013
2015-03-04,4.244262321183555
2015-03-05,4.2443178431589486
2015-03-06,4.244390792219193
2015-03-07,4.2444811683642865
2015-03-08,4.244588971594232
2015-03-09,4.244714201909027
2015-03-10,4.2448568593086735
2015-03-11,4.2450169437931695
2015-03-12,4.245194455362517
2015-03-13,4.245389394016715
2015-03-14,4.245601759755762
2015-03-15,4.245831552579661
2015-03-16,4.24607877248841
2015-03-17,4.24633771521866
2015-03-18,4.246574155190313
2015-03-19,4.246782388140019
2015-03-20,4.246962414067777
2015-03-21,4.24711423297359
2015-03-22,4.247237844857455
2015-03-23,4.247333249719373
2015-03-24,4.247400447559346
2015-03-25,4.247439438377371
2015-03-26,4.24745022217345
2015-03-27,4.247432798947582
2015-03-28,4.247387168699767
2015-03-29,4.247313331430004
2015-03-30,4.247211287138295
2015-03-31,4.24708103582464
2015-04-01,4.246922577489038
2015-04-02,4.246735912131488
2015-04-03,4.2465210397519915
2015-04-04,4.246277960350549
2015-04-05,4.24600667392716
2015-04-06,4.245707180481824
2015-04-07,4.24537948001454
2015-04-08,4.2450235725253105
2015-04-09,4.2446394580141344
2015-04-10,4.24422713648101
2015-04-11,4.24378660792594
2015-04-12,4.243317872348923
2015-04-13,4.242820929749959
2015-04-14,4.24229578012905
2015-04-15,4.241742423486191
2015-04-16,4.241160859821386
2015-04-17,4.240557418798329
2015-04-18,4.239938430080712
2015-04-19,4.2393038936685326
2015-04-20,4.238653809561794
2015-04-21,4.237988177760494
2015-04-22,4.237306998264634
2015-04-23,4.236610271074215
2015-04-24,4.235897996189234
2015-04-25,4.235170173609694
2015-04-26,4.234426803335592
2015-04-27,4.2336678853669305
2015-04-28,4.232893419703708
2015-04-29,4.232103406345926
2015-04-30,4.231297845293583
2015-05-01,4.230476736546681
2015-05-02,4.2296400801052165
2015-05-03,4.228787875969193
2015-05-04,4.227920124138609
2015-05-05,4.227036824613464
2015-05-06,4.226137977393759
2015-05-07,4.225223582479494
2015-05-08,4.224293639870668
2015-05-09,4.223348149567282
2015-05-10,4.222387111569335
2015-05-11,4.221410525876829
2015-05-12,4.220418392489762
2015-05-13,4.219410711408134
2015-05-14,4.218387482631945
2015-05-15,4.217348706161197
2015-05-16,4.216294381995889
2015-05-17,4.215233123072697
2015-05-18,4.214216607011689
2015-05-19,4.213253446749545
2015-05-20,4.2123436422862595
2015-05-21,4.2114871936218385
2015-05-22,4.2106841007562785
2015-05-23,4.209934363689581
2015-05-24,4.209237982421746
2015-05-25,4.20859495695277
2015-05-26,4.208005287282658
2015-05-27,4.207468973411408
2015-05-28,4.206986015339019
2015-05-29,4.206556413065492
2015-05-30,4.206180166590827
2015-05-31,4.205857275915024
2015-06-01,4.205587741038083
2015-06-02,4.205371561960003
2015-06-03,4.205208738680785
2015-06-04,4.20509927120043
2015-06-05,4.205043159518936
2015-06-06,4.205040403636303
2015-06-07,4.205091003552534
2015-06-08,4.205194959267625
2015-06-09,4.205352270781579
2015-06-10,4.205562938094394
2015-06-11,4.205826961206071
2015-06-12,4.2061443401166105
2015-06-13,4.206515074826012
2015-06-14,4.206939165334275
2015-06-15,4.207416611641399
2015-06-16,4.207947413747386
2015-06-17,4.2085027375124975
2015-06-18,4.209053748796998
2015-06-19,4.209600447600884
2015-06-20,4.210142833924161
2015-06-21,4.210680907766824
2015-06-22,4.211214669128876
2015-06-23,4.211744118010317
2015-06-24,4.2122692544111455
2015-06-25,4.212790078331361
2015-06-26,4.213306589770965
2015-06-27,4.213818788729958
2015-06-28,4.214326675208339
2015-06-29,4.214830249206107
2015-06-30,4.215329510723265
2015-07-01,4.21582445975981
2015-07-02,4.216315096315743
2015-07-03,4.216801420391064
2015-07-04,4.217283431985773
2015-07-05,4.217761131099871
2015-07-06,4.218234517733356
2015-07-07,4.218703591886229
2015-07-08,4.219168353558492
2015-07-09,4.21962880275014
2015-07-10,4.220084939461179
2015-07-11,4.220536763691605
2015-07-12,4.220984275441419
2015-07-13,4.22142747471062
2015-07-14,4.221866361499211
2015-07-15,4.22230093580719
2015-07-16,4.222731197634555
2015-07-17,4.2231619781342085
2015-07-18,4.2236222642235255
2015-07-19,4.224116887055409
2015-07-20,4.224645846629856
2015-07-21,4.225209142946866
2015-07-22,4.22580677600644
2015-07-23,4.226438745808578
2015-07-24,4.22710505235328
2015-07-25,4.227805695640546
2015-07-26,4.228540675670376
2015-07-27,4.22930999244277
2015-07-28,4.230113645957728
2015-07-29,4.23095163621525
2015-07-30,4.231823963215335
2015-07-31,4.232730626957985
2015-08-01,4.2336716274432
2015-08-02,4.2346469646709775
2015-08-03,4.235656638641318
2015-08-04,4.2367006493542245
2015-08-05,4.237778996809694
2015-08-06,4.238891681007727
2015-08-07,4.240038701948324
2015-08-08,4.241220059631486
2015-08-09,4.242435754057211
2015-08-10,4.243685785225501
2015-08-11,4.244970153136354
2015-08-12,4.246288857789771
2015-08-13,4.247641899185751
2015-08-14,4.249029277324297
2015-08-15,4.250450992205405
2015-08-16,4.251907043829078
2015-08-17,4.253385823748249
2015-08-18,4.25481768128053
2015-08-19,4.256191007978851
2015-08-20,4.257505803843213
2015-08-21,4.2587620688736205
2015-08-22,4.2599598030700685
2015-08-23,4.261099006432558
2015-08-24,4.2621796789610915
2015-08-25,4.263201820655667
2015-08-26,4.264165431516285
2015-08-27,4.265070511542945
2015-08-28,4.265917060735649
2015-08-29,4.266705079094392
2015-08-30,4.26743456661918
2015-08-31,4.268105523310009
2015-09-01,4.268717949166882
2015-09-02,4.269271844189795
2015-09-03,4.2697672083787515
2015-09-04,4.27020404173375
2015-09-05,4.270582344254792
2015-09-06,4.270902115941875
2015-09-07,4.271163356795
2015-09-08,4.271366066814169
2015-09-09,4.271510245999379
2015-09-10,4.271595894350632
2015-09-11,4.271623011867927
2015-09-12,4.271591598551265
2015-09-13,4.2715016544006446
2015-09-14,4.271353179416067
2015-09-15,4.271146173597532
2015-09-16,4.270880636945038
2015-09-17,4.270580293871918
2015-09-18,4.270268868791501
2015-09-19,4.269946361703785
2015-09-20,4.269612772608774
2015-09-21,4.269268101506465
2015-09-22,4.26891234839686
2015-09-23,4.268545513279958
2015-09-24,4.268167596155759
2015-09-25,4.267778597024262
2015-09-26,4.267378515885469
2015-09-27,4.266967352739378
2015-09-28,4.266545107585991
2015-09-29,4.266111780425306
2015-09-30,4.265667371257325
2015-10-01,4.265211880082047
2015-10-02,4.264745306899472
2015-10-03,4.264267651709599
2015-10-04,4.2637789145124305
2015-10-05,4.263279095307964
2015-10-06,4.262768194096201
2015-10-07,4.262246210877141
2015-10-08,4.261713145650782
2015-10-09,4.261168998417129
2015-10-10,4.260613769176178
2015-10-11,4.2600474579279295
2015-10-12,4.259470064672384
2015-10-13,4.258881589409542
2015-10-14,4.258282032139403
2015-10-15,4.257671392861967
2015-10-16,4.257049671577233
2015-10-17,4.256421965336902
2015-10-18,4.255818856451169
2015-10-19,4.255245441971732
2015-10-20,4.2547017218985905
2015-10-21,4.254187696231748
2015-10-22,4.2537033649712
2015-10-23,4.253248728116949
2015-10-24,4.252823785668995
2015-10-25,4.252428537627336
2015-10-26,4.2520629839919755
2015-10-27,4.25172712476291
2015-10-28,4.251420959940141
2015-10-29,4.251144489523669
2015-10-30,4.250897713513494
2015-10-31,4.250680631909614
2015-11-01,4.2504932447120325
2015-11-02,4.250335551920747
2015-11-03,4.250207553535757
2015-11-04,4.250109249557063
2015-11-05,4.250040639984667
2015-11-06,4.250001724818567
2015-11-07,4.249992504058764
2015-11-08,4.250012977705257
2015-11-09,4.250063145758047
2015-11-10,4.250143008217133
2015-11-11,4.250252565082516
2015-11-12,4.250391816354195
2015-11-13,4.250560762032171
2015-11-14,4.250759402116444
2015-11-15,4.250987736607012
2015-11-16,4.251245765503876
2015-11-17,4.251541868533369
2015-11-18,4.251884425421816
2015-11-19,4.252273436169222
2015-11-20,4.252708900775583
2015-11-21,4.253190819240901
2015-11-22,4.253719191565175
2015-11-23,4.254294017748406
2015-11-24,4.2549152977905935
2015-11-25,4.255583031691738
2015-11-26,4.256297219451837
2015-11-27,4.257057861070895
2015-11-28,4.257864956548909
2015-11-29,4.258718505885879
2015-11-30,4.259618509081806
2015-12-01,4.260564966136689
2015-12-02,4.261557877050528
2015-12-03,4.2625972418233244
2015-12-04,4.263683060455078
2015-12-05,4.264815332945788
2015-12-06,4.265994059295452
2015-12-07,4.267219239504074
2015-12-08,4.268490873571654
2015-12-09,4.269808961498189
2015-12-10,4.2711735032836815
2015-12-11,4.27258449892813
2015-12-12,4.274041948431535
2015-12-13,4.275545851793896
2015-12-14,4.277096209015215
2015-12-15,4.278693020095489
2015-12-16,4.2803362850347195
2015-12-17,4.282015355111861
2015-12-18,4.283666338000627
2015-12-19,4.285278584979974
2015-12-20,4.2868520960498975
2015-12-21,4.2883868712104025
2015-12-22,4.2898829104614835
2015-12-23,4.291340213803146
2015-12-24,4.292758781235386
2015-12-25,4.294138612758206
2015-12-26,4.295479708371605
2015-12-27,4.296782068075584
2015-12-28,4.29804569187014
2015-12-29,4.299270579755276
2015-12-30,4.300456731730989
2015-12-31,4.301604147797283
2016-01-01,4.302712827954156
2016-01-02,4.3037827722016075
2016-01-03,4.304813980539638
2016-01-04,4.305806452968248
2016-01-05,4.306760189487437
2016-01-06,4.3076751900972035
2016-01-07,4.308551454797551
2016-01-08,4.309388983588478
2016-01-09,4.310187776469982
2016-01-10,4.310947833442065
2016-01-11,4.311669154504728
2016-01-12,4.31235173965797
2016-01-13,4.31299558890179
2016-01-14,4.31360070223619
2016-01-15,4.3141670796611695
2016-01-16,4.314694721176727
2016-01-17,4.3151868316563515
2016-01-18,4.315662640340961
2016-01-19,4.316125352104047
2016-01-20,4.316574966945605
2016-01-21,4.317011484865637
2016-01-22,4.317434905864145
2016-01-23,4.317845229941128
2016-01-24,4.318242457096582
2016-01-25,4.318626587330511
2016-01-26,4.318997620642915
2016-01-27,4.319355557033792
2016-01-28,4.319700396503144
2016-01-29,4.320032139050969
2016-01-30,4.320350784677269
2016-01-31,4.320656333382044
2016-02-01,4.320948785165292
2016-02-02,4.3212281400270145
2016-02-03,4.321494397967211
2016-02-04,4.321747558985881
2016-02-05,4.321987623083025
2016-02-06,4.322214590258644
2016-02-07,4.322428460512737
2016-02-08,4.322629233845303
2016-02-09,4.3228169102563445
2016-02-10,4.322991489745859
2016-02-11,4.3231529723138475
2016-02-12,4.323301357960311
2016-02-13,4.323436646685248
2016-02-14,4.323558838488659
2016-02-15,4.323667933370545
2016-02-16,4.323767709602127
2016-02-17,4.323880836810755
2016-02-18,4.324011093267649
2016-02-19,4.3241584789728105
2016-02-20,4.324322993926239
2016-02-21,4.324504638127934
2016-02-22,4.324703411577897
2016-02-23,4.324919314276126
2016-02-24,4.325152346222623
2016-02-25,4.325402507417388
2016-02-26,4.325669797860418
2016-02-27,4.3259542175517165
2016-02-28,4.326255766491282
2016-02-29,4.326574444679115
2016-03-01,4.326910252115215
2016-03-02,4.3272631887995825
2016-03-03,4.327633254732216
2016-03-04,4.328020449913117
2016-03-05,4.328424774342286
2016-03-06,4.328846228019722
2016-03-07,4.329284810945426
2016-03-08,4.329740523119395
2016-03-09,4.330213364541633
2016-03-10,4.330703335212138
2016-03-11,4.3312104351309095
2016-03-12,4.331734664297948
2016-03-13,4.332276022713255
2016-03-14,4.332834510376829
2016-03-15,4.333410127288667
2016-03-16,4.334002873448776
2016-03-17,4.334609303994234
2016-03-18,4.335208749747539
2016-03-19,4.335797765845778
2016-03-20,4.336376352288945
2016-03-21,4.336944509077046
2016-03-22,4.337502236210076
2016-03-23,4.3380495336880385
2016-03-24,4.3385864015109314
2016-03-25,4.339112839678756
2016-03-26,4.339628848191511
2016-03-27,4.340134427049198
2016-03-28,4.340629576251816
2016-03-29,4.341114295799365
2016-03-30,4.341588585691845
2016-03-31,4.342052445929257
2016-04-01,4.342505876511599
2016-04-02,4.342948877438873
2016-04-03,4.343381448711078
2016-04-04,4.343803590328215
2016-04-05,4.344215302290282
2016-04-06,4.34461658459728
2016-04-07,4.34500743724921
2016-04-08,4.345387860246071
2016-04-09,4.345757853587863
2016-04-10,4.346117417274587
2016-04-11,4.346466551306241
2016-04-12,4.346805255682828
2016-04-13,4.347133530404344
2016-04-14,4.3474513754707935
2016-04-15,4.347758790882171
2016-04-16,4.348055776638482
2016-04-17,4.348366554172233
2016-04-18,4.348715344915937
2016-04-19,4.349102148869589
2016-04-20,4.349526966033193
2016-04-21,4.3499897964067475
2016-04-22,4.350490639990253
2016-04-23,4.35102949678371
2016-04-24,4.351606366787117
2016-04-25,4.3522212500004755
2016-04-26,4.352874146423784
2016-04-27,4.353565056057044
2016-04-28,4.354293978900254
2016-04-29,4.355060914953416
2016-04-30,4.355865864216529
2016-05-01,4.356708826689592
2016-05-02,4.357589802372606
2016-05-03,4.35850879126557
2016-05-04,4.359465793368486
2016-05-05,4.360460808681352
2016-05-06,4.361493837204169
2016-05-07,4.362564878936937
2016-05-08,4.363673933879656
2016-05-09,4.3648210020323255
2016-05-10,4.366006083394946
2016-05-11,4.367229177967517
2016-05-12,4.36849028575004
2016-05-13,4.3697894067425125
2016-05-14,4.371126540944936
2016-05-15,4.3725016883573105
2016-05-16,4.373914848979636
2016-05-17,4.3753571972225
2016-05-18,4.376775779549424
2016-05-19,4.378161770370997
2016-05-20,4.3795151696872185
2016-05-21,4.380835977498088
2016-05-22,4.382124193803606
2016-05-23,4.383379818603772
2016-05-24,4.384602851898588
2016-05-25,4.38579329368805
2016-05-26,4.386951143972162
2016-05-27,4.388076402750922
2016-05-28,4.38916907002433
2016-05-29,4.390229145792386
2016-05-30,4.391256630055091
2016-05-31,4.392251522812445
2016-06-01,4.393213824064446
2016-06-02,4.394143533811096
2016-06-03,4.395040652052394
2016-06-04,4.3959051787883405
2016-06-05,4.3967371140189355
2016-06-06,4.397536457744179
2016-06-07,4.39830320996407
2016-06-08,4.399037370678611
2016-06-09,4.3997389398878
2016-06-10,4.400407917591636
2016-06-11,4.401044303790121
2016-06-12,4.401648098483255
2016-06-13,4.402219301671036
2016-06-14,4.402757913353467
2016-06-15,4.403263933530545
2016-06-16,4.403737362202271
2016-06-17,4.4042005177539325
2016-06-18,4.404675718570812
2016-06-19,4.4051629646529085
2016-06-20,4.405662256000226
2016-06-21,4.40617359261276
2016-06-22,4.406696974490513
2016-06-23,4.407232401633486
2016-06-24,4.407779874041677
2016-06-25,4.408339391715086
2016-06-26,4.408910954653715
2016-06-27,4.409494562857562
2016-06-28,4.410090216326628
2016-06-29,4.410697915060911
2016-06-30,4.411317659060415
2016-07-01,4.411949448325136
2016-07-02,4.412593282855076
2016-07-03,4.413249162650235
2016-07-04,4.413917087710612
2016-07-05,4.414597058036209
2016-07-06,4.415289073627022
2016-07-07,4.415993134483056
2016-07-08,4.416709240604309
2016-07-09,4.417437391990779
2016-07-10,4.418177588642469
2016-07-11,4.418929830559377
2016-07-12,4.4196941177415034
2016-07-13,4.420470450188848
2016-07-14,4.421258827901413
2016-07-15,4.422059250879196
2016-07-16,4.422871719122197
2016-07-17,4.423689887669725
2016-07-18,4.424475686757623
2016-07-19,4.4252227714252035
2016-07-20,4.425931141672464
2016-07-21,4.426600797499405
2016-07-22,4.427231738906023
2016-07-23,4.427823965892324
2016-07-24,4.428377478458304
2016-07-25,4.428892276603964
2016-07-26,4.4293683603293035
2016-07-27,4.429805729634324
2016-07-28,4.430204384519024
2016-07-29,4.430564324983404
2016-07-30,4.4308855510274645
2016-07-31,4.431168062651205
2016-08-01,4.431411859854625
2016-08-02,4.431616942637725
2016-08-03,4.431783311000505
2016-08-04,4.431910964942966
2016-08-05,4.431999904465106
2016-08-06,4.432050129566926
2016-08-07,4.432061640248426
2016-08-08,4.432034436509607
2016-08-09,4.431968518350467
2016-08-10,4.4318638857710075
2016-08-11,4.431720538771228
2016-08-12,4.431538477351129
2016-08-13,4.431317701510709
2016-08-14,4.431058211249969
2016-08-15,4.430760006568908
2016-08-16,4.430423087467529
2016-08-17,4.4300533624103045
2016-08-18,4.429686282184076
2016-08-19,4.42932775525332
2016-08-20,4.428977781618034
2016-08-21,4.4286363612782225
2016-08-22,4.428303494233881
2016-08-23,4.427979180485011
2016-08-24,4.427663420031612
2016-08-25,4.427356212873685
2016-08-26,4.427057559011229
2016-08-27,4.426767458444246
2016-08-28,4.426485911172736
2016-08-29,4.426212917196694
2016-08-30,4.425948476516126
2016-08-31,4.425692589131028
2016-09-01,4.425445255041403
2016-09-02,4.425206474247249
2016-09-03,4.4249762467485665
2016-09-04,4.424754572545357
2016-09-05,4.424541451637618
2016-09-06,4.424336884025349
2016-09-07,4.424140869708554
2016-09-08,4.42395340868723
2016-09-09,4.423774500961377
2016-09-10,4.423604146530996
2016-09-11,4.4234423453960865
2016-09-12,4.423289097556649
2016-09-13,4.4231444030126825
2016-09-14,4.423008261764188
2016-09-15,4.422880673811165
2016-09-16,4.422761639153613
2016-09-17,4.422640316562448
2016-09-18,4.422505864808582
2016-09-19,4.422358283892016
2016-09-20,4.422197573812749
2016-09-21,4.422023734570783
2016-09-22,4.421836766166116
2016-09-23,4.421636668598749
2016-09-24,4.421423441868682
2016-09-25,4.421197085975915
2016-09-26,4.420957600920447
2016-09-27,4.42070498670228
2016-09-28,4.420439243321411
2016-09-29,4.420160370777843
2016-09-30,4.419868369071575
2016-10-01,4.419563238202607
2016-10-02,4.419244978170938
2016-10-03,4.418913588976569
2016-10-04,4.4185690706195
2016-10-05,4.418211423099731
2016-10-06,4.417840646417261
2016-10-07,4.417456740572092
2016-10-08,4.417059705564221
2016-10-09,4.416649541393651
2016-10-10,4.416226248060381
2016-10-11,4.415789825564411
2016-10-12,4.41534027390574
2016-10-13,4.414877593084369
2016-10-14,4.414401783100298
2016-10-15,4.413912843953527
2016-10-16,4.413410775644055
2016-10-17,4.412887348041348
2016-10-18,4.412293180362199
2016-10-19,4.411620042476071
2016-10-20,4.4108679343829635
2016-10-21,4.410036856082879
2016-10-22,4.409126807575814
2016-10-23,4.408137788861772
2016-10-24,4.407069799940752
2016-10-25,4.405922840812753
2016-10-26,4.404696911477776
2016-10-27,4.4033920119358205
2016-10-28,4.402008142186887
2016-10-29,4.400545302230975
2016-10-30,4.399003492068084
2016-10-31,4.3973827116982145
2016-11-01,4.395682961121367
2016-11-02,4.393904240337541
2016-11-03,4.392046549346736
2016-11-04,4.390109888148953
2016-11-05,4.388094256744192
2016-11-06,4.385999655132453
2016-11-07,4.383826083313735
2016-11-08,4.381573541288039
2016-11-09,4.379242029055364
2016-11-10,4.376831546615711
2016-11-11,4.374342093969079
2016-11-12,4.371773671115469
2016-11-13,4.369126278054881
2016-11-14,4.366399914787316
2016-11-15,4.3635945813127694
2016-11-16,4.360710277631245
2016-11-17,4.3578429109892225
2016-11-18,4.355088388633179
2016-11-19,4.352446710563112
2016-11-20,4.349917876779026
2016-11-21,4.347501887280918
2016-11-22,4.345198742068789
2016-11-23,4.343008441142639
2016-11-24,4.340930984502467
2016-11-25,4.338966372148275
2016-11-26,4.337114604080061
2016-11-27,4.335375680297826
2016-11-28,4.33374960080157
2016-11-29,4.332236365591293
2016-11-30,4.3308359746669955
2016-12-01,4.3295484280286765
2016-12-02,4.328373725676336
2016-12-03,4.327311867609975
2016-12-04,4.3263628538295915
2016-12-05,4.3255266843351885
2016-12-06,4.324803359126762
2016-12-07,4.3241928782043155
2016-12-08,4.323695241567849
2016-12-09,4.3233104492173595
2016-12-10,4.323038501152851
2016-12-11,4.3228793973743205
2016-12-12,4.3228331378817675
2016-12-13,4.322899722675194
2016-12-14,4.323079151754601
2016-12-15,4.323371425119985
2016-12-16,4.3237765427713475
2016-12-17,4.324279987248674
2016-12-18,4.324794653791852
2016-12-19,4.3253060249408675
2016-12-20,4.32581410069572
2016-12-21,4.326318881056409
2016-12-22,4.326820366022934
2016-12-23,4.327318555595297
2016-12-24,4.327813449773496
2016-12-25,4.3283050485575325
2016-12-26,4.328793351947405
2016-12-27,4.329278359943113
2016-12-28,4.32976007254466
2016-12-29,4.330238489752043
2016-12-30,4.330713611565262
2016-12-31,4.331185437984318
2017-01-01,4.33165396900921
2017-01-02,4.332119204639939
2017-01-03,4.332581144876506
2017-01-04,4.333039789718909
2017-01-05,4.333495139167148
2017-01-06,4.333947193221224
2017-01-07,4.334395951881136
2017-01-08,4.334841415146887
2017-01-09,4.335283583018473
2017-01-10,4.335722455495896
2017-01-11,4.3361580325791556
2017-01-12,4.336590314268252
2017-01-13,4.337019300563185
2017-01-14,4.337444991463955
2017-01-15,4.337867386970561
2017-01-16,4.338286487083005
2017-01-17,4.338699358838354
2017-01-18,4.339088404459033
2017-01-19,4.339450690982109
2017-01-20,4.339786218407585
2017-01-21,4.3400949867354575
2017-01-22,4.3403769959657295
2017-01-23,4.340632246098399
2017-01-24,4.340860737133468
2017-01-25,4.341062469070935
2017-01-26,4.3412374419108
2017-01-27,4.341385655653063
2017-01-28,4.341507110297726
2017-01-29,4.341601805844785
2017-01-30,4.341669742294243
2017-01-31,4.3417109196461015
2017-02-01,4.341725337900356
2017-02-02,4.3417129970570105
2017-02-03,4.3416738971160616
2017-02-04,4.341608038077513
2017-02-05,4.341515419941361
2017-02-06,4.3413960427076095
2017-02-07,4.341249906376254
2017-02-08,4.341077010947298
2017-02-09,4.34087735642074
2017-02-10,4.3406509427965805
2017-02-11,4.340397770074819
2017-02-12,4.340117838255457
2017-02-13,4.339811147338493
2017-02-14,4.339477697323927
2017-02-15,4.339117488211759
2017-02-16,4.338771924106884
2017-02-17,4.338482409114194
2017-02-18,4.33824894323369
2017-02-19,4.338071526465372
2017-02-20,4.33795015880924
2017-02-21,4.337884840265294
2017-02-22,4.337875570833532
2017-02-23,4.337922350513957
2017-02-24,4.338025179306569
2017-02-25,4.338184057211365
2017-02-26,4.338398984228347
2017-02-27,4.338669960357515
2017-02-28,4.338996985598869
2017-03-01,4.339380059952409
2017-03-02,4.339819183418134
2017-03-03,4.340314355996045
2017-03-04,4.3408655776861425
2017-03-05,4.341472848488425
2017-03-06,4.342136168402894
2017-03-07,4.342855537429547
2017-03-08,4.343630955568389
2017-03-09,4.344462422819414
2017-03-10,4.3453499391826265
2017-03-11,4.346293504658024
2017-03-12,4.347293119245606
2017-03-13,4.348348782945376
2017-03-14,4.34946049575733
2017-03-15,4.350628257681471
2017-03-16,4.351852068717798
2017-03-17,4.353113732267158
2017-03-18,4.354304068734643
2017-03-19,4.355404881521099
2017-03-20,4.3564161706265265
2017-03-21,4.357337936050927
2017-03-22,4.358170177794299
2017-03-23,4.358912895856644
2017-03-24,4.35956609023796
2017-03-25,4.360129760938249
2017-03-26,4.3606039079575085
2017-03-27,4.3609885312957415
2017-03-28,4.361283630952946
2017-03-29,4.3614892069291225
2017-03-30,4.361605259224271
2017-03-31,4.361631787838393
2017-04-01,4.361568792771485
2017-04-02,4.36141627402355
2017-04-03,4.361174231594586
2017-04-04,4.360842665484596
2017-04-05,4.360421575693576
2017-04-06,4.359910962221529
2017-04-07,4.359310825068453
2017-04-08,4.358621164234352
2017-04-09,4.357841979719221
2017-04-10,4.356973271523062
2017-04-11,4.356015039645875
2017-04-12,4.35496728408766
2017-04-13,4.353830004848417
2017-04-14,4.352603201928147
2017-04-15,4.351286875326848
2017-04-16,4.349881025044521
2017-04-17,4.34846418642655
2017-04-18,4.347114894818316
2017-04-19,4.345833150219819
2017-04-20,4.344618952631058
2017-04-21,4.343472302052036
2017-04-22,4.342393198482751
2017-04-23,4.341381641923204
2017-04-24,4.340437632373393
2017-04-25,4.3395611698333205
2017-04-26,4.338752254302986
2017-04-27,4.338010885782388
2017-04-28,4.337337064271527
2017-04-29,4.336730789770404
2017-04-30,4.336192062279019
2017-05-01,4.3357208817973705
2017-05-02,4.33531724832546
2017-05-03,4.334981161863285
2017-05-04,4.33471262241085
2017-05-05,4.3345116299681505
2017-05-06,4.33437818453519
2017-05-07,4.334312286111966
2017-05-08,4.3343139346984785
2017-05-09,4.334383130294731
2017-05-10,4.334519872900719
2017-05-11,4.334724162516444
2017-05-12,4.334995999141907
2017-05-13,4.3353353827771075
2017-05-14,4.335742313422045
2017-05-15,4.336216791076721
2017-05-16,4.336758815741133
2017-05-17,4.337352667221605
2017-05-18,4.337904024356064
2017-05-19,4.338397166950828
2017-05-20,4.338832095005903
2017-05-21,4.339208808521285
2017-05-22,4.339527307496974
2017-05-23,4.3397875919329705
2017-05-24,4.339989661829277
2017-05-25,4.3401335171858895
2017-05-26,4.34021915800281
2017-05-27,4.34024658428004
2017-05-28,4.340215796017576
2017-05-29,4.340126793215421
2017-05-30,4.339979575873574
2017-05-31,4.3397741439920345
2017-06-01,4.339510497570803
2017-06-02,4.339188636609879
2017-06-03,4.338808561109262
2017-06-04,4.338370271068954
2017-06-05,4.337873766488954
2017-06-06,4.337319047369262
2017-06-07,4.336706113709878
2017-06-08,4.336034965510802
2017-06-09,4.335305602772033
2017-06-10,4.334518025493572
2017-06-11,4.333672233675419
2017-06-12,4.332768227317574
2017-06-13,4.331806006420037
2017-06-14,4.330785570982808
2017-06-15,4.3297069210058865
2017-06-16,4.328570056489273
2017-06-17,4.327435525051201
2017-06-18,4.326363874309903
2017-06-19,4.325355104265379
2017-06-20,4.32440921491763
2017-06-21,4.323526206266653
2017-06-22,4.322706078312451
2017-06-23,4.321948831055024
2017-06-24,4.32125446449437
2017-06-25,4.320622978630491
2017-06-26,4.320054373463385
2017-06-27,4.319548648993054
2017-06-28,4.319105805219498
2017-06-29,4.318725842142714
2017-06-30,4.318408759762706
2017-07-01,4.318154558079471
2017-07-02,4.317963237093011
2017-07-03,4.317834796803325
2017-07-04,4.317769237210412
2017-07-05,4.3177665583142755
2017-07-06,4.31782676011491
2017-07-07,4.31794984261232
2017-07-08,4.318135805806506
2017-07-09,4.318384649697463
2017-07-10,4.318696374285196
2017-07-11,4.3190709795697035
2017-07-12,4.319508465550984
2017-07-13,4.320008832229038
2017-07-14,4.320572079603869
2017-07-15,4.321198207675472
2017-07-16,4.321887216443848
2017-07-17,4.322625198688552
2017-07-18,4.323328711086891
2017-07-19,4.323983846418417
2017-07-20,4.324590604683132
2017-07-21,4.325148985881033
2017-07-22,4.325658990012122
2017-07-23,4.3261206170764
2017-07-24,4.326533867073863
2017-07-25,4.3268987400045145
2017-07-26,4.327215235868353
2017-07-27,4.32748335466538
2017-07-28,4.327703096395595
2017-07-29,4.327874461058996
2017-07-30,4.327997448655585
2017-07-31,4.328072059185362
2017-08-01,4.328098292648326
2017-08-02,4.3280761490444775
2017-08-03,4.328005628373816
2017-08-04,4.327886730636344
2017-08-05,4.327719455832058
2017-08-06,4.32750380396096
2017-08-07,4.327239775023049
2017-08-08,4.3269273690183265
2017-08-09,4.3265665859467894
2017-08-10,4.326157425808442
2017-08-11,4.325699888603281
2017-08-12,4.325193974331308
2017-08-13,4.324639682992522
2017-08-14,4.324037014586924
2017-08-15,4.323385969114513
2017-08-16,4.322686546575291
2017-08-17,4.321945706038469
2017-08-18,4.321205201919346
2017-08-19,4.320471993287134
2017-08-20,4.319746080141833
2017-08-21,4.319027462483445
2017-08-22,4.318316140311968
2017-08-23,4.317612113627401
2017-08-24,4.316915382429747
2017-08-25,4.316225946719006
2017-08-26,4.315543806495174
2017-08-27,4.314868961758255
2017-08-28,4.314201412508249
2017-08-29,4.313541158745152
2017-08-30,4.312888200468968
2017-08-31,4.312242537679695
2017-09-01,4.311604170377335
2017-09-02,4.310973098561886
2017-09-03,4.310349322233348
2017-09-04,4.309732841391723
2017-09-05,4.309123656037008
2017-09-06,4.308521766169205
2017-09-07,4.3079271717883145
2017-09-08,4.307339872894336
2017-09-09,4.306759869487268
2017-09-10,4.306187161567113
2017-09-11,4.305621749133868
2017-09-12,4.305063632187537
2017-09-13,4.304512810728116
2017-09-14,4.303969284755606
2017-09-15,4.303433054270009
2017-09-16,4.302904119271322
2017-09-17,4.302390692797271
2017-09-18,4.3019009878855785
2017-09-19,4.301435004536243
2017-09-20,4.300992742749265
2017-09-21,4.300574202524645
2017-09-22,4.300179383862384
2017-09-23,4.29980828676248
2017-09-24,4.299460911224934
2017-09-25,4.299137257249746
2017-09-26,4.298837324836915
2017-09-27,4.298561113986443
2017-09-28,4.298308624698328
2017-09-29,4.298079856972571
2017-09-30,4.297874810809173
2017-10-01,4.297693486208131
2017-10-02,4.297535883169449
2017-10-03,4.297402001693123
2017-10-04,4.297291841779155
2017-10-05,4.2972054034275455
2017-10-06,4.297142686638295
2017-10-07,4.297103691411401
2017-10-08,4.297088417746863
2017-10-09,4.297096865644686
2017-10-10,4.2971290351048665
2017-10-11,4.297184926127403
2017-10-12,4.297264538712299
2017-10-13,4.297367872859552
2017-10-14,4.297494928569163
2017-10-15,4.297645705841132
2017-10-16,4.2978202046754586
2017-10-17,4.298014010235712
2017-10-18,4.298200633503304
2017-10-19,4.298375659641801
2017-10-20,4.2985390886512045
2017-10-21,4.298690920531514
2017-10-22,4.298831155282729
2017-10-23,4.29895979290485
2017-10-24,4.299076833397878
2017-10-25,4.299182276761811
2017-10-26,4.299276122996652
2017-10-27,4.299358372102399
2017-10-28,4.299429024079051
2017-10-29,4.2994880789266094
2017-10-30,4.299535536645074
2017-10-31,4.299571397234445
2017-11-01,4.299595660694722
2017-11-02,4.299608327025905
2017-11-03,4.299609396227995
2017-11-04,4.29959886830099
2017-11-05,4.2995767432448915
2017-11-06,4.299543021059699
2017-11-07,4.299497701745413
2017-11-08,4.299440785302033
2017-11-09,4.299372271729559
2017-11-10,4.299292161027991
2017-11-11,4.29920045319733
2017-11-12,4.299097148237575
2017-11-13,4.298982246148725
2017-11-14,4.2988557469307835
2017-11-15,4.298717650583746
2017-11-16,4.298567957107615
2017-11-17,4.29841410651637
2017-11-18,4.298263538823993
2017-11-19,4.298116254030479
2017-11-20,4.297972252135834
2017-11-21,4.2978315331400525
2017-11-22,4.297694097043139
2017-11-23,4.2975599438450915
2017-11-24,4.297429073545908
2017-11-25,4.297301486145593
2017-11-26,4.297177181644143
2017-11-27,4.29705616004156
2017-11-28,4.296938421337843
2017-11-29,4.296823965532991
2017-11-30,4.296712792627006
2017-12-01,4.296604902619887
2017-12-02,4.296500295511634
2017-12-03,4.2963989713022475
2017-12-04,4.296300929991726
2017-12-05,4.296206171580072
2017-12-06,4.296114696067282
2017-12-07,4.296026503453359
2017-12-08,4.295941593738304
2017-12-09,4.295859966922113
2017-12-10,4.295781623004789
2017-12-11,4.295706561986331
2017-12-12,4.295634783866739
2017-12-13,4.295566288646013
2017-12-14,4.295501076324154
2017-12-15,4.29543914690116
2017-12-16,4.295380500377032
2017-12-17,4.29532706433778
2017-12-18,4.2952904042994575
2017-12-19,4.295272447848074
2017-12-20,4.295273194983629
2017-12-21,4.295292645706122
2017-12-22,4.295330800015555
2017-12-23,4.2953876579119274
2017-12-24,4.295463219395237
2017-12-25,4.295557484465487
2017-12-26,4.295670453122675
2017-12-27,4.295802125366802
2017-12-28,4.295952501197869
2017-12-29,4.296121580615874
2017-12-30,4.296309363620818
2017-12-31,4.2965158502127005
2018-01-01,4.296741040391521
2018-01-02,4.296984934157281
2018-01-03,4.297247531509981
2018-01-04,4.297528832449619
2018-01-05,4.297828836976197
2018-01-06,4.298147545089711
2018-01-07,4.298484956790166
2018-01-08,4.298841072077561
2018-01-09,4.299215890951893
2018-01-10,4.299609413413165
2018-01-11,4.300021639461375
2018-01-12,4.300452569096524
2018-01-13,4.300902202318611
2018-01-14,4.301370539127639
2018-01-15,4.301857579523603
2018-01-16,4.302363323506508
2018-01-17,4.302886877831972
2018-01-18,4.3034228830337335
2018-01-19,4.303970445867412
2018-01-20,4.304529566333008
2018-01-21,4.3051002444305215
2018-01-22,4.305682480159953
2018-01-23,4.306276273521299
2018-01-24,4.306881624514565
2018-01-25,4.307498533139747
2018-01-26,4.308126999396848
2018-01-27,4.308767023285865
2018-01-28,4.309418604806801
2018-01-29,4.310081743959653
2018-01-30,4.310756440744423
2018-01-31,4.3114426951611104
2018-02-01,4.312140507209715
2018-02-02,4.312849876890237
2018-02-03,4.313570804202676
2018-02-04,4.314303289147033
2018-02-05,4.315047331723308
2018-02-06,4.3158029319315006
2018-02-07,4.31657008977161
2018-02-08,4.317348805243635
2018-02-09,4.3181390783475795
2018-02-10,4.318940909083441
2018-02-11,4.319754297451221
2018-02-12,4.320579243450917
2018-02-13,4.321415747082531
2018-02-14,4.3222638083460625
2018-02-15,4.32312342724151
2018-02-16,4.323958447035646
2018-02-17,4.324732710995236
2018-02-18,4.325446219120281
2018-02-19,4.326098971410781
2018-02-20,4.326690967866737
2018-02-21,4.327222208488148
2018-02-22,4.327692693275014
2018-02-23,4.328102422227336
2018-02-24,4.3284513953451125
2018-02-25,4.328739612628344
2018-02-26,4.32896707407703
2018-02-27,4.329133779691173
2018-02-28,4.3292397294707685
2018-03-01,4.3292849234158215
2018-03-02,4.32926936152633
2018-03-03,4.329193043802292
2018-03-04,4.329055970243709
2018-03-05,4.328858140850582
2018-03-06,4.328599555622911
2018-03-07,4.328280214560693
2018-03-08,4.3279001176639325
2018-03-09,4.327459264932626
2018-03-10,4.326957656366775
2018-03-11,4.326395291966379
2018-03-12,4.325772171731438
2018-03-13,4.325088295661953
2018-03-14,4.324343663757921
2018-03-15,4.323538276019347
2018-03-16,4.322672132446227
2018-03-17,4.321756455569543
2018-03-18,4.320858580575182
2018-03-19,4.319989729994127
2018-03-20,4.319149903826375
2018-03-21,4.318339102071928
2018-03-22,4.317557324730786
2018-03-23,4.316804571802948
2018-03-24,4.316080843288415
2018-03-25,4.315386139187186
2018-03-26,4.314720459499262
2018-03-27,4.3140838042246425
2018-03-28,4.313476173363329
2018-03-29,4.312897566915317
2018-03-30,4.312347984880611
2018-03-31,4.31182742725921
2018-04-01,4.311335894051113
2018-04-02,4.31087338525632
2018-04-03,4.310439900874832
2018-04-04,4.31003544090665
2018-04-05,4.3096600053517715
2018-04-06,4.309313594210197
2018-04-07,4.308996207481926
2018-04-08,4.308707845166962
2018-04-09,4.308448507265302
2018-04-10,4.308218193776945
2018-04-11,4.308016904701894
2018-04-12,4.3078446400401464
2018-04-13,4.307701399791704
2018-04-14,4.307587183956567
2018-04-15,4.307501992534734
2018-04-16,4.307445825526204
2018-04-17,4.30740930561173
2018-04-18,4.307383055472064
2018-04-19,4.3073670751072015
2018-04-20,4.307361364517145
2018-04-21,4.307365923701895
2018-04-22,4.307380752661451
2018-04-23,4.307405851395812
2018-04-24,4.307441219904979
2018-04-25,4.307486858188953
2018-04-26,4.307542766247732
2018-04-27,4.307608944081316
2018-04-28,4.3076853916897075
2018-04-29,4.3077721090729035
2018-04-30,4.307869096230907
2018-05-01,4.307976353163715
2018-05-02,4.308093879871329
2018-05-03,4.3082216763537495
2018-05-04,4.308359742610975
2018-05-05,4.3085080786430066
2018-05-06,4.308666684449845
2018-05-07,4.308835560031488
2018-05-08,4.309014705387936
2018-05-09,4.309204120519192
2018-05-10,4.309403805425253
2018-05-11,4.309613760106119
2018-05-12,4.309833984561792
2018-05-13,4.31006447879227
2018-05-14,4.310305242797555
2018-05-15,4.310556276577645
2018-05-16,4.310817580132541
2018-05-17,4.31108639869381
2018-05-18,4.3113462036508565
2018-05-19,4.311594240235245
2018-05-20,4.311830508446979
2018-05-21,4.312055008286056
2018-05-22,4.3122677397524765
2018-05-23,4.312468702846241
2018-05-24,4.312657897567349
2018-05-25,4.3128353239158
2018-05-26,4.313000981891596
2018-05-27,4.313154871494736
2018-05-28,4.313296992725219
2018-05-29,4.313427345583045
2018-05-30,4.313545930068216
2018-05-31,4.313652746180729
2018-06-01,4.313747793920587
2018-06-02,4.31383107328779
2018-06-03,4.313902584282335
2018-06-04,4.313962326904224
2018-06-05,4.3140103011534565
2018-06-06,4.314046507030033
2018-06-07,4.314070944533954
2018-06-08,4.314083613665218
2018-06-09,4.3140845144238265
2018-06-10,4.314073646809778
2018-06-11,4.314051010823073
2018-06-12,4.314016606463712
2018-06-13,4.313970433731694
2018-06-14,4.313912492627022
2018-06-15,4.313842783149692
2018-06-16,4.313761305299705
2018-06-17,4.313688620603336
2018-06-18,4.313645290586857
2018-06-19,4.313631315250267
2018-06-20,4.313646694593568
2018-06-21,4.313691428616757
2018-06-22,4.313765517319836
2018-06-23,4.3138689607028065
2018-06-24,4.314001758765666
2018-06-25,4.314163911508413
2018-06-26,4.314355418931053
2018-06-27,4.314576281033581
2018-06-28,4.314826497816001
2018-06-29,4.3151060692783085
2018-06-30,4.3154149954205065
2018-07-01,4.315753276242594
2018-07-02,4.316120911744571
2018-07-03,4.316517901926439
2018-07-04,4.3169442467881955
2018-07-05,4.317399946329843
2018-07-06,4.317885000551378
2018-07-07,4.318399409452804
2018-07-08,4.318943173034122
2018-07-09,4.3195162912953275
2018-07-10,4.3201187642364225
2018-07-11,4.320750591857409
2018-07-12,4.321411774158284
2018-07-13,4.322102311139048
2018-07-14,4.322822202799704
2018-07-15,4.323571449140248
2018-07-16,4.324350050160682
2018-07-17,4.325148899057589
2018-07-18,4.325913355010455
2018-07-19,4.326634311215866
2018-07-20,4.32731176767382
2018-07-21,4.327945724384318
2018-07-22,4.328536181347357
2018-07-23,4.329083138562942
2018-07-24,4.329586596031067
2018-07-25,4.330046553751738
2018-07-26,4.330463011724952
2018-07-27,4.330835969950709
2018-07-28,4.331165428429008
2018-07-29,4.331451387159851
2018-07-30,4.331693846143238
2018-07-31,4.331892805379168
2018-08-01,4.33204826486764
2018-08-02,4.332160224608656
2018-08-03,4.3322286846022156
2018-08-04,4.332253644848318
2018-08-05,4.332235105346965
2018-08-06,4.332173066098154
2018-08-07,4.332067527101886
2018-08-08,4.331918488358162
2018-08-09,4.331725949866981
2018-08-10,4.331489911628344
2018-08-11,4.331210373642248
2018-08-12,4.330887335908698
2018-08-13,4.330520798427689
2018-08-14,4.330110761199225
2018-08-15,4.329657224223302
2018-08-16,4.329160187499925
2018-08-17,4.3286277476550605
2018-08-18,4.328108484444541
2018-08-19,4.327610494494333
2018-08-20,4.327133777804439
2018-08-21,4.326678334374861
2018-08-22,4.326244164205596
2018-08-23,4.325831267296644
2018-08-24,4.325439643648007
2018-08-25,4.325069293259684
2018-08-26,4.324720216131674
2018-08-27,4.324392412263978
2018-08-28,4.324085881656599
2018-08-29,4.32380062430953
2018-08-30,4.323536640222776
2018-08-31,4.323293929396336
2018-09-01,4.323072491830211
2018-09-02,4.322872327524399
2018-09-03,4.322693436478901
2018-09-04,4.322535818693718
2018-09-05,4.322399474168848
2018-09-06,4.322284402904292
2018-09-07,4.322190604900049
2018-09-08,4.322118080156121
2018-09-09,4.322066828672508
2018-09-10,4.322036850449208
2018-09-11,4.322028145486222
2018-09-12,4.322040713783549
2018-09-13,4.322074555341191
2018-09-14,4.322129670159147
2018-09-15,4.322206058237416
2018-09-16,4.322303719576
2018-09-17,4.322407035704328
2018-09-18,4.322500388151825
2018-09-19,4.322583776918494
2018-09-20,4.3226572020043355
2018-09-21,4.322720663409347
2018-09-22,4.322774161133532
2018-09-23,4.322817695176888
2018-09-24,4.3228512655394145
2018-09-25,4.322874872221114
2018-09-26,4.322888515221985
2018-09-27,4.322892194542026
2018-09-28,4.32288591018124
2018-09-29,4.322869662139624
2018-09-30,4.3228434504171815
2018-10-01,4.32280727501391
2018-10-02,4.3227611359298095
2018-10-03,4.322705033164881
2018-10-04,4.322638966719124
2018-10-05,4.322562936592538
2018-10-06,4.322476942785125
2018-10-07,4.322380985296881
2018-10-08,4.32227506412781
2018-10-09,4.322159179277912
2018-10-10,4.322033330747184
2018-10-11,4.321897518535627
2018-10-12,4.321751742643244
2018-10-13,4.32159600307003
2018-10-14,4.321430299815988
2018-10-15,4.321254632881118
2018-10-16,4.3210690022654195
2018-10-17,4.320875014568149
2018-10-18,4.320682309384844
2018-10-19,4.320492493314761
2018-10-20,4.3203055663578995
2018-10-21,4.320121528514261
2018-10-22,4.319940379783843
2018-10-23,4.319762120166648
2018-10-24,4.319586749662675
2018-10-25,4.319414268271922
2018-10-26,4.319244675994393
2018-10-27,4.319077972830086
2018-10-28,4.318914158778999
2018-10-29,4.318753233841135
2018-10-30,4.318595198016493
2018-10-31,4.318440051305073
2018-11-01,4.318287793706875
2018-11-02,4.318138425221898
2018-11-03,4.317991945850143
2018-11-04,4.317848355591611
2018-11-05,4.3177076544463
2018-11-06,4.317569842414211
2018-11-07,4.317434919495344
2018-11-08,4.317302885689699
2018-11-09,4.317173740997276
2018-11-10,4.317047485418074
2018-11-11,4.3169241189520955
2018-11-12,4.316803641599337
2018-11-13,4.316686053359803
2018-11-14,4.31657135423349
2018-11-15,4.316459544220397
2018-11-16,4.3163506233205275
2018-11-17,4.316265430252903
2018-11-18,4.316224803736548
2018-11-19,4.316228743771459
2018-11-20,4.3162772503576425
2018-11-21,4.316370323495092
2018-11-22,4.316507963183811
2018-11-23,4.316690169423799
2018-11-24,4.316916942215056
2018-11-25,4.3171882815575815
2018-11-26,4.317504187451376
2018-11-27,4.317864659896438
2018-11-28,4.31826969889277
2018-11-29,4.31871930444037
2018-11-30,4.3192134765392405
2018-12-01,4.319752215189378
2018-12-02,4.320335520390784
2018-12-03,4.32096339214346
2018-12-04,4.321635830447404
2018-12-05,4.322352835302618
2018-12-06,4.323114406709098
2018-12-07,4.323920544666849
2018-12-08,4.3247712491758685
2018-12-09,4.3256665202361555
2018-12-10,4.326606357847712
2018-12-11,4.327590762010538
2018-12-12,4.328619732724633
2018-12-13,4.329693269989995
2018-12-14,4.330811373806627
2018-12-15,4.331974044174528
2018-12-16,4.333181281093696
2018-12-17,4.334418543686325
2018-12-18,4.335598586685554
2018-12-19,4.336706869213577
2018-12-20,4.337743391270394
2018-12-21,4.338708152856004
2018-12-22,4.339601153970403
2018-12-23,4.340422394613598
2018-12-24,4.341171874785584
2018-12-25,4.341849594486363
2018-12-26,4.342455553715935
2018-12-27,4.342989752474299
2018-12-28,4.3434521907614565
2018-12-29,4.343842868577407
2018-12-30,4.344161785922149
2018-12-31,4.344408942795684
2019-01-01,4.344584339198011
2019-01-02,4.344687975129132
2019-01-03,4.344719850589044
2019-01-04,4.34467996557775
2019-01-05,4.344568320095249
2019-01-06,4.344384914141539
2019-01-07,4.344129747716623
2019-01-08,4.3438028208205
2019-01-09,4.343404133453169
2019-01-10,4.34293368561463
2019-01-11,4.342391477304885
2019-01-12,4.341777508523931
2019-01-13,4.341091779271771
2019-01-14,4.340334289548404
2019-01-15,4.339505039353828
2019-01-16,4.338604028688046
2019-01-17,4.337643283367745
2019-01-18,4.336694958293068
2019-01-19,4.3357710792807
2019-01-20,4.334871646330644
2019-01-21,4.3339966594429
2019-01-22,4.333146118617467
2019-01-23,4.332320023854345
2019-01-24,4.331518375153534
2019-01-25,4.330741172515034
2019-01-26,4.329988415938847
2019-01-27,4.32926010542497
2019-01-28,4.328556240973405
2019-01-29,4.327876822584151
2019-01-30,4.327221850257208
2019-01-31,4.326591323992577
2019-02-01,4.325985243790257
2019-02-02,4.325403609650248
2019-02-03,4.32484642157255
2019-02-04,4.324313679557164
2019-02-05,4.323805383604089
2019-02-06,4.323321533713326
2019-02-07,4.322862129884873
2019-02-08,4.322427172118732
2019-02-09,4.322016660414903
2019-02-10,4.321630594773384
2019-02-11,4.321268975194178
2019-02-12,4.320931801677282
2019-02-13,4.320619074222698
2019-02-14,4.320330792830424
2019-02-15,4.320066957500463
2019-02-16,4.319813352881278
2019-02-17,4.31955576362134
2019-02-18,4.3192941897206465
2019-02-19,4.319028631179197
2019-02-20,4.318759087996993
2019-02-21,4.318485560174034
2019-02-22,4.3182080477103195
2019-02-23,4.317926550605849
2019-02-24,4.317641068860625
2019-02-25,4.317351602474646
2019-02-26,4.31705815144791
2019-02-27,4.31676071578042
2019-02-28,4.316459295472175
2019-03-01,4.316153890523174
2019-03-02,4.315844500933419
2019-03-03,4.315531126702909
2019-03-04,4.315213767831643
2019-03-05,4.314892424319622
2019-03-06,4.314567096166846
2019-03-07,4.314237783373315
2019-03-08,4.3139044859390285
2019-03-09,4.313567203863987
2019-03-10,4.313225937148191
2019-03-11,4.312880685791639
2019-03-12,4.3125314497943315
2019-03-13,4.31217822915627
2019-03-14,4.311821023877453
2019-03-15,4.311459833957882
2019-03-16,4.311094659397554
2019-03-17,4.310732115795268
2019-03-18,4.310411896743806
2019-03-19,4.310140617841963
2019-03-20,4.309918279089739
2019-03-21,4.309744880487134
2019-03-22,4.3096204220341505
2019-03-23,4.309544903730786
2019-03-24,4.3095183255770415
2019-03-25,4.309540687572916
2019-03-26,4.30961198971841
2019-03-27,4.309732232013524
2019-03-28,4.309901414458257
2019-03-29,4.31011953705261
2019-03-30,4.3103865997965825
2019-03-31,4.310702602690175
2019-04-01,4.311067545733388
2019-04-02,4.311481428926219
2019-04-03,4.3119442522686695
2019-04-04,4.312456015760741
2019-04-05,4.313016719402432
2019-04-06,4.313626363193741
2019-04-07,4.314284947134671
2019-04-08,4.314992471225221
2019-04-09,4.31574893546539
2019-04-10,4.316554339855178
2019-04-11,4.317408684394586
2019-04-12,4.318311969083614
2019-04-13,4.319264193922262
2019-04-14,4.320265358910529
2019-04-15,4.321315464048416
2019-04-16,4.322414509335921
2019-04-17,4.323527496997284
2019-04-18,4.3246194292567415
2019-04-19,4.325690306114289
2019-04-20,4.326740127569931
2019-04-21,4.3277688936236665
2019-04-22,4.328776604275494
2019-04-23,4.329763259525415
2019-04-24,4.330728859373428
2019-04-25,4.331673403819536
2019-04-26,4.332596892863736
2019-04-27,4.333499326506029
2019-04-28,4.334380704746416
2019-04-29,4.335241027584895
2019-04-30,4.3360802950214685
2019-05-01,4.336898507056134
2019-05-02,4.337695663688892
2019-05-03,4.338471764919744
2019-05-04,4.339226810748689
2019-05-05,4.339960801175727
2019-05-06,4.340673736200857
2019-05-07,4.341365615824081
2019-05-08,4.342036440045398
2019-05-09,4.342686208864809
2019-05-10,4.343314922282311
2019-05-11,4.343922580297908
2019-05-12,4.344509182911597
2019-05-13,4.345074730123379
2019-05-14,4.345619221933254
2019-05-15,4.346142658341223
2019-05-16,4.346645039347284
2019-05-17,4.347124492149934
2019-05-18,4.347569779940143
2019-05-19,4.347979029916407
2019-05-20,4.348352242078724
2019-05-21,4.3486894164270975
2019-05-22,4.348990552961524
2019-05-23,4.349255651682006
2019-05-24,4.349484712588543
2019-05-25,4.349677735681133
2019-05-26,4.3498347209597785
2019-05-27,4.349955668424479
2019-05-28,4.350040578075233
2019-05-29,4.3500894499120415
2019-05-30,4.3501022839349055
2019-05-31,4.350079080143823
2019-06-01,4.350019838538795
2019-06-02,4.349924559119823
2019-06-03,4.349793241886904
2019-06-04,4.34962588684004
2019-06-05,4.3494224939792305
2019-06-06,4.349183063304476
2019-06-07,4.348907594815776
2019-06-08,4.34859608851313
2019-06-09,4.348248544396539
2019-06-10,4.347864962466002
2019-06-11,4.347445342721519
2019-06-12,4.346989685163093
2019-06-13,4.346497989790719
2019-06-14,4.345970256604401
2019-06-15,4.345406485604137
2019-06-16,4.344806676789927
2019-06-17,4.344225010323489
2019-06-18,4.3437156663665455
2019-06-19,4.343278644919091
2019-06-20,4.342913945981128
2019-06-21,4.342621569552656
2019-06-22,4.342401515633676
2019-06-23,4.342253784224186
2019-06-24,4.342178375324189
2019-06-25,4.3421752889336815
2019-06-26,4.342244525052666
2019-06-27,4.342386083681142
2019-06-28,4.34259996481911
2019-06-29,4.342886168466568
2019-06-30,4.343244694623517
2019-07-01,4.343675543289958
2019-07-02,4.34417871446589
2019-07-03,4.344754208151314
2019-07-04,4.345402024346228
2019-07-05,4.346122163050635
2019-07-06,4.346914624264531
2019-07-07,4.347779407987919
2019-07-08,4.348716514220799
2019-07-09,4.349725942963169
2019-07-10,4.350807694215032
2019-07-11,4.351961767976385
2019-07-12,4.353188164247229
2019-07-13,4.3544868830275645
2019-07-14,4.355857924317393
2019-07-15,4.357301288116711
2019-07-16,4.35881697442552
2019-07-17,4.360387009685994
2019-07-18,4.361903552551164
2019-07-19,4.363348629463207
2019-07-20,4.364722240422122
2019-07-21,4.366024385427907
2019-07-22,4.367255064480561
2019-07-23,4.368414277580088
2019-07-24,4.3695020247264855
2019-07-25,4.370518305919754
2019-07-26,4.371463121159892
2019-07-27,4.372336470446904
2019-07-28,4.373138353780785
2019-07-29,4.373868771161538
2019-07-30,4.374527722589161
2019-07-31,4.375115208063655
2019-08-01,4.375631227585021
2019-08-02,4.376075781153258
2019-08-03,4.376448868768364
2019-08-04,4.376750490430343
2019-08-05,4.3769806461391925
2019-08-06,4.377139335894912
2019-08-07,4.377226559697503
2019-08-08,4.3772423175469655
2019-08-09,4.3771866094432985
2019-08-10,4.377059435386504
2019-08-11,4.376860795376578
2019-08-12,4.376590689413525
2019-08-13,4.376249117497341
2019-08-14,4.37583607962803
2019-08-15,4.375351575805587
2019-08-16,4.374795606030018
2019-08-17,4.374178148961213
2019-08-18,4.3735590765585455
2019-08-19,4.372948367481907
2019-08-20,4.372346021731298
2019-08-21,4.3717520393067195
2019-08-22,4.371166420208174
2019-08-23,4.370589164435655
2019-08-24,4.370020271989167
2019-08-25,4.3694597428687105
2019-08-26,4.368907577074283
2019-08-27,4.3683637746058865
2019-08-28,4.367828335463522
2019-08-29,4.367301259647184
2019-08-30,4.3667825471568795
2019-08-31,4.366272197992603
2019-09-01,4.365770212154359
2019-09-02,4.365276589642144
2019-09-03,4.364791330455958
2019-09-04,4.364314434595804
2019-09-05,4.36384590206168
2019-09-06,4.363385732853586
2019-09-07,4.362933926971522
2019-09-08,4.362490484415489
2019-09-09,4.362055405185486
2019-09-10,4.361628689281512
2019-09-11,4.36121033670357
2019-09-12,4.360800347451658
2019-09-13,4.360398721525775
2019-09-14,4.360005458925924
2019-09-15,4.359620559652102
2019-09-16,4.35924402370431
2019-09-17,4.358870385935051
2019-09-18,4.358494181196828
2019-09-19,4.3581154094896375
2019-09-20,4.357734070813482
2019-09-21,4.357350165168364
2019-09-22,4.356963692554277
2019-09-23,4.3565746529712275
2019-09-24,4.356183046419212
2019-09-25,4.3557888728982315
2019-09-26,4.355392132408285
2019-09-27,4.354992824949373
2019-09-28,4.354590950521498
2019-09-29,4.354186509124656
2019-09-30,4.353779500758849
2019-10-01,4.353369925424077
2019-10-02,4.352957783120338
2019-10-03,4.352543073847636
2019-10-04,4.352125797605968
2019-10-05,4.351705954395335
2019-10-06,4.351283544215737
2019-10-07,4.3508585670671724
2019-10-08,4.3504310229496435
2019-10-09,4.35000091186315
2019-10-10,4.34956823380769
2019-10-11,4.349132988783266
2019-10-12,4.348695176789876
2019-10-13,4.34825479782752
2019-10-14,4.3478118518962
2019-10-15,4.347366338995915
2019-10-16,4.346918259126664
2019-10-17,4.346469083740478
2019-10-18,4.346027641549533
2019-10-19,4.34559540400586
2019-10-20,4.345172371109458
2019-10-21,4.344758542860328
2019-10-22,4.344353919258468
2019-10-23,4.343958500303882
2019-10-24,4.343572285996566
2019-10-25,4.34319527633652
2019-10-26,4.342827471323748
2019-10-27,4.342468870958246
2019-10-28,4.342119475240015
2019-10-29,4.341779284169057
2019-10-30,4.341448297745369
2019-10-31,4.341126515968953
2019-11-01,4.340813938839808
2019-11-02,4.340510566357935
2019-11-03,4.340216398523333
2019-11-04,4.339931435336003
2019-11-05,4.339655676795943
2019-11-06,4.339389122903157
2019-11-07,4.33913177365764
2019-11-08,4.338883629059396
2019-11-09,4.338644689108422
2019-11-10,4.338414953804721
2019-11-11,4.33819442314829
2019-11-12,4.337983097139131
2019-11-13,4.337780975777243
2019-11-14,4.337588059062629
2019-11-15,4.337404346995283
2019-11-16,4.33722983957521
2019-11-17,4.337055235066848
2019-11-18,4.336871231734639
2019-11-19,4.33667782957858
2019-11-20,4.336475028598674
2019-11-21,4.336262828794918
2019-11-22,4.336041230167315
2019-11-23,4.335810232715864
2019-11-24,4.335569836440564
2019-11-25,4.335320041341416
2019-11-26,4.335060847418419
2019-11-27,4.334792254671575
2019-11-28,4.334514263100882
2019-11-29,4.33422687270634
2019-11-30,4.333930083487952
2019-12-01,4.333623895445714
2019-12-02,4.333308308579627
2019-12-03,4.332983322889693
2019-12-04,4.332648938375911
2019-12-05,4.332305155038281
2019-12-06,4.3319519728768
2019-12-07,4.331589391891472
2019-12-08,4.331217412082298
2019-12-09,4.330836033449272
2019-12-10,4.330445255992401
2019-12-11,4.33004507971168
2019-12-12,4.329635504607111
2019-12-13,4.329216530678693
2019-12-14,4.328788157926429
2019-12-15,4.328350386350315
2019-12-16,4.327903215950352
2019-12-17,4.327449152670694
2019-12-18,4.327003232176249
2019-12-19,4.326567960411174
2019-12-20,4.326143337375465
2019-12-21,4.325729363069124
2019-12-22,4.325326037492149
2019-12-23,4.324933360644543
2019-12-24,4.324551332526303
2019-12-25,4.32417995313743
2019-12-26,4.323819222477924
2019-12-27,4.323469140547786
2019-12-28,4.323129707347015
2019-12-29,4.3228009228756115
2019-12-30,4.322482787133575
2019-12-31,4.322175300120906
2020-01-01,4.321878461837604
2020-01-02,4.321592272283668
2020-01-03,4.3213167314591
2020-01-04,4.3210518393639
2020-01-05,4.320797595998068
2020-01-06,4.320554001361601
2020-01-07,4.320321055454502
2020-01-08,4.320098758276771
2020-01-09,4.319887109828406
2020-01-10,4.3196861101094095
2020-01-11,4.319495759119779
2020-01-12,4.319316056859517
2020-01-13,4.319147003328621
2020-01-14,4.318988598527093
2020-01-15,4.318840842454932
2020-01-16,4.318703735112138
2020-01-17,4.318584390384141
2020-01-18,4.3185254915835145
2020-01-19,4.318534152595689
2020-01-20,4.318610373420661
2020-01-21,4.318754154058435
2020-01-22,4.318965494509008
2020-01-23,4.319244394772383
2020-01-24,4.319590854848556
2020-01-25,4.3200048747375295
2020-01-26,4.320486454439305
2020-01-27,4.321035593953877
2020-01-28,4.321652293281252
2020-01-29,4.322336552421426
2020-01-30,4.3230883713744
2020-01-31,4.323907750140174
2020-02-01,4.3247946887187485
2020-02-02,4.325749187110123
2020-02-03,4.326771245314297
2020-02-04,4.327860863331272
2020-02-05,4.329018041161047
2020-02-06,4.330242778803621
2020-02-07,4.331535076258996
2020-02-08,4.33289493352717
2020-02-09,4.334322350608145
2020-02-10,4.33581732750192
2020-02-11,4.337379864208494
2020-02-12,4.33900996072787
2020-02-13,4.340707617060044
2020-02-14,4.342472833205019
2020-02-15,4.344305609162793
2020-02-16,4.346189440594642
2020-02-17,4.348025301468205
2020-02-18,4.349796687444755
2020-02-19,4.3515035985242925
2020-02-20,4.353146034706818
2020-02-21,4.35472399599233
2020-02-22,4.35623748238083
2020-02-23,4.357686493872317
2020-02-24,4.359071030466792
2020-02-25,4.360391092164254
2020-02-26,4.3616466789647035
2020-02-27,4.362837790868141
2020-02-28,4.363964427874565
2020-02-29,4.365026589983977
2020-03-01,4.366024277196376
2020-03-02,4.366957489511764
2020-03-03,4.367826226930137
2020-03-04,4.368630489451499
2020-03-05,4.369370277075849
2020-03-06,4.370045589803185
2020-03-07,4.37065642763351
2020-03-08,4.371202790566821
2020-03-09,4.3716846786031205
2020-03-10,4.372102091742407
2020-03-11,4.37245502998468
2020-03-12,4.372743493329942
2020-03-13,4.372967481778192
2020-03-14,4.373126995329428
2020-03-15,4.373222033983652
2020-03-16,4.373252597740863
2020-03-17,4.373228467437559
2020-03-18,4.373208328092729
2020-03-19,4.373201960542869
2020-03-20,4.37320936478798
2020-03-21,4.373230540828062
2020-03-22,4.373265488663113
2020-03-23,4.373314208293135
2020-03-24,4.37337669971813
2020-03-25,4.373452962938094
2020-03-26,4.373542997953028
2020-03-27,4.373646804762934
2020-03-28,4.373764383367811
2020-03-29,4.373895733767657
2020-03-30,4.374040855962474
2020-03-31,4.374199749952263
2020-04-01,4.374372415737022
2020-04-02,4.374558853316751
2020-04-03,4.374759062691451
2020-04-04,4.3749730438611225
2020-04-05,4.375200796825764
2020-04-06,4.375442321585376
2020-04-07,4.375697618139959
2020-04-08,4.375966686489513
2020-04-09,4.376249526634037
2020-04-10,4.3765461385735325
2020-04-11,4.376856522307998
2020-04-12,4.377180677837434
2020-04-13,4.377518605161841
2020-04-14,4.3778703042812195
2020-04-15,4.378235775195567
2020-04-16,4.378615017904886
2020-04-17,4.378978328287114
2020-04-18,4.37929600222019
2020-04-19,4.379568039704112
2020-04-20,4.379794440738881
2020-04-21,4.379975205324499
2020-04-22,4.380110333460962
2020-04-23,4.380199825148273
2020-04-24,4.380243680386433
2020-04-25,4.380241899175437
2020-04-26,4.38019448151529
2020-04-27,4.3801014274059895
2020-04-28,4.379962736847537
2020-04-29,4.379778409839931
2020-04-30,4.379548446383173
2020-05-01,4.379272846477261
2020-05-02,4.378951610122197
2020-05-03,4.37858473731798
2020-05-04,4.37817222806461
2020-05-05,4.377714082362087
2020-05-06,4.377210300210412
2020-05-07,4.376660881609584
2020-05-08,4.376065826559602
2020-05-09,4.375425135060469
2020-05-10,4.374738807112182
2020-05-11,4.374006842714742
2020-05-12,4.37322924186815
2020-05-13,4.3724060045724045
2020-05-14,4.371537130827506
2020-05-15,4.370622620633456
2020-05-16,4.369662473990251
2020-05-17,4.36866778812695
2020-05-18,4.367705146417867
2020-05-19,4.366785646092059
2020-05-20,4.365909287149527
2020-05-21,4.365076069590267
2020-05-22,4.364285993414282
2020-05-23,4.363539058621573
2020-05-24,4.362835265212137
2020-05-25,4.362174613185974
2020-05-26,4.361557102543088
2020-05-27,4.360982733283476
2020-05-28,4.360451505407138
2020-05-29,4.359963418914073
2020-05-30,4.359518473804283
2020-05-31,4.359116670077768
2020-06-01,4.358758007734528
2020-06-02,4.358442486774561
2020-06-03,4.358170107197869
2020-06-04,4.357940869004451
2020-06-05,4.3577547721943075
2020-06-06,4.357611816767439
2020-06-07,4.357512002723844
2020-06-08,4.357455330063523
2020-06-09,4.3574417987864775
2020-06-10,4.357471408892707
2020-06-11,4.35754416038221
2020-06-12,4.357660053254986
2020-06-13,4.3578190875110385
2020-06-14,4.3580212631503645
2020-06-15,4.358266580172964
2020-06-16,4.358555038578839
2020-06-17,4.358852687258033
2020-06-18,4.359125575100589
2020-06-19,4.359373702106508
2020-06-20,4.359597068275789
2020-06-21,4.359795673608433
2020-06-22,4.359969518104439
2020-06-23,4.360118601763809
2020-06-24,4.360242924586541
2020-06-25,4.360342486572636
2020-06-26,4.360417287722094
2020-06-27,4.360467328034914
2020-06-28,4.360492607511097
2020-06-29,4.360493126150642
2020-06-30,4.360468883953552
2020-07-01,4.360419880919823
2020-07-02,4.360346117049456
2020-07-03,4.3602475923424535
2020-07-04,4.360124306798812
2020-07-05,4.359976260418534
2020-07-06,4.359803453201618
2020-07-07,4.359605885148065
2020-07-08,4.359383556257876
2020-07-09,4.359136466531048
2020-07-10,4.358864615967585
2020-07-11,4.358568004567482
2020-07-12,4.358246632330744
2020-07-13,4.357900499257367
2020-07-14,4.357529605347354
2020-07-15,4.357133950600702
2020-07-16,4.3567135350174135
2020-07-17,4.356272702531246
2020-07-18,4.35583751674474
2020-07-19,4.355412321591655
2020-07-20,4.35499711707199
2020-07-21,4.354591903185745
2020-07-22,4.354196679932921
2020-07-23,4.353811447313515
2020-07-24,4.35343620532753
2020-07-25,4.353070953974967
2020-07-26,4.352715693255822
2020-07-27,4.3523704231700995
2020-07-28,4.352035143717796
2020-07-29,4.351709854898912
2020-07-30,4.351394556713449
2020-07-31,4.351089249161406
2020-08-01,4.350793932242783
2020-08-02,4.35050860595758
2020-08-03,4.350233270305797
2020-08-04,4.3499679252874355
2020-08-05,4.3497125709024935
2020-08-06,4.349467207150971
2020-08-07,4.349231834032869
2020-08-08,4.349006451548188
2020-08-09,4.348791059696927
2020-08-10,4.348585658479085
2020-08-11,4.348390247894664
2020-08-12,4.348204827943664
2020-08-13,4.348029398626083
2020-08-14,4.347863959941922
2020-08-15,4.347708511891181
2020-08-16,4.347563054473862
2020-08-17,4.347426440809633
2020-08-18,4.3472917896165235
2020-08-19,4.347157954014202
2020-08-20,4.347024934002671
2020-08-21,4.346892729581931
2020-08-22,4.34676134075198
2020-08-23,4.346630767512818
2020-08-24,4.346501009864447
2020-08-25,4.346372067806866
2020-08-26,4.346243941340074
2020-08-27,4.346116630464071
2020-08-28,4.345990135178861
2020-08-29,4.345864455484437
2020-08-30,4.345739591380805
2020-08-31,4.345615542867961
2020-09-01,4.345492309945908
2020-09-02,4.345369892614645
2020-09-03,4.345248290874171
2020-09-04,4.345127504724488
2020-09-05,4.345007534165593
2020-09-06,4.3448883791974895
2020-09-07,4.344770039820175
2020-09-08,4.344652516033651
2020-09-09,4.344535807837916
2020-09-10,4.3444199152329706
2020-09-11,4.344304838218816
2020-09-12,4.344190576795451
2020-09-13,4.344077130962875
2020-09-14,4.343964500721089
2020-09-15,4.343852686070093
2020-09-16,4.343741687009887
2020-09-17,4.3436312418131795
2020-09-18,4.34352108875268
2020-09-19,4.343411227828386
2020-09-20,4.343301659040301
2020-09-21,4.3431923823884215
2020-09-22,4.343083397872751
2020-09-23,4.342974705493288
2020-09-24,4.3428663052500305
2020-09-25,4.342758197142981
2020-09-26,4.342650381172139
2020-09-27,4.342542857337504
2020-09-28,4.3424356256390775
2020-09-29,4.342328686076858
2020-09-30,4.342222038650846
2020-10-01,4.34211568336104
2020-10-02,4.342009620207442
2020-10-03,4.341903849190052
2020-10-04,4.341798370308868
2020-10-05,4.3416931835638914
2020-10-06,4.341588288955124
2020-10-07,4.341483686482562
2020-10-08,4.341379376146207
2020-10-09,4.341275357946062
2020-10-10,4.341171631882122
2020-10-11,4.341068197954389
2020-10-12,4.340965056162865
2020-10-13,4.340862206507547
2020-10-14,4.340759648988437
2020-10-15,4.340657383605534
2020-10-16,4.340555410358838
2020-10-17,4.340451852499544
2020-10-18,4.340335449534819
2020-10-19,4.340204324715856
2020-10-20,4.340058478042657
2020-10-21,4.339897909515221
2020-10-22,4.339722619133547
2020-10-23,4.339532606897636
2020-10-24,4.339327872807489
2020-10-25,4.3391084168631044
2020-10-26,4.338874239064483
2020-10-27,4.338625339411624
2020-10-28,4.338361717904529
2020-10-29,4.338083374543196
2020-10-30,4.337790309327626
2020-10-31,4.337482522257819
2020-11-01,4.337160013333775
2020-11-02,4.336822782555494
2020-11-03,4.336470829922975
2020-11-04,4.336104155436221
2020-11-05,4.335722759095228
2020-11-06,4.3353266409
2020-11-07,4.334915800850534
2020-11-08,4.33449023894683
2020-11-09,4.33404995518889
2020-11-10,4.333594949576713
2020-11-11,4.333125222110299
2020-11-12,4.332640772789647
2020-11-13,4.332141601614759
2020-11-14,4.331627708585634
2020-11-15,4.331099093702271
2020-11-16,4.330555756964671
2020-11-17,4.330014991016982
2020-11-18,4.32949408850335
2020-11-19,4.328993049423776
2020-11-20,4.328511873778258
2020-11-21,4.328050561566798
2020-11-22,4.3276091127893945
2020-11-23,4.32718752744605
2020-11-24,4.326785805536762
2020-11-25,4.326403947061531
2020-11-26,4.3260419520203595
2020-11-27,4.325699820413244
2020-11-28,4.325377552240186
2020-11-29,4.325075147501185
2020-11-30,4.324792606196242
2020-12-01,4.324529928325356
2020-12-02,4.324287113888526
2020-12-03,4.3240641628857555
2020-12-04,4.3238610753170414
2020-12-05,4.323677851182386
2020-12-06,4.323514490481785
2020-12-07,4.323370993215244
2020-12-08,4.32324735938276
2020-12-09,4.323143588984332
2020-12-10,4.323059682019963
2020-12-11,4.322995638489651
2020-12-12,4.322951458393396
2020-12-13,4.322927141731198
2020-12-14,4.322922688503059
2020-12-15,4.322938098708976
2020-12-16,4.322973372348951
2020-12-17,4.323023419044462
2020-12-18,4.323057696524386
2020-12-19,4.323071114410203
2020-12-20,4.323063672701913
2020-12-21,4.323035371399515
2020-12-22,4.322986210503008
2020-12-23,4.322916190012395
2020-12-24,4.3228253099276746
2020-12-25,4.322713570248846
2020-12-26,4.322580970975908
2020-12-27,4.322427512108865
2020-12-28,4.322253193647713
2020-12-29,4.322058015592455
2020-12-30,4.321841977943088
2020-12-31,4.321605080699613
2021-01-01,4.321347323862031
2021-01-02,4.321068707430341
2021-01-03,4.320769231404545
2021-01-04,4.32044889578464
2021-01-05,4.320107700570628
2021-01-06,4.319745645762508
2021-01-07,4.31936273136028
2021-01-08,4.318958957363946
2021-01-09,4.318534323773503
2021-01-10,4.318088830588953
2021-01-11,4.3176224778102945
2021-01-12,4.317135265437529
2021-01-13,4.316627193470656
2021-01-14,4.3160982619096755
2021-01-15,4.315548470754586
2021-01-16,4.314977820005391
2021-01-17,4.314387828822583
2021-01-18,4.313787612169128
2021-01-19,4.313178689205524
2021-01-20,4.312561059931771
2021-01-21,4.311934724347867
2021-01-22,4.311299682453813
2021-01-23,4.310655934249607
2021-01-24,4.310003479735252
2021-01-25,4.309342318910747
2021-01-26,4.308672451776092
2021-01-27,4.3079938783312866
2021-01-28,4.307306598576331
2021-01-29,4.306610612511225
2021-01-30,4.305905920135969
2021-01-31,4.3051925214505635
2021-02-01,4.304470416455007
2021-02-02,4.303739605149299
2021-02-03,4.303000087533442
2021-02-04,4.3022518636074345
2021-02-05,4.301494933371278
2021-02-06,4.30072929682497
2021-02-07,4.299954953968513
2021-02-08,4.299171904801904
2021-02-09,4.298380149325146
2021-02-10,4.297579687538238
2021-02-11,4.296770519441179
2021-02-12,4.295952645033971
2021-02-13,4.295126064316611
2021-02-14,4.294290777289103
2021-02-15,4.293446783951443
2021-02-16,4.292603797893168
2021-02-17,4.2917715327038115
2021-02-18,4.2909499883833755
2021-02-19,4.290139164931858
2021-02-20,4.289339062349259
2021-02-21,4.28854968063558
2021-02-22,4.28777101979082
2021-02-23,4.287003079814979
2021-02-24,4.286245860708057
2021-02-25,4.285499362470055
2021-02-26,4.28476358510097
2021-02-27,4.284038528600806
2021-02-28,4.283324192969561
2021-03-01,4.282620578207235
2021-03-02,4.281927684313828
2021-03-03,4.28124551128934
2021-03-04,4.28057405913377
2021-03-05,4.279913327847121
2021-03-06,4.2792633174293915
2021-03-07,4.2786240278805785
2021-03-08,4.277995459200687
2021-03-09,4.2773776113897135
2021-03-10,4.276770484447661
2021-03-11,4.276174078374526
2021-03-12,4.275588393170309
2021-03-13,4.275013428835013
2021-03-14,4.274449185368635
2021-03-15,4.273895662771178
2021-03-16,4.273352861042637
2021-03-17,4.2728205595861715
2021-03-18,4.272297434820706
2021-03-19,4.2717832661493915
2021-03-20,4.271278053572231
2021-03-21,4.270781797089224
2021-03-22,4.27029449670037
2021-03-23,4.269816152405671
2021-03-24,4.269346764205123
2021-03-25,4.268886332098729
2021-03-26,4.268434856086487
2021-03-27,4.267992336168401
2021-03-28,4.267558772344467
2021-03-29,4.267134164614685
2021-03-30,4.2667185129790575
2021-03-31,4.266311817437583
2021-04-01,4.265914077990263
2021-04-02,4.265525294637094
2021-04-03,4.26514546737808
2021-04-04,4.264774596213218
2021-04-05,4.26441268114251
2021-04-06,4.264059722165955
2021-04-07,4.263715719283553
2021-04-08,4.263380672495305
2021-04-09,4.26305458180121
2021-04-10,4.262737447201268
2021-04-11,4.262429268695479
2021-04-12,4.262130046283844
2021-04-13,4.261839779966362
2021-04-14,4.261558469743034
2021-04-15,4.261286115613858
2021-04-16,4.261022717578835
2021-04-17,4.26076205492639
2021-04-18,4.260497906944944
2021-04-19,4.260230273634497
2021-04-20,4.25995915499505
2021-04-21,4.259684551026604
2021-04-22,4.2594064617291565
2021-04-23,4.259124887102709
2021-04-24,4.258839827147263
2021-04-25,4.2585512818628155
2021-04-26,4.258259251249367
2021-04-27,4.257963735306919
2021-04-28,4.257664734035471
2021-04-29,4.2573622474350215
2021-04-30,4.2570562755055725
2021-05-01,4.256746818247124
2021-05-02,4.256433875659674
2021-05-03,4.256117447743224
2021-05-04,4.255797534497775
2021-05-05,4.2554741359233255
2021-05-06,4.255147252019875
2021-05-07,4.254816882787424
2021-05-08,4.254483028225973
2021-05-09,4.254145688335523
2021-05-10,4.253804863116072
2021-05-11,4.25346055256762
2021-05-12,4.253112756690169
2021-05-13,4.252761475483717
2021-05-14,4.252406708948264
2021-05-15,4.252048457083813
2021-05-16,4.25168671989036
2021-05-17,4.2513252867408164
2021-05-18,4.2509868938726445
2021-05-19,4.250675330658752
2021-05-20,4.25039059709914
2021-05-21,4.250132693193809
2021-05-22,4.249901618942757
2021-05-23,4.249697374345985
2021-05-24,4.249519959403493
2021-05-25,4.2493693741152825
2021-05-26,4.249245618481352
2021-05-27,4.249148692501701
2021-05-28,4.249078596176331
2021-05-29,4.24903532950524
2021-05-30,4.24901889248843
2021-05-31,4.2490292851259
2021-06-01,4.249066507417651
2021-06-02,4.249130559363682
2021-06-03,4.249221440963992
2021-06-04,4.2493391522185835
2021-06-05,4.249483693127455
2021-06-06,4.249655063690606
2021-06-07,4.2498532639080375
2021-06-08,4.25007829377975
2021-06-09,4.250330153305741
2021-06-10,4.250608842486014
2021-06-11,4.250914361320566
2021-06-12,4.2512467098094
2021-06-13,4.251605887952513
2021-06-14,4.2519918957499065
2021-06-15,4.252404733201579
2021-06-16,4.2528444003075325
2021-06-17,4.25328965563008
2021-06-18,4.253719257731535
2021-06-19,4.254133206611896
2021-06-20,4.254531502271165
2021-06-21,4.254914144709341
2021-06-22,4.255281133926425
2021-06-23,4.255632469922415
2021-06-24,4.255968152697313
2021-06-25,4.256288182251117
2021-06-26,4.25659255858383
2021-06-27,4.256881281695449
2021-06-28,4.257154351585976
2021-06-29,4.257411768255409
2021-06-30,4.257653531703751
2021-07-01,4.257879641930999
2021-07-02,4.258090098937154
2021-07-03,4.258284902722217
2021-07-04,4.258464053286186
2021-07-05,4.258627550629063
2021-07-06,4.258775394750847
2021-07-07,4.258907585651538
2021-07-08,4.2590241233311374
2021-07-09,4.259125007789642
2021-07-10,4.259210239027055
2021-07-11,4.259279817043376
2021-07-12,4.259333741838603
2021-07-13,4.259372013412737
2021-07-14,4.25939463176578
2021-07-15,4.259401596897728
2021-07-16,4.259392908808584
2021-07-17,4.259371118396999
2021-07-18,4.259351531054876
2021-07-19,4.259336697680872
2021-07-20,4.259326618274982
2021-07-21,4.259321292837208
2021-07-22,4.2593207213675495
2021-07-23,4.259324903866006
2021-07-24,4.2593338403325784
2021-07-25,4.259347530767266
2021-07-26,4.259365975170069
2021-07-27,4.2593891735409874
2021-07-28,4.259417125880023
2021-07-29,4.259449832187173
2021-07-30,4.259487292462438
2021-07-31,4.25952950670582
2021-08-01,4.259576474917317
2021-08-02,4.259628197096929
2021-08-03,4.259684673244657
2021-08-04,4.259745903360502
2021-08-05,4.259811887444461
2021-08-06,4.259882625496536
2021-08-07,4.259958117516726
2021-08-08,4.260038363505032
2021-08-09,4.260123363461454
2021-08-10,4.260213117385991
2021-08-11,4.260307625278644
2021-08-12,4.260406887139412
2021-08-13,4.260510902968296
2021-08-14,4.260619672765295
2021-08-15,4.26073319653041
2021-08-16,4.260851474263641
2021-08-17,4.260967297800616
2021-08-18,4.2610374181551105
2021-08-19,4.2610546271627525
2021-08-20,4.261018924823541
2021-08-21,4.2609303111374786
2021-08-22,4.2607887861045635
2021-08-23,4.260594349724796
2021-08-24,4.260347001998175
2021-08-25,4.260046742924705
2021-08-26,4.259693572504379
2021-08-27,4.2592874907372025
2021-08-28,4.258828497623175
2021-08-29,4.258316593162293
2021-08-30,4.257751777354559
2021-08-31,4.257134050199973
2021-09-01,4.256463411698536
2021-09-02,4.2557398618502456
2021-09-03,4.254963400655103
2021-09-04,4.254134028113108
2021-09-05,4.2532517442242606
2021-09-06,4.252316548988561
2021-09-07,4.251328442406009
2021-09-08,4.250287424476605
2021-09-09,4.249193495200349
2021-09-10,4.248046654577241
2021-09-11,4.246846902607279
2021-09-12,4.245594239290467
2021-09-13,4.244288664626801
2021-09-14,4.242930178616284
2021-09-15,4.241518781258914
2021-09-16,4.240054472554691
2021-09-17,4.238584174486566
2021-09-18,4.237154809037486
2021-09-19,4.23576637620745
2021-09-20,4.23441887599646
2021-09-21,4.2331123084045155
2021-09-22,4.231846673431616
2021-09-23,4.230621971077762
2021-09-24,4.229438201342953
2021-09-25,4.22829536422719
2021-09-26,4.227193459730471
2021-09-27,4.226132487852799
2021-09-28,4.225112448594172
2021-09-29,4.224133341954589
2021-09-30,4.223195167934052
2021-10-01,4.222297926532561
2021-10-02,4.221441617750114
2021-10-03,4.2206262415867135
2021-10-04,4.219851798042358
2021-10-05,4.219118287117047
2021-10-06,4.2184257088107815
2021-10-07,4.217774063123562
2021-10-08,4.217163350055387
2021-10-09,4.216593569606259
2021-10-10,4.216064721776174
2021-10-11,4.215576806565135
2021-10-12,4.215129823973142
2021-10-13,4.214723774000194
2021-10-14,4.21435865664629
2021-10-15,4.214034471911433
2021-10-16,4.213751219795621
2021-10-17,4.2135065963669645
2021-10-18,4.213286778034124
2021-10-19,4.213089460865212
2021-10-20,4.212914644860227
2021-10-21,4.212762330019171
2021-10-22,4.212632516342041
2021-10-23,4.212525203828838
2021-10-24,4.2124403924795635
2021-10-25,4.212378082294215
2021-10-26,4.212338273272796
2021-10-27,4.212320965415303
2021-10-28,4.212326158721737
2021-10-29,4.212353853192099
2021-10-30,4.212404048826389
2021-10-31,4.212476745624606
2021-11-01,4.212571943586751
2021-11-02,4.212689642712823
2021-11-03,4.2128298430028215
2021-11-04,4.212992544456748
2021-11-05,4.213177747074602
2021-11-06,4.213385450856384
2021-11-07,4.213615655802093
2021-11-08,4.213868361911729
2021-11-09,4.2141435691852935
2021-11-10,4.214441277622784
2021-11-11,4.214761487224203
2021-11-12,4.215104197989549
2021-11-13,4.215469409918823
2021-11-14,4.215857123012024
2021-11-15,4.2162673372691515
2021-11-16,4.216700052690207
2021-11-17,4.217123630239279
2021-11-18,4.217506430880455
2021-11-19,4.2178484546137325
2021-11-20,4.218149701439114
2021-11-21,4.2184101713566
2021-11-22,4.218629864366189
2021-11-23,4.2188087804678815
2021-11-24,4.218946919661678
2021-11-25,4.2190442819475775
2021-11-26,4.219100867325582
2021-11-27,4.219116675795688
2021-11-28,4.2190917073579
2021-11-29,4.219025962012213
2021-11-30,4.218919439758632
2021-12-01,4.218772140597153
2021-12-02,4.218584064527777
2021-12-03,4.218355211550506
2021-12-04,4.218085581665338
2021-12-05,4.2177751748722745
2021-12-06,4.217423991171312
2021-12-07,4.217032030562455
2021-12-08,4.216599293045703
2021-12-09,4.216125778621052
2021-12-10,4.2156114872885055
2021-12-11,4.215056419048063
2021-12-12,4.214460573899724
2021-12-13,4.213823951843487
2021-12-14,4.213146552879356
2021-12-15,4.212428377007328
2021-12-16,4.211669424227401
2021-12-17,4.2108785090903345
2021-12-18,4.210108518900635
2021-12-19,4.209368268209064
2021-12-20,4.208657757015617
2021-12-21,4.207976985320292
2021-12-22,4.207325953123093
2021-12-23,4.20670466042402
2021-12-24,4.20611310722307
2021-12-25,4.2055512935202435
2021-12-26,4.205019219315543
2021-12-27,4.204516884608966
2021-12-28,4.204044289400515
2021-12-29,4.203601433690188
2021-12-30,4.203188317477985
2021-12-31,4.202804940763906
2022-01-01,4.202451303547952
2022-01-02,4.202127405830122
2022-01-03,4.201833247610418
2022-01-04,4.201568828888838
2022-01-05,4.201334149665383
2022-01-06,4.20112920994005
2022-01-07,4.200954009712844
2022-01-08,4.200808548983762
2022-01-09,4.200692827752805
2022-01-10,4.200606846019971
2022-01-11,4.2005506037852625
2022-01-12,4.2005241010486785
2022-01-13,4.200527337810218
2022-01-14,4.200560314069883
2022-01-15,4.200623029827673
2022-01-16,4.200715485083587
2022-01-17,4.200830464080013
2022-01-18,4.2009246722712845
2022-01-19,4.20099089389979
2022-01-20,4.201029128965528
2022-01-21,4.2010393774685
2022-01-22,4.201021639408705
2022-01-23,4.200975914786143
2022-01-24,4.2009022036008155
2022-01-25,4.20080050585272
2022-01-26,4.200670821541858
2022-01-27,4.200513150668231
2022-01-28,4.2003274932318355
2022-01-29,4.2001138492326735
2022-01-30,4.199872218670746
2022-01-31,4.19960260154605
2022-02-01,4.199304997858588
2022-02-02,4.19897940760836
2022-02-03,4.198625830795365
2022-02-04,4.198244267419603
2022-02-05,4.197834717481075
2022-02-06,4.197397180979779
2022-02-07,4.196931657915718
2022-02-08,4.196438148288888
2022-02-09,4.195916652099294
2022-02-10,4.195367169346932
2022-02-11,4.194789700031803
2022-02-12,4.194184244153909
2022-02-13,4.193550801713247
2022-02-14,4.192889372709819
2022-02-15,4.1921999571436235
2022-02-16,4.19146453765304
2022-02-17,4.190665096876451
2022-02-18,4.189801634813853
2022-02-19,4.188874151465248
2022-02-20,4.1878826468306345
2022-02-21,4.186827120910014
2022-02-22,4.185707573703385
2022-02-23,4.18452400521075
2022-02-24,4.183276415432106
2022-02-25,4.181964804367454
2022-02-26,4.180589172016795
2022-02-27,4.179149518380128
2022-02-28,4.177645843457453
2022-03-01,4.176078147248771
2022-03-02,4.174446429754082
2022-03-03,4.172750690973384
2022-03-04,4.170990930906678
2022-03-05,4.1691671495539655
2022-03-06,4.167279346915246
2022-03-07,4.165327522990516
2022-03-08,4.163311677779781
2022-03-09,4.161231811283036
2022-03-10,4.1590879235002856
2022-03-11,4.156880014431527
2022-03-12,4.154608084076759
2022-03-13,4.152272132435986
2022-03-14,4.1498721595092025
2022-03-15,4.147408165296413
2022-03-16,4.144880149797617
2022-03-17,4.142309660517251
2022-03-18,4.139825982481953
2022-03-19,4.137450663196164
2022-03-20,4.135183702659881
2022-03-21,4.133025100873108
2022-03-22,4.130974857835841
2022-03-23,4.129032973548083
2022-03-24,4.127199448009831
2022-03-25,4.125474281221089
2022-03-26,4.123857473181853
2022-03-27,4.122349023892126
2022-03-28,4.120948933351907
2022-03-29,4.1196572015611945
2022-03-30,4.11847382851999
2022-03-31,4.117398814228294
2022-04-01,4.116432158686106
2022-04-02,4.115573861893424
2022-04-03,4.114823923850251
2022-04-04,4.1141823445565855
2022-04-05,4.113649124012428
2022-04-06,4.113224262217778
2022-04-07,4.112907759172636
2022-04-08,4.112699614877002
2022-04-09,4.112599829330875
2022-04-10,4.112608402534256
2022-04-11,4.112725334487146
2022-04-12,4.1129506251895425
2022-04-13,4.1132842746414475
2022-04-14,4.11372628284286
2022-04-15,4.11427664979378
2022-04-16,4.114935375494207
2022-04-17,4.115605231725622
2022-04-18,4.1161889902695075
2022-04-19,4.116686651125859
2022-04-20,4.117098214294679
2022-04-21,4.117423679775968
2022-04-22,4.117663047569724
2022-04-23,4.117816317675948
2022-04-24,4.11788349009464
2022-04-25,4.117864564825802
2022-04-26,4.117759541869431
2022-04-27,4.117568421225527
2022-04-28,4.1172912028940925
2022-04-29,4.116927886875126
2022-04-30,4.116478473168627
2022-05-01,4.115942961774596
2022-05-02,4.115321352693033
2022-05-03,4.1146136459239395
2022-05-04,4.113819841467313
2022-05-05,4.112939939323155
2022-05-06,4.111973939491465
2022-05-07,4.110921841972243
2022-05-08,4.109783646765488
2022-05-09,4.108559353871203
2022-05-10,4.107248963289385
2022-05-11,4.105852475020035
2022-05-12,4.104369889063155
2022-05-13,4.102801205418741
2022-05-14,4.101146424086796
2022-05-15,4.099405545067319
2022-05-16,4.09757856836031
2022-05-17,4.09568353154836
2022-05-18,4.093828660127019
2022-05-19,4.092031991678876
2022-05-20,4.090293526203933
2022-05-21,4.08861326370219
2022-05-22,4.086991204173645
2022-05-23,4.0854273476183005
2022-05-24,4.083921694036155
2022-05-25,4.082474243427208
2022-05-26,4.0810849957914614
2022-05-27,4.079753951128914
2022-05-28,4.078481109439565
2022-05-29,4.077266470723416
2022-05-30,4.0761100349804655
2022-05-31,4.075011802210715
2022-06-01,4.073971772414164
2022-06-02,4.072989945590812
2022-06-03,4.0720663217406585
2022-06-04,4.071200900863706
2022-06-05,4.070393682959951
2022-06-06,4.0696446680293965
2022-06-07,4.06895385607204
2022-06-08,4.0683212470878845
2022-06-09,4.067746841076928
2022-06-10,4.06723063803917
2022-06-11,4.066772637974612
2022-06-12,4.066372840883253
2022-06-13,4.066031246765093
2022-06-14,4.065747855620133
2022-06-15,4.065522667448372
2022-06-16,4.06535568224981
2022-06-17,4.065236463788878
2022-06-18,4.065154575830007
2022-06-19,4.065110018373197
2022-06-20,4.065102791418448
2022-06-21,4.0651328949657595
2022-06-22,4.0652003290151315
2022-06-23,4.065305093566565
2022-06-24,4.065447188620058
2022-06-25,4.0656266141756126
2022-06-26,4.065843370233228
2022-06-27,4.066097456792904
2022-06-28,4.066388873854642
2022-06-29,4.066717621418439
2022-06-30,4.067083699484298
2022-07-01,4.067487108052218
2022-07-02,4.067927847122197
2022-07-03,4.068405916694238
2022-07-04,4.06892131676834
2022-07-05,4.069474047344504
2022-07-06,4.070064108422726
2022-07-07,4.07069150000301
2022-07-08,4.071356222085356
2022-07-09,4.072058274669761
2022-07-10,4.072797657756228
2022-07-11,4.073574371344755
2022-07-12,4.074388415435343
2022-07-13,4.075239790027991
2022-07-14,4.076128495122702
2022-07-15,4.077054530719472
2022-07-16,4.078017896818304
2022-07-17,4.079003276401093
2022-07-18,4.079918767359218
2022-07-19,4.080749052674579
2022-07-20,4.081494132347174
2022-07-21,4.082154006377004
2022-07-22,4.082728674764066
2022-07-23,4.083218137508365
2022-07-24,4.083622394609896
2022-07-25,4.083941446068662
2022-07-26,4.084175291884662
2022-07-27,4.084323932057897
2022-07-28,4.084387366588366
2022-07-29,4.084365595476069
2022-07-30,4.084258618721005
2022-07-31,4.084066436323178
2022-08-01,4.083789048282584
2022-08-02,4.083426454599223
2022-08-03,4.082978655273097
2022-08-04,4.082445650304206
2022-08-05,4.08182743969255
2022-08-06,4.081124023438125
2022-08-07,4.080335401540936
2022-08-08,4.079461574000982
2022-08-09,4.078502540818262
2022-08-10,4.077458301992776
2022-08-11,4.076328857524524
2022-08-12,4.075114207413506
2022-08-13,4.073814351659723
2022-08-14,4.072429290263173
2022-08-15,4.070959023223858
2022-08-16,4.069403550541778
2022-08-17,4.06777941334774
2022-08-18,4.066185858426605
2022-08-19,4.06463942690918
2022-08-20,4.063140118795463
2022-08-21,4.061687934085459
2022-08-22,4.060282872779165
2022-08-23,4.05892493487658
2022-08-24,4.057614120377707
2022-08-25,4.056350429282544
2022-08-26,4.05513386159109
2022-08-27,4.053964417303348
2022-08-28,4.052842096419317
2022-08-29,4.051766898938995
2022-08-30,4.050738824862384
2022-08-31,4.049757874189482
2022-09-01,4.048824046920291
2022-09-02,4.047937343054812
2022-09-03,4.047097762593041
2022-09-04,4.0463053055349825
2022-09-05,4.045559971880633
2022-09-06,4.044861761629995
2022-09-07,4.044210674783066
2022-09-08,4.043606711339849
2022-09-09,4.043049871300341
2022-09-10,4.042540154664545
2022-09-11,4.042077561432457
2022-09-12,4.041662091604081
2022-09-13,4.0412937451794155
2022-09-14,4.0409725221584605
2022-09-15,4.040698422541215
2022-09-16,4.040471446327681
2022-09-17,4.040279001361661
2022-09-18,4.040108495486963
2022-09-19,4.039959928703584
2022-09-20,4.039833301011527
2022-09-21,4.039728612410789
2022-09-22,4.039645862901372
2022-09-23,4.039585052483276
2022-09-24,4.0395461811565
2022-09-25,4.039529248921045
2022-09-26,4.03953425577691
2022-09-27,4.039561201724095
2022-09-28,4.0396100867626
2022-09-29,4.039680910892427
2022-09-30,4.039773674113575
2022-10-01,4.039888376426042
2022-10-02,4.04002501782983
2022-10-03,4.040183598324938
2022-10-04,4.040364117911367
2022-10-05,4.040566576589116
2022-10-06,4.040790974358186
2022-10-07,4.0410373112185765
2022-10-08,4.041305587170286
2022-10-09,4.041595802213318
2022-10-10,4.041907956347669
2022-10-11,4.042242049573341
2022-10-12,4.042598081890334
2022-10-13,4.042976053298647
2022-10-14,4.0433759637982805
2022-10-15,4.043797813389235
2022-10-16,4.044241602071509
2022-10-17,4.044707938123532
2022-10-18,4.045200471215871
2022-10-19,4.045719809626952
2022-10-20,4.046265953356778
2022-10-21,4.046838902405348
2022-10-22,4.047438656772662
2022-10-23,4.048065216458719
2022-10-24,4.048718581463519
2022-10-25,4.049398751787062
2022-10-26,4.050105727429351
2022-10-27,4.050839508390382
2022-10-28,4.051600094670157
2022-10-29,4.0523874862686755
2022-10-30,4.0532016831859385
2022-10-31,4.054042685421944
2022-11-01,4.054910492976694
2022-11-02,4.055805105850188
2022-11-03,4.056726524042424
2022-11-04,4.0576747475534045
2022-11-05,4.058649776383128
2022-11-06,4.059651610531597
2022-11-07,4.060680249998809
2022-11-08,4.061735694784764
2022-11-09,4.062817944889463
2022-11-10,4.063927000312905
2022-11-11,4.065062861055091
2022-11-12,4.066225527116021
2022-11-13,4.067414998495694
2022-11-14,4.068631275194113
2022-11-15,4.0698743572112726
2022-11-16,4.071144244547177
2022-11-17,4.072421327259871
2022-11-18,4.073685995407405
2022-11-19,4.074938248989772
2022-11-20,4.076178088006979
2022-11-21,4.077405512459023
2022-11-22,4.078620522345903
2022-11-23,4.0798231176676225
2022-11-24,4.081013298424177
2022-11-25,4.08219106461557
2022-11-26,4.083356416241799
2022-11-27,4.084509353302866
2022-11-28,4.0856498757987705
2022-11-29,4.086777983729511
2022-11-30,4.08789367709509
2022-12-01,4.088996955895506
2022-12-02,4.0900878201307584
2022-12-03,4.091166269800849
2022-12-04,4.092232304905776
2022-12-05,4.093285925445541
2022-12-06,4.094327131420141
2022-12-07,4.09535592282958
2022-12-08,4.096372299673857
2022-12-09,4.09737626195297
2022-12-10,4.098367809666922
2022-12-11,4.099346942815709
2022-12-12,4.100313661399333
2022-12-13,4.1012679654177955
2022-12-14,4.102209854871095
2022-12-15,4.103139329759232
2022-12-16,4.104056390082205
2022-12-17,4.104955471038944
2022-12-18,4.105803183823009
2022-12-19,4.106593963633331
2022-12-20,4.107327810469907
2022-12-21,4.108004724332738
2022-12-22,4.108624705221824
2022-12-23,4.1091877531371654
2022-12-24,4.109693868078761
2022-12-25,4.110143050046613
2022-12-26,4.11053529904072
2022-12-27,4.1108706150610805
2022-12-28,4.111148998107697
2022-12-29,4.111370448180569
2022-12-30,4.111534965279695
2022-12-31,4.111642549405077
2023-01-01,4.111693200556713
2023-01-02,4.111686918734605
2023-01-03,4.1116237039387515
2023-01-04,4.111503556169154
2023-01-05,4.11132647542581
2023-01-06,4.111092461708722
2023-01-07,4.110801515017888
2023-01-08,4.110453635353311
2023-01-09,4.1100488227149885
2023-01-10,4.109587077102921
2023-01-11,4.109068398517107
2023-01-12,4.108492786957549
2023-01-13,4.1078602424242465
2023-01-14,4.107170764917199
2023-01-15,4.106424354436405
2023-01-16,4.105621010981868
2023-01-17,4.104771472775515
2023-01-18,4.103940169148933
2023-01-19,4.103137838324048
2023-01-20,4.102364480300863
2023-01-21,4.101620095079378
2023-01-22,4.100904682659591
2023-01-23,4.100218243041502
2023-01-24,4.099560776225116
2023-01-25,4.098932282210426
2023-01-26,4.098332760997437
2023-01-27,4.097762212586147
2023-01-28,4.097220636976556
2023-01-29,4.096708034168664
2023-01-30,4.096224404162471
2023-01-31,4.095769746957978
2023-02-01,4.095344062555184
2023-02-02,4.094947350954088
2023-02-03,4.094579612154693
2023-02-04,4.094240846156996
2023-02-05,4.093931052960999
2023-02-06,4.093650232566701
2023-02-07,4.093398384974102
2023-02-08,4.093175510183202
2023-02-09,4.092981608194002
2023-02-10,4.0928166790065
2023-02-11,4.092680722620699
2023-02-12,4.092573739036596
2023-02-13,4.0924957282541925
2023-02-14,4.092446690273489
2023-02-15,4.092426625094483
2023-02-16,4.0924244229337186
2023-02-17,4.0924289740077375
2023-02-18,4.092440278316537
2023-02-19,4.092458335860119
2023-02-20,4.092483146638483
2023-02-21,4.092514710651631
2023-02-22,4.0925530278995605
2023-02-23,4.092598098382271
2023-02-24,4.092649922099764
2023-02-25,4.092708499052041
2023-02-26,4.092773829239098
2023-02-27,4.092845912660938
2023-02-28,4.09292474931756
2023-03-01,4.0930103392089645
2023-03-02,4.093102682335152
2023-03-03,4.093201778696121
2023-03-04,4.093307628291871
2023-03-05,4.093420231122405
2023-03-06,4.0935395871877205
2023-03-07,4.093665696487817
2023-03-08,4.093798559022698
2023-03-09,4.09393817479236
2023-03-10,4.0940845437968045
2023-03-11,4.094237666036031
2023-03-12,4.094397541510039
2023-03-13,4.09456417021883
2023-03-14,4.094737552162403
2023-03-15,4.094917687340759
2023-03-16,4.095104575753897
2023-03-17,4.095292838844986
2023-03-18,4.095450205273044
2023-03-19,4.095571296481242
2023-03-20,4.095656112469577
2023-03-21,4.095704653238052
2023-03-22,4.095716918786664
2023-03-23,4.0956929091154155
2023-03-24,4.095632624224306
2023-03-25,4.095536064113335
2023-03-26,4.095403228782502
2023-03-27,4.095234118231809
2023-03-28,4.0950287324612535
2023-03-29,4.0947870714708365
2023-03-30,4.094509135260559
2023-03-31,4.09419492383042
2023-04-01,4.093844437180419
2023-04-02,4.093457675310557
2023-04-03,4.093034638220833
2023-04-04,4.092575325911249
2023-04-05,4.092079738381803
2023-04-06,4.091547875632495
2023-04-07,4.090979737663326
2023-04-08,4.090375324474296
2023-04-09,4.089734636065404
2023-04-10,4.089057672436651
2023-04-11,4.088344433588037
2023-04-12,4.087594919519561
2023-04-13,4.086809130231224
2023-04-14,4.0859870657230255
2023-04-15,4.085128725994966
2023-04-16,4.084234111047044
2023-04-17,4.0833260018332815
2023-04-18,4.082427179307701
2023-04-19,4.0815376434702975
2023-04-20,4.080657394321075
2023-04-21,4.079786431860032
2023-04-22,4.078924756087168
2023-04-23,4.078072367002484
2023-04-24,4.077229264605981
2023-04-25,4.076395448897656
2023-04-26,4.075570919877512
2023-04-27,4.0747556775455465
2023-04-28,4.073949721901761
2023-04-29,4.0731530529461555
2023-04-30,4.072365670678731
2023-05-01,4.0715875750994845
2023-05-02,4.070818766208418
2023-05-03,4.070059244005532
2023-05-04,4.0693090084908246
2023-05-05,4.0685680596642975
2023-05-06,4.06783639752595
2023-05-07,4.067114022075783
2023-05-08,4.066400933313794
2023-05-09,4.065697131239986
2023-05-10,4.0650026158543575
2023-05-11,4.064317387156908
2023-05-12,4.063641445147639
2023-05-13,4.06297478982655
2023-05-14,4.06231742119364
2023-05-15,4.06166933924891
2023-05-16,4.061030543992359
2023-05-17,4.060403807846618
2023-05-18,4.059805765347467
2023-05-19,4.059239188917534
2023-05-20,4.058704078556819
2023-05-21,4.058200434265325
2023-05-22,4.057728256043048
2023-05-23,4.0572875438899905
2023-05-24,4.056878297806152
2023-05-25,4.056500517791531
2023-05-26,4.056154203846131
2023-05-27,4.055839355969949
2023-05-28,4.055555974162987
2023-05-29,4.055304058425242
2023-05-30,4.055083608756716
2023-05-31,4.054894625157409
2023-06-01,4.0547371076273215
2023-06-02,4.054611056166452
2023-06-03,4.054516470774802
2023-06-04,4.054453351452371
2023-06-05,4.0544216981991585
2023-06-06,4.054421511015165
2023-06-07,4.05445278990039
2023-06-08,4.054515534854834
2023-06-09,4.054609745878498
2023-06-10,4.054735422971378
2023-06-11,4.054892566133479
2023-06-12,4.0550811753647995
2023-06-13,4.055301250665337
2023-06-14,4.055552792035095
2023-06-15,4.05583579947407
2023-06-16,4.056150272982265
2023-06-17,4.05646065429802
2023-06-18,4.056731385159675
2023-06-19,4.056962465567228
2023-06-20,4.057153895520683
2023-06-21,4.057305675020038
2023-06-22,4.057417804065293
2023-06-23,4.057490282656447
2023-06-24,4.057523110793502
2023-06-25,4.057516288476457
2023-06-26,4.057469815705312
2023-06-27,4.057383692480068
2023-06-28,4.0572579188007225
2023-06-29,4.057092494667278
2023-06-30,4.056887420079733
2023-07-01,4.056642695038089
2023-07-02,4.056358319542344
2023-07-03,4.0560342935925
2023-07-04,4.0556706171885555
2023-07-05,4.055267290330512
2023-07-06,4.054824313018367
2023-07-07,4.054341685252123
2023-07-08,4.05381940703178
2023-07-09,4.053257478357335
2023-07-10,4.052655899228792
2023-07-11,4.052014669646149
2023-07-12,4.051333789609405
2023-07-13,4.050613259118561
2023-07-14,4.0498530781736175
2023-07-15,4.049053246774575
2023-07-16,4.048213764921431
2023-07-17,4.047341888270973
2023-07-18,4.046481150763908
2023-07-19,4.045638808057022
2023-07-20,4.044814860150314
2023-07-21,4.044009307043786
2023-07-22,4.043222148737435
2023-07-23,4.042453385231265
2023-07-24,4.041703016525271
2023-07-25,4.040971042619456
2023-07-26,4.04025746351382
2023-07-27,4.039562279208363
2023-07-28,4.038885489703084
2023-07-29,4.038227094997984
2023-07-30,4.037587095093062
2023-07-31,4.036965489988319
2023-08-01,4.036362279683754
2023-08-02,4.035777464179368
2023-08-03,4.03521104347516
2023-08-04,4.034663017571132
2023-08-05,4.034133386467282
2023-08-06,4.03362215016361
2023-08-07,4.033129308660117
2023-08-08,4.032654861956802
2023-08-09,4.032198810053666
2023-08-10,4.031761152950709
2023-08-11,4.03134189064793
2023-08-12,4.03094102314533
2023-08-13,4.030558550442908
2023-08-14,4.030194472540665
2023-08-15,4.0298487894386
2023-08-16,4.029521501136715
2023-08-17,4.029212414428977
2023-08-18,4.028920370079205
2023-08-19,4.028645174881368
2023-08-20,4.028386828835465
2023-08-21,4.0281453319414995
2023-08-22,4.027920684199468
2023-08-23,4.027712885609371
2023-08-24,4.027521936171209
2023-08-25,4.027347835884983
2023-08-26,4.0271905847506915
2023-08-27,4.027050182768335
2023-08-28,4.026926629937915
2023-08-29,4.026819926259429
2023-08-30,4.026730071732878
2023-08-31,4.026657066358262
2023-09-01,4.026600910135581
2023-09-02,4.026561603064836
2023-09-03,4.026539145146026
2023-09-04,4.0265335363791515
2023-09-05,4.0265447767642115
2023-09-06,4.026572866301206
2023-09-07,4.026617804990137
2023-09-08,4.026679592831002
2023-09-09,4.026758229823803
2023-09-10,4.026853715968538
2023-09-11,4.026966051265209
2023-09-12,4.027095235713816
2023-09-13,4.027241269314356
2023-09-14,4.027404152066833
2023-09-15,4.027583883971243
2023-09-16,4.02778046502759
2023-09-17,4.027965768420901
2023-09-18,4.028111667336207
2023-09-19,4.028218161773506
2023-09-20,4.028285251732799
2023-09-21,4.0283129372140865
2023-09-22,4.0283012182173685
2023-09-23,4.028250094742645
2023-09-24,4.028159566789914
2023-09-25,4.028029634359179
2023-09-26,4.027860297450437
2023-09-27,4.02765155606369
2023-09-28,4.027403410198937
2023-09-29,4.027115859856177
2023-09-30,4.026788905035413
2023-10-01,4.026422545736642
2023-10-02,4.026016781959865
2023-10-03,4.0255716137050825
2023-10-04,4.025087040972294
2023-10-05,4.0245630637615
2023-10-06,4.0239996820727
2023-10-07,4.023396895905894
2023-10-08,4.0227547052610815
2023-10-09,4.022073110138265
2023-10-10,4.021352110537441
2023-10-11,4.020591706458612
2023-10-12,4.0197918979017775
2023-10-13,4.018952684866935
2023-10-14,4.018074067354089
2023-10-15,4.017156045363237
2023-10-16,4.016198618894378
2023-10-17,4.01521615881277
2023-10-18,4.014294890309951
2023-10-19,4.013449184251175
2023-10-20,4.012679040636444
2023-10-21,4.011984459465758
2023-10-22,4.011365440739116
2023-10-23,4.010821984456518
2023-10-24,4.010354090617966
2023-10-25,4.009961759223456
2023-10-26,4.009644990272993
2023-10-27,4.009403783766574
2023-10-28,4.009238139704198
2023-10-29,4.009148058085868
2023-10-30,4.009133538911582
2023-10-31,4.009194582181341
2023-11-01,4.009331187895144
2023-11-02,4.009543356052992
2023-11-03,4.009831086654883
2023-11-04,4.01019437970082
2023-11-05,4.0106332351908005
2023-11-06,4.0111476531248265
2023-11-07,4.0117376335028965
2023-11-08,4.012403176325011
2023-11-09,4.0131442815911695
2023-11-10,4.0139609493013735
2023-11-11,4.0148531794556215
2023-11-12,4.015820972053914
2023-11-13,4.0168643270962505
2023-11-14,4.0179832445826325
2023-11-15,4.019177724513058
2023-11-16,4.0204477668875285
2023-11-17,4.0217234064161955
2023-11-18,4.022934677809207
2023-11-19,4.024081581066564
2023-11-20,4.025164116188269
2023-11-21,4.026182283174318
2023-11-22,4.027136082024714
2023-11-23,4.028025512739457
2023-11-24,4.028850575318544
2023-11-25,4.029611269761978
2023-11-26,4.0303075960697585
2023-11-27,4.030939554241884
2023-11-28,4.031507144278358
2023-11-29,4.0320103661791755
2023-11-30,4.03244921994434
2023-12-01,4.0328237055738505
2023-12-02,4.033133823067706
2023-12-03,4.033379572425909
2023-12-04,4.033560953648458
2023-12-05,4.033677966735353
2023-12-06,4.033730611686593
2023-12-07,4.03371888850218
2023-12-08,4.033642797182113
2023-12-09,4.033502337726391
2023-12-10,4.033297510135016
2023-12-11,4.0330283144079875
2023-12-12,4.032694750545304
2023-12-13,4.032296818546967
2023-12-14,4.0318345184129765
2023-12-15,4.031307850143332
2023-12-16,4.030716813738032
2023-12-17,4.030069933502229
2023-12-18,4.0294183552668255
2023-12-19,4.02877060333697
2023-12-20,4.028126677712665
2023-12-21,4.027486578393908
2023-12-22,4.026850305380698
2023-12-23,4.026217858673039
2023-12-24,4.025589238270928
2023-12-25,4.024964444174366
2023-12-26,4.024343476383353
2023-12-27,4.023726334897889
2023-12-28,4.023113019717974
2023-12-29,4.022503530843608
2023-12-30,4.02189786827479
2023-12-31,4.021296032011521
2024-01-01,4.020698022053802
2024-01-02,4.02010383840163
2024-01-03,4.019513481055008
2024-01-04,4.018926950013935
2024-01-05,4.018344245278411
2024-01-06,4.017765366848435
2024-01-07,4.017190314724008
2024-01-08,4.016619088905131
2024-01-09,4.0160516893918015
2024-01-10,4.015488116184022
2024-01-11,4.01492836928179
2024-01-12,4.0143724486851085
2024-01-13,4.0138203543939746
2024-01-14,4.01327208640839
2024-01-15,4.012727644728354
2024-01-16,4.012187029353868
2024-01-17,4.011652702428461
2024-01-18,4.011139436813316
2024-01-19,4.010649694651966
2024-01-20,4.010183475944408
2024-01-21,4.009740780690644
2024-01-22,4.009321608890676
2024-01-23,4.008925960544499
2024-01-24,4.008553835652117
2024-01-25,4.008205234213529
2024-01-26,4.007880156228733
2024-01-27,4.007578601697731
2024-01-28,4.007300570620524
2024-01-29,4.0070460629971105
2024-01-30,4.00681507882749
2024-01-31,4.006607618111664
2024-02-01,4.006423680849631
2024-02-02,4.006263267041391
2024-02-03,4.006126376686946
2024-02-04,4.006013009786294
2024-02-05,4.005923166339436
2024-02-06,4.005856846346371
2024-02-07,4.005814049807101
2024-02-08,4.005794776721623
2024-02-09,4.00579902708994
2024-02-10,4.0058268009120495
2024-02-11,4.005878098187953
2024-02-12,4.00595291891765
2024-02-13,4.006051263101141
2024-02-14,4.006173130738426
2024-02-15,4.006318521829504
2024-02-16,4.006481395325645
2024-02-17,4.006625504934452
2024-02-18,4.006744809607197
2024-02-19,4.006839309343876
2024-02-20,4.006909004144493
2024-02-21,4.006953894009045
2024-02-22,4.006973978937532
2024-02-23,4.006969258929956
2024-02-24,4.006939733986316
2024-02-25,4.006885404106611
2024-02-26,4.006806269290842
2024-02-27,4.00670232953901
2024-02-28,4.006573584851114
2024-02-29,4.006420035227152
2024-03-01,4.006241680667128
2024-03-02,4.006038521171039
2024-03-03,4.0058105567388855
2024-03-04,4.005557787370669
2024-03-05,4.0052802130663885
2024-03-06,4.004977833826043
2024-03-07,4.004650649649634
2024-03-08,4.004298660537161
2024-03-09,4.003921866488624
2024-03-10,4.0035202675040225
2024-03-11,4.003093863583356
2024-03-12,4.0026426547266265
2024-03-13,4.002166640933833
2024-03-14,4.001665822204976
2024-03-15,4.001140198540054
2024-03-16,4.000589769939069
2024-03-17,4.0000170595496085
2024-03-18,3.9994372062572134
2024-03-19,3.9988527332094734
2024-03-20,3.998263640406388
2024-03-21,3.9976699278479577
2024-03-22,3.9970715955341816
2024-03-23,3.9964686434650605
2024-03-24,3.995861071640595
2024-03-25,3.9952488800607826
2024-03-26,3.994632068725626
2024-03-27,3.994010637635124
2024-03-28,3.993384586789277
2024-03-29,3.9927539161880845
2024-03-30,3.9921186258315466
2024-03-31,3.991478715719664
2024-04-01,3.990834185852436
2024-04-02,3.990185036229863
2024-04-03,3.989531266851944
2024-04-04,3.98887287771868
2024-04-05,3.9882098688300713
2024-04-06,3.987542240186117
2024-04-07,3.986869991786818
2024-04-08,3.986193123632174
2024-04-09,3.985511635722184
2024-04-10,3.9848255280568488
2024-04-11,3.984134800636169
2024-04-12,3.9834394534601434
2024-04-13,3.9827394865287724
2024-04-14,3.9820348998420574
2024-04-15,3.981325693399996
2024-04-16,3.9806118672025894
2024-04-17,3.979907658590141
2024-04-18,3.9792273049029534
2024-04-19,3.978570806141024
2024-04-20,3.9779381623043557
2024-04-21,3.977329373392948
2024-04-22,3.9767444394068
2024-04-23,3.976183360345912
2024-04-24,3.9756461362102846
2024-04-25,3.9751327669999172
2024-04-26,3.9746432527148103
2024-04-27,3.974177593354963
2024-04-28,3.9737357889203766
2024-04-29,3.9733178394110498
2024-04-30,3.972923744826984
2024-05-01,3.9725535051681775
2024-05-02,3.972207120434631
2024-05-03,3.9718845906263454
2024-05-04,3.9715859157433195
2024-05-05,3.971311095785554
2024-05-06,3.971060130753049
2024-05-07,3.970833020645804
2024-05-08,3.9706297654638183
2024-05-09,3.9704503652070935
2024-05-10,3.9702948198756287
2024-05-11,3.970163129469425
2024-05-12,3.9700552939884806
2024-05-13,3.9699713134327963
2024-05-14,3.9699111878023725
2024-05-15,3.9698749170972087
2024-05-16,3.969862501317305
2024-05-17,3.969868859377198
2024-05-18,3.969863504764104
2024-05-19,3.9698413563925588
2024-05-20,3.9698024142625616
2024-05-21,3.9697466783741153
2024-05-22,3.9696741487272162
2024-05-23,3.969584825321867
2024-05-24,3.969478708158068
2024-05-25,3.9693557972358153
2024-05-26,3.9692160925551145
2024-05-27,3.969059594115961
2024-05-28,3.968886301918357
2024-05-29,3.968696215962302
2024-05-30,3.9684893362477953
2024-05-31,3.9682656627748383
2024-06-01,3.968025195543431
2024-06-02,3.9677679345535717
2024-06-03,3.9674938798052612
2024-06-04,3.9672030312985007
2024-06-05,3.966895389033289
2024-06-06,3.9665709530096263
2024-06-07,3.966229723227512
2024-06-08,3.9658716996869474
2024-06-09,3.965496882387932
2024-06-10,3.965105271330465
2024-06-11,3.9646968665145472
2024-06-12,3.964271667940179
2024-06-13,3.963829675607359
2024-06-14,3.963370889516089
2024-06-15,3.9628953096663664
2024-06-16,3.962402936058194
2024-06-17,3.9619580159422143
2024-06-18,3.96162479656907
2024-06-19,3.9614032779387602
2024-06-20,3.961293460051288
2024-06-21,3.9612953429066504
2024-06-22,3.9614089265048493
2024-06-23,3.961634210845884
2024-06-24,3.9619711959297543
2024-06-25,3.9624198817564595
2024-06-26,3.9629802683260014
2024-06-27,3.963652355638379
2024-06-28,3.964436143693593
2024-06-29,3.965331632491641
2024-06-30,3.966338822032526
2024-07-01,3.967457712316247
2024-07-02,3.968688303342802
2024-07-03,3.9700305951121946
2024-07-04,3.9714845876244222
2024-07-05,3.9730502808794865
2024-07-06,3.974727674877385
2024-07-07,3.97651676961812
2024-07-08,3.9784175651016915
2024-07-09,3.9804300613280974
2024-07-10,3.9825542582973403
2024-07-11,3.984790156009419
2024-07-12,3.987137754464332
2024-07-13,3.989597053662081
2024-07-14,3.9921680536026676
2024-07-15,3.9948507542860887
2024-07-16,3.9976451557123447
2024-07-17,4.000526453140675
2024-07-18,4.003345818126498
2024-07-19,4.006078445929052
2024-07-20,4.008724336548337
2024-07-21,4.011283489984352
2024-07-22,4.0137559062370975
2024-07-23,4.016141585306575
2024-07-24,4.018440527192782
2024-07-25,4.020652731895721
2024-07-26,4.022778199415388
2024-07-27,4.024816929751788
2024-07-28,4.026768922904918
2024-07-29,4.028634178874779
2024-07-30,4.03041269766137
2024-07-31,4.032104479264692
2024-08-01,4.033709523684745
2024-08-02,4.035227830921528
2024-08-03,4.036659400975042
2024-08-04,4.038004233845288
2024-08-05,4.039262329532264
2024-08-06,4.040433688035969
2024-08-07,4.041518309356405
2024-08-08,4.042516193493574
2024-08-09,4.043427340447471
2024-08-10,4.0442517502181
2024-08-11,4.044989422805459
2024-08-12,4.045640358209551
2024-08-13,4.046204556430371
2024-08-14,4.046682017467923
2024-08-15,4.047072741322204
2024-08-16,4.047376727993218
2024-08-17,4.047597602682317
2024-08-18,4.047757116597641
2024-08-19,4.0478588949405445
2024-08-20,4.047902937711028
2024-08-21,4.047889244909093
2024-08-22,4.047817816534736
2024-08-23,4.0476886525879605
2024-08-24,4.047501753068765
2024-08-25,4.047257117977149
2024-08-26,4.046954747313113
2024-08-27,4.046594641076658
2024-08-28,4.046176799267784
2024-08-29,4.045701221886489
2024-08-30,4.045167908932774
2024-08-31,4.0445768604066386
2024-09-01,4.0439280763080845
2024-09-02,4.043221556637111
2024-09-03,4.042457301393715
2024-09-04,4.0416353105779015
2024-09-05,4.040755584189667
2024-09-06,4.039818122229012
2024-09-07,4.038822924695939
2024-09-08,4.037769991590445
2024-09-09,4.036659322912532
2024-09-10,4.035490918662198
2024-09-11,4.034264778839445
2024-09-12,4.032980903444272
2024-09-13,4.031639292476678
2024-09-14,4.030239945936666
2024-09-15,4.028782863824232
2024-09-16,4.02726804613938
2024-09-17,4.025742712219851
2024-09-18,4.0242540814033925
2024-09-19,4.022802153690001
2024-09-20,4.0213869290796795
2024-09-21,4.020008407572427
2024-09-22,4.018666589168243
2024-09-23,4.017361473867129
2024-09-24,4.016093061669082
2024-09-25,4.014861352574105
2024-09-26,4.013666346582197
2024-09-27,4.012508043693358
2024-09-28,4.011386443907587
2024-09-29,4.010301547224885
2024-09-30,4.009253353645253
2024-10-01,4.008241863168689
2024-10-02,4.007267075795195
2024-10-03,4.006328991524769
2024-10-04,4.005427610357412
2024-10-05,4.0045629322931235
2024-10-06,4.003734957331905
2024-10-07,4.002943685473754
2024-10-08,4.002189116718672
2024-10-09,4.00147125106666
2024-10-10,4.000790088517716
2024-10-11,4.000145629071842
2024-10-12,3.999537872729036
2024-10-13,3.998966819489299
2024-10-14,3.9984324693526307
2024-10-15,3.9979348223190314
2024-10-16,3.997473878388501
2024-10-17,3.997051918988575
2024-10-18,3.9966826326844664
2024-10-19,3.9963683009037103
2024-10-20,3.996108923646307
2024-10-21,3.995904500912256
2024-10-22,3.9957550327015574
2024-10-23,3.995660519014212
2024-10-24,3.9956209598502195
2024-10-25,3.995636355209578
2024-10-26,3.995706705092291
2024-10-27,3.9958320094983555
2024-10-28,3.9960122684277732
2024-10-29,3.9962474818805434
2024-10-30,3.9965376498566663
2024-10-31,3.9968827723561415
2024-11-01,3.9972828493789696
2024-11-02,3.9977378809251505
2024-11-03,3.9982478669946833
2024-11-04,3.9988128075875693
2024-11-05,3.9994327027038077
2024-11-06,4.000107552343399
2024-11-07,4.000837356506343
2024-11-08,4.001622115192639
2024-11-09,4.002461828402288
2024-11-10,4.003356496135289
2024-11-11,4.004306118391644
2024-11-12,4.005310695171351
2024-11-13,4.00637022647441
2024-11-14,4.0074847123008235
2024-11-15,4.008654152650587
2024-11-16,4.009878547523705
2024-11-17,4.0110910595165254
2024-11-18,4.012224851225399
2024-11-19,4.013279922650325
2024-11-20,4.014256273791304
2024-11-21,4.0151539046483355
2024-11-22,4.015972815221422
2024-11-23,4.01671300551056
2024-11-24,4.017374475515751
2024-11-25,4.017957225236996
2024-11-26,4.0184612546742935
2024-11-27,4.018886563827644
2024-11-28,4.019233152697048
2024-11-29,4.019501021282504
2024-11-30,4.019690169584014
2024-12-01,4.019800597601577
2024-12-02,4.019832305335192
2024-12-03,4.019785292784862
2024-12-04,4.019659559950583
2024-12-05,4.019455106832359
2024-12-06,4.019171933430185
2024-12-07,4.018810039744066
2024-12-08,4.018369425774001
2024-12-09,4.017850091519987
2024-12-10,4.017252036982027
2024-12-11,4.016575262160121
2024-12-12,4.015819767054267
2024-12-13,4.0149855516644655
2024-12-14,4.0140726159907185
2024-12-15,4.013080960033023
2024-12-16,4.0120105837913815
2024-12-17,4.010881220869838
2024-12-18,4.009811272892662
2024-12-19,4.0088204734639
2024-12-20,4.007908822583554
2024-12-21,4.007076320251619
2024-12-22,4.006322966468097
2024-12-23,4.00564876123299
2024-12-24,4.005053704546295
2024-12-25,4.004537796408015
2024-12-26,4.004101036818148
2024-12-27,4.003743425776695
2024-12-28,4.003464963283655
2024-12-29,4.003265649339029
2024-12-30,4.0031454839428156
2024-12-31,4.003104467095016
2025-01-01,4.00314259879563
2025-01-02,4.003259879044658
2025-01-03,4.003456307842099
2025-01-04,4.003731885187955
2025-01-05,4.004086611082223
2025-01-06,4.004520485524905
2025-01-07,4.005033508516
2025-01-08,4.00562568005551
2025-01-09,4.006297000143433
2025-01-10,4.007047468779769
2025-01-11,4.007877085964518
2025-01-12,4.008785851697681
2025-01-13,4.009773765979258
2025-01-14,4.010840828809249
2025-01-15,4.011987040187651
2025-01-16,4.013212400114469
2025-01-17,4.0145016478148525
2025-01-18,4.015763218639719
2025-01-19,4.016981851814222
2025-01-20,4.018157547338362
2025-01-21,4.019290305212137
2025-01-22,4.0203801254355485
2025-01-23,4.021427008008596
2025-01-24,4.022430952931279
2025-01-25,4.023391960203599
2025-01-26,4.024310029825554
2025-01-27,4.025185161797146
2025-01-28,4.026017356118373
2025-01-29,4.026806612789238
2025-01-30,4.027552931809738
2025-01-31,4.028256313179874
2025-02-01,4.028916756899646
2025-02-02,4.0295342629690545
2025-02-03,4.030108831388098
2025-02-04,4.030640462156779
2025-02-05,4.031129155275096
2025-02-06,4.031574910743048
2025-02-07,4.031977728560637
2025-02-08,4.032337608727861
2025-02-09,4.032654551244722
2025-02-10,4.0329285561112185
2025-02-11,4.033159623327352
2025-02-12,4.033347752893121
2025-02-13,4.0334929448085255
2025-02-14,4.0335951990735674
2025-02-15,4.033654515688244
2025-02-16,4.033715176088047
2025-02-17,4.033821461708467
2025-02-18,4.033973372549501
2025-02-19,4.034170908611151
2025-02-20,4.034414069893417
2025-02-21,4.034702856396299
2025-02-22,4.035037268119796
2025-02-23,4.035417305063908
2025-02-24,4.0358429672286364
2025-02-25,4.0363142546139805
2025-02-26,4.0368311672199395
2025-02-27,4.037393705046515
2025-02-28,4.038001868093706
2025-03-01,4.038655656361512
2025-03-02,4.039355069849935
2025-03-03,4.040100108558972
2025-03-04,4.040890772488625
2025-03-05,4.041727061638894
2025-03-06,4.04260897600978
2025-03-07,4.043536515601279
2025-03-08,4.044509680413395
2025-03-09,4.0455284704461265
2025-03-10,4.046592885699475
2025-03-11,4.047702926173437
2025-03-12,4.048858591868014
2025-03-13,4.050059882783209
2025-03-14,4.051306798919018
2025-03-15,4.052599340275444
2025-03-16,4.053937506852485
2025-03-17,4.055305770576849
2025-03-18,4.056610963008779
2025-03-19,4.057837556074984
2025-03-20,4.058985549775463
2025-03-21,4.060054944110215
2025-03-22,4.061045739079242
2025-03-23,4.061957934682543
2025-03-24,4.0627915309201175
2025-03-25,4.063546527791967
2025-03-26,4.06422292529809
2025-03-27,4.064820723438488
2025-03-28,4.06533992221316
2025-03-29,4.065780521622104
2025-03-30,4.066142521665324
2025-03-31,4.066425922342818
2025-04-01,4.066630723654585
2025-04-02,4.066756925600627
2025-04-03,4.066804528180942
2025-04-04,4.066773531395532
2025-04-05,4.066663935244396
2025-04-06,4.066475739727534
2025-04-07,4.066208944844946
2025-04-08,4.0658635505966325
2025-04-09,4.065439556982593
2025-04-10,4.064936964002826
2025-04-11,4.064355771657335
2025-04-12,4.063695979946118
2025-04-13,4.062957588869173
2025-04-14,4.062140598426504
2025-04-15,4.061245008618108
2025-04-16,4.060270819443987
2025-04-17,4.059276347074568
2025-04-18,4.058319907680279
2025-04-19,4.05740150126112
2025-04-20,4.056521127817092
2025-04-21,4.055678787348193
2025-04-22,4.054874479854424
2025-04-23,4.054108205335786
2025-04-24,4.053379963792278
2025-04-25,4.052689755223899
2025-04-26,4.052037579630652
2025-04-27,4.0514234370125335
2025-04-28,4.050847327369547
2025-04-29,4.050309250701688
2025-04-30,4.049809207008962
2025-05-01,4.0493471962913645
2025-05-02,4.048923218548897
2025-05-03,4.048537273781561
2025-05-04,4.048189361989354
2025-05-05,4.047879483172277
2025-05-06,4.047607637330331
2025-05-07,4.047373824463515
2025-05-08,4.047178044571828
2025-05-09,4.047020297655273
2025-05-10,4.046900583713846
2025-05-11,4.0468189027475505
2025-05-12,4.046775254756385
2025-05-13,4.046769639740349
2025-05-14,4.046802057699444
2025-05-15,4.046872508633669
2025-05-16,4.046980992543023
2025-05-17,4.04711823784891
2025-05-18,4.047228615079733
2025-05-19,4.047302852656895
2025-05-20,4.047340950580394
2025-05-21,4.047342908850232
2025-05-22,4.047308727466408
2025-05-23,4.047238406428923
2025-05-24,4.047131945737776
2025-05-25,4.046989345392966
2025-05-26,4.046810605394495
2025-05-27,4.046595725742362
2025-05-28,4.046344706436567
2025-05-29,4.046057547477111
2025-05-30,4.045734248863993
2025-05-31,4.045374810597213
2025-06-01,4.044979232676772
2025-06-02,4.044547515102669
2025-06-03,4.044079657874902
2025-06-04,4.043575660993476
2025-06-05,4.043035524458386
2025-06-06,4.042459248269636
2025-06-07,4.041846832427223
2025-06-08,4.041198276931149
2025-06-09,4.040513581781413
2025-06-10,4.039792746978015
2025-06-11,4.039035772520955
2025-06-12,4.038242658410234
2025-06-13,4.03741340464585
2025-06-14,4.036548011227806
2025-06-15,4.035646478156099
2025-06-16,4.03470880543073
2025-06-17,4.033770427414646
2025-06-18,4.032866778470795
2025-06-19,4.0319978585991745
2025-06-20,4.031163667799786
2025-06-21,4.03036420607263
2025-06-22,4.029599473417705
2025-06-23,4.028869469835012
2025-06-24,4.028174195324551
2025-06-25,4.0275136498863215
2025-06-26,4.026887833520323
2025-06-27,4.026296746226558
2025-06-28,4.025740388005025
2025-06-29,4.025218758855722
2025-06-30,4.024731858778653
2025-07-01,4.024279687773814
2025-07-02,4.023862245841207
2025-07-03,4.023479532980832
2025-07-04,4.023131549192689
2025-07-05,4.022818294476778
2025-07-06,4.022539768833098
2025-07-07,4.0222959722616505
2025-07-08,4.022086904762435
2025-07-09,4.02191256633545
2025-07-10,4.021772956980698
2025-07-11,4.021668076698177
2025-07-12,4.021597925487889
2025-07-13,4.021562503349831
2025-07-14,4.021561810284006
2025-07-15,4.021595846290413
2025-07-16,4.021664611369051
2025-07-17,4.021762532389492
2025-07-18,4.021856170569158
2025-07-19,4.021939952777624
2025-07-20,4.022013879014884
2025-07-21,4.022077949280942
2025-07-22,4.022132163575797
2025-07-23,4.022176521899449
2025-07-24,4.022211024251897
2025-07-25,4.022235670633143
2025-07-26,4.022250461043185
2025-07-27,4.022255395482024
2025-07-28,4.022250473949661
2025-07-29,4.022235696446096
2025-07-30,4.022211062971325
2025-07-31,4.0221765735253525
2025-08-01,4.022132228108176
2025-08-02,4.0220780267197975
2025-08-03,4.0220139693602155
2025-08-04,4.021940056029432
2025-08-05,4.021856286727443
2025-08-06,4.021762661454251
2025-08-07,4.021659180209857
2025-08-08,4.021545842994261
2025-08-09,4.02142264980746
2025-08-10,4.021289600649458
2025-08-11,4.021146695520251
2025-08-12,4.020993934419841
2025-08-13,4.020831317348229
2025-08-14,4.020658844305412
2025-08-15,4.020476515291394
2025-08-16,4.020284330306172
2025-08-17,4.020081886389641
2025-08-18,4.019866765781159
2025-08-19,4.019638565520619
2025-08-20,4.019397285608021
2025-08-21,4.019142926043368
2025-08-22,4.018875486826656
2025-08-23,4.018594967957886
2025-08-24,4.018301369437059
2025-08-25,4.0179946912641755
2025-08-26,4.017674933439232
2025-08-27,4.017342095962233
2025-08-28,4.016996178833178
2025-08-29,4.016637182052063
2025-08-30,4.016265105618891
2025-08-31,4.015879949533662
2025-09-01,4.015481713796376
2025-09-02,4.015070398407032
2025-09-03,4.01464600336563
2025-09-04,4.014208528672173
2025-09-05,4.013757974326656
2025-09-06,4.013294340329082
2025-09-07,4.0128176266794515
2025-09-08,4.012327833377763
2025-09-09,4.0118249604240175
2025-09-10,4.011309007818213
2025-09-11,4.010779975560353
2025-09-12,4.010237863650435
2025-09-13,4.009682672088459
2025-09-14,4.009114400874426
2025-09-15,4.008533050008335
2025-09-16,4.007938619490187
2025-09-17,4.007335249620448
2025-09-18,4.006727080699588
2025-09-19,4.0061141127276025
2025-09-20,4.005496345704495
2025-09-21,4.004873779630265
2025-09-22,4.0042464145049115
2025-09-23,4.003614250328435
2025-09-24,4.002977287100834
2025-09-25,4.0023355248221115
2025-09-26,4.001688963492265
2025-09-27,4.001037603111296
2025-09-28,4.000381443679204
2025-09-29,3.999720485195988
2025-09-30,3.99905472766165
2025-10-01,3.998384171076189
2025-10-02,3.997708815439604
2025-10-03,3.997028660751896
2025-10-04,3.996343707013066
2025-10-05,3.9956539542231115
2025-10-06,3.994959402382035
2025-10-07,3.9942600514898348
2025-10-08,3.9935559015465105
2025-10-09,3.9928469525520653
2025-10-10,3.9921332045064957
2025-10-11,3.991414657409803
2025-10-12,3.9906913112619877
2025-10-13,3.989963166063049
2025-10-14,3.9892302218129876
2025-10-15,3.9884924785118026
2025-10-16,3.9877499361594944
2025-10-17,3.987004124341062
2025-10-18,3.9862642205665
2025-10-19,3.985531754420807
2025-10-20,3.9848067259039825
2025-10-21,3.9840891350160277
2025-10-22,3.9833789817569407
2025-10-23,3.9826762661267234
2025-10-24,3.9819809881253754
2025-10-25,3.9812931477528952
2025-10-26,3.9806127450092847
2025-10-27,3.9799397798945426
2025-10-28,3.9792742524086693
2025-10-29,3.9786161625516656
2025-10-30,3.9779655103235307
2025-10-31,3.9773222957242647
2025-11-01,3.976686518753868
2025-11-02,3.976058179412339
2025-11-03,3.975437277699679
2025-11-04,3.9748238136158887
2025-11-05,3.974217787160967
2025-11-06,3.973619198334914
2025-11-07,3.973028047137731
2025-11-08,3.972444333569416
2025-11-09,3.9718680576299703
2025-11-10,3.971299219319393
2025-11-11,3.9707378186376845
2025-11-12,3.970183855584845
2025-11-13,3.969637330160875
2025-11-14,3.969098242365775
2025-11-15,3.968566592199542
2025-11-16,3.9680423796621778
2025-11-17,3.9675236090567862
2025-11-18,3.9670082846864707
2025-11-19,3.9664964065512294
2025-11-20,3.965987974651064
2025-11-21,3.965482988985973
2025-11-22,3.964981449555958
2025-11-23,3.964483356361018
2025-11-24,3.9639887094011534
2025-11-25,3.9634975086763635
2025-11-26,3.9630097541866496
2025-11-27,3.9625254459320107
2025-11-28,3.962044583912447
2025-11-29,3.9615671681279583
2025-11-30,3.9610931985785456
2025-12-01,3.960622675264208
2025-12-02,3.9601555981849446
2025-12-03,3.959691967340758
2025-12-04,3.959231782731645
2025-12-05,3.9587750443576093
2025-12-06,3.9583217522186462
2025-12-07,3.95787190631476
2025-12-08,3.9574255066459494
2025-12-09,3.956982553212213
2025-12-10,3.956543046013553
2025-12-11,3.9561069850499675
2025-12-12,3.955674370321457
2025-12-13,3.9552452018280215
2025-12-14,3.9548194795696627
2025-12-15,3.9543972035463786
2025-12-16,3.953978373758169
2025-12-17,3.9535646270469242
2025-12-18,3.9531657844639723
2025-12-19,3.952783482851204
2025-12-20,3.9524177222086188
2025-12-21,3.9520685025362154
2025-12-22,3.951735823833995
2025-12-23,3.951419686101958
2025-12-24,3.951120089340103
2025-12-25,3.9508370335484306
2025-12-26,3.9505705187269413
2025-12-27,3.950320544875635
2025-12-28,3.9500871119945113
2025-12-29,3.9498702200835707
2025-12-30,3.949669869142812
2025-12-31,3.9494860591722363
2026-01-01,3.949318790171843
2026-01-02,3.9491680621416325
2026-01-03,3.9490338750816054
2026-01-04,3.948916228991761
2026-01-05,3.9488151238720994
2026-01-06,3.948730559722619
2026-01-07,3.9486625365433228
2026-01-08,3.9486110543342097
2026-01-09,3.948576113095278
2026-01-10,3.9485577128265303
2026-01-11,3.9485558535279646
2026-01-12,3.9485705351995817
2026-01-13,3.9486017578413817
2026-01-14,3.9486495214533646
2026-01-15,3.9487138260355295
2026-01-16,3.948794671587878
2026-01-17,3.948886507852295
2026-01-18,3.948956033280102
2026-01-19,3.9489976976131844
2026-01-20,3.9490115008515447
2026-01-21,3.9489974429951795
2026-01-22,3.9489555240440914
2026-01-23,3.9488857439982787
2026-01-24,3.948788102857742
2026-01-25,3.9486626006224816
2026-01-26,3.9485092372924977
2026-01-27,3.94832801286779
2026-01-28,3.948118927348358
2026-01-29,3.947881980734202
2026-01-30,3.9476171730253227
2026-01-31,3.9473245042217195
2026-02-01,3.947003974323392
2026-02-02,3.9466555833303403
2026-02-03,3.9462793312425646
2026-02-04,3.9458752180600656
2026-02-05,3.9454432437828433
2026-02-06,3.9449834084108963
2026-02-07,3.944495711944226
2026-02-08,3.943980154382831
2026-02-09,3.9434367357267117
2026-02-10,3.94286545597587
2026-02-11,3.942266315130304
2026-02-12,3.941639313190014
2026-02-13,3.9409844501549998
2026-02-14,3.9403017260252615
2026-02-15,3.9395911408008
2026-02-16,3.9388717486050027
2026-02-17,3.93816260356126
2026-02-18,3.9374637056695696
2026-02-19,3.9367750549299334
2026-02-20,3.93609665134235
2026-02-21,3.9354284949068212
2026-02-22,3.9347705856233453
2026-02-23,3.9341229234919233
2026-02-24,3.933485508512555
2026-02-25,3.9328583406852395
2026-02-26,3.932241420009977
2026-02-27,3.931634746486769
2026-02-28,3.931038320115615
2026-03-01,3.9304521408965134
2026-03-02,3.929876208829466
2026-03-03,3.929310523914472
2026-03-04,3.928755086151532
2026-03-05,3.9282098955406446
2026-03-06,3.9276749520818104
2026-03-07,3.9271502557750306
2026-03-08,3.926635806620305
2026-03-09,3.926131604617632
2026-03-10,3.9256376497670122
2026-03-11,3.925153942068447
2026-03-12,3.924680481521934
2026-03-13,3.9242172681274754
2026-03-14,3.92376430188507
2026-03-15,3.9233215827947183
2026-03-16,3.92288911085642
2026-03-17,3.922468174465873
2026-03-18,3.922066503997263
2026-03-19,3.9216853878462863
2026-03-20,3.921324826012942
2026-03-21,3.9209848184972333
2026-03-22,3.920665365299158
2026-03-23,3.920366466418717
2026-03-24,3.92008812185591
2026-03-25,3.919830331610735
2026-03-26,3.919593095683196
2026-03-27,3.9193764140732896
2026-03-28,3.9191802867810175
2026-03-29,3.9190047138063795
2026-03-30,3.918849695149375
2026-03-31,3.9187152308100037
2026-04-01,3.9186013207882686
2026-04-02,3.918507965084165
2026-04-03,3.918435163697696
2026-04-04,3.918382916628861
2026-04-05,3.9183512238776594
2026-04-06,3.918340085444093
2026-04-07,3.9183495013281595
2026-04-08,3.91837947152986
2026-04-09,3.9184299960491944
2026-04-10,3.9185010748861626
2026-04-11,3.9185927080407654
2026-04-12,3.9187048955130015
2026-04-13,3.9188376373028704
2026-04-14,3.918990933410375
2026-04-15,3.919164783835512
2026-04-16,3.9193591885782837
2026-04-17,3.9195741476386896
2026-04-18,3.9198096610167283
2026-04-19,3.9200657287124017
2026-04-20,3.9203423507257087
2026-04-21,3.920639527056649
2026-04-22,3.9209572577052243
2026-04-23,3.921295542671432
2026-04-24,3.9216543819552747
2026-04-25,3.9220337755567516
2026-04-26,3.9224337234758613
2026-04-27,3.9228542257126056
2026-04-28,3.923295282266984
2026-04-29,3.9237568931389952
2026-04-30,3.9242390583286406
2026-05-01,3.9247417778359206
2026-05-02,
2026-05-03,
2026-05-04,
2026-05-05,
2026-05-06,
2026-05-07,
2026-05-08,
2026-05-09,
2026-05-10,
2026-05-11,
2026-05-12,
2026-05-13,
2026-05-14,
2026-05-15,
2026-05-16,
2026-05-17,
2026-05-18,
2026-05-19,
2026-05-20,
2026-05-21,
2026-05-22,
2026-05-23,
2026-05-24,
2026-05-25,
2026-05-26,
2026-05-27,
2026-05-28,
2026-05-29,
2026-05-30,
2026-05-31,
2026-06-01,
2026-06-02,
2026-06-03,
2026-06-04,
2026-06-05,
2026-06-06,
2026-06-07,
2026-06-08,
2026-06-09,
2026-06-10,
2026-06-11,
2026-06-12,
2026-06-13,
2026-06-14,
2026-06-15,
2026-06-16,
2026-06-17,
2026-06-18,
2026-06-19,
2026-06-20,
2026-06-21,
2026-06-22,
2026-06-23,
2026-06-24,
2026-06-25,
2026-06-26,
2026-06-27,
2026-06-28,
2026-06-29,
2026-06-30,
