date,log_rgdp
1999-01-01,13.088260840015131
1999-01-02,13.088303579707704
1999-01-03,13.08834661797168
1999-01-04,13.088389954807068
1999-01-05,13.088433590213862
1999-01-06,13.088477524192065
1999-01-07,13.088521756741672
1999-01-08,13.088566287862688
1999-01-09,13.08861111755511
1999-01-10,13.08865624581894
1999-01-11,13.088701672654182
1999-01-12,13.088747398060827
1999-01-13,13.08879342203888
1999-01-14,13.08883974458834
1999-01-15,13.08888636570921
1999-01-16,13.088933285401483
1999-01-17,13.088980503665168
1999-01-18,13.089028020500256
1999-01-19,13.089075835906756
1999-01-20,13.08912394988466
1999-01-21,13.089172362433972
1999-01-22,13.089221073554693
1999-01-23,13.08927008324682
1999-01-24,13.089319391510355
1999-01-25,13.089368998345297
1999-01-26,13.089418903751648
1999-01-27,13.089469107729405
1999-01-28,13.08951961027857
1999-01-29,13.08957041139914
1999-01-30,13.089621511091119
1999-01-31,13.089672909354508
1999-02-01,13.0897246061893
1999-02-02,13.089776601595505
1999-02-03,13.089828895573113
1999-02-04,13.08988148812213
1999-02-05,13.089934379242553
1999-02-06,13.089987568934383
1999-02-07,13.090041057197624
1999-02-08,13.090094844032269
1999-02-09,13.090148929438325
1999-02-10,13.090203313415788
1999-02-11,13.090257995964652
1999-02-12,13.090312977084931
1999-02-13,13.090368256776614
1999-02-14,13.090423835039704
1999-02-15,13.090479711874202
1999-02-16,13.090535887280108
1999-02-17,13.090592361257421
1999-02-18,13.090649133806144
1999-02-19,13.090706204926272
1999-02-20,13.090763574617807
1999-02-21,13.09082124288075
1999-02-22,13.090879209715101
1999-02-23,13.090937475120858
1999-02-24,13.090996039098023
1999-02-25,13.091054901646597
1999-02-26,13.091114062766575
1999-02-27,13.091173522457963
1999-02-28,13.091233280720761
1999-03-01,13.091293337554964
1999-03-02,13.091353692960572
1999-03-03,13.091414346937588
1999-03-04,13.091475299486014
1999-03-05,13.091536550605847
1999-03-06,13.091598100297084
1999-03-07,13.091659948559734
1999-03-08,13.091722095393786
1999-03-09,13.09178454079925
1999-03-10,13.091847284776119
1999-03-11,13.091910327324396
1999-03-12,13.09197366844408
1999-03-13,13.092037308135172
1999-03-14,13.092101246397672
1999-03-15,13.092165483231575
1999-03-16,13.09223001863689
1999-03-17,13.092294852613612
1999-03-18,13.092359985161739
1999-03-19,13.092425416281278
1999-03-20,13.092491145972222
1999-03-21,13.092557174234575
1999-03-22,13.092623501068333
1999-03-23,13.0926901264735
1999-03-24,13.092757050450071
1999-03-25,13.092824272998051
1999-03-26,13.09289179411744
1999-03-27,13.092959613808237
1999-03-28,13.09302773207044
1999-03-29,13.09309614890405
1999-03-30,13.093164864309067
1999-03-31,13.093233878285494
1999-04-01,13.093303190833328
1999-04-02,13.093372801952569
1999-04-03,13.093442711643213
1999-04-04,13.093512919905269
1999-04-05,13.093583426738732
1999-04-06,13.093654232143603
1999-04-07,13.093725336119878
1999-04-08,13.093796738667564
1999-04-09,13.093868439786657
1999-04-10,13.093940439477155
1999-04-11,13.094012737739066
1999-04-12,13.09408533457238
1999-04-13,13.0941582299771
1999-04-14,13.09423142395323
1999-04-15,13.094304916500768
1999-04-16,13.094378707619711
1999-04-17,13.094452797310064
1999-04-18,13.094527185571822
1999-04-19,13.09460187240499
1999-04-20,13.094676857809565
1999-04-21,13.094752141785548
1999-04-22,13.094827724332934
1999-04-23,13.094903605451732
1999-04-24,13.094979785141936
1999-04-25,13.095056263403546
1999-04-26,13.095133040236565
1999-04-27,13.095210115640992
1999-04-28,13.095287489616824
1999-04-29,13.095365162164066
1999-04-30,13.095443133282714
1999-05-01,13.095521402972771
1999-05-02,13.095599971234234
1999-05-03,13.095678838067105
1999-05-04,13.095758003471383
1999-05-05,13.095837467447069
1999-05-06,13.09591722999416
1999-05-07,13.095997291112663
1999-05-08,13.09607765080257
1999-05-09,13.096158309063885
1999-05-10,13.096239265896608
1999-05-11,13.09632052130074
1999-05-12,13.096402075276277
1999-05-13,13.096483927823222
1999-05-14,13.096566078941574
1999-05-15,13.096648528631334
1999-05-16,13.096731276892502
1999-05-17,13.096814079844794
1999-05-18,13.0968954742065
1999-05-19,13.096975216097338
1999-05-20,13.097053305517308
1999-05-21,13.097129742466409
1999-05-22,13.097204526944644
1999-05-23,13.097277658952011
1999-05-24,13.097349138488509
1999-05-25,13.097418965554136
1999-05-26,13.097487140148901
1999-05-27,13.097553662272793
1999-05-28,13.097618531925818
1999-05-29,13.097681749107975
1999-05-30,13.097743313819265
1999-05-31,13.097803226059685
1999-06-01,13.097861485829238
1999-06-02,13.097918093127923
1999-06-03,13.097973047955739
1999-06-04,13.09802635031269
1999-06-05,13.09807800019877
1999-06-06,13.09812799761398
1999-06-07,13.098176342558324
1999-06-08,13.098223035031797
1999-06-09,13.098268075034408
1999-06-10,13.098311462566146
1999-06-11,13.098353197627016
1999-06-12,13.09839328021702
1999-06-13,13.098431710336154
1999-06-14,13.098468487984425
1999-06-15,13.098503613161819
1999-06-16,13.098537085868353
1999-06-17,13.098568906104017
1999-06-18,13.098599073868808
1999-06-19,13.098627589162735
1999-06-20,13.098654451985793
1999-06-21,13.098679662337982
1999-06-22,13.098703220219305
1999-06-23,13.098725125629759
1999-06-24,13.098745378569342
1999-06-25,13.098763979038063
1999-06-26,13.098780927035909
1999-06-27,13.098796222562891
1999-06-28,13.098809865619003
1999-06-29,13.098821856204248
1999-06-30,13.098832194318627
1999-07-01,13.098840879962134
1999-07-02,13.098847913134772
1999-07-03,13.098853293836546
1999-07-04,13.098857022067449
1999-07-05,13.098859097827486
1999-07-06,13.098859521116655
1999-07-07,13.098858291934954
1999-07-08,13.098855410282384
1999-07-09,13.098850876158947
1999-07-10,13.098844689564643
1999-07-11,13.09883685049947
1999-07-12,13.098827358963426
1999-07-13,13.09881621495652
1999-07-14,13.098803418478742
1999-07-15,13.098788969530096
1999-07-16,13.098772868110585
1999-07-17,13.098755114220202
1999-07-18,13.098735707858953
1999-07-19,13.098714649026832
1999-07-20,13.098691937723848
1999-07-21,13.09866757394999
1999-07-22,13.098641557705271
1999-07-23,13.09861388898968
1999-07-24,13.09858456780322
1999-07-25,13.098553594145894
1999-07-26,13.098520968017699
1999-07-27,13.098486689418635
1999-07-28,13.098450758348704
1999-07-29,13.098413174807906
1999-07-30,13.098373938796236
1999-07-31,13.0983330503137
1999-08-01,13.098290509360297
1999-08-02,13.098246315936024
1999-08-03,13.098200470040883
1999-08-04,13.098152971674875
1999-08-05,13.098103820838
1999-08-06,13.098053017530255
1999-08-07,13.098000561751643
1999-08-08,13.097946453502164
1999-08-09,13.097890692781814
1999-08-10,13.097833279590592
1999-08-11,13.097774213928506
1999-08-12,13.097713495795556
1999-08-13,13.097651125191732
1999-08-14,13.097587102117043
1999-08-15,13.097521426571486
1999-08-16,13.097454098555062
1999-08-17,13.097387798166046
1999-08-18,13.097325205502731
1999-08-19,13.09726632056511
1999-08-20,13.097211143353187
1999-08-21,13.097159673866956
1999-08-22,13.09711191210642
1999-08-23,13.097067858071586
1999-08-24,13.097027511762443
1999-08-25,13.096990873178997
1999-08-26,13.096957942321243
1999-08-27,13.096928719189192
1999-08-28,13.096903203782832
1999-08-29,13.096881396102168
1999-08-30,13.096863296147204
1999-08-31,13.096848903917927
1999-09-01,13.096838219414357
1999-09-02,13.096831242636473
1999-09-03,13.096827973584288
1999-09-04,13.096828412257802
1999-09-05,13.096832558657008
1999-09-06,13.096840412781908
1999-09-07,13.09685197463251
1999-09-08,13.096867244208804
1999-09-09,13.096886221510793
1999-09-10,13.096908906538479
1999-09-11,13.09693529929186
1999-09-12,13.096965399770939
1999-09-13,13.096999207975712
1999-09-14,13.097036723906179
1999-09-15,13.097077947562346
1999-09-16,13.097122878944205
1999-09-17,13.097171518051763
1999-09-18,13.097223864885013
1999-09-19,13.09727991944396
1999-09-20,13.097339681728606
1999-09-21,13.097403151738945
1999-09-22,13.097470329474977
1999-09-23,13.09754121493671
1999-09-24,13.097615808124134
1999-09-25,13.097694109037258
1999-09-26,13.097776117676075
1999-09-27,13.09786183404059
1999-09-28,13.0979512581308
1999-09-29,13.098044389946704
1999-09-30,13.098141229488306
1999-10-01,13.098241776755604
1999-10-02,13.098346031748596
1999-10-03,13.098453994467285
1999-10-04,13.098565664911668
1999-10-05,13.098681043081745
1999-10-06,13.098800128977523
1999-10-07,13.098922922598994
1999-10-08,13.099049423946159
1999-10-09,13.099179633019025
1999-10-10,13.099313549817582
1999-10-11,13.099451174341837
1999-10-12,13.099592506591788
1999-10-13,13.099737546567432
1999-10-14,13.099886294268776
1999-10-15,13.100038749695813
1999-10-16,13.100194912848545
1999-10-17,13.100354783726974
1999-10-18,13.100518362331098
1999-10-19,13.100685648660921
1999-10-20,13.100856642716437
1999-10-21,13.101031344497649
1999-10-22,13.101209754004556
1999-10-23,13.101391871237158
1999-10-24,13.10157769619546
1999-10-25,13.101767228879453
1999-10-26,13.101960469289143
1999-10-27,13.102157417424529
1999-10-28,13.102358073285613
1999-10-29,13.102562436872391
1999-10-30,13.102770508184866
1999-10-31,13.102982287223035
1999-11-01,13.1031977739869
1999-11-02,13.103416968476461
1999-11-03,13.103639870691715
1999-11-04,13.10386648063267
1999-11-05,13.104096798299317
1999-11-06,13.10433082369166
1999-11-07,13.104568556809703
1999-11-08,13.104809997653437
1999-11-09,13.10505514622287
1999-11-10,13.105304002517993
1999-11-11,13.10555656653882
1999-11-12,13.105812838285338
1999-11-13,13.106072817757552
1999-11-14,13.106336504955461
1999-11-15,13.106603899879065
1999-11-16,13.10687500252837
1999-11-17,13.107146743470198
1999-11-18,13.107416053271374
1999-11-19,13.107682931931903
1999-11-20,13.107947379451787
1999-11-21,13.108209395831018
1999-11-22,13.108468981069603
1999-11-23,13.108726135167545
1999-11-24,13.108980858124836
1999-11-25,13.109233149941478
1999-11-26,13.109483010617474
1999-11-27,13.10973044015282
1999-11-28,13.10997543854752
1999-11-29,13.11021800580157
1999-11-30,13.110458141914977
1999-12-01,13.110695846887733
1999-12-02,13.110931120719837
1999-12-03,13.1111639634113
1999-12-04,13.111394374962114
1999-12-05,13.111622355372278
1999-12-06,13.111847904641794
1999-12-07,13.112071022770664
1999-12-08,13.112291709758882
1999-12-09,13.112509965606458
1999-12-10,13.112725790313382
1999-12-11,13.11293918387966
1999-12-12,13.113150146305289
1999-12-13,13.113358677590274
1999-12-14,13.113564777734608
1999-12-15,13.113768446738293
1999-12-16,13.113969684601331
1999-12-17,13.114168491323724
1999-12-18,13.114364866905465
1999-12-19,13.11455881134656
1999-12-20,13.114750324647007
1999-12-21,13.114939406806805
1999-12-22,13.115126057825956
1999-12-23,13.115310277704461
1999-12-24,13.115492066442318
1999-12-25,13.115671424039526
1999-12-26,13.115848350496087
1999-12-27,13.116022845811997
1999-12-28,13.11619490998726
1999-12-29,13.116364543021879
1999-12-30,13.116531744915848
1999-12-31,13.116696515669169
2000-01-01,13.11685885528184
2000-01-02,13.117018763753867
2000-01-03,13.117176241085245
2000-01-04,13.117331287275974
2000-01-05,13.117483902326057
2000-01-06,13.11763408623549
2000-01-07,13.117781839004277
2000-01-08,13.117927160632416
2000-01-09,13.118070051119904
2000-01-10,13.118210510466746
2000-01-11,13.118348538672944
2000-01-12,13.11848413573849
2000-01-13,13.118617301663386
2000-01-14,13.118748036447641
2000-01-15,13.118876340091248
2000-01-16,13.1190022125942
2000-01-17,13.119125653956507
2000-01-18,13.119246664178169
2000-01-19,13.119365243259178
2000-01-20,13.119481391199544
2000-01-21,13.119595107999263
2000-01-22,13.11970639365833
2000-01-23,13.119815248176753
2000-01-24,13.119921671554525
2000-01-25,13.120025663791651
2000-01-26,13.120127224888126
2000-01-27,13.120226354843957
2000-01-28,13.12032305365914
2000-01-29,13.120417321333672
2000-01-30,13.12050915786756
2000-01-31,13.120598563260796
2000-02-01,13.120685537513385
2000-02-02,13.120770080625329
2000-02-03,13.120852192596622
2000-02-04,13.12093187342727
2000-02-05,13.12100912311727
2000-02-06,13.121083941666623
2000-02-07,13.121156329075326
2000-02-08,13.121226285343383
2000-02-09,13.121293810470789
2000-02-10,13.121358904457548
2000-02-11,13.12142156730366
2000-02-12,13.121481799009127
2000-02-13,13.12153959957394
2000-02-14,13.12159496899811
2000-02-15,13.12164790728163
2000-02-16,13.121698595754792
2000-02-17,13.121748122399332
2000-02-18,13.121796668545546
2000-02-19,13.121844234193428
2000-02-20,13.121890819342982
2000-02-21,13.1219364239942
2000-02-22,13.121981048147092
2000-02-23,13.12202469180165
2000-02-24,13.122067354957883
2000-02-25,13.122109037615783
2000-02-26,13.122149739775352
2000-02-27,13.122189461436593
2000-02-28,13.122228202599503
2000-02-29,13.122265963264079
2000-03-01,13.122302743430327
2000-03-02,13.122338543098245
2000-03-03,13.122373362267831
2000-03-04,13.122407200939092
2000-03-05,13.122440059112018
2000-03-06,13.122471936786612
2000-03-07,13.122502833962878
2000-03-08,13.122532750640813
2000-03-09,13.12256168682042
2000-03-10,13.122589642501696
2000-03-11,13.122616617684638
2000-03-12,13.122642612369255
2000-03-13,13.12266762655554
2000-03-14,13.122691660243492
2000-03-15,13.122714713433115
2000-03-16,13.12273678612441
2000-03-17,13.122757878317373
2000-03-18,13.122777990012004
2000-03-19,13.122797121208304
2000-03-20,13.122815271906278
2000-03-21,13.122832442105919
2000-03-22,13.12284863180723
2000-03-23,13.122863841010211
2000-03-24,13.122878069714861
2000-03-25,13.122891317921178
2000-03-26,13.122903585629171
2000-03-27,13.12291487283883
2000-03-28,13.122925179550158
2000-03-29,13.122934505763158
2000-03-30,13.122942851477827
2000-03-31,13.122950216694163
2000-04-01,13.122956601412168
2000-04-02,13.122962005631848
2000-04-03,13.122966429353196
2000-04-04,13.122969872576213
2000-04-05,13.122972335300899
2000-04-06,13.122973817527257
2000-04-07,13.12297431925528
2000-04-08,13.122973840484974
2000-04-09,13.12297238121634
2000-04-10,13.122969941449375
2000-04-11,13.122966521184077
2000-04-12,13.12296212042045
2000-04-13,13.122956739158496
2000-04-14,13.122950377398208
2000-04-15,13.122943035139592
2000-04-16,13.122934712382644
2000-04-17,13.122925409127365
2000-04-18,13.122915125373758
2000-04-19,13.122903861121817
2000-04-20,13.12289161637155
2000-04-21,13.122878391122951
2000-04-22,13.122864185376018
2000-04-23,13.122848999130763
2000-04-24,13.12283283238717
2000-04-25,13.12281568514525
2000-04-26,13.122797557404999
2000-04-27,13.122778449166418
2000-04-28,13.122758360429506
2000-04-29,13.122737291194266
2000-04-30,13.122715241460691
2000-05-01,13.122692211228792
2000-05-02,13.122668200498556
2000-05-03,13.122643209269992
2000-05-04,13.122617237543102
2000-05-05,13.122590285317877
2000-05-06,13.12256235259432
2000-05-07,13.122533439372436
2000-05-08,13.122503545652222
2000-05-09,13.122472671433673
2000-05-10,13.1224408167168
2000-05-11,13.122407981501592
2000-05-12,13.122374165788058
2000-05-13,13.122339369576192
2000-05-14,13.122303592865993
2000-05-15,13.122266835657465
2000-05-16,13.122229097950607
2000-05-17,13.122190750705766
2000-05-18,13.122154019685002
2000-05-19,13.122119275848663
2000-05-20,13.122086519196749
2000-05-21,13.122055749729256
2000-05-22,13.122026967446192
2000-05-23,13.122000172347553
2000-05-24,13.121975364433338
2000-05-25,13.121952543703545
2000-05-26,13.121931710158176
2000-05-27,13.121912863797231
2000-05-28,13.121896004620714
2000-05-29,13.121881132628618
2000-05-30,13.121868247820949
2000-05-31,13.121857350197704
2000-06-01,13.121848439758885
2000-06-02,13.121841516504489
2000-06-03,13.121836580434517
2000-06-04,13.12183363154897
2000-06-05,13.121832669847848
2000-06-06,13.121833695331148
2000-06-07,13.121836707998876
2000-06-08,13.121841707851026
2000-06-09,13.121848694887603
2000-06-10,13.1218576691086
2000-06-11,13.121868630514026
2000-06-12,13.121881579103874
2000-06-13,13.121896514878149
2000-06-14,13.121913437836847
2000-06-15,13.121932347979968
2000-06-16,13.121953245307516
2000-06-17,13.121976129819489
2000-06-18,13.122001001515885
2000-06-19,13.122027860396702
2000-06-20,13.122056706461947
2000-06-21,13.122087539711618
2000-06-22,13.12212036014571
2000-06-23,13.12215516776423
2000-06-24,13.122191962567173
2000-06-25,13.12223074455454
2000-06-26,13.122271513726334
2000-06-27,13.122314270082551
2000-06-28,13.122359013623191
2000-06-29,13.122405744348256
2000-06-30,13.122454462257748
2000-07-01,13.12250516735166
2000-07-02,13.122557859630001
2000-07-03,13.122612539092765
2000-07-04,13.122669205739951
2000-07-05,13.122727859571565
2000-07-06,13.122788500587601
2000-07-07,13.122851128788065
2000-07-08,13.12291574417295
2000-07-09,13.122982346742262
2000-07-10,13.123050936495996
2000-07-11,13.123121513434153
2000-07-12,13.12319407755674
2000-07-13,13.123268628863748
2000-07-14,13.12334516735518
2000-07-15,13.12342369303104
2000-07-16,13.123504205891322
2000-07-17,13.12358670593603
2000-07-18,13.123671193165158
2000-07-19,13.123757667578715
2000-07-20,13.123846129176696
2000-07-21,13.123936577959096
2000-07-22,13.124029013925927
2000-07-23,13.12412343707718
2000-07-24,13.12421984741286
2000-07-25,13.124318244932962
2000-07-26,13.124418629637493
2000-07-27,13.124521001526443
2000-07-28,13.124625360599818
2000-07-29,13.12473170685762
2000-07-30,13.124840040299844
2000-07-31,13.12495036092649
2000-08-01,13.12506266873757
2000-08-02,13.125176963733066
2000-08-03,13.12529324591299
2000-08-04,13.125411515277339
2000-08-05,13.125531771826111
2000-08-06,13.125654015559306
2000-08-07,13.125778246476926
2000-08-08,13.125904464578973
2000-08-09,13.126032669865445
2000-08-10,13.126162862336336
2000-08-11,13.126295041991655
2000-08-12,13.126429208831402
2000-08-13,13.126565362855569
2000-08-14,13.126703504064164
2000-08-15,13.126843632457181
2000-08-16,13.126985748034622
2000-08-17,13.127128501059108
2000-08-18,13.127270541793262
2000-08-19,13.127411870237077
2000-08-20,13.127552486390561
2000-08-21,13.127692390253706
2000-08-22,13.12783158182652
2000-08-23,13.127970061109
2000-08-24,13.128107828101145
2000-08-25,13.128244882802957
2000-08-26,13.128381225214428
2000-08-27,13.128516855335569
2000-08-28,13.128651773166373
2000-08-29,13.128785978706842
2000-08-30,13.128919471956982
2000-08-31,13.129052252916782
2000-09-01,13.129184321586251
2000-09-02,13.12931567796538
2000-09-03,13.129446322054177
2000-09-04,13.12957625385264
2000-09-05,13.129705473360767
2000-09-06,13.12983398057856
2000-09-07,13.12996177550602
2000-09-08,13.130088858143145
2000-09-09,13.130215228489934
2000-09-10,13.130340886546389
2000-09-11,13.130465832312508
2000-09-12,13.130590065788294
2000-09-13,13.130713586973743
2000-09-14,13.13083639586886
2000-09-15,13.130958492473642
2000-09-16,13.131079876788089
2000-09-17,13.131200548812199
2000-09-18,13.13132050854598
2000-09-19,13.13143975598942
2000-09-20,13.131558291142527
2000-09-21,13.131676114005302
2000-09-22,13.13179322457774
2000-09-23,13.131909622859842
2000-09-24,13.132025308851611
2000-09-25,13.132140282553047
2000-09-26,13.132254543964146
2000-09-27,13.132368093084912
2000-09-28,13.132480929915344
2000-09-29,13.132593054455441
2000-09-30,13.132704466705198
2000-10-01,13.132815166664626
2000-10-02,13.13292515433372
2000-10-03,13.133034429712476
2000-10-04,13.133142992800899
2000-10-05,13.133250843598987
2000-10-06,13.133357982106737
2000-10-07,13.133464408324157
2000-10-08,13.133570122251243
2000-10-09,13.13367512388799
2000-10-10,13.133779413234404
2000-10-11,13.133882990290484
2000-10-12,13.133985855056231
2000-10-13,13.134088007531641
2000-10-14,13.134189447716716
2000-10-15,13.134290175611456
2000-10-16,13.134390191215862
2000-10-17,13.134489494529936
2000-10-18,13.134588085553673
2000-10-19,13.134685964287076
2000-10-20,13.134783130730142
2000-10-21,13.134879584882876
2000-10-22,13.134975326745273
2000-10-23,13.135070356317339
2000-10-24,13.135164673599068
2000-10-25,13.135258278590461
2000-10-26,13.135351171291523
2000-10-27,13.135443351702246
2000-10-28,13.135534819822636
2000-10-29,13.135625575652691
2000-10-30,13.135715619192414
2000-10-31,13.1358049504418
2000-11-01,13.135893569400851
2000-11-02,13.135981476069569
2000-11-03,13.136068670447951
2000-11-04,13.136155152536
2000-11-05,13.13624092233371
2000-11-06,13.136325979841091
2000-11-07,13.136410325058133
2000-11-08,13.136493957984843
2000-11-09,13.136576878621216
2000-11-10,13.136659086967256
2000-11-11,13.136740583022963
2000-11-12,13.136821366788332
2000-11-13,13.136901438263369
2000-11-14,13.13698079744807
2000-11-15,13.137059444342436
2000-11-16,13.137137378946466
2000-11-17,13.137213983919283
2000-11-18,13.137288641920005
2000-11-19,13.137361352948636
2000-11-20,13.137432117005169
2000-11-21,13.137500934089605
2000-11-22,13.137567804201952
2000-11-23,13.1376327273422
2000-11-24,13.137695703510355
2000-11-25,13.137756732706418
2000-11-26,13.137815814930383
2000-11-27,13.137872950182254
2000-11-28,13.137928138462033
2000-11-29,13.137981379769714
2000-11-30,13.138032674105306
2000-12-01,13.1380820214688
2000-12-02,13.138129421860196
2000-12-03,13.138174875279503
2000-12-04,13.138218381726714
2000-12-05,13.138259941201827
2000-12-06,13.138299553704849
2000-12-07,13.138337219235776
2000-12-08,13.138372937794609
2000-12-09,13.138406709381346
2000-12-10,13.138438533995991
2000-12-11,13.138468411638536
2000-12-12,13.13849634230899
2000-12-13,13.138522326007351
2000-12-14,13.138546362733614
2000-12-15,13.138568452487787
2000-12-16,13.138588595269862
2000-12-17,13.138606791079845
2000-12-18,13.138623039917734
2000-12-19,13.138637341783523
2000-12-20,13.13864969667722
2000-12-21,13.138660104598827
2000-12-22,13.138668565548334
2000-12-23,13.138675079525749
2000-12-24,13.138679646531068
2000-12-25,13.138682266564292
2000-12-26,13.138682939625426
2000-12-27,13.138681665714461
2000-12-28,13.138678444831402
2000-12-29,13.138673276976249
2000-12-30,13.138666162149
2000-12-31,13.13865710034966
2001-01-01,13.138646091578224
2001-01-02,13.138633135834693
2001-01-03,13.138618233119066
2001-01-04,13.138601383431347
2001-01-05,13.138582586771534
2001-01-06,13.138561843139625
2001-01-07,13.138539152535623
2001-01-08,13.138514514959525
2001-01-09,13.138487930411332
2001-01-10,13.138459398891042
2001-01-11,13.138428920398663
2001-01-12,13.138396494934186
2001-01-13,13.138362122497615
2001-01-14,13.13832580308895
2001-01-15,13.138287536708193
2001-01-16,13.138247323355335
2001-01-17,13.138205163030388
2001-01-18,13.138161055733345
2001-01-19,13.138115001464207
2001-01-20,13.138067000222975
2001-01-21,13.13801705200965
2001-01-22,13.137965156824228
2001-01-23,13.137911314666711
2001-01-24,13.137855525537098
2001-01-25,13.137797789435398
2001-01-26,13.137738106361597
2001-01-27,13.137676476315704
2001-01-28,13.137612899297714
2001-01-29,13.137547375307632
2001-01-30,13.137479904345453
2001-01-31,13.137410486411182
2001-02-01,13.137339121504816
2001-02-02,13.137265809626355
2001-02-03,13.1371905507758
2001-02-04,13.13711334495315
2001-02-05,13.137034192158406
2001-02-06,13.136953092391568
2001-02-07,13.136870045652635
2001-02-08,13.136785051941605
2001-02-09,13.136698111258482
2001-02-10,13.136609223603266
2001-02-11,13.136518388975954
2001-02-12,13.136425607376546
2001-02-13,13.136330878805046
2001-02-14,13.136234203261452
2001-02-15,13.13613558074576
2001-02-16,13.136035677063372
2001-02-17,13.135935158019679
2001-02-18,13.135834023614676
2001-02-19,13.13573227384837
2001-02-20,13.13562990872076
2001-02-21,13.135526928231842
2001-02-22,13.13542333238162
2001-02-23,13.135319121170093
2001-02-24,13.135214294597262
2001-02-25,13.135108852663121
2001-02-26,13.13500279536768
2001-02-27,13.13489612271093
2001-02-28,13.134788834692877
2001-03-01,13.134680931313515
2001-03-02,13.13457241257285
2001-03-03,13.13446327847088
2001-03-04,13.134353529007607
2001-03-05,13.134243164183022
2001-03-06,13.134132183997135
2001-03-07,13.134020588449943
2001-03-08,13.133908377541449
2001-03-09,13.133795551271641
2001-03-10,13.133682109640533
2001-03-11,13.133568052648123
2001-03-12,13.133453380294402
2001-03-13,13.133338092579374
2001-03-14,13.133222189503046
2001-03-15,13.133105671065412
2001-03-16,13.132988537266472
2001-03-17,13.132870788106223
2001-03-18,13.132752423584671
2001-03-19,13.132633443701817
2001-03-20,13.132513848457652
2001-03-21,13.132393637852184
2001-03-22,13.132272811885413
2001-03-23,13.132151370557331
2001-03-24,13.13202931386795
2001-03-25,13.131906641817258
2001-03-26,13.131783354405265
2001-03-27,13.131659451631965
2001-03-28,13.13153493349736
2001-03-29,13.131409800001448
2001-03-30,13.131284051144233
2001-03-31,13.13115768692571
2001-04-01,13.131030707345882
2001-04-02,13.13090311240475
2001-04-03,13.130774902102312
2001-04-04,13.13064607643857
2001-04-05,13.13051663541352
2001-04-06,13.130386579027167
2001-04-07,13.130255907279505
2001-04-08,13.13012462017054
2001-04-09,13.12999271770027
2001-04-10,13.129860199868695
2001-04-11,13.129727066675814
2001-04-12,13.129593318121625
2001-04-13,13.129458954206134
2001-04-14,13.129323974929338
2001-04-15,13.129188380291236
2001-04-16,13.129052170291825
2001-04-17,13.128915344931112
2001-04-18,13.128777904209093
2001-04-19,13.12863984812577
2001-04-20,13.12850117668114
2001-04-21,13.128361889875203
2001-04-22,13.128221987707962
2001-04-23,13.128081470179417
2001-04-24,13.127940337289566
2001-04-25,13.127798589038406
2001-04-26,13.127656225425946
2001-04-27,13.127513246452178
2001-04-28,13.127369652117105
2001-04-29,13.127225442420727
2001-04-30,13.127080617363045
2001-05-01,13.126935176944055
2001-05-02,13.12678912116376
2001-05-03,13.12664245002216
2001-05-04,13.126495163519255
2001-05-05,13.126347261655043
2001-05-06,13.126198744429526
2001-05-07,13.126049611842706
2001-05-08,13.125899863894578
2001-05-09,13.125749500585147
2001-05-10,13.125598521914409
2001-05-11,13.125446927882365
2001-05-12,13.125294718489016
2001-05-13,13.125141893734362
2001-05-14,13.124988453618403
2001-05-15,13.12483439814114
2001-05-16,13.124679727302567
2001-05-17,13.12452471747984
2001-05-18,13.124371026935835
2001-05-19,13.124218932047699
2001-05-20,13.124068432815433
2001-05-21,13.123919529239036
2001-05-22,13.123772221318509
2001-05-23,13.123626509053853
2001-05-24,13.123482392445068
2001-05-25,13.12333987149215
2001-05-26,13.123198946195101
2001-05-27,13.123059616553926
2001-05-28,13.122921882568617
2001-05-29,13.122785744239177
2001-05-30,13.12265120156561
2001-05-31,13.122518254547913
2001-06-01,13.122386903186083
2001-06-02,13.122257147480124
2001-06-03,13.122128987430035
2001-06-04,13.122002423035815
2001-06-05,13.121877454297467
2001-06-06,13.121754081214986
2001-06-07,13.121632303788378
2001-06-08,13.121512122017638
2001-06-09,13.121393535902767
2001-06-10,13.121276545443765
2001-06-11,13.121161150640635
2001-06-12,13.121047351493374
2001-06-13,13.120935148001983
2001-06-14,13.120824540166463
2001-06-15,13.12071552798681
2001-06-16,13.12060811146303
2001-06-17,13.120502290595118
2001-06-18,13.120398065383075
2001-06-19,13.120295435826904
2001-06-20,13.1201944019266
2001-06-21,13.120094963682169
2001-06-22,13.119997121093602
2001-06-23,13.119900874160914
2001-06-24,13.119806222884089
2001-06-25,13.119713167263136
2001-06-26,13.119621707298052
2001-06-27,13.119531842988838
2001-06-28,13.119443574335495
2001-06-29,13.119356901338021
2001-06-30,13.119271823996414
2001-07-01,13.119188342310682
2001-07-02,13.119106456280816
2001-07-03,13.11902616590682
2001-07-04,13.118947471188694
2001-07-05,13.11887037212644
2001-07-06,13.118794868720055
2001-07-07,13.11872096096954
2001-07-08,13.118648648874892
2001-07-09,13.118577932436116
2001-07-10,13.11850881165321
2001-07-11,13.118441286526174
2001-07-12,13.118375357055006
2001-07-13,13.118311023239709
2001-07-14,13.11824828508028
2001-07-15,13.118187142576724
2001-07-16,13.118127595729037
2001-07-17,13.11806964453722
2001-07-18,13.11801328900127
2001-07-19,13.117958529121195
2001-07-20,13.117905364896984
2001-07-21,13.117853796328644
2001-07-22,13.117803823416178
2001-07-23,13.117755446159578
2001-07-24,13.11770866455885
2001-07-25,13.11766347861399
2001-07-26,13.117619888325
2001-07-27,13.117577893691879
2001-07-28,13.117537494714632
2001-07-29,13.117498691393251
2001-07-30,13.117461483727741
2001-07-31,13.117425871718098
2001-08-01,13.117391855364327
2001-08-02,13.117359434666426
2001-08-03,13.117328609624394
2001-08-04,13.117299380238233
2001-08-05,13.117271746507942
2001-08-06,13.11724570843352
2001-08-07,13.117221266014969
2001-08-08,13.117198419252288
2001-08-09,13.117177168145474
2001-08-10,13.11715751269453
2001-08-11,13.117139452899458
2001-08-12,13.117122988760254
2001-08-13,13.11710812027692
2001-08-14,13.117094847449458
2001-08-15,13.117083170277866
2001-08-16,13.11707308876214
2001-08-17,13.117063973502546
2001-08-18,13.117055195099349
2001-08-19,13.11704675355254
2001-08-20,13.117038648862124
2001-08-21,13.117030881028104
2001-08-22,13.11702345005047
2001-08-23,13.117016355929236
2001-08-24,13.117009598664389
2001-08-25,13.117003178255937
2001-08-26,13.116997094703878
2001-08-27,13.116991348008211
2001-08-28,13.116985938168936
2001-08-29,13.116980865186054
2001-08-30,13.116976129059568
2001-08-31,13.11697172978947
2001-09-01,13.116967667375766
2001-09-02,13.116963941818453
2001-09-03,13.116960553117533
2001-09-04,13.116957501273008
2001-09-05,13.116954786284873
2001-09-06,13.116952408153132
2001-09-07,13.116950366877782
2001-09-08,13.116948662458828
2001-09-09,13.116947294896264
2001-09-10,13.116946264190092
2001-09-11,13.116945570340313
2001-09-12,13.116945213346925
2001-09-13,13.116945193209933
2001-09-14,13.116945509929332
2001-09-15,13.116946163505126
2001-09-16,13.116947153937307
2001-09-17,13.116948481225885
2001-09-18,13.116950145370854
2001-09-19,13.116952146372215
2001-09-20,13.116954484229971
2001-09-21,13.116957158944118
2001-09-22,13.116960170514655
2001-09-23,13.116963518941589
2001-09-24,13.116967204224911
2001-09-25,13.116971226364631
2001-09-26,13.11697558536074
2001-09-27,13.116980281213241
2001-09-28,13.116985313922136
2001-09-29,13.116990683487424
2001-09-30,13.116996389909103
2001-10-01,13.117002433187176
2001-10-02,13.117008813321641
2001-10-03,13.117015530312498
2001-10-04,13.11702258415975
2001-10-05,13.117029974863392
2001-10-06,13.117037702423424
2001-10-07,13.117045766839857
2001-10-08,13.117054168112675
2001-10-09,13.11706290624189
2001-10-10,13.117071981227493
2001-10-11,13.117081393069492
2001-10-12,13.117091141767887
2001-10-13,13.117101227322667
2001-10-14,13.117111649733841
2001-10-15,13.11712240900141
2001-10-16,13.117133505125372
2001-10-17,13.117144938105724
2001-10-18,13.11715670794247
2001-10-19,13.117168814635608
2001-10-20,13.11718125818514
2001-10-21,13.117194038591066
2001-10-22,13.117207155853379
2001-10-23,13.11722060997209
2001-10-24,13.11723440094719
2001-10-25,13.117248528778685
2001-10-26,13.117262993466571
2001-10-27,13.11727779501085
2001-10-28,13.117292933411523
2001-10-29,13.117308408668585
2001-10-30,13.117324220782042
2001-10-31,13.117340369751894
2001-11-01,13.117356855578134
2001-11-02,13.117373678260769
2001-11-03,13.117390837799796
2001-11-04,13.117408334195215
2001-11-05,13.117426167447027
2001-11-06,13.11744433755523
2001-11-07,13.117462844519828
2001-11-08,13.11748168834082
2001-11-09,13.117500869018201
2001-11-10,13.117520386551977
2001-11-11,13.117540240942144
2001-11-12,13.117560432188704
2001-11-13,13.117580960291656
2001-11-14,13.117601825251
2001-11-15,13.11762302706674
2001-11-16,13.11764456573887
2001-11-17,13.117666694242002
2001-11-18,13.11768966555075
2001-11-19,13.117713479665111
2001-11-20,13.117738136585091
2001-11-21,13.117763636310679
2001-11-22,13.117789978841888
2001-11-23,13.117817164178707
2001-11-24,13.11784519232114
2001-11-25,13.11787406326919
2001-11-26,13.117903777022851
2001-11-27,13.117934333582133
2001-11-28,13.117965732947022
2001-11-29,13.11799797511753
2001-11-30,13.11803106009365
2001-12-01,13.118064987875384
2001-12-02,13.118099758462732
2001-12-03,13.118135371855697
2001-12-04,13.118171828054278
2001-12-05,13.118209127058467
2001-12-06,13.118247268868275
2001-12-07,13.118286253483697
2001-12-08,13.118326080904732
2001-12-09,13.118366751131383
2001-12-10,13.11840826416365
2001-12-11,13.118450620001525
2001-12-12,13.11849381864502
2001-12-13,13.118537860094127
2001-12-14,13.118582744348847
2001-12-15,13.118628471409185
2001-12-16,13.118675041275134
2001-12-17,13.1187224539467
2001-12-18,13.118770709423881
2001-12-19,13.118819807706673
2001-12-20,13.118869748795081
2001-12-21,13.118920532689106
2001-12-22,13.11897215938874
2001-12-23,13.11902462889399
2001-12-24,13.11907794120486
2001-12-25,13.119132096321337
2001-12-26,13.119187094243436
2001-12-27,13.119242934971144
2001-12-28,13.119299618504463
2001-12-29,13.119357144843406
2001-12-30,13.119415513987956
2001-12-31,13.119474725938122
2002-01-01,13.119534780693902
2002-01-02,13.119595678255298
2002-01-03,13.119657418622307
2002-01-04,13.11972000179493
2002-01-05,13.119783427773173
2002-01-06,13.119847696557024
2002-01-07,13.11991280814649
2002-01-08,13.119978762541571
2002-01-09,13.120045559742268
2002-01-10,13.120113199748575
2002-01-11,13.120181682560501
2002-01-12,13.120251008178041
2002-01-13,13.120321176601191
2002-01-14,13.12039218782996
2002-01-15,13.120464041864345
2002-01-16,13.120536738704338
2002-01-17,13.12061027834995
2002-01-18,13.120684660801176
2002-01-19,13.120759886058014
2002-01-20,13.12083595412047
2002-01-21,13.120912864988538
2002-01-22,13.120990618662223
2002-01-23,13.121069215141516
2002-01-24,13.12114865442643
2002-01-25,13.121228936516955
2002-01-26,13.121310061413094
2002-01-27,13.12139202911485
2002-01-28,13.12147483962222
2002-01-29,13.1215584929352
2002-01-30,13.121642989053798
2002-01-31,13.121728327978012
2002-02-01,13.121814509707837
2002-02-02,13.121901534243278
2002-02-03,13.121989401584337
2002-02-04,13.122078111731005
2002-02-05,13.122167664683289
2002-02-06,13.122258060441187
2002-02-07,13.1223492990047
2002-02-08,13.122441380373825
2002-02-09,13.12253430454857
2002-02-10,13.122628071528926
2002-02-11,13.122722681314897
2002-02-12,13.122818133906478
2002-02-13,13.122914429303677
2002-02-14,13.123011567506492
2002-02-15,13.123109548514918
2002-02-16,13.123207530463645
2002-02-17,13.123304671487357
2002-02-18,13.123400971586044
2002-02-19,13.12349643075972
2002-02-20,13.123591049008375
2002-02-21,13.123684826332015
2002-02-22,13.123777762730636
2002-02-23,13.123869858204241
2002-02-24,13.123961112752827
2002-02-25,13.124051526376396
2002-02-26,13.12414109907495
2002-02-27,13.124229830848483
2002-02-28,13.124317721697
2002-03-01,13.1244047716205
2002-03-02,13.124490980618981
2002-03-03,13.124576348692448
2002-03-04,13.124660875840895
2002-03-05,13.124744562064324
2002-03-06,13.124827407362735
2002-03-07,13.124909411736132
2002-03-08,13.124990575184508
2002-03-09,13.12507089770787
2002-03-10,13.125150379306211
2002-03-11,13.125229019979537
2002-03-12,13.125306819727847
2002-03-13,13.125383778551134
2002-03-14,13.125459896449406
2002-03-15,13.125535173422664
2002-03-16,13.125609609470903
2002-03-17,13.12568320459412
2002-03-18,13.125755958792324
2002-03-19,13.12582787206551
2002-03-20,13.125898944413679
2002-03-21,13.125969175836827
2002-03-22,13.126038566334962
2002-03-23,13.126107115908077
2002-03-24,13.126174824556177
2002-03-25,13.126241692279258
2002-03-26,13.126307719077321
2002-03-27,13.126372904950365
2002-03-28,13.126437249898396
2002-03-29,13.126500753921407
2002-03-30,13.126563417019401
2002-03-31,13.126625239192375
2002-04-01,13.126686220440334
2002-04-02,13.126746360763278
2002-04-03,13.126805660161201
2002-04-04,13.126864118634106
2002-04-05,13.126921736181998
2002-04-06,13.126978512804868
2002-04-07,13.127034448502721
2002-04-08,13.12708954327556
2002-04-09,13.127143797123377
2002-04-10,13.12719721004618
2002-04-11,13.127249782043963
2002-04-12,13.12730151311673
2002-04-13,13.12735240326448
2002-04-14,13.127402452487214
2002-04-15,13.127451660784928
2002-04-16,13.127500028157623
2002-04-17,13.127547554605304
2002-04-18,13.12759424012797
2002-04-19,13.127640084725613
2002-04-20,13.12768508839824
2002-04-21,13.127729251145848
2002-04-22,13.127772572968443
2002-04-23,13.127815053866017
2002-04-24,13.127856693838574
2002-04-25,13.127897492886113
2002-04-26,13.127937451008636
2002-04-27,13.127976568206144
2002-04-28,13.128014844478631
2002-04-29,13.1280522798261
2002-04-30,13.128088874248558
2002-05-01,13.12812462774599
2002-05-02,13.128159540318407
2002-05-03,13.12819361196581
2002-05-04,13.128226842688195
2002-05-05,13.128259232485558
2002-05-06,13.128290781357904
2002-05-07,13.12832148930524
2002-05-08,13.128351356327553
2002-05-09,13.128380382424847
2002-05-10,13.128408567597127
2002-05-11,13.128435911844388
2002-05-12,13.12846241516663
2002-05-13,13.128488077563858
2002-05-14,13.128512899036066
2002-05-15,13.128536879583258
2002-05-16,13.12856001920543
2002-05-17,13.128582443873317
2002-05-18,13.128604909411271
2002-05-19,13.12862754179002
2002-05-20,13.12865034100957
2002-05-21,13.128673307069915
2002-05-22,13.12869643997106
2002-05-23,13.128719739712999
2002-05-24,13.128743206295738
2002-05-25,13.12876683971927
2002-05-26,13.128790639983604
2002-05-27,13.128814607088735
2002-05-28,13.128838741034661
2002-05-29,13.128863041821386
2002-05-30,13.128887509448909
2002-05-31,13.128912143917226
2002-06-01,13.128936945226343
2002-06-02,13.128961913376259
2002-06-03,13.128987048366966
2002-06-04,13.129012350198476
2002-06-05,13.129037818870781
2002-06-06,13.129063454383884
2002-06-07,13.129089256737783
2002-06-08,13.129115225932482
2002-06-09,13.129141361967976
2002-06-10,13.12916766484427
2002-06-11,13.12919413456136
2002-06-12,13.129220771119245
2002-06-13,13.12924757451793
2002-06-14,13.129274544757413
2002-06-15,13.12930168183769
2002-06-16,13.129328985758766
2002-06-17,13.12935645652064
2002-06-18,13.12938409412331
2002-06-19,13.12941189856678
2002-06-20,13.129439869851042
2002-06-21,13.129468007976108
2002-06-22,13.129496312941964
2002-06-23,13.129524784748625
2002-06-24,13.129553423396077
2002-06-25,13.129582228884331
2002-06-26,13.12961120121338
2002-06-27,13.12964034038323
2002-06-28,13.12966964639387
2002-06-29,13.129699119245313
2002-06-30,13.129728758937551
2002-07-01,13.129758565470588
2002-07-02,13.129788538844421
2002-07-03,13.129818679059051
2002-07-04,13.129848986114478
2002-07-05,13.129879460010704
2002-07-06,13.129910100747727
2002-07-07,13.12994090832555
2002-07-08,13.129971882744162
2002-07-09,13.130003024003578
2002-07-10,13.130034332103792
2002-07-11,13.1300658070448
2002-07-12,13.130097448826604
2002-07-13,13.130129257449209
2002-07-14,13.13016123291261
2002-07-15,13.130193375216807
2002-07-16,13.130225684361804
2002-07-17,13.130258160347598
2002-07-18,13.130290803174187
2002-07-19,13.130323612841577
2002-07-20,13.130356589349763
2002-07-21,13.130389732698744
2002-07-22,13.130423042888523
2002-07-23,13.1304565199191
2002-07-24,13.130490163790476
2002-07-25,13.130523974502648
2002-07-26,13.130557952055616
2002-07-27,13.130592096449382
2002-07-28,13.130626407683945
2002-07-29,13.130660885759305
2002-07-30,13.130695530675466
2002-07-31,13.130730342432418
2002-08-01,13.130765321030172
2002-08-02,13.130800466468724
2002-08-03,13.130835778748068
2002-08-04,13.130871257868215
2002-08-05,13.130906903829157
2002-08-06,13.130942716630898
2002-08-07,13.130978696273433
2002-08-08,13.13101484275677
2002-08-09,13.131051156080899
2002-08-10,13.131087636245827
2002-08-11,13.131124283251552
2002-08-12,13.131161097098078
2002-08-13,13.131198077785399
2002-08-14,13.131235225313514
2002-08-15,13.131272539682431
2002-08-16,13.131310020892144
2002-08-17,13.131347138315043
2002-08-18,13.13138336132352
2002-08-19,13.131418689917576
2002-08-20,13.13145312409721
2002-08-21,13.131486663862418
2002-08-22,13.131519309213205
2002-08-23,13.131551060149569
2002-08-24,13.13158191667151
2002-08-25,13.131611878779033
2002-08-26,13.13164094647213
2002-08-27,13.131669119750804
2002-08-28,13.131696398615055
2002-08-29,13.131722783064886
2002-08-30,13.131748273100296
2002-08-31,13.131772868721278
2002-09-01,13.131796569927841
2002-09-02,13.131819376719982
2002-09-03,13.131841289097697
2002-09-04,13.131862307060992
2002-09-05,13.131882430609863
2002-09-06,13.131901659744313
2002-09-07,13.13191999446434
2002-09-08,13.131937434769945
2002-09-09,13.131953980661127
2002-09-10,13.131969632137885
2002-09-11,13.131984389200223
2002-09-12,13.131998251848136
2002-09-13,13.132011220081626
2002-09-14,13.132023293900698
2002-09-15,13.132034473305344
2002-09-16,13.132044758295567
2002-09-17,13.13205414887137
2002-09-18,13.13206264503275
2002-09-19,13.132070246779705
2002-09-20,13.13207695411224
2002-09-21,13.13208276703035
2002-09-22,13.132087685534039
2002-09-23,13.132091709623305
2002-09-24,13.132094839298148
2002-09-25,13.132097074558573
2002-09-26,13.13209841540457
2002-09-27,13.132098861836145
2002-09-28,13.132098413853301
2002-09-29,13.132097071456032
2002-09-30,13.132094834644338
2002-10-01,13.132091703418226
2002-10-02,13.132087677777692
2002-10-03,13.132082757722731
2002-10-04,13.13207694325335
2002-10-05,13.132070234369547
2002-10-06,13.132062631071317
2002-10-07,13.132054133358672
2002-10-08,13.132044741231597
2002-10-09,13.132034454690103
2002-10-10,13.132023273734186
2002-10-11,13.132011198363848
2002-10-12,13.131998228579087
2002-10-13,13.131984364379903
2002-10-14,13.131969605766297
2002-10-15,13.131953952738266
2002-10-16,13.131937405295815
2002-10-17,13.131919963438943
2002-10-18,13.131901627167645
2002-10-19,13.131882396481924
2002-10-20,13.131862271381781
2002-10-21,13.131841251867218
2002-10-22,13.13181933793823
2002-10-23,13.131796529594823
2002-10-24,13.13177282683699
2002-10-25,13.131748229664735
2002-10-26,13.131722738078057
2002-10-27,13.131696352076958
2002-10-28,13.131669071661436
2002-10-29,13.131640896831488
2002-10-30,13.131611827587122
2002-10-31,13.131581863928336
2002-11-01,13.131551005855123
2002-11-02,13.131519253367486
2002-11-03,13.13148660646543
2002-11-04,13.13145306514895
2002-11-05,13.131418629418047
2002-11-06,13.131383299272722
2002-11-07,13.131347074712973
2002-11-08,13.131309955738805
2002-11-09,13.131271942350212
2002-11-10,13.131233034547197
2002-11-11,13.13119323232976
2002-11-12,13.131152535697899
2002-11-13,13.131110944651617
2002-11-14,13.131068459190912
2002-11-15,13.131025079315783
2002-11-16,13.130980805026233
2002-11-17,13.130937036963921
2002-11-18,13.130895175770508
2002-11-19,13.130855221445994
2002-11-20,13.130817173990382
2002-11-21,13.130781033403663
2002-11-22,13.13074679968585
2002-11-23,13.130714472836933
2002-11-24,13.130684052856916
2002-11-25,13.1306555397458
2002-11-26,13.13062893350358
2002-11-27,13.130604234130262
2002-11-28,13.130581441625843
2002-11-29,13.130560555990323
2002-11-30,13.130541577223703
2002-12-01,13.13052450532598
2002-12-02,13.130509340297156
2002-12-03,13.130496082137233
2002-12-04,13.130484730846213
2002-12-05,13.130475286424087
2002-12-06,13.13046774887086
2002-12-07,13.130462118186534
2002-12-08,13.130458394371106
2002-12-09,13.130456577424582
2002-12-10,13.130456667346955
2002-12-11,13.130458664138223
2002-12-12,13.130462567798393
2002-12-13,13.130468378327464
2002-12-14,13.130476095725433
2002-12-15,13.1304857199923
2002-12-16,13.13049725112807
2002-12-17,13.130510689132738
2002-12-18,13.130526034006305
2002-12-19,13.130543285748766
2002-12-20,13.130562444360132
2002-12-21,13.130583509840399
2002-12-22,13.13060648218956
2002-12-23,13.130631361407623
2002-12-24,13.130658147494586
2002-12-25,13.130686840450444
2002-12-26,13.130717440275209
2002-12-27,13.13074994696887
2002-12-28,13.130784360531425
2002-12-29,13.130820680962886
2002-12-30,13.130858908263244
2002-12-31,13.1308990424325
2003-01-01,13.130941083470656
2003-01-02,13.130985031377714
2003-01-03,13.131030886153665
2003-01-04,13.13107864779852
2003-01-05,13.131128316312278
2003-01-06,13.131179891694929
2003-01-07,13.13123337394648
2003-01-08,13.131288763066932
2003-01-09,13.131346059056284
2003-01-10,13.131405261914532
2003-01-11,13.131466371641682
2003-01-12,13.13152938823773
2003-01-13,13.131594311702678
2003-01-14,13.131661142036524
2003-01-15,13.131729879239273
2003-01-16,13.131800523310918
2003-01-17,13.131873074251464
2003-01-18,13.131947532060908
2003-01-19,13.132023896739252
2003-01-20,13.132102168286496
2003-01-21,13.132182346702638
2003-01-22,13.132264431987682
2003-01-23,13.13234842414162
2003-01-24,13.13243432316446
2003-01-25,13.1325221290562
2003-01-26,13.13261184181684
2003-01-27,13.13270346144638
2003-01-28,13.132796987944815
2003-01-29,13.132892421312153
2003-01-30,13.132989761548387
2003-01-31,13.133089008653522
2003-02-01,13.133190162627558
2003-02-02,13.13329322347049
2003-02-03,13.133398191182325
2003-02-04,13.133505065763059
2003-02-05,13.13361384721269
2003-02-06,13.133724535531222
2003-02-07,13.133837130718653
2003-02-08,13.133951632774979
2003-02-09,13.13406804170021
2003-02-10,13.13418635749434
2003-02-11,13.134306580157368
2003-02-12,13.134428709689292
2003-02-13,13.134552746090119
2003-02-14,13.134678689359845
2003-02-15,13.134806539498467
2003-02-16,13.134934629811637
2003-02-17,13.135061293605002
2003-02-18,13.135186530878551
2003-02-19,13.135310341632296
2003-02-20,13.13543272586623
2003-02-21,13.135553683580353
2003-02-22,13.135673214774668
2003-02-23,13.13579131944918
2003-02-24,13.135907997603878
2003-02-25,13.136023249238765
2003-02-26,13.136137074353845
2003-02-27,13.136249472949117
2003-02-28,13.13636044502458
2003-03-01,13.136469990580235
2003-03-02,13.13657810961608
2003-03-03,13.136684802132118
2003-03-04,13.136790068128347
2003-03-05,13.13689390760476
2003-03-06,13.136996320561371
2003-03-07,13.137097306998172
2003-03-08,13.137196866915163
2003-03-09,13.137295000312346
2003-03-10,13.13739170718972
2003-03-11,13.137486987547282
2003-03-12,13.137580841385041
2003-03-13,13.137673268702983
2003-03-14,13.137764269501123
2003-03-15,13.137853843779451
2003-03-16,13.137941991537973
2003-03-17,13.138028712776679
2003-03-18,13.138114007495584
2003-03-19,13.138197875694676
2003-03-20,13.138280317373962
2003-03-21,13.138361332533435
2003-03-22,13.138440921173103
2003-03-23,13.138519083292959
2003-03-24,13.138595818893009
2003-03-25,13.138671127973247
2003-03-26,13.138745010533679
2003-03-27,13.138817466574299
2003-03-28,13.138888496095113
2003-03-29,13.138958099096115
2003-03-30,13.139026275577312
2003-03-31,13.139093025538696
2003-04-01,13.139158348980272
2003-04-02,13.139222245902044
2003-04-03,13.139284716304001
2003-04-04,13.13934576018615
2003-04-05,13.13940537754849
2003-04-06,13.139463568391026
2003-04-07,13.139520332713746
2003-04-08,13.13957567051666
2003-04-09,13.139629581799767
2003-04-10,13.139682066563061
2003-04-11,13.139733124806552
2003-04-12,13.139782756530229
2003-04-13,13.139830961734098
2003-04-14,13.139877740418159
2003-04-15,13.139923092582412
2003-04-16,13.139967018226852
2003-04-17,13.140009517351487
2003-04-18,13.140050589956312
2003-04-19,13.140090236041328
2003-04-20,13.140128455606536
2003-04-21,13.140165248651934
2003-04-22,13.140200615177521
2003-04-23,13.140234555183305
2003-04-24,13.140267068669274
2003-04-25,13.140298155635435
2003-04-26,13.14032781608179
2003-04-27,13.140356050008336
2003-04-28,13.140382857415071
2003-04-29,13.140408238301998
2003-04-30,13.140432192669117
2003-05-01,13.140454720516425
2003-05-02,13.140475821843925
2003-05-03,13.140495496651615
2003-05-04,13.140513744939499
2003-05-05,13.140530566707572
2003-05-06,13.140545961955834
2003-05-07,13.14055993068429
2003-05-08,13.140572472892938
2003-05-09,13.140583588581773
2003-05-10,13.140593277750803
2003-05-11,13.140601540400022
2003-05-12,13.140608376529432
2003-05-13,13.140613786139035
2003-05-14,13.140617769228825
2003-05-15,13.14062032579881
2003-05-16,13.140621455848986
2003-05-17,13.14062151250533
2003-05-18,13.140622614523693
2003-05-19,13.140625115030055
2003-05-20,13.140629014024416
2003-05-21,13.140634311506775
2003-05-22,13.140641007477132
2003-05-23,13.140649101935486
2003-05-24,13.140658594881844
2003-05-25,13.14066948631619
2003-05-26,13.140681776238543
2003-05-27,13.140695464648893
2003-05-28,13.140710551547238
2003-05-29,13.140727036933582
2003-05-30,13.140744920807927
2003-05-31,13.140764203170267
2003-06-01,13.140784884020608
2003-06-02,13.140806963358946
2003-06-03,13.14083044118528
2003-06-04,13.140855317499614
2003-06-05,13.14088159230195
2003-06-06,13.140909265592278
2003-06-07,13.140938337370608
2003-06-08,13.140968807636936
2003-06-09,13.14100067639126
2003-06-10,13.141033943633586
2003-06-11,13.14106860936391
2003-06-12,13.141104673582227
2003-06-13,13.141142136288545
2003-06-14,13.141180997482863
2003-06-15,13.141221257165178
2003-06-16,13.14126291533549
2003-06-17,13.141305971993804
2003-06-18,13.141350427140114
2003-06-19,13.141396280774423
2003-06-20,13.141443532896727
2003-06-21,13.141492183507033
2003-06-22,13.141542232605333
2003-06-23,13.141593680191637
2003-06-24,13.141646526265937
2003-06-25,13.141700770828232
2003-06-26,13.141756413878529
2003-06-27,13.141813455416823
2003-06-28,13.141871895443117
2003-06-29,13.141931733957405
2003-06-30,13.141992970959695
2003-07-01,13.142055606449984
2003-07-02,13.142119640428266
2003-07-03,13.142185072894552
2003-07-04,13.142251903848832
2003-07-05,13.142320133291113
2003-07-06,13.142389761221391
2003-07-07,13.142460787639669
2003-07-08,13.142533212545942
2003-07-09,13.142607035940216
2003-07-10,13.142682257822488
2003-07-11,13.142758878192756
2003-07-12,13.142836897051023
2003-07-13,13.14291631439729
2003-07-14,13.142997130231553
2003-07-15,13.143079344553817
2003-07-16,13.14316295736408
2003-07-17,13.143247968662337
2003-07-18,13.143334378448595
2003-07-19,13.143422186722852
2003-07-20,13.143511393485106
2003-07-21,13.143601998735356
2003-07-22,13.143694002473607
2003-07-23,13.143787404699857
2003-07-24,13.143882205414103
2003-07-25,13.14397840461635
2003-07-26,13.14407600230659
2003-07-27,13.144174998484832
2003-07-28,13.144275393151073
2003-07-29,13.14437718630531
2003-07-30,13.144480377947549
2003-07-31,13.14458496807778
2003-08-01,13.144690956696014
2003-08-02,13.144798343802247
2003-08-03,13.144907129396472
2003-08-04,13.145017313478704
2003-08-05,13.145128896048929
2003-08-06,13.145241877107152
2003-08-07,13.145356256653374
2003-08-08,13.145472034687597
2003-08-09,13.145589211209813
2003-08-10,13.145707786220031
2003-08-11,13.145827759718244
2003-08-12,13.145949131704462
2003-08-13,13.146071902178672
2003-08-14,13.146196071140881
2003-08-15,13.14632163859109
2003-08-16,13.146448604529297
2003-08-17,13.146576173719003
2003-08-18,13.146703550923716
2003-08-19,13.146830736143434
2003-08-20,13.146957729378155
2003-08-21,13.147084530627884
2003-08-22,13.147211139892612
2003-08-23,13.147337557172351
2003-08-24,13.14746378246709
2003-08-25,13.147589815776838
2003-08-26,13.147715657101587
2003-08-27,13.147841306441341
2003-08-28,13.1479667637961
2003-08-29,13.148092029165865
2003-08-30,13.148217102550634
2003-08-31,13.148341983950406
2003-09-01,13.148466673365185
2003-09-02,13.148591170794967
2003-09-03,13.148715476239754
2003-09-04,13.148839589699548
2003-09-05,13.148963511174344
2003-09-06,13.149087240664144
2003-09-07,13.149210778168952
2003-09-08,13.149334123688762
2003-09-09,13.149457277223577
2003-09-10,13.149580238773396
2003-09-11,13.149703008338223
2003-09-12,13.149825585918054
2003-09-13,13.149947971512885
2003-09-14,13.150070165122722
2003-09-15,13.150192166747567
2003-09-16,13.150313976387418
2003-09-17,13.150435594042268
2003-09-18,13.150557019712126
2003-09-19,13.150678253396986
2003-09-20,13.150799295096855
2003-09-21,13.150920144811726
2003-09-22,13.1510408025416
2003-09-23,13.151161268286483
2003-09-24,13.151281542046368
2003-09-25,13.15140162382126
2003-09-26,13.151521513611153
2003-09-27,13.15164121141605
2003-09-28,13.151760717235955
2003-09-29,13.151880031070865
2003-09-30,13.151999152920778
2003-10-01,13.152118082785696
2003-10-02,13.15223682066562
2003-10-03,13.152355366560545
2003-10-04,13.152473720470477
2003-10-05,13.152591882395415
2003-10-06,13.152709852335356
2003-10-07,13.152827630290302
2003-10-08,13.152945216260253
2003-10-09,13.15306261024521
2003-10-10,13.153179812245167
2003-10-11,13.153296822260135
2003-10-12,13.153413640290104
2003-10-13,13.153530266335077
2003-10-14,13.153646700395056
2003-10-15,13.153762942470038
2003-10-16,13.153878992560028
2003-10-17,13.15399485066502
2003-10-18,13.154110516785016
2003-10-19,13.15422599092002
2003-10-20,13.154341273070028
2003-10-21,13.154456363235038
2003-10-22,13.154571261415054
2003-10-23,13.154685967610074
2003-10-24,13.1548004818201
2003-10-25,13.15491480404513
2003-10-26,13.155028934285165
2003-10-27,13.155142872540205
2003-10-28,13.155256618810249
2003-10-29,13.155370173095296
2003-10-30,13.155483535395351
2003-10-31,13.155596705710408
2003-11-01,13.15570968404047
2003-11-02,13.15582247038554
2003-11-03,13.15593506474561
2003-11-04,13.156047467120688
2003-11-05,13.156159677510768
2003-11-06,13.156271695915855
2003-11-07,13.156383522335947
2003-11-08,13.15649515677104
2003-11-09,13.156606599221142
2003-11-10,13.156717849686245
2003-11-11,13.156828908166355
2003-11-12,13.15693977466147
2003-11-13,13.157050449171589
2003-11-14,13.157160931696712
2003-11-15,13.157271222236838
2003-11-16,13.157381320791973
2003-11-17,13.157490470644387
2003-11-18,13.15759791507636
2003-11-19,13.15770365408789
2003-11-20,13.15780768767898
2003-11-21,13.157910015849623
2003-11-22,13.158010638599828
2003-11-23,13.158109555929592
2003-11-24,13.158206767838912
2003-11-25,13.15830227432779
2003-11-26,13.158396075396228
2003-11-27,13.158488171044224
2003-11-28,13.158578561271776
2003-11-29,13.158667246078888
2003-11-30,13.158754225465557
2003-12-01,13.158839499431787
2003-12-02,13.158923067977568
2003-12-03,13.159004931102917
2003-12-04,13.159085088807819
2003-12-05,13.159163541092276
2003-12-06,13.159240287956298
2003-12-07,13.159315329399874
2003-12-08,13.159388665423007
2003-12-09,13.1594602960257
2003-12-10,13.15953022120795
2003-12-11,13.159598440969756
2003-12-12,13.159664955311122
2003-12-13,13.15972976423205
2003-12-14,13.159792867732532
2003-12-15,13.159854265812573
2003-12-16,13.159913958472174
2003-12-17,13.159971945711332
2003-12-18,13.160028227530047
2003-12-19,13.16008280392832
2003-12-20,13.16013567490615
2003-12-21,13.16018684046354
2003-12-22,13.160236300600488
2003-12-23,13.160284055316994
2003-12-24,13.16033010461306
2003-12-25,13.160374448488682
2003-12-26,13.16041708694386
2003-12-27,13.160458019978599
2003-12-28,13.160497247592895
2003-12-29,13.16053476978675
2003-12-30,13.160570586560164
2003-12-31,13.160604697913136
2004-01-01,13.160637103845662
2004-01-02,13.160667804357749
2004-01-03,13.160696799449394
2004-01-04,13.160724089120597
2004-01-05,13.16074967337136
2004-01-06,13.160773552201679
2004-01-07,13.160795725611555
2004-01-08,13.16081619360099
2004-01-09,13.160834956169985
2004-01-10,13.160852013318536
2004-01-11,13.160867365046649
2004-01-12,13.160881011354315
2004-01-13,13.16089295224154
2004-01-14,13.160903187708326
2004-01-15,13.16091171775467
2004-01-16,13.160918542380568
2004-01-17,13.160923661586025
2004-01-18,13.160927075371045
2004-01-19,13.160928783735619
2004-01-20,13.16092878667975
2004-01-21,13.160927084203442
2004-01-22,13.160923676306691
2004-01-23,13.1609185629895
2004-01-24,13.160911744251864
2004-01-25,13.160903220093788
2004-01-26,13.160892990515269
2004-01-27,13.16088105551631
2004-01-28,13.16086741509691
2004-01-29,13.160852069257063
2004-01-30,13.160835017996776
2004-01-31,13.160816261316048
2004-02-01,13.160795799214878
2004-02-02,13.160773631693266
2004-02-03,13.160749758751212
2004-02-04,13.160724180388717
2004-02-05,13.16069689660578
2004-02-06,13.160667907402402
2004-02-07,13.160637212778582
2004-02-08,13.160604812734316
2004-02-09,13.16057070726961
2004-02-10,13.160534896384464
2004-02-11,13.160497380078874
2004-02-12,13.160458158352846
2004-02-13,13.16041723120637
2004-02-14,13.160374598639457
2004-02-15,13.160330260652099
2004-02-16,13.160284635109269
2004-02-17,13.160240229200783
2004-02-18,13.160197460791611
2004-02-19,13.160156329881751
2004-02-20,13.1601168364712
2004-02-21,13.16007898055996
2004-02-22,13.160042762148034
2004-02-23,13.160008181235419
2004-02-24,13.159975237822119
2004-02-25,13.15994393190813
2004-02-26,13.159914263493448
2004-02-27,13.159886232578087
2004-02-28,13.159859839162033
2004-02-29,13.159835083245287
2004-03-01,13.159811964827858
2004-03-02,13.159790483909742
2004-03-03,13.159770640490935
2004-03-04,13.159752434571441
2004-03-05,13.159735866151259
2004-03-06,13.159720935230391
2004-03-07,13.159707641808833
2004-03-08,13.159695985886588
2004-03-09,13.159685967463654
2004-03-10,13.159677586540033
2004-03-11,13.15967084311572
2004-03-12,13.159665737190727
2004-03-13,13.159662268765041
2004-03-14,13.159660437838664
2004-03-15,13.159660244411603
2004-03-16,13.159661688483856
2004-03-17,13.159664770055416
2004-03-18,13.15966948912629
2004-03-19,13.159675845696478
2004-03-20,13.159683839765977
2004-03-21,13.159693471334789
2004-03-22,13.159704740402912
2004-03-23,13.159717646970348
2004-03-24,13.159732191037094
2004-03-25,13.15974837260315
2004-03-26,13.159766191668524
2004-03-27,13.159785648233207
2004-03-28,13.159806742297201
2004-03-29,13.15982947386051
2004-03-30,13.159853842923129
2004-03-31,13.159879849485058
2004-04-01,13.1599074935463
2004-04-02,13.159936775106857
2004-04-03,13.159967694166726
2004-04-04,13.160000250725904
2004-04-05,13.160034444784394
2004-04-06,13.1600702763422
2004-04-07,13.160107745399316
2004-04-08,13.160146851955739
2004-04-09,13.160187596011482
2004-04-10,13.160229977566532
2004-04-11,13.160273996620894
2004-04-12,13.160319653174572
2004-04-13,13.160366947227558
2004-04-14,13.160415878779856
2004-04-15,13.160466447831471
2004-04-16,13.160518654382392
2004-04-17,13.16057249843263
2004-04-18,13.160627979982177
2004-04-19,13.160685099031035
2004-04-20,13.16074385557921
2004-04-21,13.160804249626693
2004-04-22,13.160866281173485
2004-04-23,13.160929950219597
2004-04-24,13.160995256765018
2004-04-25,13.161062200809749
2004-04-26,13.16113078235379
2004-04-27,13.161201001397147
2004-04-28,13.161272857939817
2004-04-29,13.161346351981795
2004-04-30,13.161421483523087
2004-05-01,13.161498252563693
2004-05-02,13.16157665910361
2004-05-03,13.161656703142835
2004-05-04,13.161738384681382
2004-05-05,13.16182170371923
2004-05-06,13.161906660256394
2004-05-07,13.16199325429287
2004-05-08,13.162081485828661
2004-05-09,13.162171354863759
2004-05-10,13.162262861398172
2004-05-11,13.162356005431896
2004-05-12,13.162450786964932
2004-05-13,13.162547205997281
2004-05-14,13.162645262528942
2004-05-15,13.162744956559912
2004-05-16,13.162846288090197
2004-05-17,13.1629487929612
2004-05-18,13.16304968622135
2004-05-19,13.163148503712048
2004-05-20,13.163245245433304
2004-05-21,13.163339911385105
2004-05-22,13.163432501567463
2004-05-23,13.16352301598037
2004-05-24,13.163611454623831
2004-05-25,13.163697817497841
2004-05-26,13.163782104602403
2004-05-27,13.163864315937518
2004-05-28,13.163944451503184
2004-05-29,13.164022511299402
2004-05-30,13.164098495326172
2004-05-31,13.164172403583493
2004-06-01,13.164244236071369
2004-06-02,13.164313992789793
2004-06-03,13.164381673738772
2004-06-04,13.164447278918301
2004-06-05,13.16451080832838
2004-06-06,13.164572261969012
2004-06-07,13.164631639840197
2004-06-08,13.164688941941934
2004-06-09,13.164744168274222
2004-06-10,13.16479731883706
2004-06-11,13.164848393630454
2004-06-12,13.164897392654396
2004-06-13,13.164944315908892
2004-06-14,13.164989163393939
2004-06-15,13.165031935109537
2004-06-16,13.165072631055688
2004-06-17,13.165111251232391
2004-06-18,13.165147795639644
2004-06-19,13.165182264277448
2004-06-20,13.165214657145805
2004-06-21,13.165244974244718
2004-06-22,13.165273215574178
2004-06-23,13.16529938113419
2004-06-24,13.165323470924756
2004-06-25,13.165345484945874
2004-06-26,13.16536542319754
2004-06-27,13.165383285679763
2004-06-28,13.165399072392534
2004-06-29,13.165412783335857
2004-06-30,13.165424418509733
2004-07-01,13.16543397791416
2004-07-02,13.16544146154914
2004-07-03,13.165446869414673
2004-07-04,13.165450201510755
2004-07-05,13.165451457837388
2004-07-06,13.165450638394574
2004-07-07,13.165447743182314
2004-07-08,13.165442772200603
2004-07-09,13.165435725449447
2004-07-10,13.16542660292884
2004-07-11,13.165415404638784
2004-07-12,13.165402130579281
2004-07-13,13.165386780750332
2004-07-14,13.165369355151933
2004-07-15,13.165349853784086
2004-07-16,13.16532827664679
2004-07-17,13.165304623740049
2004-07-18,13.165278895063853
2004-07-19,13.165251090618211
2004-07-20,13.165221210403125
2004-07-21,13.165189254418586
2004-07-22,13.165155222664602
2004-07-23,13.16511911514117
2004-07-24,13.165080931848289
2004-07-25,13.16504067278596
2004-07-26,13.164998337954184
2004-07-27,13.164953927352958
2004-07-28,13.164907440982283
2004-07-29,13.16485887884216
2004-07-30,13.16480824093259
2004-07-31,13.164755527253568
2004-08-01,13.164700737805106
2004-08-02,13.164643872587188
2004-08-03,13.164584931599826
2004-08-04,13.164523914843016
2004-08-05,13.164460822316755
2004-08-06,13.164395654021046
2004-08-07,13.16432840995589
2004-08-08,13.164259090121288
2004-08-09,13.164187694517235
2004-08-10,13.164114223143734
2004-08-11,13.164038676000782
2004-08-12,13.16396105308839
2004-08-13,13.163881354406541
2004-08-14,13.16379957995525
2004-08-15,13.163715729734509
2004-08-16,13.163629803744318
2004-08-17,13.163543778237134
2004-08-18,13.163459629465413
2004-08-19,13.163377357429153
2004-08-20,13.163296962128356
2004-08-21,13.163218443563018
2004-08-22,13.163141801733143
2004-08-23,13.163067036638731
2004-08-24,13.162994148279779
2004-08-25,13.162923136656293
2004-08-26,13.162854001768261
2004-08-27,13.162786743615698
2004-08-28,13.162721362198594
2004-08-29,13.162657857516951
2004-08-30,13.16259622957077
2004-08-31,13.162536478360051
2004-09-01,13.162478603884797
2004-09-02,13.162422606144997
2004-09-03,13.162368485140663
2004-09-04,13.162316240871794
2004-09-05,13.16226587333838
2004-09-06,13.162217382540433
2004-09-07,13.162170768477946
2004-09-08,13.162126031150924
2004-09-09,13.162083170559358
2004-09-10,13.162042186703255
2004-09-11,13.162003079582615
2004-09-12,13.161965849197435
2004-09-13,13.161930495547718
2004-09-14,13.161897018633464
2004-09-15,13.161865418454674
2004-09-16,13.16183569501134
2004-09-17,13.16180784830347
2004-09-18,13.161781878331066
2004-09-19,13.161757785094117
2004-09-20,13.161735568592633
2004-09-21,13.16171522882661
2004-09-22,13.161696765796046
2004-09-23,13.161680179500948
2004-09-24,13.161665469941308
2004-09-25,13.161652637117134
2004-09-26,13.161641681028417
2004-09-27,13.161632601675166
2004-09-28,13.161625399057376
2004-09-29,13.161620073175047
2004-09-30,13.161616624028177
2004-10-01,13.161615051616772
2004-10-02,13.16161535594083
2004-10-03,13.161617537000348
2004-10-04,13.161621594795328
2004-10-05,13.161627529325768
2004-10-06,13.161635340591669
2004-10-07,13.161645028593036
2004-10-08,13.16165659332986
2004-10-09,13.16167003480215
2004-10-10,13.161685353009899
2004-10-11,13.16170254795311
2004-10-12,13.161721619631786
2004-10-13,13.161742568045918
2004-10-14,13.161765393195516
2004-10-15,13.161790095080573
2004-10-16,13.161816673701093
2004-10-17,13.161845129057076
2004-10-18,13.16187546114852
2004-10-19,13.161907669975422
2004-10-20,13.161941755537788
2004-10-21,13.16197771783562
2004-10-22,13.16201555686891
2004-10-23,13.162055272637662
2004-10-24,13.162096865141876
2004-10-25,13.162140334381553
2004-10-26,13.16218568035669
2004-10-27,13.162232903067288
2004-10-28,13.162282002513349
2004-10-29,13.16233297869487
2004-10-30,13.162385831611854
2004-10-31,13.162440561264301
2004-11-01,13.162497167652207
2004-11-02,13.162555650775577
2004-11-03,13.162616010634405
2004-11-04,13.162678247228701
2004-11-05,13.162742360558454
2004-11-06,13.16280835062367
2004-11-07,13.162876217424348
2004-11-08,13.162945960960489
2004-11-09,13.16301758123209
2004-11-10,13.163091078239152
2004-11-11,13.163166451981677
2004-11-12,13.163243702459663
2004-11-13,13.163322829673113
2004-11-14,13.163403833622022
2004-11-15,13.163486714306394
2004-11-16,13.163571471726227
2004-11-17,13.163657296382446
2004-11-18,13.16374337877598
2004-11-19,13.163829718906825
2004-11-20,13.163916316774984
2004-11-21,13.164003172380452
2004-11-22,13.164090285723239
2004-11-23,13.164177656803332
2004-11-24,13.164265285620738
2004-11-25,13.164353172175462
2004-11-26,13.164441316467494
2004-11-27,13.164529718496842
2004-11-28,13.164618378263498
2004-11-29,13.16470729576747
2004-11-30,13.164796471008753
2004-12-01,13.164885903987352
2004-12-02,13.164975594703256
2004-12-03,13.16506554315648
2004-12-04,13.165155749347015
2004-12-05,13.165246213274859
2004-12-06,13.165336934940017
2004-12-07,13.16542791434249
2004-12-08,13.165519151482272
2004-12-09,13.16561064635937
2004-12-10,13.16570239897378
2004-12-11,13.1657944093255
2004-12-12,13.165886677414534
2004-12-13,13.16597920324088
2004-12-14,13.16607198680454
2004-12-15,13.166165028105512
2004-12-16,13.166258327143794
2004-12-17,13.166351883919392
2004-12-18,13.166445698432304
2004-12-19,13.166539770682522
2004-12-20,13.166634100670056
2004-12-21,13.166728688394905
2004-12-22,13.166823533857063
2004-12-23,13.166918637056535
2004-12-24,13.16701399799332
2004-12-25,13.167109616667416
2004-12-26,13.167205493078828
2004-12-27,13.167301627227552
2004-12-28,13.167398019113582
2004-12-29,13.167494668736932
2004-12-30,13.167591576097589
2004-12-31,13.167688741195562
2005-01-01,13.167786164030847
2005-01-02,13.167883844603445
2005-01-03,13.167981782913353
2005-01-04,13.168079978960577
2005-01-05,13.168178432745112
2005-01-06,13.16827714426696
2005-01-07,13.168376113526122
2005-01-08,13.168475340522594
2005-01-09,13.168574825256377
2005-01-10,13.168674567727475
2005-01-11,13.168774567935886
2005-01-12,13.168874825881606
2005-01-13,13.168975341564643
2005-01-14,13.16907611498499
2005-01-15,13.169177146142653
2005-01-16,13.169278435037624
2005-01-17,13.169379981669909
2005-01-18,13.169481786039507
2005-01-19,13.169583848146418
2005-01-20,13.169686167990642
2005-01-21,13.169788745572177
2005-01-22,13.169891580891026
2005-01-23,13.169994673947183
2005-01-24,13.17009802474066
2005-01-25,13.170201633271446
2005-01-26,13.170305499539543
2005-01-27,13.170409623544955
2005-01-28,13.170514005287679
2005-01-29,13.170618644767714
2005-01-30,13.170723541985062
2005-01-31,13.170828696939724
2005-02-01,13.170934109631698
2005-02-02,13.171039780060983
2005-02-03,13.171145708227584
2005-02-04,13.171251894131494
2005-02-05,13.171358337772716
2005-02-06,13.171465039151254
2005-02-07,13.171571998267105
2005-02-08,13.171679215120264
2005-02-09,13.17178668971074
2005-02-10,13.171894422038525
2005-02-11,13.172002412103623
2005-02-12,13.172110659906034
2005-02-13,13.172219165445757
2005-02-14,13.172327928722797
2005-02-15,13.172436949737143
2005-02-16,13.172546101161805
2005-02-17,13.172655255669786
2005-02-18,13.172764413261076
2005-02-19,13.172873573935684
2005-02-20,13.172982737693605
2005-02-21,13.17309190453484
2005-02-22,13.173201074459392
2005-02-23,13.17331024746726
2005-02-24,13.17341942355844
2005-02-25,13.173528602732937
2005-02-26,13.173637784990746
2005-02-27,13.173746970331871
2005-02-28,13.17385615875631
2005-03-01,13.173965350264064
2005-03-02,13.174074544855133
2005-03-03,13.174183742529518
2005-03-04,13.174292943287218
2005-03-05,13.174402147128228
2005-03-06,13.174511354052557
2005-03-07,13.174620564060199
2005-03-08,13.174729777151157
2005-03-09,13.17483899332543
2005-03-10,13.174948212583017
2005-03-11,13.175057434923918
2005-03-12,13.175166660348136
2005-03-13,13.175275888855664
2005-03-14,13.175385120446512
2005-03-15,13.175494355120673
2005-03-16,13.175603592878149
2005-03-17,13.175712833718936
2005-03-18,13.17582207764304
2005-03-19,13.175931324650461
2005-03-20,13.176040574741195
2005-03-21,13.176149827915243
2005-03-22,13.17625908417261
2005-03-23,13.176368343513285
2005-03-24,13.176477605937281
2005-03-25,13.176586871444588
2005-03-26,13.17669614003521
2005-03-27,13.176805411709147
2005-03-28,13.1769146864664
2005-03-29,13.177023964306967
2005-03-30,13.177133245230849
2005-03-31,13.177242529238043
2005-04-01,13.177351816328557
2005-04-02,13.177461106502383
2005-04-03,13.17757039975952
2005-04-04,13.177679696099977
2005-04-05,13.177788995523747
2005-04-06,13.177898298030833
2005-04-07,13.178007603621229
2005-04-08,13.178116912294943
2005-04-09,13.178226224051972
2005-04-10,13.178335538892318
2005-04-11,13.178444856815975
2005-04-12,13.178554177822946
2005-04-13,13.178663501913235
2005-04-14,13.178772829086839
2005-04-15,13.178882159343758
2005-04-16,13.178991492683984
2005-04-17,13.179100829107531
2005-04-18,13.179210168614395
2005-04-19,13.179319511204572
2005-04-20,13.179428856878062
2005-04-21,13.179538205634865
2005-04-22,13.179647557474986
2005-04-23,13.179756912398423
2005-04-24,13.17986627040517
2005-04-25,13.179975631495235
2005-04-26,13.180084995668615
2005-04-27,13.18019436292531
2005-04-28,13.180303733265319
2005-04-29,13.18041310668864
2005-04-30,13.180522483195283
2005-05-01,13.180631862785233
2005-05-02,13.180741245458501
2005-05-03,13.180850631215083
2005-05-04,13.180960020054982
2005-05-05,13.181069411978193
2005-05-06,13.181178806984718
2005-05-07,13.18128820507456
2005-05-08,13.181397606247717
2005-05-09,13.181507010504188
2005-05-10,13.181616417843973
2005-05-11,13.181725828267073
2005-05-12,13.181835241773488
2005-05-13,13.181944658363218
2005-05-14,13.182054078036261
2005-05-15,13.18216350079262
2005-05-16,13.182272926632294
2005-05-17,13.182382236390353
2005-05-18,13.18249071507722
2005-05-19,13.182598243527963
2005-05-20,13.182704821742583
2005-05-21,13.18281044972108
2005-05-22,13.182915127463454
2005-05-23,13.183018854969706
2005-05-24,13.183121632239835
2005-05-25,13.18322345927384
2005-05-26,13.183324336071722
2005-05-27,13.183424262633482
2005-05-28,13.18352323895912
2005-05-29,13.183621265048632
2005-05-30,13.183718340902026
2005-05-31,13.183814466519294
2005-06-01,13.183909641900438
2005-06-02,13.18400386704546
2005-06-03,13.18409714195436
2005-06-04,13.184189466627137
2005-06-05,13.184280841063792
2005-06-06,13.18437126526432
2005-06-07,13.184460739228731
2005-06-08,13.184549262957015
2005-06-09,13.184636836449178
2005-06-10,13.184723459705218
2005-06-11,13.184809132725134
2005-06-12,13.184893855508925
2005-06-13,13.184977628056597
2005-06-14,13.185060450368146
2005-06-15,13.185142322443573
2005-06-16,13.185223244282874
2005-06-17,13.185303215886055
2005-06-18,13.18538223725311
2005-06-19,13.185460308384044
2005-06-20,13.185537429278854
2005-06-21,13.185613599937541
2005-06-22,13.185688820360104
2005-06-23,13.18576309054655
2005-06-24,13.185836410496867
2005-06-25,13.185908780211063
2005-06-26,13.185980199689137
2005-06-27,13.18605066893109
2005-06-28,13.186120187936917
2005-06-29,13.18618875670662
2005-06-30,13.186256375240202
2005-07-01,13.186323043537664
2005-07-02,13.186388761598998
2005-07-03,13.186453529424211
2005-07-04,13.186517347013302
2005-07-05,13.186580214366268
2005-07-06,13.186642131483115
2005-07-07,13.186703098363838
2005-07-08,13.186763115008436
2005-07-09,13.186822181416911
2005-07-10,13.186880297589264
2005-07-11,13.186937463525494
2005-07-12,13.186993679225601
2005-07-13,13.187048944689586
2005-07-14,13.187103259917446
2005-07-15,13.187156624909186
2005-07-16,13.187209039664804
2005-07-17,13.187260504184296
2005-07-18,13.187311018467666
2005-07-19,13.187360582514914
2005-07-20,13.187409196326039
2005-07-21,13.187456859901038
2005-07-22,13.187503573239919
2005-07-23,13.187549336342673
2005-07-24,13.187594149209307
2005-07-25,13.187638011839818
2005-07-26,13.187680924234204
2005-07-27,13.187722886392468
2005-07-28,13.18776389831461
2005-07-29,13.187803960000629
2005-07-30,13.187843071450525
2005-07-31,13.187881232664296
2005-08-01,13.187918443641946
2005-08-02,13.187954704383472
2005-08-03,13.187990014888875
2005-08-04,13.188024375158157
2005-08-05,13.188057785191319
2005-08-06,13.188090244988352
2005-08-07,13.188121754549265
2005-08-08,13.188152313874056
2005-08-09,13.188181922962722
2005-08-10,13.188210581815266
2005-08-11,13.188238290431686
2005-08-12,13.188265048811985
2005-08-13,13.188290856956161
2005-08-14,13.188315714864212
2005-08-15,13.188339622536143
2005-08-16,13.18836257997195
2005-08-17,13.188384937121274
2005-08-18,13.18840704393377
2005-08-19,13.188428900409425
2005-08-20,13.18845050654825
2005-08-21,13.188471862350234
2005-08-22,13.188492967815383
2005-08-23,13.188513822943701
2005-08-24,13.188534427735183
2005-08-25,13.18855478218983
2005-08-26,13.18857488630764
2005-08-27,13.188594740088613
2005-08-28,13.188614343532755
2005-08-29,13.188633696640057
2005-08-30,13.18865279941053
2005-08-31,13.188671651844164
2005-09-01,13.188690253940965
2005-09-02,13.188708605700924
2005-09-03,13.188726707124054
2005-09-04,13.188744558210347
2005-09-05,13.188762158959804
2005-09-06,13.188779509372427
2005-09-07,13.188796609448216
2005-09-08,13.18881345918717
2005-09-09,13.188830058589284
2005-09-10,13.188846407654566
2005-09-11,13.188862506383014
2005-09-12,13.188878354774623
2005-09-13,13.188893952829401
2005-09-14,13.18890930054734
2005-09-15,13.188924397928448
2005-09-16,13.188939244972717
2005-09-17,13.188953841680153
2005-09-18,13.188968188050755
2005-09-19,13.188982284084517
2005-09-20,13.188996129781447
2005-09-21,13.189009725141542
2005-09-22,13.1890230701648
2005-09-23,13.189036164851224
2005-09-24,13.189049009200811
2005-09-25,13.189061603213567
2005-09-26,13.189073946889483
2005-09-27,13.189086040228565
2005-09-28,13.189097883230813
2005-09-29,13.189109475896226
2005-09-30,13.1891208182248
2005-10-01,13.189131910216544
2005-10-02,13.18914275187145
2005-10-03,13.189153343189522
2005-10-04,13.189163684170758
2005-10-05,13.18917377481516
2005-10-06,13.189183615122722
2005-10-07,13.189193205093455
2005-10-08,13.18920254472735
2005-10-09,13.18921163402441
2005-10-10,13.189220472984633
2005-10-11,13.189229061608021
2005-10-12,13.189237399894578
2005-10-13,13.189245487844294
2005-10-14,13.18925332545718
2005-10-15,13.189260912733229
2005-10-16,13.189268249672441
2005-10-17,13.189275336274818
2005-10-18,13.189282172540363
2005-10-19,13.189288758469068
2005-10-20,13.189295094060938
2005-10-21,13.189301179315978
2005-10-22,13.18930701423418
2005-10-23,13.189312598815548
2005-10-24,13.189317933060078
2005-10-25,13.189323016967771
2005-10-26,13.189327850538632
2005-10-27,13.189332433772657
2005-10-28,13.189336766669848
2005-10-29,13.189340849230202
2005-10-30,13.189344681453724
2005-10-31,13.189348263340406
2005-11-01,13.189351594890256
2005-11-02,13.189354676103271
2005-11-03,13.18935750697945
2005-11-04,13.189360087518793
2005-11-05,13.189362417721298
2005-11-06,13.189364497586975
2005-11-07,13.189366327115811
2005-11-08,13.189367906307815
2005-11-09,13.189369235162982
2005-11-10,13.189370313681312
2005-11-11,13.18937114186281
2005-11-12,13.189371719707472
2005-11-13,13.189372047215297
2005-11-14,13.189372124386288
2005-11-15,13.189371951220446
2005-11-16,13.189371527717766
2005-11-17,13.189371244682638
2005-11-18,13.18937149291945
2005-11-19,13.189372272428205
2005-11-20,13.189373583208901
2005-11-21,13.189375425261531
2005-11-22,13.189377798586113
2005-11-23,13.189380703182625
2005-11-24,13.18938413905108
2005-11-25,13.189388106191478
2005-11-26,13.189392604603814
2005-11-27,13.189397634288094
2005-11-28,13.189403195244308
2005-11-29,13.18940928747247
2005-11-30,13.189415910972565
2005-12-01,13.18942306574461
2005-12-02,13.189430751788585
2005-12-03,13.189438969104506
2005-12-04,13.189447717692365
2005-12-05,13.189456997552165
2005-12-06,13.189466808683909
2005-12-07,13.189477151087589
2005-12-08,13.189488024763211
2005-12-09,13.189499429710773
2005-12-10,13.18951136593028
2005-12-11,13.189523833421717
2005-12-12,13.189536832185102
2005-12-13,13.189550362220427
2005-12-14,13.189564423527692
2005-12-15,13.189579016106897
2005-12-16,13.189594139958041
2005-12-17,13.189609795081127
2005-12-18,13.189625981476155
2005-12-19,13.18964269914312
2005-12-20,13.189659948082026
2005-12-21,13.189677728292878
2005-12-22,13.189696039775662
2005-12-23,13.189714882530392
2005-12-24,13.18973425655706
2005-12-25,13.189754161855667
2005-12-26,13.18977459842622
2005-12-27,13.18979556626871
2005-12-28,13.189817065383139
2005-12-29,13.18983909576951
2005-12-30,13.189861657427821
2005-12-31,13.189884750358074
2006-01-01,13.189908374560265
2006-01-02,13.1899325300344
2006-01-03,13.18995721678047
2006-01-04,13.189982434798482
2006-01-05,13.19000818408844
2006-01-06,13.190034464650331
2006-01-07,13.190061276484167
2006-01-08,13.190088619589941
2006-01-09,13.190116493967658
2006-01-10,13.190144899617312
2006-01-11,13.19017383653891
2006-01-12,13.190203304732446
2006-01-13,13.190233304197923
2006-01-14,13.19026383493534
2006-01-15,13.1902948969447
2006-01-16,13.190326490225996
2006-01-17,13.190358614779235
2006-01-18,13.190391270604415
2006-01-19,13.190424457701534
2006-01-20,13.190458176070596
2006-01-21,13.190492425711595
2006-01-22,13.190527206624536
2006-01-23,13.190562518809417
2006-01-24,13.190598362266238
2006-01-25,13.190634736995001
2006-01-26,13.190671642995703
2006-01-27,13.190709080268348
2006-01-28,13.19074704881293
2006-01-29,13.190785548629453
2006-01-30,13.190824579717917
2006-01-31,13.190864142078322
2006-02-01,13.190904235710669
2006-02-02,13.190944860614952
2006-02-03,13.190986016791182
2006-02-04,13.191027704239348
2006-02-05,13.191069922959453
2006-02-06,13.191112672951501
2006-02-07,13.191155954215489
2006-02-08,13.191199766751415
2006-02-09,13.191244110559285
2006-02-10,13.191288985639094
2006-02-11,13.191334391990843
2006-02-12,13.191380329614532
2006-02-13,13.191426798510161
2006-02-14,13.191473798677734
2006-02-15,13.191521330117244
2006-02-16,13.191568634173127
2006-02-17,13.191614952189816
2006-02-18,13.191660284167307
2006-02-19,13.191704630105603
2006-02-20,13.191747990004703
2006-02-21,13.191790363864607
2006-02-22,13.191831751685315
2006-02-23,13.19187215346683
2006-02-24,13.19191156920915
2006-02-25,13.191949998912268
2006-02-26,13.191987442576197
2006-02-27,13.192023900200928
2006-02-28,13.192059371786462
2006-03-01,13.1920938573328
2006-03-02,13.192127356839942
2006-03-03,13.192159870307893
2006-03-04,13.192191397736645
2006-03-05,13.192221939126199
2006-03-06,13.19225149447656
2006-03-07,13.192280063787724
2006-03-08,13.192307647059692
2006-03-09,13.192334244292468
2006-03-10,13.192359855486043
2006-03-11,13.192384480640426
2006-03-12,13.192408119755612
2006-03-13,13.192430772831601
2006-03-14,13.192452439868397
2006-03-15,13.192473120865994
2006-03-16,13.192492815824401
2006-03-17,13.192511524743605
2006-03-18,13.192529247623616
2006-03-19,13.192545984464433
2006-03-20,13.192561735266054
2006-03-21,13.192576500028476
2006-03-22,13.192590278751707
2006-03-23,13.192603071435737
2006-03-24,13.192614878080576
2006-03-25,13.19262569868622
2006-03-26,13.192635533252663
2006-03-27,13.192644381779914
2006-03-28,13.19265224426797
2006-03-29,13.192659120716828
2006-03-30,13.192665011126492
2006-03-31,13.192669915496957
2006-04-01,13.192673833828229
2006-04-02,13.192676766120305
2006-04-03,13.192678712373185
2006-04-04,13.192679672586868
2006-04-05,13.192679646761357
2006-04-06,13.192678634896652
2006-04-07,13.192676636992747
2006-04-08,13.19267365304965
2006-04-09,13.192669683067354
2006-04-10,13.192664727045864
2006-04-11,13.192658784985179
2006-04-12,13.192651856885295
2006-04-13,13.192643942746217
2006-04-14,13.192635042567948
2006-04-15,13.192625156350479
2006-04-16,13.192614284093814
2006-04-17,13.192602425797952
2006-04-18,13.192589581462899
2006-04-19,13.192575751088647
2006-04-20,13.1925609346752
2006-04-21,13.192545132222556
2006-04-22,13.192528343730718
2006-04-23,13.192510569199683
2006-04-24,13.192491808629454
2006-04-25,13.192472062020025
2006-04-26,13.192451329371405
2006-04-27,13.192429610683586
2006-04-28,13.192406905956576
2006-04-29,13.192383215190365
2006-04-30,13.192358538384964
2006-05-01,13.192332875540362
2006-05-02,13.192306226656566
2006-05-03,13.192278591733574
2006-05-04,13.192249970771387
2006-05-05,13.192220363770005
2006-05-06,13.192189770729422
2006-05-07,13.19215819164965
2006-05-08,13.192125626530679
2006-05-09,13.192092075372514
2006-05-10,13.192057538175153
2006-05-11,13.192022014938594
2006-05-12,13.19198550566284
2006-05-13,13.191948010347893
2006-05-14,13.191909528993747
2006-05-15,13.191870061600406
2006-05-16,13.191829608167872
2006-05-17,13.191788607369983
2006-05-18,13.191749691249772
2006-05-19,13.191713298481083
2006-05-20,13.191679429063923
2006-05-21,13.19164808299828
2006-05-22,13.19161926028416
2006-05-23,13.191592960921566
2006-05-24,13.191569184910493
2006-05-25,13.191547932250941
2006-05-26,13.191529202942913
2006-05-27,13.191512996986408
2006-05-28,13.191499314381426
2006-05-29,13.191488155127963
2006-05-30,13.191479519226029
2006-05-31,13.191473406675613
2006-06-01,13.19146981747672
2006-06-02,13.191468751629351
2006-06-03,13.191470209133506
2006-06-04,13.191474189989181
2006-06-05,13.19148069419638
2006-06-06,13.191489721755099
2006-06-07,13.191501272665345
2006-06-08,13.191515346927112
2006-06-09,13.1915319445404
2006-06-10,13.191551065505212
2006-06-11,13.191572709821546
2006-06-12,13.191596877489403
2006-06-13,13.191623568508785
2006-06-14,13.191652782879686
2006-06-15,13.191684520602111
2006-06-16,13.191718781676059
2006-06-17,13.191755566101532
2006-06-18,13.191794873878523
2006-06-19,13.19183670500704
2006-06-20,13.191881059487077
2006-06-21,13.19192793731864
2006-06-22,13.191977338501722
2006-06-23,13.192029263036329
2006-06-24,13.192083710922457
2006-06-25,13.19214068216011
2006-06-26,13.192200176749282
2006-06-27,13.192262194689983
2006-06-28,13.192326735982197
2006-06-29,13.19239380062594
2006-06-30,13.192463388621206
2006-07-01,13.192535499967995
2006-07-02,13.192610134666305
2006-07-03,13.192687292716137
2006-07-04,13.192766974117491
2006-07-05,13.192849178870372
2006-07-06,13.192933906974773
2006-07-07,13.193021158430696
2006-07-08,13.193110933238142
2006-07-09,13.19320323139711
2006-07-10,13.193298052907604
2006-07-11,13.193395397769615
2006-07-12,13.193495265983152
2006-07-13,13.19359765754821
2006-07-14,13.193702572464794
2006-07-15,13.193810010732898
2006-07-16,13.193919972352528
2006-07-17,13.194032457323676
2006-07-18,13.19414746564635
2006-07-19,13.194264997320548
2006-07-20,13.194385052346265
2006-07-21,13.194507630723503
2006-07-22,13.194632732452266
2006-07-23,13.194760357532555
2006-07-24,13.194890505964363
2006-07-25,13.195023177747695
2006-07-26,13.195158372882549
2006-07-27,13.195296091368924
2006-07-28,13.195436333206825
2006-07-29,13.195579098396246
2006-07-30,13.195724386937192
2006-07-31,13.195872198829658
2006-08-01,13.196022534073645
2006-08-02,13.19617539266916
2006-08-03,13.196330774616193
2006-08-04,13.196488679914754
2006-08-05,13.196649108564834
2006-08-06,13.196812060566437
2006-08-07,13.196977535919562
2006-08-08,13.197145534624212
2006-08-09,13.197316056680382
2006-08-10,13.197489102088076
2006-08-11,13.197664670847292
2006-08-12,13.197842762958032
2006-08-13,13.198023378420293
2006-08-14,13.198206517234077
2006-08-15,13.198392179399384
2006-08-16,13.198580364916214
2006-08-17,13.1987691469521
2006-08-18,13.198956598674586
2006-08-19,13.199142720083664
2006-08-20,13.19932751117934
2006-08-21,13.199510971961606
2006-08-22,13.19969310243047
2006-08-23,13.19987390258593
2006-08-24,13.200053372427982
2006-08-25,13.20023151195663
2006-08-26,13.200408321171876
2006-08-27,13.200583800073714
2006-08-28,13.20075794866215
2006-08-29,13.200930766937176
2006-08-30,13.201102254898801
2006-08-31,13.201272412547018
2006-09-01,13.201441239881834
2006-09-02,13.20160873690324
2006-09-03,13.201774903611245
2006-09-04,13.201939740005846
2006-09-05,13.20210324608704
2006-09-06,13.202265421854827
2006-09-07,13.20242626730921
2006-09-08,13.202585782450193
2006-09-09,13.202743967277764
2006-09-10,13.202900821791932
2006-09-11,13.203056345992696
2006-09-12,13.203210539880056
2006-09-13,13.203363403454011
2006-09-14,13.203514936714557
2006-09-15,13.203665139661704
2006-09-16,13.203814012295444
2006-09-17,13.203961554615775
2006-09-18,13.204107766622707
2006-09-19,13.20425264831623
2006-09-20,13.204396199696347
2006-09-21,13.204538420763063
2006-09-22,13.20467931151637
2006-09-23,13.204818871956277
2006-09-24,13.204957102082775
2006-09-25,13.20509400189587
2006-09-26,13.20522957139556
2006-09-27,13.205363810581844
2006-09-28,13.205496719454723
2006-09-29,13.205628298014197
2006-09-30,13.205758546260263
2006-10-01,13.205887464192928
2006-10-02,13.20601505181219
2006-10-03,13.206141309118046
2006-10-04,13.206266236110494
2006-10-05,13.206389832789537
2006-10-06,13.206512099155177
2006-10-07,13.206633035207414
2006-10-08,13.206752640946242
2006-10-09,13.206870916371667
2006-10-10,13.206987861483686
2006-10-11,13.207103476282299
2006-10-12,13.207217760767511
2006-10-13,13.207330714939314
2006-10-14,13.207442338797714
2006-10-15,13.20755263234271
2006-10-16,13.207661595574299
2006-10-17,13.207769228492483
2006-10-18,13.207875531097264
2006-10-19,13.207980503388635
2006-10-20,13.208084145366605
2006-10-21,13.208186457031172
2006-10-22,13.20828743838233
2006-10-23,13.208387089420086
2006-10-24,13.208485410144435
2006-10-25,13.208582400555379
2006-10-26,13.208678060652922
2006-10-27,13.208772390437055
2006-10-28,13.208865389907785
2006-10-29,13.208957059065106
2006-10-30,13.20904739790903
2006-10-31,13.209136406439544
2006-11-01,13.209224084656652
2006-11-02,13.209310432560358
2006-11-03,13.209395450150659
2006-11-04,13.209479137427554
2006-11-05,13.209561494391043
2006-11-06,13.209642521041129
2006-11-07,13.209722217377807
2006-11-08,13.209800583401083
2006-11-09,13.209877619110951
2006-11-10,13.209953324507417
2006-11-11,13.21002769959048
2006-11-12,13.210100744360133
2006-11-13,13.210172458816384
2006-11-14,13.210242842959229
2006-11-15,13.210311896788669
2006-11-16,13.210379620304703
2006-11-17,13.210446482424755
2006-11-18,13.210512952066242
2006-11-19,13.210579029229173
2006-11-20,13.210644713913538
2006-11-21,13.210710006119339
2006-11-22,13.210774905846584
2006-11-23,13.210839413095261
2006-11-24,13.210903527865378
2006-11-25,13.210967250156935
2006-11-26,13.211030579969927
2006-11-27,13.211093517304361
2006-11-28,13.21115606216023
2006-11-29,13.211218214537539
2006-11-30,13.211279974436286
2006-12-01,13.21134134185647
2006-12-02,13.211402316798088
2006-12-03,13.21146289926115
2006-12-04,13.211523089245649
2006-12-05,13.211582886751584
2006-12-06,13.211642291778956
2006-12-07,13.21170130432777
2006-12-08,13.211759924398018
2006-12-09,13.211818151989707
2006-12-10,13.211875987102834
2006-12-11,13.211933429737394
2006-12-12,13.211990479893398
2006-12-13,13.212047137570837
2006-12-14,13.212103402769715
2006-12-15,13.21215927549003
2006-12-16,13.212214755731784
2006-12-17,13.21226984349498
2006-12-18,13.21232453877961
2006-12-19,13.212378841585675
2006-12-20,13.21243275191318
2006-12-21,13.212486269762126
2006-12-22,13.212539395132506
2006-12-23,13.212592128024328
2006-12-24,13.212644468437585
2006-12-25,13.21269641637228
2006-12-26,13.212747971828417
2006-12-27,13.212799134805987
2006-12-28,13.212849905304994
2006-12-29,13.212900283325444
2006-12-30,13.21295026886733
2006-12-31,13.212999861930653
2007-01-01,13.213049062515417
2007-01-02,13.213097870621617
2007-01-03,13.213146286249254
2007-01-04,13.213194309398329
2007-01-05,13.213241940068848
2007-01-06,13.213289178260798
2007-01-07,13.213336023974186
2007-01-08,13.213382477209015
2007-01-09,13.213428537965282
2007-01-10,13.213474206242983
2007-01-11,13.213519482042125
2007-01-12,13.213564365362705
2007-01-13,13.213608856204722
2007-01-14,13.21365295456818
2007-01-15,13.213696660453074
2007-01-16,13.213739973859406
2007-01-17,13.213782894787178
2007-01-18,13.213825423236386
2007-01-19,13.213867559207031
2007-01-20,13.213909302699115
2007-01-21,13.213950653712638
2007-01-22,13.2139916122476
2007-01-23,13.214032178303995
2007-01-24,13.214072351881832
2007-01-25,13.214112132981107
2007-01-26,13.214151521601817
2007-01-27,13.214190517743969
2007-01-28,13.214229121407557
2007-01-29,13.214267332592582
2007-01-30,13.214305151299044
2007-01-31,13.21434257752695
2007-02-01,13.21437961127629
2007-02-02,13.214416252547068
2007-02-03,13.214452501339286
2007-02-04,13.21448835765294
2007-02-05,13.21452382148803
2007-02-06,13.214558892844561
2007-02-07,13.214593571722531
2007-02-08,13.214627858121935
2007-02-09,13.214661752042781
2007-02-10,13.214695253485063
2007-02-11,13.214728362448785
2007-02-12,13.21476107893394
2007-02-13,13.214793402940536
2007-02-14,13.214825334468571
2007-02-15,13.214856873518043
2007-02-16,13.214887391494324
2007-02-17,13.214916259802788
2007-02-18,13.214943478443429
2007-02-19,13.214969047416252
2007-02-20,13.214992966721255
2007-02-21,13.215015236358434
2007-02-22,13.215035856327797
2007-02-23,13.21505482662934
2007-02-24,13.215072147263065
2007-02-25,13.215087818228966
2007-02-26,13.215101839527051
2007-02-27,13.215114211157312
2007-02-28,13.215124933119755
2007-03-01,13.21513400541438
2007-03-02,13.215141428041184
2007-03-03,13.21514720100017
2007-03-04,13.215151324291336
2007-03-05,13.215153797914677
2007-03-06,13.215154621870202
2007-03-07,13.215153796157907
2007-03-08,13.215151320777792
2007-03-09,13.215147195729859
2007-03-10,13.215141421014103
2007-03-11,13.215133996630529
2007-03-12,13.215124922579136
2007-03-13,13.215114198859919
2007-03-14,13.215101825472887
2007-03-15,13.215087802418035
2007-03-16,13.215072129695361
2007-03-17,13.215054807304865
2007-03-18,13.215035835246551
2007-03-19,13.21501521352042
2007-03-20,13.214992942126468
2007-03-21,13.214969021064695
2007-03-22,13.214943450335104
2007-03-23,13.214916229937689
2007-03-24,13.21488735987246
2007-03-25,13.214856840139408
2007-03-26,13.214824670738533
2007-03-27,13.214790851669841
2007-03-28,13.214755382933333
2007-03-29,13.214718264529001
2007-03-30,13.21467949645685
2007-03-31,13.214639078716878
2007-04-01,13.214597011309088
2007-04-02,13.214553294233479
2007-04-03,13.214507927490049
2007-04-04,13.214460911078797
2007-04-05,13.214412244999727
2007-04-06,13.214361929252838
2007-04-07,13.214309963838128
2007-04-08,13.214256348755598
2007-04-09,13.21420108400525
2007-04-10,13.21414416958708
2007-04-11,13.21408560550109
2007-04-12,13.214025391747281
2007-04-13,13.213963528325653
2007-04-14,13.213900015236208
2007-04-15,13.213834852478938
2007-04-16,13.213768040053848
2007-04-17,13.213699577960943
2007-04-18,13.213629466200214
2007-04-19,13.213557704771668
2007-04-20,13.2134842936753
2007-04-21,13.213409232911115
2007-04-22,13.213332522479105
2007-04-23,13.213254162379279
2007-04-24,13.213174152611632
2007-04-25,13.213092493176166
2007-04-26,13.213009184072883
2007-04-27,13.212924225301776
2007-04-28,13.21283761686285
2007-04-29,13.212749358756104
2007-04-30,13.21265945098154
2007-05-01,13.212567893539156
2007-05-02,13.21247468642895
2007-05-03,13.212379829650924
2007-05-04,13.212283323205082
2007-05-05,13.212185167091414
2007-05-06,13.21208536130993
2007-05-07,13.211983905860627
2007-05-08,13.211880800743504
2007-05-09,13.211776045958558
2007-05-10,13.211669641505797
2007-05-11,13.211561587385212
2007-05-12,13.211451883596808
2007-05-13,13.211340530140586
2007-05-14,13.211227527016543
2007-05-15,13.21111287422468
2007-05-16,13.210996571764998
2007-05-17,13.210879120945176
2007-05-18,13.210763529611292
2007-05-19,13.210650299071022
2007-05-20,13.210539429324372
2007-05-21,13.210430920371337
2007-05-22,13.21032477221192
2007-05-23,13.21022098484612
2007-05-24,13.210119558273938
2007-05-25,13.210020492495369
2007-05-26,13.209923787510421
2007-05-27,13.20982944331909
2007-05-28,13.209737459921374
2007-05-29,13.209647837317275
2007-05-30,13.209560575506794
2007-05-31,13.209475674489932
2007-06-01,13.209393134266683
2007-06-02,13.209312954837053
2007-06-03,13.20923513620104
2007-06-04,13.209159678358645
2007-06-05,13.209086581309865
2007-06-06,13.209015845054703
2007-06-07,13.208947469593157
2007-06-08,13.20888145492523
2007-06-09,13.20881780105092
2007-06-10,13.208756507970223
2007-06-11,13.208697575683148
2007-06-12,13.208641004189687
2007-06-13,13.208586793489845
2007-06-14,13.20853494358362
2007-06-15,13.208485454471012
2007-06-16,13.208438326152018
2007-06-17,13.208393558626645
2007-06-18,13.208351151894885
2007-06-19,13.208311105956746
2007-06-20,13.20827342081222
2007-06-21,13.208238096461313
2007-06-22,13.208205132904022
2007-06-23,13.208174530140349
2007-06-24,13.208146288170294
2007-06-25,13.208120406993858
2007-06-26,13.208096886611033
2007-06-27,13.208075727021829
2007-06-28,13.20805692822624
2007-06-29,13.208040490224269
2007-06-30,13.208026413015915
2007-07-01,13.20801469660118
2007-07-02,13.20800534098006
2007-07-03,13.207998346152557
2007-07-04,13.20799371211867
2007-07-05,13.207991438878402
2007-07-06,13.207991526431751
2007-07-07,13.207993974778717
2007-07-08,13.2079987839193
2007-07-09,13.208005953853498
2007-07-10,13.208015484581315
2007-07-11,13.208027376102747
2007-07-12,13.208041628417796
2007-07-13,13.208058241526462
2007-07-14,13.208077215428748
2007-07-15,13.20809855012465
2007-07-16,13.208122245614168
2007-07-17,13.208148301897303
2007-07-18,13.208176718974055
2007-07-19,13.208207496844427
2007-07-20,13.208240635508414
2007-07-21,13.208276134966015
2007-07-22,13.208313995217235
2007-07-23,13.208354216262073
2007-07-24,13.208396798100528
2007-07-25,13.2084417407326
2007-07-26,13.208489044158288
2007-07-27,13.208538708377592
2007-07-28,13.208590733390515
2007-07-29,13.208645119197055
2007-07-30,13.208701865797213
2007-07-31,13.208760973190985
2007-08-01,13.208822441378373
2007-08-02,13.208886270359383
2007-08-03,13.208952460134006
2007-08-04,13.20902101070225
2007-08-05,13.209091922064108
2007-08-06,13.209165194219583
2007-08-07,13.209240827168674
2007-08-08,13.209318820911387
2007-08-09,13.209399175447713
2007-08-10,13.209481890777656
2007-08-11,13.209566966901216
2007-08-12,13.209654403818394
2007-08-13,13.209744201529187
2007-08-14,13.209836360033599
2007-08-15,13.20993087933163
2007-08-16,13.210027759423275
2007-08-17,13.210125411824011
2007-08-18,13.21022224804931
2007-08-19,13.210318268099178
2007-08-20,13.210413471973608
2007-08-21,13.210507859672603
2007-08-22,13.210601431196162
2007-08-23,13.210694186544288
2007-08-24,13.210786125716975
2007-08-25,13.210877248714231
2007-08-26,13.21096755553605
2007-08-27,13.21105704618243
2007-08-28,13.211145720653379
2007-08-29,13.211233578948892
2007-08-30,13.21132062106897
2007-08-31,13.21140684701361
2007-09-01,13.211492256782819
2007-09-02,13.211576850376588
2007-09-03,13.211660627794924
2007-09-04,13.211743589037825
2007-09-05,13.21182573410529
2007-09-06,13.211907062997318
2007-09-07,13.211987575713914
2007-09-08,13.212067272255075
2007-09-09,13.212146152620797
2007-09-10,13.212224216811084
2007-09-11,13.212301464825938
2007-09-12,13.212377896665357
2007-09-13,13.212453512329338
2007-09-14,13.212528311817884
2007-09-15,13.212602295130996
2007-09-16,13.212675462268674
2007-09-17,13.212747813230912
2007-09-18,13.21281934801772
2007-09-19,13.21289006662909
2007-09-20,13.212959969065027
2007-09-21,13.213029055325526
2007-09-22,13.213097325410589
2007-09-23,13.213164779320218
2007-09-24,13.213231417054411
2007-09-25,13.21329723861317
2007-09-26,13.213362243996494
2007-09-27,13.213426433204381
2007-09-28,13.213489806236833
2007-09-29,13.213552363093852
2007-09-30,13.213614103775432
2007-10-01,13.213675028281578
2007-10-02,13.21373513661229
2007-10-03,13.213794428767565
2007-10-04,13.213852904747403
2007-10-05,13.213910564551808
2007-10-06,13.213967408180778
2007-10-07,13.214023435634315
2007-10-08,13.214078646912412
2007-10-09,13.214133042015076
2007-10-10,13.214186620942304
2007-10-11,13.214239383694098
2007-10-12,13.214291330270456
2007-10-13,13.214342460671377
2007-10-14,13.214392774896863
2007-10-15,13.214442272946915
2007-10-16,13.214490954821533
2007-10-17,13.214538820520712
2007-10-18,13.214585870044457
2007-10-19,13.214632103392768
2007-10-20,13.214677520565644
2007-10-21,13.214722121563081
2007-10-22,13.214765906385088
2007-10-23,13.214808875031656
2007-10-24,13.21485102750279
2007-10-25,13.214892363798489
2007-10-26,13.214932883918749
2007-10-27,13.214972587863578
2007-10-28,13.21501147563297
2007-10-29,13.215049547226926
2007-10-30,13.21508680264545
2007-10-31,13.215123241888538
2007-11-01,13.215158864956184
2007-11-02,13.2151936718484
2007-11-03,13.21522766256518
2007-11-04,13.215260837106527
2007-11-05,13.215293195472436
2007-11-06,13.215324737662907
2007-11-07,13.215355463677948
2007-11-08,13.21538537351755
2007-11-09,13.21541446718172
2007-11-10,13.215442744670451
2007-11-11,13.215470205983749
2007-11-12,13.215496851121612
2007-11-13,13.215522680084039
2007-11-14,13.21554769287103
2007-11-15,13.215571889482586
2007-11-16,13.215595269918708
2007-11-17,13.215617819555892
2007-11-18,13.215639523770633
2007-11-19,13.215660382562932
2007-11-20,13.215680395932797
2007-11-21,13.215699563880216
2007-11-22,13.215717886405196
2007-11-23,13.215735363507738
2007-11-24,13.215751995187837
2007-11-25,13.215767781445493
2007-11-26,13.215782722280712
2007-11-27,13.21579681769349
2007-11-28,13.215810067683828
2007-11-29,13.215822472251723
2007-11-30,13.21583403139718
2007-12-01,13.215844745120197
2007-12-02,13.215854613420769
2007-12-03,13.215863636298904
2007-12-04,13.215871813754603
2007-12-05,13.215879145787852
2007-12-06,13.215885632398665
2007-12-07,13.21589127358704
2007-12-08,13.215896069352972
2007-12-09,13.215900019696463
2007-12-10,13.215903124617514
2007-12-11,13.215905384116121
2007-12-12,13.215906798192293
2007-12-13,13.215907366846025
2007-12-14,13.21590709007731
2007-12-15,13.21590596788616
2007-12-16,13.21590400027257
2007-12-17,13.215901187236536
2007-12-18,13.215897528778063
2007-12-19,13.21589302489715
2007-12-20,13.215887675593795
2007-12-21,13.215881480868
2007-12-22,13.215874440719764
2007-12-23,13.215866555149091
2007-12-24,13.215857824155973
2007-12-25,13.215848247740416
2007-12-26,13.215837825902417
2007-12-27,13.21582655864198
2007-12-28,13.2158144459591
2007-12-29,13.215801487853785
2007-12-30,13.215787684326026
2007-12-31,13.215773035375825
2008-01-01,13.215757541003182
2008-01-02,13.215741201208104
2008-01-03,13.215724015990581
2008-01-04,13.215705985350619
2008-01-05,13.215687109288217
2008-01-06,13.215667387803375
2008-01-07,13.21564682089609
2008-01-08,13.215625408566368
2008-01-09,13.215603150814202
2008-01-10,13.215580047639595
2008-01-11,13.215556099042551
2008-01-12,13.215531305023065
2008-01-13,13.215505665581137
2008-01-14,13.215479180716773
2008-01-15,13.215451850429966
2008-01-16,13.215423674720718
2008-01-17,13.21539465358903
2008-01-18,13.2153647870349
2008-01-19,13.215334075058328
2008-01-20,13.21530251765932
2008-01-21,13.21527011483787
2008-01-22,13.215236866593976
2008-01-23,13.215202772927647
2008-01-24,13.215167833838873
2008-01-25,13.21513204932766
2008-01-26,13.215095419394007
2008-01-27,13.215057944037914
2008-01-28,13.21501962325938
2008-01-29,13.214980457058406
2008-01-30,13.21494044543499
2008-01-31,13.214899588389134
2008-02-01,13.214857885920836
2008-02-02,13.2148153380301
2008-02-03,13.214771944716922
2008-02-04,13.214727705981304
2008-02-05,13.214682621823247
2008-02-06,13.214636692242749
2008-02-07,13.21458991723981
2008-02-08,13.214542296814429
2008-02-09,13.214493830966607
2008-02-10,13.214444519696347
2008-02-11,13.214394363003644
2008-02-12,13.214343360888503
2008-02-13,13.214291513350918
2008-02-14,13.214238820390896
2008-02-15,13.214185282008433
2008-02-16,13.214130915465432
2008-02-17,13.214075824333316
2008-02-18,13.21402002587399
2008-02-19,13.213963520087455
2008-02-20,13.213906306973707
2008-02-21,13.213848386532746
2008-02-22,13.213789758764577
2008-02-23,13.213730423669196
2008-02-24,13.213670381246608
2008-02-25,13.213609631496803
2008-02-26,13.213548174419788
2008-02-27,13.213486010015565
2008-02-28,13.213423138284131
2008-02-29,13.213359559225484
2008-03-01,13.213295272839625
2008-03-02,13.21323027912656
2008-03-03,13.213164578086277
2008-03-04,13.213098169718789
2008-03-05,13.213031054024087
2008-03-06,13.212963231002176
2008-03-07,13.212894700653052
2008-03-08,13.212825462976717
2008-03-09,13.212755517973173
2008-03-10,13.212684865642416
2008-03-11,13.21261350598445
2008-03-12,13.212541438999272
2008-03-13,13.212468664686885
2008-03-14,13.212395183047283
2008-03-15,13.212320994080475
2008-03-16,13.212246097786453
2008-03-17,13.212170494165218
2008-03-18,13.212094183216776
2008-03-19,13.212017164941122
2008-03-20,13.211939439338257
2008-03-21,13.211861006408181
2008-03-22,13.211781866150892
2008-03-23,13.211702018566395
2008-03-24,13.211621463654687
2008-03-25,13.211540201415765
2008-03-26,13.211458231849637
2008-03-27,13.211375554956295
2008-03-28,13.211292170735739
2008-03-29,13.211208079187976
2008-03-30,13.211123280313
2008-03-31,13.211037774110814
2008-04-01,13.210951560581416
2008-04-02,13.21086463972481
2008-04-03,13.210777011540992
2008-04-04,13.210688676029964
2008-04-05,13.210599633191721
2008-04-06,13.210509883026273
2008-04-07,13.210419425533612
2008-04-08,13.210328260713737
2008-04-09,13.210236388566653
2008-04-10,13.210143809092358
2008-04-11,13.21005052229085
2008-04-12,13.209956528162135
2008-04-13,13.209861826706206
2008-04-14,13.209766417923067
2008-04-15,13.209670301812716
2008-04-16,13.209573478375155
2008-04-17,13.209475947610384
2008-04-18,13.209377709518401
2008-04-19,13.209278764099206
2008-04-20,13.209179111352803
2008-04-21,13.209078751279188
2008-04-22,13.20897768387836
2008-04-23,13.208875909150322
2008-04-24,13.208773427095075
2008-04-25,13.208670237712616
2008-04-26,13.208566341002946
2008-04-27,13.208461736966065
2008-04-28,13.208356425601973
2008-04-29,13.208250406910668
2008-04-30,13.208143680892153
2008-05-01,13.208036247546431
2008-05-02,13.207928106873494
2008-05-03,13.207819258873347
2008-05-04,13.20770970354599
2008-05-05,13.20759944089142
2008-05-06,13.20748847090964
2008-05-07,13.207376793600652
2008-05-08,13.207264408964448
2008-05-09,13.207151317001035
2008-05-10,13.207037517710411
2008-05-11,13.206923011092577
2008-05-12,13.206807797147533
2008-05-13,13.206691875875276
2008-05-14,13.206575247275808
2008-05-15,13.206457911349128
2008-05-16,13.206339868095238
2008-05-17,13.206221072921162
2008-05-18,13.206101258269014
2008-05-19,13.205980379545814
2008-05-20,13.205858436751573
2008-05-21,13.205735429886275
2008-05-22,13.205611358949936
2008-05-23,13.205486223942541
2008-05-24,13.205360024864104
2008-05-25,13.205232761714617
2008-05-26,13.205104434494078
2008-05-27,13.204975043202491
2008-05-28,13.204844587839858
2008-05-29,13.204713068406173
2008-05-30,13.204580484901443
2008-05-31,13.204446837325664
2008-06-01,13.20431212567884
2008-06-02,13.204176349960964
2008-06-03,13.204039510172036
2008-06-04,13.203901606312064
2008-06-05,13.203762638381042
2008-06-06,13.203622606378971
2008-06-07,13.203481510305853
2008-06-08,13.203339350161684
2008-06-09,13.20319612594647
2008-06-10,13.203051837660205
2008-06-11,13.202906485302892
2008-06-12,13.202760068874529
2008-06-13,13.202612588375118
2008-06-14,13.202464043804662
2008-06-15,13.202314435163155
2008-06-16,13.2021637624506
2008-06-17,13.202012025666994
2008-06-18,13.201859224812344
2008-06-19,13.201705359886638
2008-06-20,13.20155043088989
2008-06-21,13.201394437822092
2008-06-22,13.201237380683244
2008-06-23,13.20107925947335
2008-06-24,13.200920074192405
2008-06-25,13.200759824840413
2008-06-26,13.200598511417374
2008-06-27,13.200436133923283
2008-06-28,13.200272692358144
2008-06-29,13.200108186721959
2008-06-30,13.199942617014724
2008-07-01,13.19977598323644
2008-07-02,13.19960828538711
2008-07-03,13.199439523466731
2008-07-04,13.1992696974753
2008-07-05,13.199098807412822
2008-07-06,13.1989268532793
2008-07-07,13.198753835074722
2008-07-08,13.1985797527991
2008-07-09,13.19840460645243
2008-07-10,13.198228396034711
2008-07-11,13.198051121545939
2008-07-12,13.197872782986122
2008-07-13,13.197693380355258
2008-07-14,13.197512913653343
2008-07-15,13.197331382880382
2008-07-16,13.19714878803637
2008-07-17,13.196965129121311
2008-07-18,13.196780406135202
2008-07-19,13.196594619078045
2008-07-20,13.196407767949843
2008-07-21,13.196219852750586
2008-07-22,13.196030873480286
2008-07-23,13.195840830138934
2008-07-24,13.195649722726536
2008-07-25,13.195457551243088
2008-07-26,13.195264315688593
2008-07-27,13.195070016063045
2008-07-28,13.194874652366455
2008-07-29,13.194678224598814
2008-07-30,13.194480732760121
2008-07-31,13.194282176850379
2008-08-01,13.194082556869596
2008-08-02,13.193881872817759
2008-08-03,13.193680124694875
2008-08-04,13.193477312500942
2008-08-05,13.193273436235962
2008-08-06,13.193068495899931
2008-08-07,13.192862491492853
2008-08-08,13.192655423014727
2008-08-09,13.192447290465552
2008-08-10,13.192238093845326
2008-08-11,13.192027833154054
2008-08-12,13.191816508391735
2008-08-13,13.191604119558363
2008-08-14,13.191390666653945
2008-08-15,13.19117614967848
2008-08-16,13.190960568631965
2008-08-17,13.190741965484508
2008-08-18,13.19051838220622
2008-08-19,13.190289818797096
2008-08-20,13.190056275257144
2008-08-21,13.189817751586352
2008-08-22,13.18957424778473
2008-08-23,13.189325763852278
2008-08-24,13.189072299788988
2008-08-25,13.18881385559487
2008-08-26,13.188550431269915
2008-08-27,13.188282026814127
2008-08-28,13.188008642227508
2008-08-29,13.187730277510052
2008-08-30,13.18744693266177
2008-08-31,13.187158607682647
2008-09-01,13.186865302572697
2008-09-02,13.186567017331909
2008-09-03,13.18626375196029
2008-09-04,13.185955506457837
2008-09-05,13.185642280824553
2008-09-06,13.18532407506043
2008-09-07,13.185000889165481
2008-09-08,13.184672723139698
2008-09-09,13.184339576983078
2008-09-10,13.184001450695627
2008-09-11,13.183658344277344
2008-09-12,13.183310257728225
2008-09-13,13.182957191048274
2008-09-14,13.182599144237491
2008-09-15,13.182236117295878
2008-09-16,13.181868110223427
2008-09-17,13.18149512302014
2008-09-18,13.181117155686024
2008-09-19,13.180734208221075
2008-09-20,13.180346280625294
2008-09-21,13.179953372898677
2008-09-22,13.179555485041229
2008-09-23,13.17915261705295
2008-09-24,13.178744768933829
2008-09-25,13.178331940683883
2008-09-26,13.177914132303103
2008-09-27,13.177491343791488
2008-09-28,13.17706357514904
2008-09-29,13.17663082637576
2008-09-30,13.176193097471645
2008-10-01,13.175750388436697
2008-10-02,13.175302699270919
2008-10-03,13.174850029974305
2008-10-04,13.174392380546859
2008-10-05,13.173929750988579
2008-10-06,13.173462141299463
2008-10-07,13.172989551479521
2008-10-08,13.172511981528741
2008-10-09,13.17202943144713
2008-10-10,13.171541901234683
2008-10-11,13.171049390891405
2008-10-12,13.170551900417296
2008-10-13,13.17004942981235
2008-10-14,13.169541979076572
2008-10-15,13.16902954820996
2008-10-16,13.168512137212517
2008-10-17,13.167989746084238
2008-10-18,13.16746237482513
2008-10-19,13.166930023435185
2008-10-20,13.166392691914407
2008-10-21,13.1658503802628
2008-10-22,13.165303088480357
2008-10-23,13.16475081656708
2008-10-24,13.164193564522972
2008-10-25,13.163631332348029
2008-10-26,13.163064120042256
2008-10-27,13.162491927605647
2008-10-28,13.161914755038202
2008-10-29,13.161332602339925
2008-10-30,13.160745469510818
2008-10-31,13.16015335655088
2008-11-01,13.159556263460104
2008-11-02,13.158954190238497
2008-11-03,13.158347136886057
2008-11-04,13.157735103402784
2008-11-05,13.157118089788675
2008-11-06,13.156496096043735
2008-11-07,13.155869122167962
2008-11-08,13.155237168161356
2008-11-09,13.154600234023917
2008-11-10,13.153958319755644
2008-11-11,13.15331142535654
2008-11-12,13.1526595508266
2008-11-13,13.152002696165827
2008-11-14,13.151340861374223
2008-11-15,13.150674046451785
2008-11-16,13.150002251398512
2008-11-17,13.149333353419474
2008-11-18,13.148675229719737
2008-11-19,13.148027880299301
2008-11-20,13.147391305158166
2008-11-21,13.146765504296326
2008-11-22,13.14615047771379
2008-11-23,13.145546225410552
2008-11-24,13.144952747386617
2008-11-25,13.144370043641985
2008-11-26,13.143798114176647
2008-11-27,13.143236958990615
2008-11-28,13.142686578083879
2008-11-29,13.142146971456445
2008-11-30,13.141618139108312
2008-12-01,13.14110008103948
2008-12-02,13.140592797249942
2008-12-03,13.140096287739711
2008-12-04,13.13961055250878
2008-12-05,13.139135591557146
2008-12-06,13.138671404884814
2008-12-07,13.138217992491782
2008-12-08,13.13777535437805
2008-12-09,13.137343490543621
2008-12-10,13.13692240098849
2008-12-11,13.136512085712656
2008-12-12,13.136112544716127
2008-12-13,13.135723777998898
2008-12-14,13.135345785560968
2008-12-15,13.13497856740234
2008-12-16,13.13462212352301
2008-12-17,13.134276453922983
2008-12-18,13.133941558602254
2008-12-19,13.133617437560824
2008-12-20,13.133304090798696
2008-12-21,13.133001518315872
2008-12-22,13.132709720112342
2008-12-23,13.132428696188116
2008-12-24,13.13215844654319
2008-12-25,13.131898971177561
2008-12-26,13.131650270091237
2008-12-27,13.131412343284214
2008-12-28,13.131185190756485
2008-12-29,13.130968812508062
2008-12-30,13.130763208538935
2008-12-31,13.130568378849112
2009-01-01,13.130384323438586
2009-01-02,13.130211042307364
2009-01-03,13.13004853545544
2009-01-04,13.129896802882817
2009-01-05,13.129755844589496
2009-01-06,13.129625660575472
2009-01-07,13.129506250840748
2009-01-08,13.129397615385326
2009-01-09,13.129299754209205
2009-01-10,13.129212667312382
2009-01-11,13.129136354694861
2009-01-12,13.12907081635664
2009-01-13,13.129016052297718
2009-01-14,13.128972062518098
2009-01-15,13.128938847017782
2009-01-16,13.12891640579676
2009-01-17,13.128904738855042
2009-01-18,13.128903846192623
2009-01-19,13.1289137278095
2009-01-20,13.128934383705687
2009-01-21,13.128965813881166
2009-01-22,13.12900801833595
2009-01-23,13.129060997070031
2009-01-24,13.129124750083413
2009-01-25,13.129199277376097
2009-01-26,13.129284578948077
2009-01-27,13.129380654799366
2009-01-28,13.12948750492995
2009-01-29,13.129605129339833
2009-01-30,13.129733528029014
2009-01-31,13.129872700997502
2009-02-01,13.130022648245287
2009-02-02,13.130183369772372
2009-02-03,13.13035486557876
2009-02-04,13.130537135664447
2009-02-05,13.130730180029431
2009-02-06,13.130933998673719
2009-02-07,13.131148591597306
2009-02-08,13.131373958800191
2009-02-09,13.13161010028238
2009-02-10,13.131857016043867
2009-02-11,13.132114706084657
2009-02-12,13.132383170404744
2009-02-13,13.132662409004134
2009-02-14,13.132952421882823
2009-02-15,13.13325320904081
2009-02-16,13.133556658009665
2009-02-17,13.133854656320953
2009-02-18,13.134147203974667
2009-02-19,13.134434300970813
2009-02-20,13.134715947309388
2009-02-21,13.134992142990393
2009-02-22,13.13526288801383
2009-02-23,13.1355281823797
2009-02-24,13.135788026088
2009-02-25,13.136042419138722
2009-02-26,13.136291361531883
2009-02-27,13.13653485326747
2009-02-28,13.136772894345489
2009-03-01,13.137005484765938
2009-03-02,13.137232624528817
2009-03-03,13.13745431363413
2009-03-04,13.13767055208187
2009-03-05,13.137881339872038
2009-03-06,13.138086677004639
2009-03-07,13.13828656347967
2009-03-08,13.138480999297133
2009-03-09,13.138669984457026
2009-03-10,13.138853518959346
2009-03-11,13.1390316028041
2009-03-12,13.139204235991283
2009-03-13,13.139371418520893
2009-03-14,13.13953315039294
2009-03-15,13.139689431607414
2009-03-16,13.139840262164318
2009-03-17,13.13998564206365
2009-03-18,13.140125571305415
2009-03-19,13.14026004988961
2009-03-20,13.140389077816234
2009-03-21,13.14051265508529
2009-03-22,13.140630781696778
2009-03-23,13.140743457650695
2009-03-24,13.140850682947043
2009-03-25,13.140952457585819
2009-03-26,13.141048781567026
2009-03-27,13.141139654890665
2009-03-28,13.141225077556735
2009-03-29,13.141305049565231
2009-03-30,13.141379570916161
2009-03-31,13.14144864160952
2009-04-01,13.14151226164531
2009-04-02,13.141570431023531
2009-04-03,13.141623149744179
2009-04-04,13.141670417807259
2009-04-05,13.141712235212772
2009-04-06,13.141748601960714
2009-04-07,13.141779518051083
2009-04-08,13.141804983483885
2009-04-09,13.141824998259116
2009-04-10,13.14183956237678
2009-04-11,13.141848675836872
2009-04-12,13.141852338639396
2009-04-13,13.141850550784348
2009-04-14,13.141843312271735
2009-04-15,13.14183062310155
2009-04-16,13.141812483273792
2009-04-17,13.141788892788467
2009-04-18,13.141759851645574
2009-04-19,13.141725359845108
2009-04-20,13.141685417387075
2009-04-21,13.14164002427147
2009-04-22,13.141589180498297
2009-04-23,13.141532886067555
2009-04-24,13.14147114097924
2009-04-25,13.141403945233357
2009-04-26,13.141331298829908
2009-04-27,13.141253201768885
2009-04-28,13.141169654050294
2009-04-29,13.141080655674134
2009-04-30,13.140986206640404
2009-05-01,13.140886306949103
2009-05-02,13.140780956600231
2009-05-03,13.140670155593792
2009-05-04,13.140553903929785
2009-05-05,13.140432201608206
2009-05-06,13.140305048629054
2009-05-07,13.140172444992338
2009-05-08,13.14003439069805
2009-05-09,13.139890885746192
2009-05-10,13.139741930136765
2009-05-11,13.139587523869768
2009-05-12,13.139427666945203
2009-05-13,13.139262359363066
2009-05-14,13.139091601123358
2009-05-15,13.138915392226085
2009-05-16,13.138733732671238
2009-05-17,13.138547891870825
2009-05-18,13.138365486296848
2009-05-19,13.138187785361307
2009-05-20,13.138014789064203
2009-05-21,13.137846497405537
2009-05-22,13.137682910385308
2009-05-23,13.137524028003515
2009-05-24,13.137369850260162
2009-05-25,13.137220377155243
2009-05-26,13.137075608688763
2009-05-27,13.136935544860721
2009-05-28,13.136800185671115
2009-05-29,13.136669531119946
2009-05-30,13.136543581207214
2009-05-31,13.136422335932918
2009-06-01,13.136305795297062
2009-06-02,13.136193959299641
2009-06-03,13.136086827940657
2009-06-04,13.135984401220112
2009-06-05,13.135886679138004
2009-06-06,13.135793661694331
2009-06-07,13.135705348889095
2009-06-08,13.1356217407223
2009-06-09,13.135542837193938
2009-06-10,13.135468638304015
2009-06-11,13.13539914405253
2009-06-12,13.135334354439479
2009-06-13,13.135274269464869
2009-06-14,13.135218889128694
2009-06-15,13.135168213430957
2009-06-16,13.135122242371658
2009-06-17,13.135080975950796
2009-06-18,13.135044414168368
2009-06-19,13.13501255702438
2009-06-20,13.134985404518828
2009-06-21,13.134962956651714
2009-06-22,13.134945213423034
2009-06-23,13.134932174832798
2009-06-24,13.134923840880994
2009-06-25,13.134920211567628
2009-06-26,13.134921286892698
2009-06-27,13.13492706685621
2009-06-28,13.134937551458155
2009-06-29,13.134952740698537
2009-06-30,13.134972634577357
2009-07-01,13.134997233094618
2009-07-02,13.135026536250308
2009-07-03,13.13506054404444
2009-07-04,13.135099256477007
2009-07-05,13.135142673548014
2009-07-06,13.13519079525746
2009-07-07,13.13524362160534
2009-07-08,13.135301152591655
2009-07-09,13.135363388216408
2009-07-10,13.135430328479604
2009-07-11,13.135501973381231
2009-07-12,13.135578322921296
2009-07-13,13.135659377099799
2009-07-14,13.135745135916741
2009-07-15,13.135835599372117
2009-07-16,13.135930767465934
2009-07-17,13.136030640198184
2009-07-18,13.136135217568874
2009-07-19,13.136244499578002
2009-07-20,13.136358486225564
2009-07-21,13.136477177511562
2009-07-22,13.136600573435999
2009-07-23,13.136728673998876
2009-07-24,13.136861479200189
2009-07-25,13.136998989039938
2009-07-26,13.137141203518121
2009-07-27,13.137288122634747
2009-07-28,13.13743974638981
2009-07-29,13.137596074783307
2009-07-30,13.13775710781524
2009-07-31,13.13792284548561
2009-08-01,13.138093287794419
2009-08-02,13.138268434741667
2009-08-03,13.13844828632735
2009-08-04,13.138632842551473
2009-08-05,13.138822103414029
2009-08-06,13.139016068915023
2009-08-07,13.139214739054456
2009-08-08,13.139418113832328
2009-08-09,13.139626193248631
2009-08-10,13.139838977303375
2009-08-11,13.140056465996555
2009-08-12,13.140278659328175
2009-08-13,13.14050555729823
2009-08-14,13.14073715990672
2009-08-15,13.140973467153652
2009-08-16,13.141214479039018
2009-08-17,13.141457141619025
2009-08-18,13.14169840094988
2009-08-19,13.141938257031578
2009-08-20,13.142176709864128
2009-08-21,13.142413759447516
2009-08-22,13.142649405781752
2009-08-23,13.142883648866839
2009-08-24,13.143116488702768
2009-08-25,13.143347925289545
2009-08-26,13.143577958627166
2009-08-27,13.143806588715632
2009-08-28,13.144033815554947
2009-08-29,13.144259639145105
2009-08-30,13.144484059486112
2009-08-31,13.144707076577962
2009-09-01,13.144928690420661
2009-09-02,13.145148901014204
2009-09-03,13.14536770835859
2009-09-04,13.145585112453826
2009-09-05,13.145801113299905
2009-09-06,13.146015710896835
2009-09-07,13.146228905244609
2009-09-08,13.146440696343229
2009-09-09,13.14665108419269
2009-09-10,13.146860068793002
2009-09-11,13.14706765014416
2009-09-12,13.14727382824616
2009-09-13,13.147478603099007
2009-09-14,13.147681974702703
2009-09-15,13.147883943057247
2009-09-16,13.14808450816263
2009-09-17,13.148283670018861
2009-09-18,13.148481428625942
2009-09-19,13.148677783983864
2009-09-20,13.148872736092635
2009-09-21,13.14906628495225
2009-09-22,13.14925843056271
2009-09-23,13.149449172924019
2009-09-24,13.149638512036173
2009-09-25,13.149826447899173
2009-09-26,13.150012980513017
2009-09-27,13.15019810987771
2009-09-28,13.150381835993247
2009-09-29,13.150564158859634
2009-09-30,13.15074507847686
2009-10-01,13.150924594844936
2009-10-02,13.151102707963858
2009-10-03,13.151279417833624
2009-10-04,13.151454724454238
2009-10-05,13.151628627825696
2009-10-06,13.151801127948
2009-10-07,13.151972224821153
2009-10-08,13.15214191844515
2009-10-09,13.152310208819992
2009-10-10,13.152477095945681
2009-10-11,13.152642579822215
2009-10-12,13.152806660449597
2009-10-13,13.152969337827823
2009-10-14,13.153130611956897
2009-10-15,13.153290482836812
2009-10-16,13.153448950467578
2009-10-17,13.153606014849188
2009-10-18,13.153761675981645
2009-10-19,13.153915933864946
2009-10-20,13.154068788499092
2009-10-21,13.154220239884088
2009-10-22,13.154370288019928
2009-10-23,13.154518932906615
2009-10-24,13.154666174544147
2009-10-25,13.154812012932522
2009-10-26,13.154956448071749
2009-10-27,13.15509947996182
2009-10-28,13.155241108602732
2009-10-29,13.155381333994493
2009-10-30,13.1555201561371
2009-10-31,13.155657575030556
2009-11-01,13.155793590674854
2009-11-02,13.155928203070001
2009-11-03,13.15606141221599
2009-11-04,13.15619321811283
2009-11-05,13.15632362076051
2009-11-06,13.15645262015904
2009-11-07,13.156580216308415
2009-11-08,13.156706409208637
2009-11-09,13.156831198859702
2009-11-10,13.156954585261616
2009-11-11,13.157076568414375
2009-11-12,13.157197148317978
2009-11-13,13.15731632497243
2009-11-14,13.157434098377728
2009-11-15,13.15755046853387
2009-11-16,13.157665435440856
2009-11-17,13.157779854275075
2009-11-18,13.157894580212902
2009-11-19,13.158009613254343
2009-11-20,13.158124953399396
2009-11-21,13.158240600648057
2009-11-22,13.158356555000335
2009-11-23,13.15847281645622
2009-11-24,13.158589385015718
2009-11-25,13.15870626067883
2009-11-26,13.158823443445552
2009-11-27,13.158940933315884
2009-11-28,13.159058730289832
2009-11-29,13.159176834367388
2009-11-30,13.159295245548558
2009-12-01,13.159413963833341
2009-12-02,13.15953298922173
2009-12-03,13.159652321713736
2009-12-04,13.159771961309351
2009-12-05,13.159891908008577
2009-12-06,13.160012161811416
2009-12-07,13.160132722717867
2009-12-08,13.16025359072793
2009-12-09,13.160374765841603
2009-12-10,13.16049624805889
2009-12-11,13.160618037379784
2009-12-12,13.160740133804293
2009-12-13,13.160862537332413
2009-12-14,13.160985247964145
2009-12-15,13.16110826569949
2009-12-16,13.161231590538444
2009-12-17,13.161355222481012
2009-12-18,13.161479161527193
2009-12-19,13.161603407676981
2009-12-20,13.161727960930383
2009-12-21,13.1618528212874
2009-12-22,13.161977988748024
2009-12-23,13.16210346331226
2009-12-24,13.16222924498011
2009-12-25,13.162355333751568
2009-12-26,13.162481729626643
2009-12-27,13.162608432605326
2009-12-28,13.162735442687621
2009-12-29,13.16286275987353
2009-12-30,13.162990384163047
2009-12-31,13.163118315556178
2010-01-01,13.16324655405292
2010-01-02,13.163375099653273
2010-01-03,13.163503952357239
2010-01-04,13.163633112164815
2010-01-05,13.163762579076005
2010-01-06,13.163892353090803
2010-01-07,13.164022434209217
2010-01-08,13.164152822431243
2010-01-09,13.164283517756878
2010-01-10,13.16441452018612
2010-01-11,13.164545829718982
2010-01-12,13.164677446355451
2010-01-13,13.164809370095533
2010-01-14,13.164941600939228
2010-01-15,13.165074138886533
2010-01-16,13.165206983937448
2010-01-17,13.16534013609198
2010-01-18,13.165473595350122
2010-01-19,13.165607361711873
2010-01-20,13.165741435177235
2010-01-21,13.165875815746213
2010-01-22,13.166010503418798
2010-01-23,13.166145498194997
2010-01-24,13.166280800074807
2010-01-25,13.166416409058229
2010-01-26,13.166552325145263
2010-01-27,13.166688548335909
2010-01-28,13.166825078630168
2010-01-29,13.166961916028034
2010-01-30,13.167099060529512
2010-01-31,13.167236512134608
2010-02-01,13.167374270843311
2010-02-02,13.167512336655626
2010-02-03,13.167650709571555
2010-02-04,13.167789389591093
2010-02-05,13.16792837671424
2010-02-06,13.168067670941005
2010-02-07,13.168207272271378
2010-02-08,13.16834718070536
2010-02-09,13.16848739624296
2010-02-10,13.16862791888417
2010-02-11,13.16876874862899
2010-02-12,13.168909885477419
2010-02-13,13.169051329429465
2010-02-14,13.16919308048512
2010-02-15,13.169335138644385
2010-02-16,13.169477944930502
2010-02-17,13.169621940366708
2010-02-18,13.169767124952996
2010-02-19,13.169913498689374
2010-02-20,13.170061061575838
2010-02-21,13.170209813612388
2010-02-22,13.170359754799026
2010-02-23,13.170510885135753
2010-02-24,13.170663204622564
2010-02-25,13.17081671325946
2010-02-26,13.170971411046448
2010-02-27,13.17112729798352
2010-02-28,13.17128437407068
2010-03-01,13.171442639307926
2010-03-02,13.17160209369526
2010-03-03,13.171762737232681
2010-03-04,13.171924569920188
2010-03-05,13.17208759175778
2010-03-06,13.17225180274546
2010-03-07,13.172417202883231
2010-03-08,13.172583792171087
2010-03-09,13.172751570609027
2010-03-10,13.172920538197056
2010-03-11,13.173090694935173
2010-03-12,13.173262040823376
2010-03-13,13.173434575861663
2010-03-14,13.173608300050041
2010-03-15,13.173783213388505
2010-03-16,13.173959315877058
2010-03-17,13.174136607515692
2010-03-18,13.174315088304418
2010-03-19,13.17449475824323
2010-03-20,13.174675617332129
2010-03-21,13.174857665571112
2010-03-22,13.175040902960186
2010-03-23,13.17522532949934
2010-03-24,13.175410945188592
2010-03-25,13.175597750027922
2010-03-26,13.175785744017341
2010-03-27,13.175974927156847
2010-03-28,13.176165299446444
2010-03-29,13.176356860886122
2010-03-30,13.176549611475892
2010-03-31,13.176743551215745
2010-04-01,13.176938680105687
2010-04-02,13.177134998145716
2010-04-03,13.17733250533583
2010-04-04,13.177531201676034
2010-04-05,13.177731087166324
2010-04-06,13.1779321618067
2010-04-07,13.17813442559716
2010-04-08,13.178337878537711
2010-04-09,13.178542520628348
2010-04-10,13.178748351869071
2010-04-11,13.178955372259882
2010-04-12,13.179163581800779
2010-04-13,13.179372980491765
2010-04-14,13.179583568332838
2010-04-15,13.179795345323996
2010-04-16,13.18000831146524
2010-04-17,13.180222466756573
2010-04-18,13.180437811197994
2010-04-19,13.1806543447895
2010-04-20,13.180872067531093
2010-04-21,13.18109097942277
2010-04-22,13.181311080464539
2010-04-23,13.181532370656395
2010-04-24,13.181754849998335
2010-04-25,13.18197851849036
2010-04-26,13.182203376132476
2010-04-27,13.18242942292468
2010-04-28,13.182656658866968
2010-04-29,13.182885083959341
2010-04-30,13.183114698201805
2010-05-01,13.183345501594358
2010-05-02,13.183577494136994
2010-05-03,13.183810675829717
2010-05-04,13.184045046672527
2010-05-05,13.184280606665425
2010-05-06,13.184517355808406
2010-05-07,13.184755294101478
2010-05-08,13.184994421544637
2010-05-09,13.185234738137883
2010-05-10,13.185476243881215
2010-05-11,13.185718938774631
2010-05-12,13.185962822818137
2010-05-13,13.186207896011732
2010-05-14,13.18645415835541
2010-05-15,13.186701609849177
2010-05-16,13.18695025049303
2010-05-17,13.187199399573283
2010-05-18,13.187444972807777
2010-05-19,13.187686289482826
2010-05-20,13.187923349598435
2010-05-21,13.188156153154598
2010-05-22,13.188384700151316
2010-05-23,13.188608990588587
2010-05-24,13.188829024466417
2010-05-25,13.1890448017848
2010-05-26,13.18925632254374
2010-05-27,13.189463586743233
2010-05-28,13.189666594383285
2010-05-29,13.18986534546389
2010-05-30,13.19005983998505
2010-05-31,13.190250077946764
2010-06-01,13.190436059349036
2010-06-02,13.190617784191863
2010-06-03,13.190795252475246
2010-06-04,13.190968464199184
2010-06-05,13.191137419363677
2010-06-06,13.191302117968723
2010-06-07,13.19146256001433
2010-06-08,13.191618745500488
2010-06-09,13.191770674427202
2010-06-10,13.19191834679447
2010-06-11,13.192061762602298
2010-06-12,13.192200921850677
2010-06-13,13.192335824539613
2010-06-14,13.192466470669107
2010-06-15,13.192592860239152
2010-06-16,13.192714993249755
2010-06-17,13.192832869700913
2010-06-18,13.192946489592625
2010-06-19,13.193055852924894
2010-06-20,13.193160959697718
2010-06-21,13.193261809911098
2010-06-22,13.19335840356503
2010-06-23,13.193450740659523
2010-06-24,13.193538821194567
2010-06-25,13.19362264517017
2010-06-26,13.193702212586324
2010-06-27,13.193777523443037
2010-06-28,13.193848577740305
2010-06-29,13.193915375478127
2010-06-30,13.193977916656504
2010-07-01,13.194036201275438
2010-07-02,13.194090229334925
2010-07-03,13.19414000083497
2010-07-04,13.194185515775569
2010-07-05,13.194226774156723
2010-07-06,13.194263775978435
2010-07-07,13.1942965212407
2010-07-08,13.194325009943519
2010-07-09,13.194349242086895
2010-07-10,13.194369217670829
2010-07-11,13.194384936695315
2010-07-12,13.194396399160357
2010-07-13,13.194403605065954
2010-07-14,13.194406554412108
2010-07-15,13.19440524719882
2010-07-16,13.19439968342608
2010-07-17,13.194389863093903
2010-07-18,13.194375786202277
2010-07-19,13.194357452751209
2010-07-20,13.194334862740694
2010-07-21,13.194308016170734
2010-07-22,13.194276913041328
2010-07-23,13.194241553352482
2010-07-24,13.19420193710419
2010-07-25,13.194158064296452
2010-07-26,13.19410993492927
2010-07-27,13.194057549002643
2010-07-28,13.194000906516575
2010-07-29,13.193940007471058
2010-07-30,13.193874851866099
2010-07-31,13.193805439701691
2010-08-01,13.193731770977841
2010-08-02,13.193653845694548
2010-08-03,13.19357166385181
2010-08-04,13.193485225449626
2010-08-05,13.193394530487996
2010-08-06,13.193299578966926
2010-08-07,13.193200370886407
2010-08-08,13.19309690624645
2010-08-09,13.19298918504704
2010-08-10,13.192877207288188
2010-08-11,13.192760972969893
2010-08-12,13.192640482092154
2010-08-13,13.192515734654968
2010-08-14,13.192386730658338
2010-08-15,13.192253470102266
2010-08-16,13.192115952986747
2010-08-17,13.1919761737103
2010-08-18,13.191836126671454
2010-08-19,13.191695811870202
2010-08-20,13.191555229306546
2010-08-21,13.191414378980484
2010-08-22,13.191273260892018
2010-08-23,13.191131875041147
2010-08-24,13.190990221427874
2010-08-25,13.190848300052197
2010-08-26,13.19070611091411
2010-08-27,13.190563654013623
2010-08-28,13.190420929350731
2010-08-29,13.190277936925431
2010-08-30,13.190134676737733
2010-08-31,13.189991148787627
2010-09-01,13.189847353075118
2010-09-02,13.189703289600201
2010-09-03,13.18955895836288
2010-09-04,13.189414359363157
2010-09-05,13.18926949260103
2010-09-06,13.189124358076496
2010-09-07,13.188978955789558
2010-09-08,13.188833285740218
2010-09-09,13.18868734792847
2010-09-10,13.188541142354318
2010-09-11,13.188394669017763
2010-09-12,13.188247927918804
2010-09-13,13.188100919057439
2010-09-14,13.187953642433671
2010-09-15,13.1878060980475
2010-09-16,13.18765828589892
2010-09-17,13.187510205987937
2010-09-18,13.187361858314553
2010-09-19,13.18721324287876
2010-09-20,13.187064359680564
2010-09-21,13.186915208719963
2010-09-22,13.186765789996958
2010-09-23,13.18661610351155
2010-09-24,13.186466149263733
2010-09-25,13.186315927253519
2010-09-26,13.186165437480893
2010-09-27,13.186014679945867
2010-09-28,13.185863654648438
2010-09-29,13.1857123615886
2010-09-30,13.185560800766359
2010-10-01,13.185408972181714
2010-10-02,13.185256875834666
2010-10-03,13.185104511725212
2010-10-04,13.184951879853353
2010-10-05,13.18479898021909
2010-10-06,13.18464581282242
2010-10-07,13.18449237766335
2010-10-08,13.184338674741873
2010-10-09,13.184184704057992
2010-10-10,13.184030465611707
2010-10-11,13.183875959403016
2010-10-12,13.183721185431924
2010-10-13,13.183566143698425
2010-10-14,13.18341083420252
2010-10-15,13.183255256944213
2010-10-16,13.1830994119235
2010-10-17,13.182943299140382
2010-10-18,13.182786918594863
2010-10-19,13.182630270286936
2010-10-20,13.182473354216603
2010-10-21,13.182316170383872
2010-10-22,13.18215871878873
2010-10-23,13.182000999431187
2010-10-24,13.18184301231124
2010-10-25,13.181684757428888
2010-10-26,13.18152623478413
2010-10-27,13.181367444376967
2010-10-28,13.181208386207402
2010-10-29,13.18104906027543
2010-10-30,13.180889466581057
2010-10-31,13.180729605124274
2010-11-01,13.18056947590509
2010-11-02,13.180409078923503
2010-11-03,13.180248414179509
2010-11-04,13.180087481673112
2010-11-05,13.17992628140431
2010-11-06,13.179764813373104
2010-11-07,13.179603077579491
2010-11-08,13.179441074023478
2010-11-09,13.179278802705056
2010-11-10,13.179116263624232
2010-11-11,13.178953456781004
2010-11-12,13.178790382175372
2010-11-13,13.178627039807331
2010-11-14,13.178463429676889
2010-11-15,13.178299551784043
2010-11-16,13.178135406128792
2010-11-17,13.177971306232218
2010-11-18,13.177807565615414
2010-11-19,13.177644184278375
2010-11-20,13.1774811622211
2010-11-21,13.177318499443588
2010-11-22,13.177156195945848
2010-11-23,13.176994251727868
2010-11-24,13.176832666789654
2010-11-25,13.176671441131209
2010-11-26,13.176510574752525
2010-11-27,13.176350067653608
2010-11-28,13.176189919834458
2010-11-29,13.176030131295073
2010-11-30,13.175870702035454
2010-12-01,13.1757116320556
2010-12-02,13.175552921355509
2010-12-03,13.175394569935186
2010-12-04,13.17523657779463
2010-12-05,13.175078944933837
2010-12-06,13.17492167135281
2010-12-07,13.174764757051548
2010-12-08,13.17460820203005
2010-12-09,13.174452006288323
2010-12-10,13.174296169826357
2010-12-11,13.174140692644155
2010-12-12,13.173985574741721
2010-12-13,13.173830816119054
2010-12-14,13.173676416776148
2010-12-15,13.173522376713011
2010-12-16,13.17336869592964
2010-12-17,13.173215374426032
2010-12-18,13.173062412202194
2010-12-19,13.172909809258115
2010-12-20,13.172757565593804
2010-12-21,13.172605681209262
2010-12-22,13.17245415610448
2010-12-23,13.172302990279466
2010-12-24,13.172152183734218
2010-12-25,13.172001736468733
2010-12-26,13.171851648483017
2010-12-27,13.171701919777068
2010-12-28,13.171552550350876
2010-12-29,13.171403540204459
2010-12-30,13.1712548893378
2010-12-31,13.17110659775091
2011-01-01,13.170958665443784
2011-01-02,13.170811092416427
2011-01-03,13.170663878668831
2011-01-04,13.170517024201
2011-01-05,13.170370529012942
2011-01-06,13.170224393104643
2011-01-07,13.170078616476111
2011-01-08,13.169933199127346
2011-01-09,13.16978814105834
2011-01-10,13.169643442269106
2011-01-11,13.169499102759637
2011-01-12,13.16935512252993
2011-01-13,13.16921150157999
2011-01-14,13.169068239909818
2011-01-15,13.16892533751941
2011-01-16,13.168782794408767
2011-01-17,13.168640610577889
2011-01-18,13.168498786026777
2011-01-19,13.168357320755431
2011-01-20,13.168216214763849
2011-01-21,13.168075468052036
2011-01-22,13.167935080619985
2011-01-23,13.167795052467698
2011-01-24,13.16765538359518
2011-01-25,13.167516074002428
2011-01-26,13.167377123689437
2011-01-27,13.167238532656217
2011-01-28,13.16710030090276
2011-01-29,13.166962428429066
2011-01-30,13.166824915235138
2011-01-31,13.16668776132098
2011-02-01,13.166550966686582
2011-02-02,13.166414531331954
2011-02-03,13.166278455257093
2011-02-04,13.166142738461991
2011-02-05,13.166007380946656
2011-02-06,13.16587238271109
2011-02-07,13.165737743755287
2011-02-08,13.165603464079247
2011-02-09,13.165469543682978
2011-02-10,13.165335982566472
2011-02-11,13.165202780729732
2011-02-12,13.165069938172753
2011-02-13,13.164937454895544
2011-02-14,13.164805330898101
2011-02-15,13.16467356618042
2011-02-16,13.164544839969963
2011-02-17,13.16442183149419
2011-02-18,13.164304540753092
2011-02-19,13.164192967746676
2011-02-20,13.16408711247494
2011-02-21,13.163986974937883
2011-02-22,13.163892555135504
2011-02-23,13.163803853067812
2011-02-24,13.163720868734796
2011-02-25,13.163643602136457
2011-02-26,13.163572053272802
2011-02-27,13.163506222143821
2011-02-28,13.163446108749527
2011-03-01,13.16339171308991
2011-03-02,13.16334303516497
2011-03-03,13.163300074974716
2011-03-04,13.16326283251914
2011-03-05,13.163231307798238
2011-03-06,13.163205500812024
2011-03-07,13.163185411560486
2011-03-08,13.163171040043629
2011-03-09,13.163162386261451
2011-03-10,13.163159450213954
2011-03-11,13.163162231901135
2011-03-12,13.163170731323
2011-03-13,13.163184948479536
2011-03-14,13.163204883370762
2011-03-15,13.163230535996663
2011-03-16,13.163261906357246
2011-03-17,13.163298994452505
2011-03-18,13.16334180028245
2011-03-19,13.16339032384707
2011-03-20,13.163444565146374
2011-03-21,13.163504524180354
2011-03-22,13.163570200949017
2011-03-23,13.163641595452356
2011-03-24,13.16371870769038
2011-03-25,13.163801537663081
2011-03-26,13.163890085370461
2011-03-27,13.163984350812523
2011-03-28,13.164084333989267
2011-03-29,13.164190034900685
2011-03-30,13.164301453546788
2011-03-31,13.164418589927568
2011-04-01,13.164541444043028
2011-04-02,13.16467001589317
2011-04-03,13.16480430547799
2011-04-04,13.16494431279749
2011-04-05,13.165090037851671
2011-04-06,13.165241480640534
2011-04-07,13.16539864116407
2011-04-08,13.165561519422294
2011-04-09,13.165730115415194
2011-04-10,13.165904429142772
2011-04-11,13.166084460605035
2011-04-12,13.166270209801972
2011-04-13,13.166461676733594
2011-04-14,13.166658861399894
2011-04-15,13.166861763800874
2011-04-16,13.167070383936533
2011-04-17,13.167284721806872
2011-04-18,13.167504777411894
2011-04-19,13.167730550751592
2011-04-20,13.167962041825973
2011-04-21,13.16819925063503
2011-04-22,13.168442177178772
2011-04-23,13.168690821457192
2011-04-24,13.168945183470292
2011-04-25,13.16920526321807
2011-04-26,13.169471060700529
2011-04-27,13.169742575917669
2011-04-28,13.170019808869489
2011-04-29,13.170302759555987
2011-04-30,13.170591427977168
2011-05-01,13.170885814133026
2011-05-02,13.171185918023566
2011-05-03,13.171491739648785
2011-05-04,13.171803279008685
2011-05-05,13.172120536103261
2011-05-06,13.172443510932517
2011-05-07,13.172772203496459
2011-05-08,13.173106613795078
2011-05-09,13.173446741828375
2011-05-10,13.173792587596353
2011-05-11,13.17414415109901
2011-05-12,13.17450143233635
2011-05-13,13.174864431308368
2011-05-14,13.175233148015067
2011-05-15,13.175607582456443
2011-05-16,13.175987734632502
2011-05-17,13.176372220571656
2011-05-18,13.176752736444374
2011-05-19,13.177127898279078
2011-05-20,13.177497706075764
2011-05-21,13.177862159834433
2011-05-22,13.178221259555086
2011-05-23,13.178575005237718
2011-05-24,13.178923396882338
2011-05-25,13.179266434488936
2011-05-26,13.179604118057517
2011-05-27,13.179936447588084
2011-05-28,13.180263423080632
2011-05-29,13.180585044535162
2011-05-30,13.180901311951677
2011-05-31,13.181212225330171
2011-06-01,13.18151778467065
2011-06-02,13.18181798997311
2011-06-03,13.182112841237554
2011-06-04,13.18240233846398
2011-06-05,13.182686481652391
2011-06-06,13.182965270802782
2011-06-07,13.18323870591516
2011-06-08,13.183506786989515
2011-06-09,13.183769514025855
2011-06-10,13.18402688702418
2011-06-11,13.184278905984486
2011-06-12,13.184525570906773
2011-06-13,13.184766881791045
2011-06-14,13.185002838637299
2011-06-15,13.185233441445536
2011-06-16,13.185458690215755
2011-06-17,13.185678584947958
2011-06-18,13.185893125642142
2011-06-19,13.18610231229831
2011-06-20,13.18630614491646
2011-06-21,13.186504623496592
2011-06-22,13.186697748038707
2011-06-23,13.186885518542807
2011-06-24,13.187067935008887
2011-06-25,13.187244997436952
2011-06-26,13.187416705827
2011-06-27,13.187583060179028
2011-06-28,13.18774406049304
2011-06-29,13.187899706769034
2011-06-30,13.188049999007012
2011-07-01,13.188194937206973
2011-07-02,13.188334521368915
2011-07-03,13.188468751492842
2011-07-04,13.18859762757875
2011-07-05,13.188721149626641
2011-07-06,13.188839317636514
2011-07-07,13.188952131608373
2011-07-08,13.189059591542211
2011-07-09,13.189161697438033
2011-07-10,13.189258449295838
2011-07-11,13.189349847115622
2011-07-12,13.189435890897393
2011-07-13,13.189516580641145
2011-07-14,13.18959191634688
2011-07-15,13.189661898014599
2011-07-16,13.189726525644302
2011-07-17,13.189785799235985
2011-07-18,13.189839718789651
2011-07-19,13.189888284305303
2011-07-20,13.189931495782933
2011-07-21,13.189969353222546
2011-07-22,13.190001856624143
2011-07-23,13.190029005987725
2011-07-24,13.190050801313287
2011-07-25,13.190067242600833
2011-07-26,13.19007832985036
2011-07-27,13.190084063061871
2011-07-28,13.190084442235367
2011-07-29,13.190079467370841
2011-07-30,13.190069138468303
2011-07-31,13.190053455527739
2011-08-01,13.190032418549166
2011-08-02,13.190006027532572
2011-08-03,13.189974282477962
2011-08-04,13.189937183385336
2011-08-05,13.189894730254693
2011-08-06,13.189846923086028
2011-08-07,13.189793761879349
2011-08-08,13.189735246634655
2011-08-09,13.189671377351939
2011-08-10,13.189602154031208
2011-08-11,13.18952757667246
2011-08-12,13.189447645275695
2011-08-13,13.18936235984091
2011-08-14,13.189271720368108
2011-08-15,13.189175726857293
2011-08-16,13.189074379308458
2011-08-17,13.188972364572166
2011-08-18,13.188874369498981
2011-08-19,13.188780394088901
2011-08-20,13.188690438341927
2011-08-21,13.18860450225806
2011-08-22,13.188522585837296
2011-08-23,13.188444689079638
2011-08-24,13.188370811985086
2011-08-25,13.188300954553641
2011-08-26,13.1882351167853
2011-08-27,13.188173298680065
2011-08-28,13.188115500237934
2011-08-29,13.188061721458908
2011-08-30,13.188011962342992
2011-08-31,13.187966222890179
2011-09-01,13.18792450310047
2011-09-02,13.187886802973868
2011-09-03,13.187853122510372
2011-09-04,13.187823461709982
2011-09-05,13.187797820572696
2011-09-06,13.187776199098515
2011-09-07,13.187758597287441
2011-09-08,13.187745015139472
2011-09-09,13.187735452654609
2011-09-10,13.187729909832852
2011-09-11,13.1877283866742
2011-09-12,13.187730883178652
2011-09-13,13.187737399346211
2011-09-14,13.187747935176874
2011-09-15,13.187762490670645
2011-09-16,13.187781065827522
2011-09-17,13.1878036606475
2011-09-18,13.187830275130587
2011-09-19,13.187860909276779
2011-09-20,13.187895563086078
2011-09-21,13.187934236558482
2011-09-22,13.187976929693988
2011-09-23,13.188023642492604
2011-09-24,13.18807437495432
2011-09-25,13.188129127079149
2011-09-26,13.188187898867078
2011-09-27,13.188250690318114
2011-09-28,13.188317501432255
2011-09-29,13.188388332209504
2011-09-30,13.188463182649855
2011-10-01,13.188542052753316
2011-10-02,13.188624942519878
2011-10-03,13.188711851949547
2011-10-04,13.188802781042323
2011-10-05,13.188897729798203
2011-10-06,13.188996698217188
2011-10-07,13.189099686299281
2011-10-08,13.189206694044476
2011-10-09,13.189317721452783
2011-10-10,13.189432768524188
2011-10-11,13.189551835258705
2011-10-12,13.189674921656325
2011-10-13,13.189802027717047
2011-10-14,13.189933153440878
2011-10-15,13.190068298827812
2011-10-16,13.190207463877858
2011-10-17,13.190350648591002
2011-10-18,13.190497852967255
2011-10-19,13.190649077006613
2011-10-20,13.190804320709077
2011-10-21,13.190963584074646
2011-10-22,13.19112686710332
2011-10-23,13.1912941697951
2011-10-24,13.191465492149984
2011-10-25,13.191640834167977
2011-10-26,13.191820195849074
2011-10-27,13.192003577193276
2011-10-28,13.192190978200586
2011-10-29,13.192382398870997
2011-10-30,13.192577839204517
2011-10-31,13.192777299201143
2011-11-01,13.192980778860871
2011-11-02,13.193188278183708
2011-11-03,13.193399797169647
2011-11-04,13.193615335818693
2011-11-05,13.193834894130845
2011-11-06,13.194058472106104
2011-11-07,13.194286069744468
2011-11-08,13.194517687045934
2011-11-09,13.194753324010511
2011-11-10,13.19499298063819
2011-11-11,13.195236656928977
2011-11-12,13.195484352882866
2011-11-13,13.195736068499862
2011-11-14,13.195991803779965
2011-11-15,13.196251558723171
2011-11-16,13.196515333329486
2011-11-17,13.196778701182039
2011-11-18,13.197037235863958
2011-11-19,13.197290937375248
2011-11-20,13.197539805715914
2011-11-21,13.197783840885943
2011-11-22,13.198023042885348
2011-11-23,13.198257411714124
2011-11-24,13.198486947372269
2011-11-25,13.198711649859781
2011-11-26,13.198931519176666
2011-11-27,13.199146555322924
2011-11-28,13.199356758298547
2011-11-29,13.199562128103546
2011-11-30,13.19976266473791
2011-12-01,13.199958368201651
2011-12-02,13.200149238494758
2011-12-03,13.200335275617238
2011-12-04,13.200516479569085
2011-12-05,13.200692850350304
2011-12-06,13.200864387960896
2011-12-07,13.201031092400855
2011-12-08,13.201192963670186
2011-12-09,13.201350001768889
2011-12-10,13.201502206696958
2011-12-11,13.201649578454399
2011-12-12,13.201792117041212
2011-12-13,13.201929822457398
2011-12-14,13.20206269470295
2011-12-15,13.202190733777876
2011-12-16,13.202313939682169
2011-12-17,13.202432312415835
2011-12-18,13.202545851978869
2011-12-19,13.202654558371275
2011-12-20,13.20275843159305
2011-12-21,13.202857471644196
2011-12-22,13.202951678524716
2011-12-23,13.203041052234605
2011-12-24,13.203125592773862
2011-12-25,13.20320530014249
2011-12-26,13.203280174340488
2011-12-27,13.203350215367857
2011-12-28,13.203415423224598
2011-12-29,13.203475797910707
2011-12-30,13.20353133942619
2011-12-31,13.203582047771041
2012-01-01,13.20362792294526
2012-01-02,13.203668964948854
2012-01-03,13.203705173781817
2012-01-04,13.203736549444148
2012-01-05,13.203763091935853
2012-01-06,13.203784801256928
2012-01-07,13.203801677407373
2012-01-08,13.203813720387187
2012-01-09,13.203820930196372
2012-01-10,13.203823306834929
2012-01-11,13.203820850302854
2012-01-12,13.20381356060015
2012-01-13,13.203801437726819
2012-01-14,13.203784481682858
2012-01-15,13.203762692468267
2012-01-16,13.203736070083044
2012-01-17,13.203704614527194
2012-01-18,13.203668325800713
2012-01-19,13.203627203903602
2012-01-20,13.203581248835865
2012-01-21,13.203530460597497
2012-01-22,13.203474839188498
2012-01-23,13.20341438460887
2012-01-24,13.203349096858611
2012-01-25,13.203278975937726
2012-01-26,13.203204021846208
2012-01-27,13.203124234584063
2012-01-28,13.203039614151285
2012-01-29,13.20295016054788
2012-01-30,13.202855873773846
2012-01-31,13.202756753829181
2012-02-01,13.202652800713889
2012-02-02,13.202544014427964
2012-02-03,13.202430394971412
2012-02-04,13.20231194234423
2012-02-05,13.202188656546415
2012-02-06,13.202060537577974
2012-02-07,13.201927585438906
2012-02-08,13.201789800129205
2012-02-09,13.201647181648873
2012-02-10,13.201499729997913
2012-02-11,13.201347445176323
2012-02-12,13.201190327184106
2012-02-13,13.201028376021256
2012-02-14,13.20086159168778
2012-02-15,13.200689974183671
2012-02-16,13.200514338211097
2012-02-17,13.20033957198305
2012-02-18,13.2001664902017
2012-02-19,13.199995092867042
2012-02-20,13.199825379979073
2012-02-21,13.199657351537795
2012-02-22,13.19949100754321
2012-02-23,13.199326347995317
2012-02-24,13.19916337289412
2012-02-25,13.199002082239609
2012-02-26,13.198842476031793
2012-02-27,13.198684554270672
2012-02-28,13.19852831695624
2012-02-29,13.198373764088497
2012-03-01,13.19822089566745
2012-03-02,13.198069711693098
2012-03-03,13.19792021216543
2012-03-04,13.19777239708446
2012-03-05,13.19762626645018
2012-03-06,13.197481820262594
2012-03-07,13.197339058521697
2012-03-08,13.197197981227493
2012-03-09,13.197058588379985
2012-03-10,13.196920879979164
2012-03-11,13.196784856025037
2012-03-12,13.196650516517604
2012-03-13,13.196517861456861
2012-03-14,13.196386890842808
2012-03-15,13.19625760467545
2012-03-16,13.196130002954787
2012-03-17,13.196004085680809
2012-03-18,13.195879852853528
2012-03-19,13.195757304472938
2012-03-20,13.19563644053904
2012-03-21,13.195517261051835
2012-03-22,13.195399766011318
2012-03-23,13.195283955417498
2012-03-24,13.195169829270368
2012-03-25,13.195057387569932
2012-03-26,13.194946630316185
2012-03-27,13.194837557509134
2012-03-28,13.194730169148771
2012-03-29,13.194624465235103
2012-03-30,13.194520445768124
2012-03-31,13.194418110747838
2012-04-01,13.194317460174243
2012-04-02,13.194218494047345
2012-04-03,13.194121212367136
2012-04-04,13.194025615133619
2012-04-05,13.193931702346795
2012-04-06,13.193839474006664
2012-04-07,13.193748930113221
2012-04-08,13.193660070666473
2012-04-09,13.193572895666417
2012-04-10,13.193487405113054
2012-04-11,13.19340359900638
2012-04-12,13.193321477346402
2012-04-13,13.193241040133113
2012-04-14,13.193162287366516
2012-04-15,13.193085219046614
2012-04-16,13.193009835173399
2012-04-17,13.192936135746884
2012-04-18,13.192864120767055
2012-04-19,13.192793790233917
2012-04-20,13.192725144147476
2012-04-21,13.192658182507724
2012-04-22,13.192592905314664
2012-04-23,13.192529312568297
2012-04-24,13.192467404268623
2012-04-25,13.192407180415639
2012-04-26,13.19234864100935
2012-04-27,13.192291786049749
2012-04-28,13.192236615536846
2012-04-29,13.192183129470632
2012-04-30,13.192131327851106
2012-05-01,13.192081210678278
2012-05-02,13.192032777952138
2012-05-03,13.191986029672691
2012-05-04,13.191940965839938
2012-05-05,13.191897586453877
2012-05-06,13.191855891514503
2012-05-07,13.191815881021828
2012-05-08,13.191777554975843
2012-05-09,13.191740913376547
2012-05-10,13.191705956223945
2012-05-11,13.191672683518036
2012-05-12,13.19164109525882
2012-05-13,13.191611191446295
2012-05-14,13.191582972080461
2012-05-15,13.191556437161317
2012-05-16,13.19153158668887
2012-05-17,13.1915081968089
2012-05-18,13.191484924396132
2012-05-19,13.191461545596345
2012-05-20,13.19143806040955
2012-05-21,13.191414468835736
2012-05-22,13.191390770874916
2012-05-23,13.191366966527077
2012-05-24,13.191343055792226
2012-05-25,13.191319038670363
2012-05-26,13.191294915161484
2012-05-27,13.19127068526559
2012-05-28,13.191246348982686
2012-05-29,13.191221906312766
2012-05-30,13.191197357255835
2012-05-31,13.19117270181189
2012-06-01,13.19114793998093
2012-06-02,13.191123071762958
2012-06-03,13.191098097157973
2012-06-04,13.191073016165973
2012-06-05,13.19104782878696
2012-06-06,13.191022535020933
2012-06-07,13.190997134867894
2012-06-08,13.190971628327839
2012-06-09,13.190946015400774
2012-06-10,13.190920296086693
2012-06-11,13.190894470385597
2012-06-12,13.19086853829749
2012-06-13,13.190842499822368
2012-06-14,13.190816354960235
2012-06-15,13.190790103711088
2012-06-16,13.190763746074927
2012-06-17,13.190737282051755
2012-06-18,13.190710711641565
2012-06-19,13.19068403484436
2012-06-20,13.190657251660145
2012-06-21,13.190630362088918
2012-06-22,13.190603366130675
2012-06-23,13.19057626378542
2012-06-24,13.19054905505315
2012-06-25,13.190521739933867
2012-06-26,13.190494318427573
2012-06-27,13.190466790534265
2012-06-28,13.190439156253937
2012-06-29,13.190411415586604
2012-06-30,13.190383568532255
2012-07-01,13.190355615090889
2012-07-02,13.190327555262515
2012-07-03,13.190299389047125
2012-07-04,13.19027111644472
2012-07-05,13.190242737455302
2012-07-06,13.190214252078873
2012-07-07,13.19018566031543
2012-07-08,13.19015696216497
2012-07-09,13.1901281576275
2012-07-10,13.190099246703017
2012-07-11,13.190070229391518
2012-07-12,13.190041105693005
2012-07-13,13.19001187560748
2012-07-14,13.189982539134942
2012-07-15,13.18995309627539
2012-07-16,13.189923547028826
2012-07-17,13.189893891395245
2012-07-18,13.189864129374653
2012-07-19,13.189834260967046
2012-07-20,13.189804286172429
2012-07-21,13.189774204990794
2012-07-22,13.189744017422147
2012-07-23,13.189713723466488
2012-07-24,13.189683323123816
2012-07-25,13.189652816394128
2012-07-26,13.189622203277429
2012-07-27,13.189591483773714
2012-07-28,13.189560657882986
2012-07-29,13.189529725605247
2012-07-30,13.189498686940492
2012-07-31,13.189467541888725
2012-08-01,13.189436290449944
2012-08-02,13.189404932624148
2012-08-03,13.189373468411342
2012-08-04,13.18934189781152
2012-08-05,13.189310220824686
2012-08-06,13.189278437450836
2012-08-07,13.189246547689974
2012-08-08,13.1892145515421
2012-08-09,13.18918244900721
2012-08-10,13.189150240085308
2012-08-11,13.18911792477639
2012-08-12,13.189085503080463
2012-08-13,13.18905297499752
2012-08-14,13.189020340527563
2012-08-15,13.188987599670595
2012-08-16,13.18895475242661
2012-08-17,13.188922970356334
2012-08-18,13.188893425020487
2012-08-19,13.18886611641906
2012-08-20,13.188841044552063
2012-08-21,13.188818209419493
2012-08-22,13.188797611021348
2012-08-23,13.18877924935763
2012-08-24,13.18876312442834
2012-08-25,13.188749236233479
2012-08-26,13.188737584773039
2012-08-27,13.188728170047028
2012-08-28,13.188720992055444
2012-08-29,13.188716050798284
2012-08-30,13.188713346275556
2012-08-31,13.18871287848725
2012-09-01,13.188714647433372
2012-09-02,13.18871865311392
2012-09-03,13.188724895528892
2012-09-04,13.188733374678295
2012-09-05,13.188744090562121
2012-09-06,13.188757043180377
2012-09-07,13.18877223253306
2012-09-08,13.188789658620166
2012-09-09,13.1888093214417
2012-09-10,13.188831220997661
2012-09-11,13.188855357288048
2012-09-12,13.188881730312861
2012-09-13,13.188910340072102
2012-09-14,13.188941186565767
2012-09-15,13.188974269793865
2012-09-16,13.189009589756385
2012-09-17,13.18904714645333
2012-09-18,13.189086939884703
2012-09-19,13.1891289700505
2012-09-20,13.189173236950726
2012-09-21,13.189219740585383
2012-09-22,13.189268480954459
2012-09-23,13.189319458057966
2012-09-24,13.189372671895896
2012-09-25,13.189428122468257
2012-09-26,13.189485809775043
2012-09-27,13.189545733816253
2012-09-28,13.189607894591893
2012-09-29,13.189672292101958
2012-09-30,13.189738926346449
2012-10-01,13.189807797325368
2012-10-02,13.189878905038714
2012-10-03,13.189952249486483
2012-10-04,13.190027830668681
2012-10-05,13.190105648585307
2012-10-06,13.190185703236356
2012-10-07,13.190267994621838
2012-10-08,13.190352522741739
2012-10-09,13.19043928759607
2012-10-10,13.190528289184828
2012-10-11,13.190619527508012
2012-10-12,13.190713002565623
2012-10-13,13.190808714357658
2012-10-14,13.190906662884123
2012-10-15,13.191006848145012
2012-10-16,13.19110927014033
2012-10-17,13.191213928870072
2012-10-18,13.191320824334243
2012-10-19,13.191429956532836
2012-10-20,13.191541325465858
2012-10-21,13.19165493113331
2012-10-22,13.191770773535186
2012-10-23,13.19188885267149
2012-10-24,13.192009168542219
2012-10-25,13.192131721147375
2012-10-26,13.192256510486956
2012-10-27,13.192383536560964
2012-10-28,13.1925127993694
2012-10-29,13.192644298912258
2012-10-30,13.192778035189548
2012-10-31,13.192914008201264
2012-11-01,13.193052217947404
2012-11-02,13.193192664427972
2012-11-03,13.193335347642966
2012-11-04,13.19348026759239
2012-11-05,13.193627424276233
2012-11-06,13.193776817694511
2012-11-07,13.19392844784721
2012-11-08,13.194082314734338
2012-11-09,13.194238418355893
2012-11-10,13.194396758711871
2012-11-11,13.19455733580228
2012-11-12,13.194720149627113
2012-11-13,13.194885200186373
2012-11-14,13.19505248748006
2012-11-15,13.195222011508173
2012-11-16,13.195393772270712
2012-11-17,13.195566251716334
2012-11-18,13.195737931793701
2012-11-19,13.195908812502811
2012-11-20,13.196078893843662
2012-11-21,13.196248175816251
2012-11-22,13.196416658420588
2012-11-23,13.196584341656663
2012-11-24,13.196751225524482
2012-11-25,13.196917310024043
2012-11-26,13.197082595155344
2012-11-27,13.19724708091839
2012-11-28,13.197410767313178
2012-11-29,13.197573654339704
2012-11-30,13.197735741997977
2012-12-01,13.197897030287992
2012-12-02,13.198057519209744
2012-12-03,13.198217208763243
2012-12-04,13.198376098948485
2012-12-05,13.19853418976546
2012-12-06,13.198691481214187
2012-12-07,13.19884797329465
2012-12-08,13.199003666006858
2012-12-09,13.199158559350812
2012-12-10,13.199312653326503
2012-12-11,13.199465947933936
2012-12-12,13.19961844317311
2012-12-13,13.199770139044029
2012-12-14,13.199921035546687
2012-12-15,13.20007113268109
2012-12-16,13.200220430447233
2012-12-17,13.200368928845121
2012-12-18,13.20051662787475
2012-12-19,13.20066352753612
2012-12-20,13.20080962782923
2012-12-21,13.20095492875409
2012-12-22,13.201099430310682
2012-12-23,13.201243132499021
2012-12-24,13.201386035319102
2012-12-25,13.201528138770925
2012-12-26,13.201669442854492
2012-12-27,13.2018099475698
2012-12-28,13.201949652916847
2012-12-29,13.202088558895639
2012-12-30,13.20222666550617
2012-12-31,13.202363972748445
2013-01-01,13.202500480622463
2013-01-02,13.202636189128222
2013-01-03,13.202771098265723
2013-01-04,13.202905208034966
2013-01-05,13.203038518435955
2013-01-06,13.203171029468681
2013-01-07,13.203302741133154
2013-01-08,13.203433653429364
2013-01-09,13.203563766357318
2013-01-10,13.203693079917013
2013-01-11,13.203821594108451
2013-01-12,13.20394930893163
2013-01-13,13.204076224386553
2013-01-14,13.204202340473218
2013-01-15,13.204327657191627
2013-01-16,13.204452174541773
2013-01-17,13.204575892523664
2013-01-18,13.204698811137296
2013-01-19,13.20482093038267
2013-01-20,13.204942250259789
2013-01-21,13.205062770768649
2013-01-22,13.205182491909248
2013-01-23,13.205301413681589
2013-01-24,13.205419536085675
2013-01-25,13.205536859121503
2013-01-26,13.205653382789073
2013-01-27,13.205769107088383
2013-01-28,13.205884032019437
2013-01-29,13.205998157582233
2013-01-30,13.206111483776768
2013-01-31,13.206224010603048
2013-02-01,13.206335738061071
2013-02-02,13.206446666150834
2013-02-03,13.206556794872343
2013-02-04,13.20666612422559
2013-02-05,13.206774654210578
2013-02-06,13.20688238482731
2013-02-07,13.206989316075788
2013-02-08,13.207095447956
2013-02-09,13.20720078046796
2013-02-10,13.207305313611661
2013-02-11,13.207409047387102
2013-02-12,13.207511981794287
2013-02-13,13.207614116833213
2013-02-14,13.207715452503884
2013-02-15,13.207815988806292
2013-02-16,13.207916315060375
2013-02-17,13.208017020586071
2013-02-18,13.208118105383369
2013-02-19,13.208219569452275
2013-02-20,13.208321412792793
2013-02-21,13.208423635404912
2013-02-22,13.20852623728864
2013-02-23,13.208629218443978
2013-02-24,13.20873257887092
2013-02-25,13.208836318569471
2013-02-26,13.20894043753963
2013-02-27,13.209044935781392
2013-02-28,13.209149813294768
2013-03-01,13.209255070079745
2013-03-02,13.20936070613633
2013-03-03,13.20946672146453
2013-03-04,13.20957311606433
2013-03-05,13.209679889935737
2013-03-06,13.209787043078752
2013-03-07,13.209894575493376
2013-03-08,13.210002487179604
2013-03-09,13.210110778137443
2013-03-10,13.210219448366887
2013-03-11,13.21032849786794
2013-03-12,13.2104379266406
2013-03-13,13.210547734684862
2013-03-14,13.210657922000737
2013-03-15,13.210768488588219
2013-03-16,13.210879434447307
2013-03-17,13.210990759578
2013-03-18,13.211102463980303
2013-03-19,13.211214547654215
2013-03-20,13.21132701059973
2013-03-21,13.211439852816854
2013-03-22,13.211553074305586
2013-03-23,13.211666675065924
2013-03-24,13.211780655097874
2013-03-25,13.211895014401424
2013-03-26,13.212009752976583
2013-03-27,13.21212487082335
2013-03-28,13.212240367941726
2013-03-29,13.212356244331708
2013-03-30,13.212472499993298
2013-03-31,13.212589134926494
2013-04-01,13.2127061491313
2013-04-02,13.21282354260771
2013-04-03,13.212941315355728
2013-04-04,13.213059467375354
2013-04-05,13.213177998666586
2013-04-06,13.21329690922943
2013-04-07,13.213416199063872
2013-04-08,13.213535868169927
2013-04-09,13.21365591654759
2013-04-10,13.213776344196859
2013-04-11,13.213897151117735
2013-04-12,13.214018337310216
2013-04-13,13.214139902774308
2013-04-14,13.214261847510006
2013-04-15,13.214384171517311
2013-04-16,13.214506874796223
2013-04-17,13.214629957346745
2013-04-18,13.21475341916887
2013-04-19,13.214877260262606
2013-04-20,13.215001480627945
2013-04-21,13.215126080264893
2013-04-22,13.21525105917345
2013-04-23,13.215376417353612
2013-04-24,13.215502154805385
2013-04-25,13.21562827152876
2013-04-26,13.215754767523745
2013-04-27,13.215881642790336
2013-04-28,13.216008897328535
2013-04-29,13.216136531138343
2013-04-30,13.216264544219758
2013-05-01,13.216392936572777
2013-05-02,13.216521708197407
2013-05-03,13.216650859093642
2013-05-04,13.216780389261487
2013-05-05,13.216910298700935
2013-05-06,13.21704058741199
2013-05-07,13.217171255394657
2013-05-08,13.217302302648928
2013-05-09,13.217433729174806
2013-05-10,13.217565534972291
2013-05-11,13.217697720041386
2013-05-12,13.217830284382085
2013-05-13,13.217963227994392
2013-05-14,13.21809655087831
2013-05-15,13.21823025303383
2013-05-16,13.218364334460961
2013-05-17,13.218498457958079
2013-05-18,13.218630600315471
2013-05-19,13.218760424331515
2013-05-20,13.218887930006215
2013-05-21,13.219013117339568
2013-05-22,13.219135986331576
2013-05-23,13.219256536982238
2013-05-24,13.219374769291555
2013-05-25,13.219490683259522
2013-05-26,13.219604278886147
2013-05-27,13.219715556171428
2013-05-28,13.21982451511536
2013-05-29,13.219931155717948
2013-05-30,13.220035477979188
2013-05-31,13.220137481899082
2013-06-01,13.220237167477633
2013-06-02,13.220334534714837
2013-06-03,13.220429583610693
2013-06-04,13.220522314165207
2013-06-05,13.220612726378373
2013-06-06,13.220700820250192
2013-06-07,13.22078659578067
2013-06-08,13.220870052969797
2013-06-09,13.220951191817578
2013-06-10,13.221030012324018
2013-06-11,13.22110651448911
2013-06-12,13.221180698312853
2013-06-13,13.221252563795256
2013-06-14,13.22132211093631
2013-06-15,13.221389339736017
2013-06-16,13.22145425019438
2013-06-17,13.221516842311397
2013-06-18,13.221577116087065
2013-06-19,13.221635071521392
2013-06-20,13.221690708614371
2013-06-21,13.221744027366004
2013-06-22,13.221795027776292
2013-06-23,13.221843709845233
2013-06-24,13.22189007357283
2013-06-25,13.22193411895908
2013-06-26,13.221975846003984
2013-06-27,13.222015254707543
2013-06-28,13.222052345069756
2013-06-29,13.222087117090624
2013-06-30,13.222119570770143
2013-07-01,13.222149706108322
2013-07-02,13.22217752310515
2013-07-03,13.222203021760631
2013-07-04,13.222226202074767
2013-07-05,13.222247064047561
2013-07-06,13.22226560767901
2013-07-07,13.222281832969111
2013-07-08,13.222295739917865
2013-07-09,13.222307328525272
2013-07-10,13.222316598791334
2013-07-11,13.222323550716052
2013-07-12,13.222328184299423
2013-07-13,13.222330499541448
2013-07-14,13.22233049644213
2013-07-15,13.222328175001461
2013-07-16,13.222323535219452
2013-07-17,13.222316577096093
2013-07-18,13.222307300631392
2013-07-19,13.222295705825342
2013-07-20,13.222281792677945
2013-07-21,13.222265561189204
2013-07-22,13.222247011359118
2013-07-23,13.222226143187687
2013-07-24,13.22220295667491
2013-07-25,13.222177451820784
2013-07-26,13.222149628625314
2013-07-27,13.222119487088499
2013-07-28,13.222087027210337
2013-07-29,13.222052248990831
2013-07-30,13.222015152429979
2013-07-31,13.221975737527776
2013-08-01,13.221934004284233
2013-08-02,13.221889952699343
2013-08-03,13.221843582773104
2013-08-04,13.221794894505523
2013-08-05,13.221743887896595
2013-08-06,13.221690562946321
2013-08-07,13.2216349196547
2013-08-08,13.221576958021739
2013-08-09,13.221516678047426
2013-08-10,13.221454079731767
2013-08-11,13.221389163074765
2013-08-12,13.221321928076417
2013-08-13,13.221252374736721
2013-08-14,13.221180503055681
2013-08-15,13.221106313033296
2013-08-16,13.221029804669563
2013-08-17,13.220953689601602
2013-08-18,13.220880679466537
2013-08-19,13.220810774264361
2013-08-20,13.22074397399508
2013-08-21,13.220680278658687
2013-08-22,13.220619688255189
2013-08-23,13.220562202784585
2013-08-24,13.22050782224687
2013-08-25,13.220456546642048
2013-08-26,13.220408375970116
2013-08-27,13.220363310231079
2013-08-28,13.220321349424934
2013-08-29,13.220282493551677
2013-08-30,13.220246742611316
2013-08-31,13.220214096603847
2013-09-01,13.22018455552927
2013-09-02,13.220158119387582
2013-09-03,13.22013478817879
2013-09-04,13.22011456190289
2013-09-05,13.220097440559877
2013-09-06,13.22008342414976
2013-09-07,13.220072512672536
2013-09-08,13.220064706128202
2013-09-09,13.22006000451676
2013-09-10,13.22005840783821
2013-09-11,13.220059916092554
2013-09-12,13.220064529279787
2013-09-13,13.220072247399916
2013-09-14,13.220083070452933
2013-09-15,13.220096998438848
2013-09-16,13.22011403135765
2013-09-17,13.220134169209341
2013-09-18,13.220157411993931
2013-09-19,13.22018375971141
2013-09-20,13.220213212361783
2013-09-21,13.220245769945047
2013-09-22,13.2202814324612
2013-09-23,13.22032019991025
2013-09-24,13.220362072292184
2013-09-25,13.22040704960702
2013-09-26,13.220455131854742
2013-09-27,13.220506319035358
2013-09-28,13.220560611148867
2013-09-29,13.220618008195267
2013-09-30,13.220678510174558
2013-10-01,13.220742117086743
2013-10-02,13.220808828931819
2013-10-03,13.220878645709787
2013-10-04,13.220951567420647
2013-10-05,13.221027594064399
2013-10-06,13.221106725641041
2013-10-07,13.221188962150581
2013-10-08,13.221274303593008
2013-10-09,13.221362749968328
2013-10-10,13.221454301276541
2013-10-11,13.221548957517648
2013-10-12,13.221646718691643
2013-10-13,13.221747584798532
2013-10-14,13.221851555838313
2013-10-15,13.221958631810985
2013-10-16,13.22206881271655
2013-10-17,13.222182098555006
2013-10-18,13.222298489326358
2013-10-19,13.222417985030596
2013-10-20,13.222540585667728
2013-10-21,13.222666291237756
2013-10-22,13.222795101740672
2013-10-23,13.222927017176485
2013-10-24,13.223062037545185
2013-10-25,13.22320016284678
2013-10-26,13.223341393081263
2013-10-27,13.22348572824864
2013-10-28,13.223633168348911
2013-10-29,13.223783713382073
2013-10-30,13.223937363348124
2013-10-31,13.224094118247072
2013-11-01,13.224253978078908
2013-11-02,13.22441694284364
2013-11-03,13.224583012541261
2013-11-04,13.224752187171777
2013-11-05,13.224924466735182
2013-11-06,13.22509985123148
2013-11-07,13.225278340660669
2013-11-08,13.225459935022753
2013-11-09,13.225644634317728
2013-11-10,13.225832438545595
2013-11-11,13.226023347706352
2013-11-12,13.226217361800003
2013-11-13,13.226414480826545
2013-11-14,13.22661470478598
2013-11-15,13.226818033678308
2013-11-16,13.227024467503526
2013-11-17,13.227229885249344
2013-11-18,13.22743016590347
2013-11-19,13.227625309465905
2013-11-20,13.227815315936647
2013-11-21,13.228000185315693
2013-11-22,13.228179917603054
2013-11-23,13.228354512798715
2013-11-24,13.228523970902687
2013-11-25,13.228688291914969
2013-11-26,13.228847475835554
2013-11-27,13.22900152266445
2013-11-28,13.229150432401653
2013-11-29,13.229294205047163
2013-11-30,13.22943284060098
2013-12-01,13.229566339063108
2013-12-02,13.229694700433537
2013-12-03,13.22981792471228
2013-12-04,13.22993601189933
2013-12-05,13.230048961994683
2013-12-06,13.230156774998349
2013-12-07,13.230259450910319
2013-12-08,13.230356989730597
2013-12-09,13.230449391459182
2013-12-10,13.23053665609608
2013-12-11,13.230618783641278
2013-12-12,13.230695774094789
2013-12-13,13.230767627456606
2013-12-14,13.230834343726729
2013-12-15,13.23089592290516
2013-12-16,13.230952364991898
2013-12-17,13.231003669986949
2013-12-18,13.231049837890305
2013-12-19,13.231090868701965
2013-12-20,13.231126762421933
2013-12-21,13.231157519050214
2013-12-22,13.231183138586799
2013-12-23,13.231203621031693
2013-12-24,13.231218966384894
2013-12-25,13.231229174646398
2013-12-26,13.231234245816218
2013-12-27,13.23123417989434
2013-12-28,13.231228976880768
2013-12-29,13.23121863677551
2013-12-30,13.231203159578556
2013-12-31,13.231182545289911
2014-01-01,13.231156793909571
2014-01-02,13.231125905437542
2014-01-03,13.231089879873817
2014-01-04,13.2310487172184
2014-01-05,13.231002417471295
2014-01-06,13.230950980632493
2014-01-07,13.230894406702
2014-01-08,13.230832695679815
2014-01-09,13.230765847565939
2014-01-10,13.230693862360368
2014-01-11,13.230616740063105
2014-01-12,13.23053448067415
2014-01-13,13.230447084193502
2014-01-14,13.230354550621163
2014-01-15,13.230256879957135
2014-01-16,13.230154072201408
2014-01-17,13.230046127353992
2014-01-18,13.229933045414883
2014-01-19,13.229814826384082
2014-01-20,13.229691470261589
2014-01-21,13.229562977047404
2014-01-22,13.229429346741524
2014-01-23,13.229290579343953
2014-01-24,13.229146674854688
2014-01-25,13.228997633273734
2014-01-26,13.228843454601085
2014-01-27,13.228684138836744
2014-01-28,13.228519685980714
2014-01-29,13.228350096032987
2014-01-30,13.228175368993568
2014-01-31,13.22799550486246
2014-02-01,13.227810503639656
2014-02-02,13.227620365325162
2014-02-03,13.227425089918976
2014-02-04,13.227224677421098
2014-02-05,13.227019127831523
2014-02-06,13.226808441150261
2014-02-07,13.226592617377305
2014-02-08,13.226371656512654
2014-02-09,13.226145558556313
2014-02-10,13.22591432350828
2014-02-11,13.225677951368555
2014-02-12,13.225436442137134
2014-02-13,13.225189795814023
2014-02-14,13.224938012399221
2014-02-15,13.224681091892723
2014-02-16,13.224423404252772
2014-02-17,13.224169319437609
2014-02-18,13.223918837447226
2014-02-19,13.22367195828163
2014-02-20,13.223428681940815
2014-02-21,13.223189008424784
2014-02-22,13.222952937733536
2014-02-23,13.222720469867077
2014-02-24,13.222491604825398
2014-02-25,13.222266342608503
2014-02-26,13.222044683216394
2014-02-27,13.221826626649067
2014-02-28,13.221612172906525
2014-03-01,13.221401321988766
2014-03-02,13.221194073895791
2014-03-03,13.220990428627603
2014-03-04,13.220790386184197
2014-03-05,13.22059394656557
2014-03-06,13.220401109771732
2014-03-07,13.220211875802677
2014-03-08,13.220026244658408
2014-03-09,13.21984421633892
2014-03-10,13.219665790844218
2014-03-11,13.2194909681743
2014-03-12,13.219319748329166
2014-03-13,13.219152131308812
2014-03-14,13.218988117113245
2014-03-15,13.218827705742463
2014-03-16,13.218670897196464
2014-03-17,13.218517691475245
2014-03-18,13.218368088578817
2014-03-19,13.218222088507169
2014-03-20,13.218079691260307
2014-03-21,13.217940896838225
2014-03-22,13.217805705240934
2014-03-23,13.217674116468418
2014-03-24,13.217546130520693
2014-03-25,13.217421747397749
2014-03-26,13.217300967099588
2014-03-27,13.217183789626212
2014-03-28,13.217070214977623
2014-03-29,13.216960243153814
2014-03-30,13.216853874154792
2014-03-31,13.21675110798055
2014-04-01,13.216651944631096
2014-04-02,13.216556384106424
2014-04-03,13.216464426406535
2014-04-04,13.21637607153143
2014-04-05,13.21629131948111
2014-04-06,13.216210170255575
2014-04-07,13.216132623854822
2014-04-08,13.216058680278852
2014-04-09,13.21598833952767
2014-04-10,13.215921601601268
2014-04-11,13.215858466499654
2014-04-12,13.21579893422282
2014-04-13,13.21574300477077
2014-04-14,13.215690678143508
2014-04-15,13.215641954341027
2014-04-16,13.21559683336333
2014-04-17,13.215555315210418
2014-04-18,13.21551739988229
2014-04-19,13.215483087378946
2014-04-20,13.215452377700384
2014-04-21,13.215425270846605
2014-04-22,13.215401766817614
2014-04-23,13.215381865613406
2014-04-24,13.215365567233977
2014-04-25,13.215352871679338
2014-04-26,13.215343778949482
2014-04-27,13.215338289044409
2014-04-28,13.21533640196412
2014-04-29,13.215338117708615
2014-04-30,13.215343436277895
2014-05-01,13.215352357671957
2014-05-02,13.215364881890803
2014-05-03,13.215381008934434
2014-05-04,13.215400738802849
2014-05-05,13.215424071496047
2014-05-06,13.215451007014028
2014-05-07,13.215481545356795
2014-05-08,13.215515686524347
2014-05-09,13.215553430516682
2014-05-10,13.215594777333799
2014-05-11,13.215639726975702
2014-05-12,13.215688279442388
2014-05-13,13.215740434733858
2014-05-14,13.215796192850112
2014-05-15,13.215855553791151
2014-05-16,13.215918517556972
2014-05-17,13.215984588838259
2014-05-18,13.216050795779086
2014-05-19,13.216116643070139
2014-05-20,13.216182130711413
2014-05-21,13.216247258702907
2014-05-22,13.216312027044626
2014-05-23,13.21637643573657
2014-05-24,13.216440484778733
2014-05-25,13.216504174171119
2014-05-26,13.21656750391373
2014-05-27,13.21663047400656
2014-05-28,13.216693084449615
2014-05-29,13.21675533524289
2014-05-30,13.216817226386391
2014-05-31,13.216878757880112
2014-06-01,13.216939929724056
2014-06-02,13.217000741918222
2014-06-03,13.217061194462612
2014-06-04,13.217121287357228
2014-06-05,13.21718102060206
2014-06-06,13.217240394197116
2014-06-07,13.217299408142399
2014-06-08,13.2173580624379
2014-06-09,13.217416357083623
2014-06-10,13.217474292079572
2014-06-11,13.217531867425745
2014-06-12,13.217589083122135
2014-06-13,13.217645939168747
2014-06-14,13.217702435565588
2014-06-15,13.217758572312647
2014-06-16,13.217814349409931
2014-06-17,13.217869766857438
2014-06-18,13.217924824655162
2014-06-19,13.217979522803116
2014-06-20,13.218033861301286
2014-06-21,13.218087840149684
2014-06-22,13.2181414593483
2014-06-23,13.218194718897143
2014-06-24,13.218247618796205
2014-06-25,13.218300159045492
2014-06-26,13.218352339645
2014-06-27,13.218404160594734
2014-06-28,13.218455621894686
2014-06-29,13.21850672354486
2014-06-30,13.21855746554526
2014-07-01,13.218607847895882
2014-07-02,13.218657870596726
2014-07-03,13.218707533647791
2014-07-04,13.218756837049082
2014-07-05,13.218805780800592
2014-07-06,13.218854364902327
2014-07-07,13.218902589354283
2014-07-08,13.218950454156463
2014-07-09,13.218997959308865
2014-07-10,13.21904510481149
2014-07-11,13.219091890664334
2014-07-12,13.219138316867404
2014-07-13,13.219184383420696
2014-07-14,13.21923009032421
2014-07-15,13.219275437577947
2014-07-16,13.219320425181909
2014-07-17,13.219365053136091
2014-07-18,13.219409321440496
2014-07-19,13.219453230095125
2014-07-20,13.219496779099975
2014-07-21,13.219539968455045
2014-07-22,13.219582798160342
2014-07-23,13.219625268215859
2014-07-24,13.219667378621601
2014-07-25,13.219709129377563
2014-07-26,13.219750520483746
2014-07-27,13.219791551940155
2014-07-28,13.219832223746787
2014-07-29,13.21987253590364
2014-07-30,13.219912488410717
2014-07-31,13.21995208126801
2014-08-01,13.219991314475532
2014-08-02,13.220030188033277
2014-08-03,13.22006870194124
2014-08-04,13.22010685619943
2014-08-05,13.220144650807843
2014-08-06,13.220182085766474
2014-08-07,13.220219161075331
2014-08-08,13.220255876734411
2014-08-09,13.220292232743713
2014-08-10,13.220328229103234
2014-08-11,13.220363865812981
2014-08-12,13.220399142872953
2014-08-13,13.220434060283143
2014-08-14,13.220468618043554
2014-08-15,13.220502816154193
2014-08-16,13.220536654615051
2014-08-17,13.2205713934805
2014-08-18,13.220608292804908
2014-08-19,13.220647352588273
2014-08-20,13.220688572830598
2014-08-21,13.220731953531878
2014-08-22,13.220777494692117
2014-08-23,13.220825196311315
2014-08-24,13.220875058389469
2014-08-25,13.220927080926586
2014-08-26,13.220981263922656
2014-08-27,13.221037607377687
2014-08-28,13.221096111291674
2014-08-29,13.221156775664618
2014-08-30,13.221219600496523
2014-08-31,13.221284585787386
2014-09-01,13.221351731537206
2014-09-02,13.22142103774598
2014-09-03,13.221492504413717
2014-09-04,13.221566131540413
2014-09-05,13.221641919126064
2014-09-06,13.221719867170671
2014-09-07,13.22179997567424
2014-09-08,13.221882244636767
2014-09-09,13.22196667405825
2014-09-10,13.222053263938692
2014-09-11,13.222142014278091
2014-09-12,13.222232925076451
2014-09-13,13.222325996333765
2014-09-14,13.222421228050038
2014-09-15,13.222518620225273
2014-09-16,13.222618172859463
2014-09-17,13.22271988595261
2014-09-18,13.222823759504717
2014-09-19,13.22292979351578
2014-09-20,13.223037987985801
2014-09-21,13.223148342914783
2014-09-22,13.223260858302718
2014-09-23,13.223375534149616
2014-09-24,13.223492370455467
2014-09-25,13.223611367220283
2014-09-26,13.22373252444405
2014-09-27,13.22385584212678
2014-09-28,13.223981320268466
2014-09-29,13.224108958869111
2014-09-30,13.22423875792871
2014-10-01,13.22437071744727
2014-10-02,13.22450483742479
2014-10-03,13.224641117861266
2014-10-04,13.224779558756701
2014-10-05,13.224920160111092
2014-10-06,13.22506292192444
2014-10-07,13.225207844196753
2014-10-08,13.225354926928016
2014-10-09,13.22550417011824
2014-10-10,13.225655573767423
2014-10-11,13.225809137875565
2014-10-12,13.225964862442664
2014-10-13,13.226122747468718
2014-10-14,13.226282792953732
2014-10-15,13.226444998897705
2014-10-16,13.226609365300636
2014-10-17,13.226775892162525
2014-10-18,13.22694457948337
2014-10-19,13.227115427263174
2014-10-20,13.227288435501936
2014-10-21,13.227463604199656
2014-10-22,13.227640933356337
2014-10-23,13.227820422971975
2014-10-24,13.228002073046568
2014-10-25,13.22818588358012
2014-10-26,13.22837185457263
2014-10-27,13.228559986024097
2014-10-28,13.228750277934523
2014-10-29,13.22894273030391
2014-10-30,13.229137343132251
2014-10-31,13.229334116419551
2014-11-01,13.22953305016581
2014-11-02,13.22973414437103
2014-11-03,13.229937399035201
2014-11-04,13.230142814158336
2014-11-05,13.230350389740426
2014-11-06,13.230560125781476
2014-11-07,13.23077202228148
2014-11-08,13.230986079240447
2014-11-09,13.231202296658369
2014-11-10,13.231420674535249
2014-11-11,13.23164121287109
2014-11-12,13.231863911665885
2014-11-13,13.232088770919638
2014-11-14,13.232315790632352
2014-11-15,13.232544970804023
2014-11-16,13.232776311434652
2014-11-17,13.233007259814636
2014-11-18,13.23323526323437
2014-11-19,13.23346032169386
2014-11-20,13.2336824351931
2014-11-21,13.23390160373209
2014-11-22,13.234117827310836
2014-11-23,13.23433110592933
2014-11-24,13.234541439587575
2014-11-25,13.23474882828558
2014-11-26,13.234953272023331
2014-11-27,13.235154770800838
2014-11-28,13.235353324618094
2014-11-29,13.235548933475103
2014-11-30,13.235741597371865
2014-12-01,13.235931316308378
2014-12-02,13.23611809028464
2014-12-03,13.236301919300661
2014-12-04,13.236482803356427
2014-12-05,13.236660742451948
2014-12-06,13.236835736587222
2014-12-07,13.237007785762248
2014-12-08,13.237176889977025
2014-12-09,13.237343049231557
2014-12-10,13.237506263525837
2014-12-11,13.237666532859869
2014-12-12,13.237823857233657
2014-12-13,13.237978236647194
2014-12-14,13.238129671100483
2014-12-15,13.238278160593524
2014-12-16,13.23842370512632
2014-12-17,13.238566304698866
2014-12-18,13.238705959311165
2014-12-19,13.238842668963214
2014-12-20,13.238976433655017
2014-12-21,13.239107253386573
2014-12-22,13.239235128157878
2014-12-23,13.239360057968936
2014-12-24,13.239482042819748
2014-12-25,13.239601082710308
2014-12-26,13.239717177640626
2014-12-27,13.239830327610694
2014-12-28,13.23994053262051
2014-12-29,13.240047792670081
2014-12-30,13.240152107759405
2014-12-31,13.24025347788848
2015-01-01,13.240351903057308
2015-01-02,13.240447383265888
2015-01-03,13.240539918514216
2015-01-04,13.2406295088023
2015-01-05,13.240716154130137
2015-01-06,13.240799854497725
2015-01-07,13.240880609905066
2015-01-08,13.240958420352158
2015-01-09,13.241033285839002
2015-01-10,13.241105206365596
2015-01-11,13.241174181931944
2015-01-12,13.241240212538044
2015-01-13,13.241303298183896
2015-01-14,13.241363438869499
2015-01-15,13.24142063459486
2015-01-16,13.241474885359965
2015-01-17,13.241526191164827
2015-01-18,13.241574552009439
2015-01-19,13.241619967893802
2015-01-20,13.24166243881792
2015-01-21,13.24170196478179
2015-01-22,13.241738545785411
2015-01-23,13.241772181828782
2015-01-24,13.241802872911906
2015-01-25,13.241830619034786
2015-01-26,13.241855420197414
2015-01-27,13.241877276399794
2015-01-28,13.241896187641927
2015-01-29,13.241912153923815
2015-01-30,13.241925175245452
2015-01-31,13.241935251606842
2015-02-01,13.24194238300798
2015-02-02,13.241946569448876
2015-02-03,13.241947810929524
2015-02-04,13.24194610744992
2015-02-05,13.241941459010068
2015-02-06,13.241933865609973
2015-02-07,13.241923327249628
2015-02-08,13.241909843929033
2015-02-09,13.241893415648192
2015-02-10,13.241874042407101
2015-02-11,13.241851724205764
2015-02-12,13.241826461044177
2015-02-13,13.241798252922344
2015-02-14,13.241767099840263
2015-02-15,13.241733001797932
2015-02-16,13.24169783383648
2015-02-17,13.241663470997034
2015-02-18,13.241629913279587
2015-02-19,13.241597160684146
2015-02-20,13.241565213210704
2015-02-21,13.241534070859267
2015-02-22,13.241503733629834
2015-02-23,13.241474201522406
2015-02-24,13.24144547453698
2015-02-25,13.241417552673552
2015-02-26,13.241390435932134
2015-02-27,13.241364124312712
2015-02-28,13.2413386178153
2015-03-01,13.241313916439887
2015-03-02,13.241290020186476
2015-03-03,13.241266929055072
2015-03-04,13.241244643045668
2015-03-05,13.241223162158269
2015-03-06,13.24120248639287
2015-03-07,13.241182615749478
2015-03-08,13.241163550228087
2015-03-09,13.2411452898287
2015-03-10,13.241127834551314
2015-03-11,13.241111184395933
2015-03-12,13.241095339362555
2015-03-13,13.241080299451177
2015-03-14,13.241066064661807
2015-03-15,13.241052634994436
2015-03-16,13.241040010449073
2015-03-17,13.241028191025705
2015-03-18,13.241017176724343
2015-03-19,13.241006967544989
2015-03-20,13.240997563487635
2015-03-21,13.240988964552283
2015-03-22,13.240981170738934
2015-03-23,13.240974182047589
2015-03-24,13.240967998478249
2015-03-25,13.240962620030906
2015-03-26,13.240958046705572
2015-03-27,13.240954278502238
2015-03-28,13.240951315420908
2015-03-29,13.240949157461582
2015-03-30,13.240947804624259
2015-03-31,13.240947256908937
2015-04-01,13.24094751431562
2015-04-02,13.240948576844307
2015-04-03,13.240950444494992
2015-04-04,13.240953117267683
2015-04-05,13.240956595162379
2015-04-06,13.240960878179077
2015-04-07,13.240965966317775
2015-04-08,13.240971859578478
2015-04-09,13.240978557961185
2015-04-10,13.240986061465897
2015-04-11,13.24099437009261
2015-04-12,13.241003483841324
2015-04-13,13.24101340271204
2015-04-14,13.241024126704765
2015-04-15,13.241035655819488
2015-04-16,13.241047990056217
2015-04-17,13.241061129414948
2015-04-18,13.241075073895683
2015-04-19,13.24108982349842
2015-04-20,13.241105378223157
2015-04-21,13.2411217380699
2015-04-22,13.241138903038646
2015-04-23,13.241156873129398
2015-04-24,13.24117564834215
2015-04-25,13.241195228676903
2015-04-26,13.241215614133662
2015-04-27,13.241236804712422
2015-04-28,13.241258800413188
2015-04-29,13.241281601235954
2015-04-30,13.241305207180728
2015-05-01,13.241329618247502
2015-05-02,13.241354834436276
2015-05-03,13.241380855747057
2015-05-04,13.241407682179839
2015-05-05,13.241435313734623
2015-05-06,13.241463750411409
2015-05-07,13.241492992210205
2015-05-08,13.241523039131
2015-05-09,13.241553891173798
2015-05-10,13.241585548338598
2015-05-11,13.241618010625402
2015-05-12,13.241651278034208
2015-05-13,13.241685350565017
2015-05-14,13.241720228217831
2015-05-15,13.241755910992648
2015-05-16,13.241792398889466
2015-05-17,13.241829459642629
2015-05-18,13.24186569965817
2015-05-19,13.241900886670425
2015-05-20,13.241935020679401
2015-05-21,13.24196810168509
2015-05-22,13.2420001296875
2015-05-23,13.242031104686626
2015-05-24,13.242061026682473
2015-05-25,13.242089895675031
2015-05-26,13.24211771166431
2015-05-27,13.242144474650306
2015-05-28,13.24217018463302
2015-05-29,13.24219484161245
2015-05-30,13.242218445588598
2015-05-31,13.242240996561465
2015-06-01,13.242262494531047
2015-06-02,13.242282939497345
2015-06-03,13.242302331460364
2015-06-04,13.242320670420098
2015-06-05,13.242337956376554
2015-06-06,13.242354189329722
2015-06-07,13.242369369279608
2015-06-08,13.242383496226212
2015-06-09,13.242396570169534
2015-06-10,13.242408591109573
2015-06-11,13.242419559046331
2015-06-12,13.242429473979803
2015-06-13,13.242438335909995
2015-06-14,13.242446144836904
2015-06-15,13.242452900760531
2015-06-16,13.242458603680873
2015-06-17,13.242463253597935
2015-06-18,13.242466850511711
2015-06-19,13.242469394422208
2015-06-20,13.24247088532942
2015-06-21,13.242471323233351
2015-06-22,13.242470708133997
2015-06-23,13.242469040031363
2015-06-24,13.242466318925445
2015-06-25,13.242462544816245
2015-06-26,13.242457717703761
2015-06-27,13.242451837587996
2015-06-28,13.242444904468949
2015-06-29,13.242436918346616
2015-06-30,13.242427879221005
2015-07-01,13.242417787092108
2015-07-02,13.24240664195993
2015-07-03,13.242394443824468
2015-07-04,13.242381192685723
2015-07-05,13.242366888543696
2015-07-06,13.24235153139839
2015-07-07,13.242335121249798
2015-07-08,13.242317658097923
2015-07-09,13.242299141942764
2015-07-10,13.242279572784327
2015-07-11,13.242258950622602
2015-07-12,13.242237275457596
2015-07-13,13.242214547289308
2015-07-14,13.24219076611774
2015-07-15,13.242165931942889
2015-07-16,13.242140044764753
2015-07-17,13.242113104583334
2015-07-18,13.242085111398636
2015-07-19,13.242056065210651
2015-07-20,13.242025966019385
2015-07-21,13.241994813824835
2015-07-22,13.241962608627006
2015-07-23,13.241929350425892
2015-07-24,13.241895039221497
2015-07-25,13.241859675013817
2015-07-26,13.241823257802855
2015-07-27,13.241785787588608
2015-07-28,13.241747264371085
2015-07-29,13.241707688150274
2015-07-30,13.241667058926183
2015-07-31,13.241625376698805
2015-08-01,13.241582641468149
2015-08-02,13.241538853234207
2015-08-03,13.241494011996984
2015-08-04,13.241448117756482
2015-08-05,13.241401170512693
2015-08-06,13.241353170265622
2015-08-07,13.241304117015268
2015-08-08,13.241254010761635
2015-08-09,13.241202851504715
2015-08-10,13.241150639244513
2015-08-11,13.241097373981031
2015-08-12,13.241043055714265
2015-08-13,13.240987684444214
2015-08-14,13.240931260170882
2015-08-15,13.240873782894269
2015-08-16,13.240815252614372
2015-08-17,13.240757327979807
2015-08-18,13.240701667639199
2015-08-19,13.24064827159254
2015-08-20,13.240597139839833
2015-08-21,13.240548272381082
2015-08-22,13.240501669216277
2015-08-23,13.240457330345428
2015-08-24,13.240415255768527
2015-08-25,13.240375445485585
2015-08-26,13.240337899496588
2015-08-27,13.240302617801547
2015-08-28,13.240269600400456
2015-08-29,13.240238847293316
2015-08-30,13.240210358480129
2015-08-31,13.240184133960893
2015-09-01,13.240160173735614
2015-09-02,13.240138477804281
2015-09-03,13.240119046166901
2015-09-04,13.240101878823475
2015-09-05,13.240086975773998
2015-09-06,13.240074337018475
2015-09-07,13.240063962556906
2015-09-08,13.240055852389286
2015-09-09,13.240050006515618
2015-09-10,13.240046424935903
2015-09-11,13.240045107650142
2015-09-12,13.24004605465833
2015-09-13,13.240049265960469
2015-09-14,13.24005474155656
2015-09-15,13.240062481446609
2015-09-16,13.240072485630604
2015-09-17,13.240084754108551
2015-09-18,13.240099286880453
2015-09-19,13.240116083946305
2015-09-20,13.24013514530611
2015-09-21,13.240156470959866
2015-09-22,13.240180060907573
2015-09-23,13.240205915149232
2015-09-24,13.240234033684844
2015-09-25,13.240264416514412
2015-09-26,13.240297063637923
2015-09-27,13.240331975055392
2015-09-28,13.240369150766812
2015-09-29,13.240408590772184
2015-09-30,13.240450295071511
2015-10-01,13.240494263664786
2015-10-02,13.240540496552013
2015-10-03,13.24058899373319
2015-10-04,13.240639755208322
2015-10-05,13.240692780977406
2015-10-06,13.240748071040443
2015-10-07,13.240805625397432
2015-10-08,13.240865444048369
2015-10-09,13.240927526993264
2015-10-10,13.240991874232105
2015-10-11,13.241058485764901
2015-10-12,13.241127361591651
2015-10-13,13.241198501712347
2015-10-14,13.241271906126999
2015-10-15,13.2413475748356
2015-10-16,13.241425507838157
2015-10-17,13.241505705134665
2015-10-18,13.241588166725121
2015-10-19,13.241672892609534
2015-10-20,13.241759882787898
2015-10-21,13.241849137260214
2015-10-22,13.241940656026477
2015-10-23,13.242034439086696
2015-10-24,13.24213048644087
2015-10-25,13.242228798088991
2015-10-26,13.242329374031064
2015-10-27,13.24243221426709
2015-10-28,13.242537318797073
2015-10-29,13.242644687621002
2015-10-30,13.242754320738884
2015-10-31,13.24286621815072
2015-11-01,13.242980379856503
2015-11-02,13.243096805856243
2015-11-03,13.243215496149933
2015-11-04,13.243336450737575
2015-11-05,13.24345966961917
2015-11-06,13.243585152794715
2015-11-07,13.243712900264216
2015-11-08,13.243842912027663
2015-11-09,13.243975188085066
2015-11-10,13.24410972843642
2015-11-11,13.244246533081725
2015-11-12,13.244385602020984
2015-11-13,13.244526935254193
2015-11-14,13.244670532781356
2015-11-15,13.244816394602468
2015-11-16,13.244964520717536
2015-11-17,13.245112508181586
2015-11-18,13.245257954049654
2015-11-19,13.245400858321736
2015-11-20,13.24554122099784
2015-11-21,13.245679042077954
2015-11-22,13.245814321562086
2015-11-23,13.245947059450238
2015-11-24,13.246077255742406
2015-11-25,13.246204910438589
2015-11-26,13.24633002353879
2015-11-27,13.24645259504301
2015-11-28,13.246572624951243
2015-11-29,13.246690113263494
2015-11-30,13.246805059979762
2015-12-01,13.246917465100049
2015-12-02,13.247027328624347
2015-12-03,13.247134650552669
2015-12-04,13.247239430885005
2015-12-05,13.247341669621354
2015-12-06,13.247441366761723
2015-12-07,13.24753852230611
2015-12-08,13.24763313625451
2015-12-09,13.24772520860693
2015-12-10,13.247814739363367
2015-12-11,13.247901728523816
2015-12-12,13.247986176088286
2015-12-13,13.248068082056772
2015-12-14,13.248147446429275
2015-12-15,13.248224269205796
2015-12-16,13.248298550386332
2015-12-17,13.248370289970888
2015-12-18,13.248439487959455
2015-12-19,13.24850614435204
2015-12-20,13.248570259148643
2015-12-21,13.248631832349265
2015-12-22,13.2486908639539
2015-12-23,13.248747353962555
2015-12-24,13.248801302375227
2015-12-25,13.248852709191912
2015-12-26,13.248901574412617
2015-12-27,13.248947898037338
2015-12-28,13.248991680066073
2015-12-29,13.249032920498829
2015-12-30,13.249071619335602
2015-12-31,13.24910777657639
2016-01-01,13.249141392221192
2016-01-02,13.249172466270014
2016-01-03,13.24920099872285
2016-01-04,13.249226989579705
2016-01-05,13.249250438840578
2016-01-06,13.249271346505466
2016-01-07,13.249289712574372
2016-01-08,13.249305537047293
2016-01-09,13.249318819924234
2016-01-10,13.249329561205187
2016-01-11,13.24933776089016
2016-01-12,13.249343418979148
2016-01-13,13.249346535472155
2016-01-14,13.249347110369179
2016-01-15,13.249345143670219
2016-01-16,13.249340635375273
2016-01-17,13.249333585484347
2016-01-18,13.249323993997436
2016-01-19,13.249311860914542
2016-01-20,13.249297186235665
2016-01-21,13.249279969960806
2016-01-22,13.249260212089961
2016-01-23,13.249237912623135
2016-01-24,13.249213071560325
2016-01-25,13.249185688901532
2016-01-26,13.249155764646755
2016-01-27,13.249123298795997
2016-01-28,13.249088291349254
2016-01-29,13.249050742306528
2016-01-30,13.249010651667819
2016-01-31,13.248968019433127
2016-02-01,13.248922845602449
2016-02-02,13.24887513017579
2016-02-03,13.248824873153147
2016-02-04,13.248772074534521
2016-02-05,13.248716734319915
2016-02-06,13.248658852509323
2016-02-07,13.24859842910275
2016-02-08,13.24853546410019
2016-02-09,13.248469957501648
2016-02-10,13.248401909307125
2016-02-11,13.248331319516614
2016-02-12,13.248258188130125
2016-02-13,13.248182515147649
2016-02-14,13.248104300569192
2016-02-15,13.248023544394751
2016-02-16,13.247940748503357
2016-02-17,13.247858924169224
2016-02-18,13.247778573271379
2016-02-19,13.247699695809827
2016-02-20,13.24762229178456
2016-02-21,13.247546361195582
2016-02-22,13.247471904042898
2016-02-23,13.2473989203265
2016-02-24,13.247327410046395
2016-02-25,13.24725737320258
2016-02-26,13.24718880979505
2016-02-27,13.247121719823815
2016-02-28,13.247056103288866
2016-02-29,13.246991960190208
2016-03-01,13.246929290527838
2016-03-02,13.246868094301762
2016-03-03,13.246808371511973
2016-03-04,13.246750122158476
2016-03-05,13.246693346241262
2016-03-06,13.246638043760344
2016-03-07,13.246584214715714
2016-03-08,13.246531859107375
2016-03-09,13.246480976935324
2016-03-10,13.246431568199561
2016-03-11,13.24638363290009
2016-03-12,13.246337171036908
2016-03-13,13.246292182610016
2016-03-14,13.246248667619412
2016-03-15,13.2462066260651
2016-03-16,13.246166057947079
2016-03-17,13.246126963265343
2016-03-18,13.246089342019902
2016-03-19,13.246053194210747
2016-03-20,13.246018519837886
2016-03-21,13.24598531890131
2016-03-22,13.245953591401026
2016-03-23,13.245923337337032
2016-03-24,13.245894556709326
2016-03-25,13.245867249517909
2016-03-26,13.245841415762783
2016-03-27,13.245817055443949
2016-03-28,13.245794168561401
2016-03-29,13.245772755115144
2016-03-30,13.245752815105178
2016-03-31,13.2457343485315
2016-04-01,13.245717355394111
2016-04-02,13.245701835693016
2016-04-03,13.245687789428208
2016-04-04,13.245675216599688
2016-04-05,13.245664117207458
2016-04-06,13.245654491251521
2016-04-07,13.24564633873187
2016-04-08,13.24563965964851
2016-04-09,13.245634454001442
2016-04-10,13.245630721790663
2016-04-11,13.24562846301617
2016-04-12,13.24562767767797
2016-04-13,13.24562836577606
2016-04-14,13.245630527310436
2016-04-15,13.245634162281105
2016-04-16,13.245639270688063
2016-04-17,13.245645852531313
2016-04-18,13.245653907810848
2016-04-19,13.245663436526675
2016-04-20,13.245674438678794
2016-04-21,13.2456869142672
2016-04-22,13.245700863291894
2016-04-23,13.24571628575288
2016-04-24,13.245733181650158
2016-04-25,13.245751550983723
2016-04-26,13.245771393753577
2016-04-27,13.245792709959721
2016-04-28,13.245815499602156
2016-04-29,13.24583976268088
2016-04-30,13.245865499195894
2016-05-01,13.2458927091472
2016-05-02,13.24592139253479
2016-05-03,13.245951549358672
2016-05-04,13.245983179618847
2016-05-05,13.24601628331531
2016-05-06,13.246050860448058
2016-05-07,13.246086911017102
2016-05-08,13.246124435022434
2016-05-09,13.246163432464053
2016-05-10,13.246203903341964
2016-05-11,13.246245847656166
2016-05-12,13.246289265406656
2016-05-13,13.246334156593438
2016-05-14,13.246380521216505
2016-05-15,13.246428359275864
2016-05-16,13.246477670771512
2016-05-17,13.24652816877375
2016-05-18,13.246578131704354
2016-05-19,13.246627272633617
2016-05-20,13.246675591561546
2016-05-21,13.246723088488135
2016-05-22,13.246769763413393
2016-05-23,13.24681561633731
2016-05-24,13.246860647259892
2016-05-25,13.246904856181136
2016-05-26,13.246948243101043
2016-05-27,13.246990808019614
2016-05-28,13.247032550936845
2016-05-29,13.24707347185274
2016-05-30,13.247113570767304
2016-05-31,13.247152847680525
2016-06-01,13.247191302592412
2016-06-02,13.247228935502962
2016-06-03,13.247265746412173
2016-06-04,13.247301735320052
2016-06-05,13.24733690222659
2016-06-06,13.24737124713179
2016-06-07,13.247404770035656
2016-06-08,13.247437470938186
2016-06-09,13.247469349839378
2016-06-10,13.247500406739231
2016-06-11,13.24753064163775
2016-06-12,13.247560054534931
2016-06-13,13.247588645430774
2016-06-14,13.247616414325284
2016-06-15,13.247643361218454
2016-06-16,13.247669486110288
2016-06-17,13.247694789000786
2016-06-18,13.247719269889945
2016-06-19,13.247742928777766
2016-06-20,13.247765765664253
2016-06-21,13.247787780549405
2016-06-22,13.247808973433214
2016-06-23,13.247829344315694
2016-06-24,13.24784889319683
2016-06-25,13.247867620076633
2016-06-26,13.247885524955102
2016-06-27,13.247902607832229
2016-06-28,13.24791886870802
2016-06-29,13.247934307582474
2016-06-30,13.247948924455594
2016-07-01,13.247962719327376
2016-07-02,13.24797569219782
2016-07-03,13.247987843066928
2016-07-04,13.247999171934698
2016-07-05,13.24800967880113
2016-07-06,13.24801936366623
2016-07-07,13.24802822652999
2016-07-08,13.248036267392413
2016-07-09,13.2480434862535
2016-07-10,13.24804988311325
2016-07-11,13.248055457971661
2016-07-12,13.24806021082874
2016-07-13,13.248064141684479
2016-07-14,13.248067250538881
2016-07-15,13.248069537391947
2016-07-16,13.248071002243677
2016-07-17,13.248071645094068
2016-07-18,13.248071465943124
2016-07-19,13.248070464790839
2016-07-20,13.248068641637223
2016-07-21,13.248065996482266
2016-07-22,13.248062529325976
2016-07-23,13.248058240168348
2016-07-24,13.248053129009381
2016-07-25,13.248047195849079
2016-07-26,13.24804044068744
2016-07-27,13.248032863524463
2016-07-28,13.24802446436015
2016-07-29,13.248015243194502
2016-07-30,13.248005200027515
2016-07-31,13.247994334859188
2016-08-01,13.247982647689533
2016-08-02,13.24797013851853
2016-08-03,13.247956807346197
2016-08-04,13.247942654172528
2016-08-05,13.24792767899752
2016-08-06,13.247911881821175
2016-08-07,13.247895262643492
2016-08-08,13.247877821464476
2016-08-09,13.247859558284121
2016-08-10,13.247840473102428
2016-08-11,13.247820565919397
2016-08-12,13.247799836735034
2016-08-13,13.24777828554933
2016-08-14,13.247755912362292
2016-08-15,13.247732717173918
2016-08-16,13.247708699984205
2016-08-17,13.247684997241288
2016-08-18,13.24766274539331
2016-08-19,13.247641944440264
2016-08-20,13.247622594382154
2016-08-21,13.247604695218975
2016-08-22,13.24758824695073
2016-08-23,13.247573249577423
2016-08-24,13.247559703099048
2016-08-25,13.247547607515608
2016-08-26,13.247536962827102
2016-08-27,13.24752776903353
2016-08-28,13.247520026134895
2016-08-29,13.24751373413119
2016-08-30,13.24750889302242
2016-08-31,13.247505502808584
2016-09-01,13.247503563489687
2016-09-02,13.247503075065717
2016-09-03,13.247504037536686
2016-09-04,13.247506450902588
2016-09-05,13.247510315163424
2016-09-06,13.247515630319196
2016-09-07,13.247522396369899
2016-09-08,13.247530613315538
2016-09-09,13.247540281156112
2016-09-10,13.247551399891618
2016-09-11,13.24756396952206
2016-09-12,13.247577990047434
2016-09-13,13.247593461467744
2016-09-14,13.24761038378299
2016-09-15,13.247628756993171
2016-09-16,13.24764858109828
2016-09-17,13.247669856098328
2016-09-18,13.247692581993311
2016-09-19,13.247716758783223
2016-09-20,13.247742386468074
2016-09-21,13.247769465047858
2016-09-22,13.247797994522575
2016-09-23,13.247827974892228
2016-09-24,13.247859406156813
2016-09-25,13.247892288316336
2016-09-26,13.247926621370791
2016-09-27,13.24796240532018
2016-09-28,13.247999640164503
2016-09-29,13.248038325903762
2016-09-30,13.24807846253795
2016-10-01,13.248120050067078
2016-10-02,13.24816308849114
2016-10-03,13.248207577810133
2016-10-04,13.248253518024063
2016-10-05,13.248300909132924
2016-10-06,13.248349751136722
2016-10-07,13.248400044035453
2016-10-08,13.248451787829119
2016-10-09,13.24850498251772
2016-10-10,13.248559628101255
2016-10-11,13.248615724579722
2016-10-12,13.248673271953127
2016-10-13,13.248732270221462
2016-10-14,13.248792719384733
2016-10-15,13.248854619442938
2016-10-16,13.248917970396077
2016-10-17,13.248982772244151
2016-10-18,13.24904902498716
2016-10-19,13.2491167286251
2016-10-20,13.249185883157974
2016-10-21,13.249256488585788
2016-10-22,13.249328544908533
2016-10-23,13.249402052126213
2016-10-24,13.249477010238827
2016-10-25,13.249553419246372
2016-10-26,13.249631279148856
2016-10-27,13.249710589946268
2016-10-28,13.249791351638622
2016-10-29,13.249873564225904
2016-10-30,13.249957227708123
2016-10-31,13.250042342085276
2016-11-01,13.250128907357364
2016-11-02,13.250216923524386
2016-11-03,13.250306390586342
2016-11-04,13.250397308543231
2016-11-05,13.250489677395054
2016-11-06,13.250583497141815
2016-11-07,13.250678767783505
2016-11-08,13.250775489320134
2016-11-09,13.250873661751694
2016-11-10,13.250973285078189
2016-11-11,13.251074359299619
2016-11-12,13.251176884415981
2016-11-13,13.25128086042728
2016-11-14,13.251386287333512
2016-11-15,13.25149316513468
2016-11-16,13.25160149383078
2016-11-17,13.251709960935573
2016-11-18,13.251817253962823
2016-11-19,13.25192337291253
2016-11-20,13.252028317784692
2016-11-21,13.252132088579305
2016-11-22,13.252234685296383
2016-11-23,13.252336107935905
2016-11-24,13.252436356497887
2016-11-25,13.252535430982327
2016-11-26,13.25263333138922
2016-11-27,13.25273005771857
2016-11-28,13.25282560997037
2016-11-29,13.25291998814463
2016-11-30,13.253013192241344
2016-12-01,13.253105222260514
2016-12-02,13.253196078202135
2016-12-03,13.253285760066218
2016-12-04,13.253374267852754
2016-12-05,13.253461601561744
2016-12-06,13.25354776119319
2016-12-07,13.253632746747092
2016-12-08,13.253716558223447
2016-12-09,13.253799195622259
2016-12-10,13.25388065894353
2016-12-11,13.253960948187249
2016-12-12,13.254040063353425
2016-12-13,13.25411800444206
2016-12-14,13.254194771453149
2016-12-15,13.25427036438669
2016-12-16,13.254344783242688
2016-12-17,13.254418028021146
2016-12-18,13.254490098722055
2016-12-19,13.254560995345418
2016-12-20,13.254630717891239
2016-12-21,13.254699266359516
2016-12-22,13.254766640750246
2016-12-23,13.254832841063429
2016-12-24,13.254897867299073
2016-12-25,13.254961719457167
2016-12-26,13.25502439753772
2016-12-27,13.255085901540728
2016-12-28,13.255146231466188
2016-12-29,13.255205387314106
2016-12-30,13.25526336908448
2016-12-31,13.255320176777309
2017-01-01,13.255375810392591
2017-01-02,13.255430269930331
2017-01-03,13.255483555390523
2017-01-04,13.255535666773174
2017-01-05,13.25558660407828
2017-01-06,13.25563636730584
2017-01-07,13.255684956455855
2017-01-08,13.255732371528326
2017-01-09,13.255778612523251
2017-01-10,13.25582367944063
2017-01-11,13.255867572280469
2017-01-12,13.25591029104276
2017-01-13,13.255951835727508
2017-01-14,13.25599220633471
2017-01-15,13.256031402864368
2017-01-16,13.256069425316479
2017-01-17,13.25610627369105
2017-01-18,13.256141947988073
2017-01-19,13.256176448207551
2017-01-20,13.256209774349486
2017-01-21,13.256241926413875
2017-01-22,13.25627290440072
2017-01-23,13.256302708310018
2017-01-24,13.256331338141774
2017-01-25,13.256358793895984
2017-01-26,13.25638507557265
2017-01-27,13.256410183171774
2017-01-28,13.256434116693349
2017-01-29,13.256456876137381
2017-01-30,13.256478461503866
2017-01-31,13.25649887279281
2017-02-01,13.256518110004206
2017-02-02,13.256536173138059
2017-02-03,13.25655306219437
2017-02-04,13.256568777173133
2017-02-05,13.256583318074352
2017-02-06,13.256596684898025
2017-02-07,13.256608877644156
2017-02-08,13.256619896312738
2017-02-09,13.256629740903781
2017-02-10,13.256638411417276
2017-02-11,13.256645907853226
2017-02-12,13.256652230211632
2017-02-13,13.256657378492491
2017-02-14,13.25666135269581
2017-02-15,13.25666415282158
2017-02-16,13.25666726579926
2017-02-17,13.256672178558302
2017-02-18,13.256678891098698
2017-02-19,13.25668740342046
2017-02-20,13.25669771552358
2017-02-21,13.256709827408061
2017-02-22,13.256723739073902
2017-02-23,13.256739450521104
2017-02-24,13.256756961749664
2017-02-25,13.256776272759584
2017-02-26,13.256797383550866
2017-02-27,13.256820294123509
2017-02-28,13.25684500447751
2017-03-01,13.256871514612872
2017-03-02,13.256899824529595
2017-03-03,13.256929934227681
2017-03-04,13.256961843707124
2017-03-05,13.256995552967926
2017-03-06,13.257031062010089
2017-03-07,13.257068370833611
2017-03-08,13.257107479438497
2017-03-09,13.25714838782474
2017-03-10,13.257191095992342
2017-03-11,13.257235603941309
2017-03-12,13.257281911671635
2017-03-13,13.257330019183316
2017-03-14,13.257379926476363
2017-03-15,13.257431633550766
2017-03-16,13.257485140406535
2017-03-17,13.257540447043658
2017-03-18,13.257597553462144
2017-03-19,13.257656459661991
2017-03-20,13.257717165643198
2017-03-21,13.257779671405764
2017-03-22,13.257843976949692
2017-03-23,13.257910082274975
2017-03-24,13.257977987381626
2017-03-25,13.258047692269633
2017-03-26,13.258119196939
2017-03-27,13.258192501389727
2017-03-28,13.258267605621816
2017-03-29,13.258344509635265
2017-03-30,13.258423213430072
2017-03-31,13.25850371700624
2017-04-01,13.25858602036377
2017-04-02,13.25867012350266
2017-04-03,13.258756026422907
2017-04-04,13.258843729124518
2017-04-05,13.258933231607486
2017-04-06,13.259024533871818
2017-04-07,13.259117635917505
2017-04-08,13.259212537744556
2017-04-09,13.259309239352968
2017-04-10,13.259407740742738
2017-04-11,13.25950804191387
2017-04-12,13.259610142866359
2017-04-13,13.259714043600212
2017-04-14,13.259819744115426
2017-04-15,13.259927244411996
2017-04-16,13.260036544489925
2017-04-17,13.260147644349221
2017-04-18,13.260260543989872
2017-04-19,13.260375243411884
2017-04-20,13.260491742615258
2017-04-21,13.26061004159999
2017-04-22,13.260730140366084
2017-04-23,13.260852038913537
2017-04-24,13.260975737242351
2017-04-25,13.261101235352523
2017-04-26,13.26122853324406
2017-04-27,13.261357630916953
2017-04-28,13.261488528371208
2017-04-29,13.261621225606824
2017-04-30,13.2617557226238
2017-05-01,13.261892019422135
2017-05-02,13.26203011600183
2017-05-03,13.262170012362883
2017-05-04,13.262311708505301
2017-05-05,13.262455204429077
2017-05-06,13.262600500134212
2017-05-07,13.26274759562071
2017-05-08,13.262896490888567
2017-05-09,13.263047185937783
2017-05-10,13.263199680768361
2017-05-11,13.263353975380298
2017-05-12,13.263510069773595
2017-05-13,13.263667963948253
2017-05-14,13.26382765790427
2017-05-15,13.263989151641649
2017-05-16,13.264152445160388
2017-05-17,13.264317090617672
2017-05-18,13.264480400956595
2017-05-19,13.26464192833434
2017-05-20,13.264801672750913
2017-05-21,13.26495963420631
2017-05-22,13.265115812700529
2017-05-23,13.265270208233575
2017-05-24,13.265422820805444
2017-05-25,13.265573650416137
2017-05-26,13.265722697065655
2017-05-27,13.265869960754
2017-05-28,13.266015441481164
2017-05-29,13.266159139247156
2017-05-30,13.26630105405197
2017-05-31,13.266441185895612
2017-06-01,13.266579534778074
2017-06-02,13.266716100699364
2017-06-03,13.266850883659474
2017-06-04,13.266983883658416
2017-06-05,13.267115100696177
2017-06-06,13.267244534772761
2017-06-07,13.267372185888174
2017-06-08,13.26749805404241
2017-06-09,13.267622139235465
2017-06-10,13.26774444146735
2017-06-11,13.26786496073806
2017-06-12,13.26798369704759
2017-06-13,13.268100650395947
2017-06-14,13.26821582078313
2017-06-15,13.268329208209135
2017-06-16,13.268440812673965
2017-06-17,13.26855063417762
2017-06-18,13.268658672720097
2017-06-19,13.268764928301401
2017-06-20,13.26886940092153
2017-06-21,13.268972090580482
2017-06-22,13.269072997278254
2017-06-23,13.269172121014856
2017-06-24,13.269269461790282
2017-06-25,13.26936501960453
2017-06-26,13.269458794457604
2017-06-27,13.269550786349503
2017-06-28,13.269640995280223
2017-06-29,13.269729421249771
2017-06-30,13.269816064258142
2017-07-01,13.26990092430534
2017-07-02,13.269984001391359
2017-07-03,13.270065295516204
2017-07-04,13.27014480667987
2017-07-05,13.270222534882363
2017-07-06,13.270298480123682
2017-07-07,13.270372642403824
2017-07-08,13.27044502172279
2017-07-09,13.27051561808058
2017-07-10,13.270584431477197
2017-07-11,13.270651461912635
2017-07-12,13.270716709386896
2017-07-13,13.270780173899986
2017-07-14,13.270841855451899
2017-07-15,13.270901754042637
2017-07-16,13.270959869672197
2017-07-17,13.271016202340583
2017-07-18,13.271070752047791
2017-07-19,13.271123518793829
2017-07-20,13.271174502578686
2017-07-21,13.271223703402367
2017-07-22,13.271271121264878
2017-07-23,13.271316756166208
2017-07-24,13.271360608106365
2017-07-25,13.271402677085346
2017-07-26,13.27144296310315
2017-07-27,13.271481466159777
2017-07-28,13.271518186255236
2017-07-29,13.271553123389513
2017-07-30,13.271586277562616
2017-07-31,13.271617648774537
2017-08-01,13.271647237025292
2017-08-02,13.271675042314868
2017-08-03,13.271701064643267
2017-08-04,13.271725304010493
2017-08-05,13.271747760416542
2017-08-06,13.271768433861414
2017-08-07,13.271787324345109
2017-08-08,13.271804431867634
2017-08-09,13.271819756428979
2017-08-10,13.271833298029149
2017-08-11,13.271845056668145
2017-08-12,13.271855032345965
2017-08-13,13.271863225062607
2017-08-14,13.271869634818074
2017-08-15,13.271874261612368
2017-08-16,13.271877105445485
2017-08-17,13.2718788174452
2017-08-18,13.271880048739293
2017-08-19,13.271880799327757
2017-08-20,13.271881069210599
2017-08-21,13.27188085838781
2017-08-22,13.271880166859397
2017-08-23,13.271878994625363
2017-08-24,13.2718773416857
2017-08-25,13.271875208040415
2017-08-26,13.271872593689501
2017-08-27,13.271869498632963
2017-08-28,13.271865922870798
2017-08-29,13.271861866403007
2017-08-30,13.271857329229594
2017-08-31,13.271852311350553
2017-09-01,13.271846812765887
2017-09-02,13.271840833475595
2017-09-03,13.271834373479678
2017-09-04,13.271827432778137
2017-09-05,13.271820011370966
2017-09-06,13.271812109258173
2017-09-07,13.271803726439753
2017-09-08,13.27179486291571
2017-09-09,13.27178551868604
2017-09-10,13.271775693750746
2017-09-11,13.271765388109822
2017-09-12,13.271754601763275
2017-09-13,13.271743334711104
2017-09-14,13.271731586953306
2017-09-15,13.271719358489884
2017-09-16,13.271706649320835
2017-09-17,13.27169345944616
2017-09-18,13.271679788865862
2017-09-19,13.271665637579936
2017-09-20,13.271651005588385
2017-09-21,13.27163589289121
2017-09-22,13.271620299488406
2017-09-23,13.27160422537998
2017-09-24,13.271587670565927
2017-09-25,13.27157063504625
2017-09-26,13.271553118820947
2017-09-27,13.271535121890018
2017-09-28,13.271516644253463
2017-09-29,13.271497685911285
2017-09-30,13.271478246863477
2017-10-01,13.271458327110045
2017-10-02,13.271437926650991
2017-10-03,13.271417045486308
2017-10-04,13.271395683616001
2017-10-05,13.271373841040067
2017-10-06,13.271351517758507
2017-10-07,13.271328713771325
2017-10-08,13.271305429078515
2017-10-09,13.27128166368008
2017-10-10,13.271257417576019
2017-10-11,13.271232690766332
2017-10-12,13.271207483251024
2017-10-13,13.271181795030085
2017-10-14,13.271155626103521
2017-10-15,13.271128976471335
2017-10-16,13.271101846133522
2017-10-17,13.271074235090083
2017-10-18,13.271046143341017
2017-10-19,13.271017570886327
2017-10-20,13.27098851772601
2017-10-21,13.270958983860071
2017-10-22,13.270928969288505
2017-10-23,13.270898474011313
2017-10-24,13.270867498028496
2017-10-25,13.270836041340052
2017-10-26,13.270804103945984
2017-10-27,13.27077168584629
2017-10-28,13.270738787040969
2017-10-29,13.270705407530023
2017-10-30,13.270671547313455
2017-10-31,13.27063720639126
2017-11-01,13.270602384763437
2017-11-02,13.27056708242999
2017-11-03,13.270531299390917
2017-11-04,13.27049503564622
2017-11-05,13.270458291195897
2017-11-06,13.27042106603995
2017-11-07,13.270383360178373
2017-11-08,13.270345173611174
2017-11-09,13.270306506338349
2017-11-10,13.270267358359897
2017-11-11,13.27022772967582
2017-11-12,13.27018762028612
2017-11-13,13.270147030190792
2017-11-14,13.270105959389838
2017-11-15,13.270064407883261
2017-11-16,13.270022375671058
2017-11-17,13.26998097038684
2017-11-18,13.269941299664222
2017-11-19,13.269903363503206
2017-11-20,13.26986716190379
2017-11-21,13.26983269486597
2017-11-22,13.269799962389754
2017-11-23,13.269768964475135
2017-11-24,13.269739701122116
2017-11-25,13.2697121723307
2017-11-26,13.26968637810088
2017-11-27,13.269662318432664
2017-11-28,13.269639993326045
2017-11-29,13.269619402781029
2017-11-30,13.26960054679761
2017-12-01,13.269583425375794
2017-12-02,13.269568038515573
2017-12-03,13.269554386216955
2017-12-04,13.269542468479937
2017-12-05,13.269532285304516
2017-12-06,13.269523836690698
2017-12-07,13.26951712263848
2017-12-08,13.269512143147859
2017-12-09,13.26950889821884
2017-12-10,13.269507387851421
2017-12-11,13.2695076120456
2017-12-12,13.26950957080138
2017-12-13,13.26951326411876
2017-12-14,13.26951869199774
2017-12-15,13.26952585443832
2017-12-16,13.269534751440498
2017-12-17,13.269545383004282
2017-12-18,13.269557749129659
2017-12-19,13.269571849816638
2017-12-20,13.269587685065215
2017-12-21,13.269605254875398
2017-12-22,13.269624559247175
2017-12-23,13.269645598180555
2017-12-24,13.269668371675532
2017-12-25,13.269692879732112
2017-12-26,13.269719122350292
2017-12-27,13.269747099530068
2017-12-28,13.269776811271445
2017-12-29,13.269808257574427
2017-12-30,13.269841438439002
2017-12-31,13.26987635386518
2018-01-01,13.269913003852958
2018-01-02,13.269951388402335
2018-01-03,13.26999150751331
2018-01-04,13.270033361185888
2018-01-05,13.27007694942007
2018-01-06,13.270122272215843
2018-01-07,13.270169329573221
2018-01-08,13.270218121492197
2018-01-09,13.270268647972774
2018-01-10,13.27032090901495
2018-01-11,13.270374904618729
2018-01-12,13.270430634784104
2018-01-13,13.270488099511079
2018-01-14,13.270547298799656
2018-01-15,13.270608232649835
2018-01-16,13.270670901061607
2018-01-17,13.270735304034984
2018-01-18,13.270801441569958
2018-01-19,13.270869313666534
2018-01-20,13.27093892032471
2018-01-21,13.271010261544488
2018-01-22,13.27108333732586
2018-01-23,13.271158147668833
2018-01-24,13.27123469257341
2018-01-25,13.271312972039587
2018-01-26,13.271392986067358
2018-01-27,13.271474734656733
2018-01-28,13.271558217807709
2018-01-29,13.271643435520282
2018-01-30,13.271730387794454
2018-01-31,13.27181907463023
2018-02-01,13.271909496027604
2018-02-02,13.272001651986576
2018-02-03,13.272095542507152
2018-02-04,13.272191167589327
2018-02-05,13.272288527233098
2018-02-06,13.272387621438472
2018-02-07,13.272488450205447
2018-02-08,13.272591013534017
2018-02-09,13.27269531142419
2018-02-10,13.272801343875964
2018-02-11,13.272909110889337
2018-02-12,13.273018612464307
2018-02-13,13.27312984860088
2018-02-14,13.273242819299053
2018-02-15,13.273357524558822
2018-02-16,13.27347193152824
2018-02-17,13.273584007355344
2018-02-18,13.273693752040131
2018-02-19,13.273801165582611
2018-02-20,13.273906247982778
2018-02-21,13.274008999240628
2018-02-22,13.274109419356169
2018-02-23,13.274207508329397
2018-02-24,13.274303266160313
2018-02-25,13.274396692848915
2018-02-26,13.274487788395206
2018-02-27,13.274576552799182
2018-02-28,13.274662986060848
2018-03-01,13.274747088180199
2018-03-02,13.274828859157237
2018-03-03,13.274908298991967
2018-03-04,13.274985407684381
2018-03-05,13.27506018523448
2018-03-06,13.27513263164227
2018-03-07,13.275202746907748
2018-03-08,13.275270531030912
2018-03-09,13.275335984011763
2018-03-10,13.2753991058503
2018-03-11,13.275459896546527
2018-03-12,13.275518356100442
2018-03-13,13.27557448451204
2018-03-14,13.275628281781332
2018-03-15,13.275679747908306
2018-03-16,13.27572888289297
2018-03-17,13.275775686735319
2018-03-18,13.275820159435357
2018-03-19,13.275862300993083
2018-03-20,13.275902111408495
2018-03-21,13.275939590681595
2018-03-22,13.275974738812383
2018-03-23,13.276007555800858
2018-03-24,13.276038041647025
2018-03-25,13.276066196350872
2018-03-26,13.276092019912408
2018-03-27,13.276115512331632
2018-03-28,13.276136673608548
2018-03-29,13.276155503743146
2018-03-30,13.276172002735434
2018-03-31,13.276186170585406
2018-04-01,13.276198007293068
2018-04-02,13.276207512858418
2018-04-03,13.276214687281453
2018-04-04,13.27621953056218
2018-04-05,13.276222042700589
2018-04-06,13.27622222369669
2018-04-07,13.276220073550475
2018-04-08,13.276215592261947
2018-04-09,13.276208779831109
2018-04-10,13.276199636257957
2018-04-11,13.276188161542494
2018-04-12,13.276174355684716
2018-04-13,13.276158218684628
2018-04-14,13.276139750542226
2018-04-15,13.27611895125751
2018-04-16,13.276095820830484
2018-04-17,13.276070359261144
2018-04-18,13.276042566549492
2018-04-19,13.276012442695528
2018-04-20,13.275979987699252
2018-04-21,13.275945201560658
2018-04-22,13.275908084279756
2018-04-23,13.275868635856542
2018-04-24,13.275826856291014
2018-04-25,13.275782745583172
2018-04-26,13.275736303733021
2018-04-27,13.275687530740555
2018-04-28,13.275636426605779
2018-04-29,13.275582991328687
2018-04-30,13.275527224909286
2018-05-01,13.275469127347568
2018-05-02,13.27540869864354
2018-05-03,13.275345938797198
2018-05-04,13.275280847808547
2018-05-05,13.27521342567758
2018-05-06,13.275143672404297
2018-05-07,13.275071587988709
2018-05-08,13.274997172430805
2018-05-09,13.274920425730588
2018-05-10,13.274841347888058
2018-05-11,13.274759938903216
2018-05-12,13.274676198776064
2018-05-13,13.274590127506595
2018-05-14,13.274501725094815
2018-05-15,13.274410991540725
2018-05-16,13.274317926844319
2018-05-17,13.274222986730031
2018-05-18,13.274128905544417
2018-05-19,13.274036139011908
2018-05-20,13.273944687132506
2018-05-21,13.27385454990621
2018-05-22,13.273765727333016
2018-05-23,13.273678219412927
2018-05-24,13.273592026145943
2018-05-25,13.273507147532062
2018-05-26,13.273423583571288
2018-05-27,13.273341334263622
2018-05-28,13.273260399609054
2018-05-29,13.273180779607594
2018-05-30,13.27310247425924
2018-05-31,13.273025483563991
2018-06-01,13.272949807521844
2018-06-02,13.272875446132803
2018-06-03,13.272802399396866
2018-06-04,13.272730667314036
2018-06-05,13.272660249884309
2018-06-06,13.272591147107686
2018-06-07,13.272523358984172
2018-06-08,13.272456885513758
2018-06-09,13.27239172669645
2018-06-10,13.272327882532247
2018-06-11,13.27226535302115
2018-06-12,13.272204138163156
2018-06-13,13.272144237958267
2018-06-14,13.272085652406485
2018-06-15,13.272028381507807
2018-06-16,13.271972425262232
2018-06-17,13.271917783669764
2018-06-18,13.271864456730398
2018-06-19,13.271812444444139
2018-06-20,13.271761746810983
2018-06-21,13.271712363830934
2018-06-22,13.271664295503987
2018-06-23,13.27161754183015
2018-06-24,13.271572102809412
2018-06-25,13.271527978441783
2018-06-26,13.271485168727255
2018-06-27,13.271443673665834
2018-06-28,13.271403493257518
2018-06-29,13.271364627502305
2018-06-30,13.271327076400198
2018-07-01,13.271290839951195
2018-07-02,13.2712559181553
2018-07-03,13.271222311012506
2018-07-04,13.271190018522816
2018-07-05,13.271159040686232
2018-07-06,13.271129377502756
2018-07-07,13.271101028972385
2018-07-08,13.271073995095113
2018-07-09,13.27104827587095
2018-07-10,13.271023871299892
2018-07-11,13.271000781381932
2018-07-12,13.270979006117082
2018-07-13,13.270958545505337
2018-07-14,13.270939399546698
2018-07-15,13.270921568241166
2018-07-16,13.270905051588734
2018-07-17,13.270889849589407
2018-07-18,13.270875962243187
2018-07-19,13.270863389550074
2018-07-20,13.27085213151006
2018-07-21,13.27084218812315
2018-07-22,13.27083355938935
2018-07-23,13.270826245308655
2018-07-24,13.270820245881062
2018-07-25,13.270815561106575
2018-07-26,13.27081219098519
2018-07-27,13.27081013551691
2018-07-28,13.27080939470174
2018-07-29,13.270809968539671
2018-07-30,13.270811857030708
2018-07-31,13.270815060174847
2018-08-01,13.270819577972093
2018-08-02,13.270825410422443
2018-08-03,13.270832557525898
2018-08-04,13.270841019282457
2018-08-05,13.270850795692125
2018-08-06,13.270861886754894
2018-08-07,13.270874292470769
2018-08-08,13.270888012839748
2018-08-09,13.270903047861832
2018-08-10,13.27091939753702
2018-08-11,13.270937061865313
2018-08-12,13.270956040846713
2018-08-13,13.270976334481215
2018-08-14,13.270997942768822
2018-08-15,13.271020865709534
2018-08-16,13.271045103303354
2018-08-17,13.271069902959399
2018-08-18,13.271094512086794
2018-08-19,13.271118930685544
2018-08-20,13.271143158755644
2018-08-21,13.271167196297093
2018-08-22,13.271191043309893
2018-08-23,13.271214699794047
2018-08-24,13.27123816574955
2018-08-25,13.271261441176406
2018-08-26,13.271284526074615
2018-08-27,13.27130742044417
2018-08-28,13.27133012428508
2018-08-29,13.27135263759734
2018-08-30,13.271374960380951
2018-08-31,13.271397092635913
2018-09-01,13.271419034362232
2018-09-02,13.271440785559895
2018-09-03,13.27146234622891
2018-09-04,13.271483716369278
2018-09-05,13.271504895980998
2018-09-06,13.271525885064067
2018-09-07,13.27154668361849
2018-09-08,13.271567291644265
2018-09-09,13.271587709141388
2018-09-10,13.271607936109863
2018-09-11,13.27162797254969
2018-09-12,13.271647818460865
2018-09-13,13.271667473843396
2018-09-14,13.271686938697274
2018-09-15,13.27170621302251
2018-09-16,13.271725296819092
2018-09-17,13.271744190087025
2018-09-18,13.271762892826311
2018-09-19,13.271781405036947
2018-09-20,13.271799726718935
2018-09-21,13.271817857872275
2018-09-22,13.271835798496962
2018-09-23,13.271853548593006
2018-09-24,13.271871108160395
2018-09-25,13.271888477199141
2018-09-26,13.271905655709235
2018-09-27,13.271922643690683
2018-09-28,13.27193944114348
2018-09-29,13.27195604806763
2018-09-30,13.271972464463131
2018-10-01,13.271988690329978
2018-10-02,13.272004725668186
2018-10-03,13.272020570477737
2018-10-04,13.272036224758644
2018-10-05,13.272051688510901
2018-10-06,13.272066961734506
2018-10-07,13.272082044429467
2018-10-08,13.272096936595776
2018-10-09,13.272111638233437
2018-10-10,13.272126149342451
2018-10-11,13.272140469922814
2018-10-12,13.272154599974531
2018-10-13,13.272168539497597
2018-10-14,13.272182288492013
2018-10-15,13.272195846957782
2018-10-16,13.272209214894902
2018-10-17,13.272222392303375
2018-10-18,13.272235379183197
2018-10-19,13.272248175534369
2018-10-20,13.272260781356893
2018-10-21,13.272273196650772
2018-10-22,13.272285421416
2018-10-23,13.27229745565258
2018-10-24,13.27230929936051
2018-10-25,13.27232095253979
2018-10-26,13.272332415190423
2018-10-27,13.272343687312407
2018-10-28,13.272354768905743
2018-10-29,13.272365659970427
2018-10-30,13.272376360506463
2018-10-31,13.272386870513856
2018-11-01,13.272397189992594
2018-11-02,13.272407318942685
2018-11-03,13.272417257364129
2018-11-04,13.272427005256922
2018-11-05,13.272436562621065
2018-11-06,13.272445929456563
2018-11-07,13.27245510576341
2018-11-08,13.272464091541611
2018-11-09,13.272472886791158
2018-11-10,13.27248149151206
2018-11-11,13.272489905704315
2018-11-12,13.272498129367916
2018-11-13,13.272506162502872
2018-11-14,13.272514005109178
2018-11-15,13.272521657186836
2018-11-16,13.272529118735843
2018-11-17,13.272536679135383
2018-11-18,13.272544627764635
2018-11-19,13.272552964623596
2018-11-20,13.27256168971227
2018-11-21,13.272570803030648
2018-11-22,13.272580304578748
2018-11-23,13.27259019435655
2018-11-24,13.272600472364065
2018-11-25,13.272611138601297
2018-11-26,13.272622193068232
2018-11-27,13.272633635764882
2018-11-28,13.272645466691241
2018-11-29,13.272657685847312
2018-11-30,13.272670293233094
2018-12-01,13.27268328884859
2018-12-02,13.27269667269379
2018-12-03,13.272710444768707
2018-12-04,13.272724605073334
2018-12-05,13.272739153607667
2018-12-06,13.272754090371714
2018-12-07,13.272769415365474
2018-12-08,13.272785128588943
2018-12-09,13.272801230042125
2018-12-10,13.272817719725015
2018-12-11,13.272834597637617
2018-12-12,13.27285186377993
2018-12-13,13.272869518151955
2018-12-14,13.272887560753688
2018-12-15,13.272905991585136
2018-12-16,13.27292481064629
2018-12-17,13.27294401793716
2018-12-18,13.27296361345774
2018-12-19,13.272983597208029
2018-12-20,13.273003969188029
2018-12-21,13.273024729397742
2018-12-22,13.273045877837161
2018-12-23,13.273067414506295
2018-12-24,13.273089339405141
2018-12-25,13.273111652533695
2018-12-26,13.273134353891963
2018-12-27,13.273157443479938
2018-12-28,13.273180921297625
2018-12-29,13.273204787345026
2018-12-30,13.273229041622136
2018-12-31,13.273253684128957
2019-01-01,13.273278714865487
2019-01-02,13.273304133831731
2019-01-03,13.273329941027683
2019-01-04,13.273356136453348
2019-01-05,13.273382720108728
2019-01-06,13.27340969199381
2019-01-07,13.27343705210861
2019-01-08,13.273464800453116
2019-01-09,13.273492937027338
2019-01-10,13.273521461831264
2019-01-11,13.273550374864907
2019-01-12,13.273579676128257
2019-01-13,13.27360936562132
2019-01-14,13.273639443344095
2019-01-15,13.273669909296583
2019-01-16,13.273700763478775
2019-01-17,13.273732005890682
2019-01-18,13.273763636532301
2019-01-19,13.273795655403628
2019-01-20,13.273828062504668
2019-01-21,13.27386085783542
2019-01-22,13.27389404139588
2019-01-23,13.273927613186052
2019-01-24,13.273961573205934
2019-01-25,13.27399592145553
2019-01-26,13.274030657934833
2019-01-27,13.274065782643852
2019-01-28,13.274101295582579
2019-01-29,13.274137196751015
2019-01-30,13.274173486149163
2019-01-31,13.274210163777024
2019-02-01,13.274247229634593
2019-02-02,13.274284683721874
2019-02-03,13.274322526038869
2019-02-04,13.274360756585573
2019-02-05,13.274399375361986
2019-02-06,13.27443838236811
2019-02-07,13.274477777603948
2019-02-08,13.274517561069494
2019-02-09,13.274557732764753
2019-02-10,13.274598292689722
2019-02-11,13.274639240844403
2019-02-12,13.274680577228791
2019-02-13,13.274722301842893
2019-02-14,13.274764414686707
2019-02-15,13.27480691576023
2019-02-16,13.274849831920289
2019-02-17,13.274893190023715
2019-02-18,13.274936990070493
2019-02-19,13.274981232060641
2019-02-20,13.275025915994147
2019-02-21,13.275071041871016
2019-02-22,13.275116609691246
2019-02-23,13.27516261945484
2019-02-24,13.275209071161795
2019-02-25,13.275255964812109
2019-02-26,13.27530330040579
2019-02-27,13.275351077942826
2019-02-28,13.275399297423228
2019-03-01,13.27544795884699
2019-03-02,13.275497062214113
2019-03-03,13.275546607524603
2019-03-04,13.275596594778452
2019-03-05,13.275647023975658
2019-03-06,13.275697895116231
2019-03-07,13.275749208200164
2019-03-08,13.27580096322746
2019-03-09,13.275853160198118
2019-03-10,13.275905799112136
2019-03-11,13.275958879969515
2019-03-12,13.27601240277026
2019-03-13,13.27606636751436
2019-03-14,13.276120774201827
2019-03-15,13.276175622832657
2019-03-16,13.276230913406845
2019-03-17,13.276286645924394
2019-03-18,13.276342820385308
2019-03-19,13.276399436789584
2019-03-20,13.27645649513722
2019-03-21,13.276513995428218
2019-03-22,13.276571937662577
2019-03-23,13.276630321840296
2019-03-24,13.276689147961381
2019-03-25,13.276748416025825
2019-03-26,13.276808126033632
2019-03-27,13.2768682779848
2019-03-28,13.276928871879331
2019-03-29,13.276989907717224
2019-03-30,13.27705138549848
2019-03-31,13.277113305223093
2019-04-01,13.27717566689107
2019-04-02,13.277238470502411
2019-04-03,13.27730171605711
2019-04-04,13.277365403555173
2019-04-05,13.2774295329966
2019-04-06,13.277494104381384
2019-04-07,13.27755911770953
2019-04-08,13.27762457298104
2019-04-09,13.27769047019591
2019-04-10,13.277756809354145
2019-04-11,13.277823590455741
2019-04-12,13.277890813500695
2019-04-13,13.277958478489014
2019-04-14,13.278026585420696
2019-04-15,13.278095134295736
2019-04-16,13.278164125114138
2019-04-17,13.278233557875906
2019-04-18,13.278303432581033
2019-04-19,13.278373749229521
2019-04-20,13.278444507821373
2019-04-21,13.278515708356585
2019-04-22,13.27858735083516
2019-04-23,13.278659435257095
2019-04-24,13.278731961622395
2019-04-25,13.27880492993105
2019-04-26,13.278878340183072
2019-04-27,13.278952192378457
2019-04-28,13.279026486517203
2019-04-29,13.279101222599307
2019-04-30,13.279176400624777
2019-05-01,13.279252020593606
2019-05-02,13.279328082505797
2019-05-03,13.279404586361352
2019-05-04,13.279481532160268
2019-05-05,13.279558919902545
2019-05-06,13.279636749588182
2019-05-07,13.279715021217186
2019-05-08,13.279793734789546
2019-05-09,13.27987289030527
2019-05-10,13.279952487764358
2019-05-11,13.280032527166803
2019-05-12,13.280113008512615
2019-05-13,13.280193931801783
2019-05-14,13.280275297034317
2019-05-15,13.280357104210212
2019-05-16,13.280439353329466
2019-05-17,13.280521196423033
2019-05-18,13.280597545676564
2019-05-19,13.280667553121008
2019-05-20,13.280731218756369
2019-05-21,13.28078854258264
2019-05-22,13.280839524599827
2019-05-23,13.28088416480793
2019-05-24,13.280922463206943
2019-05-25,13.28095441979687
2019-05-26,13.280980034577713
2019-05-27,13.28099930754947
2019-05-28,13.281012238712139
2019-05-29,13.281018828065722
2019-05-30,13.281019075610219
2019-05-31,13.28101298134563
2019-06-01,13.281000545271953
2019-06-02,13.280981767389191
2019-06-03,13.280956647697344
2019-06-04,13.28092518619641
2019-06-05,13.280887382886387
2019-06-06,13.28084323776728
2019-06-07,13.280792750839089
2019-06-08,13.28073592210181
2019-06-09,13.280672751555441
2019-06-10,13.28060323919999
2019-06-11,13.280527385035453
2019-06-12,13.280445189061828
2019-06-13,13.280356651279117
2019-06-14,13.280261771687323
2019-06-15,13.280160550286439
2019-06-16,13.28005298707647
2019-06-17,13.279939082057416
2019-06-18,13.279818835229271
2019-06-19,13.279692246592044
2019-06-20,13.279559316145729
2019-06-21,13.27942004389033
2019-06-22,13.27927442982584
2019-06-23,13.27912247395227
2019-06-24,13.27896417626961
2019-06-25,13.278799536777864
2019-06-26,13.278628555477033
2019-06-27,13.278451232367116
2019-06-28,13.27826756744811
2019-06-29,13.278077560720018
2019-06-30,13.277881212182843
2019-07-01,13.27767852183658
2019-07-02,13.277469489681229
2019-07-03,13.277254115716794
2019-07-04,13.277032399943272
2019-07-05,13.276804342360665
2019-07-06,13.27656994296897
2019-07-07,13.276329201768192
2019-07-08,13.276082118758321
2019-07-09,13.275828693939369
2019-07-10,13.27556892731133
2019-07-11,13.275302818874204
2019-07-12,13.275030368627991
2019-07-13,13.274751576572694
2019-07-14,13.27446644270831
2019-07-15,13.27417496703484
2019-07-16,13.273877149552282
2019-07-17,13.27357299026064
2019-07-18,13.273262489159912
2019-07-19,13.272945646250095
2019-07-20,13.272622461531194
2019-07-21,13.272292935003206
2019-07-22,13.271957066666129
2019-07-23,13.271614856519971
2019-07-24,13.271266304564723
2019-07-25,13.270911410800391
2019-07-26,13.27055017522697
2019-07-27,13.270182597844464
2019-07-28,13.269808678652875
2019-07-29,13.269428417652197
2019-07-30,13.269041814842431
2019-07-31,13.26864887022358
2019-08-01,13.268249583795644
2019-08-02,13.26784395555862
2019-08-03,13.26743198551251
2019-08-04,13.267013673657317
2019-08-05,13.266589019993035
2019-08-06,13.266158024519665
2019-08-07,13.26572068723721
2019-08-08,13.265277008145672
2019-08-09,13.264826987245044
2019-08-10,13.264370624535331
2019-08-11,13.263907920016532
2019-08-12,13.263438873688646
2019-08-13,13.262963485551674
2019-08-14,13.262481755605616
2019-08-15,13.261993683850472
2019-08-16,13.26149927028624
2019-08-17,13.261006347739418
2019-08-18,13.260522749036504
2019-08-19,13.260048474177495
2019-08-20,13.25958352316239
2019-08-21,13.259127895991192
2019-08-22,13.258681592663898
2019-08-23,13.258244613180512
2019-08-24,13.25781695754103
2019-08-25,13.257398625745454
2019-08-26,13.256989617793781
2019-08-27,13.25658993368602
2019-08-28,13.256199573422158
2019-08-29,13.255818537002204
2019-08-30,13.255446824426159
2019-08-31,13.255084435694013
2019-09-01,13.25473137080578
2019-09-02,13.254387629761444
2019-09-03,13.25405321256102
2019-09-04,13.2537281192045
2019-09-05,13.253412349691885
2019-09-06,13.253105904023174
2019-09-07,13.252808782198372
2019-09-08,13.252520984217474
2019-09-09,13.252242510080482
2019-09-10,13.251973359787394
2019-09-11,13.251713533338213
2019-09-12,13.251463030732939
2019-09-13,13.251221851971568
2019-09-14,13.250989997054102
2019-09-15,13.250767465980543
2019-09-16,13.250554258750894
2019-09-17,13.25035037536514
2019-09-18,13.250155815823302
2019-09-19,13.249970580125364
2019-09-20,13.249794668271335
2019-09-21,13.249628080261207
2019-09-22,13.249470816094988
2019-09-23,13.249322875772675
2019-09-24,13.249184259294266
2019-09-25,13.249054966659763
2019-09-26,13.248934997869164
2019-09-27,13.24882435292247
2019-09-28,13.248723031819688
2019-09-29,13.248631034560807
2019-09-30,13.248548361145831
2019-10-01,13.248475011574762
2019-10-02,13.248410985847597
2019-10-03,13.24835628396434
2019-10-04,13.248310905924987
2019-10-05,13.248274851729537
2019-10-06,13.248248121377998
2019-10-07,13.248230714870363
2019-10-08,13.24822263220663
2019-10-09,13.248223873386808
2019-10-10,13.248234438410888
2019-10-11,13.248254327278874
2019-10-12,13.248283539990767
2019-10-13,13.248322076546565
2019-10-14,13.248369936946268
2019-10-15,13.248427121189874
2019-10-16,13.248493629277393
2019-10-17,13.24856946120881
2019-10-18,13.248654616984133
2019-10-19,13.248749096603367
2019-10-20,13.248852900066504
2019-10-21,13.248966027373545
2019-10-22,13.249088478524493
2019-10-23,13.249220253519345
2019-10-24,13.249361352358106
2019-10-25,13.249511775040771
2019-10-26,13.24967152156734
2019-10-27,13.249840591937815
2019-10-28,13.250018986152199
2019-10-29,13.250206704210484
2019-10-30,13.250403746112676
2019-10-31,13.250610111858778
2019-11-01,13.25082580144878
2019-11-02,13.25105081488269
2019-11-03,13.251285152160504
2019-11-04,13.251528813282224
2019-11-05,13.251781798247851
2019-11-06,13.25204410705738
2019-11-07,13.25231573971082
2019-11-08,13.252596696208162
2019-11-09,13.25288697654941
2019-11-10,13.253186580734564
2019-11-11,13.253495508763624
2019-11-12,13.25381376063659
2019-11-13,13.25414133635346
2019-11-14,13.254478235914235
2019-11-15,13.254824459318915
2019-11-16,13.255180006567507
2019-11-17,13.255531070848479
2019-11-18,13.255863845350312
2019-11-19,13.25617833007301
2019-11-20,13.256474525016573
2019-11-21,13.256752430180994
2019-11-22,13.257012045566281
2019-11-23,13.257253371172432
2019-11-24,13.257476406999444
2019-11-25,13.257681153047319
2019-11-26,13.257867609316058
2019-11-27,13.25803577580566
2019-11-28,13.258185652516126
2019-11-29,13.258317239447452
2019-11-30,13.258430536599644
2019-12-01,13.258525543972697
2019-12-02,13.258602261566612
2019-12-03,13.258660689381394
2019-12-04,13.258700827417037
2019-12-05,13.258722675673543
2019-12-06,13.258726234150911
2019-12-07,13.258711502849142
2019-12-08,13.258678481768236
2019-12-09,13.258627170908195
2019-12-10,13.258557570269016
2019-12-11,13.258469679850698
2019-12-12,13.258363499653244
2019-12-13,13.258239029676655
2019-12-14,13.258096269920927
2019-12-15,13.257935220386065
2019-12-16,13.257755881072063
2019-12-17,13.257558251978924
2019-12-18,13.25734233310665
2019-12-19,13.257108124455236
2019-12-20,13.256855626024686
2019-12-21,13.256584837814998
2019-12-22,13.256295759826175
2019-12-23,13.255988392058217
2019-12-24,13.255662734511118
2019-12-25,13.255318787184882
2019-12-26,13.254956550079513
2019-12-27,13.254576023195003
2019-12-28,13.254177206531358
2019-12-29,13.253760100088575
2019-12-30,13.253324703866658
2019-12-31,13.2528710178656
2020-01-01,13.252399042085406
2020-01-02,13.251908776526076
2020-01-03,13.251400221187607
2020-01-04,13.250873376070002
2020-01-05,13.250328241173262
2020-01-06,13.249764816497382
2020-01-07,13.249183102042366
2020-01-08,13.248583097808215
2020-01-09,13.247964803794925
2020-01-10,13.247328220002498
2020-01-11,13.246673346430935
2020-01-12,13.246000183080234
2020-01-13,13.245308729950393
2020-01-14,13.244598987041423
2020-01-15,13.243870954353312
2020-01-16,13.243124631886062
2020-01-17,13.242360019639676
2020-01-18,13.241577117614154
2020-01-19,13.240775925809492
2020-01-20,13.239956444225697
2020-01-21,13.239118672862762
2020-01-22,13.238262611720693
2020-01-23,13.237388260799486
2020-01-24,13.236495620099141
2020-01-25,13.235584689619659
2020-01-26,13.234655469361039
2020-01-27,13.233707959323285
2020-01-28,13.23274215950639
2020-01-29,13.231758069910361
2020-01-30,13.230755690535194
2020-01-31,13.229735021380892
2020-02-01,13.22869606244745
2020-02-02,13.227638813734874
2020-02-03,13.226563275243155
2020-02-04,13.225469446972307
2020-02-05,13.224357328922316
2020-02-06,13.223226921093191
2020-02-07,13.222078223484928
2020-02-08,13.220911236097528
2020-02-09,13.21972595893099
2020-02-10,13.218522391985317
2020-02-11,13.217300535260506
2020-02-12,13.21606038875656
2020-02-13,13.214801952473472
2020-02-14,13.213525226411253
2020-02-15,13.212230210569892
2020-02-16,13.210922261085702
2020-02-17,13.209633514776542
2020-02-18,13.208369327778714
2020-02-19,13.207129700092223
2020-02-20,13.205914631717064
2020-02-21,13.204724122653237
2020-02-22,13.203558172900747
2020-02-23,13.202416782459588
2020-02-24,13.201299951329768
2020-02-25,13.20020767951128
2020-02-26,13.199139967004124
2020-02-27,13.198096813808304
2020-02-28,13.19707821992382
2020-02-29,13.196084185350665
2020-03-01,13.195114710088848
2020-03-02,13.194169794138368
2020-03-03,13.193249437499217
2020-03-04,13.192353640171403
2020-03-05,13.191482402154922
2020-03-06,13.190635723449773
2020-03-07,13.189813604055962
2020-03-08,13.189016043973483
2020-03-09,13.188243043202341
2020-03-10,13.187494601742529
2020-03-11,13.186770719594051
2020-03-12,13.186071396756914
2020-03-13,13.185396633231106
2020-03-14,13.184746429016633
2020-03-15,13.184120784113492
2020-03-16,13.183519698521687
2020-03-17,13.182943172241217
2020-03-18,13.182391205272083
2020-03-19,13.181863797614279
2020-03-20,13.181360949267809
2020-03-21,13.180882660232676
2020-03-22,13.180428930508876
2020-03-23,13.179999760096411
2020-03-24,13.17959514899528
2020-03-25,13.179215097205478
2020-03-26,13.17885960472702
2020-03-27,13.17852867155989
2020-03-28,13.178222297704092
2020-03-29,13.177940483159635
2020-03-30,13.177683227926508
2020-03-31,13.177450532004714
2020-04-01,13.177242395394254
2020-04-02,13.177058818095132
2020-04-03,13.176899800107345
2020-04-04,13.176765341430887
2020-04-05,13.176655442065764
2020-04-06,13.17657010201198
2020-04-07,13.176509321269526
2020-04-08,13.176473099838404
2020-04-09,13.176461437718622
2020-04-10,13.176474334910173
2020-04-11,13.176511791413054
2020-04-12,13.176573807227271
2020-04-13,13.176660382352825
2020-04-14,13.17677151678971
2020-04-15,13.17690721053793
2020-04-16,13.177067463597485
2020-04-17,13.177252275968373
2020-04-18,13.177461647650597
2020-04-19,13.177695578644153
2020-04-20,13.177954068949045
2020-04-21,13.17823711856527
2020-04-22,13.178544727492827
2020-04-23,13.17887689573172
2020-04-24,13.17923362328195
2020-04-25,13.179614910143513
2020-04-26,13.180020756316408
2020-04-27,13.180451161800637
2020-04-28,13.180906126596204
2020-04-29,13.181385650703103
2020-04-30,13.181889734121334
2020-05-01,13.182418376850903
2020-05-02,13.182971578891802
2020-05-03,13.183549340244038
2020-05-04,13.18415166090761
2020-05-05,13.184778540882512
2020-05-06,13.185429980168749
2020-05-07,13.18610597876632
2020-05-08,13.186806536675228
2020-05-09,13.187531653895466
2020-05-10,13.188281330427042
2020-05-11,13.18905556626995
2020-05-12,13.189854361424194
2020-05-13,13.190677715889773
2020-05-14,13.191525629666682
2020-05-15,13.192398102754925
2020-05-16,13.193295135154507
2020-05-17,13.194212485159733
2020-05-18,13.195124702536475
2020-05-19,13.196027545579044
2020-05-20,13.196921014287447
2020-05-21,13.197805108661674
2020-05-22,13.198679828701733
2020-05-23,13.199545174407618
2020-05-24,13.200401145779333
2020-05-25,13.201247742816877
2020-05-26,13.202084965520248
2020-05-27,13.202912813889448
2020-05-28,13.203731287924475
2020-05-29,13.204540387625332
2020-05-30,13.205340112992019
2020-05-31,13.206130464024533
2020-06-01,13.206911440722877
2020-06-02,13.207683043087048
2020-06-03,13.20844527111705
2020-06-04,13.209198124812879
2020-06-05,13.209941604174535
2020-06-06,13.210675709202022
2020-06-07,13.211400439895337
2020-06-08,13.212115796254482
2020-06-09,13.212821778279455
2020-06-10,13.213518385970255
2020-06-11,13.214205619326883
2020-06-12,13.214883478349341
2020-06-13,13.215551963037628
2020-06-14,13.216211073391744
2020-06-15,13.216860809411688
2020-06-16,13.21750117109746
2020-06-17,13.218132158449063
2020-06-18,13.218753771466492
2020-06-19,13.219366010149747
2020-06-20,13.219968874498836
2020-06-21,13.220562364513754
2020-06-22,13.221146480194497
2020-06-23,13.221721221541069
2020-06-24,13.222286588553473
2020-06-25,13.222842581231701
2020-06-26,13.223389199575761
2020-06-27,13.223926443585649
2020-06-28,13.224454313261363
2020-06-29,13.22497280860291
2020-06-30,13.225481929610284
2020-07-01,13.225981676283483
2020-07-02,13.226472048622515
2020-07-03,13.226953046627376
2020-07-04,13.227424670298063
2020-07-05,13.22788691963458
2020-07-06,13.228339794636925
2020-07-07,13.2287832953051
2020-07-08,13.2292174216391
2020-07-09,13.229642173638933
2020-07-10,13.230057551304593
2020-07-11,13.23046355463608
2020-07-12,13.230860183633396
2020-07-13,13.231247438296544
2020-07-14,13.231625318625518
2020-07-15,13.231993824620323
2020-07-16,13.232352956280954
2020-07-17,13.232702713607413
2020-07-18,13.233043096599703
2020-07-19,13.233374105257818
2020-07-20,13.233695739581766
2020-07-21,13.234007999571537
2020-07-22,13.234310885227138
2020-07-23,13.234604396548573
2020-07-24,13.234888533535834
2020-07-25,13.235163296188922
2020-07-26,13.235428684507841
2020-07-27,13.235684698492587
2020-07-28,13.235931338143164
2020-07-29,13.236168603459568
2020-07-30,13.236396494441802
2020-07-31,13.236615011089857
2020-08-01,13.23682415340375
2020-08-02,13.237023921383468
2020-08-03,13.237214315029014
2020-08-04,13.23739533434039
2020-08-05,13.237566979317595
2020-08-06,13.237729249960626
2020-08-07,13.237882146269488
2020-08-08,13.23802566824418
2020-08-09,13.238159815884698
2020-08-10,13.238284589191043
2020-08-11,13.238399988163218
2020-08-12,13.238506012801224
2020-08-13,13.238602663105056
2020-08-14,13.23868993907472
2020-08-15,13.23876784071021
2020-08-16,13.23883636801153
2020-08-17,13.238900571197695
2020-08-18,13.238965500487735
2020-08-19,13.23903115588164
2020-08-20,13.239097537379417
2020-08-21,13.239164644981063
2020-08-22,13.239232478686576
2020-08-23,13.239301038495961
2020-08-24,13.239370324409215
2020-08-25,13.23944033642634
2020-08-26,13.23951107454733
2020-08-27,13.23958253877219
2020-08-28,13.239654729100922
2020-08-29,13.239727645533522
2020-08-30,13.239801288069993
2020-08-31,13.239875656710332
2020-09-01,13.239950751454542
2020-09-02,13.24002657230262
2020-09-03,13.240103119254565
2020-09-04,13.240180392310382
2020-09-05,13.24025839147007
2020-09-06,13.240337116733624
2020-09-07,13.240416568101049
2020-09-08,13.240496745572345
2020-09-09,13.240577649147507
2020-09-10,13.240659278826538
2020-09-11,13.240741634609442
2020-09-12,13.240824716496212
2020-09-13,13.240908524486853
2020-09-14,13.240993058581363
2020-09-15,13.241078318779746
2020-09-16,13.241164305081993
2020-09-17,13.24125101748811
2020-09-18,13.2413384559981
2020-09-19,13.241426620611957
2020-09-20,13.241515511329682
2020-09-21,13.241605128151278
2020-09-22,13.241695471076742
2020-09-23,13.241786540106077
2020-09-24,13.24187833523928
2020-09-25,13.241970856476355
2020-09-26,13.242064103817299
2020-09-27,13.242158077262108
2020-09-28,13.24225277681079
2020-09-29,13.242348202463344
2020-09-30,13.24244435421976
2020-10-01,13.24254123208005
2020-10-02,13.242638836044211
2020-10-03,13.242737166112239
2020-10-04,13.242836222284136
2020-10-05,13.242936004559903
2020-10-06,13.243036512939538
2020-10-07,13.243137747423045
2020-10-08,13.24323970801042
2020-10-09,13.243342394701665
2020-10-10,13.243445807496778
2020-10-11,13.24354994639576
2020-10-12,13.243654811398615
2020-10-13,13.243760402505334
2020-10-14,13.243866719715927
2020-10-15,13.243973763030388
2020-10-16,13.244081532448718
2020-10-17,13.24419002797092
2020-10-18,13.244299249596986
2020-10-19,13.244409197326924
2020-10-20,13.24451987116073
2020-10-21,13.24463127109841
2020-10-22,13.244743397139954
2020-10-23,13.24485624928537
2020-10-24,13.244969827534657
2020-10-25,13.24508413188781
2020-10-26,13.245199162344834
2020-10-27,13.245314918905725
2020-10-28,13.245431401570489
2020-10-29,13.245548610339117
2020-10-30,13.245666545211622
2020-10-31,13.245785206187993
2020-11-01,13.245904593268232
2020-11-02,13.24602470645234
2020-11-03,13.246145545740319
2020-11-04,13.24626711113217
2020-11-05,13.246389402627882
2020-11-06,13.246512420227472
2020-11-07,13.246636163930926
2020-11-08,13.246760633738253
2020-11-09,13.246885829649447
2020-11-10,13.24701175166451
2020-11-11,13.247138399783445
2020-11-12,13.247265774006248
2020-11-13,13.24739387433292
2020-11-14,13.247522700763462
2020-11-15,13.247652253297872
2020-11-16,13.247782531936153
2020-11-17,13.247912966239001
2020-11-18,13.248042985767118
2020-11-19,13.248172590520506
2020-11-20,13.24830178049916
2020-11-21,13.248430555703079
2020-11-22,13.248558916132273
2020-11-23,13.24868686178673
2020-11-24,13.248814392666457
2020-11-25,13.248941508771455
2020-11-26,13.24906821010172
2020-11-27,13.249194496657255
2020-11-28,13.249320368438054
2020-11-29,13.249445825444123
2020-11-30,13.249570867675462
2020-12-01,13.249695495132071
2020-12-02,13.249819707813945
2020-12-03,13.24994350572109
2020-12-04,13.250066888853501
2020-12-05,13.250189857211181
2020-12-06,13.25031241079413
2020-12-07,13.250434549602346
2020-12-08,13.25055627363583
2020-12-09,13.250677582894586
2020-12-10,13.250798477378611
2020-12-11,13.250918957087897
2020-12-12,13.251039022022455
2020-12-13,13.251158672182283
2020-12-14,13.25127790756738
2020-12-15,13.251396728177744
2020-12-16,13.251515134013374
2020-12-17,13.251633125074276
2020-12-18,13.251750701360447
2020-12-19,13.251867862871883
2020-12-20,13.25198460960859
2020-12-21,13.252100941570566
2020-12-22,13.252216858757805
2020-12-23,13.252332361170316
2020-12-24,13.252447448808098
2020-12-25,13.252562121671144
2020-12-26,13.252676379759462
2020-12-27,13.252790223073045
2020-12-28,13.252903651611899
2020-12-29,13.253016665376022
2020-12-30,13.253129264365409
2020-12-31,13.253241448580066
2021-01-01,13.253353218019994
2021-01-02,13.253464572685193
2021-01-03,13.253575512575653
2021-01-04,13.253686037691384
2021-01-05,13.25379614803239
2021-01-06,13.253905843598654
2021-01-07,13.25401512439019
2021-01-08,13.254123990406995
2021-01-09,13.25423244164907
2021-01-10,13.254340478116411
2021-01-11,13.254448099809023
2021-01-12,13.2545553067269
2021-01-13,13.254662098870046
2021-01-14,13.254768476238464
2021-01-15,13.254874438832148
2021-01-16,13.254979986651099
2021-01-17,13.255085119695321
2021-01-18,13.255189837964812
2021-01-19,13.255294141459569
2021-01-20,13.255398030179594
2021-01-21,13.25550150412489
2021-01-22,13.255604563295451
2021-01-23,13.25570720769128
2021-01-24,13.25580943731238
2021-01-25,13.25591125215875
2021-01-26,13.256012652230385
2021-01-27,13.25611363752729
2021-01-28,13.256214208049464
2021-01-29,13.256314363796905
2021-01-30,13.256414104769613
2021-01-31,13.256513430967594
2021-02-01,13.256612342390838
2021-02-02,13.256710839039354
2021-02-03,13.256808920913139
2021-02-04,13.256906588012189
2021-02-05,13.257003840336509
2021-02-06,13.257100677886097
2021-02-07,13.257197100660957
2021-02-08,13.257293108661079
2021-02-09,13.257388701886475
2021-02-10,13.257483880337137
2021-02-11,13.25757864401307
2021-02-12,13.257672992914266
2021-02-13,13.257766927040732
2021-02-14,13.257860446392469
2021-02-15,13.257953550969471
2021-02-16,13.258045547595053
2021-02-17,13.258135743092527
2021-02-18,13.258224137461884
2021-02-19,13.258310730703137
2021-02-20,13.258395522816274
2021-02-21,13.2584785138013
2021-02-22,13.258559703658218
2021-02-23,13.258639092387023
2021-02-24,13.258716679987716
2021-02-25,13.258792466460298
2021-02-26,13.25886645180477
2021-02-27,13.258938636021131
2021-02-28,13.259009019109381
2021-03-01,13.259077601069519
2021-03-02,13.259144381901546
2021-03-03,13.259209361605466
2021-03-04,13.25927254018127
2021-03-05,13.259333917628961
2021-03-06,13.259393493948547
2021-03-07,13.259451269140017
2021-03-08,13.259507243203378
2021-03-09,13.259561416138627
2021-03-10,13.259613787945767
2021-03-11,13.259664358624795
2021-03-12,13.259713128175713
2021-03-13,13.259760096598514
2021-03-14,13.25980526389321
2021-03-15,13.259848630059793
2021-03-16,13.259890195098267
2021-03-17,13.259929959008623
2021-03-18,13.259967921790876
2021-03-19,13.260004083445015
2021-03-20,13.260038443971043
2021-03-21,13.260071003368958
2021-03-22,13.260101761638767
2021-03-23,13.260130718780458
2021-03-24,13.260157874794043
2021-03-25,13.260183229679516
2021-03-26,13.260206783436875
2021-03-27,13.260228536066126
2021-03-28,13.260248487567265
2021-03-29,13.260266637940294
2021-03-30,13.26028298718521
2021-03-31,13.260297535302014
2021-04-01,13.26031028229071
2021-04-02,13.260321228151293
2021-04-03,13.260330372883764
2021-04-04,13.260337716488124
2021-04-05,13.260343258964376
2021-04-06,13.260347000312517
2021-04-07,13.260348940532543
2021-04-08,13.26034907962446
2021-04-09,13.260347417588267
2021-04-10,13.260343954423961
2021-04-11,13.260338690131546
2021-04-12,13.260331624711016
2021-04-13,13.260322758162378
2021-04-14,13.260312090485629
2021-04-15,13.260299621680769
2021-04-16,13.260285351747797
2021-04-17,13.260269280686714
2021-04-18,13.26025140849752
2021-04-19,13.260231735180215
2021-04-20,13.260210260734798
2021-04-21,13.260186985161269
2021-04-22,13.260161908459633
2021-04-23,13.260135030629883
2021-04-24,13.260106351672022
2021-04-25,13.260075871586047
2021-04-26,13.260043590371966
2021-04-27,13.260009508029773
2021-04-28,13.259973624559468
2021-04-29,13.25993593996105
2021-04-30,13.259896454234529
2021-05-01,13.25985516737989
2021-05-02,13.25981207939714
2021-05-03,13.25976719028628
2021-05-04,13.259720500047308
2021-05-05,13.259672008680225
2021-05-06,13.259621716185029
2021-05-07,13.259569622561726
2021-05-08,13.25951572781031
2021-05-09,13.259460031930782
2021-05-10,13.259402534923145
2021-05-11,13.259343236787394
2021-05-12,13.259282137523535
2021-05-13,13.259219237131564
2021-05-14,13.25915453561148
2021-05-15,13.259088032963287
2021-05-16,13.259019729186983
2021-05-17,13.258950221975855
2021-05-18,13.258883097489619
2021-05-19,13.25881895342156
2021-05-20,13.258757789771686
2021-05-21,13.258699606539984
2021-05-22,13.258644403726466
2021-05-23,13.258592181331128
2021-05-24,13.258542939353967
2021-05-25,13.258496677794986
2021-05-26,13.258453396654183
2021-05-27,13.258413095931562
2021-05-28,13.258375775627123
2021-05-29,13.258341435740856
2021-05-30,13.258310076272775
2021-05-31,13.258281697222866
2021-06-01,13.258256298591142
2021-06-02,13.258233880377595
2021-06-03,13.258214442582231
2021-06-04,13.258197985205044
2021-06-05,13.258184508246037
2021-06-06,13.258174011705208
2021-06-07,13.258166495582559
2021-06-08,13.258161959878091
2021-06-09,13.258160404591797
2021-06-10,13.258161829723687
2021-06-11,13.258166235273757
2021-06-12,13.258173621242003
2021-06-13,13.258183987628431
2021-06-14,13.258197334433039
2021-06-15,13.258213661655825
2021-06-16,13.25823296929679
2021-06-17,13.258255257355936
2021-06-18,13.258280525833257
2021-06-19,13.258308774728762
2021-06-20,13.258340004042445
2021-06-21,13.258374213774308
2021-06-22,13.258411403924347
2021-06-23,13.258451574492568
2021-06-24,13.25849472547897
2021-06-25,13.258540856883549
2021-06-26,13.258589968706309
2021-06-27,13.258642060947249
2021-06-28,13.258697133606367
2021-06-29,13.258755186683661
2021-06-30,13.258816220179138
2021-07-01,13.258880234092796
2021-07-02,13.25894722842463
2021-07-03,13.259017203174645
2021-07-04,13.259090158342836
2021-07-05,13.259166093929212
2021-07-06,13.259245009933766
2021-07-07,13.259326906356497
2021-07-08,13.259411783197407
2021-07-09,13.2594996404565
2021-07-10,13.25959047813377
2021-07-11,13.259684296229217
2021-07-12,13.259781094742847
2021-07-13,13.259880873674655
2021-07-14,13.259983633024643
2021-07-15,13.26008937279281
2021-07-16,13.260198092979158
2021-07-17,13.260309793583684
2021-07-18,13.260424474606388
2021-07-19,13.260542136047274
2021-07-20,13.260662777906338
2021-07-21,13.26078640018358
2021-07-22,13.260913002879004
2021-07-23,13.261042585992605
2021-07-24,13.261175149524389
2021-07-25,13.26131069347435
2021-07-26,13.261449217842488
2021-07-27,13.261590722628807
2021-07-28,13.261735207833308
2021-07-29,13.261882673455986
2021-07-30,13.262033119496843
2021-07-31,13.262186545955878
2021-08-01,13.262342952833095
2021-08-02,13.262502340128492
2021-08-03,13.262664707842067
2021-08-04,13.262830055973822
2021-08-05,13.262998384523755
2021-08-06,13.263169693491868
2021-08-07,13.26334398287816
2021-08-08,13.263521252682633
2021-08-09,13.263701502905285
2021-08-10,13.263884733546114
2021-08-11,13.264070944605123
2021-08-12,13.264260136082315
2021-08-13,13.264452307977683
2021-08-14,13.264647460291231
2021-08-15,13.264845593022958
2021-08-16,13.265046706172866
2021-08-17,13.265247614983478
2021-08-18,13.265445134697336
2021-08-19,13.265639265314427
2021-08-20,13.265830006834756
2021-08-21,13.266017359258322
2021-08-22,13.266201322585125
2021-08-23,13.266381896815169
2021-08-24,13.266559081948449
2021-08-25,13.26673287798497
2021-08-26,13.266903284924723
2021-08-27,13.26707030276772
2021-08-28,13.267233931513951
2021-08-29,13.267394171163417
2021-08-30,13.267551021716129
2021-08-31,13.267704483172073
2021-09-01,13.267854555531258
2021-09-02,13.268001238793678
2021-09-03,13.268144532959337
2021-09-04,13.268284438028235
2021-09-05,13.268420954000367
2021-09-06,13.268554080875742
2021-09-07,13.268683818654353
2021-09-08,13.2688101673362
2021-09-09,13.268933126921286
2021-09-10,13.269052697409611
2021-09-11,13.269168878801173
2021-09-12,13.269281671095973
2021-09-13,13.26939107429401
2021-09-14,13.269497088395283
2021-09-15,13.269599713399801
2021-09-16,13.26969894930755
2021-09-17,13.26979479611854
2021-09-18,13.269887253832767
2021-09-19,13.269976322450233
2021-09-20,13.270062001970935
2021-09-21,13.270144292394875
2021-09-22,13.270223193722051
2021-09-23,13.270298705952468
2021-09-24,13.270370829086122
2021-09-25,13.270439563123015
2021-09-26,13.270504908063144
2021-09-27,13.270566863906511
2021-09-28,13.27062543065312
2021-09-29,13.270680608302962
2021-09-30,13.27073239685604
2021-10-01,13.270780796312362
2021-10-02,13.270825806671919
2021-10-03,13.270867427934714
2021-10-04,13.270905660100745
2021-10-05,13.270940503170015
2021-10-06,13.270971957142525
2021-10-07,13.27100002201827
2021-10-08,13.271024697797253
2021-10-09,13.271045984479475
2021-10-10,13.271063882064936
2021-10-11,13.271078390553633
2021-10-12,13.271089509945572
2021-10-13,13.271097240240742
2021-10-14,13.271101581439154
2021-10-15,13.271102533540803
2021-10-16,13.271100096545691
2021-10-17,13.271094270453816
2021-10-18,13.271085055265178
2021-10-19,13.271072450979776
2021-10-20,13.271056457597615
2021-10-21,13.271037075118691
2021-10-22,13.271014303543005
2021-10-23,13.27098814287056
2021-10-24,13.27095859310135
2021-10-25,13.270925654235375
2021-10-26,13.270889326272641
2021-10-27,13.270849609213144
2021-10-28,13.270806503056887
2021-10-29,13.270760007803865
2021-10-30,13.270710123454082
2021-10-31,13.270656850007535
2021-11-01,13.270600187464229
2021-11-02,13.27054013582416
2021-11-03,13.270476695087327
2021-11-04,13.270409865253733
2021-11-05,13.270339646323379
2021-11-06,13.27026603829626
2021-11-07,13.27018904117238
2021-11-08,13.270108654951738
2021-11-09,13.270024879634333
2021-11-10,13.269937715220166
2021-11-11,13.269847161709238
2021-11-12,13.269753219101545
2021-11-13,13.269655887397093
2021-11-14,13.269555166595879
2021-11-15,13.2694510566979
2021-11-16,13.26934355770316
2021-11-17,13.269235878734918
2021-11-18,13.269131228916425
2021-11-19,13.269029608247692
2021-11-20,13.268931016728708
2021-11-21,13.268835454359477
2021-11-22,13.268742921140005
2021-11-23,13.268653417070281
2021-11-24,13.268566942150313
2021-11-25,13.268483496380101
2021-11-26,13.26840307975964
2021-11-27,13.268325692288935
2021-11-28,13.268251333967983
2021-11-29,13.268180004796783
2021-11-30,13.268111704775338
2021-12-01,13.268046433903649
2021-12-02,13.26798419218171
2021-12-03,13.267924979609528
2021-12-04,13.267868796187098
2021-12-05,13.26781564191442
2021-12-06,13.2677655167915
2021-12-07,13.267718420818332
2021-12-08,13.267674353994916
2021-12-09,13.267633316321254
2021-12-10,13.267595307797349
2021-12-11,13.267560328423194
2021-12-12,13.267528378198794
2021-12-13,13.26749945712415
2021-12-14,13.267473565199255
2021-12-15,13.267450702424117
2021-12-16,13.267430868798732
2021-12-17,13.267414064323102
2021-12-18,13.267400288997226
2021-12-19,13.2673895428211
2021-12-20,13.267381825794729
2021-12-21,13.267377137918118
2021-12-22,13.267375479191253
2021-12-23,13.267376849614145
2021-12-24,13.267381249186792
2021-12-25,13.267388677909189
2021-12-26,13.267399135781343
2021-12-27,13.267412622803251
2021-12-28,13.26742913897491
2021-12-29,13.267448684296324
2021-12-30,13.267471258767491
2021-12-31,13.267496862388413
2022-01-01,13.267525495159088
2022-01-02,13.26755715707952
2022-01-03,13.2675918481497
2022-01-04,13.267629568369637
2022-01-05,13.267670317739329
2022-01-06,13.267714096258773
2022-01-07,13.267760903927972
2022-01-08,13.267810740746924
2022-01-09,13.267863606715627
2022-01-10,13.267919501834086
2022-01-11,13.2679784261023
2022-01-12,13.268040379520269
2022-01-13,13.268105362087987
2022-01-14,13.26817337380546
2022-01-15,13.268244414672692
2022-01-16,13.26831848468967
2022-01-17,13.268395583856407
2022-01-18,13.268475712172897
2022-01-19,13.26855886963914
2022-01-20,13.268645056255139
2022-01-21,13.26873427202089
2022-01-22,13.268826516936393
2022-01-23,13.268921791001649
2022-01-24,13.26902009421666
2022-01-25,13.26912142658143
2022-01-26,13.269225788095946
2022-01-27,13.26933317876022
2022-01-28,13.269443598574249
2022-01-29,13.26955704753803
2022-01-30,13.269673525651562
2022-01-31,13.269793032914851
2022-02-01,13.269915569327894
2022-02-02,13.27004113489069
2022-02-03,13.270169729603241
2022-02-04,13.270301353465545
2022-02-05,13.270436006477599
2022-02-06,13.270573688639413
2022-02-07,13.270714399950979
2022-02-08,13.270858140412292
2022-02-09,13.271004910023368
2022-02-10,13.271154708784193
2022-02-11,13.271307536694772
2022-02-12,13.271463393755106
2022-02-13,13.271622279965191
2022-02-14,13.271784195325035
2022-02-15,13.271949139834627
2022-02-16,13.27211417338152
2022-02-17,13.272276355853261
2022-02-18,13.272435687249844
2022-02-19,13.272592167571275
2022-02-20,13.27274579681755
2022-02-21,13.272896574988666
2022-02-22,13.273044502084629
2022-02-23,13.273189578105441
2022-02-24,13.273331803051095
2022-02-25,13.273471176921595
2022-02-26,13.27360769971694
2022-02-27,13.273741371437128
2022-02-28,13.27387219208216
2022-03-01,13.27400016165204
2022-03-02,13.274125280146766
2022-03-03,13.274247547566336
2022-03-04,13.27436696391075
2022-03-05,13.274483529180007
2022-03-06,13.274597243374114
2022-03-07,13.274708106493062
2022-03-08,13.274816118536856
2022-03-09,13.274921279505497
2022-03-10,13.275023589398979
2022-03-11,13.275123048217312
2022-03-12,13.275219655960486
2022-03-13,13.2753134126285
2022-03-14,13.275404318221366
2022-03-15,13.275492372739079
2022-03-16,13.275577576181632
2022-03-17,13.275659928549029
2022-03-18,13.275739429841275
2022-03-19,13.275816080058364
2022-03-20,13.2758898792003
2022-03-21,13.275960827267077
2022-03-22,13.276028924258704
2022-03-23,13.27609417017517
2022-03-24,13.276156565016485
2022-03-25,13.276216108782645
2022-03-26,13.276272801473649
2022-03-27,13.276326643089499
2022-03-28,13.276377633630194
2022-03-29,13.276425773095733
2022-03-30,13.27647106148612
2022-03-31,13.276513498801348
2022-04-01,13.27655308504142
2022-04-02,13.276589820206341
2022-04-03,13.276623704296107
2022-04-04,13.276654737310716
2022-04-05,13.27668291925017
2022-04-06,13.276708250114472
2022-04-07,13.276730729903614
2022-04-08,13.276750358617603
2022-04-09,13.276767136256439
2022-04-10,13.276781062820119
2022-04-11,13.276792138308643
2022-04-12,13.27680036272201
2022-04-13,13.276805736060226
2022-04-14,13.276808258323285
2022-04-15,13.276807929511191
2022-04-16,13.276804749623938
2022-04-17,13.276798718661535
2022-04-18,13.276789836623976
2022-04-19,13.27677810351126
2022-04-20,13.276763519323389
2022-04-21,13.276746084060363
2022-04-22,13.276725797722182
2022-04-23,13.27670266030885
2022-04-24,13.276676671820358
2022-04-25,13.276647832256712
2022-04-26,13.276616141617913
2022-04-27,13.276581599903956
2022-04-28,13.276544207114847
2022-04-29,13.27650396325058
2022-04-30,13.276460868311162
2022-05-01,13.276414922296587
2022-05-02,13.276366125206856
2022-05-03,13.276314477041971
2022-05-04,13.276259977801931
2022-05-05,13.276202627486736
2022-05-06,13.276142426096385
2022-05-07,13.276079373630882
2022-05-08,13.276013470090222
2022-05-09,13.275944715474406
2022-05-10,13.275873109783436
2022-05-11,13.27579865301731
2022-05-12,13.27572134517603
2022-05-13,13.275641186259595
2022-05-14,13.275558176268005
2022-05-15,13.27547231520126
2022-05-16,13.27538360305936
2022-05-17,13.275292610783335
2022-05-18,13.275202764019351
2022-05-19,13.275114633708437
2022-05-20,13.275028219850597
2022-05-21,13.274943522445826
2022-05-22,13.274860541494128
2022-05-23,13.274779276995503
2022-05-24,13.274699728949946
2022-05-25,13.274621897357457
2022-05-26,13.274545782218047
2022-05-27,13.274471383531704
2022-05-28,13.274398701298432
2022-05-29,13.274327735518233
2022-05-30,13.274258486191105
2022-05-31,13.274190953317047
2022-06-01,13.274125136896062
2022-06-02,13.274061036928146
2022-06-03,13.273998653413301
2022-06-04,13.27393798635153
2022-06-05,13.27387903574283
2022-06-06,13.2738218015872
2022-06-07,13.273766283884642
2022-06-08,13.273712482635156
2022-06-09,13.273660397838738
2022-06-10,13.273610029495396
2022-06-11,13.273561377605123
2022-06-12,13.273514442167919
2022-06-13,13.273469223183788
2022-06-14,13.27342572065273
2022-06-15,13.27338393457474
2022-06-16,13.273343864949824
2022-06-17,13.273305511777979
2022-06-18,13.273268875059202
2022-06-19,13.273233954793502
2022-06-20,13.273200750980868
2022-06-21,13.27316926362131
2022-06-22,13.273139492714817
2022-06-23,13.2731114382614
2022-06-24,13.273085100261055
2022-06-25,13.27306047871378
2022-06-26,13.273037573619577
2022-06-27,13.273016384978444
2022-06-28,13.27299691279038
2022-06-29,13.272979157055389
2022-06-30,13.272963117773472
2022-07-01,13.272948794944623
2022-07-02,13.272936188568847
2022-07-03,13.272925298646141
2022-07-04,13.272916125176504
2022-07-05,13.272908668159946
2022-07-06,13.272902927596451
2022-07-07,13.272898903486034
2022-07-08,13.272896595828684
2022-07-09,13.272896004624407
2022-07-10,13.2728971298732
2022-07-11,13.272899971575065
2022-07-12,13.27290452973
2022-07-13,13.272910804338007
2022-07-14,13.272918795399086
2022-07-15,13.272928502913235
2022-07-16,13.27293992688046
2022-07-17,13.272953067300751
2022-07-18,13.272967924174115
2022-07-19,13.27298449750055
2022-07-20,13.273002787280058
2022-07-21,13.273022793512633
2022-07-22,13.273044516198285
2022-07-23,13.273067955337002
2022-07-24,13.273093110928794
2022-07-25,13.273119982973657
2022-07-26,13.27314857147159
2022-07-27,13.273178876422596
2022-07-28,13.273210897826672
2022-07-29,13.27324463568382
2022-07-30,13.27328008999404
2022-07-31,13.273317260757327
2022-08-01,13.27335614797369
2022-08-02,13.273396751643123
2022-08-03,13.27343907176563
2022-08-04,13.273483108341203
2022-08-05,13.27352886136985
2022-08-06,13.273576330851567
2022-08-07,13.273625516786357
2022-08-08,13.273676419174219
2022-08-09,13.273729038015151
2022-08-10,13.27378337330915
2022-08-11,13.273839425056227
2022-08-12,13.273897193256374
2022-08-13,13.273956677909588
2022-08-14,13.274017879015876
2022-08-15,13.274080796575237
2022-08-16,13.274145430587668
2022-08-17,13.274211118692344
2022-08-18,13.274277198528448
2022-08-19,13.274343670095977
2022-08-20,13.274410533394933
2022-08-21,13.274477788425312
2022-08-22,13.274545435187115
2022-08-23,13.274613473680343
2022-08-24,13.274681903904998
2022-08-25,13.274750725861079
2022-08-26,13.274819939548584
2022-08-27,13.274889544967515
2022-08-28,13.274959542117868
2022-08-29,13.275029930999647
2022-08-30,13.275100711612856
2022-08-31,13.275171883957485
2022-09-01,13.275243448033542
2022-09-02,13.275315403841018
2022-09-03,13.275387751379924
2022-09-04,13.275460490650257
2022-09-05,13.275533621652011
2022-09-06,13.27560714438519
2022-09-07,13.275681058849795
2022-09-08,13.275755365045828
2022-09-09,13.275830062973284
2022-09-10,13.275905152632165
2022-09-11,13.27598063402247
2022-09-12,13.276056507144203
2022-09-13,13.276132771997359
2022-09-14,13.27620942858194
2022-09-15,13.276286476897948
2022-09-16,13.276363916945376
2022-09-17,13.276441748724237
2022-09-18,13.276519972234517
2022-09-19,13.276598587476222
2022-09-20,13.276677594449357
2022-09-21,13.276756993153912
2022-09-22,13.276836783589893
2022-09-23,13.276916965757302
2022-09-24,13.276997539656131
2022-09-25,13.277078505286394
2022-09-26,13.277159862648073
2022-09-27,13.27724161174118
2022-09-28,13.277323752565714
2022-09-29,13.277406285121673
2022-09-30,13.277489209409053
2022-10-01,13.27757252542786
2022-10-02,13.277656233178096
2022-10-03,13.277740332659754
2022-10-04,13.277824823872837
2022-10-05,13.277909706817345
2022-10-06,13.277994981493276
2022-10-07,13.278080647900637
2022-10-08,13.278166706039418
2022-10-09,13.278253155909628
2022-10-10,13.278339997511262
2022-10-11,13.27842723084432
2022-10-12,13.278514855908806
2022-10-13,13.278602872704713
2022-10-14,13.278691281232048
2022-10-15,13.278780081490806
2022-10-16,13.278869273480991
2022-10-17,13.278958857202602
2022-10-18,13.279048832655636
2022-10-19,13.279139199840094
2022-10-20,13.279229958755979
2022-10-21,13.27932110940329
2022-10-22,13.279412651782025
2022-10-23,13.279504585892186
2022-10-24,13.279596911733769
2022-10-25,13.279689629306779
2022-10-26,13.279782738611214
2022-10-27,13.279876239647077
2022-10-28,13.27997013241436
2022-10-29,13.280064416913069
2022-10-30,13.280159093143205
2022-10-31,13.280254161104768
2022-11-01,13.280349620797752
2022-11-02,13.280445472222162
2022-11-03,13.280541715377998
2022-11-04,13.280638350265262
2022-11-05,13.280735376883943
2022-11-06,13.280832795234058
2022-11-07,13.280930605315593
2022-11-08,13.281028807128555
2022-11-09,13.28112740067294
2022-11-10,13.281226385948752
2022-11-11,13.28132576295599
2022-11-12,13.281425531694651
2022-11-13,13.281525692164738
2022-11-14,13.281626244366251
2022-11-15,13.281727188299186
2022-11-16,13.281828523963549
2022-11-17,13.281929677355205
2022-11-18,13.282030074470024
2022-11-19,13.282129715308008
2022-11-20,13.282228599869153
2022-11-21,13.282326728153459
2022-11-22,13.282424100160933
2022-11-23,13.282520715891566
2022-11-24,13.282616575345363
2022-11-25,13.282711678522325
2022-11-26,13.282806025422447
2022-11-27,13.282899616045738
2022-11-28,13.282992450392188
2022-11-29,13.283084528461801
2022-11-30,13.283175850254578
2022-12-01,13.28326641577052
2022-12-02,13.283356225009618
2022-12-03,13.283445277971886
2022-12-04,13.283533574657318
2022-12-05,13.283621115065907
2022-12-06,13.283707899197662
2022-12-07,13.283793927052582
2022-12-08,13.283879198630661
2022-12-09,13.283963713931907
2022-12-10,13.284047472956317
2022-12-11,13.284130475703886
2022-12-12,13.284212722174619
2022-12-13,13.284294212368515
2022-12-14,13.284374946285576
2022-12-15,13.284454923925797
2022-12-16,13.284534145289182
2022-12-17,13.284612610375735
2022-12-18,13.284690319185449
2022-12-19,13.284767271718321
2022-12-20,13.28484346797436
2022-12-21,13.284918907953566
2022-12-22,13.284993591655928
2022-12-23,13.285067519081455
2022-12-24,13.285140690230147
2022-12-25,13.285213105101999
2022-12-26,13.28528476369702
2022-12-27,13.2853556660152
2022-12-28,13.285425812056541
2022-12-29,13.285495201821048
2022-12-30,13.28556383530872
2022-12-31,13.285631712519551
2023-01-01,13.285698833453548
2023-01-02,13.285765198110708
2023-01-03,13.28583080649103
2023-01-04,13.285895658594512
2023-01-05,13.285959754421164
2023-01-06,13.286023093970975
2023-01-07,13.28608567724395
2023-01-08,13.286147504240088
2023-01-09,13.286208574959389
2023-01-10,13.28626888940185
2023-01-11,13.286328447567477
2023-01-12,13.286387249456267
2023-01-13,13.28644529506822
2023-01-14,13.286502584403337
2023-01-15,13.286559117461618
2023-01-16,13.286614894243058
2023-01-17,13.286669914747666
2023-01-18,13.286724178975435
2023-01-19,13.286777686926365
2023-01-20,13.286830438600463
2023-01-21,13.286882433997722
2023-01-22,13.28693367311814
2023-01-23,13.286984155961722
2023-01-24,13.287033882528469
2023-01-25,13.287082852818383
2023-01-26,13.287131066831455
2023-01-27,13.287178524567693
2023-01-28,13.287225226027093
2023-01-29,13.287271171209653
2023-01-30,13.28731636011538
2023-01-31,13.28736079274427
2023-02-01,13.287404469096323
2023-02-02,13.287447389171536
2023-02-03,13.287489552969918
2023-02-04,13.287530960491459
2023-02-05,13.287571611736162
2023-02-06,13.287611506704032
2023-02-07,13.287650645395063
2023-02-08,13.287689027809254
2023-02-09,13.287726653946613
2023-02-10,13.287763523807133
2023-02-11,13.287799637390815
2023-02-12,13.287834994697661
2023-02-13,13.28786959572767
2023-02-14,13.287903440480845
2023-02-15,13.287936528957179
2023-02-16,13.287967800111407
2023-02-17,13.28799619289825
2023-02-18,13.288021707317712
2023-02-19,13.288044343369794
2023-02-20,13.288064101054495
2023-02-21,13.28808098037181
2023-02-22,13.288094981321745
2023-02-23,13.2881061039043
2023-02-24,13.288114348119473
2023-02-25,13.288119713967257
2023-02-26,13.28812220144767
2023-02-27,13.288121810560693
2023-02-28,13.28811854130634
2023-03-01,13.2881123936846
2023-03-02,13.288103367695479
2023-03-03,13.28809146333898
2023-03-04,13.288076680615099
2023-03-05,13.288059019523828
2023-03-06,13.288038480065184
2023-03-07,13.288015062239158
2023-03-08,13.287988766045745
2023-03-09,13.287959591484952
2023-03-10,13.28792753855678
2023-03-11,13.287892607261222
2023-03-12,13.287854797598285
2023-03-13,13.287814109567961
2023-03-14,13.287770543170263
2023-03-15,13.287724098405178
2023-03-16,13.287674775272714
2023-03-17,13.287622573772865
2023-03-18,13.287567493905636
2023-03-19,13.287509535671026
2023-03-20,13.287448699069033
2023-03-21,13.287384984099658
2023-03-22,13.287318390762904
2023-03-23,13.287248919058761
2023-03-24,13.287176568987244
2023-03-25,13.287101340548343
2023-03-26,13.287023233742058
2023-03-27,13.28694224856839
2023-03-28,13.286858385027344
2023-03-29,13.286771643118916
2023-03-30,13.286682022843104
2023-03-31,13.28658952419991
2023-04-01,13.286494147189332
2023-04-02,13.28639589181138
2023-04-03,13.28629475806604
2023-04-04,13.28619074595332
2023-04-05,13.286083855473215
2023-04-06,13.285974086625734
2023-04-07,13.285861439410864
2023-04-08,13.285745913828617
2023-04-09,13.285627509878987
2023-04-10,13.285506227561974
2023-04-11,13.285382066877581
2023-04-12,13.285255027825807
2023-04-13,13.285125110406648
2023-04-14,13.284992314620112
2023-04-15,13.28485664046619
2023-04-16,13.284718087944885
2023-04-17,13.284576657056203
2023-04-18,13.284432347800136
2023-04-19,13.284285160176687
2023-04-20,13.284135094185858
2023-04-21,13.283982149827645
2023-04-22,13.283826327102052
2023-04-23,13.283667626009077
2023-04-24,13.283506046548718
2023-04-25,13.283341588720976
2023-04-26,13.283174252525859
2023-04-27,13.283004037963355
2023-04-28,13.282830945033469
2023-04-29,13.282654973736202
2023-04-30,13.282476124071556
2023-05-01,13.282294396039525
2023-05-02,13.282109789640112
2023-05-03,13.281922304873317
2023-05-04,13.281731941739142
2023-05-05,13.281538700237583
2023-05-06,13.28134258036864
2023-05-07,13.281143582132323
2023-05-08,13.280941705528619
2023-05-09,13.280736950557532
2023-05-10,13.280529317219067
2023-05-11,13.280318805513216
2023-05-12,13.280105415439987
2023-05-13,13.279889146999373
2023-05-14,13.279670000191377
2023-05-15,13.279447975016003
2023-05-16,13.279223071473243
2023-05-17,13.278996131618632
2023-05-18,13.278772207785293
2023-05-19,13.278552142028762
2023-05-20,13.278335934349034
2023-05-21,13.278123584746108
2023-05-22,13.277915093219988
2023-05-23,13.277710459770672
2023-05-24,13.277509684398163
2023-05-25,13.277312767102455
2023-05-26,13.27711970788355
2023-05-27,13.276930506741452
2023-05-28,13.276745163676157
2023-05-29,13.276563678687666
2023-05-30,13.27638605177598
2023-05-31,13.276212282941094
2023-06-01,13.276042372183015
2023-06-02,13.275876319501739
2023-06-03,13.27571412489727
2023-06-04,13.275555788369605
2023-06-05,13.275401309918742
2023-06-06,13.275250689544684
2023-06-07,13.275103927247427
2023-06-08,13.274961023026979
2023-06-09,13.27482197688333
2023-06-10,13.274686788816489
2023-06-11,13.274555458826452
2023-06-12,13.274427986913214
2023-06-13,13.274304373076784
2023-06-14,13.274184617317161
2023-06-15,13.274068719634338
2023-06-16,13.27395668002832
2023-06-17,13.273848498499108
2023-06-18,13.273744175046696
2023-06-19,13.273643709671092
2023-06-20,13.273547102372289
2023-06-21,13.273454353150294
2023-06-22,13.273365462005096
2023-06-23,13.27328042893671
2023-06-24,13.273199253945123
2023-06-25,13.273121937030343
2023-06-26,13.273048478192363
2023-06-27,13.272978877431193
2023-06-28,13.272913134746824
2023-06-29,13.272851250139256
2023-06-30,13.272793223608499
2023-07-01,13.272739055154538
2023-07-02,13.272688744777387
2023-07-03,13.27264229247704
2023-07-04,13.272599698253494
2023-07-05,13.272560962106754
2023-07-06,13.272526084036816
2023-07-07,13.272495064043685
2023-07-08,13.272467902127357
2023-07-09,13.272444598287832
2023-07-10,13.272425152525113
2023-07-11,13.272409564839196
2023-07-12,13.272397835230082
2023-07-13,13.272389963697774
2023-07-14,13.27238595024227
2023-07-15,13.272385794863572
2023-07-16,13.272389497561678
2023-07-17,13.272397058336585
2023-07-18,13.272408477188296
2023-07-19,13.272423754116815
2023-07-20,13.272442889122138
2023-07-21,13.272465882204258
2023-07-22,13.272492733363189
2023-07-23,13.27252344259892
2023-07-24,13.27255800991146
2023-07-25,13.2725964353008
2023-07-26,13.272638718766943
2023-07-27,13.27268486030989
2023-07-28,13.272734859929649
2023-07-29,13.272788717626206
2023-07-30,13.272846433399566
2023-07-31,13.272908007249729
2023-08-01,13.272973439176699
2023-08-02,13.273042729180473
2023-08-03,13.273115877261052
2023-08-04,13.273192883418433
2023-08-05,13.27327374765262
2023-08-06,13.273358469963608
2023-08-07,13.2734470503514
2023-08-08,13.273539488816002
2023-08-09,13.273635785357403
2023-08-10,13.273735939975609
2023-08-11,13.273839952670617
2023-08-12,13.273947823442434
2023-08-13,13.27405955229105
2023-08-14,13.274175139216474
2023-08-15,13.274294584218701
2023-08-16,13.27441788729773
2023-08-17,13.274542096822763
2023-08-18,13.274664261163004
2023-08-19,13.274784380318449
2023-08-20,13.2749024542891
2023-08-21,13.275018483074954
2023-08-22,13.275132466676013
2023-08-23,13.275244405092277
2023-08-24,13.275354298323744
2023-08-25,13.27546214637042
2023-08-26,13.275567949232297
2023-08-27,13.27567170690938
2023-08-28,13.27577341940167
2023-08-29,13.27587308670916
2023-08-30,13.27597070883186
2023-08-31,13.276066285769762
2023-09-01,13.27615981752287
2023-09-02,13.276251304091181
2023-09-03,13.276340745474698
2023-09-04,13.27642814167342
2023-09-05,13.276513492687346
2023-09-06,13.27659679851648
2023-09-07,13.276678059160815
2023-09-08,13.276757274620357
2023-09-09,13.276834444895101
2023-09-10,13.276909569985055
2023-09-11,13.27698264989021
2023-09-12,13.27705368461057
2023-09-13,13.277122674146137
2023-09-14,13.277189618496903
2023-09-15,13.277254517662879
2023-09-16,13.27731737164406
2023-09-17,13.277378180440444
2023-09-18,13.277436944052035
2023-09-19,13.277493662478829
2023-09-20,13.27754833572083
2023-09-21,13.277600963778031
2023-09-22,13.277651546650441
2023-09-23,13.277700084338052
2023-09-24,13.277746576840872
2023-09-25,13.277791024158898
2023-09-26,13.277833426292123
2023-09-27,13.277873783240555
2023-09-28,13.277912095004194
2023-09-29,13.277948361583038
2023-09-30,13.277982582977083
2023-10-01,13.278014759186336
2023-10-02,13.278044890210793
2023-10-03,13.278072976050455
2023-10-04,13.27809901670532
2023-10-05,13.278123012175392
2023-10-06,13.278144962460669
2023-10-07,13.27816486756115
2023-10-08,13.278182727476835
2023-10-09,13.278198542207727
2023-10-10,13.278212311753823
2023-10-11,13.278224036115123
2023-10-12,13.27823371529163
2023-10-13,13.27824134928334
2023-10-14,13.278246938090254
2023-10-15,13.278250481712371
2023-10-16,13.278251980149697
2023-10-17,13.278251433402227
2023-10-18,13.27824884146996
2023-10-19,13.278244204352902
2023-10-20,13.278237522051045
2023-10-21,13.278228794564395
2023-10-22,13.278218021892947
2023-10-23,13.278205204036704
2023-10-24,13.278190340995668
2023-10-25,13.278173432769837
2023-10-26,13.278154479359209
2023-10-27,13.278133480763788
2023-10-28,13.278110436983571
2023-10-29,13.278085348018557
2023-10-30,13.27805821386875
2023-10-31,13.278029034534148
2023-11-01,13.277997810014746
2023-11-02,13.277964540310556
2023-11-03,13.277929225421564
2023-11-04,13.277891865347783
2023-11-05,13.277852460089203
2023-11-06,13.277811009645827
2023-11-07,13.277767514017661
2023-11-08,13.277721973204695
2023-11-09,13.277674387206936
2023-11-10,13.27762475602438
2023-11-11,13.277573079657031
2023-11-12,13.277519358104888
2023-11-13,13.277463591367946
2023-11-14,13.27740577944621
2023-11-15,13.277345922339677
2023-11-16,13.277284020048356
2023-11-17,13.277221390750036
2023-11-18,13.277159352622515
2023-11-19,13.277097905665801
2023-11-20,13.277037049879894
2023-11-21,13.276976785264786
2023-11-22,13.27691711182049
2023-11-23,13.276858029546991
2023-11-24,13.2767995384443
2023-11-25,13.27674163851241
2023-11-26,13.276684329751326
2023-11-27,13.276627612161047
2023-11-28,13.276571485741568
2023-11-29,13.276515950492898
2023-11-30,13.27646100641503
2023-12-01,13.276406653507966
2023-12-02,13.276352891771705
2023-12-03,13.276299721206252
2023-12-04,13.2762471418116
2023-12-05,13.276195153587754
2023-12-06,13.276143756534708
2023-12-07,13.276092950652469
2023-12-08,13.276042735941035
2023-12-09,13.275993112400403
2023-12-10,13.275944080030575
2023-12-11,13.275895638831553
2023-12-12,13.275847788803333
2023-12-13,13.275800529945919
2023-12-14,13.275753862259307
2023-12-15,13.275707785743501
2023-12-16,13.275662300398501
2023-12-17,13.275617406224303
2023-12-18,13.275573103220909
2023-12-19,13.275529391388316
2023-12-20,13.275486270726532
2023-12-21,13.275443741235549
2023-12-22,13.275401802915372
2023-12-23,13.275360455766
2023-12-24,13.27531969978743
2023-12-25,13.275279534979664
2023-12-26,13.2752399613427
2023-12-27,13.275200978876544
2023-12-28,13.27516258758119
2023-12-29,13.275124787456642
2023-12-30,13.2750875785029
2023-12-31,13.275050960719959
2024-01-01,13.27501493410782
2024-01-02,13.274979498666488
2024-01-03,13.27494465439596
2024-01-04,13.274910401296234
2024-01-05,13.274876739367315
2024-01-06,13.274843668609197
2024-01-07,13.274811189021886
2024-01-08,13.274779300605378
2024-01-09,13.274748003359676
2024-01-10,13.274717297284774
2024-01-11,13.27468718238068
2024-01-12,13.274657658647385
2024-01-13,13.274628726084899
2024-01-14,13.274600384693217
2024-01-15,13.274572634472337
2024-01-16,13.274545475422261
2024-01-17,13.27451890754299
2024-01-18,13.274492930834525
2024-01-19,13.27446754529686
2024-01-20,13.274442750930001
2024-01-21,13.274418547733948
2024-01-22,13.274394935708699
2024-01-23,13.274371914854251
2024-01-24,13.274349485170609
2024-01-25,13.27432764665777
2024-01-26,13.274306399315737
2024-01-27,13.274285743144505
2024-01-28,13.27426567814408
2024-01-29,13.274246204314458
2024-01-30,13.27422732165564
2024-01-31,13.274209030167626
2024-02-01,13.274191329850417
2024-02-02,13.274174220704012
2024-02-03,13.27415770272841
2024-02-04,13.274141775923612
2024-02-05,13.27412644028962
2024-02-06,13.27411169582643
2024-02-07,13.274097542534049
2024-02-08,13.274083980412467
2024-02-09,13.27407100946169
2024-02-10,13.274058629681717
2024-02-11,13.274046841072547
2024-02-12,13.274035643634184
2024-02-13,13.274025037366622
2024-02-14,13.274015022269868
2024-02-15,13.274005598343916
2024-02-16,13.273996837397194
2024-02-17,13.273989170280279
2024-02-18,13.273982668801603
2024-02-19,13.273977332961163
2024-02-20,13.273973162758955
2024-02-21,13.27397015819498
2024-02-22,13.273968319269246
2024-02-23,13.273967645981742
2024-02-24,13.273968138332478
2024-02-25,13.273969796321447
2024-02-26,13.273972619948648
2024-02-27,13.27397660921409
2024-02-28,13.273981764117764
2024-02-29,13.27398808465967
2024-03-01,13.273995570839816
2024-03-02,13.274004222658196
2024-03-03,13.274014040114809
2024-03-04,13.274025023209662
2024-03-05,13.274037171942744
2024-03-06,13.274050486314065
2024-03-07,13.274064966323621
2024-03-08,13.274080611971412
2024-03-09,13.27409742325744
2024-03-10,13.2741154001817
2024-03-11,13.274134542744195
2024-03-12,13.274154850944928
2024-03-13,13.274176324783895
2024-03-14,13.274198964261094
2024-03-15,13.274222769376534
2024-03-16,13.274247740130205
2024-03-17,13.274273876522113
2024-03-18,13.274301178552255
2024-03-19,13.274329646220632
2024-03-20,13.274359279527244
2024-03-21,13.274390078472095
2024-03-22,13.274422043055177
2024-03-23,13.274455173276497
2024-03-24,13.27448946913605
2024-03-25,13.274524930633838
2024-03-26,13.274561557769864
2024-03-27,13.274599350544122
2024-03-28,13.274638308956614
2024-03-29,13.274678433007345
2024-03-30,13.274719722696311
2024-03-31,13.274762178023508
2024-04-01,13.274805798988943
2024-04-02,13.274850585592613
2024-04-03,13.274896537834522
2024-04-04,13.274943655714662
2024-04-05,13.274991939233036
2024-04-06,13.27504138838965
2024-04-07,13.275092003184495
2024-04-08,13.275143783617576
2024-04-09,13.275196729688894
2024-04-10,13.275250841398446
2024-04-11,13.27530611874623
2024-04-12,13.275362561732251
2024-04-13,13.275420170356508
2024-04-14,13.275478944619001
2024-04-15,13.27553888451973
2024-04-16,13.27559999005869
2024-04-17,13.27566226123589
2024-04-18,13.275725698051325
2024-04-19,13.27579030050499
2024-04-20,13.275856068596896
2024-04-21,13.275923002327033
2024-04-22,13.275991101695407
2024-04-23,13.276060366702017
2024-04-24,13.276130797346863
2024-04-25,13.276202393629939
2024-04-26,13.276275155551254
2024-04-27,13.276349083110803
2024-04-28,13.276424176308588
2024-04-29,13.27650043514461
2024-04-30,13.276577859618863
2024-05-01,13.276656449731357
2024-05-02,13.27673620548208
2024-05-03,13.276817126871041
2024-05-04,13.27689921389824
2024-05-05,13.27698246656367
2024-05-06,13.277066884867335
2024-05-07,13.277152468809238
2024-05-08,13.277239218389376
2024-05-09,13.277327133607743
2024-05-10,13.277416214464353
2024-05-11,13.277506460959195
2024-05-12,13.277597873092272
2024-05-13,13.277690450863584
2024-05-14,13.277784194273131
2024-05-15,13.277879103320913
2024-05-16,13.277975178006933
2024-05-17,13.278072172315543
2024-05-18,13.278168610152862
2024-05-19,13.278264245503248
2024-05-20,13.278359078366705
2024-05-21,13.278453108743225
2024-05-22,13.278546336632816
2024-05-23,13.278638762035472
2024-05-24,13.278730384951198
2024-05-25,13.278821205379987
2024-05-26,13.278911223321844
2024-05-27,13.279000438776768
2024-05-28,13.27908885174476
2024-05-29,13.279176462225816
2024-05-30,13.279263270219944
2024-05-31,13.279349275727135
2024-06-01,13.2794344787474
2024-06-02,13.279518879280726
2024-06-03,13.27960247732712
2024-06-04,13.279685272886582
2024-06-05,13.279767265959112
2024-06-06,13.279848456544707
2024-06-07,13.279928844643372
2024-06-08,13.2800084302551
2024-06-09,13.280087213379899
2024-06-10,13.280165194017764
2024-06-11,13.280242372168694
2024-06-12,13.280318747832695
2024-06-13,13.280394321009759
2024-06-14,13.280469091699894
2024-06-15,13.280543059903094
2024-06-16,13.28061622561936
2024-06-17,13.280688588848696
2024-06-18,13.280760149591098
2024-06-19,13.280830907846564
2024-06-20,13.280900863615098
2024-06-21,13.280970016896704
2024-06-22,13.281038367691373
2024-06-23,13.281105915999111
2024-06-24,13.281172661819914
2024-06-25,13.281238605153789
2024-06-26,13.281303746000727
2024-06-27,13.281368084360732
2024-06-28,13.281431620233805
2024-06-29,13.281494353619944
2024-06-30,13.281556284519153
2024-07-01,13.281617412931428
2024-07-02,13.28167773885677
2024-07-03,13.281737262295179
2024-07-04,13.281795983246653
2024-07-05,13.281853901711196
2024-07-06,13.281911017688808
2024-07-07,13.281967331179485
2024-07-08,13.282022842183228
2024-07-09,13.282077550700041
2024-07-10,13.282131456729921
2024-07-11,13.282184560272864
2024-07-12,13.282236861328876
2024-07-13,13.282288359897958
2024-07-14,13.282339055980106
2024-07-15,13.28238894957532
2024-07-16,13.282438040683601
2024-07-17,13.282486329304952
2024-07-18,13.282533815439367
2024-07-19,13.282580499086848
2024-07-20,13.2826263802474
2024-07-21,13.282671458921016
2024-07-22,13.2827157351077
2024-07-23,13.282759208807452
2024-07-24,13.282801880020271
2024-07-25,13.282843748746158
2024-07-26,13.282884814985112
2024-07-27,13.28292507873713
2024-07-28,13.282964540002219
2024-07-29,13.283003198780374
2024-07-30,13.283041055071596
2024-07-31,13.28307810887588
2024-08-01,13.283114360193238
2024-08-02,13.283149809023659
2024-08-03,13.283184455367149
2024-08-04,13.283218299223709
2024-08-05,13.283251340593333
2024-08-06,13.283283579476024
2024-08-07,13.283315015871782
2024-08-08,13.283345649780609
2024-08-09,13.283375481202501
2024-08-10,13.283404510137458
2024-08-11,13.283432736585485
2024-08-12,13.283460160546582
2024-08-13,13.283486782020741
2024-08-14,13.28351260100797
2024-08-15,13.28353761750827
2024-08-16,13.28356183152163
2024-08-17,13.283585850121307
2024-08-18,13.283610280380552
2024-08-19,13.28363512229936
2024-08-20,13.283660375877735
2024-08-21,13.28368604111567
2024-08-22,13.283712118013174
2024-08-23,13.28373860657024
2024-08-24,13.283765506786873
2024-08-25,13.283792818663072
2024-08-26,13.283820542198834
2024-08-27,13.283848677394161
2024-08-28,13.283877224249052
2024-08-29,13.283906182763504
2024-08-30,13.283935552937528
2024-08-31,13.283965334771114
2024-09-01,13.283995528264265
2024-09-02,13.284026133416978
2024-09-03,13.284057150229257
2024-09-04,13.284088578701105
2024-09-05,13.284120418832513
2024-09-06,13.284152670623488
2024-09-07,13.284185334074026
2024-09-08,13.284218409184131
2024-09-09,13.2842518959538
2024-09-10,13.284285794383033
2024-09-11,13.284320104471833
2024-09-12,13.284354826220195
2024-09-13,13.284389959628122
2024-09-14,13.284425504695614
2024-09-15,13.284461461422675
2024-09-16,13.284497829809295
2024-09-17,13.28453460985548
2024-09-18,13.284571801561235
2024-09-19,13.284609404926549
2024-09-20,13.284647419951432
2024-09-21,13.284685846635876
2024-09-22,13.284724684979887
2024-09-23,13.284763934983463
2024-09-24,13.284803596646602
2024-09-25,13.284843669969309
2024-09-26,13.284884154951579
2024-09-27,13.284925051593413
2024-09-28,13.284966359894813
2024-09-29,13.285008079855778
2024-09-30,13.285050211476305
2024-10-01,13.2850927547564
2024-10-02,13.285135709696059
2024-10-03,13.285179076295282
2024-10-04,13.28522285455407
2024-10-05,13.285267044472423
2024-10-06,13.28531164605034
2024-10-07,13.285356659287823
2024-10-08,13.28540208418487
2024-10-09,13.285447920741483
2024-10-10,13.285494168957658
2024-10-11,13.285540828833401
2024-10-12,13.285587900368709
2024-10-13,13.285635383563578
2024-10-14,13.285683278418016
2024-10-15,13.285731584932018
2024-10-16,13.285780303105582
2024-10-17,13.285829432938712
2024-10-18,13.285878974431407
2024-10-19,13.285928927583665
2024-10-20,13.285979292395488
2024-10-21,13.286030068866882
2024-10-22,13.286081256997834
2024-10-23,13.286132856788354
2024-10-24,13.286184868238438
2024-10-25,13.286237291348087
2024-10-26,13.2862901261173
2024-10-27,13.286343372546078
2024-10-28,13.28639703063442
2024-10-29,13.286451100382326
2024-10-30,13.2865055817898
2024-10-31,13.286560474856838
2024-11-01,13.286615779583439
2024-11-02,13.286671495969607
2024-11-03,13.286727624015338
2024-11-04,13.286784163720634
2024-11-05,13.286841115085494
2024-11-06,13.286898478109922
2024-11-07,13.28695625279391
2024-11-08,13.287014439137469
2024-11-09,13.287073037140587
2024-11-10,13.287132046803272
2024-11-11,13.287191468125522
2024-11-12,13.287251301107336
2024-11-13,13.287311545748715
2024-11-14,13.28737220204966
2024-11-15,13.287433270010169
2024-11-16,13.287494749630241
2024-11-17,13.28755635044448
2024-11-18,13.287617781987475
2024-11-19,13.287679044259233
2024-11-20,13.28774013725975
2024-11-21,13.287801060989029
2024-11-22,13.287861815447071
2024-11-23,13.287922400633866
2024-11-24,13.287982816549427
2024-11-25,13.288043063193749
2024-11-26,13.28810314056683
2024-11-27,13.288163048668675
2024-11-28,13.288222787499274
2024-11-29,13.28828235705864
2024-11-30,13.288341757346762
2024-12-01,13.28840098836365
2024-12-02,13.288460050109293
2024-12-03,13.288518942583698
2024-12-04,13.288577665786866
2024-12-05,13.288636219718793
2024-12-06,13.28869460437948
2024-12-07,13.288752819768927
2024-12-08,13.288810865887134
2024-12-09,13.288868742734106
2024-12-10,13.288926450309837
2024-12-11,13.288983988614325
2024-12-12,13.289041357647575
2024-12-13,13.289098557409588
2024-12-14,13.28915558790036
2024-12-15,13.289212449119892
2024-12-16,13.289269141068184
2024-12-17,13.28932566374524
2024-12-18,13.289382017151055
2024-12-19,13.289438201285629
2024-12-20,13.289494216148965
2024-12-21,13.289550061741064
2024-12-22,13.289605738061919
2024-12-23,13.289661245111535
2024-12-24,13.289716582889913
2024-12-25,13.289771751397051
2024-12-26,13.289826750632953
2024-12-27,13.289881580597612
2024-12-28,13.289936241291029
2024-12-29,13.28999073271321
2024-12-30,13.290045054864152
2024-12-31,13.290099207743856
2025-01-01,13.290153191352315
2025-01-02,13.29020700568954
2025-01-03,13.290260650755522
2025-01-04,13.290314126550268
2025-01-05,13.290367433073774
2025-01-06,13.290420570326038
2025-01-07,13.290473538307065
2025-01-08,13.290526337016853
2025-01-09,13.2905789664554
2025-01-10,13.290631426622705
2025-01-11,13.290683717518775
2025-01-12,13.290735839143604
2025-01-13,13.290787791497191
2025-01-14,13.290839574579543
2025-01-15,13.290891188390654
2025-01-16,13.290942632930523
2025-01-17,13.290993908199159
2025-01-18,13.29104501419655
2025-01-19,13.291095950922703
2025-01-20,13.291146718377616
2025-01-21,13.291197316561291
2025-01-22,13.291247745473726
2025-01-23,13.291298005114921
2025-01-24,13.291348095484876
2025-01-25,13.291398016583594
2025-01-26,13.291447768411071
2025-01-27,13.291497350967308
2025-01-28,13.291546764252306
2025-01-29,13.291596008266065
2025-01-30,13.291645083008586
2025-01-31,13.291693988479865
2025-02-01,13.291742724679906
2025-02-02,13.291791291608707
2025-02-03,13.291839689266272
2025-02-04,13.291887917652593
2025-02-05,13.291935976767675
2025-02-06,13.29198386661152
2025-02-07,13.292031587184123
2025-02-08,13.292079138485486
2025-02-09,13.292126520515612
2025-02-10,13.292173733274499
2025-02-11,13.292220776762147
2025-02-12,13.292267650978552
2025-02-13,13.292314355923718
2025-02-14,13.292360891597648
2025-02-15,13.292407258000335
2025-02-16,13.292452731925614
2025-02-17,13.292496590167316
2025-02-18,13.292538832725434
2025-02-19,13.292579459599976
2025-02-20,13.292618470790938
2025-02-21,13.292655866298317
2025-02-22,13.292691646122117
2025-02-23,13.292725810262342
2025-02-24,13.292758358718984
2025-02-25,13.292789291492044
2025-02-26,13.29281860858153
2025-02-27,13.29284630998743
2025-02-28,13.292872395709757
2025-03-01,13.2928968657485
2025-03-02,13.292919720103663
2025-03-03,13.292940958775251
2025-03-04,13.292960581763259
2025-03-05,13.29297858906768
2025-03-06,13.292994980688526
2025-03-07,13.293009756625795
2025-03-08,13.29302291687948
2025-03-09,13.293034461449588
2025-03-10,13.293044390336114
2025-03-11,13.293052703539063
2025-03-12,13.293059401058432
2025-03-13,13.293064482894218
2025-03-14,13.293067949046428
2025-03-15,13.293069799515058
2025-03-16,13.293070034300108
2025-03-17,13.293068653401576
2025-03-18,13.293065656819467
2025-03-19,13.293061044553777
2025-03-20,13.29305481660451
2025-03-21,13.29304697297166
2025-03-22,13.293037513655234
2025-03-23,13.293026438655223
2025-03-24,13.293013747971639
2025-03-25,13.29299944160447
2025-03-26,13.292983519553722
2025-03-27,13.292965981819398
2025-03-28,13.292946828401492
2025-03-29,13.292926059300006
2025-03-30,13.292903674514944
2025-03-31,13.292879674046297
2025-04-01,13.292854057894074
2025-04-02,13.29282682605827
2025-04-03,13.292797978538886
2025-04-04,13.292767515335923
2025-04-05,13.292735436449378
2025-04-06,13.292701741879258
2025-04-07,13.292666431625555
2025-04-08,13.292629505688273
2025-04-09,13.292590964067413
2025-04-10,13.29255080676297
2025-04-11,13.29250903377495
2025-04-12,13.292465645103347
2025-04-13,13.292420640748169
2025-04-14,13.29237402070941
2025-04-15,13.29232578498707
2025-04-16,13.292275933581152
2025-04-17,13.292224466491653
2025-04-18,13.292171383718577
2025-04-19,13.292116685261918
2025-04-20,13.292060371121682
2025-04-21,13.292002441297862
2025-04-22,13.291942895790466
2025-04-23,13.291881734599492
2025-04-24,13.291818957724935
2025-04-25,13.291754565166798
2025-04-26,13.291688556925084
2025-04-27,13.291620932999791
2025-04-28,13.291551693390916
2025-04-29,13.291480838098462
2025-04-30,13.29140836712243
2025-05-01,13.291334280462817
2025-05-02,13.291258578119622
2025-05-03,13.29118126009285
2025-05-04,13.291102326382498
2025-05-05,13.291021776988567
2025-05-06,13.290939611911053
2025-05-07,13.290855831149965
2025-05-08,13.290770434705294
2025-05-09,13.290683422577043
2025-05-10,13.290594794765214
2025-05-11,13.290504551269805
2025-05-12,13.290412692090815
2025-05-13,13.290319217228248
2025-05-14,13.290224126682098
2025-05-15,13.29012742045237
2025-05-16,13.290029098539062
2025-05-17,13.289929547618504
2025-05-18,13.289831087748663
2025-05-19,13.289734105605865
2025-05-20,13.289638601190113
2025-05-21,13.289544574501406
2025-05-22,13.289452025539743
2025-05-23,13.289360954305124
2025-05-24,13.289271360797553
2025-05-25,13.289183245017023
2025-05-26,13.28909660696354
2025-05-27,13.289011446637103
2025-05-28,13.288927764037709
2025-05-29,13.288845559165361
2025-05-30,13.288764832020059
2025-05-31,13.288685582601799
2025-06-01,13.288607810910586
2025-06-02,13.288531516946415
2025-06-03,13.288456700709292
2025-06-04,13.288383362199214
2025-06-05,13.28831150141618
2025-06-06,13.288241118360194
2025-06-07,13.288172213031247
2025-06-08,13.288104785429349
2025-06-09,13.288038835554495
2025-06-10,13.287974363406686
2025-06-11,13.287911368985922
2025-06-12,13.2878498522922
2025-06-13,13.287789813325526
2025-06-14,13.287731252085896
2025-06-15,13.287674168573313
2025-06-16,13.28761856278777
2025-06-17,13.287564434729278
2025-06-18,13.287511784397827
2025-06-19,13.287460611793422
2025-06-20,13.287410916916063
2025-06-21,13.287362699765747
2025-06-22,13.287315960342475
2025-06-23,13.28727069864625
2025-06-24,13.28722691467707
2025-06-25,13.287184608434934
2025-06-26,13.287143779919845
2025-06-27,13.287104429131798
2025-06-28,13.287066556070796
2025-06-29,13.28703016073684
2025-06-30,13.286995243129926
2025-07-01,13.286961803250064
2025-07-02,13.286929841097242
2025-07-03,13.286899356671466
2025-07-04,13.286870349972734
2025-07-05,13.286842821001049
2025-07-06,13.286816769756404
2025-07-07,13.286792196238808
2025-07-08,13.286769100448257
2025-07-09,13.286747482384751
2025-07-10,13.286727342048287
2025-07-11,13.28670867943887
2025-07-12,13.2866914945565
2025-07-13,13.28667578740117
2025-07-14,13.286661557972888
2025-07-15,13.286648806271652
2025-07-16,13.286637532297458
2025-07-17,13.28662773605031
2025-07-18,13.28661941753021
2025-07-19,13.286612576737152
2025-07-20,13.28660721367114
2025-07-21,13.28660332833217
2025-07-22,13.286600920720247
2025-07-23,13.286599990835366
2025-07-24,13.286600538677535
2025-07-25,13.286602564246747
2025-07-26,13.286606067543005
2025-07-27,13.286611048566304
2025-07-28,13.286617507316652
2025-07-29,13.286625443794044
2025-07-30,13.286634857998479
2025-07-31,13.286645749929958
2025-08-01,13.286658119588488
2025-08-02,13.286671966974055
2025-08-03,13.286687292086672
2025-08-04,13.286704094926334
2025-08-05,13.28672237549304
2025-08-06,13.28674213378679
2025-08-07,13.286763369807588
2025-08-08,13.286786083555427
2025-08-09,13.286810275030312
2025-08-10,13.28683594423224
2025-08-11,13.286863091161216
2025-08-12,13.286891715817235
2025-08-13,13.286921818200302
2025-08-14,13.286953398310411
2025-08-15,13.286986456147567
2025-08-16,13.287020991711763
2025-08-17,13.287056341213974
2025-08-18,13.287091840865154
2025-08-19,13.287127490665307
2025-08-20,13.287163290614437
2025-08-21,13.287199240712537
2025-08-22,13.287235340959612
2025-08-23,13.287271591355658
2025-08-24,13.28730799190068
2025-08-25,13.28734454259467
2025-08-26,13.28738124343764
2025-08-27,13.287418094429578
2025-08-28,13.28745509557049
2025-08-29,13.287492246860374
2025-08-30,13.287529548299233
2025-08-31,13.287566999887066
2025-09-01,13.287604601623869
2025-09-02,13.287642353509646
2025-09-03,13.287680255544398
2025-09-04,13.28771830772812
2025-09-05,13.287756510060817
2025-09-06,13.287794862542487
2025-09-07,13.287833365173132
2025-09-08,13.287872017952745
2025-09-09,13.287910820881336
2025-09-10,13.2879497739589
2025-09-11,13.287988877185432
2025-09-12,13.28802813056094
2025-09-13,13.288067534085423
2025-09-14,13.28810708775888
2025-09-15,13.288146791581305
2025-09-16,13.288186645552706
2025-09-17,13.28822664967308
2025-09-18,13.288266803942426
2025-09-19,13.288307108360742
2025-09-20,13.288347562928038
2025-09-21,13.288388167644301
2025-09-22,13.28842892250954
2025-09-23,13.288469827523755
2025-09-24,13.288510882686937
2025-09-25,13.288552087999097
2025-09-26,13.288593443460227
2025-09-27,13.288634949070333
2025-09-28,13.288676604829408
2025-09-29,13.28871841073746
2025-09-30,13.288760366794483
2025-10-01,13.288802473000478
2025-10-02,13.288844729355446
2025-10-03,13.288887135859392
2025-10-04,13.288929692512307
2025-10-05,13.288972399314195
2025-10-06,13.289015256265055
2025-10-07,13.289058263364891
2025-10-08,13.289101420613697
2025-10-09,13.289144728011479
2025-10-10,13.289188185558233
2025-10-11,13.289231793253961
2025-10-12,13.289275551098662
2025-10-13,13.289319459092333
2025-10-14,13.289363517234978
2025-10-15,13.2894077255266
2025-10-16,13.28945208396719
2025-10-17,13.289496592556757
2025-10-18,13.289541251295294
2025-10-19,13.289586060182804
2025-10-20,13.289631019219291
2025-10-21,13.28967612840475
2025-10-22,13.289721387739178
2025-10-23,13.28976679722258
2025-10-24,13.289812356854958
2025-10-25,13.289858066636306
2025-10-26,13.28990392656663
2025-10-27,13.289949936645929
2025-10-28,13.289996096874196
2025-10-29,13.290042407251438
2025-10-30,13.290088867777653
2025-10-31,13.290135478452841
2025-11-01,13.290182239277003
2025-11-02,13.290229150250138
2025-11-03,13.290276211372245
2025-11-04,13.290323422643322
2025-11-05,13.290370784063377
2025-11-06,13.290418295632403
2025-11-07,13.290465957350403
2025-11-08,13.290513769217377
2025-11-09,13.290561731233321
2025-11-10,13.29060984339824
2025-11-11,13.290658105712133
2025-11-12,13.290706518174996
2025-11-13,13.290755080786836
2025-11-14,13.290803793547648
2025-11-15,13.290852656457432
2025-11-16,13.290901669516188
2025-11-17,13.290950832723919
2025-11-18,13.29100014608062
2025-11-19,13.291049609586299
2025-11-20,13.291099223240948
2025-11-21,13.291148987044568
2025-11-22,13.291198900997163
2025-11-23,13.291248965098733
2025-11-24,13.291299179349274
2025-11-25,13.291349543748787
2025-11-26,13.291400058297274
2025-11-27,13.291450722994739
2025-11-28,13.29150153784117
2025-11-29,13.291552502836577
2025-11-30,13.291603617980957
2025-12-01,13.291654883274312
2025-12-02,13.291706298716637
2025-12-03,13.291757864307936
2025-12-04,13.291809580048207
2025-12-05,13.291861445937453
2025-12-06,13.291913461975671
2025-12-07,13.291965628162863
2025-12-08,13.29201794449903
2025-12-09,13.292070410984165
2025-12-10,13.292123027618276
2025-12-11,13.29217579440136
2025-12-12,13.292228711333413
2025-12-13,13.292281778414445
2025-12-14,13.292334995644447
2025-12-15,13.292388363023424
2025-12-16,13.292441880551372
2025-12-17,13.292495548228295
2025-12-18,13.29254936605419
2025-12-19,13.292603334029057
2025-12-20,13.292657452152898
2025-12-21,13.292711720425713
2025-12-22,13.292766138847501
2025-12-23,13.29282070741826
2025-12-24,13.292875426137995
2025-12-25,13.292930295006702
2025-12-26,13.29298531402438
2025-12-27,13.293040483191032
2025-12-28,13.29309580250666
2025-12-29,13.293151271971254
2025-12-30,13.293206891584827
2025-12-31,13.293262661347372
2026-01-01,13.29331858125889
2026-01-02,
2026-01-03,
2026-01-04,
2026-01-05,
2026-01-06,
2026-01-07,
2026-01-08,
2026-01-09,
2026-01-10,
2026-01-11,
2026-01-12,
2026-01-13,
2026-01-14,
2026-01-15,
2026-01-16,
2026-01-17,
2026-01-18,
2026-01-19,
2026-01-20,
2026-01-21,
2026-01-22,
2026-01-23,
2026-01-24,
2026-01-25,
2026-01-26,
2026-01-27,
2026-01-28,
2026-01-29,
2026-01-30,
2026-01-31,
2026-02-01,
2026-02-02,
2026-02-03,
2026-02-04,
2026-02-05,
2026-02-06,
2026-02-07,
2026-02-08,
2026-02-09,
2026-02-10,
2026-02-11,
2026-02-12,
2026-02-13,
2026-02-14,
2026-02-15,
2026-02-16,
2026-02-17,
2026-02-18,
2026-02-19,
2026-02-20,
2026-02-21,
2026-02-22,
2026-02-23,
2026-02-24,
2026-02-25,
2026-02-26,
2026-02-27,
2026-02-28,
2026-03-01,
2026-03-02,
2026-03-03,
2026-03-04,
2026-03-05,
2026-03-06,
2026-03-07,
2026-03-08,
2026-03-09,
2026-03-10,
2026-03-11,
2026-03-12,
2026-03-13,
2026-03-14,
2026-03-15,
2026-03-16,
2026-03-17,
2026-03-18,
2026-03-19,
2026-03-20,
2026-03-21,
2026-03-22,
2026-03-23,
2026-03-24,
2026-03-25,
2026-03-26,
2026-03-27,
2026-03-28,
2026-03-29,
2026-03-30,
2026-03-31,
2026-04-01,
2026-04-02,
2026-04-03,
2026-04-04,
2026-04-05,
2026-04-06,
2026-04-07,
2026-04-08,
2026-04-09,
2026-04-10,
2026-04-11,
2026-04-12,
2026-04-13,
2026-04-14,
2026-04-15,
2026-04-16,
2026-04-17,
2026-04-18,
2026-04-19,
2026-04-20,
2026-04-21,
2026-04-22,
2026-04-23,
2026-04-24,
2026-04-25,
2026-04-26,
2026-04-27,
2026-04-28,
2026-04-29,
2026-04-30,
2026-05-01,
2026-05-02,
2026-05-03,
2026-05-04,
2026-05-05,
2026-05-06,
2026-05-07,
2026-05-08,
2026-05-09,
2026-05-10,
2026-05-11,
2026-05-12,
2026-05-13,
2026-05-14,
2026-05-15,
2026-05-16,
2026-05-17,
2026-05-18,
2026-05-19,
2026-05-20,
2026-05-21,
2026-05-22,
2026-05-23,
2026-05-24,
2026-05-25,
2026-05-26,
2026-05-27,
2026-05-28,
2026-05-29,
2026-05-30,
2026-05-31,
2026-06-01,
2026-06-02,
2026-06-03,
2026-06-04,
2026-06-05,
2026-06-06,
2026-06-07,
2026-06-08,
2026-06-09,
2026-06-10,
2026-06-11,
2026-06-12,
2026-06-13,
2026-06-14,
2026-06-15,
2026-06-16,
2026-06-17,
2026-06-18,
2026-06-19,
2026-06-20,
2026-06-21,
2026-06-22,
2026-06-23,
2026-06-24,
2026-06-25,
2026-06-26,
2026-06-27,
2026-06-28,
2026-06-29,
2026-06-30,
