date,other_pct
1999-01-01,-5.994509311897022
1999-01-02,-6.00576977540096
1999-01-03,-6.01184016017727
1999-01-04,-6.012720466225954
1999-01-05,-6.008410693547008
1999-01-06,-5.998910842140434
1999-01-07,-5.984220912006232
1999-01-08,-5.964340903144405
1999-01-09,-5.9392708155549485
1999-01-10,-5.909010649237865
1999-01-11,-5.873560404193154
1999-01-12,-5.832920080420813
1999-01-13,-5.7870896779208465
1999-01-14,-5.7360691966932515
1999-01-15,-5.679858636738029
1999-01-16,-5.618457998055177
1999-01-17,-5.551867280644701
1999-01-18,-5.480086484506594
1999-01-19,-5.40311560964086
1999-01-20,-5.320954656047499
1999-01-21,-5.23360362372651
1999-01-22,-5.141062512677893
1999-01-23,-5.043331322901649
1999-01-24,-4.940410054397777
1999-01-25,-4.832298707166276
1999-01-26,-4.718997281207148
1999-01-27,-4.600505776520393
1999-01-28,-4.476824193106009
1999-01-29,-4.347952530963999
1999-01-30,-4.21389079009436
1999-01-31,-4.074638970497093
1999-02-01,-3.930197072172199
1999-02-02,-3.7805650951196768
1999-02-03,-3.625743039339527
1999-02-04,-3.4657309048317493
1999-02-05,-3.3005286915963445
1999-02-06,-3.1301363996333116
1999-02-07,-2.954554028942651
1999-02-08,-2.7737815795243623
1999-02-09,-2.5878190513784465
1999-02-10,-2.396666444504902
1999-02-11,-2.2003237589037306
1999-02-12,-1.9987909945749314
1999-02-13,-1.7920681515185044
1999-02-14,-1.5801552297344497
1999-02-15,-1.363052229222767
1999-02-16,-1.1557974719198207
1999-02-17,-0.9734292797619762
1999-02-18,-0.8159476527492334
1999-02-19,-0.6833525908815918
1999-02-20,-0.5756440941590518
1999-02-21,-0.4928221625816131
1999-02-22,-0.4348867961492753
1999-02-23,-0.40183799486203914
1999-02-24,-0.39367575871990457
1999-02-25,-0.4104000877228713
1999-02-26,-0.45201098187093935
1999-02-27,-0.5185084411641091
1999-02-28,-0.6098924656023796
1999-03-01,-0.7261630551857519
1999-03-02,-0.8673202099142255
1999-03-03,-1.0333639297878006
1999-03-04,-1.2242942148064766
1999-03-05,-1.4401110649702542
1999-03-06,-1.6808144802791336
1999-03-07,-1.946404460733114
1999-03-08,-2.2368810063321956
1999-03-09,-2.5522441170763788
1999-03-10,-2.892493792965664
1999-03-11,-3.2576300340000506
1999-03-12,-3.6476528401795374
1999-03-13,-4.062562211504126
1999-03-14,-4.502358147973816
1999-03-15,-4.967040649588608
1999-03-16,-5.456609716348501
1999-03-17,-5.964602537197606
1999-03-18,-6.452242245800589
1999-03-19,-6.913066031101558
1999-03-20,-7.347073893100515
1999-03-21,-7.754265831797462
1999-03-22,-8.134641847192395
1999-03-23,-8.488201939285318
1999-03-24,-8.814946108076228
1999-03-25,-9.114874353565124
1999-03-26,-9.38798667575201
1999-03-27,-9.634283074636885
1999-03-28,-9.853763550219746
1999-03-29,-10.046428102500593
1999-03-30,-10.212276731479431
1999-03-31,-10.351309437156257
1999-04-01,-10.463526219531069
1999-04-02,-10.548927078603871
1999-04-03,-10.607512014374658
1999-04-04,-10.639281026843436
1999-04-05,-10.644234116010201
1999-04-06,-10.622371281874955
1999-04-07,-10.573692524437694
1999-04-08,-10.498197843698424
1999-04-09,-10.39588723965714
1999-04-10,-10.266760712313843
1999-04-11,-10.110818261668536
1999-04-12,-9.928059887721217
1999-04-13,-9.718485590471882
1999-04-14,-9.48209536992054
1999-04-15,-9.218889226067184
1999-04-16,-8.928867158911816
1999-04-17,-8.625675455706089
1999-04-18,-8.322960403701657
1999-04-19,-8.020722002898516
1999-04-20,-7.718960253296673
1999-04-21,-7.417675154896122
1999-04-22,-7.1168667076968655
1999-04-23,-6.816534911698905
1999-04-24,-6.516679766902238
1999-04-25,-6.217301273306864
1999-04-26,-5.918399430912785
1999-04-27,-5.619974239720001
1999-04-28,-5.322025699728511
1999-04-29,-5.024553810938315
1999-04-30,-4.727558573349413
1999-05-01,-4.431039986961806
1999-05-02,-4.134998051775493
1999-05-03,-3.8394327677904734
1999-05-04,-3.5443441350067486
1999-05-05,-3.2497321534243184
1999-05-06,-2.9555968230431815
1999-05-07,-2.6619381438633405
1999-05-08,-2.3687561158847923
1999-05-09,-2.0760507391075387
1999-05-10,-1.7838220135315803
1999-05-11,-1.4920699391569145
1999-05-12,-1.2007945159835443
1999-05-13,-0.9099957440114681
1999-05-14,-0.6196736232406856
1999-05-15,-0.329828153671198
1999-05-16,-0.040459335303004273
1999-05-17,0.24612191933086974
1999-05-18,0.5160501350322764
1999-05-19,0.7670143992681887
1999-05-20,0.9990147120386078
1999-05-21,1.2120510733435337
1999-05-22,1.4061234831829663
1999-05-23,1.5812319415569058
1999-05-24,1.737376448465351
1999-05-25,1.8745570039083037
1999-05-26,1.992773607885763
1999-05-27,2.092026260397728
1999-05-28,2.1723149614442003
1999-05-29,2.2336397110251798
1999-05-30,2.276000509140665
1999-05-31,2.2993973557906573
1999-06-01,2.3038302509751563
1999-06-02,2.289299194694162
1999-06-03,2.2558041869476733
1999-06-04,2.2033452277356926
1999-06-05,2.1319223170582173
1999-06-06,2.04153545491525
1999-06-07,1.9321846413067882
1999-06-08,1.803869876232833
1999-06-09,1.656591159693385
1999-06-10,1.4903484916884437
1999-06-11,1.305141872218009
1999-06-12,1.1009713012820808
1999-06-13,0.8778367788806598
1999-06-14,0.6357383050137448
1999-06-15,0.37467587968133564
1999-06-16,0.09464950288343443
1999-06-17,-0.188219857223021
1999-06-18,-0.45781123248109157
1999-06-19,-0.7141246228907764
1999-06-20,-0.9571600284520759
1999-06-21,-1.1869174491649894
1999-06-22,-1.4033968850295184
1999-06-23,-1.6065983360456615
1999-06-24,-1.7965218022134193
1999-06-25,-1.973167283532792
1999-06-26,-2.136534780003779
1999-06-27,-2.2866242916263806
1999-06-28,-2.423435818400597
1999-06-29,-2.546969360326427
1999-06-30,-2.657224917403873
1999-07-01,-2.7542024896329327
1999-07-02,-2.837902077013607
1999-07-03,-2.908323679545897
1999-07-04,-2.9654672972298
1999-07-05,-3.0093329300653195
1999-07-06,-3.0399205780524516
1999-07-07,-3.057230241191199
1999-07-08,-3.0612619194815616
1999-07-09,-3.0520156129235385
1999-07-10,-3.02949132151713
1999-07-11,-2.9936890452623364
1999-07-12,-2.944608784159157
1999-07-13,-2.8822505382075914
1999-07-14,-2.8066143074076417
1999-07-15,-2.717700091759306
1999-07-16,-2.6155078912625846
1999-07-17,-2.50194825730951
1999-07-18,-2.388484498252273
1999-07-19,-2.277027165482906
1999-07-20,-2.1675762590014087
1999-07-21,-2.0601317788077806
1999-07-22,-1.9546937249020226
1999-07-23,-1.851262097284134
1999-07-24,-1.749836895954115
1999-07-25,-1.6504181209119657
1999-07-26,-1.553005772157686
1999-07-27,-1.4575998496912759
1999-07-28,-1.3642003535127354
1999-07-29,-1.2728072836220647
1999-07-30,-1.1834206400192635
1999-07-31,-1.0960404227043319
1999-08-01,-1.01066663167727
1999-08-02,-0.927299266938078
1999-08-03,-0.8459383284867554
1999-08-04,-0.7665838163233025
1999-08-05,-0.689235730447719
1999-08-06,-0.6138940708600054
1999-08-07,-0.5405588375601614
1999-08-08,-0.46923003054818696
1999-08-09,-0.3999076498240823
1999-08-10,-0.3325916953878472
1999-08-11,-0.2672821672394818
1999-08-12,-0.2039790653789859
1999-08-13,-0.14268238980635967
1999-08-14,-0.08339214052160315
1999-08-15,-0.02610831752471615
1999-08-16,0.029169079184301117
1999-08-17,0.08243466619803268
1999-08-18,0.13365614307198295
1999-08-19,0.1828281263987357
1999-08-20,0.2299506161782909
1999-08-21,0.2750236124106488
1999-08-22,0.31804711509580913
1999-08-23,0.3590211242337721
1999-08-24,0.3979456398245374
1999-08-25,0.4348206618681054
1999-08-26,0.4696461903644759
1999-08-27,0.5024222253136491
1999-08-28,0.5331487667156248
1999-08-29,0.5618258145704028
1999-08-30,0.5884533688779836
1999-08-31,0.6130314296383668
1999-09-01,0.6355599968515526
1999-09-02,0.656039070517541
1999-09-03,0.6744686506363318
1999-09-04,0.6908487372079253
1999-09-05,0.7051793302323213
1999-09-06,0.7174604297095197
1999-09-07,0.7276920356395208
1999-09-08,0.7358741480223244
1999-09-09,0.7420067668579307
1999-09-10,0.7460898921463391
1999-09-11,0.7481235238875504
1999-09-12,0.7481076620815643
1999-09-13,0.7460423067283806
1999-09-14,0.7419274578279995
1999-09-15,0.7357631153804208
1999-09-16,0.7275492793856447
1999-09-17,0.7177154634399043
1999-09-18,0.7066911811394326
1999-09-19,0.6944764324842294
1999-09-20,0.681071217474295
1999-09-21,0.6664755361096291
1999-09-22,0.6506893883902319
1999-09-23,0.6337127743161035
1999-09-24,0.6155456938872438
1999-09-25,0.5961881471036526
1999-09-26,0.5756401339653301
1999-09-27,0.5539016544722762
1999-09-28,0.5309727086244912
1999-09-29,0.5068532964219746
1999-09-30,0.48154341786472693
1999-10-01,0.4550430729527477
1999-10-02,0.42735226168603724
1999-10-03,0.3984709840645954
1999-10-04,0.3683992400884223
1999-10-05,0.3371370297575178
1999-10-06,0.30468435307188196
1999-10-07,0.2710412100315149
1999-10-08,0.23620760063641633
1999-10-09,0.20018352488658644
1999-10-10,0.16296898278202535
1999-10-11,0.12456397432273275
1999-10-12,0.08496849950870894
1999-10-13,0.044182558339953826
1999-10-14,0.0022061508164673005
1999-10-15,-0.04096072306175058
1999-10-16,-0.08531806329469976
1999-10-17,-0.1298699699708192
1999-10-18,-0.1686410436207426
1999-10-19,-0.2006353843329088
1999-10-20,-0.22585299210731788
1999-10-21,-0.24429386694396973
1999-10-22,-0.2559580088428645
1999-10-23,-0.26084541780400217
1999-10-24,-0.2589560938273826
1999-10-25,-0.2502900369130058
1999-10-26,-0.2348472470608721
1999-10-27,-0.21262772427098092
1999-10-28,-0.18363146854333268
1999-10-29,-0.14785847987792744
1999-10-30,-0.10530875827476505
1999-10-31,-0.05598230373384527
1999-11-01,0.00012088374483130582
1999-11-02,0.06300080416126541
1999-11-03,0.13265745751545643
1999-11-04,0.2090908438074046
1999-11-05,0.29230096303711006
1999-11-06,0.38228781520457245
1999-11-07,0.479051400309792
1999-11-08,0.5825917183527691
1999-11-09,0.6929087693335031
1999-11-10,0.8100025532519942
1999-11-11,0.9338730701082425
1999-11-12,1.0645203199022482
1999-11-13,1.2019443026340104
1999-11-14,1.3461450183035304
1999-11-15,1.4971224669108074
1999-11-16,1.6548766484558413
1999-11-17,1.807454064879952
1999-11-18,1.94290121812446
1999-11-19,2.061218108189363
1999-11-20,2.1624047350746642
1999-11-21,2.24646109878036
1999-11-22,2.313387199306453
1999-11-23,2.3631830366529427
1999-11-24,2.3958486108198285
1999-11-25,2.411383921807111
1999-11-26,2.409788969614789
1999-11-27,2.391063754242865
1999-11-28,2.3552082756913366
1999-11-29,2.3022225339602045
1999-11-30,2.2321065290494695
1999-12-01,2.1448602609591303
1999-12-02,2.0404837296891873
1999-12-03,1.9189769352396413
1999-12-04,1.7803398776104915
1999-12-05,1.6245725568017384
1999-12-06,1.4516749728133813
1999-12-07,1.2616471256454207
1999-12-08,1.0544890152978572
1999-12-09,0.8302006417706891
1999-12-10,0.5887820050639183
1999-12-11,0.3302331051775438
1999-12-12,0.054553942111565945
1999-12-13,-0.2382554841340161
1999-12-14,-0.5481951735592014
1999-12-15,-0.8752651261639905
1999-12-16,-1.2194653419483834
1999-12-17,-1.5761148791728672
1999-12-18,-1.9171280874003698
1999-12-19,-2.23782402489138
1999-12-20,-2.538202691645897
1999-12-21,-2.818264087663922
1999-12-22,-3.0780082129454507
1999-12-23,-3.3174350674904893
1999-12-24,-3.536544651299034
1999-12-25,-3.7353369643710854
1999-12-26,-3.9138120067066438
1999-12-27,-4.07196977830571
1999-12-28,-4.209810279168282
1999-12-29,-4.327333509294362
1999-12-30,-4.424539468683949
1999-12-31,-4.50142815733704
2000-01-01,-4.557999575253642
2000-01-02,-4.594253722433747
2000-01-03,-4.610190598877363
2000-01-04,-4.605810204584484
2000-01-05,-4.581112539555113
2000-01-06,-4.536097603789246
2000-01-07,-4.47076539728689
2000-01-08,-4.3851159200480385
2000-01-09,-4.279149172072693
2000-01-10,-4.152865153360856
2000-01-11,-4.006263863912525
2000-01-12,-3.8393453037277023
2000-01-13,-3.6521094728063863
2000-01-14,-3.4445563711485763
2000-01-15,-3.216685998754274
2000-01-16,-2.9684983556234785
2000-01-17,-2.703837396638301
2000-01-18,-2.445766851091407
2000-01-19,-2.198130673864908
2000-01-20,-1.9609288649588037
2000-01-21,-1.7341614243730943
2000-01-22,-1.5178283521077802
2000-01-23,-1.3119296481628602
2000-01-24,-1.116465312538335
2000-01-25,-0.9314353452342048
2000-01-26,-0.7568397462504693
2000-01-27,-0.5926785155871289
2000-01-28,-0.43895165324418295
2000-01-29,-0.29565915922163216
2000-01-30,-0.16280103351947584
2000-01-31,-0.040377276137714524
2000-02-01,0.0716121129236522
2000-02-02,0.17316713366462413
2000-02-03,0.2642877860852008
2000-02-04,0.3449740701853832
2000-02-05,0.4152259859651705
2000-02-06,0.4750435334245631
2000-02-07,0.524426712563561
2000-02-08,0.5633755233821638
2000-02-09,0.5918899658803721
2000-02-10,0.6099700400581854
2000-02-11,0.617615745915604
2000-02-12,0.6148270834526278
2000-02-13,0.6016040526692567
2000-02-14,0.5779466535654909
2000-02-15,0.5438548861413304
2000-02-16,0.5007658978505325
2000-02-17,0.4573025734156432
2000-02-18,0.41490206029041987
2000-02-19,0.3735643584748627
2000-02-20,0.3332894679689715
2000-02-21,0.29407738877274653
2000-02-22,0.2559281208861875
2000-02-23,0.21884166430929453
2000-02-24,0.1828180190420677
2000-02-25,0.1478571850845069
2000-02-26,0.11395916243661222
2000-02-27,0.08112395109838358
2000-02-28,0.04935155106982095
2000-02-29,0.018641962350924482
2000-03-01,-0.011004815058306
2000-03-02,-0.03958878115787032
2000-03-03,-0.06710993594776865
2000-03-04,-0.09356827942800085
2000-03-05,-0.11896381159856703
2000-03-06,-0.1432965324594671
2000-03-07,-0.16656644201070114
2000-03-08,-0.18877354025226906
2000-03-09,-0.20991782718417096
2000-03-10,-0.22999930280640674
2000-03-11,-0.24901796711897645
2000-03-12,-0.26697382012188015
2000-03-13,-0.2838668618151177
2000-03-14,-0.2996970921986893
2000-03-15,-0.31446451127259467
2000-03-16,-0.3281691190368341
2000-03-17,-0.3408627635845242
2000-03-18,-0.35285653347436596
2000-03-19,-0.36420227679947625
2000-03-20,-0.3748999935598549
2000-03-21,-0.3849496837555021
2000-03-22,-0.39435134738641764
2000-03-23,-0.40310498445260173
2000-03-24,-0.4112105949540543
2000-03-25,-0.4186681788907753
2000-03-26,-0.42547773626276464
2000-03-27,-0.4316392670700226
2000-03-28,-0.43715277131254904
2000-03-29,-0.44201824899034375
2000-03-30,-0.446235700103407
2000-03-31,-0.44980512465173883
2000-04-01,-0.4527265226353391
2000-04-02,-0.45499989405420765
2000-04-03,-0.4566252389083448
2000-04-04,-0.4576025571977504
2000-04-05,-0.4579318489224244
2000-04-06,-0.4576131140823669
2000-04-07,-0.4566463526775778
2000-04-08,-0.45503156470805717
2000-04-09,-0.4527687501738051
2000-04-10,-0.4498579090748214
2000-04-11,-0.4462990414111063
2000-04-12,-0.44209214718265955
2000-04-13,-0.43723722638948115
2000-04-14,-0.43173427903157136
2000-04-15,-0.42558330510893
2000-04-16,-0.418784304621557
2000-04-17,-0.41090443847488606
2000-04-18,-0.4015108675743506
2000-04-19,-0.39060359191995037
2000-04-20,-0.3781826115116857
2000-04-21,-0.3642479263495564
2000-04-22,-0.34879953643356254
2000-04-23,-0.3318374417637041
2000-04-24,-0.31336164233998115
2000-04-25,-0.29337213816239355
2000-04-26,-0.2718689292309413
2000-04-27,-0.24885201554562458
2000-04-28,-0.22432139710644328
2000-04-29,-0.19827707391339736
2000-04-30,-0.1707190459664869
2000-05-01,-0.1416473132657119
2000-05-02,-0.11106187581107216
2000-05-03,-0.07896273360256803
2000-05-04,-0.04534988664019918
2000-05-05,-0.010223334923965877
2000-05-06,0.02641692154613212
2000-05-07,0.06457088277009462
2000-05-08,0.10423854874792171
2000-05-09,0.14541991947961347
2000-05-10,0.18811499496516956
2000-05-11,0.23232377520459047
2000-05-12,0.2780462601978759
2000-05-13,0.32528244994502575
2000-05-14,0.37403234444604044
2000-05-15,0.42429594370091955
2000-05-16,0.47607324770966325
2000-05-17,0.5285341678511277
2000-05-18,0.5766981723984506
2000-05-19,0.6197351727304875
2000-05-20,0.6576451688472389
2000-05-21,0.6904281607487046
2000-05-22,0.7180841484348848
2000-05-23,0.7406131319057794
2000-05-24,0.7580151111613883
2000-05-25,0.7702900862017116
2000-05-26,0.7774380570267493
2000-05-27,0.7794590236365013
2000-05-28,0.7763529860309677
2000-05-29,0.7681199442101484
2000-05-30,0.7547598981740435
2000-05-31,0.736272847922653
2000-06-01,0.712658793455977
2000-06-02,0.6839177347740153
2000-06-03,0.6500496718767679
2000-06-04,0.6110546047642349
2000-06-05,0.5669325334364161
2000-06-06,0.517683457893312
2000-06-07,0.4633073781349223
2000-06-08,0.4038042941612465
2000-06-09,0.3391742059722854
2000-06-10,0.26941711356803877
2000-06-11,0.19453301694850622
2000-06-12,0.11452191611368834
2000-06-13,0.029383811063584897
2000-06-14,-0.060881298201804435
2000-06-15,-0.15627341168247944
2000-06-16,-0.2567925293784399
2000-06-17,-0.35780687396911537
2000-06-18,-0.45468466813393554
2000-06-19,-0.5474259118729
2000-06-20,-0.636030605186009
2000-06-21,-0.7204987480732622
2000-06-22,-0.8008303405346604
2000-06-23,-0.8770253825702026
2000-06-24,-0.9490838741798893
2000-06-25,-1.0170058153637207
2000-06-26,-1.0807912061216964
2000-06-27,-1.1404400464538165
2000-06-28,-1.1959523363600812
2000-06-29,-1.2473280758404903
2000-06-30,-1.2945672648950441
2000-07-01,-1.337669903523742
2000-07-02,-1.3766359917265845
2000-07-03,-1.4114655295035714
2000-07-04,-1.4421585168547026
2000-07-05,-1.468714953779979
2000-07-06,-1.491134840279399
2000-07-07,-1.509418176352964
2000-07-08,-1.5235649620006737
2000-07-09,-1.533575197222527
2000-07-10,-1.5394488820185255
2000-07-11,-1.5411860163886681
2000-07-12,-1.5387866003329553
2000-07-13,-1.5322506338513868
2000-07-14,-1.521578116943963
2000-07-15,-1.5067690496106838
2000-07-16,-1.4878234318515484
2000-07-17,-1.464998666354848
2000-07-18,-1.4398391692503194
2000-07-19,-1.4126023432262533
2000-07-20,-1.3832881882826493
2000-07-21,-1.3518967044195078
2000-07-22,-1.3184278916368284
2000-07-23,-1.2828817499346112
2000-07-24,-1.245258279312856
2000-07-25,-1.205557479771563
2000-07-26,-1.1637793513107322
2000-07-27,-1.119923893930364
2000-07-28,-1.0739911076304576
2000-07-29,-1.0259809924110135
2000-07-30,-0.9758935482720316
2000-07-31,-0.923728775213512
2000-08-01,-0.8694866732354546
2000-08-02,-0.8131672423378593
2000-08-03,-0.7547704825207262
2000-08-04,-0.6942963937840554
2000-08-05,-0.6317449761278467
2000-08-06,-0.5671162295521003
2000-08-07,-0.500410154056816
2000-08-08,-0.43162674964199405
2000-08-09,-0.3607660163076341
2000-08-10,-0.2878279540537367
2000-08-11,-0.21281256288030115
2000-08-12,-0.13571984278732796
2000-08-13,-0.05654979377481695
2000-08-14,0.02469758415723189
2000-08-15,0.10802229100881855
2000-08-16,0.19342432677994292
2000-08-17,0.27981308096326807
2000-08-18,0.3606448905147722
2000-08-19,0.43482914492711805
2000-08-20,0.5023658442003054
2000-08-21,0.5632549883343353
2000-08-22,0.6174965773292065
2000-08-23,0.6650906111849195
2000-08-24,0.7060370899014742
2000-08-25,0.740336013478871
2000-08-26,0.7679873819171095
2000-08-27,0.7889911952161899
2000-08-28,0.8033474533761122
2000-08-29,0.8110561563968761
2000-08-30,0.8121173042784819
2000-08-31,0.8065308970209293
2000-09-01,0.7942969346242187
2000-09-02,0.7754154170883503
2000-09-03,0.7498863444133232
2000-09-04,0.717709716599138
2000-09-05,0.6788855336457945
2000-09-06,0.6334137955532931
2000-09-07,0.5812945023216334
2000-09-08,0.5225276539508157
2000-09-09,0.4571132504408396
2000-09-10,0.3850512917917054
2000-09-11,0.3063417780034128
2000-09-12,0.22098470907596224
2000-09-13,0.12898008500935354
2000-09-14,0.030327905803586575
2000-09-15,-0.07497182854133877
2000-09-16,-0.18691911802542205
2000-09-17,-0.29602041202352486
2000-09-18,-0.39278215991050835
2000-09-19,-0.4772043616863723
2000-09-20,-0.5492870173511166
2000-09-21,-0.6090301269047418
2000-09-22,-0.6564336903472476
2000-09-23,-0.6914977076786342
2000-09-24,-0.7142221788989008
2000-09-25,-0.7246071040080488
2000-09-26,-0.722652483006077
2000-09-27,-0.7083583158929856
2000-09-28,-0.6817246026687751
2000-09-29,-0.6427513433334449
2000-09-30,-0.591438537886996
2000-10-01,-0.5277861863294274
2000-10-02,-0.4517942886607388
2000-10-03,-0.3634628448809315
2000-10-04,-0.26279185499000457
2000-10-05,-0.1497813189879582
2000-10-06,-0.024431236874792317
2000-10-07,0.11325839134949245
2000-10-08,0.2632875656848972
2000-10-09,0.4256562861314215
2000-10-10,0.6003645526890642
2000-10-11,0.7874123653578273
2000-10-12,0.9867997241377093
2000-10-13,1.1985266290287102
2000-10-14,1.4225930800308313
2000-10-15,1.6589990771440715
2000-10-16,1.9077446203684312
2000-10-17,2.1654677701224827
2000-10-18,2.4119968889176637
2000-10-19,2.6439700371725454
2000-10-20,2.8613872148871287
2000-10-21,3.064248422061412
2000-10-22,3.2525536586953976
2000-10-23,3.4263029247890855
2000-10-24,3.585496220342473
2000-10-25,3.7301335453555624
2000-10-26,3.8602148998283536
2000-10-27,3.9757402837608455
2000-10-28,4.076709697153039
2000-10-29,4.1631231400049336
2000-10-30,4.234980612316529
2000-10-31,4.2922821140878265
2000-11-01,4.335027645318826
2000-11-02,4.3632172060095264
2000-11-03,4.376850796159927
2000-11-04,4.37592841577003
2000-11-05,4.360450064839833
2000-11-06,4.330415743369338
2000-11-07,4.285825451358545
2000-11-08,4.226679188807451
2000-11-09,4.152976955716061
2000-11-10,4.064718752084372
2000-11-11,3.9619045779123834
2000-11-12,3.844534433200096
2000-11-13,3.712608317947511
2000-11-14,3.566126232154627
2000-11-15,3.4050881758214433
2000-11-16,3.2294941489479614
2000-11-17,3.0500712777720955
2000-11-18,2.8775466885317593
2000-11-19,2.7119203812269523
2000-11-20,2.553192355857677
2000-11-21,2.40136261242393
2000-11-22,2.256431150925713
2000-11-23,2.1183979713630263
2000-11-24,1.9872630737358699
2000-11-25,1.8630264580442426
2000-11-26,1.745688124288146
2000-11-27,1.635248072467579
2000-11-28,1.5317063025825424
2000-11-29,1.435062814633035
2000-11-30,1.3453176086190581
2000-12-01,1.262470684540611
2000-12-02,1.1865220423976932
2000-12-03,1.117471682190306
2000-12-04,1.0553196039184485
2000-12-05,1.0000658075821212
2000-12-06,0.9517102931813234
2000-12-07,0.9102530607160557
2000-12-08,0.875694110186318
2000-12-09,0.8480334415921101
2000-12-10,0.8272710549334323
2000-12-11,0.8134069502102843
2000-12-12,0.8064411274226663
2000-12-13,0.806373586570578
2000-12-14,0.81320432765402
2000-12-15,0.8269333506729917
2000-12-16,0.8475606556274933
2000-12-17,0.8736088515495715
2000-12-18,0.8962135926315039
2000-12-19,0.9138974879053376
2000-12-20,0.9266605373710728
2000-12-21,0.9345027410287088
2000-12-22,0.9374240988782457
2000-12-23,0.9354246109196842
2000-12-24,0.9285042771530234
2000-12-25,0.916663097578264
2000-12-26,0.8999010721954053
2000-12-27,0.878218201004448
2000-12-28,0.8516144840053916
2000-12-29,0.8200899211982366
2000-12-30,0.7836445125829824
2000-12-31,0.7422782581596296
2001-01-01,0.6959911579281777
2001-01-02,0.6447832118886271
2001-01-03,0.5886544200409773
2001-01-04,0.5276047823852289
2001-01-05,0.4616342989213815
2001-01-06,0.3907429696494351
2001-01-07,0.3149307945693899
2001-01-08,0.23419777368124595
2001-01-09,0.14854390698500286
2001-01-10,0.05796919448066107
2001-01-11,-0.037526363831779874
2001-01-12,-0.13794276795231952
2001-01-13,-0.24328001788095788
2001-01-14,-0.3535381136176955
2001-01-15,-0.4687170551625317
2001-01-16,-0.5888168425154671
2001-01-17,-0.712076317292653
2001-01-18,-0.8279285291910015
2001-01-19,-0.9346123198266643
2001-01-20,-1.0321276891996416
2001-01-21,-1.1204746373099328
2001-01-22,-1.1996531641575388
2001-01-23,-1.2696632697424588
2001-01-24,-1.3305049540646932
2001-01-25,-1.3821782171242416
2001-01-26,-1.4246830589211044
2001-01-27,-1.458019479455282
2001-01-28,-1.4821874787267735
2001-01-29,-1.4971870567355796
2001-01-30,-1.5030182134816998
2001-01-31,-1.4996809489651344
2001-02-01,-1.487175263185883
2001-02-02,-1.4655011561439464
2001-02-03,-1.4346586278393234
2001-02-04,-1.3946476782720154
2001-02-05,-1.3454683074420217
2001-02-06,-1.2871205153493421
2001-02-07,-1.2196043019939768
2001-02-08,-1.1429196673759257
2001-02-09,-1.057066611495189
2001-02-10,-0.9620451343517665
2001-02-11,-0.8578552359456587
2001-02-12,-0.744496916276865
2001-02-13,-0.6219701753453856
2001-02-14,-0.4902750131512206
2001-02-15,-0.3494114296943698
2001-02-16,-0.20906173307316486
2001-02-17,-0.07890823138593721
2001-02-18,0.04104907536731266
2001-02-19,0.1508101871865853
2001-02-20,0.25037510407188046
2001-02-21,0.3397438260231986
2001-02-22,0.4189163530405389
2001-02-23,0.4878926851239017
2001-02-24,0.5466728222732875
2001-02-25,0.5952567644886957
2001-02-26,0.6336445117701264
2001-02-27,0.66183606411758
2001-02-28,0.6798314215310557
2001-03-01,0.6876305840105542
2001-03-02,0.6852335515560755
2001-03-03,0.6726403241676192
2001-03-04,0.6498509018451855
2001-03-05,0.6168652845887743
2001-03-06,0.573683472398386
2001-03-07,0.5203054652740198
2001-03-08,0.4567312632156767
2001-03-09,0.3829608662233557
2001-03-10,0.2989942742970577
2001-03-11,0.20483148743678226
2001-03-12,0.10047250564252908
2001-03-13,-0.01408267108570116
2001-03-14,-0.13883404274790934
2001-03-15,-0.27378160934409435
2001-03-16,-0.4189253708742571
2001-03-17,-0.5722014366137734
2001-03-18,-0.7212264622149013
2001-03-19,-0.8639365569530167
2001-03-20,-1.0003317208281195
2001-03-21,-1.1304119538402106
2001-03-22,-1.2541772559892894
2001-03-23,-1.3716276272753558
2001-03-24,-1.4827630676984098
2001-03-25,-1.5875835772584515
2001-03-26,-1.686089155955481
2001-03-27,-1.7782798037894985
2001-03-28,-1.8641555207605032
2001-03-29,-1.9437163068684955
2001-03-30,-2.016962162113476
2001-03-31,-2.0838930864954444
2001-04-01,-2.1445090800144
2001-04-02,-2.1988101426703435
2001-04-03,-2.246796274463274
2001-04-04,-2.2884674753931935
2001-04-05,-2.3238237454601003
2001-04-06,-2.352865084663995
2001-04-07,-2.375591493004876
2001-04-08,-2.3920029704827463
2001-04-09,-2.402099517097604
2001-04-10,-2.405881132849449
2001-04-11,-2.403347817738282
2001-04-12,-2.394499571764103
2001-04-13,-2.379336394926911
2001-04-14,-2.357858287226707
2001-04-15,-2.330065248663491
2001-04-16,-2.2959572792372622
2001-04-17,-2.2577794467512056
2001-04-18,-2.2177768190085048
2001-04-19,-2.1759493960091594
2001-04-20,-2.13229717775317
2001-04-21,-2.086820164240536
2001-04-22,-2.0395183554712584
2001-04-23,-1.9903917514453362
2001-04-24,-1.9394403521627699
2001-04-25,-1.8866641576235594
2001-04-26,-1.8320631678277046
2001-04-27,-1.7756373827752054
2001-04-28,-1.7173868024660623
2001-04-29,-1.6573114269002747
2001-04-30,-1.595411256077843
2001-05-01,-1.531686289998767
2001-05-02,-1.4661365286630468
2001-05-03,-1.3987619720706825
2001-05-04,-1.329562620221674
2001-05-05,-1.258538473116021
2001-05-06,-1.1856895307537236
2001-05-07,-1.1110157931347826
2001-05-08,-1.0345172602591965
2001-05-09,-0.9561939321269669
2001-05-10,-0.8760458087380931
2001-05-11,-0.7940728900925746
2001-05-12,-0.7102751761904122
2001-05-13,-0.6246526670316056
2001-05-14,-0.5372053626161546
2001-05-15,-0.44793326294405933
2001-05-16,-0.3568363680153199
2001-05-17,-0.26528459043673175
2001-05-18,-0.18149740584906676
2001-05-19,-0.10684472685912062
2001-05-20,-0.041326553466893276
2001-05-21,0.015057114327615258
2001-05-22,0.062306276524405096
2001-05-23,0.10042093312347633
2001-05-24,0.1294010841248284
2001-05-25,0.14924672952846205
2001-05-26,0.15995786933437697
2001-05-27,0.16153450354257293
2001-05-28,0.15397663215305007
2001-05-29,0.13728425516580867
2001-05-30,0.11145737258084853
2001-05-31,0.07649598439816929
2001-06-01,0.0324000906177715
2001-06-02,-0.020830308760344862
2001-06-03,-0.08319521373618033
2001-06-04,-0.15469462430973424
2001-06-05,-0.23532854048100715
2001-06-06,-0.3250969622499985
2001-06-07,-0.42399988961670887
2001-06-08,-0.5320373225811383
2001-06-09,-0.6492092611432861
2001-06-10,-0.7755157053031525
2001-06-11,-0.9109566550607381
2001-06-12,-1.0555321104160422
2001-06-13,-1.2092420713690648
2001-06-14,-1.3720865379198068
2001-06-15,-1.544065510068267
2001-06-16,-1.7251789878144463
2001-06-17,-1.9057852257877466
2001-06-18,-2.0762424786175715
2001-06-19,-2.23655074630392
2001-06-20,-2.386710028846792
2001-06-21,-2.5267203262461875
2001-06-22,-2.656581638502108
2001-06-23,-2.7762939656145518
2001-06-24,-2.8858573075835197
2001-06-25,-2.9852716644090114
2001-06-26,-3.074537036091027
2001-06-27,-3.1536534226295663
2001-06-28,-3.22262082402463
2001-06-29,-3.281439240276217
2001-06-30,-3.330108671384329
2001-07-01,-3.368629117348964
2001-07-02,-3.3970005781701227
2001-07-03,-3.415223053847806
2001-07-04,-3.4232965443820125
2001-07-05,-3.421221049772744
2001-07-06,-3.408996570019998
2001-07-07,-3.3866231051237765
2001-07-08,-3.3541006550840793
2001-07-09,-3.311429219900905
2001-07-10,-3.258608799574256
2001-07-11,-3.1956393941041306
2001-07-12,-3.122521003490528
2001-07-13,-3.0392536277334496
2001-07-14,-2.945837266832896
2001-07-15,-2.8422719207888663
2001-07-16,-2.7285575896013587
2001-07-17,-2.6059555364465203
2001-07-18,-2.4820333403812116
2001-07-19,-2.3580522645815756
2001-07-20,-2.234012309047613
2001-07-21,-2.1099134737793244
2001-07-22,-1.985755758776708
2001-07-23,-1.861539164039766
2001-07-24,-1.7372636895684965
2001-07-25,-1.6129293353629006
2001-07-26,-1.4885361014229779
2001-07-27,-1.3640839877487287
2001-07-28,-1.239572994340153
2001-07-29,-1.1150031211972504
2001-07-30,-0.9903743683200209
2001-07-31,-0.8656867357084649
2001-08-01,-0.7409402233625824
2001-08-02,-0.6161348312823729
2001-08-03,-0.4912705594678368
2001-08-04,-0.36634740791897413
2001-08-05,-0.2413653766357846
2001-08-06,-0.11632446561826859
2001-08-07,0.00877532513357393
2001-08-08,0.13393399561974373
2001-08-09,0.2591515458402397
2001-08-10,0.3844279757950625
2001-08-11,0.5097632854842121
2001-08-12,0.6351574749076881
2001-08-13,0.7606105440654911
2001-08-14,0.8861224929576207
2001-08-15,1.0116933215840769
2001-08-16,1.13732302994486
2001-08-17,1.2626558079812273
2001-08-18,1.385556795340729
2001-08-19,1.5056701819646214
2001-08-20,1.6229959678529051
2001-08-21,1.737534153005581
2001-08-22,1.8492847374226478
2001-08-23,1.9582477211041063
2001-08-24,2.064423104049956
2001-08-25,2.1678108862601975
2001-08-26,2.2684110677348297
2001-08-27,2.366223648473855
2001-08-28,2.461248628477271
2001-08-29,2.5534860077450774
2001-08-30,2.6429357862772767
2001-08-31,2.729597964073866
2001-09-01,2.8134725411348485
2001-09-02,2.8945595174602214
2001-09-03,2.972858893049986
2001-09-04,3.048370667904142
2001-09-05,3.1210948420226896
2001-09-06,3.1910314154056287
2001-09-07,3.258180388052959
2001-09-08,3.3225417599646816
2001-09-09,3.3841155311407944
2001-09-10,3.4429017015812993
2001-09-11,3.498900271286195
2001-09-12,3.5521112402554835
2001-09-13,3.6025346084891625
2001-09-14,3.650170375987234
2001-09-15,3.695018542749696
2001-09-16,3.737079108776549
2001-09-17,3.7758980252395538
2001-09-18,3.8110212433104684
2001-09-19,3.842448762989292
2001-09-20,3.870180584276025
2001-09-21,3.894216707170668
2001-09-22,3.914557131673222
2001-09-23,3.9312018577836847
2001-09-24,3.944150885502057
2001-09-25,3.95340421482834
2001-09-26,3.9589618457625324
2001-09-27,3.9608237783046336
2001-09-28,3.958990012454646
2001-09-29,3.9534605482125675
2001-09-30,3.944235385578399
2001-10-01,3.93131452455214
2001-10-02,3.914697965133791
2001-10-03,3.8943857073233517
2001-10-04,3.870377751120822
2001-10-05,3.8426740965262023
2001-10-06,3.8112747435394927
2001-10-07,3.7761796921606927
2001-10-08,3.7373889423898015
2001-10-09,3.6949024942268216
2001-10-10,3.6487203476717505
2001-10-11,3.598842502724589
2001-10-12,3.545268959385338
2001-10-13,3.487999717653996
2001-10-14,3.4270347775305643
2001-10-15,3.362374139015042
2001-10-16,3.2940178021074296
2001-10-17,3.2220886027755626
2001-10-18,3.1473235568264544
2001-10-19,3.069845500227939
2001-10-20,2.9896544329800183
2001-10-21,2.9067503550826905
2001-10-22,2.821133266535956
2001-10-23,2.7328031673398168
2001-10-24,2.6417600574942703
2001-10-25,2.5480039369993173
2001-10-26,2.4515348058549584
2001-10-27,2.3523526640611934
2001-10-28,2.2504575116180217
2001-10-29,2.145849348525444
2001-10-30,2.038528174783461
2001-10-31,1.9284939903920697
2001-11-01,1.8157467953512736
2001-11-02,1.700286589661071
2001-11-03,1.5821133733214618
2001-11-04,1.4612271463324462
2001-11-05,1.3376279086940248
2001-11-06,1.2113156604061972
2001-11-07,1.0822904014689632
2001-11-08,0.9505521318823225
2001-11-09,0.8161008516462759
2001-11-10,0.678936560760823
2001-11-11,0.5390592592259638
2001-11-12,0.39646894704169844
2001-11-13,0.2511656242080271
2001-11-14,0.10314929072494872
2001-11-15,-0.04758005340753568
2001-11-16,-0.20102240818942607
2001-11-17,-0.354371859248049
2001-11-18,-0.5048224922107304
2001-11-19,-0.6523743070774705
2001-11-20,-0.7970273038482686
2001-11-21,-0.9387814825231251
2001-11-22,-1.0776368431020404
2001-11-23,-1.213593385585014
2001-11-24,-1.3466511099720466
2001-11-25,-1.4768100162631372
2001-11-26,-1.6040701044582863
2001-11-27,-1.728431374557494
2001-11-28,-1.84989382656076
2001-11-29,-1.9684574604680847
2001-11-30,-2.084122276279468
2001-12-01,-2.1968882739949094
2001-12-02,-2.306755453614409
2001-12-03,-2.413723815137968
2001-12-04,-2.5177933585655845
2001-12-05,-2.6189640838972608
2001-12-06,-2.717235991132994
2001-12-07,-2.8126090802727863
2001-12-08,-2.9050833513166374
2001-12-09,-2.994658804264547
2001-12-10,-3.081335439116515
2001-12-11,-3.1651132558725408
2001-12-12,-3.2459922545326254
2001-12-13,-3.3239724350967683
2001-12-14,-3.399053797564971
2001-12-15,-3.471236341937231
2001-12-16,-3.5405200682135494
2001-12-17,-3.6057526963256756
2001-12-18,-3.6600205458640978
2001-12-19,-3.7021713367605673
2001-12-20,-3.7322050690150834
2001-12-21,-3.7501217426276447
2001-12-22,-3.755921357598252
2001-12-23,-3.7496039139269066
2001-12-24,-3.731169411613606
2001-12-25,-3.7006178506583525
2001-12-26,-3.6579492310611443
2001-12-27,-3.6031635528219828
2001-12-28,-3.5362608159408673
2001-12-29,-3.457241020417798
2001-12-30,-3.366104166252774
2001-12-31,-3.2628502534457975
2002-01-01,-3.1474792819968656
2002-01-02,-3.019991251905981
2002-01-03,-2.8803861631731422
2002-01-04,-2.7286640157983495
2002-01-05,-2.564824809781603
2002-01-06,-2.388868545122902
2002-01-07,-2.2007952218222475
2002-01-08,-2.0006048398796397
2002-01-09,-1.788297399295078
2002-01-10,-1.5638729000685618
2002-01-11,-1.3273313422000916
2002-01-12,-1.0786727256896675
2002-01-13,-0.8178970505372904
2002-01-14,-0.5450043167429586
2002-01-15,-0.25999452430667347
2002-01-16,0.03713232677156553
2002-01-17,0.3423260988658127
2002-01-18,0.6312859662203906
2002-01-19,0.899961791209353
2002-01-20,1.1483535738327006
2002-01-21,1.3764613140904323
2002-01-22,1.584285011982549
2002-01-23,1.7718246675090499
2002-01-24,1.9390802806699359
2002-01-25,2.0860518514652053
2002-01-26,2.2127393798948605
2002-01-27,2.3191428659589004
2002-01-28,2.405262309657325
2002-01-29,2.4710977109901338
2002-01-30,2.516649069957328
2002-01-31,2.5419163865589063
2002-02-01,2.5468996607948693
2002-02-02,2.5315988926652166
2002-02-03,2.4960140821699484
2002-02-04,2.4401452293090653
2002-02-05,2.363992334082567
2002-02-06,2.267555396490453
2002-02-07,2.1508344165327236
2002-02-08,2.0138293942093792
2002-02-09,1.8565403295204193
2002-02-10,1.6789672224658438
2002-02-11,1.481110073045653
2002-02-12,1.2629688812598479
2002-02-13,1.024543647108426
2002-02-14,0.7658343705913893
2002-02-15,0.48684105170873737
2002-02-16,0.20650719550657598
2002-02-17,-0.056223692968990595
2002-02-18,-0.3013516137179603
2002-02-19,-0.5288765667403341
2002-02-20,-0.7387985520361121
2002-02-21,-0.9311175696052949
2002-02-22,-1.1058336194478813
2002-02-23,-1.2629467015638713
2002-02-24,-1.402456815953266
2002-02-25,-1.524363962616065
2002-02-26,-1.628668141552268
2002-02-27,-1.7153693527618745
2002-02-28,-1.7844675962448855
2002-03-01,-1.8359628720013008
2002-03-02,-1.869855180031121
2002-03-03,-1.8861445203343437
2002-03-04,-1.8848308929109712
2002-03-05,-1.8659142977610026
2002-03-06,-1.8293947348844384
2002-03-07,-1.7752722042812776
2002-03-08,-1.7035467059515221
2002-03-09,-1.6142182398951697
2002-03-10,-1.5072868061122227
2002-03-11,-1.3827524046026787
2002-03-12,-1.2406150353665388
2002-03-13,-1.0808746984038033
2002-03-14,-0.9035313937144713
2002-03-15,-0.7085851212985443
2002-03-16,-0.49603588115602126
2002-03-17,-0.26967153377039493
2002-03-18,-0.05221924204262165
2002-03-19,0.15253313354380557
2002-03-20,0.3445855929888863
2002-03-21,0.5239381362926218
2002-03-22,0.6905907634550115
2002-03-23,0.8445434744760546
2002-03-24,0.9857962693557518
2002-03-25,1.1143491480941032
2002-03-26,1.2302021106911087
2002-03-27,1.3333551571467686
2002-03-28,1.423808287461082
2002-03-29,1.5015615016340491
2002-03-30,1.5666147996656707
2002-03-31,1.6189681815559465
2002-04-01,1.658621647304876
2002-04-02,1.68557519691246
2002-04-03,1.6998288303786973
2002-04-04,1.7013825477035898
2002-04-05,1.6902363488871353
2002-04-06,1.666390233929335
2002-04-07,1.629844202830189
2002-04-08,1.5805982555896971
2002-04-09,1.5186523922078592
2002-04-10,1.444006612684675
2002-04-11,1.356660917020145
2002-04-12,1.256615305214269
2002-04-13,1.1438697772670468
2002-04-14,1.018424333178479
2002-04-15,0.8802789729485653
2002-04-16,0.7294336965773054
2002-04-17,0.5753720883258125
2002-04-18,0.4275777324551984
2002-04-19,0.2860506289654637
2002-04-20,0.15079077785660888
2002-04-21,0.021798179128633
2002-04-22,-0.10092716721846387
2002-04-23,-0.21738526118468104
2002-04-24,-0.32757610277001875
2002-04-25,-0.43149969197447785
2002-04-26,-0.5291560287980572
2002-04-27,-0.6205451132407569
2002-04-28,-0.7056669453025778
2002-04-29,-0.7845215249835192
2002-04-30,-0.8571088522835815
2002-05-01,-0.9234289272027644
2002-05-02,-0.9834817497410678
2002-05-03,-1.037267319898492
2002-05-04,-1.0847856376750369
2002-05-05,-1.1260367030707026
2002-05-06,-1.1610205160854887
2002-05-07,-1.1897370767193958
2002-05-08,-1.2121863849724233
2002-05-09,-1.2283684408445719
2002-05-10,-1.238283244335841
2002-05-11,-1.2419307954462304
2002-05-12,-1.239311094175741
2002-05-13,-1.230424140524372
2002-05-14,-1.215269934492124
2002-05-15,-1.1938484760789967
2002-05-16,-1.1661597652849895
2002-05-17,-1.1331493396784995
2002-05-18,-1.1004904246699
2002-05-19,-1.0691285578275873
2002-05-20,-1.0390637391515614
2002-05-21,-1.010295968641822
2002-05-22,-0.9828252462983693
2002-05-23,-0.9566515721212032
2002-05-24,-0.9317749461103242
2002-05-25,-0.9081953682657312
2002-05-26,-0.8859128385874254
2002-05-27,-0.8649273570754062
2002-05-28,-0.8452389237296737
2002-05-29,-0.8268475385502276
2002-05-30,-0.8097532015370684
2002-05-31,-0.7939559126901959
2002-06-01,-0.7794556720096101
2002-06-02,-0.7662524794953111
2002-06-03,-0.7543463351472985
2002-06-04,-0.7437372389655728
2002-06-05,-0.7344251909501336
2002-06-06,-0.7264101911009813
2002-06-07,-0.7196922394181154
2002-06-08,-0.7142713359015365
2002-06-09,-0.7101474805512441
2002-06-10,-0.7073206733672384
2002-06-11,-0.7057909143495193
2002-06-12,-0.7055582034980871
2002-06-13,-0.7066225408129414
2002-06-14,-0.7089839262940826
2002-06-15,-0.7126423599415103
2002-06-16,-0.7175978417552247
2002-06-17,-0.7236655812043354
2002-06-18,-0.7306607877579523
2002-06-19,-0.7385834614160751
2002-06-20,-0.747433602178704
2002-06-21,-0.7572112100458389
2002-06-22,-0.7679162850174797
2002-06-23,-0.7795488270936267
2002-06-24,-0.7921088362742799
2002-06-25,-0.8055963125594386
2002-06-26,-0.8200112559491037
2002-06-27,-0.8353536664432748
2002-06-28,-0.8516235440419522
2002-06-29,-0.8688208887451351
2002-06-30,-0.8869457005528244
2002-07-01,-0.9059979794650196
2002-07-02,-0.9259777254817207
2002-07-03,-0.9468849386029282
2002-07-04,-0.9687196188286413
2002-07-05,-0.9914817661588609
2002-07-06,-1.015171380593586
2002-07-07,-1.0397884621328175
2002-07-08,-1.0653330107765548
2002-07-09,-1.0918050265247983
2002-07-10,-1.1192045093775478
2002-07-11,-1.1475314593348034
2002-07-12,-1.1767858763965648
2002-07-13,-1.2069677605628322
2002-07-14,-1.238077111833606
2002-07-15,-1.2701139302088857
2002-07-16,-1.3030782156886713
2002-07-17,-1.3355004082757742
2002-07-18,-1.3585631479870603
2002-07-19,-1.3707968748253416
2002-07-20,-1.3722015887906174
2002-07-21,-1.3627772898828883
2002-07-22,-1.3425239781021532
2002-07-23,-1.3114416534484132
2002-07-24,-1.2695303159216675
2002-07-25,-1.216789965521917
2002-07-26,-1.153220602249161
2002-07-27,-1.0788222261033997
2002-07-28,-0.9935948370846333
2002-07-29,-0.8975384351928614
2002-07-30,-0.790653020428084
2002-07-31,-0.6729385927903015
2002-08-01,-0.5443951522795138
2002-08-02,-0.40502269889572085
2002-08-03,-0.25482123263892253
2002-08-04,-0.09379075350911892
2002-08-05,0.07806873849369
2002-08-06,0.26075724336950445
2002-08-07,0.45427476111832354
2002-08-08,0.6586212917401488
2002-08-09,0.8737968352349788
2002-08-10,1.099801391602814
2002-08-11,1.336634960843655
2002-08-12,1.5842975429575008
2002-08-13,1.842789137944352
2002-08-14,2.112109745804209
2002-08-15,2.3922593665370706
2002-08-16,2.6832380001429383
2002-08-17,2.981072759935438
2002-08-18,3.2619263257963422
2002-08-19,3.521825811039275
2002-08-20,3.7607712156642386
2002-08-21,3.978762539671233
2002-08-22,4.175799783060258
2002-08-23,4.351882945831312
2002-08-24,4.507012027984397
2002-08-25,4.641187029519513
2002-08-26,4.754407950436659
2002-08-27,4.846674790735835
2002-08-28,4.917987550417044
2002-08-29,4.96834622948028
2002-08-30,4.997750827925548
2002-08-31,5.006201345752846
2002-09-01,4.993697782962175
2002-09-02,4.960240139553534
2002-09-03,4.905828415526922
2002-09-04,4.830462610882343
2002-09-05,4.734142725619792
2002-09-06,4.6168687597392735
2002-09-07,4.478640713240783
2002-09-08,4.319458586124325
2002-09-09,4.139322378389897
2002-09-10,3.938232090037499
2002-09-11,3.7161877210671306
2002-09-12,3.4731892714787946
2002-09-13,3.209236741272488
2002-09-14,2.9243301304482126
2002-09-15,2.6184694390059655
2002-09-16,2.29165466694575
2002-09-17,1.9632416292000934
2002-09-18,1.6525861407015232
2002-09-19,1.3596882014500393
2002-09-20,1.0845478114456435
2002-09-21,0.8271649706883337
2002-09-22,0.5875396791781105
2002-09-23,0.3656719369149741
2002-09-24,0.1615617438989249
2002-09-25,-0.024790899870038158
2002-09-26,-0.1933859943919143
2002-09-27,-0.344223539666703
2002-09-28,-0.4773035356944052
2002-09-29,-0.5926259824750209
2002-09-30,-0.6901908800085497
2002-10-01,-0.769998228294992
2002-10-02,-0.832048027334347
2002-10-03,-0.8763402771266158
2002-10-04,-0.9028749776717971
2002-10-05,-0.9116521289698921
2002-10-06,-0.9026717310209001
2002-10-07,-0.8759337838248219
2002-10-08,-0.8314382873816564
2002-10-09,-0.7691852416914042
2002-10-10,-0.6891746467540656
2002-10-11,-0.5914065025696393
2002-10-12,-0.475880809138127
2002-10-13,-0.342597566459528
2002-10-14,-0.19155677453384157
2002-10-15,-0.022758433361069086
2002-10-16,0.16379745705879079
2002-10-17,0.3645410252850887
2002-10-18,0.5580530426739363
2002-10-19,0.7407636377846851
2002-10-20,0.9126728106173352
2002-10-21,1.0737805611718865
2002-10-22,1.2240868894483388
2002-10-23,1.363591795446693
2002-10-24,1.492295279166948
2002-10-25,1.6101973406091037
2002-10-26,1.7172979797731618
2002-10-27,1.81359719665912
2002-10-28,1.8990949912669801
2002-10-29,1.9737913635967412
2002-10-30,2.0376863136484036
2002-10-31,2.0907798414219667
2002-11-01,2.133071946917432
2002-11-02,2.1645626301347987
2002-11-03,2.185251891074065
2002-11-04,2.1951397297352337
2002-11-05,2.1942261461183037
2002-11-06,2.1825111402232746
2002-11-07,2.159994712050147
2002-11-08,2.1266768615989204
2002-11-09,2.082557588869595
2002-11-10,2.027636893862171
2002-11-11,1.9619147765766483
2002-11-12,1.8853912370130268
2002-11-13,1.7980662751713063
2002-11-14,1.6999398910514874
2002-11-15,1.591012084653569
2002-11-16,1.4712828559775524
2002-11-17,1.3468745036185785
2002-11-18,1.2239093261717888
2002-11-19,1.1023873236371828
2002-11-20,0.9823084960147613
2002-11-21,0.8636728433045239
2002-11-22,0.7464803655064705
2002-11-23,0.6307310626206013
2002-11-24,0.5164249346469162
2002-11-25,0.403561981585415
2002-11-26,0.2921422034360982
2002-11-27,0.1821656001989656
2002-11-28,0.0736321718740171
2002-11-29,-0.03345808153874735
2002-11-30,-0.1391051600393277
2002-12-01,-0.2433090636277239
2002-12-02,-0.346069792303936
2002-12-03,-0.44738734606796404
2002-12-04,-0.5472617249198077
2002-12-05,-0.6456929288594675
2002-12-06,-0.7426809578869429
2002-12-07,-0.8382258120022343
2002-12-08,-0.9323274912053418
2002-12-09,-1.0249859954962648
2002-12-10,-1.1162013248750038
2002-12-11,-1.2059734793415589
2002-12-12,-1.2943024588959293
2002-12-13,-1.381188263538116
2002-12-14,-1.4666308932681185
2002-12-15,-1.550630348085937
2002-12-16,-1.633186627991571
2002-12-17,-1.7139388795136545
2002-12-18,-1.7907219818239848
2002-12-19,-1.8631750814511956
2002-12-20,-1.9312981783952874
2002-12-21,-1.9950912726562589
2002-12-22,-2.0545543642341104
2002-12-23,-2.109687453128843
2002-12-24,-2.160490539340455
2002-12-25,-2.2069636228689484
2002-12-26,-2.249106703714322
2002-12-27,-2.286919781876576
2002-12-28,-2.3204028573557105
2002-12-29,-2.3495559301517255
2002-12-30,-2.37437900026462
2002-12-31,-2.3948720676943953
2003-01-01,-2.4110351324410506
2003-01-02,-2.422868194504587
2003-01-03,-2.4303712538850033
2003-01-04,-2.4335443105823003
2003-01-05,-2.4323873645964778
2003-01-06,-2.426900415927535
2003-01-07,-2.4170834645754726
2003-01-08,-2.4029365105402913
2003-01-09,-2.38445955382199
2003-01-10,-2.3616525944205695
2003-01-11,-2.3345156323360285
2003-01-12,-2.303048667568368
2003-01-13,-2.2672517001175883
2003-01-14,-2.2271247299836894
2003-01-15,-2.18266775716667
2003-01-16,-2.1338807816665315
2003-01-17,-2.0805446866234365
2003-01-18,-2.021344770878366
2003-01-19,-1.9560619175714833
2003-01-20,-1.8846961267027886
2003-01-21,-1.807247398272282
2003-01-22,-1.7237157322799634
2003-01-23,-1.634101128725832
2003-01-24,-1.5384035876098894
2003-01-25,-1.4366231089321337
2003-01-26,-1.3287596926925664
2003-01-27,-1.214813338891187
2003-01-28,-1.0947840475279957
2003-01-29,-0.968671818602992
2003-01-30,-0.8364766521161763
2003-01-31,-0.6981985480675482
2003-02-01,-0.5538375064571083
2003-02-02,-0.4033935272848562
2003-02-03,-0.24686661055079206
2003-02-04,-0.08425675625491591
2003-02-05,0.08443603560277291
2003-02-06,0.2592117650222734
2003-02-07,0.4400704320035862
2003-02-08,0.6270120365467109
2003-02-09,0.8200365786516475
2003-02-10,1.0191440583183968
2003-02-11,1.224334475546958
2003-02-12,1.435607830337331
2003-02-13,1.6529641226895162
2003-02-14,1.8764033526035135
2003-02-15,2.105925520079323
2003-02-16,2.3291235685741567
2003-02-17,2.533590441545227
2003-02-18,2.7193261389925323
2003-02-19,2.8863306609160735
2003-02-20,3.034604007315851
2003-02-21,3.1641461781918654
2003-02-22,3.2749571735441148
2003-02-23,3.3670369933726003
2003-02-24,3.440385637677322
2003-02-25,3.4950031064582796
2003-02-26,3.5308893997154733
2003-02-27,3.5480445174489033
2003-02-28,3.546468459658568
2003-03-01,3.526161226344471
2003-03-02,3.4871228175066085
2003-03-03,3.429353233144983
2003-03-04,3.352852473259592
2003-03-05,3.257620537850438
2003-03-06,3.1436574269175197
2003-03-07,3.0109631404608366
2003-03-08,2.8595376784803914
2003-03-09,2.6893810409761807
2003-03-10,2.5004932279482066
2003-03-11,2.2928742393964687
2003-03-12,2.066524075320966
2003-03-13,1.8214427357217
2003-03-14,1.5576302205986692
2003-03-15,1.275086529951876
2003-03-16,0.9738116637813174
2003-03-17,0.6587061796798044
2003-03-18,0.3591734232041896
2003-03-19,0.08011395194728191
2003-03-20,-0.17847223409091773
2003-03-21,-0.41658513491041105
2003-03-22,-0.6342247505111965
2003-03-23,-0.8313910808932746
2003-03-24,-1.0080841260566458
2003-03-25,-1.16430388600131
2003-03-26,-1.3000503607272662
2003-03-27,-1.4153235502345156
2003-03-28,-1.5101234545230573
2003-03-29,-1.5844500735928913
2003-03-30,-1.6383034074440186
2003-03-31,-1.6716834560764386
2003-04-01,-1.6845902194901508
2003-04-02,-1.677023697685156
2003-04-03,-1.6489838906614542
2003-04-04,-1.6004707984190452
2003-04-05,-1.531484420957928
2003-04-06,-1.4420247582781047
2003-04-07,-1.3320918103795727
2003-04-08,-1.201685577262334
2003-04-09,-1.0508060589263886
2003-04-10,-0.8794532553717351
2003-04-11,-0.6876271665983749
2003-04-12,-0.4753277926063073
2003-04-13,-0.24255513339553225
2003-04-14,0.010690811033950531
2003-04-15,0.28441004068214015
2003-04-16,0.5786025555490371
2003-04-17,0.8761409519595454
2003-04-18,1.1598978262385702
2003-04-19,1.4298731783861098
2003-04-20,1.6860670084021645
2003-04-21,1.928479316286735
2003-04-22,2.1571101020398222
2003-04-23,2.3719593656614237
2003-04-24,2.5730271071515416
2003-04-25,2.760313326510175
2003-04-26,2.9338180237373233
2003-04-27,3.0935411988329875
2003-04-28,3.2394828517971677
2003-04-29,3.3716429826298633
2003-04-30,3.490021591331075
2003-05-01,3.594618677900802
2003-05-02,3.685434242339044
2003-05-03,3.7624682846458017
2003-05-04,3.8257208048210756
2003-05-05,3.8751918028648644
2003-05-06,3.910881278777169
2003-05-07,3.9327892325579903
2003-05-08,3.9409156642073255
2003-05-09,3.9352605737251776
2003-05-10,3.9158239611115446
2003-05-11,3.8826058263664267
2003-05-12,3.8356061694898256
2003-05-13,3.7748249904817395
2003-05-14,3.7002622893421693
2003-05-15,3.611918066071114
2003-05-16,3.509792320668575
2003-05-17,3.395273952575765
2003-05-18,3.276696358439966
2003-05-19,3.1554484377023924
2003-05-20,3.0315301903630436
2003-05-21,2.90494161642192
2003-05-22,2.7756827158790207
2003-05-23,2.6437534887343466
2003-05-24,2.509153934987898
2003-05-25,2.3718840546396738
2003-05-26,2.2319438476896747
2003-05-27,2.089333314137901
2003-05-28,1.9440524539843513
2003-05-29,1.796101267229027
2003-05-30,1.645479753871928
2003-05-31,1.4921879139130536
2003-06-01,1.3362257473524042
2003-06-02,1.17759325418998
2003-06-03,1.0162904344257806
2003-06-04,0.8523172880598058
2003-06-05,0.6856738150920566
2003-06-06,0.5163600155225321
2003-06-07,0.34437588935123276
2003-06-08,0.16972143657815764
2003-06-09,-0.00760334279669217
2003-06-10,-0.18759844877331666
2003-06-11,-0.3702638813517165
2003-06-12,-0.5555996405318913
2003-06-13,-0.7436057263138409
2003-06-14,-0.9342821386975662
2003-06-15,-1.1276288776830663
2003-06-16,-1.3236459432703411
2003-06-17,-1.5169142576605263
2003-06-18,-1.702014743054758
2003-06-19,-1.8789473994530346
2003-06-20,-2.0477122268553574
2003-06-21,-2.208309225261725
2003-06-22,-2.36073839467214
2003-06-23,-2.5049997350866
2003-06-24,-2.641093246505106
2003-06-25,-2.769018928927656
2003-06-26,-2.8887767823542534
2003-06-27,-3.0003668067848963
2003-06-28,-3.103789002219585
2003-06-29,-3.1990433686583195
2003-06-30,-3.2861299061011
2003-07-01,-3.365048614547926
2003-07-02,-3.4357994939987964
2003-07-03,-3.4983825444537144
2003-07-04,-3.5527977659126773
2003-07-05,-3.599045158375687
2003-07-06,-3.637124721842741
2003-07-07,-3.6670364563138405
2003-07-08,-3.688780361788987
2003-07-09,-3.7023564382681786
2003-07-10,-3.7077646857514166
2003-07-11,-3.7050051042386998
2003-07-12,-3.694077693730029
2003-07-13,-3.674982454225403
2003-07-14,-3.6477193857248245
2003-07-15,-3.612288488228291
2003-07-16,-3.5686897617358024
2003-07-17,-3.5169144026364663
2003-07-18,-3.4569095892649147
2003-07-19,-3.388666518010256
2003-07-20,-3.312185188872489
2003-07-21,-3.227465601851614
2003-07-22,-3.13450775694763
2003-07-23,-3.033311654160538
2003-07-24,-2.9238772934903374
2003-07-25,-2.8062046749370286
2003-07-26,-2.680293798500611
2003-07-27,-2.546144664181086
2003-07-28,-2.4037572719784523
2003-07-29,-2.2531316218927104
2003-07-30,-2.0942677139238595
2003-07-31,-1.9271655480719008
2003-08-01,-1.7518251243368337
2003-08-02,-1.5682464427186584
2003-08-03,-1.3764295032173746
2003-08-04,-1.176374305832983
2003-08-05,-0.9680808505654825
2003-08-06,-0.751549137414874
2003-08-07,-0.5267791663811567
2003-08-08,-0.2937709374643316
2003-08-09,-0.052524450664397815
2003-08-10,0.1969602940186439
2003-08-11,0.4546832965847938
2003-08-12,0.7206445570340525
2003-08-13,0.9948440753664194
2003-08-14,1.277281851581895
2003-08-15,1.5679578856804783
2003-08-16,1.8668721776621702
2003-08-17,2.170363213350368
2003-08-18,2.456461907685462
2003-08-19,2.7215067464908493
2003-08-20,2.9654977297665277
2003-08-21,3.1884348575125023
2003-08-22,3.390318129728769
2003-08-23,3.5711475464153284
2003-08-24,3.7309231075721807
2003-08-25,3.8696448131993266
2003-08-26,3.9873126632967666
2003-08-27,4.0839266578645
2003-08-28,4.159486796902526
2003-08-29,4.213993080410845
2003-08-30,4.247445508389459
2003-08-31,4.259844080838364
2003-09-01,4.251188797757564
2003-09-02,4.2214796591470565
2003-09-03,4.170716665006842
2003-09-04,4.098899815336921
2003-09-05,4.006029110137293
2003-09-06,3.892104549407959
2003-09-07,3.7571261331489185
2003-09-08,3.601093861360171
2003-09-09,3.4240077340417154
2003-09-10,3.2258677511935545
2003-09-11,3.0066739128156863
2003-09-12,2.766426218908112
2003-09-13,2.505124669470831
2003-09-14,2.2227692645038424
2003-09-15,1.9193600040071472
2003-09-16,1.594896887980746
2003-09-17,1.2677133986420506
2003-09-18,0.9561430182084723
2003-09-19,0.6601857466800124
2003-09-20,0.37984158405667234
2003-09-21,0.11511053033844901
2003-09-22,-0.13400741447465572
2003-09-23,-0.36751225038264207
2003-09-24,-0.5854039773855103
2003-09-25,-0.787682595483261
2003-09-26,-0.9743481046758927
2003-09-27,-1.145400504963406
2003-09-28,-1.3008397963458018
2003-09-29,-1.4406659788230791
2003-09-30,-1.564879052395238
2003-10-01,-1.6734790170622793
2003-10-02,-1.766465872824201
2003-10-03,-1.843839619681006
2003-10-04,-1.9056002576326918
2003-10-05,-1.9517477866792596
2003-10-06,-1.9822822068207095
2003-10-07,-1.997203518057041
2003-10-08,-1.9965117203882539
2003-10-09,-1.9802068138143496
2003-10-10,-1.9482887983353263
2003-10-11,-1.9007576739511844
2003-10-12,-1.837613440661925
2003-10-13,-1.7588560984675474
2003-10-14,-1.6644856473680514
2003-10-15,-1.554502087363437
2003-10-16,-1.4289054184537042
2003-10-17,-1.2900419364711226
2003-10-18,-1.151989416409306
2003-10-19,-1.0170941541005232
2003-10-20,-0.8853561495447743
2003-10-21,-0.7567754027420599
2003-10-22,-0.631351913692379
2003-10-23,-0.5090856823957318
2003-10-24,-0.3899767088521194
2003-10-25,-0.2740249930615402
2003-10-26,-0.16123053502399534
2003-10-27,-0.05159333473948452
2003-10-28,0.05488660779199242
2003-10-29,0.15820929257043534
2003-10-30,0.25837471959584435
2003-10-31,0.35538288886821934
2003-11-01,0.4492338003875605
2003-11-02,0.5399274541538674
2003-11-03,0.6274638501671403
2003-11-04,0.7118429884273797
2003-11-05,0.7930648689345846
2003-11-06,0.8711294916887558
2003-11-07,0.9460368566898929
2003-11-08,1.0177869639379962
2003-11-09,1.0863798134330653
2003-11-10,1.1518154051751006
2003-11-11,1.2140937391641018
2003-11-12,1.273214815400069
2003-11-13,1.3291786338830023
2003-11-14,1.3819851946129018
2003-11-15,1.431634497589767
2003-11-16,1.4781265428135981
2003-11-17,1.5193666862902273
2003-11-18,1.5532602840254857
2003-11-19,1.579807336019373
2003-11-20,1.5990078422718894
2003-11-21,1.6108618027830353
2003-11-22,1.6153692175528107
2003-11-23,1.612530086581215
2003-11-24,1.6023444098682484
2003-11-25,1.5848121874139112
2003-11-26,1.5599334192182033
2003-11-27,1.5277081052811246
2003-11-28,1.4881362456026754
2003-11-29,1.441217840182855
2003-11-30,1.3869528890216642
2003-12-01,1.3253413921191024
2003-12-02,1.2563833494751697
2003-12-03,1.1800787610898666
2003-12-04,1.0964276269631925
2003-12-05,1.005429947095148
2003-12-06,0.9070857214857321
2003-12-07,0.8013949501349455
2003-12-08,0.6883576330427887
2003-12-09,0.5679737702092608
2003-12-10,0.4402433616343622
2003-12-11,0.30516640731809286
2003-12-12,0.16274290726045293
2003-12-13,0.01297286146144172
2003-12-14,-0.14414373007893988
2003-12-15,-0.3086068673606923
2003-12-16,-0.4804165503838158
2003-12-17,-0.6574932925352931
2003-12-18,-0.8273601741370259
2003-12-19,-0.9879377085759983
2003-12-20,-1.13922589585221
2003-12-21,-1.2812247359656603
2003-12-22,-1.4139342289163492
2003-12-23,-1.5373543747042782
2003-12-24,-1.651485173329446
2003-12-25,-1.7563266247918532
2003-12-26,-1.851878729091499
2003-12-27,-1.9381414862283841
2003-12-28,-2.0151148962025083
2003-12-29,-2.0827989590138714
2003-12-30,-2.141193674662474
2003-12-31,-2.1902990431483156
2004-01-01,-2.2301150644713963
2004-01-02,-2.2606417386317155
2004-01-03,-2.2818790656292745
2004-01-04,-2.293827045464073
2004-01-05,-2.29648567813611
2004-01-06,-2.2898549636453858
2004-01-07,-2.2739349019919013
2004-01-08,-2.248725493175656
2004-01-09,-2.214226737196649
2004-01-10,-2.1704386340548822
2004-01-11,-2.1173611837503534
2004-01-12,-2.054994386283065
2004-01-13,-1.9833382416530143
2004-01-14,-1.9023927498602038
2004-01-15,-1.812157910904632
2004-01-16,-1.7126337247862995
2004-01-17,-1.6046055711142606
2004-01-18,-1.4927857275428469
2004-01-19,-1.3779595736811128
2004-01-20,-1.2601271095290578
2004-01-21,-1.139288335086683
2004-01-22,-1.0154432503539876
2004-01-23,-0.8885918553309721
2004-01-24,-0.7587341500176361
2004-01-25,-0.6258701344139797
2004-01-26,-0.48999980852000297
2004-01-27,-0.351123172335706
2004-01-28,-0.20924022586108854
2004-01-29,-0.06435096909615079
2004-01-30,0.08354459795910729
2004-01-31,0.23444647530468576
2004-02-01,0.3883546629405843
2004-02-02,0.5452691608668037
2004-02-03,0.7051899690833432
2004-02-04,0.8681170875902029
2004-02-05,1.0340505163873832
2004-02-06,1.2029902554748837
2004-02-07,1.3749363048527046
2004-02-08,1.5498886645208458
2004-02-09,1.7278473344793075
2004-02-10,1.9088123147280895
2004-02-11,2.0927836052671913
2004-02-12,2.279761206096614
2004-02-13,2.4697451172163567
2004-02-14,2.66273533862642
2004-02-15,2.858731870326804
2004-02-16,3.055225159186776
2004-02-17,3.2371578864219472
2004-02-18,3.4020204989015848
2004-02-19,3.5498129966256893
2004-02-20,3.680535379594261
2004-02-21,3.7941876478072993
2004-02-22,3.890769801264805
2004-02-23,3.970281839966777
2004-02-24,4.032723763913216
2004-02-25,4.078095573104123
2004-02-26,4.106397267539494
2004-02-27,4.117628847219335
2004-02-28,4.111790312143641
2004-02-29,4.088881662312414
2004-03-01,4.048902897725655
2004-03-02,3.9918540183833615
2004-03-03,3.9177350242855353
2004-03-04,3.826545915432176
2004-03-05,3.7182866918232844
2004-03-06,3.592957353458858
2004-03-07,3.450557900338901
2004-03-08,3.2910883324634095
2004-03-09,3.1145486498323844
2004-03-10,2.9209388524458273
2004-03-11,2.710258940303736
2004-03-12,2.4825089134061114
2004-03-13,2.2376887717529548
2004-03-14,1.9757985153442648
2004-03-15,1.6968381441800402
2004-03-16,1.400807658260285
2004-03-17,1.0915465244819909
2004-03-18,0.7920915442271382
2004-03-19,0.5062821843927214
2004-03-20,0.2341184449787423
2004-03-21,-0.02439967401480085
2004-03-22,-0.2692721725879071
2004-03-23,-0.5004990507405771
2004-03-24,-0.7180803084728101
2004-03-25,-0.9220159457846065
2004-03-26,-1.1123059626759662
2004-03-27,-1.2889503591468896
2004-03-28,-1.4519491351973761
2004-03-29,-1.6013022908274257
2004-03-30,-1.7370098260370384
2004-03-31,-1.8590717408262154
2004-04-01,-1.967488035194955
2004-04-02,-2.0622587091432583
2004-04-03,-2.1433837626711245
2004-04-04,-2.2108631957785545
2004-04-05,-2.264697008465548
2004-04-06,-2.3048852007321043
2004-04-07,-2.331427772578224
2004-04-08,-2.344324724003908
2004-04-09,-2.343576055009154
2004-04-10,-2.3291817655939635
2004-04-11,-2.301141855758337
2004-04-12,-2.2594563255022737
2004-04-13,-2.2041251748257737
2004-04-14,-2.135148403728837
2004-04-15,-2.0525260122114637
2004-04-16,-1.9562580002736536
2004-04-17,-1.8501519760450744
2004-04-18,-1.738015547655393
2004-04-19,-1.6198487151046088
2004-04-20,-1.4956514783927233
2004-04-21,-1.3654238375197354
2004-04-22,-1.2291657924856456
2004-04-23,-1.0868773432904533
2004-04-24,-0.938558489934159
2004-04-25,-0.7842092324167627
2004-04-26,-0.623829570738264
2004-04-27,-0.4574195048986637
2004-04-28,-0.28497903489796095
2004-04-29,-0.10650816073615577
2004-04-30,0.07799311758675109
2004-05-01,0.2685248000707602
2004-05-02,0.4650868867158716
2004-05-03,0.6676793775220847
2004-05-04,0.8763022724894003
2004-05-05,1.0909555716178179
2004-05-06,1.3116392749073378
2004-05-07,1.5383533823579594
2004-05-08,1.7710978939696835
2004-05-09,2.00987280974251
2004-05-10,2.2546781296764373
2004-05-11,2.5055138537714683
2004-05-12,2.762379982027601
2004-05-13,3.025276514444835
2004-05-14,3.294203451023172
2004-05-15,3.5691607917626107
2004-05-16,3.850148536663152
2004-05-17,4.133188661444432
2004-05-18,4.394413020424278
2004-05-19,4.629843589322326
2004-05-20,4.839480368138577
2004-05-21,5.02332335687303
2004-05-22,5.181372555525685
2004-05-23,5.313627964096544
2004-05-24,5.420089582585605
2004-05-25,5.5007574109928665
2004-05-26,5.5556314493183345
2004-05-27,5.5847116975620015
2004-05-28,5.587998155723873
2004-05-29,5.5654908238039456
2004-05-30,5.517189701802222
2004-05-31,5.4430947897187
2004-06-01,5.343206087553381
2004-06-02,5.217523595306264
2004-06-03,5.066047312977348
2004-06-04,4.888777240566638
2004-06-05,4.685713378074128
2004-06-06,4.456855725499822
2004-06-07,4.202204282843718
2004-06-08,3.9217590501058157
2004-06-09,3.615520027286117
2004-06-10,3.28348721438462
2004-06-11,2.9256606114013257
2004-06-12,2.542040218336234
2004-06-13,2.132626035189346
2004-06-14,1.6974180619606596
2004-06-15,1.2364162986501737
2004-06-16,0.7496207452578934
2004-06-17,0.26326614385515273
2004-06-18,-0.19641276348671063
2004-06-19,-0.6294159767676949
2004-06-20,-1.0357434959878
2004-06-21,-1.4153953211470267
2004-06-22,-1.7683714522453764
2004-06-23,-2.0946718892828464
2004-06-24,-2.394296632259438
2004-06-25,-2.667245681175151
2004-06-26,-2.9135190360299865
2004-06-27,-3.133116696823943
2004-06-28,-3.3260386635570205
2004-06-29,-3.49228493622922
2004-06-30,-3.6318555148405416
2004-07-01,-3.744750399390983
2004-07-02,-3.8309695898805476
2004-07-03,-3.890513086309233
2004-07-04,-3.9233808886770403
2004-07-05,-3.9295729969839694
2004-07-06,-3.909089411230018
2004-07-07,-3.86193013141519
2004-07-08,-3.7880951575394843
2004-07-09,-3.6875844896028984
2004-07-10,-3.5603981276054357
2004-07-11,-3.4065360715470936
2004-07-12,-3.2259983214278725
2004-07-13,-3.0187848772477732
2004-07-14,-2.784895739006796
2004-07-15,-2.5243309067049404
2004-07-16,-2.2370903803422046
2004-07-17,-1.9279408515437786
2004-07-18,-1.6254824700607757
2004-07-19,-1.3344819275183837
2004-07-20,-1.0549392239166022
2004-07-21,-0.7868543592554312
2004-07-22,-0.5302273335348712
2004-07-23,-0.28505814675492097
2004-07-24,-0.0513467989155819
2004-07-25,0.17090670998314694
2004-07-26,0.38170237994126577
2004-07-27,0.5810402109587736
2004-07-28,0.7689202030356713
2004-07-29,0.9453423561719582
2004-07-30,1.1103066703676348
2004-07-31,1.2638131456227002
2004-08-01,1.405861781937156
2004-08-02,1.5364525793110009
2004-08-03,1.6555855377442357
2004-08-04,1.7632606572368599
2004-08-05,1.8594779377888733
2004-08-06,1.944237379400276
2004-08-07,2.017538982071068
2004-08-08,2.0793827458012504
2004-08-09,2.129768670590822
2004-08-10,2.1686967564397834
2004-08-11,2.1961670033481333
2004-08-12,2.2121794113158737
2004-08-13,2.2167339803430033
2004-08-14,2.209830710429522
2004-08-15,2.1914696015754305
2004-08-16,2.161650653780729
2004-08-17,2.121644964847429
2004-08-18,2.0790791215876054
2004-08-19,2.0352242218032703
2004-08-20,1.9900802654944247
2004-08-21,1.9436472526610684
2004-08-22,1.8959251833032005
2004-08-23,1.8469140574208216
2004-08-24,1.7966138750139318
2004-08-25,1.745024636082531
2004-08-26,1.6921463406266184
2004-08-27,1.6379789886461953
2004-08-28,1.5825225801412615
2004-08-29,1.525777115111816
2004-08-30,1.4677425935578599
2004-08-31,1.4084190154793923
2004-09-01,1.3478063808764138
2004-09-02,1.2859046897489244
2004-09-03,1.2227139420969237
2004-09-04,1.1582341379204122
2004-09-05,1.0924652772193892
2004-09-06,1.0254073599938556
2004-09-07,0.9570603862438106
2004-09-08,0.8874243559692546
2004-09-09,0.816499269170188
2004-09-10,0.7442851258466097
2004-09-11,0.6707819259985206
2004-09-12,0.5959896696259205
2004-09-13,0.5199083567288093
2004-09-14,0.4425379873071869
2004-09-15,0.36387856136105334
2004-09-16,0.283930078890409
2004-09-17,0.20566634988115298
2004-09-18,0.1320611843191844
2004-09-19,0.06311458220450351
2004-09-20,-0.0011734564628894037
2004-09-21,-0.06080293168299492
2004-09-22,-0.11577384345581271
2004-09-23,-0.1660861917813427
2004-09-24,-0.21173997665958502
2004-09-25,-0.2527351980905398
2004-09-26,-0.28907185607420677
2004-09-27,-0.320749950610586
2004-09-28,-0.3477694816996776
2004-09-29,-0.37013044934148154
2004-09-30,-0.38783285353599795
2004-10-01,-0.4008766942832265
2004-10-02,-0.40926197158316724
2004-10-03,-0.4129886854358206
2004-10-04,-0.4120568358411859
2004-10-05,-0.40646642279926387
2004-10-06,-0.39621744631005407
2004-10-07,-0.38130990637355655
2004-10-08,-0.36174380298977116
2004-10-09,-0.3375191361586983
2004-10-10,-0.30863590588033785
2004-10-11,-0.27509411215468954
2004-10-12,-0.23689375498175352
2004-10-13,-0.19403483436153002
2004-10-14,-0.14651735029401863
2004-10-15,-0.09434130277921965
2004-10-16,-0.0375066918171329
2004-10-17,0.02314137145853501
2004-10-18,0.08253222024554553
2004-10-19,0.13982074341019202
2004-10-20,0.1950069409524746
2004-10-21,0.24809081287239323
2004-10-22,0.2990723591699479
2004-10-23,0.34795157984513886
2004-10-24,0.39472847489796564
2004-10-25,0.43940304432842864
2004-10-26,0.48197528813652774
2004-10-27,0.5224452063222628
2004-10-28,0.560812798885634
2004-10-29,0.5970780658266412
2004-10-30,0.6312410071452845
2004-10-31,0.6633016228415639
2004-11-01,0.6932599129154795
2004-11-02,0.721115877367031
2004-11-03,0.7468695161962184
2004-11-04,0.7705208294030422
2004-11-05,0.792069816987502
2004-11-06,0.8115164789495979
2004-11-07,0.8288608152893298
2004-11-08,0.8441028260066977
2004-11-09,0.8572425111017019
2004-11-10,0.8682798705743419
2004-11-11,0.8772149044246182
2004-11-12,0.8840476126525305
2004-11-13,0.8887779952580788
2004-11-14,0.8914060522412635
2004-11-15,0.8919317836020837
2004-11-16,0.8903551893405403
2004-11-17,0.8856648139554272
2004-11-18,0.8768492019455386
2004-11-19,0.8639083533108745
2004-11-20,0.8468422680514349
2004-11-21,0.8256509461672196
2004-11-22,0.8003343876582292
2004-11-23,0.770892592524463
2004-11-24,0.7373255607659215
2004-11-25,0.6996332923826042
2004-11-26,0.6578157873745116
2004-11-27,0.6118730457416437
2004-11-28,0.561805067484
2004-11-29,0.5076118526015809
2004-11-30,0.44929340109438654
2004-12-01,0.3868497129624166
2004-12-02,0.32028078820567085
2004-12-03,0.24958662682414984
2004-12-04,0.17476722881785334
2004-12-05,0.0958225941867814
2004-12-06,0.012752722930933769
2004-12-07,-0.07444238494968924
2004-12-08,-0.16576272945508763
2004-12-09,-0.2612083105852616
2004-12-10,-0.3607791283402111
2004-12-11,-0.46447518271993593
2004-12-12,-0.5722964737244365
2004-12-13,-0.6842430013537123
2004-12-14,-0.8003147656077638
2004-12-15,-0.9205117664865908
2004-12-16,-1.044834003990193
2004-12-17,-1.1716944245261027
2004-12-18,-1.2915707065395057
2004-12-19,-1.4028757964379344
2004-12-20,-1.5056096942213892
2004-12-21,-1.5997723998898685
2004-12-22,-1.6853639134433733
2004-12-23,-1.7623842348819048
2004-12-24,-1.8308333642054604
2004-12-25,-1.8907113014140418
2004-12-26,-1.9420180465076484
2004-12-27,-1.9847535994862806
2004-12-28,-2.018917960349939
2004-12-29,-2.0445111290986224
2004-12-30,-2.061533105732331
2004-12-31,-2.069983890251065
2005-01-01,-2.069863482654825
2005-01-02,-2.0611718829436096
2005-01-03,-2.04390909111742
2005-01-04,-2.0180751071762564
2005-01-05,-1.983669931120118
2005-01-06,-1.940693562949004
2005-01-07,-1.889146002662917
2005-01-08,-1.8290272502618552
2005-01-09,-1.7603373057458178
2005-01-10,-1.6830761691148066
2005-01-11,-1.5972438403688207
2005-01-12,-1.5028403195078601
2005-01-13,-1.3998656065319253
2005-01-14,-1.2883197014410157
2005-01-15,-1.1682026042351317
2005-01-16,-1.039514314914273
2005-01-17,-0.9045840730734426
2005-01-18,-0.7773873162826562
2005-01-19,-0.6602532841369168
2005-01-20,-0.5531819766362241
2005-01-21,-0.4561733937805788
2005-01-22,-0.36922753556998
2005-01-23,-0.2923444020044282
2005-01-24,-0.2255239930839233
2005-01-25,-0.1687663088084654
2005-01-26,-0.12207134917805457
2005-01-27,-0.08543911419269035
2005-01-28,-0.05886960385237322
2005-01-29,-0.04236281815710291
2005-01-30,-0.03591875710687942
2005-01-31,-0.03953742070170302
2005-02-01,-0.0532188089415735
2005-02-02,-0.0769629218264909
2005-02-03,-0.11076975935645517
2005-02-04,-0.1546393215314663
2005-02-05,-0.20857160835152455
2005-02-06,-0.27256661981662955
2005-02-07,-0.34662435592678154
2005-02-08,-0.43074481668198006
2005-02-09,-0.5249280020822259
2005-02-10,-0.6291739121275187
2005-02-11,-0.7434825468178582
2005-02-12,-0.8678539061532444
2005-02-13,-1.002287990133678
2005-02-14,-1.1467847987591582
2005-02-15,-1.3013443320296854
2005-02-16,-1.455369551228026
2005-02-17,-1.5982634176369457
2005-02-18,-1.730025931256445
2005-02-19,-1.8506570920865242
2005-02-20,-1.9601569001271821
2005-02-21,-2.0585253553784204
2005-02-22,-2.1457624578402377
2005-02-23,-2.2218682075126353
2005-02-24,-2.286842604395612
2005-02-25,-2.3406856484891674
2005-02-26,-2.383397339793303
2005-02-27,-2.4149776783080177
2005-02-28,-2.435426664033312
2005-03-01,-2.444744296969186
2005-03-02,-2.44293057711564
2005-03-03,-2.4299855044726733
2005-03-04,-2.4059090790402853
2005-03-05,-2.370701300818477
2005-03-06,-2.324362169807249
2005-03-07,-2.2668916860065997
2005-03-08,-2.198289849416531
2005-03-09,-2.1185566600370405
2005-03-10,-2.027692117868131
2005-03-11,-1.9256962229097994
2005-03-12,-1.8125689751620477
2005-03-13,-1.688310374624876
2005-03-14,-1.5529204212982832
2005-03-15,-1.4063991151822712
2005-03-16,-1.2487464562768373
2005-03-17,-1.0820604562033411
2005-03-18,-0.9189291846899289
2005-03-19,-0.7614506533579579
2005-03-20,-0.6096248622074288
2005-03-21,-0.4634518112383409
2005-03-22,-0.32293150045069463
2005-03-23,-0.18806392984448994
2005-03-24,-0.05884909941972684
2005-03-25,0.06471299082359513
2005-03-26,0.18262234088547533
2005-03-27,0.2948789507659139
2005-03-28,0.40148282046491135
2005-03-29,0.5024339499824668
2005-03-30,0.5977323393185807
2005-03-31,0.6873779884732535
2005-04-01,0.7713708974464848
2005-04-02,0.8497110662382742
2005-04-03,0.9223984948486224
2005-04-04,0.9894331832775289
2005-04-05,1.0508151315249936
2005-04-06,1.1065443395910173
2005-04-07,1.156620807475599
2005-04-08,1.2010445351787398
2005-04-09,1.2398155227004386
2005-04-10,1.272933770040696
2005-04-11,1.300399277199512
2005-04-12,1.3222120441768863
2005-04-13,1.338372070972819
2005-04-14,1.3488793575873106
2005-04-15,1.3537339040203604
2005-04-16,1.3529357102719686
2005-04-17,1.3492545366986297
2005-04-18,1.3454601436568379
2005-04-19,1.3415525311465926
2005-04-20,1.3375316991678947
2005-04-21,1.3333976477207439
2005-04-22,1.32915037680514
2005-04-23,1.324789886421083
2005-04-24,1.3203161765685731
2005-04-25,1.3157292472476103
2005-04-26,1.3110290984581945
2005-04-27,1.3062157302003257
2005-04-28,1.3012891424740036
2005-04-29,1.2962493352792288
2005-04-30,1.2910963086160012
2005-05-01,1.2858300624843204
2005-05-02,1.2804505968841866
2005-05-03,1.2749579118155998
2005-05-04,1.2693520072785598
2005-05-05,1.2636328832730672
2005-05-06,1.2578005397991214
2005-05-07,1.2518549768567229
2005-05-08,1.2457961944458709
2005-05-09,1.2396241925665663
2005-05-10,1.2333389712188085
2005-05-11,1.2269405304025978
2005-05-12,1.2204288701179342
2005-05-13,1.2138039903648175
2005-05-14,1.207065891143248
2005-05-15,1.2002145724532252
2005-05-16,1.1932500342947496
2005-05-17,1.185681428374437
2005-05-18,1.1745636649319873
2005-05-19,1.1594058956740159
2005-05-20,1.1402081206005232
2005-05-21,1.116970339711509
2005-05-22,1.0896925530069734
2005-05-23,1.0583747604869165
2005-05-24,1.023016962151338
2005-05-25,0.9836191580002382
2005-05-26,0.9401813480336173
2005-05-27,0.8927035322514747
2005-05-28,0.8411857106538108
2005-05-29,0.7856278832406257
2005-05-30,0.7260300500119192
2005-05-31,0.662392210967691
2005-06-01,0.5947143661079415
2005-06-02,0.5229965154326708
2005-06-03,0.4472386589418786
2005-06-04,0.36744079663556484
2005-06-05,0.2836029285137299
2005-06-06,0.1957250545763739
2005-06-07,0.10380717482349622
2005-06-08,0.007849289255096759
2005-06-09,-0.09214860212882359
2005-06-10,-0.19618649932826548
2005-06-11,-0.3042644023432288
2005-06-12,-0.4163823111737134
2005-06-13,-0.5325402258197193
2005-06-14,-0.6527381462812469
2005-06-15,-0.7769760725582958
2005-06-16,-0.9052540046508658
2005-06-17,-1.0308450240039568
2005-06-18,-1.1470222120625675
2005-06-19,-1.2537855688266981
2005-06-20,-1.351135094296349
2005-06-21,-1.4390707884715188
2005-06-22,-1.5175926513522096
2005-06-23,-1.5867006829384196
2005-06-24,-1.6463948832301498
2005-06-25,-1.6966752522273998
2005-06-26,-1.73754178993017
2005-06-27,-1.7689944963384596
2005-06-28,-1.79103337145227
2005-06-29,-1.8036584152715989
2005-06-30,-1.8068696277964489
2005-07-01,-1.8006670090268189
2005-07-02,-1.7850505589627077
2005-07-03,-1.7600202776041172
2005-07-04,-1.7255761649510464
2005-07-05,-1.681718221003496
2005-07-06,-1.628446445761464
2005-07-07,-1.5657608392249531
2005-07-08,-1.4936614013939622
2005-07-09,-1.4121481322684908
2005-07-10,-1.3212210318485393
2005-07-11,-1.2208801001341083
2005-07-12,-1.1111253371251966
2005-07-13,-0.9919567428218049
2005-07-14,-0.8633743172239334
2005-07-15,-0.7253780603315816
2005-07-16,-0.5779679721447493
2005-07-17,-0.4223895863568345
2005-07-18,-0.2661161051282188
2005-07-19,-0.11039306215229891
2005-07-20,0.044779542570924674
2005-07-21,0.19940170904145213
2005-07-22,0.35347343725928326
2005-07-23,0.5069947272244184
2005-07-24,0.6599655789368573
2005-07-25,0.8123859923966
2005-07-26,0.9642559676036466
2005-07-27,1.115575504557997
2005-07-28,1.2663446032596513
2005-07-29,1.4165632637086096
2005-07-30,1.5662314859048714
2005-07-31,1.7153492698484374
2005-08-01,1.8639166155393068
2005-08-02,2.0119335229774804
2005-08-03,2.1593999921629576
2005-08-04,2.3063160230957394
2005-08-05,2.452681615775824
2005-08-06,2.598496770203213
2005-08-07,2.743761486377905
2005-08-08,2.8884757642999026
2005-08-09,3.0326396039692027
2005-08-10,3.1762530053858073
2005-08-11,3.319315968549715
2005-08-12,3.4618284934609274
2005-08-13,3.603790580119443
2005-08-14,3.7452022285252626
2005-08-15,3.8860634386783857
2005-08-16,4.026374210578814
2005-08-17,4.164453777107349
2005-08-18,4.290217535548824
2005-08-19,4.401984718784043
2005-08-20,4.499755326813002
2005-08-21,4.583529359635707
2005-08-22,4.653306817252154
2005-08-23,4.709087699662345
2005-08-24,4.7508720068662775
2005-08-25,4.778659738863956
2005-08-26,4.792450895655374
2005-08-27,4.792245477240539
2005-08-28,4.778043483619447
2005-08-29,4.749844914792095
2005-08-30,4.707649770758489
2005-08-31,4.651458051518625
2005-09-01,4.581269757072505
2005-09-02,4.497084887420129
2005-09-03,4.398903442561494
2005-09-04,4.286725422496604
2005-09-05,4.160550827225455
2005-09-06,4.020379656748051
2005-09-07,3.86621191106439
2005-09-08,3.6980475901744727
2005-09-09,3.515886694078297
2005-09-10,3.3197292227758664
2005-09-11,3.1095751762671777
2005-09-12,2.8854245545522343
2005-09-13,2.6472773576310322
2005-09-14,2.3951335855035736
2005-09-15,2.128993238169858
2005-09-16,1.848856315629886
2005-09-17,1.5695990184825324
2005-09-18,1.3060975473266712
2005-09-19,1.0583519021623027
2005-09-20,0.8263620829894285
2005-09-21,0.6101280898080463
2005-09-22,0.409649922618157
2005-09-23,0.2249275814197611
2005-09-24,0.055961066212858235
2005-09-25,-0.09724962300255269
2005-09-26,-0.23470448622646964
2005-09-27,-0.35640352345889353
2005-09-28,-0.4623467346998248
2005-09-29,-0.552534119949263
2005-09-30,-0.6269656792072088
2005-10-01,-0.6856414124736611
2005-10-02,-0.7285613197486205
2005-10-03,-0.7557254010320871
2005-10-04,-0.7671336563240603
2005-10-05,-0.762786085624541
2005-10-06,-0.7426826889335286
2005-10-07,-0.7068234662510233
2005-10-08,-0.6552084175770247
2005-10-09,-0.5878375429115332
2005-10-10,-0.5047108422545492
2005-10-11,-0.405828315606072
2005-10-12,-0.29118996296610145
2005-10-13,-0.1607957843346386
2005-10-14,-0.01464577971168235
2005-10-15,0.14726005090276661
2005-10-16,0.32492170750870897
2005-10-17,0.5151129049974549
2005-10-18,0.6984759327168715
2005-10-19,0.8717845055582693
2005-10-20,1.0350386235216482
2005-10-21,1.1882382866070087
2005-10-22,1.3313834948143504
2005-10-23,1.4644742481436743
2005-10-24,1.5875105465949788
2005-10-25,1.7004923901682643
2005-10-26,1.803419778863532
2005-10-27,1.8962927126807805
2005-10-28,1.979111191620011
2005-10-29,2.051875215681222
2005-10-30,2.1145847848644155
2005-10-31,2.1672398991695894
2005-11-01,2.209840558596745
2005-11-02,2.2423867631458823
2005-11-03,2.2648785128170004
2005-11-04,2.2773158076101003
2005-11-05,2.279698647525181
2005-11-06,2.2720270325622436
2005-11-07,2.2543009627212878
2005-11-08,2.2265204380023125
2005-11-09,2.188685458405319
2005-11-10,2.140796023930307
2005-11-11,2.0828521345772764
2005-11-12,2.014853790346227
2005-11-13,1.9368009912371593
2005-11-14,1.848693737250073
2005-11-15,1.7505320283849675
2005-11-16,1.6423158646418434
2005-11-17,1.528300375896605
2005-11-18,1.412740692025155
2005-11-19,1.2956368130274936
2005-11-20,1.1769887389036213
2005-11-21,1.056796469653538
2005-11-22,0.9350600052772431
2005-11-23,0.811779345774737
2005-11-24,0.6869544911460197
2005-11-25,0.5605854413910912
2005-11-26,0.4326721965099516
2005-11-27,0.30321475650260077
2005-11-28,0.17221312136903882
2005-11-29,0.03966729110926559
2005-11-30,-0.09442273427671888
2005-12-01,-0.2300569547889144
2005-12-02,-0.3672353704273213
2005-12-03,-0.5059579811919395
2005-12-04,-0.6462247870827685
2005-12-05,-0.7880357880998092
2005-12-06,-0.9313909842430608
2005-12-07,-1.0762903755125235
2005-12-08,-1.2227339619081978
2005-12-09,-1.3707217434300831
2005-12-10,-1.5202537200781796
2005-12-11,-1.671329891852487
2005-12-12,-1.823950258753006
2005-12-13,-1.978114820779736
2005-12-14,-2.1338235779326777
2005-12-15,-2.29107653021183
2005-12-16,-2.449873677617193
2005-12-17,-2.6085942933155275
2005-12-18,-2.7575140163073795
2005-12-19,-2.895012119759511
2005-12-20,-3.0210886036719216
2005-12-21,-3.135743468044609
2005-12-22,-3.238976712877574
2005-12-23,-3.330788338170818
2005-12-24,-3.41117834392434
2005-12-25,-3.4801467301381406
2005-12-26,-3.5376934968122193
2005-12-27,-3.5838186439465756
2005-12-28,-3.618522171541211
2005-12-29,-3.641804079596124
2005-12-30,-3.6536643681113152
2005-12-31,-3.6541030370867844
2006-01-01,-3.643120086522532
2006-01-02,-3.620715516418558
2006-01-03,-3.586889326774861
2006-01-04,-3.541641517591444
2006-01-05,-3.4849720888683042
2006-01-06,-3.416881040605442
2006-01-07,-3.337368372802859
2006-01-08,-3.246434085460554
2006-01-09,-3.144078178578528
2006-01-10,-3.0303006521567784
2006-01-11,-2.905101506195308
2006-01-12,-2.7684807406941156
2006-01-13,-2.620438355653201
2006-01-14,-2.460974351072565
2006-01-15,-2.290088726952207
2006-01-16,-2.1077814832921273
2006-01-17,-1.9160262369899368
2006-01-18,-1.7266646894313038
2006-01-19,-1.5416704575138385
2006-01-20,-1.3610435412375415
2006-01-21,-1.1847839406024132
2006-01-22,-1.0128916556084526
2006-01-23,-0.84536668625566
2006-01-24,-0.682209032544036
2006-01-25,-0.5234186944735801
2006-01-26,-0.36899567204429234
2006-01-27,-0.21893996525617307
2006-01-28,-0.07325157410922173
2006-01-29,0.06806950139656134
2006-01-30,0.20502326126117654
2006-01-31,0.3376097054846231
2006-02-01,0.4658288340669013
2006-02-02,0.5896806470080117
2006-02-03,0.7091651443079535
2006-02-04,0.8242823259667275
2006-02-05,0.9350321919843332
2006-02-06,1.0414147423607707
2006-02-07,1.1434299770960399
2006-02-08,1.2410778961901408
2006-02-09,1.3343584996430735
2006-02-10,1.423271787454838
2006-02-11,1.5078177596254343
2006-02-12,1.5879964161548625
2006-02-13,1.6638077570431227
2006-02-14,1.7352517822902143
2006-02-15,1.8023284918961378
2006-02-16,1.863387788082356
2006-02-17,1.9167795730703316
2006-02-18,1.9625038468600644
2006-02-19,2.000560609451555
2006-02-20,2.0309498608448022
2006-02-21,2.0536716010398077
2006-02-22,2.0687258300365703
2006-02-23,2.0761125478350904
2006-02-24,2.0758317544353675
2006-02-25,2.067883449837402
2006-02-26,2.0522676340411947
2006-02-27,2.0289843070467444
2006-02-28,1.998033468854051
2006-03-01,1.9594151194631155
2006-03-02,1.913129258873937
2006-03-03,1.8591758870865163
2006-03-04,1.7975550041008526
2006-03-05,1.7282666099169466
2006-03-06,1.6513107045347986
2006-03-07,1.5666872879544065
2006-03-08,1.4743963601757732
2006-03-09,1.3744379211988966
2006-03-10,1.266811971023778
2006-03-11,1.1515185096504164
2006-03-12,1.0285575370788118
2006-03-13,0.8979290533089651
2006-03-14,0.7596330583408754
2006-03-15,0.6136695521745437
2006-03-16,0.4600385348099689
2006-03-17,0.3002841274168065
2006-03-18,0.14367105701298497
2006-03-19,-0.008256555231839909
2006-03-20,-0.15549870931766882
2006-03-21,-0.29805540524450225
2006-03-22,-0.43592664301233947
2006-03-23,-0.5691124226211807
2006-03-24,-0.6976127440710255
2006-03-25,-0.8214276073618747
2006-03-26,-0.9405570124937278
2006-03-27,-1.0550009594665848
2006-03-28,-1.164759448280446
2006-03-29,-1.2698324789353108
2006-03-30,-1.3702200514311798
2006-03-31,-1.465922165768053
2006-04-01,-1.5569388219459297
2006-04-02,-1.6432700199648107
2006-04-03,-1.7249157598246954
2006-04-04,-1.8018760415255848
2006-04-05,-1.8741508650674774
2006-04-06,-1.9417402304503741
2006-04-07,-2.004644137674275
2006-04-08,-2.06286258673918
2006-04-09,-2.116395577645089
2006-04-10,-2.1652431103920016
2006-04-11,-2.2094051849799183
2006-04-12,-2.248881801408839
2006-04-13,-2.2836729596787637
2006-04-14,-2.3137786597896928
2006-04-15,-2.3391989017416255
2006-04-16,-2.3599336855345623
2006-04-17,-2.3771632723439526
2006-04-18,-2.392067923345248
2006-04-19,-2.4046476385384468
2006-04-20,-2.41490241792355
2006-04-21,-2.4228322615005573
2006-04-22,-2.428437169269469
2006-04-23,-2.431717141230285
2006-04-24,-2.4326721773830045
2006-04-25,-2.431302277727629
2006-04-26,-2.427607442264157
2006-04-27,-2.421587670992589
2006-04-28,-2.4132429639129254
2006-04-29,-2.4025733210251663
2006-04-30,-2.389578742329311
2006-05-01,-2.3742592278253603
2006-05-02,-2.3566147775133133
2006-05-03,-2.3366453913931706
2006-05-04,-2.3143510694649323
2006-05-05,-2.289731811728598
2006-05-06,-2.2627876181841677
2006-05-07,-2.2335184888316415
2006-05-08,-2.201924423671019
2006-05-09,-2.168005422702302
2006-05-10,-2.1317614859254883
2006-05-11,-2.0931926133405785
2006-05-12,-2.0522988049475734
2006-05-13,-2.0090800607464723
2006-05-14,-1.9635363807372754
2006-05-15,-1.9156677649199825
2006-05-16,-1.8654742132945938
2006-05-17,-1.8134038914459496
2006-05-18,-1.7621457928830904
2006-05-19,-1.7121480831908573
2006-05-20,-1.6634107623692496
2006-05-21,-1.6159338304182678
2006-05-22,-1.5697172873379117
2006-05-23,-1.5247611331281807
2006-05-24,-1.4810653677890757
2006-05-25,-1.4386299913205962
2006-05-26,-1.3974550037227425
2006-05-27,-1.3575404049955146
2006-05-28,-1.318886195138912
2006-05-29,-1.2814923741529352
2006-05-30,-1.245358942037584
2006-05-31,-1.2104858987928584
2006-06-01,-1.1768732444187584
2006-06-02,-1.1445209789152841
2006-06-03,-1.1134291022824354
2006-06-04,-1.0835976145202124
2006-06-05,-1.055026515628615
2006-06-06,-1.0277158056076434
2006-06-07,-1.0016654844572974
2006-06-08,-0.9768755521775767
2006-06-09,-0.953346008768482
2006-06-10,-0.9310768542300126
2006-06-11,-0.9100680885621691
2006-06-12,-0.8903197117649513
2006-06-13,-0.871831723838359
2006-06-14,-0.8546041247823926
2006-06-15,-0.8386369145970514
2006-06-16,-0.8239300932823359
2006-06-17,-0.8089966784789739
2006-06-18,-0.7923496878276929
2006-06-19,-0.7739891213284924
2006-06-20,-0.7539149789813733
2006-06-21,-0.7321272607863348
2006-06-22,-0.7086259667433775
2006-06-23,-0.683411096852501
2006-06-24,-0.6564826511137055
2006-06-25,-0.6278406295269907
2006-06-26,-0.5974850320923571
2006-06-27,-0.5654158588098044
2006-06-28,-0.5316331096793325
2006-06-29,-0.49613678470094175
2006-06-30,-0.4589268838746319
2006-07-01,-0.4200034072004028
2006-07-02,-0.37936635467825464
2006-07-03,-0.33701572630818755
2006-07-04,-0.29295152209020137
2006-07-05,-0.2471737420242961
2006-07-06,-0.19968238611047168
2006-07-07,-0.15047745434872828
2006-07-08,-0.09955894673906579
2006-07-09,-0.046926863281484266
2006-07-10,0.007418796024016294
2006-07-11,0.06347803117743589
2006-07-12,0.12125084217877463
2006-07-13,0.18073722902803246
2006-07-14,0.24193719172520928
2006-07-15,0.30485073027030524
2006-07-16,0.3694778446633203
2006-07-17,0.4356401443275102
2006-07-18,0.5022672858024099
2006-07-19,0.5691808785112756
2006-07-20,0.636380922454107
2006-07-21,0.7038674176309042
2006-07-22,0.7716403640416671
2006-07-23,0.8396997616863958
2006-07-24,0.9080456105650901
2006-07-25,0.9766779106777503
2006-07-26,1.0455966620243764
2006-07-27,1.1148018646049682
2006-07-28,1.1842935184195256
2006-07-29,1.254071623468049
2006-07-30,1.3241361797505378
2006-07-31,1.3944871872669928
2006-08-01,1.4651246460174134
2006-08-02,1.5360485560017998
2006-08-03,1.6072589172201517
2006-08-04,1.6787557296724698
2006-08-05,1.7505389933587536
2006-08-06,1.822608708279003
2006-08-07,1.894964874433218
2006-08-08,1.9676074918213993
2006-08-09,2.0405365604435457
2006-08-10,2.1137520802996588
2006-08-11,2.1872540513897367
2006-08-12,2.261042473713781
2006-08-13,2.3351173472717908
2006-08-14,2.4094786720637664
2006-08-15,2.4841264480897074
2006-08-16,2.559060675349615
2006-08-17,2.6327948779817145
2006-08-18,2.696410200815367
2006-08-19,2.748420167988799
2006-08-20,2.788824779502011
2006-08-21,2.817624035355003
2006-08-22,2.8348179355477736
2006-08-23,2.8404064800803246
2006-08-24,2.8343896689526544
2006-08-25,2.816767502164765
2006-08-26,2.787539979716654
2006-08-27,2.746707101608323
2006-08-28,2.6942688678397726
2006-08-29,2.6302252784110007
2006-08-30,2.554576333322009
2006-08-31,2.4673220325727963
2006-09-01,2.3684623761633645
2006-09-02,2.257997364093711
2006-09-03,2.1359269963638376
2006-09-04,2.0022512729737443
2006-09-05,1.85697019392343
2006-09-06,1.7000837592128957
2006-09-07,1.5315919688421409
2006-09-08,1.3514948228111658
2006-09-09,1.15979232111997
2006-09-10,0.9564844637685543
2006-09-11,0.7415712507569177
2006-09-12,0.5150526820850618
2006-09-13,0.27692875775298487
2006-09-14,0.02719947776068743
2006-09-15,-0.2341351578918307
2006-09-16,-0.5070751492045686
2006-09-17,-0.7774402683957209
2006-09-18,-1.031050287683481
2006-09-19,-1.2679052070678496
2006-09-20,-1.4880050265488252
2006-09-21,-1.691349746126409
2006-09-22,-1.8779393658006007
2006-09-23,-2.047773885571401
2006-09-24,-2.2008533054388084
2006-09-25,-2.3371776254028247
2006-09-26,-2.456746845463448
2006-09-27,-2.559560965620679
2006-09-28,-2.645619985874519
2006-09-29,-2.714923906224966
2006-09-30,-2.767472726672022
2006-10-01,-2.803266447215685
2006-10-02,-2.822305067855956
2006-10-03,-2.8245885885928357
2006-10-04,-2.8101170094263224
2006-10-05,-2.778890330356417
2006-10-06,-2.73090855138312
2006-10-07,-2.6661716725064317
2006-10-08,-2.584679693726349
2006-10-09,-2.4864326150428764
2006-10-10,-2.371430436456011
2006-10-11,-2.239673157965754
2006-10-12,-2.0911607795721046
2006-10-13,-1.9258933012750628
2006-10-14,-1.743870723074629
2006-10-15,-1.5450930449708034
2006-10-16,-1.3295602669635855
2006-10-17,-1.101177259437425
2006-10-18,-0.8833732446990141
2006-10-19,-0.6800530931328032
2006-10-20,-0.49121680473879126
2006-10-21,-0.3168643795169793
2006-10-22,-0.1569958174673663
2006-10-23,-0.01161111858995241
2006-10-24,0.1192897171152613
2006-10-25,0.23570668964827612
2006-10-26,0.337639799009092
2006-10-27,0.4250890451977075
2006-10-28,0.49805442821412427
2006-10-29,0.5565359480583416
2006-10-30,0.6005336047303593
2006-10-31,0.6300473982301777
2006-11-01,0.6450773285577971
2006-11-02,0.6456233957132167
2006-11-03,0.6316855996964369
2006-11-04,0.6032639405074579
2006-11-05,0.5603584181462793
2006-11-06,0.5029690326129017
2006-11-07,0.4310957839073246
2006-11-08,0.34473867202954755
2006-11-09,0.24389769697957187
2006-11-10,0.12857285875739644
2006-11-11,-0.0012358426369782904
2006-11-12,-0.14552840720355253
2006-11-13,-0.30430483494232563
2006-11-14,-0.4775651258532987
2006-11-15,-0.6653092799364713
2006-11-16,-0.8675372971918427
2006-11-17,-1.0704653937250161
2006-11-18,-1.2603097856415941
2006-11-19,-1.4370704729415757
2006-11-20,-1.600747455624962
2006-11-21,-1.7513407336917515
2006-11-22,-1.8888503071419458
2006-11-23,-2.0132761759755446
2006-11-24,-2.124618340192547
2006-11-25,-2.222876799792954
2006-11-26,-2.308051554776765
2006-11-27,-2.38014260514398
2006-11-28,-2.4391499508945995
2006-11-29,-2.485073592028623
2006-11-30,-2.5179135285460506
2006-12-01,-2.5376697604468825
2006-12-02,-2.544342287731118
2006-12-03,-2.537931110398759
2006-12-04,-2.5184362284498034
2006-12-05,-2.4858576418842517
2006-12-06,-2.440195350702104
2006-12-07,-2.3814493549033613
2006-12-08,-2.3096196544880225
2006-12-09,-2.224706249456087
2006-12-10,-2.1267091398075575
2006-12-11,-2.0156283255424308
2006-12-12,-1.8914638066607088
2006-12-13,-1.75421558316239
2006-12-14,-1.6038836550474764
2006-12-15,-1.4404680223159674
2006-12-16,-1.2639686849678609
2006-12-17,-1.0765987738322618
2006-12-18,-0.8916370738837792
2006-12-19,-0.7112967159515159
2006-12-20,-0.5355777000354711
2006-12-21,-0.36448002613564595
2006-12-22,-0.19800369425203945
2006-12-23,-0.036148704384651884
2006-12-24,0.12108494346651634
2006-12-25,0.27369724930146605
2006-12-26,0.4216882131201971
2006-12-27,0.5650578349227083
2006-12-28,0.703806114709001
2006-12-29,0.8379330524790749
2006-12-30,0.9674386482329296
2006-12-31,1.0923229019705654
2007-01-01,1.212585813691982
2007-01-02,1.3282273833971798
2007-01-03,1.4392476110861585
2007-01-04,1.5456464967589185
2007-01-05,1.6474240404154594
2007-01-06,1.744580242055781
2007-01-07,1.8371151016798843
2007-01-08,1.9250286192877684
2007-01-09,2.0083207948794337
2007-01-10,2.0869916284548795
2007-01-11,2.1610411200141066
2007-01-12,2.2304692695571147
2007-01-13,2.295276077083904
2007-01-14,2.3554615425944743
2007-01-15,2.411025666088825
2007-01-16,2.4619684475669574
2007-01-17,2.508239573321614
2007-01-18,2.5495371611092583
2007-01-19,2.585810897222633
2007-01-20,2.6170607816617393
2007-01-21,2.643286814426576
2007-01-22,2.6644889955171447
2007-01-23,2.6806673249334425
2007-01-24,2.6918218026754723
2007-01-25,2.6979524287432324
2007-01-26,2.6990592031367235
2007-01-27,2.695142125855946
2007-01-28,2.6862011969008996
2007-01-29,2.6722364162715833
2007-01-30,2.6532477839679984
2007-01-31,2.6292352999901443
2007-02-01,2.600198964338021
2007-02-02,2.5661387770116284
2007-02-03,2.5270547380109663
2007-02-04,2.4829468473360365
2007-02-05,2.433815104986837
2007-02-06,2.3796595109633683
2007-02-07,2.3204800652656297
2007-02-08,2.256276767893623
2007-02-09,2.1870496188473467
2007-02-10,2.1127986181268015
2007-02-11,2.0335237657319873
2007-02-12,1.9492250616629039
2007-02-13,1.8599025059195515
2007-02-14,1.7655560985019298
2007-02-15,1.6661858394100393
2007-02-16,1.5637890999545354
2007-02-17,1.460363251446075
2007-02-18,1.3559082938846574
2007-02-19,1.250424227270283
2007-02-20,1.1439110516029516
2007-02-21,1.0363687668826633
2007-02-22,0.9277973731094182
2007-02-23,0.8181968702832163
2007-02-24,0.7075672584040573
2007-02-25,0.5959085374719415
2007-02-26,0.4832207074868685
2007-02-27,0.369503768448839
2007-02-28,0.25475772035785244
2007-03-01,0.1389825632139089
2007-03-02,0.022178297017008686
2007-03-03,-0.09565507823284858
2007-03-04,-0.21451756253566295
2007-03-05,-0.33440915589143394
2007-03-06,-0.4553298583001621
2007-03-07,-0.5772796697618469
2007-03-08,-0.7002585902764886
2007-03-09,-0.8242666198440873
2007-03-10,-0.9493037584646431
2007-03-11,-1.0753700061381557
2007-03-12,-1.202465362864625
2007-03-13,-1.3305898286440514
2007-03-14,-1.4597434034764345
2007-03-15,-1.5899260873617749
2007-03-16,-1.7211378803000719
2007-03-17,-1.852166454006344
2007-03-18,-1.9757378387706999
2007-03-19,-2.0906397063081568
2007-03-20,-2.196872056618715
2007-03-21,-2.2944348897023756
2007-03-22,-2.3833282055591374
2007-03-23,-2.463552004189001
2007-03-24,-2.5351062855919664
2007-03-25,-2.597991049768033
2007-03-26,-2.6522062967172015
2007-03-27,-2.697752026439472
2007-03-28,-2.7346282389348433
2007-03-29,-2.7628349342033163
2007-03-30,-2.782372112244891
2007-03-31,-2.7932397730595677
2007-04-01,-2.7954379166473453
2007-04-02,-2.7889665430082244
2007-04-03,-2.7738256521422056
2007-04-04,-2.750015244049289
2007-04-05,-2.7175353187294733
2007-04-06,-2.6763858761827595
2007-04-07,-2.6265669164091463
2007-04-08,-2.5680784394086356
2007-04-09,-2.500920445181227
2007-04-10,-2.4250929337269187
2007-04-11,-2.3405959050457126
2007-04-12,-2.2474293591376084
2007-04-13,-2.1455932960026054
2007-04-14,-2.035087715640704
2007-04-15,-1.9159126180519044
2007-04-16,-1.7880680032362064
2007-04-17,-1.6569714482584201
2007-04-18,-1.5280405301833557
2007-04-19,-1.4012752490110127
2007-04-20,-1.2766756047413916
2007-04-21,-1.1542415973744926
2007-04-22,-1.033973226910315
2007-04-23,-0.9158704933488594
2007-04-24,-0.7999333966901258
2007-04-25,-0.6861619369341136
2007-04-26,-0.5745561140808234
2007-04-27,-0.4651159281302552
2007-04-28,-0.35784137908240876
2007-04-29,-0.25273246693728374
2007-04-30,-0.14978919169488086
2007-05-01,-0.0490115533551997
2007-05-02,0.04960044808175984
2007-05-03,0.1460468126159974
2007-05-04,0.2403275402475132
2007-05-05,0.3324426309763071
2007-05-06,0.4223920848023795
2007-05-07,0.5101759017257298
2007-05-08,0.5957940817463583
2007-05-09,0.6792466248642653
2007-05-10,0.7605335310794501
2007-05-11,0.8396548003919135
2007-05-12,0.916610432801655
2007-05-13,0.9914004283086744
2007-05-14,1.0640247869129722
2007-05-15,1.1344835086145484
2007-05-16,1.2027765934134025
2007-05-17,1.2688532452202004
2007-05-18,1.3324086874989358
2007-05-19,1.3933921241602742
2007-05-20,1.4518035552042157
2007-05-21,1.5076429806307605
2007-05-22,1.5609104004399073
2007-05-23,1.611605814631658
2007-05-24,1.6597292232060115
2007-05-25,1.7052806261629676
2007-05-26,1.7482600235025274
2007-05-27,1.7886674152246895
2007-05-28,1.8265028013294549
2007-05-29,1.8617661818168236
2007-05-30,1.8944575566867947
2007-05-31,1.924576925939369
2007-06-01,1.9521242895745468
2007-06-02,1.977099647592327
2007-06-03,1.99950299999271
2007-06-04,2.019334346775697
2007-06-05,2.036593687941286
2007-06-06,2.0512810234894787
2007-06-07,2.063396353420274
2007-06-08,2.0729396777336726
2007-06-09,2.079910996429674
2007-06-10,2.084310309508278
2007-06-11,2.086137616969485
2007-06-12,2.085392918813296
2007-06-13,2.082076215039709
2007-06-14,2.0761875056487256
2007-06-15,2.0677267906403447
2007-06-16,2.056694070014567
2007-06-17,2.0438366686954184
2007-06-18,2.029901911606923
2007-06-19,2.014889798749082
2007-06-20,1.9988003301218953
2007-06-21,1.9816335057253622
2007-06-22,1.9633893255594839
2007-06-23,1.9440677896242593
2007-06-24,1.9236688979196885
2007-06-25,1.902192650445772
2007-06-26,1.8796390472025095
2007-06-27,1.8560080881899015
2007-06-28,1.8312997734079475
2007-06-29,1.8055141028566473
2007-06-30,1.778651076536001
2007-07-01,1.7507106944460091
2007-07-02,1.721692956586671
2007-07-03,1.6915978629579875
2007-07-04,1.6604254135599577
2007-07-05,1.6281756083925825
2007-07-06,1.5948484474558604
2007-07-07,1.5604439307497928
2007-07-08,1.5249620582743795
2007-07-09,1.48840283002962
2007-07-10,1.450766246015515
2007-07-11,1.4120523062320638
2007-07-12,1.372261010679267
2007-07-13,1.3313923593571235
2007-07-14,1.2894463522656348
2007-07-15,1.2464229894048002
2007-07-16,1.202322270774619
2007-07-17,1.1577991206664293
2007-07-18,1.1167830848282494
2007-07-19,1.079929087551417
2007-07-20,1.0472371288359315
2007-07-21,1.018707208681793
2007-07-22,0.9943393270890017
2007-07-23,0.9741334840575576
2007-07-24,0.9580896795874603
2007-07-25,0.9462079136787103
2007-07-26,0.9384881863313069
2007-07-27,0.9349304975452511
2007-07-28,0.9355348473205423
2007-07-29,0.9403012356571803
2007-07-30,0.9492296625551655
2007-07-31,0.9623201280144978
2007-08-01,0.9795726320351772
2007-08-02,1.0009871746172037
2007-08-03,1.0265637557605771
2007-08-04,1.0563023754652978
2007-08-05,1.0902030337313655
2007-08-06,1.12826573055878
2007-08-07,1.1704904659475417
2007-08-08,1.2168772398976508
2007-08-09,1.2674260524091068
2007-08-10,1.3221369034819097
2007-08-11,1.3810097931160596
2007-08-12,1.4440447213115568
2007-08-13,1.511241688068401
2007-08-14,1.5826006933865924
2007-08-15,1.6581217372661303
2007-08-16,1.7378048197070162
2007-08-17,1.820184062124692
2007-08-18,1.896464193011822
2007-08-19,1.9651793337838488
2007-08-20,2.026329484440772
2007-08-21,2.0799146449825936
2007-08-22,2.125934815409312
2007-08-23,2.164389995720927
2007-08-24,2.195280185917439
2007-08-25,2.218605385998849
2007-08-26,2.234365595965155
2007-08-27,2.2425608158163595
2007-08-28,2.243191045552461
2007-08-29,2.2362562851734586
2007-08-30,2.2217565346793537
2007-08-31,2.199691794070146
2007-09-01,2.1700620633458363
2007-09-02,2.132867342506423
2007-09-03,2.088107631551906
2007-09-04,2.035782930482287
2007-09-05,1.975893239297565
2007-09-06,1.9084385579977403
2007-09-07,1.8334188865828127
2007-09-08,1.750834225052782
2007-09-09,1.6606845734076487
2007-09-10,1.5629699316474124
2007-09-11,1.4576902997720729
2007-09-12,1.3448456777816316
2007-09-13,1.2244360656760866
2007-09-14,1.0964614634554388
2007-09-15,0.9609218711196882
2007-09-16,0.8178172886688346
2007-09-17,0.6760112632988952
2007-09-18,0.5443673422058862
2007-09-19,0.4228855253898077
2007-09-20,0.3115658128506602
2007-09-21,0.21040820458844328
2007-09-22,0.11941270060315669
2007-09-23,0.038579300894801064
2007-09-24,-0.03209199453662402
2007-09-25,-0.09260118569111883
2007-09-26,-0.14294827256868264
2007-09-27,-0.18313325516931558
2007-09-28,-0.21315613349301837
2007-09-29,-0.23301690753979037
2007-09-30,-0.24271557730963184
2007-10-01,-0.2422521428025425
2007-10-02,-0.23162660401852248
2007-10-03,-0.21083896095757193
2007-10-04,-0.17988921361969068
2007-10-05,-0.138777362004879
2007-10-06,-0.08750340611313634
2007-10-07,-0.02606734594446347
2007-10-08,0.04553081850114027
2007-10-09,0.12729108722367488
2007-10-10,0.21921346022313948
2007-10-11,0.3212979374995353
2007-10-12,0.4335445190528616
2007-10-13,0.5559532048831183
2007-10-14,0.6885239949903058
2007-10-15,0.831256889374424
2007-10-16,0.9841518880354729
2007-10-17,1.1436307089863171
2007-10-18,1.2882236603041477
2007-10-19,1.4143524600018296
2007-10-20,1.5220171080793619
2007-10-21,1.6112176045367457
2007-10-22,1.6819539493739808
2007-10-23,1.7342261425910666
2007-10-24,1.7680341841880034
2007-10-25,1.783378074164791
2007-10-26,1.7802578125214312
2007-10-27,1.758673399257921
2007-10-28,1.718624834374262
2007-10-29,1.660112117870455
2007-10-30,1.5831352497464988
2007-10-31,1.487694230002393
2007-11-01,1.3737890586381385
2007-11-02,1.2414197356537353
2007-11-03,1.0905862610491828
2007-11-04,0.9212886348244822
2007-11-05,0.7335268569796318
2007-11-06,0.5273009275146334
2007-11-07,0.30261084642948566
2007-11-08,0.05945661372418831
2007-11-09,-0.20216177060125728
2007-11-10,-0.4822443065468516
2007-11-11,-0.780790994112595
2007-11-12,-1.097801833298488
2007-11-13,-1.4332768241045284
2007-11-14,-1.7872159665307192
2007-11-15,-2.159619260577058
2007-11-16,-2.550486706243546
2007-11-17,-2.933365361640421
2007-11-18,-3.2818022848779225
2007-11-19,-3.595797475956047
2007-11-20,-3.8753509348747976
2007-11-21,-4.120462661634172
2007-11-22,-4.331132656234174
2007-11-23,-4.5073609186748005
2007-11-24,-4.64914744895605
2007-11-25,-4.756492247077927
2007-11-26,-4.829395313040428
2007-11-27,-4.8678566468435545
2007-11-28,-4.871876248487307
2007-11-29,-4.841454117971683
2007-11-30,-4.776590255296686
2007-12-01,-4.677284660462313
2007-12-02,-4.543537333468564
2007-12-03,-4.375348274315441
2007-12-04,-4.172717483002945
2007-12-05,-3.935644959531072
2007-12-06,-3.664130703899823
2007-12-07,-3.3581747161092013
2007-12-08,-3.0177769961592054
2007-12-09,-2.642937544049832
2007-12-10,-2.233656359781086
2007-12-11,-1.7899334433529646
2007-12-12,-1.3117687947654693
2007-12-13,-0.7991624140185971
2007-12-14,-0.25211430111235167
2007-12-15,0.3293755439532706
2007-12-16,0.9453071211782662
2007-12-17,1.5864998111778028
2007-12-18,2.1978698976428763
2007-12-19,2.770236761188654
2007-12-20,3.3036004018151357
2007-12-21,3.79796081952232
2007-12-22,4.253318014310205
2007-12-23,4.6696719861787965
2007-12-24,5.04702273512809
2007-12-25,5.385370261158087
2007-12-26,5.684714564268786
2007-12-27,5.945055644460192
2007-12-28,6.166393501732298
2007-12-29,6.348728136085109
2007-12-30,6.492059547518621
2007-12-31,6.596387736032837
2008-01-01,6.661712701627757
2008-01-02,6.68803444430338
2008-01-03,6.675352964059706
2008-01-04,6.6236682608967365
2008-01-05,6.53298033481447
2008-01-06,6.403289185812903
2008-01-07,6.234594813892045
2008-01-08,6.026897219051889
2008-01-09,5.780196401292433
2008-01-10,5.494492360613683
2008-01-11,5.169785097015636
2008-01-12,4.806074610498291
2008-01-13,4.40336090106165
2008-01-14,3.9616439687057126
2008-01-15,3.480923813430478
2008-01-16,2.9612004352359476
2008-01-17,2.411918112491716
2008-01-18,1.8897425154153675
2008-01-19,1.4041179223764995
2008-01-20,0.9550443333751122
2008-01-21,0.542521748411204
2008-01-22,0.1665501674847776
2008-01-23,-0.17287040940417106
2008-01-24,-0.47573998225563835
2008-01-25,-0.7420585510696267
2008-01-26,-0.9718261158461344
2008-01-27,-1.165042676585161
2008-01-28,-1.32170823328671
2008-01-29,-1.441822785950777
2008-01-30,-1.525386334577365
2008-01-31,-1.5723988791664725
2008-02-01,-1.5828604197181009
2008-02-02,-1.5567709562322491
2008-02-03,-1.494130488708916
2008-02-04,-1.3949390171481042
2008-02-05,-1.2591965415498119
2008-02-06,-1.0869030619140396
2008-02-07,-0.878058578240787
2008-02-08,-0.6326630905300545
2008-02-09,-0.3507165987818426
2008-02-10,-0.032219102996149385
2008-02-11,0.32282939682702194
2008-02-12,0.7144289006876741
2008-02-13,1.142579408585807
2008-02-14,1.6072809205214194
2008-02-15,2.108533436494512
2008-02-16,2.636929619772994
2008-02-17,3.1360254499643325
2008-02-18,3.596413590336433
2008-02-19,4.0180940408893
2008-02-20,4.401066801622932
2008-02-21,4.745331872537328
2008-02-22,5.05088925363249
2008-02-23,5.317738944908416
2008-02-24,5.545880946365107
2008-02-25,5.735315258002562
2008-02-26,5.886041879820781
2008-02-27,5.998060811819768
2008-02-28,6.071372053999516
2008-02-29,6.1059756063600314
2008-03-01,6.101871468901312
2008-03-02,6.059059641623356
2008-03-03,5.977540124526164
2008-03-04,5.857312917609738
2008-03-05,5.6983780208740775
2008-03-06,5.50073543431918
2008-03-07,5.26438515794505
2008-03-08,4.989327191751682
2008-03-09,4.67556153573908
2008-03-10,4.323088189907243
2008-03-11,3.9319071542561703
2008-03-12,3.5020184287858624
2008-03-13,3.0334220134963203
2008-03-14,2.526117908387543
2008-03-15,1.9801061134595277
2008-03-16,1.3953866287122798
2008-03-17,0.7799578692135372
2008-03-18,0.18181032536974348
2008-03-19,-0.3910575877513614
2008-03-20,-0.9386458701497747
2008-03-21,-1.4609545218254987
2008-03-22,-1.9579835427785326
2008-03-23,-2.429732933008878
2008-03-24,-2.876202692516532
2008-03-25,-3.297392821301497
2008-03-26,-3.693303319363771
2008-03-27,-4.0639341867033565
2008-03-28,-4.409285423320251
2008-03-29,-4.729357029214457
2008-03-30,-5.02414900438597
2008-03-31,-5.293661348834797
2008-04-01,-5.537894062560932
2008-04-02,-5.756847145564377
2008-04-03,-5.950520597845133
2008-04-04,-6.118914419403199
2008-04-05,-6.262028610238574
2008-04-06,-6.3798631703512605
2008-04-07,-6.472418099741256
2008-04-08,-6.539693398408563
2008-04-09,-6.581689066353178
2008-04-10,-6.5984051035751055
2008-04-11,-6.589841510074342
2008-04-12,-6.5559982858508885
2008-04-13,-6.496875430904746
2008-04-14,-6.412472945235912
2008-04-15,-6.302790828844389
2008-04-16,-6.167829081730176
2008-04-17,-6.020415817108122
2008-04-18,-5.873379148193076
2008-04-19,-5.726719074985039
2008-04-20,-5.5804355974840085
2008-04-21,-5.434528715689987
2008-04-22,-5.288998429602973
2008-04-23,-5.143844739222968
2008-04-24,-4.99906764454997
2008-04-25,-4.8546671455839805
2008-04-26,-4.710643242324999
2008-04-27,-4.566995934773026
2008-04-28,-4.423725222928061
2008-04-29,-4.280831106790102
2008-04-30,-4.138313586359155
2008-05-01,-3.996172661635213
2008-05-02,-3.854408332618279
2008-05-03,-3.7130205993083543
2008-05-04,-3.5720094617054374
2008-05-05,-3.4313749198095285
2008-05-06,-3.291116973620627
2008-05-07,-3.151235623138734
2008-05-08,-3.011730868363849
2008-05-09,-2.8726027092959723
2008-05-10,-2.733851145935104
2008-05-11,-2.5954761782812428
2008-05-12,-2.4574778063343903
2008-05-13,-2.319856030094545
2008-05-14,-2.1826108495617085
2008-05-15,-2.04574226473588
2008-05-16,-1.9092502756170595
2008-05-17,-1.7738408780839534
2008-05-18,-1.6437500474087974
2008-05-19,-1.5196837794702989
2008-05-20,-1.4016420742684563
2008-05-21,-1.2896249318032713
2008-05-22,-1.1836323520747425
2008-05-23,-1.0836643350828705
2008-05-24,-0.9897208808276559
2008-05-25,-0.9018019893090972
2008-05-26,-0.8199076605271955
2008-05-27,-0.744037894481951
2008-05-28,-0.6741926911733629
2008-05-29,-0.6103720506014317
2008-05-30,-0.5525759727661572
2008-05-31,-0.5008044576675397
2008-06-01,-0.4550575053055786
2008-06-02,-0.4153351156802745
2008-06-03,-0.38163728879162717
2008-06-04,-0.3539640246396365
2008-06-05,-0.3323153232243027
2008-06-06,-0.3166911845456256
2008-06-07,-0.30709160860360524
2008-06-08,-0.30351659539824183
2008-06-09,-0.3059661449295351
2008-06-10,-0.3144402571974851
2008-06-11,-0.3289389322020919
2008-06-12,-0.3494621699433555
2008-06-13,-0.37600997042127576
2008-06-14,-0.40858233363585295
2008-06-15,-0.4471792595870868
2008-06-16,-0.49180074827497744
2008-06-17,-0.5395198980843696
2008-06-18,-0.5874098074001077
2008-06-19,-0.6354704762221921
2008-06-20,-0.6837019045506225
2008-06-21,-0.7321040923853989
2008-06-22,-0.7806770397265216
2008-06-23,-0.8294207465739902
2008-06-24,-0.8783352129278051
2008-06-25,-0.927420438787966
2008-06-26,-0.9766764241544731
2008-06-27,-1.0261031690273261
2008-06-28,-1.0757006734065255
2008-06-29,-1.1254689372920708
2008-06-30,-1.1754079606839625
2008-07-01,-1.2255177435821998
2008-07-02,-1.2757982859867834
2008-07-03,-1.3262495878977134
2008-07-04,-1.3768716493149888
2008-07-05,-1.4276644702386112
2008-07-06,-1.4786280506685792
2008-07-07,-1.5297623906048932
2008-07-08,-1.5810674900475536
2008-07-09,-1.6325433489965597
2008-07-10,-1.6841899674519123
2008-07-11,-1.736007345413611
2008-07-12,-1.7879954828816556
2008-07-13,-1.8401543798560462
2008-07-14,-1.8924840363367834
2008-07-15,-1.9449844523238666
2008-07-16,-1.9976556278172954
2008-07-17,-2.048721571857298
2008-07-18,-2.0875263386852367
2008-07-19,-2.11229393734134
2008-07-20,-2.1230243678256064
2008-07-21,-2.1197176301380374
2008-07-22,-2.102373724278632
2008-07-23,-2.0709926502473905
2008-07-24,-2.025574408044312
2008-07-25,-1.9661189976693982
2008-07-26,-1.8926264191226478
2008-07-27,-1.8050966724040616
2008-07-28,-1.7035297575136399
2008-07-29,-1.5879256744513808
2008-07-30,-1.458284423217286
2008-07-31,-1.3146060038113552
2008-08-01,-1.1568904162335885
2008-08-02,-0.985137660483985
2008-08-03,-0.7993477365625459
2008-08-04,-0.5995206444692702
2008-08-05,-0.38565638420415893
2008-08-06,-0.1577549557672111
2008-08-07,0.0841836408415726
2008-08-08,0.3401594056221926
2008-08-09,0.6101723385746491
2008-08-10,0.8942224396989411
2008-08-11,1.1923097089950698
2008-08-12,1.5044341464630342
2008-08-13,1.830595752102835
2008-08-14,2.170794525914472
2008-08-15,2.5250304678979454
2008-08-16,2.8933035780532546
2008-08-17,3.2714412609578263
2008-08-18,3.6344079440762274
2008-08-19,3.978031031985881
2008-08-20,4.3023105246867885
2008-08-21,4.607246422178953
2008-08-22,4.89283872446237
2008-08-23,5.159087431537042
2008-08-24,5.4059925434029665
2008-08-25,5.633554060060148
2008-08-26,5.841771981508583
2008-08-27,6.030646307748271
2008-08-28,6.200177038779219
2008-08-29,6.350364174601415
2008-08-30,6.481207715214866
2008-08-31,6.592707660619573
2008-09-01,6.684864010815536
2008-09-02,6.757676765802752
2008-09-03,6.811145925581221
2008-09-04,6.845271490150948
2008-09-05,6.860053459511925
2008-09-06,6.855491833664159
2008-09-07,6.831586612607646
2008-09-08,6.78833779634239
2008-09-09,6.725745384868386
2008-09-10,6.643809378185637
2008-09-11,6.542529776294141
2008-09-12,6.4219065791939025
2008-09-13,6.281939786884918
2008-09-14,6.122629399367185
2008-09-15,5.943975416640709
2008-09-16,5.745977838705485
2008-09-17,5.539435495653516
2008-09-18,5.335147217576794
2008-09-19,5.13311300447532
2008-09-20,4.933332856349097
2008-09-21,4.735806773198122
2008-09-22,4.540534755022397
2008-09-23,4.347516801821921
2008-09-24,4.1567529135966925
2008-09-25,3.968243090346714
2008-09-26,3.781987332071984
2008-09-27,3.5979856387725038
2008-09-28,3.4162380104482724
2008-09-29,3.23674444709929
2008-09-30,3.059504948725557
2008-10-01,2.8845195153270726
2008-10-02,2.711788146903837
2008-10-03,2.5413108434558502
2008-10-04,2.3730876049831133
2008-10-05,2.207118431485625
2008-10-06,2.043403322963386
2008-10-07,1.881942279416396
2008-10-08,1.7227353008446544
2008-10-09,1.5657823872481624
2008-10-10,1.4110835386269198
2008-10-11,1.2586387549809253
2008-10-12,1.1084480363101805
2008-10-13,0.9605113826146846
2008-10-14,0.8148287938944375
2008-10-15,0.6714002701494398
2008-10-16,0.5302258113796906
2008-10-17,0.3914895714024718
2008-10-18,0.25629647312146875
2008-10-19,0.12483067035396261
2008-10-20,-0.002907836900046975
2008-10-21,-0.12691904864055917
2008-10-22,-0.24720296486757493
2008-10-23,-0.36375958558109417
2008-10-24,-0.4765889107811161
2008-10-25,-0.5856909404676414
2008-10-26,-0.69106567464067
2008-10-27,-0.7927131133002014
2008-10-28,-0.8906332564462365
2008-10-29,-0.9848261040787746
2008-10-30,-1.0752916561978159
2008-10-31,-1.1620299128033602
2008-11-01,-1.245040873895408
2008-11-02,-1.3243245394739585
2008-11-03,-1.3998809095390123
2008-11-04,-1.4717099840905696
2008-11-05,-1.5398117631286299
2008-11-06,-1.604186246653193
2008-11-07,-1.66483343466426
2008-11-08,-1.7217533271618297
2008-11-09,-1.7749459241459027
2008-11-10,-1.8244112256164788
2008-11-11,-1.8701492315735586
2008-11-12,-1.9121599420171411
2008-11-13,-1.9504433569472268
2008-11-14,-1.9849994763638161
2008-11-15,-2.0158283002669077
2008-11-16,-2.0429298286565034
2008-11-17,-2.066716919964929
2008-11-18,-2.0876024326245135
2008-11-19,-2.1055863666352557
2008-11-20,-2.120668721997156
2008-11-21,-2.1328494987102142
2008-11-22,-2.1421286967744306
2008-11-23,-2.1485063161898053
2008-11-24,-2.1519823569563377
2008-11-25,-2.152556819074028
2008-11-26,-2.150229702542877
2008-11-27,-2.1450010073628842
2008-11-28,-2.136870733534049
2008-11-29,-2.125838881056372
2008-11-30,-2.111905449929854
2008-12-01,-2.095070440154493
2008-12-02,-2.07533385173029
2008-12-03,-2.0526956846572455
2008-12-04,-2.0271559389353593
2008-12-05,-1.9987146145646313
2008-12-06,-1.9673717115450604
2008-12-07,-1.9331272298766482
2008-12-08,-1.8959811695593947
2008-12-09,-1.8559335305932985
2008-12-10,-1.8129843129783612
2008-12-11,-1.7671335167145814
2008-12-12,-1.7183811418019597
2008-12-13,-1.6667271882404957
2008-12-14,-1.6121716560301909
2008-12-15,-1.5547145451710436
2008-12-16,-1.4943558556630538
2008-12-17,-1.4318923113114623
2008-12-18,-1.372104254947704
2008-12-19,-1.3157884103770192
2008-12-20,-1.2629447775994072
2008-12-21,-1.213573356614868
2008-12-22,-1.167674147423402
2008-12-23,-1.125247150025009
2008-12-24,-1.0862923644196893
2008-12-25,-1.0508097906074423
2008-12-26,-1.0187994285882682
2008-12-27,-0.9902612783621674
2008-12-28,-0.9651953399291398
2008-12-29,-0.9436016132891849
2008-12-30,-0.9254800984423031
2008-12-31,-0.9108307953884942
2009-01-01,-0.8996537041277585
2009-01-02,-0.8919488246600958
2009-01-03,-0.8877161569855061
2009-01-04,-0.8869557011039896
2009-01-05,-0.889667457015546
2009-01-06,-0.8958514247201752
2009-01-07,-0.9055076042178777
2009-01-08,-0.9186359955086532
2009-01-09,-0.9352365985925017
2009-01-10,-0.9553094134694233
2009-01-11,-0.9788544401394177
2009-01-12,-1.0058716786024853
2009-01-13,-1.0363611288586259
2009-01-14,-1.0703227909078397
2009-01-15,-1.107756664750126
2009-01-16,-1.148662750385486
2009-01-17,-1.1923081486843141
2009-01-18,-1.2342954648689854
2009-01-19,-1.2738917998098949
2009-01-20,-1.3110971535070433
2009-01-21,-1.3459115259604297
2009-01-22,-1.3783349171700552
2009-01-23,-1.408367327135918
2009-01-24,-1.4360087558580203
2009-01-25,-1.4612592033363605
2009-01-26,-1.4841186695709392
2009-01-27,-1.504587154561757
2009-01-28,-1.5226646583088128
2009-01-29,-1.538351180812107
2009-01-30,-1.55164672207164
2009-01-31,-1.5625512820874112
2009-02-01,-1.5710648608594209
2009-02-02,-1.5771874583876688
2009-02-03,-1.5809190746721553
2009-02-04,-1.5822597097128805
2009-02-05,-1.581209363509844
2009-02-06,-1.5777680360630462
2009-02-07,-1.5719357273724865
2009-02-08,-1.5637124374381655
2009-02-09,-1.5530981662600827
2009-02-10,-1.5400929138382387
2009-02-11,-1.524696680172633
2009-02-12,-1.5069094652632657
2009-02-13,-1.4867312691101369
2009-02-14,-1.4641620917132467
2009-02-15,-1.439201933072595
2009-02-16,-1.4122697609144828
2009-02-17,-1.3837845429652114
2009-02-18,-1.353746279224781
2009-02-19,-1.3221549696931916
2009-02-20,-1.2890106143704427
2009-02-21,-1.254313213256535
2009-02-22,-1.2180627663514683
2009-02-23,-1.1802592736552424
2009-02-24,-1.1409027351678571
2009-02-25,-1.099993150889313
2009-02-26,-1.0575305208196093
2009-02-27,-1.0135148449587468
2009-02-28,-0.9679461233067252
2009-03-01,-0.9208243558635444
2009-03-02,-0.8721495426292045
2009-03-03,-0.8219216836037054
2009-03-04,-0.7701407787870471
2009-03-05,-0.7168068281792298
2009-03-06,-0.6619198317802536
2009-03-07,-0.6054797895901178
2009-03-08,-0.5474867016088233
2009-03-09,-0.4879405678363693
2009-03-10,-0.4268413882727566
2009-03-11,-0.3641891629179845
2009-03-12,-0.2999838917720533
2009-03-13,-0.23422557483496292
2009-03-14,-0.16691421210671337
2009-03-15,-0.09804980358730492
2009-03-16,-0.02763234927673719
2009-03-17,0.04392472702670246
2009-03-18,0.1141408825332912
2009-03-19,0.18260269344474164
2009-03-20,0.24931015976105392
2009-03-21,0.31426328148222826
2009-03-22,0.37746205860826443
2009-03-23,0.43890649113916236
2009-03-24,0.49859657907492205
2009-03-25,0.5565323224155437
2009-03-26,0.6127137211610273
2009-03-27,0.6671407753113727
2009-03-28,0.71981348486658
2009-03-29,0.7707318498266489
2009-03-30,0.8198958701915798
2009-03-31,0.8673055459613728
2009-04-01,0.9129608771360272
2009-04-02,0.9568618637155437
2009-04-03,0.999008505699922
2009-04-04,1.0394008030891624
2009-04-05,1.0780387558832643
2009-04-06,1.1149223640822283
2009-04-07,1.1500516276860537
2009-04-08,1.1834265466947418
2009-04-09,1.215047121108291
2009-04-10,1.2449133509267023
2009-04-11,1.2730252361499756
2009-04-12,1.2993827767781108
2009-04-13,1.3239859728111072
2009-04-14,1.3468348242489663
2009-04-15,1.3679293310916867
2009-04-16,1.387269493339269
2009-04-17,1.4041346119113411
2009-04-18,1.4178039877275317
2009-04-19,1.428277620787839
2009-04-20,1.4355555110922644
2009-04-21,1.4396376586408075
2009-04-22,1.4405240634334684
2009-04-23,1.4382147254702473
2009-04-24,1.4327096447511434
2009-04-25,1.4240088212761575
2009-04-26,1.4121122550452896
2009-04-27,1.397019946058539
2009-04-28,1.3787318943159064
2009-04-29,1.3572480998173913
2009-04-30,1.3325685625629942
2009-05-01,1.3046932825527149
2009-05-02,1.2736222597865525
2009-05-03,1.2393554942645089
2009-05-04,1.2018929859865826
2009-05-05,1.161234734952774
2009-05-06,1.1173807411630832
2009-05-07,1.07033100461751
2009-05-08,1.0200855253160546
2009-05-09,0.9666443032587171
2009-05-10,0.9100073384454973
2009-05-11,0.8501746308763949
2009-05-12,0.7871461805514104
2009-05-13,0.7209219874705438
2009-05-14,0.6515020516337949
2009-05-15,0.5788863730411637
2009-05-16,0.5030749516926502
2009-05-17,0.42506200777391057
2009-05-18,0.3508128623988819
2009-05-19,0.28132173575322034
2009-05-20,0.21658862783692584
2009-05-21,0.15661353864999855
2009-05-22,0.10139646819243826
2009-05-23,0.05093741646424487
2009-05-24,0.005236383465418937
2009-05-25,-0.03570663080404009
2009-05-26,-0.0718916263441321
2009-05-27,-0.10331860315485684
2009-05-28,-0.12998756123621458
2009-05-29,-0.1518985005882053
2009-05-30,-0.16905142121082878
2009-05-31,-0.18144632310408526
2009-06-01,-0.1890832062679747
2009-06-02,-0.19196207070249693
2009-06-03,-0.19008291640765201
2009-06-04,-0.18344574338344008
2009-06-05,-0.1720505516298611
2009-06-06,-0.1558973411469151
2009-06-07,-0.13498611193460192
2009-06-08,-0.10931686399292145
2009-06-09,-0.07888959732187417
2009-06-10,-0.04370431192145974
2009-06-11,-0.0037610077916780393
2009-06-12,0.040940315067470534
2009-06-13,0.09039965665598615
2009-06-14,0.14461701697386914
2009-06-15,0.20359239602111906
2009-06-16,0.2673257937977361
2009-06-17,0.3310242272531834
2009-06-18,0.38989471333692444
2009-06-19,0.4439372520489588
2009-06-20,0.49315184338928675
2009-06-21,0.5375384873579081
2009-06-22,0.5770971839548233
2009-06-23,0.6118279331800318
2009-06-24,0.6417307350335338
2009-06-25,0.6668055895153296
2009-06-26,0.6870524966254188
2009-06-27,0.7024714563638015
2009-06-28,0.7130624687304778
2009-06-29,0.7188255337254476
2009-06-30,0.7197606513487111
2009-07-01,0.715867821600268
2009-07-02,0.7071470444801182
2009-07-03,0.6935983199882623
2009-07-04,0.6752216481246998
2009-07-05,0.6520170288894309
2009-07-06,0.6239844622824553
2009-07-07,0.5911239483037733
2009-07-08,0.5534354869533853
2009-07-09,0.5109190782312902
2009-07-10,0.46357472213748924
2009-07-11,0.41140241867198146
2009-07-12,0.35440216783476747
2009-07-13,0.2925739696258465
2009-07-14,0.22591782404521965
2009-07-15,0.15443373109288605
2009-07-16,0.0781216907688459
2009-07-17,-0.00161242686953282
2009-07-18,-0.07633340147804427
2009-07-19,-0.14463536299932092
2009-07-20,-0.2065183114333624
2009-07-21,-0.261982246780169
2009-07-22,-0.31102716903974065
2009-07-23,-0.3536530782120773
2009-07-24,-0.3898599742971788
2009-07-25,-0.4196478572950455
2009-07-26,-0.4430167272056771
2009-07-27,-0.4599665840290739
2009-07-28,-0.47049742776523584
2009-07-29,-0.47460925841416246
2009-07-30,-0.47230207597585416
2009-07-31,-0.46357588045031095
2009-08-01,-0.4484306718375328
2009-08-02,-0.4268664501375198
2009-08-03,-0.3988832153502717
2009-08-04,-0.3644809674757885
2009-08-05,-0.32365970651407056
2009-08-06,-0.27641943246511747
2009-08-07,-0.22276014532892952
2009-08-08,-0.16268184510550643
2009-08-09,-0.09618453179484854
2009-08-10,-0.02326820539695562
2009-08-11,0.05606713408817221
2009-08-12,0.14182148666053518
2009-08-13,0.23399485232013295
2009-08-14,0.33258723106696575
2009-08-15,0.4375986229010336
2009-08-16,0.5490290278223364
2009-08-17,0.664397671526104
2009-08-18,0.7688199081837169
2009-08-19,0.8598149634904042
2009-08-20,0.9373828374461659
2009-08-21,1.001523530051003
2009-08-22,1.052237041304915
2009-08-23,1.089523371207901
2009-08-24,1.1133825197599623
2009-08-25,1.1238144869610984
2009-08-26,1.1208192728113089
2009-08-27,1.1043968773105948
2009-08-28,1.0745473004589552
2009-08-29,1.0312705422563901
2009-08-30,0.9745666027029003
2009-08-31,0.9044354817984844
2009-09-01,0.8208771795431441
2009-09-02,0.7238916959368783
2009-09-03,0.6134790309796871
2009-09-04,0.4896391846715711
2009-09-05,0.35237215701252955
2009-09-06,0.201677948002563
2009-09-07,0.03755655764167121
2009-09-08,-0.13999201407014605
2009-09-09,-0.33096776713288856
2009-09-10,-0.5353707015465559
2009-09-11,-0.7532008173111491
2009-09-12,-0.9844581144266666
2009-09-13,-1.2291425928931097
2009-09-14,-1.4872542527104786
2009-09-15,-1.7587930938787724
2009-09-16,-2.043759116397991
2009-09-17,-2.3254220237337715
2009-09-18,-2.587051519351753
2009-09-19,-2.8286476032519317
2009-09-20,-3.05021027543431
2009-09-21,-3.2517395358988868
2009-09-22,-3.4332353846456636
2009-09-23,-3.5946978216746404
2009-09-24,-3.7361268469858144
2009-09-25,-3.8575224605791893
2009-09-26,-3.9588846624547624
2009-09-27,-4.040213452612534
2009-09-28,-4.101508831052506
2009-09-29,-4.142770797774676
2009-09-30,-4.163999352779046
2009-10-01,-4.165194496065616
2009-10-02,-4.146356227634382
2009-10-03,-4.107484547485351
2009-10-04,-4.0485794556185155
2009-10-05,-3.9696409520338807
2009-10-06,-3.870669036731446
2009-10-07,-3.7516637097112095
2009-10-08,-3.612624970973171
2009-10-09,-3.4535528205173334
2009-10-10,-3.274447258343695
2009-10-11,-3.075308284452255
2009-10-12,-2.8561358988430134
2009-10-13,-2.6169301015159716
2009-10-14,-2.357690892471129
2009-10-15,-2.0784182717084856
2009-10-16,-1.7791122392280412
2009-10-17,-1.4645210158618065
2009-10-18,-1.1631339266018434
2009-10-19,-0.8796991922801642
2009-10-20,-0.6142168128967672
2009-10-21,-0.3666867884516537
2009-10-22,-0.13710911894482242
2009-10-23,0.07451619562372658
2009-10-24,0.26818915525399156
2009-10-25,0.4439097599459746
2009-10-26,0.6016780096996747
2009-10-27,0.7414939045150913
2009-10-28,0.8633574443922258
2009-10-29,0.9672686293310774
2009-10-30,1.0532274593316462
2009-10-31,1.1212339343939317
2009-11-01,1.1712880545179345
2009-11-02,1.2033898197036552
2009-11-03,1.217539229951092
2009-11-04,1.2137362852602465
2009-11-05,1.1919809856311185
2009-11-06,1.1522733310637079
2009-11-07,1.094613321558014
2009-11-08,1.0190009571140368
2009-11-09,0.925436237731778
2009-11-10,0.8139191634112353
2009-11-11,0.6844497341524103
2009-11-12,0.5370279499553021
2009-11-13,0.3716538108199119
2009-11-14,0.18832731674623826
2009-11-15,-0.012951532265718546
2009-11-16,-0.23218273621595764
2009-11-17,-0.4554237323246316
2009-11-18,-0.6687319578118921
2009-11-19,-0.8721074126777387
2009-11-20,-1.0655500969221723
2009-11-21,-1.2490600105451921
2009-11-22,-1.4226371535467988
2009-11-23,-1.5862815259269913
2009-11-24,-1.739993127685771
2009-11-25,-1.883771958823137
2009-11-26,-2.0176180193390896
2009-11-27,-2.1415313092336286
2009-11-28,-2.255511828506754
2009-11-29,-2.3595595771584663
2009-11-30,-2.4536745551887646
2009-12-01,-2.53785676259765
2009-12-02,-2.612106199385121
2009-12-03,-2.6764228655511797
2009-12-04,-2.730806761095824
2009-12-05,-2.775257886019056
2009-12-06,-2.809776240320873
2009-12-07,-2.8343618240012765
2009-12-08,-2.849014637060268
2009-12-09,-2.853734679497845
2009-12-10,-2.848521951314009
2009-12-11,-2.8333764525087597
2009-12-12,-2.8082981830820968
2009-12-13,-2.7732871430340187
2009-12-14,-2.7283433323645294
2009-12-15,-2.673466751073626
2009-12-16,-2.608657399161308
2009-12-17,-2.535221895109125
2009-12-18,-2.4609999498063573
2009-12-19,-2.3872981817345535
2009-12-20,-2.3141165908937134
2009-12-21,-2.2414551772838367
2009-12-22,-2.169313940904923
2009-12-23,-2.0976928817569735
2009-12-24,-2.0265919998399866
2009-12-25,-1.9560112951539637
2009-12-26,-1.8859507676989036
2009-12-27,-1.8164104174748075
2009-12-28,-1.7473902444816747
2009-12-29,-1.6788902487195054
2009-12-30,-1.6109104301882993
2009-12-31,-1.5434507888880569
2010-01-01,-1.4765113248187778
2010-01-02,-1.410092037980462
2010-01-03,-1.34419292837311
2010-01-04,-1.2788139959967213
2010-01-05,-1.213955240851296
2010-01-06,-1.1496166629368338
2010-01-07,-1.0857982622533355
2010-01-08,-1.0225000388008005
2010-01-09,-0.959721992579229
2010-01-10,-0.8974641235886209
2010-01-11,-0.8357264318289763
2010-01-12,-0.774508917300295
2010-01-13,-0.7138115800025772
2010-01-14,-0.6536344199358228
2010-01-15,-0.5939774371000318
2010-01-16,-0.5348406314952043
2010-01-17,-0.4758142307248009
2010-01-18,-0.4144396004095845
2010-01-19,-0.35030696815301576
2010-01-20,-0.28341633395509463
2010-01-21,-0.2137676978158213
2010-01-22,-0.14136105973519547
2010-01-23,-0.06619641971321734
2010-01-24,0.011726222250113105
2010-01-25,0.09240686615479582
2010-01-26,0.17584551200083093
2010-01-27,0.2620421597882183
2010-01-28,0.35099680951695816
2010-01-29,0.44270946118705023
2010-01-30,0.5371801147984948
2010-01-31,0.6344087703512916
2010-02-01,0.7343954278454407
2010-02-02,0.8371400872809421
2010-02-03,0.9426427486577958
2010-02-04,1.050903411976002
2010-02-05,1.1619220772355607
2010-02-06,1.2756987444364716
2010-02-07,1.3922334135787349
2010-02-08,1.51152608466235
2010-02-09,1.633576757687318
2010-02-10,1.758385432653638
2010-02-11,1.8859521095613108
2010-02-12,2.0162767884103356
2010-02-13,2.1493594692007125
2010-02-14,2.2852001519324423
2010-02-15,2.423798836605524
2010-02-16,2.557934090150859
2010-02-17,2.6803844794993474
2010-02-18,2.7911500046509894
2010-02-19,2.8902306656057855
2010-02-20,2.9776264623637347
2010-02-21,3.053337394924838
2010-02-22,3.1173634632890947
2010-02-23,3.1697046674565055
2010-02-24,3.2103610074270694
2010-02-25,3.2393324832007875
2010-02-26,3.256619094777659
2010-02-27,3.262220842157684
2010-02-28,3.2561377253408628
2010-03-01,3.2383697443271955
2010-03-02,3.208916899116682
2010-03-03,3.1677791897093215
2010-03-04,3.1149566161051148
2010-03-05,3.050449178304062
2010-03-06,2.9742568763061628
2010-03-07,2.8863797101114166
2010-03-08,2.7868176797198254
2010-03-09,2.675570785131386
2010-03-10,2.552639026346102
2010-03-11,2.4180224033639712
2010-03-12,2.271720916184994
2010-03-13,2.1137345648091697
2010-03-14,1.9440633492364996
2010-03-15,1.7627072694669836
2010-03-16,1.569666325500621
2010-03-17,1.3675646596303108
2010-03-18,1.1721471256134477
2010-03-19,0.9860378657429303
2010-03-20,0.8092368800187587
2010-03-21,0.6417441684409325
2010-03-22,0.4835597310094522
2010-03-23,0.3346835677243178
2010-03-24,0.195115678585529
2010-03-25,0.0648560635930859
2010-03-26,-0.05609527725301178
2010-03-27,-0.16773834395276324
2010-03-28,-0.27007313650616915
2010-03-29,-0.36309965491322893
2010-03-30,-0.4468178991739432
2010-03-31,-0.521227869288312
2010-04-01,-0.5863295652563345
2010-04-02,-0.6421229870780116
2010-04-03,-0.6886081347533429
2010-04-04,-0.7257850082823287
2010-04-05,-0.7536536076649687
2010-04-06,-0.7722139329012627
2010-04-07,-0.781465983991211
2010-04-08,-0.7814097609348137
2010-04-09,-0.7720452637320707
2010-04-10,-0.7533724923829818
2010-04-11,-0.7253914468875472
2010-04-12,-0.688102127245767
2010-04-13,-0.6415045334576408
2010-04-14,-0.585598665523169
2010-04-15,-0.5203845234423513
2010-04-16,-0.44586210721518804
2010-04-17,-0.36661672243029303
2010-04-18,-0.2872336746762804
2010-04-19,-0.20771296395314975
2010-04-20,-0.12805459026090182
2010-04-21,-0.04825855359953613
2010-04-22,0.0316751460309473
2010-04-23,0.11174650863054833
2010-04-24,0.19195553419926714
2010-04-25,0.2723022227371038
2010-04-26,0.3527865742440578
2010-04-27,0.4334085887201295
2010-04-28,0.514168266165319
2010-04-29,0.5950656065796263
2010-04-30,0.676100609963051
2010-05-01,0.7572732763155935
2010-05-02,0.8385836056372538
2010-05-03,0.9200315979280317
2010-05-04,1.001617253187927
2010-05-05,1.0833405714169402
2010-05-06,1.1652015526150714
2010-05-07,1.24720019678232
2010-05-08,1.329336503918686
2010-05-09,1.4116104740241702
2010-05-10,1.4940221070987716
2010-05-11,1.576571403142491
2010-05-12,1.6592583621553283
2010-05-13,1.7420829841372825
2010-05-14,1.8250452690883547
2010-05-15,1.908145217008545
2010-05-16,1.9913828278978523
2010-05-17,2.0737987077490203
2010-05-18,2.1496364925185065
2010-05-19,2.2179367881990526
2010-05-20,2.2786995947906594
2010-05-21,2.331924912293326
2010-05-22,2.377612740707053
2010-05-23,2.415763080031841
2010-05-24,2.4463759302676893
2010-05-25,2.469451291414597
2010-05-26,2.4849891634725667
2010-05-27,2.4929895464415956
2010-05-28,2.4934524403216853
2010-05-29,2.4863778451128353
2010-05-30,2.471765760815046
2010-05-31,2.449616187428316
2010-06-01,2.419929124952648
2010-06-02,2.382704573388039
2010-06-03,2.3379425327344916
2010-06-04,2.285643002992004
2010-06-05,2.2258059841605764
2010-06-06,2.1584314762402097
2010-06-07,2.0835194792309033
2010-06-08,2.001069993132657
2010-06-09,1.9110830179454714
2010-06-10,1.8135585536693464
2010-06-11,1.7084966003042814
2010-06-12,1.595897157850277
2010-06-13,1.475760226307333
2010-06-14,1.3480858056754492
2010-06-15,1.2128738959546255
2010-06-16,1.0701244971448627
2010-06-17,0.9281052172049273
2010-06-18,0.7950836640935863
2010-06-19,0.6710598378108396
2010-06-20,0.5560337383566878
2010-06-21,0.4500053657311306
2010-06-22,0.35297471993416746
2010-06-23,0.2649418009657991
2010-06-24,0.18590660882602522
2010-06-25,0.1158691435148456
2010-06-26,0.05482940503226075
2010-06-27,0.002787393378270525
2010-06-28,-0.040256891447125576
2010-06-29,-0.07430344944392692
2010-06-30,-0.09935228061213375
2010-07-01,-0.1154033849517462
2010-07-02,-0.12245676246276399
2010-07-03,-0.12051241314518735
2010-07-04,-0.10957033699901614
2010-07-05,-0.08963053402425059
2010-07-06,-0.06069300422089019
2010-07-07,-0.02275774758893545
2010-07-08,0.024175235871613743
2010-07-09,0.08010594616075739
2010-07-10,0.1450343832784956
2010-07-11,0.21896054722482827
2010-07-12,0.3018844379997555
2010-07-13,0.3938060556032774
2010-07-14,0.49472540003539356
2010-07-15,0.6046424712961044
2010-07-16,0.7235572693854097
2010-07-17,0.8503805528798511
2010-07-18,0.9785768732386795
2010-07-19,1.107056989038437
2010-07-20,1.235820900279123
2010-07-21,1.364868606960738
2010-07-22,1.4942001090832813
2010-07-23,1.6238154066467536
2010-07-24,1.7537144996511542
2010-07-25,1.883897388096484
2010-07-26,2.014364071982742
2010-07-27,2.1451145513099292
2010-07-28,2.2761488260780456
2010-07-29,2.4074668962870898
2010-07-30,2.539068761937063
2010-07-31,2.6709544230279656
2010-08-01,2.8031238795597964
2010-08-02,2.935577131532556
2010-08-03,3.068314178946244
2010-08-04,3.2013350218008614
2010-08-05,3.334639660096407
2010-08-06,3.4682280938328813
2010-08-07,3.6021003230102844
2010-08-08,3.736256347628617
2010-08-09,3.8706961676878775
2010-08-10,4.005419783188067
2010-08-11,4.140427194129185
2010-08-12,4.2757184005112325
2010-08-13,4.411293402334207
2010-08-14,4.547152199598112
2010-08-15,4.683294792302945
2010-08-16,4.819721180448708
2010-08-17,4.954243887671917
2010-08-18,5.0737380557917
2010-08-19,5.176016208444571
2010-08-20,5.261078345630531
2010-08-21,5.328924467349585
2010-08-22,5.379554573601726
2010-08-23,5.412968664386958
2010-08-24,5.4291667397052805
2010-08-25,5.428148799556694
2010-08-26,5.409914843941196
2010-08-27,5.374464872858789
2010-08-28,5.321798886309475
2010-08-29,5.251916884293248
2010-08-30,5.164818866810113
2010-08-31,5.060504833860067
2010-09-01,4.938974785443112
2010-09-02,4.800228721559247
2010-09-03,4.644266642208472
2010-09-04,4.471088547390788
2010-09-05,4.280694437106195
2010-09-06,4.07308431135469
2010-09-07,3.8482581701362775
2010-09-08,3.606216013450955
2010-09-09,3.346957841298723
2010-09-10,3.07048365367958
2010-09-11,2.7767934505935274
2010-09-12,2.465887232040565
2010-09-13,2.137764998020694
2010-09-14,1.792426748533913
2010-09-15,1.4298724835802212
2010-09-16,1.0501022031596206
2010-09-17,0.6710798666625031
2010-09-18,0.3107694334792605
2010-09-19,-0.030829096390106725
2010-09-20,-0.35371572294559767
2010-09-21,-0.6578904461872137
2010-09-22,-0.943353266114954
2010-09-23,-1.2101041827288184
2010-09-24,-1.4581431960288074
2010-09-25,-1.687470306014922
2010-09-26,-1.89808551268716
2010-09-27,-2.0899888160455227
2010-09-28,-2.263180216090009
2010-09-29,-2.4176597128206216
2010-09-30,-2.5534273062373574
2010-10-01,-2.6704829963402186
2010-10-02,-2.7688267831292035
2010-10-03,-2.8484586666043135
2010-10-04,-2.9093786467655476
2010-10-05,-2.951586723612906
2010-10-06,-2.975082897146389
2010-10-07,-2.979867167365997
2010-10-08,-2.965939534271728
2010-10-09,-2.933299997863585
2010-10-10,-2.8819485581415663
2010-10-11,-2.8118852151056717
2010-10-12,-2.7231099687559013
2010-10-13,-2.6156228190922564
2010-10-14,-2.489423766114735
2010-10-15,-2.3445128098233385
2010-10-16,-2.1808899502180665
2010-10-17,-2.001820484208928
2010-10-18,-1.8268961932559749
2010-10-19,-1.6593823742692162
2010-10-20,-1.4992790272486525
2010-10-21,-1.346586152194284
2010-10-22,-1.2013037491061094
2010-10-23,-1.0634318179841291
2010-10-24,-0.9329703588283444
2010-10-25,-0.8099193716387534
2010-10-26,-0.6942788564153576
2010-10-27,-0.5860488131581565
2010-10-28,-0.4852292418671494
2010-10-29,-0.39182014254233744
2010-10-30,-0.3058215151837199
2010-10-31,-0.22723335979129716
2010-11-01,-0.1560556763650688
2010-11-02,-0.09228846490503516
2010-11-03,-0.035931725411196366
2010-11-04,0.013014542116448147
2010-11-05,0.05455033767789791
2010-11-06,0.08867566127315299
2010-11-07,0.11539051290221358
2010-11-08,0.1346948925650793
2010-11-09,0.14658880026175067
2010-11-10,0.1510722359922273
2010-11-11,0.14814519975650922
2010-11-12,0.13780769155459668
2010-11-13,0.12005971138648952
2010-11-14,0.09490125925218762
2010-11-15,0.062332335151691065
2010-11-16,0.022352939085000023
2010-11-17,-0.021202187456661876
2010-11-18,-0.06449830298207089
2010-11-19,-0.10753540749122703
2010-11-20,-0.15031350098413013
2010-11-21,-0.19283258346078025
2010-11-22,-0.23509265492117754
2010-11-23,-0.27709371536532185
2010-11-24,-0.31883576479321324
2010-11-25,-0.36031880320485166
2010-11-26,-0.4015428306002372
2010-11-27,-0.4425078469793698
2010-11-28,-0.48321385234224945
2010-11-29,-0.5236608466888761
2010-11-30,-0.5638488300192499
2010-12-01,-0.6037778023333706
2010-12-02,-0.6434477636312386
2010-12-03,-0.6828587139128536
2010-12-04,-0.7220106531782156
2010-12-05,-0.7609035814273247
2010-12-06,-0.7995374986601806
2010-12-07,-0.8379124048767839
2010-12-08,-0.8760283000771343
2010-12-09,-0.9138851842612314
2010-12-10,-0.9514830574290758
2010-12-11,-0.9888219195806673
2010-12-12,-1.0259017707160059
2010-12-13,-1.0627226108350913
2010-12-14,-1.0992844399379242
2010-12-15,-1.1355872580245039
2010-12-16,-1.1716310650948305
2010-12-17,-1.207376053346869
2010-12-18,-1.2425833759684035
2010-12-19,-1.2772132251574
2010-12-20,-1.3112656009138577
2010-12-21,-1.3447405032377766
2010-12-22,-1.3776379321291563
2010-12-23,-1.4099578875879974
2010-12-24,-1.4417003696143
2010-12-25,-1.4728653782080638
2010-12-26,-1.5034529133692887
2010-12-27,-1.533462975097975
2010-12-28,-1.5628955633941222
2010-12-29,-1.591750678257731
2010-12-30,-1.6200283196888008
2010-12-31,-1.647728487687332
2011-01-01,-1.674851182253324
2011-01-02,-1.7013964033867777
2011-01-03,-1.7273641510876925
2011-01-04,-1.7527544253560687
2011-01-05,-1.7775672261919062
2011-01-06,-1.8018025535952042
2011-01-07,-1.8254604075659642
2011-01-08,-1.8485407881041853
2011-01-09,-1.8710436952098675
2011-01-10,-1.8929691288830113
2011-01-11,-1.9143170891236156
2011-01-12,-1.9350875759316817
2011-01-13,-1.955280589307209
2011-01-14,-1.9748961292501974
2011-01-15,-1.9939341957606467
2011-01-16,-2.012394788838558
2011-01-17,-2.0287766292774205
2011-01-18,-2.034072041838182
2011-01-19,-2.0267797473143307
2011-01-20,-2.0068997457058693
2011-01-21,-1.9744320370127957
2011-01-22,-1.9293766212351113
2011-01-23,-1.8717334983728149
2011-01-24,-1.8015026684259077
2011-01-25,-1.7186841313943888
2011-01-26,-1.6232778872782583
2011-01-27,-1.515283936077517
2011-01-28,-1.3947022777921645
2011-01-29,-1.2615329124222003
2011-01-30,-1.1157758399676245
2011-01-31,-0.9574310604284377
2011-02-01,-0.7864985738046395
2011-02-02,-0.6029783800962296
2011-02-03,-0.4068704793032085
2011-02-04,-0.19817487142557622
2011-02-05,0.023108443536667744
2011-02-06,0.2569794655835227
2011-02-07,0.5034381947149897
2011-02-08,0.7624846309310667
2011-02-09,1.034118774231756
2011-02-10,1.3183406246170568
2011-02-11,1.6151501820869685
2011-02-12,1.9245474466414918
2011-02-13,2.2465324182806263
2011-02-14,2.5811050970043725
2011-02-15,2.92826548281273
2011-02-16,3.2684454202925326
2011-02-17,3.5820767540306178
2011-02-18,3.869159484026983
2011-02-19,4.129693610281628
2011-02-20,4.363679132794555
2011-02-21,4.571116051565763
2011-02-22,4.752004366595252
2011-02-23,4.906344077883022
2011-02-24,5.034135185429071
2011-02-25,5.135377689233403
2011-02-26,5.210071589296016
2011-02-27,5.258216885616908
2011-02-28,5.279813578196081
2011-03-01,5.274861667033536
2011-03-02,5.243361152129274
2011-03-03,5.185312033483289
2011-03-04,5.100714311095587
2011-03-05,4.989567984966164
2011-03-06,4.851873055095023
2011-03-07,4.687629521482163
2011-03-08,4.496837384127584
2011-03-09,4.279496643031284
2011-03-10,4.035607298193268
2011-03-11,3.765169349613532
2011-03-12,3.4681827972920742
2011-03-13,3.1446476412289
2011-03-14,2.794563881424005
2011-03-15,2.417931517877393
2011-03-16,2.0147505505890604
2011-03-17,1.5903856723216532
2011-03-18,1.1770250396510376
2011-03-19,0.780033345339859
2011-03-20,0.39941058938811663
2011-03-21,0.03515677179580991
2011-03-22,-0.31272810743706064
2011-03-23,-0.6442440483104946
2011-03-24,-0.959391050824492
2011-03-25,-1.2581691149790541
2011-03-26,-1.5405782407741793
2011-03-27,-1.8066184282098687
2011-03-28,-2.0562896772861214
2011-03-29,-2.2895919880029374
2011-03-30,-2.506525360360317
2011-03-31,-2.707089794358262
2011-04-01,-2.8912852899967696
2011-04-02,-3.0591118472758407
2011-04-03,-3.210569466195476
2011-04-04,-3.345658146755676
2011-04-05,-3.464377888956438
2011-04-06,-3.5667286927977644
2011-04-07,-3.6527105582796544
2011-04-08,-3.7223234854021086
2011-04-09,-3.7755674741651264
2011-04-10,-3.8124425245687075
2011-04-11,-3.832948636612853
2011-04-12,-3.8370858102975625
2011-04-13,-3.8248540456228346
2011-04-14,-3.7962533425886713
2011-04-15,-3.751283701195071
2011-04-16,-3.689945121442035
2011-04-17,-3.620280136892095
2011-04-18,-3.5503312811077827
2011-04-19,-3.480098554089098
2011-04-20,-3.4095819558360416
2011-04-21,-3.338781486348613
2011-04-22,-3.267697145626812
2011-04-23,-3.1963289336706397
2011-04-24,-3.1246768504800952
2011-04-25,-3.0527408960551785
2011-04-26,-2.9805210703958895
2011-04-27,-2.9080173735022288
2011-04-28,-2.8352298053741953
2011-04-29,-2.7621583660117905
2011-04-30,-2.6888030554150135
2011-05-01,-2.6151638735838643
2011-05-02,-2.5412408205183428
2011-05-03,-2.4670338962184495
2011-05-04,-2.392543100684184
2011-05-05,-2.3177684339155467
2011-05-06,-2.242709895912537
2011-05-07,-2.1673674866751553
2011-05-08,-2.0917412062034013
2011-05-09,-2.015831054497276
2011-05-10,-1.9396370315567781
2011-05-11,-1.863159137381908
2011-05-12,-1.7863973719726662
2011-05-13,-1.7093517353290522
2011-05-14,-1.632022227451066
2011-05-15,-1.554408848338708
2011-05-16,-1.4765115979919776
2011-05-17,-1.3987084682601718
2011-05-18,-1.3232674102390707
2011-05-19,-1.2505664157779703
2011-05-20,-1.1806054848768708
2011-05-21,-1.1133846175357727
2011-05-22,-1.0489038137546751
2011-05-23,-0.9871630735335785
2011-05-24,-0.9281623968724833
2011-05-25,-0.8719017837713885
2011-05-26,-0.8183812342302951
2011-05-27,-0.7676007482492028
2011-05-28,-0.7195603258281111
2011-05-29,-0.6742599669670206
2011-05-30,-0.6316996716659309
2011-05-31,-0.5918794399248424
2011-06-01,-0.5547992717437547
2011-06-02,-0.520459167122668
2011-06-03,-0.4888591260615824
2011-06-04,-0.4599991485604976
2011-06-05,-0.4338792346194139
2011-06-06,-0.4104993842383312
2011-06-07,-0.3898595974172495
2011-06-08,-0.3719598741561687
2011-06-09,-0.3568002144550889
2011-06-10,-0.3443806183140101
2011-06-11,-0.3347010857329322
2011-06-12,-0.3277616167118554
2011-06-13,-0.32356221125077955
2011-06-14,-0.32210286934970467
2011-06-15,-0.3233835910086307
2011-06-16,-0.3274043762275578
2011-06-17,-0.33035659823067004
2011-06-18,-0.3284316302421517
2011-06-19,-0.3216294722620028
2011-06-20,-0.3099501242902233
2011-06-21,-0.29339358632681317
2011-06-22,-0.2719598583717725
2011-06-23,-0.24564894042510116
2011-06-24,-0.2144608324867993
2011-06-25,-0.17839553455686682
2011-06-26,-0.13745304663530378
2011-06-27,-0.09163336872211009
2011-06-28,-0.04093650081728589
2011-06-29,0.014637557079168972
2011-06-30,0.07508880496725429
2011-07-01,0.1404172428469703
2011-07-02,0.21062287071831703
2011-07-03,0.28570568858129425
2011-07-04,0.3656656964359019
2011-07-05,0.4505028942821403
2011-07-06,0.5402172821200093
2011-07-07,0.634808859949509
2011-07-08,0.7342776277706391
2011-07-09,0.8386235855833998
2011-07-10,0.9478467333877911
2011-07-11,1.061947071183813
2011-07-12,1.1809245989714654
2011-07-13,1.3047793167507487
2011-07-14,1.4335112245216621
2011-07-15,1.5671203222842065
2011-07-16,1.7056066100383813
2011-07-17,1.847411991178253
2011-07-18,1.983187886068218
2011-07-19,2.1113761981023433
2011-07-20,2.2319769272806287
2011-07-21,2.3449900736030735
2011-07-22,2.4504156370696784
2011-07-23,2.5482536176804427
2011-07-24,2.638504015435367
2011-07-25,2.721166830334451
2011-07-26,2.7962420623776953
2011-07-27,2.8637297115650986
2011-07-28,2.923629777896663
2011-07-29,2.9759422613723863
2011-07-30,3.02066716199227
2011-07-31,3.057804479756313
2011-08-01,3.0873542146645163
2011-08-02,3.109316366716879
2011-08-03,3.123690935913402
2011-08-04,3.130477922254085
2011-08-05,3.1296773257389274
2011-08-06,3.1212891463679298
2011-08-07,3.105313384141092
2011-08-08,3.081750039058414
2011-08-09,3.050599111119896
2011-08-10,3.0118606003255386
2011-08-11,2.96553450667534
2011-08-12,2.911620830169301
2011-08-13,2.8501195708074225
2011-08-14,2.7810307285897036
2011-08-15,2.704354303516144
2011-08-16,2.620090295586745
2011-08-17,2.5292874927412603
2011-08-18,2.4382386226182167
2011-08-19,2.347992473157368
2011-08-20,2.2585490443587144
2011-08-21,2.1699083362222575
2011-08-22,2.082070348747995
2011-08-23,1.995035081935928
2011-08-24,1.9088025357860563
2011-08-25,1.8233727102983803
2011-08-26,1.7387456054728994
2011-08-27,1.654921221309614
2011-08-28,1.5718995578085246
2011-08-29,1.4896806149696298
2011-08-30,1.408264392792931
2011-08-31,1.327650891278427
2011-09-01,1.2478401104261188
2011-09-02,1.168832050236006
2011-09-03,1.0906267107080883
2011-09-04,1.0132240918423663
2011-09-05,0.9366241936388394
2011-09-06,0.8608270160975081
2011-09-07,0.7858325592183724
2011-09-08,0.7116408230014318
2011-09-09,0.6382518074466867
2011-09-10,0.565665512554137
2011-09-11,0.4938819383237826
2011-09-12,0.42290108475562377
2011-09-13,0.3527229518496603
2011-09-14,0.28334753960589215
2011-09-15,0.21477484802431945
2011-09-16,0.14700487710494214
2011-09-17,0.0856873119869706
2011-09-18,0.03647183780961518
2011-09-19,-0.0006415454271242044
2011-09-20,-0.02565283772324725
2011-09-21,-0.03856203907875434
2011-09-22,-0.03936914949364534
2011-09-23,-0.028074168967920116
2011-09-24,-0.0046770975015787974
2011-09-25,0.030822064905378532
2011-09-26,0.07842331825295218
2011-09-27,0.13812666254114186
2011-09-28,0.20993209776994748
2011-09-29,0.2938396239393696
2011-09-30,0.38984924104940744
2011-10-01,0.4979609491000614
2011-10-02,0.6181747480913319
2011-10-03,0.7504906380232182
2011-10-04,0.8949086188957208
2011-10-05,1.0514286907088395
2011-10-06,1.2200508534625745
2011-10-07,1.4007751071569248
2011-10-08,1.593601451791892
2011-10-09,1.7985298873674753
2011-10-10,2.015560413883674
2011-10-11,2.24469303134049
2011-10-12,2.4859277397379214
2011-10-13,2.7392645390759682
2011-10-14,3.0047034293546324
2011-10-15,3.282244410573912
2011-10-16,3.571887482733808
2011-10-17,3.868673189986064
2011-10-18,4.142844797241144
2011-10-19,4.389442848650791
2011-10-20,4.608467344215005
2011-10-21,4.799918283933787
2011-10-22,4.963795667807137
2011-10-23,5.100099495835054
2011-10-24,5.208829768017538
2011-10-25,5.289986484354589
2011-10-26,5.343569644846209
2011-10-27,5.369579249492396
2011-10-28,5.36801529829315
2011-10-29,5.338877791248471
2011-10-30,5.282166728358361
2011-10-31,5.197882109622817
2011-11-01,5.086023935041843
2011-11-02,4.946592204615434
2011-11-03,4.779586918343592
2011-11-04,4.58500807622632
2011-11-05,4.362855678263614
2011-11-06,4.113129724455476
2011-11-07,3.835830214801905
2011-11-08,3.5309571493028997
2011-11-09,3.198510527958465
2011-11-10,2.838490350768596
2011-11-11,2.450896617733294
2011-11-12,2.0357293288525615
2011-11-13,1.592988484126396
2011-11-14,1.1226740835547977
2011-11-15,0.6247861271377655
2011-11-16,0.09932461487530198
2011-11-17,-0.42375046891282986
2011-11-18,-0.9144791399068666
2011-11-19,-1.3728613981068074
2011-11-20,-1.7988972435126516
2011-11-21,-2.1925866761243995
2011-11-22,-2.5539296959420534
2011-11-23,-2.8829263029656107
2011-11-24,-3.1795764971950726
2011-11-25,-3.4438802786304383
2011-11-26,-3.675837647271708
2011-11-27,-3.875448603118882
2011-11-28,-4.042713146171961
2011-11-29,-4.177631276430943
2011-11-30,-4.280202993895831
2011-12-01,-4.35042829856662
2011-12-02,-4.3883071904433155
2011-12-03,-4.393839669525916
2011-12-04,-4.36702573581442
2011-12-05,-4.307865389308828
2011-12-06,-4.216358630009139
2011-12-07,-4.092505457915355
2011-12-08,-3.936305873027477
2011-12-09,-3.7477598753455013
2011-12-10,-3.5268674648694303
2011-12-11,-3.273628641599263
2011-12-12,-2.9880434055350014
2011-12-13,-2.6701117566766426
2011-12-14,-2.3198336950241885
2011-12-15,-1.9372092205776381
2011-12-16,-1.522238333336992
2011-12-17,-1.0812330200240752
2011-12-18,-0.6520652009698288
2011-12-19,-0.24104686289607816
2011-12-20,0.15182199419717704
2011-12-21,0.5265413703099372
2011-12-22,0.8831112654422003
2011-12-23,1.2215316795939692
2011-12-24,1.5418026127652422
2011-12-25,1.8439240649560198
2011-12-26,2.127896036166302
2011-12-27,2.3937185263960887
2011-12-28,2.64139153564538
2011-12-29,2.8709150639141754
2011-12-30,3.082289111202476
2011-12-31,3.27551367751028
2012-01-01,3.4505887628375898
2012-01-02,3.6075143671844025
2012-01-03,3.7462904905507206
2012-01-04,3.8669171329365444
2012-01-05,3.9693942943418716
2012-01-06,4.053721974766702
2012-01-07,4.119900174211039
2012-01-08,4.16792889267488
2012-01-09,4.197808130158225
2012-01-10,4.209537886661074
2012-01-11,4.203118162183428
2012-01-12,4.178548956725288
2012-01-13,4.13583027028665
2012-01-14,4.074962102867518
2012-01-15,3.9959444544678906
2012-01-16,3.898777325087768
2012-01-17,3.786057764569061
2012-01-18,3.673368071963246
2012-01-19,3.5633052971122354
2012-01-20,3.4558694400160284
2012-01-21,3.3510605006746252
2012-01-22,3.2488784790880256
2012-01-23,3.149323375256231
2012-01-24,3.052395189179239
2012-01-25,2.958093920857051
2012-01-26,2.866419570289667
2012-01-27,2.7773721374770868
2012-01-28,2.690951622419311
2012-01-29,2.6071580251163384
2012-01-30,2.52599134556817
2012-01-31,2.447451583774806
2012-02-01,2.3715387397362453
2012-02-02,2.2982528134524887
2012-02-03,2.227593804923535
2012-02-04,2.1595617141493864
2012-02-05,2.094156541130041
2012-02-06,2.0313782858655003
2012-02-07,1.971226948355763
2012-02-08,1.9137025286008291
2012-02-09,1.8588050266006995
2012-02-10,1.8065344423553735
2012-02-11,1.7568907758648515
2012-02-12,1.7098740271291337
2012-02-13,1.6654841961482192
2012-02-14,1.623721282922109
2012-02-15,1.5845852874508026
2012-02-16,1.5471957118851394
2012-02-17,1.5062695691301555
2012-02-18,1.46092636133669
2012-02-19,1.411166088504743
2012-02-20,1.3569887506343148
2012-02-21,1.2983943477254052
2012-02-22,1.235382879778014
2012-02-23,1.1679543467921412
2012-02-24,1.0961087487677872
2012-02-25,1.0198460857049514
2012-02-26,0.9391663576036345
2012-02-27,0.8540695644638361
2012-02-28,0.7645557062855562
2012-02-29,0.6706247830687947
2012-03-01,0.5722767948135521
2012-03-02,0.469511741519828
2012-03-03,0.3623296231876221
2012-03-04,0.250730439816935
2012-03-05,0.13471419140776653
2012-03-06,0.014280877960116456
2012-03-07,-0.11056950052601489
2012-03-08,-0.2398369440506276
2012-03-09,-0.37352145261372227
2012-03-10,-0.5116230262152978
2012-03-11,-0.6541416648553549
2012-03-12,-0.8010773685338938
2012-03-13,-0.9524301372509135
2012-03-14,-1.1081999710064152
2012-03-15,-1.2683868698003982
2012-03-16,-1.4329908336328625
2012-03-17,-1.5999556730984443
2012-03-18,-1.7569442517649576
2012-03-19,-1.9019003802270393
2012-03-20,-2.034824058484688
2012-03-21,-2.1557152865379052
2012-03-22,-2.26457406438669
2012-03-23,-2.361400392031042
2012-03-24,-2.446194269470962
2012-03-25,-2.518955696706451
2012-03-26,-2.5796846737375057
2012-03-27,-2.6283812005641294
2012-03-28,-2.66504527718632
2012-03-29,-2.689676903604079
2012-03-30,-2.702276079817405
2012-03-31,-2.7028428058262994
2012-04-01,-2.691377081630762
2012-04-02,-2.667878907230791
2012-04-03,-2.632348282626389
2012-04-04,-2.5847852078175544
2012-04-05,-2.525189682804287
2012-04-06,-2.453561707586588
2012-04-07,-2.3699012821644567
2012-04-08,-2.274208406537893
2012-04-09,-2.1664830807068967
2012-04-10,-2.046725304671469
2012-04-11,-1.9149350784316077
2012-04-12,-1.771112401987315
2012-04-13,-1.6152572753385903
2012-04-14,-1.4473696984854327
2012-04-15,-1.2674496714278431
2012-04-16,-1.0754971941658216
2012-04-17,-0.8814380127593312
2012-04-18,-0.6951978732683357
2012-04-19,-0.5167767756928354
2012-04-20,-0.3461747200328307
2012-04-21,-0.1833917062883208
2012-04-22,-0.028427734459305846
2012-04-23,0.118717195454214
2012-04-24,0.25804308345223825
2012-04-25,0.3895499295347681
2012-04-26,0.5132377337018026
2012-04-27,0.6291064959533414
2012-04-28,0.7371562162893858
2012-04-29,0.8373868947099349
2012-04-30,0.9297985312149889
2012-05-01,1.0143911258045477
2012-05-02,1.0911646784786115
2012-05-03,1.1601191892371803
2012-05-04,1.2212546580802537
2012-05-05,1.274571085007832
2012-05-06,1.3200684700199155
2012-05-07,1.3577468131165038
2012-05-08,1.3876061142975964
2012-05-09,1.4096463735631948
2012-05-10,1.4238675909132978
2012-05-11,1.4302697663479054
2012-05-12,1.4288528998670182
2012-05-13,1.4196169914706358
2012-05-14,1.402562041158758
2012-05-15,1.3776880489313854
2012-05-16,1.3449950147885177
2012-05-17,1.3052853470907697
2012-05-18,1.2633734960018292
2012-05-19,1.2200618698823116
2012-05-20,1.1753504687322163
2012-05-21,1.1292392925515438
2012-05-22,1.0817283413402938
2012-05-23,1.0328176150984665
2012-05-24,0.9825071138260616
2012-05-25,0.9307968375230791
2012-05-26,0.8776867861895195
2012-05-27,0.8231769598253823
2012-05-28,0.7672673584306677
2012-05-29,0.7099579820053756
2012-05-30,0.6512488305495061
2012-05-31,0.5911399040630594
2012-06-01,0.529631202546035
2012-06-02,0.4667227259984333
2012-06-03,0.4024144744202541
2012-06-04,0.33670644781149744
2012-06-05,0.26959864617216345
2012-06-06,0.20109106950225208
2012-06-07,0.13118371780176313
2012-06-08,0.059876591070696705
2012-06-09,-0.012830310690946978
2012-06-10,-0.08693698748316814
2012-06-11,-0.16244343930596677
2012-06-12,-0.23934966615934278
2012-06-13,-0.3176556680432961
2012-06-14,-0.3973614449578272
2012-06-15,-0.47846699690293554
2012-06-16,-0.5609723238786213
2012-06-17,-0.6419662465305727
2012-06-18,-0.718537585504478
2012-06-19,-0.7906863408003372
2012-06-20,-0.85841251241815
2012-06-21,-0.9217161003579166
2012-06-22,-0.9805971046196373
2012-06-23,-1.035055525203312
2012-06-24,-1.0850913621089402
2012-06-25,-1.1307046153365226
2012-06-26,-1.1718952848860584
2012-06-27,-1.2086633707575485
2012-06-28,-1.2410088729509925
2012-06-29,-1.26893179146639
2012-06-30,-1.2924321263037415
2012-07-01,-1.3115098774630467
2012-07-02,-1.3261650449443056
2012-07-03,-1.336397628747519
2012-07-04,-1.3422076288726859
2012-07-05,-1.343595045319807
2012-07-06,-1.340559878088881
2012-07-07,-1.3331021271799093
2012-07-08,-1.3212217925928922
2012-07-09,-1.304918874327828
2012-07-10,-1.2841933723847179
2012-07-11,-1.2590452867635618
2012-07-12,-1.2294746174643596
2012-07-13,-1.195481364487111
2012-07-14,-1.1570655278318167
2012-07-15,-1.1142271074984758
2012-07-16,-1.0669661034870885
2012-07-17,-1.015263434218865
2012-07-18,-0.9590046102210578
2012-07-19,-0.8981705499148771
2012-07-20,-0.8327612533003227
2012-07-21,-0.7627767203773943
2012-07-22,-0.6882169511460922
2012-07-23,-0.6090819456064162
2012-07-24,-0.5253717037583662
2012-07-25,-0.43708622560194255
2012-07-26,-0.34422551113714484
2012-07-27,-0.24678956036397348
2012-07-28,-0.14477837328242837
2012-07-29,-0.03819194989250935
2012-07-30,0.07296970980578343
2012-07-31,0.18870660581245025
2012-08-01,0.3090187381274907
2012-08-02,0.43390610675090513
2012-08-03,0.5633687116826932
2012-08-04,0.6974065529228555
2012-08-05,0.8360196304713913
2012-08-06,0.9792079443283008
2012-08-07,1.126971494493584
2012-08-08,1.2793102809672419
2012-08-09,1.436224303749273
2012-08-10,1.5977135628396781
2012-08-11,1.7637780582384566
2012-08-12,1.9344177899456094
2012-08-13,2.109632757961136
2012-08-14,2.289422962285036
2012-08-15,2.47378840291731
2012-08-16,2.6627290798579586
2012-08-17,2.8538403932398806
2012-08-18,3.0326947438604797
2012-08-19,3.1968875318526533
2012-08-20,3.3464187572164033
2012-08-21,3.4812884199517313
2012-08-22,3.601496520058634
2012-08-23,3.7070430575371134
2012-08-24,3.7979280323871687
2012-08-25,3.8741514446088012
2012-08-26,3.935713294202009
2012-08-27,3.982613581166793
2012-08-28,4.014852305503155
2012-08-29,4.032429467211092
2012-08-30,4.0353450662906045
2012-08-31,4.023599102741693
2012-09-01,3.997191576564359
2012-09-02,3.956122487758601
2012-09-03,3.9003918363244194
2012-09-04,3.8299996222618145
2012-09-05,3.744945845570785
2012-09-06,3.645230506251332
2012-09-07,3.530853604303455
2012-09-08,3.4018151397271548
2012-09-09,3.258115112522431
2012-09-10,3.0997535226892827
2012-09-11,2.9267303702277108
2012-09-12,2.739045655137716
2012-09-13,2.5366993774192967
2012-09-14,2.319691537072454
2012-09-15,2.0880221340971863
2012-09-16,1.8416911684934965
2012-09-17,1.594306332110786
2012-09-18,1.359475316798458
2012-09-19,1.1371981225565129
2012-09-20,0.9274747493849521
2012-09-21,0.7303051972837735
2012-09-22,0.5456894662529779
2012-09-23,0.3736275562925656
2012-09-24,0.21411946740253618
2012-09-25,0.06716519958288937
2012-09-26,-0.06723524716637369
2012-09-27,-0.18908187284525352
2012-09-28,-0.2983746774537509
2012-09-29,-0.39511366099186485
2012-09-30,-0.4792988234595961
2012-10-01,-0.5509301648569443
2012-10-02,-0.6100076851839089
2012-10-03,-0.6565313844404912
2012-10-04,-0.6905012626266898
2012-10-05,-0.7119173197425056
2012-10-06,-0.7207795557879384
2012-10-07,-0.7170879707629882
2012-10-08,-0.7008425646676548
2012-10-09,-0.6720433375019382
2012-10-10,-0.630690289265839
2012-10-11,-0.5767834199593564
2012-10-12,-0.5103227295824908
2012-10-13,-0.43130821813524234
2012-10-14,-0.3397398856176106
2012-10-15,-0.2356177320295959
2012-10-16,-0.11894175737119828
2012-10-17,0.008242863773382224
2012-10-18,0.13366508389894316
2012-10-19,0.25527972842128366
2012-10-20,0.37308679734040456
2012-10-21,0.4870862906563049
2012-10-22,0.5972782083689855
2012-10-23,0.7036625504784464
2012-10-24,0.8062393169846866
2012-10-25,0.9050085078877071
2012-10-26,0.9999701231875077
2012-10-27,1.0911241628840878
2012-10-28,1.1784706269774485
2012-10-29,1.2620095154675885
2012-10-30,1.3417408283545091
2012-10-31,1.417664565638209
2012-11-01,1.4897807273186894
2012-11-02,1.5580893133959495
2012-11-03,1.6225903238699892
2012-11-04,1.6832837587408096
2012-11-05,1.7401696180084094
2012-11-06,1.7932479016727894
2012-11-07,1.8425186097339494
2012-11-08,1.8879817421918892
2012-11-09,1.9296372990466089
2012-11-10,1.967485280298109
2012-11-11,2.0015256859463886
2012-11-12,2.0317585159914486
2012-11-13,2.058183770433288
2012-11-14,2.080801449271908
2012-11-15,2.099611552507307
2012-11-16,2.1146140801394866
2012-11-17,2.1285173716157084
2012-11-18,2.1440297663832353
2012-11-19,2.161151264442066
2012-11-20,2.179881865792202
2012-11-21,2.2002215704336416
2012-11-22,2.2221703783663864
2012-11-23,2.245728289590436
2012-11-24,2.2708953041057893
2012-11-25,2.2976714219124474
2012-11-26,2.326056643010411
2012-11-27,2.356050967399679
2012-11-28,2.3876543950802507
2012-11-29,2.4208669260521276
2012-11-30,2.455688560315309
2012-12-01,2.4921192978697952
2012-12-02,2.5301591387155855
2012-12-03,2.569808082852681
2012-12-04,2.6110661302810803
2012-12-05,2.6539332810007847
2012-12-06,2.6984095350117934
2012-12-07,2.7444948923141066
2012-12-08,2.792189352907725
2012-12-09,2.841492916792647
2012-12-10,2.8924055839688743
2012-12-11,2.9449273544364063
2012-12-12,2.999058228195243
2012-12-13,3.0547982052453833
2012-12-14,3.112147285586829
2012-12-15,3.1711054692195795
2012-12-16,3.2316727561436336
2012-12-17,3.29226979672647
2012-12-18,3.343420493172949
2012-12-19,3.3835454958505506
2012-12-20,3.4126448047592737
2012-12-21,3.430718419899116
2012-12-22,3.437766341270079
2012-12-23,3.4337885688721648
2012-12-24,3.4187851027053697
2012-12-25,3.3927559427696963
2012-12-26,3.3557010890651435
2012-12-27,3.3076205415917124
2012-12-28,3.2485143003494015
2012-12-29,3.1783823653382117
2012-12-30,3.0972247365581427
2012-12-31,3.0050414140091943
2013-01-01,2.901832397691367
2013-01-02,2.7875976876046615
2013-01-03,2.6623372837490757
2013-01-04,2.5260511861246115
2013-01-05,2.3787393947312685
2013-01-06,2.2204019095690453
2013-01-07,2.051038730637944
2013-01-08,1.8706498579379633
2013-01-09,1.6792352914691036
2013-01-10,1.476795031231365
2013-01-11,1.2633290772247467
2013-01-12,1.0388374294492495
2013-01-13,0.8033200879048732
2013-01-14,0.5567770525916182
2013-01-15,0.2992083235094838
2013-01-16,0.03061390065847025
2013-01-17,-0.24555530247448237
2013-01-18,-0.5085938049677402
2013-01-19,-0.755050693334362
2013-01-20,-0.9849259675743487
2013-01-21,-1.1982196276877
2013-01-22,-1.3949316736744164
2013-01-23,-1.575062105534497
2013-01-24,-1.7386109232679428
2013-01-25,-1.8855781268747527
2013-01-26,-2.015963716354927
2013-01-27,-2.1297676917084676
2013-01-28,-2.2269900529353714
2013-01-29,-2.307630800035641
2013-01-30,-2.371689933009274
2013-01-31,-2.419167451856273
2013-02-01,-2.4500633565766354
2013-02-02,-2.464377647170364
2013-02-03,-2.4621103236374555
2013-02-04,-2.443261385977913
2013-02-05,-2.407830834191735
2013-02-06,-2.355818668278922
2013-02-07,-2.2872248882394732
2013-02-08,-2.202049494073389
2013-02-09,-2.10029248578067
2013-02-10,-1.9819538633613156
2013-02-11,-1.8470336268153256
2013-02-12,-1.6955317761427007
2013-02-13,-1.5274483113434396
2013-02-14,-1.3427832324175444
2013-02-15,-1.1415365393650134
2013-02-16,-0.9371671577248576
2013-02-17,-0.7431340130360875
2013-02-18,-0.5594371052987037
2013-02-19,-0.38607643451270535
2013-02-20,-0.22305200067809275
2013-02-21,-0.07036380379486573
2013-02-22,0.07198815613697532
2013-02-23,0.20400387911742995
2013-02-24,0.3256833651464995
2013-02-25,0.43702661422418293
2013-02-26,0.538033626350481
2013-02-27,0.6287044015253928
2013-02-28,0.7090389397489189
2013-03-01,0.7790372410210594
2013-03-02,0.838699305341814
2013-03-03,0.8880251327111826
2013-03-04,0.9270147231291653
2013-03-05,0.9556680765957624
2013-03-06,0.9739851931109739
2013-03-07,0.981966072674799
2013-03-08,0.9796107152872392
2013-03-09,0.966919120948293
2013-03-10,0.9438912896579612
2013-03-11,0.9105272214162436
2013-03-12,0.8668269162231398
2013-03-13,0.8127903740786505
2013-03-14,0.7484175949827753
2013-03-15,0.6737085789355146
2013-03-16,0.5886633259368679
2013-03-17,0.4951656749055198
2013-03-18,0.4045186593535769
2013-03-19,0.31860611819972373
2013-03-20,0.23742805144396012
2013-03-21,0.160984459086286
2013-03-22,0.08927534112670145
2013-03-23,0.022300697565206622
2013-03-24,-0.03993947159819863
2013-03-25,-0.09744516636351429
2013-03-26,-0.1502163867307403
2013-03-27,-0.19825313269987677
2013-03-28,-0.2415554042709236
2013-03-29,-0.2801232014438807
2013-03-30,-0.31395652421874826
2013-03-31,-0.34305537259552643
2013-04-01,-0.3674197465742147
2013-04-02,-0.3870496461548134
2013-04-03,-0.4019450713373225
2013-04-04,-0.4121060221217422
2013-04-05,-0.41753249850807217
2013-04-06,-0.41822450049631243
2013-04-07,-0.4141820280864631
2013-04-08,-0.40540508127852426
2013-04-09,-0.39189366007249576
2013-04-10,-0.3736477644683778
2013-04-11,-0.35066739446616996
2013-04-12,-0.32295255006587265
2013-04-13,-0.29050323126748584
2013-04-14,-0.2533194380710093
2013-04-15,-0.21140117047644313
2013-04-16,-0.1647484284837874
2013-04-17,-0.11898151748805215
2013-04-18,-0.07972074288424733
2013-04-19,-0.04696610467237296
2013-04-20,-0.020717602852429337
2013-04-21,-0.0009752374244160825
2013-04-22,0.01226099161166673
2013-04-23,0.018991084255818996
2013-04-24,0.019215040508040654
2013-04-25,0.012932860368331994
2013-04-26,0.00014454383669262882
2013-04-27,-0.019149909086877193
2013-04-28,-0.04495049840237747
2013-04-29,-0.07725722410980834
2013-04-30,-0.11607008620916959
2013-05-01,-0.1613890847004614
2013-05-02,-0.2132142195836838
2013-05-03,-0.27154549085883656
2013-05-04,-0.33638289852591996
2013-05-05,-0.40772644258493385
2013-05-06,-0.4855761230358783
2013-05-07,-0.569931939878753
2013-05-08,-0.6607938931135584
2013-05-09,-0.7581619827402946
2013-05-10,-0.8620362087589606
2013-05-11,-0.9724165711695578
2013-05-12,-1.0893030699720854
2013-05-13,-1.212695705166543
2013-05-14,-1.3425944767529314
2013-05-15,-1.4789993847312504
2013-05-16,-1.6219104291014999
2013-05-17,-1.768773292294541
2013-05-18,-1.904262068895542
2013-05-19,-2.0258224413353636
2013-05-20,-2.1334544096140062
2013-05-21,-2.2271579737314697
2013-05-22,-2.3069331336877537
2013-05-23,-2.372779889482859
2013-05-24,-2.4246982411167846
2013-05-25,-2.4626881885895306
2013-05-26,-2.4867497319010994
2013-05-27,-2.496882871051487
2013-05-28,-2.493087606040696
2013-05-29,-2.4753639368687264
2013-05-30,-2.4437118635355777
2013-05-31,-2.398131386041249
2013-06-01,-2.3386225043857416
2013-06-02,-2.2651852185690546
2013-06-03,-2.177819528591189
2013-06-04,-2.076525434452144
2013-06-05,-1.9613029361519199
2013-06-06,-1.8321520336905173
2013-06-07,-1.6890727270679347
2013-06-08,-1.5320650162841727
2013-06-09,-1.3611289013392325
2013-06-10,-1.176264382233112
2013-06-11,-0.9774714589658129
2013-06-12,-0.7647501315373348
2013-06-13,-0.5381003999476781
2013-06-14,-0.2975222641968416
2013-06-15,-0.043015724284825474
2013-06-16,0.22541921978836932
2013-06-17,0.49281301520682996
2013-06-18,0.7441961091546427
2013-06-19,0.9795685016318078
2013-06-20,1.1989301926383242
2013-06-21,1.4022811821741927
2013-06-22,1.589621470239414
2013-06-23,1.7609510568339872
2013-06-24,1.9162699419579126
2013-06-25,2.05557812561119
2013-06-26,2.1788756077938194
2013-06-27,2.286162388505801
2013-06-28,2.377438467747135
2013-06-29,2.4527038455178207
2013-06-30,2.511958521817859
2013-07-01,2.555202496647249
2013-07-02,2.5824357700059912
2013-07-03,2.593658341894086
2013-07-04,2.5888702123115324
2013-07-05,2.568071381258332
2013-07-06,2.5312618487344816
2013-07-07,2.478441614739984
2013-07-08,2.4096106792748397
2013-07-09,2.324769042339047
2013-07-10,2.223916703932606
2013-07-11,2.1070536640555177
2013-07-12,1.9741799227077808
2013-07-13,1.8252954798893954
2013-07-14,1.6604003356003643
2013-07-15,1.4794944898406837
2013-07-16,1.2825779426103554
2013-07-17,1.073930269920251
2013-07-18,0.8792289278355976
2013-07-19,0.702753492367266
2013-07-20,0.5445039635152571
2013-07-21,0.40448034127957044
2013-07-22,0.28268262566020635
2013-07-23,0.17911081665716447
2013-07-24,0.0937649142704452
2013-07-25,0.02664491850004813
2013-07-26,-0.022249170654026984
2013-07-27,-0.05291735319177937
2013-07-28,-0.06535962911320947
2013-07-29,-0.05957599841831729
2013-07-30,-0.03556646110710271
2013-07-31,0.006668982820434266
2013-08-01,0.0671303333642934
2013-08-02,0.14581759052447496
2013-08-03,0.2427307543009789
2013-08-04,0.35786982469380524
2013-08-05,0.49123480170295397
2013-08-06,0.6428256853284249
2013-08-07,0.8126424755702177
2013-08-08,1.0006851724283343
2013-08-09,1.206953775902772
2013-08-10,1.431448285993532
2013-08-11,1.6741687027006147
2013-08-12,1.9351150260240195
2013-08-13,2.214287255963747
2013-08-14,2.511685392519797
2013-08-15,2.827309435692169
2013-08-16,3.1611593854808637
2013-08-17,3.5079382344848726
2013-08-18,3.835863938298154
2013-08-19,4.1396394895197
2013-08-20,4.419264888149506
2013-08-21,4.674740134187581
2013-08-22,4.906065227633917
2013-08-23,5.113240168488518
2013-08-24,5.296264956751382
2013-08-25,5.455139592422511
2013-08-26,5.589864075501904
2013-08-27,5.70043840598956
2013-08-28,5.786862583885483
2013-08-29,5.8491366091896655
2013-08-30,5.887260481902115
2013-08-31,5.901234202022827
2013-09-01,5.891057769551804
2013-09-02,5.856731184489044
2013-09-03,5.798254446834549
2013-09-04,5.715627556588318
2013-09-05,5.60885051375035
2013-09-06,5.477923318320647
2013-09-07,5.322845970299207
2013-09-08,5.143618469686032
2013-09-09,4.940240816481121
2013-09-10,4.712713010684473
2013-09-11,4.461035052296089
2013-09-12,4.185206941315971
2013-09-13,3.885228677744115
2013-09-14,3.561100261580524
2013-09-15,3.2128216928251954
2013-09-16,2.840392971478132
2013-09-17,2.4660329976645623
2013-09-18,2.111960671509716
2013-09-19,1.778175993013593
2013-09-20,1.4646789621761946
2013-09-21,1.1714695789975182
2013-09-22,0.8985478434775661
2013-09-23,0.6459137556163369
2013-09-24,0.41356731541383185
2013-09-25,0.20150852287004958
2013-09-26,0.009737377984991163
2013-09-27,-0.16174611924134313
2013-09-28,-0.3129419688089545
2013-09-29,-0.4438501707178421
2013-09-30,-0.554470724968007
2013-10-01,-0.6448036315594483
2013-10-02,-0.7148488904921649
2013-10-03,-0.7646065017661596
2013-10-04,-0.79407646538143
2013-10-05,-0.8032587813379766
2013-10-06,-0.7921534496358001
2013-10-07,-0.7607604702749002
2013-10-08,-0.7090798432552763
2013-10-09,-0.6371115685769295
2013-10-10,-0.5448556462398597
2013-10-11,-0.43231207624406487
2013-10-12,-0.2994808585895474
2013-10-13,-0.14636199327630672
2013-10-14,0.027044519695657687
2013-10-15,0.2207386803263458
2013-10-16,0.43472048861575696
2013-10-17,0.665272722672504
2013-10-18,0.8900920511482615
2013-10-19,1.1054612521516407
2013-10-20,1.3113803256826417
2013-10-21,1.5078492717412648
2013-10-22,1.6948680903275097
2013-10-23,1.8724367814413776
2013-10-24,2.0405553450828666
2013-10-25,2.199223781251978
2013-10-26,2.348442089948712
2013-10-27,2.4882102711730676
2013-10-28,2.6185283249250455
2013-10-29,2.739396251204645
2013-10-30,2.850814050011867
2013-10-31,2.9527817213467102
2013-11-01,3.045299265209177
2013-11-02,3.128366681599265
2013-11-03,3.201983970516974
2013-11-04,3.2661511319623067
2013-11-05,3.320868165935261
2013-11-06,3.3661350724358376
2013-11-07,3.4019518514640357
2013-11-08,3.428318503019856
2013-11-09,3.4452350271032985
2013-11-10,3.4527014237143634
2013-11-11,3.4507176928530496
2013-11-12,3.4392838345193586
2013-11-13,3.418399848713289
2013-11-14,3.3880657354348425
2013-11-15,3.3482814946840174
2013-11-16,3.299047126460814
2013-11-17,3.245853115341815
2013-11-18,3.1941899459036036
2013-11-19,3.1440576181461775
2013-11-20,3.095456132069538
2013-11-21,3.0483854876736847
2013-11-22,3.002845684958618
2013-11-23,2.9588367239243385
2013-11-24,2.9163586045708447
2013-11-25,2.875411326898137
2013-11-26,2.8359948909062167
2013-11-27,2.7981092965950825
2013-11-28,2.7617545439647353
2013-11-29,2.7269306330151735
2013-11-30,2.693637563746399
2013-12-01,2.6618753361584107
2013-12-02,2.6316439502512083
2013-12-03,2.602943406024793
2013-12-04,2.575773703479164
2013-12-05,2.550134842614322
2013-12-06,2.526026823430265
2013-12-07,2.5034496459269953
2013-12-08,2.4824033101045124
2013-12-09,2.4628878159628154
2013-12-10,2.4449031635019054
2013-12-11,2.4284493527217816
2013-12-12,2.413526383622444
2013-12-13,2.4001342562038928
2013-12-14,2.3882729704661285
2013-12-15,2.377942526409151
2013-12-16,2.3691429240329587
2013-12-17,2.361109336042065
2013-12-18,2.3492527986635356
2013-12-19,2.332808484601884
2013-12-20,2.3117763938571088
2013-12-21,2.286156526429209
2013-12-22,2.2559488823181857
2013-12-23,2.22115346152404
2013-12-24,2.1817702640467695
2013-12-25,2.1377992898863765
2013-12-26,2.089240539042859
2013-12-27,2.0360940115162185
2013-12-28,1.9783597073064543
2013-12-29,1.9160376264135668
2013-12-30,1.8491277688375551
2013-12-31,1.7776301345784207
2014-01-01,1.7015447236361618
2014-01-02,1.6208715360107804
2014-01-03,1.5356105717022746
2014-01-04,1.4457618307106457
2014-01-05,1.3513253130358933
2014-01-06,1.2523010186780168
2014-01-07,1.1486889476370172
2014-01-08,1.0404890999128944
2014-01-09,0.9277014755056475
2014-01-10,0.8103260744152773
2014-01-11,0.6883628966417833
2014-01-12,0.5618119421851657
2014-01-13,0.4306732110454248
2014-01-14,0.29494670322256045
2014-01-15,0.15463241871657218
2014-01-16,0.009730357527460765
2014-01-17,-0.13777128023768456
2014-01-18,-0.27594329393632405
2014-01-19,-0.40279748346136807
2014-01-20,-0.5183338488128165
2014-01-21,-0.6225523899906691
2014-01-22,-0.7154531069949264
2014-01-23,-0.7970359998255878
2014-01-24,-0.8673010684826539
2014-01-25,-0.9262483129661242
2014-01-26,-0.9738777332759987
2014-01-27,-1.010189329412278
2014-01-28,-1.0351831013749615
2014-01-29,-1.0488590491640495
2014-01-30,-1.0512171727795419
2014-01-31,-1.0422574722214386
2014-02-01,-1.0219799474897395
2014-02-02,-0.9903845985844448
2014-02-03,-0.9474714255055546
2014-02-04,-0.893240428253069
2014-02-05,-0.8276916068269877
2014-02-06,-0.7508249612273109
2014-02-07,-0.6626404914540381
2014-02-08,-0.56313819750717
2014-02-09,-0.4523180793867061
2014-02-10,-0.3301801370926467
2014-02-11,-0.1967243706249917
2014-02-12,-0.05195077998374131
2014-02-13,0.10414063483110492
2014-02-14,0.27154987381954676
2014-02-15,0.4502769369815842
2014-02-16,0.6278328270506621
2014-02-17,0.7917285467602257
2014-02-18,0.9419640961102749
2014-02-19,1.0785394751008095
2014-02-20,1.2014546837318294
2014-02-21,1.3107097220033352
2014-02-22,1.406304589915327
2014-02-23,1.4882392874678037
2014-02-24,1.5565138146607658
2014-02-25,1.6111281714942138
2014-02-26,1.6520823579681474
2014-02-27,1.6793763740825665
2014-02-28,1.6930102198374708
2014-03-01,1.6929838952328606
2014-03-02,1.6792974002687369
2014-03-03,1.651950734945098
2014-03-04,1.6109438992619447
2014-03-05,1.5562768932192768
2014-03-06,1.4879497168170952
2014-03-07,1.4059623700553976
2014-03-08,1.3103148529341873
2014-03-09,1.2010071654534618
2014-03-10,1.078039307613222
2014-03-11,0.9414112794134677
2014-03-12,0.7911230808541987
2014-03-13,0.6271747119354154
2014-03-14,0.4495661726571174
2014-03-15,0.25829746301930556
2014-03-16,0.05336858302197878
2014-03-17,-0.16076158842881486
2014-03-18,-0.35733977789678956
2014-03-19,-0.5319071064758978
2014-03-20,-0.6844635741661395
2014-03-21,-0.8150091809675158
2014-03-22,-0.9235439268800252
2014-03-23,-1.0100678119036683
2014-03-24,-1.074580836038445
2014-03-25,-1.1170829992843558
2014-03-26,-1.1375743016413993
2014-03-27,-1.1360547431095773
2014-03-28,-1.112524323688889
2014-03-29,-1.066983043379334
2014-03-30,-0.9994309021809127
2014-03-31,-0.9098679000936254
2014-04-01,-0.7982940371174712
2014-04-02,-0.6647093132524509
2014-04-03,-0.5091137284985643
2014-04-04,-0.3315072828558119
2014-04-05,-0.1318899763241923
2014-04-06,0.08973819109629266
2014-04-07,0.33337721940564524
2014-04-08,0.5990271086038632
2014-04-09,0.8866878586909475
2014-04-10,1.1963594696668984
2014-04-11,1.5280419415317161
2014-04-12,1.8817352742853992
2014-04-13,2.257439467927949
2014-04-14,2.655154522459366
2014-04-15,3.0748804378796484
2014-04-16,3.5166172141887966
2014-04-17,3.9549365581611693
2014-04-18,4.364410176571121
2014-04-19,4.745038069418652
2014-04-20,5.0968202367037625
2014-04-21,5.419756678426452
2014-04-22,5.713847394586724
2014-04-23,5.9790923851845745
2014-04-24,6.215491650220002
2014-04-25,6.423045189693014
2014-04-26,6.601753003603603
2014-04-27,6.751615091951771
2014-04-28,6.87263145473752
2014-04-29,6.9648020919608475
2014-04-30,7.028127003621756
2014-05-01,7.0626061897202455
2014-05-02,7.06823965025631
2014-05-03,7.045027385229958
2014-05-04,6.992969394641185
2014-05-05,6.912065678489991
2014-05-06,6.802316236776378
2014-05-07,6.663721069500344
2014-05-08,6.496280176661888
2014-05-09,6.299993558261014
2014-05-10,6.074861214297719
2014-05-11,5.8208831447720035
2014-05-12,5.538059349683869
2014-05-13,5.226389829033313
2014-05-14,4.885874582820336
2014-05-15,4.51651361104494
2014-05-16,4.118306913707122
2014-05-17,3.6969591830183575
2014-05-18,3.286698572247474
2014-05-19,2.893229773605944
2014-05-20,2.516552787093766
2014-05-21,2.156667612710944
2014-05-22,1.813574250457474
2014-05-23,1.4872727003333566
2014-05-24,1.1777629623385948
2014-05-25,0.8850450364731842
2014-05-26,0.6091189227371281
2014-05-27,0.34998462113042605
2014-05-28,0.10764213165307601
2014-05-29,-0.11790854569491936
2014-05-30,-0.32666741091356205
2014-05-31,-0.5186344640028507
2014-06-01,-0.6938097049627865
2014-06-02,-0.8521931337933686
2014-06-03,-0.9937847504945969
2014-06-04,-1.1185845550664724
2014-06-05,-1.226592547508994
2014-06-06,-1.3178087278221624
2014-06-07,-1.3922330960059777
2014-06-08,-1.4498656520604387
2014-06-09,-1.4907063959855469
2014-06-10,-1.5147553277813015
2014-06-11,-1.5220124474477024
2014-06-12,-1.5124777549847503
2014-06-13,-1.4861512503924448
2014-06-14,-1.4430329336707854
2014-06-15,-1.3831228048197728
2014-06-16,-1.3064208638394066
2014-06-17,-1.222179441610415
2014-06-18,-1.1396508690135254
2014-06-19,-1.0588351460487377
2014-06-20,-0.9797322727160522
2014-06-21,-0.9023422490154688
2014-06-22,-0.8266650749469874
2014-06-23,-0.7527007505106081
2014-06-24,-0.6804492757063311
2014-06-25,-0.6099106505341558
2014-06-26,-0.5410848749940828
2014-06-27,-0.47397194908611195
2014-06-28,-0.4085718728102431
2014-06-29,-0.34488464616647624
2014-06-30,-0.2829102691548116
2014-07-01,-0.222648741775249
2014-07-02,-0.16410006402778843
2014-07-03,-0.10726423591242987
2014-07-04,-0.052141257429173554
2014-07-05,0.0012688714219807884
2014-07-06,0.05296615064103308
2014-07-07,0.1029505802279832
2014-07-08,0.15122216018283133
2014-07-09,0.1977808905055773
2014-07-10,0.24262677119622117
2014-07-11,0.28575980225476305
2014-07-12,0.32717998368120277
2014-07-13,0.36688731547554043
2014-07-14,0.40488179763777604
2014-07-15,0.4411634301679096
2014-07-16,0.475732213065941
2014-07-17,0.5091275217602899
2014-07-18,0.5445856088214729
2014-07-19,0.5826458496779098
2014-07-20,0.6233082443296005
2014-07-21,0.6665727927765447
2014-07-22,0.7124394950187428
2014-07-23,0.7609083510561946
2014-07-24,0.8119793608889
2014-07-25,0.8656525245168593
2014-07-26,0.9219278419400723
2014-07-27,0.980805313158539
2014-07-28,1.0422849381722596
2014-07-29,1.1063667169812337
2014-07-30,1.1730506495854613
2014-07-31,1.2423367359849433
2014-08-01,1.3142249761796787
2014-08-02,1.3887153701696677
2014-08-03,1.4658079179549106
2014-08-04,1.5455026195354074
2014-08-05,1.627799474911158
2014-08-06,1.712698484082162
2014-08-07,1.8001996470484194
2014-08-08,1.8903029638099316
2014-08-09,1.9830084343666967
2014-08-10,2.078316058718716
2014-08-11,2.1762258368659886
2014-08-12,2.276737768808515
2014-08-13,2.3798518545462954
2014-08-14,2.4855680940793294
2014-08-15,2.593886487407617
2014-08-16,2.704807034531159
2014-08-17,2.8170715971893743
2014-08-18,2.923131345818789
2014-08-19,3.021728142158821
2014-08-20,3.112861986209471
2014-08-21,3.196532877970742
2014-08-22,3.2727408174426302
2014-08-23,3.3414858046251372
2014-08-24,3.402767839518262
2014-08-25,3.456586922122007
2014-08-26,3.502943052436369
2014-08-27,3.5418362304613513
2014-08-28,3.5732664561969525
2014-08-29,3.59723372964317
2014-08-30,3.613738050800008
2014-08-31,3.622779419667464
2014-09-01,3.624357836245539
2014-09-02,3.618473300534232
2014-09-03,3.6051258125335437
2014-09-04,3.584315372243475
2014-09-05,3.556041979664024
2014-09-06,3.5203056347951915
2014-09-07,3.477106337636978
2014-09-08,3.4264440881893834
2014-09-09,3.368318886452407
2014-09-10,3.3027307324260495
2014-09-11,3.22967962611031
2014-09-12,3.1491655675051904
2014-09-13,3.0611885566106882
2014-09-14,2.965748593426806
2014-09-15,2.862845677953541
2014-09-16,2.752479810190895
2014-09-17,2.640268754021728
2014-09-18,2.5318302733288993
2014-09-19,2.4271643681124084
2014-09-20,2.3262710383722567
2014-09-21,2.2291502841084427
2014-09-22,2.1358021053209675
2014-09-23,2.0462265020098305
2014-09-24,1.9604234741750315
2014-09-25,1.8783930218165714
2014-09-26,1.8001351449344496
2014-09-27,1.725649843528666
2014-09-28,1.6549371175992211
2014-09-29,1.5879969671461145
2014-09-30,1.5248293921693463
2014-10-01,1.4654343926689164
2014-10-02,1.4098119686448247
2014-10-03,1.3579621200970715
2014-10-04,1.309884847025657
2014-10-05,1.2655801494305805
2014-10-06,1.2250480273118423
2014-10-07,1.188288480669443
2014-10-08,1.1553015095033816
2014-10-09,1.1260871138136588
2014-10-10,1.1006452936002744
2014-10-11,1.0789760488632283
2014-10-12,1.0610793796025209
2014-10-13,1.0469552858181514
2014-10-14,1.0366037675101203
2014-10-15,1.0300248246784278
2014-10-16,1.0272184573230736
2014-10-17,1.0270938859229632
2014-10-18,1.0231064333515296
2014-10-19,1.014165320087678
2014-10-20,1.0002705461314076
2014-10-21,0.98142211148272
2014-10-22,0.9576200161416137
2014-10-23,0.9288642601080896
2014-10-24,0.8951548433821476
2014-10-25,0.8564917659637872
2014-10-26,0.8128750278530091
2014-10-27,0.7643046290498128
2014-10-28,0.7107805695541982
2014-10-29,0.652302849366166
2014-10-30,0.5888714684857155
2014-10-31,0.5204864269128466
2014-11-01,0.4471477246475602
2014-11-02,0.36885536168985555
2014-11-03,0.28560933803973254
2014-11-04,0.19740965369719166
2014-11-05,0.1042563086622329
2014-11-06,0.00614930293485616
2014-11-07,-0.09691136348493878
2014-11-08,-0.20492569059715204
2014-11-09,-0.3178936784017832
2014-11-10,-0.4358153268988322
2014-11-11,-0.5586906360882996
2014-11-12,-0.6865196059701849
2014-11-13,-0.819302236544488
2014-11-14,-0.9570385278112096
2014-11-15,-1.099728479770349
2014-11-16,-1.2473720924219065
2014-11-17,-1.3875647255603794
2014-11-18,-1.5079017389802658
2014-11-19,-1.6083831326815647
2014-11-20,-1.6890089066642766
2014-11-21,-1.7497790609284012
2014-11-22,-1.7906935954739394
2014-11-23,-1.8117525103008905
2014-11-24,-1.8129558054092538
2014-11-25,-1.7943034807990306
2014-11-26,-1.7557955364702202
2014-11-27,-1.697431972422823
2014-11-28,-1.6192127886568395
2014-11-29,-1.5211379851722675
2014-11-30,-1.4032075619691098
2014-12-01,-1.2654215190473643
2014-12-02,-1.1077798564070316
2014-12-03,-0.9302825740481127
2014-12-04,-0.7329296719706062
2014-12-05,-0.5157211501745129
2014-12-06,-0.2786570086598319
2014-12-07,-0.02173724742656491
2014-12-08,0.2550381335252898
2014-12-09,0.5516691341957314
2014-12-10,0.8681557545847598
2014-12-11,1.2044979946923755
2014-12-12,1.5606958545185776
2014-12-13,1.936749334063368
2014-12-14,2.332658433326744
2014-12-15,2.7484231523087077
2014-12-16,3.1840434910092585
2014-12-17,3.6336843294153898
2014-12-18,4.062334947449056
2014-12-19,4.4641602250972525
2014-12-20,4.839160162359981
2014-12-21,5.1873347592372365
2014-12-22,5.5086840157290204
2014-12-23,5.8032079318353365
2014-12-24,6.07090650755618
2014-12-25,6.311779742891556
2014-12-26,6.525827637841458
2014-12-27,6.713050192405892
2014-12-28,6.873447406584855
2014-12-29,7.007019280378348
2014-12-30,7.113765813786369
2014-12-31,7.193687006808921
2015-01-01,7.246782859446001
2015-01-02,7.273053371697612
2015-01-03,7.272498543563753
2015-01-04,7.245118375044423
2015-01-05,7.190912866139623
2015-01-06,7.10988201684935
2015-01-07,7.002025827173609
2015-01-08,6.867344297112398
2015-01-09,6.705837426665716
2015-01-10,6.517505215833563
2015-01-11,6.302347664615939
2015-01-12,6.060364773012845
2015-01-13,5.79155654102428
2015-01-14,5.495922968650248
2015-01-15,5.173464055890741
2015-01-16,4.824179802745767
2015-01-17,4.452759375875654
2015-01-18,4.087337775242408
2015-01-19,3.732604167506359
2015-01-20,3.38855855266751
2015-01-21,3.0552009307258614
2015-01-22,2.73253130168141
2015-01-23,2.4205496655341583
2015-01-24,2.1192560222841053
2015-01-25,1.8286503719312512
2015-01-26,1.5487327144755967
2015-01-27,1.279503049917141
2015-01-28,1.0209613782558842
2015-01-29,0.7731076994918262
2015-01-30,0.5359420136249674
2015-01-31,0.3094643206553077
2015-02-01,0.0936746205828474
2015-02-02,-0.11142708659241451
2015-02-03,-0.3058408008704769
2015-02-04,-0.4895665222513407
2015-02-05,-0.6626042507350054
2015-02-06,-0.824953986321471
2015-02-07,-0.9766157290107378
2015-02-08,-1.1175894788028051
2015-02-09,-1.2478752356976737
2015-02-10,-1.3674729996953432
2015-02-11,-1.476382770795814
2015-02-12,-1.5746045489990854
2015-02-13,-1.6621383343051577
2015-02-14,-1.7389841267140314
2015-02-15,-1.8051419262257058
2015-02-16,-1.865228737605357
2015-02-17,-1.92386156561816
2015-02-18,-1.9810404102641146
2015-02-19,-2.036765271543221
2015-02-20,-2.09103614945548
2015-02-21,-2.143853044000891
2015-02-22,-2.195215955179454
2015-02-23,-2.2451248829911683
2015-02-24,-2.293579827436035
2015-02-25,-2.3405807885140537
2015-02-26,-2.3861277662252243
2015-02-27,-2.4302207605695467
2015-02-28,-2.472859771547021
2015-03-01,-2.514044799157648
2015-03-02,-2.5537758434014264
2015-03-03,-2.592052904278357
2015-03-04,-2.628875981788439
2015-03-05,-2.6642450759316736
2015-03-06,-2.6981601867080602
2015-03-07,-2.730621314117598
2015-03-08,-2.7616284581602883
2015-03-09,-2.7911816188361307
2015-03-10,-2.819280796145125
2015-03-11,-2.845925990087271
2015-03-12,-2.8711172006625683
2015-03-13,-2.894854427871019
2015-03-14,-2.9171376717126205
2015-03-15,-2.9379669321873756
2015-03-16,-2.9573422092952812
2015-03-17,-2.9745492137475797
2015-03-18,-2.9853022098117186
2015-03-19,-2.988886908198937
2015-03-20,-2.9853033089092356
2015-03-21,-2.974551411942615
2015-03-22,-2.9566312172990745
2015-03-23,-2.931542724978615
2015-03-24,-2.899285934981235
2015-03-25,-2.859860847306936
2015-03-26,-2.8132674619557165
2015-03-27,-2.7595057789275788
2015-03-28,-2.6985757982225205
2015-03-29,-2.630477519840542
2015-03-30,-2.5552109437816446
2015-03-31,-2.472776070045828
2015-04-01,-2.3831728986330907
2015-04-02,-2.2864014295434343
2015-04-03,-2.182461662776858
2015-04-04,-2.0713535983333626
2015-04-05,-1.9530772362129474
2015-04-06,-1.827632576415612
2015-04-07,-1.6950196189413576
2015-04-08,-1.5552383637901832
2015-04-09,-1.4082888109620895
2015-04-10,-1.2541709604570757
2015-04-11,-1.092884812275142
2015-04-12,-0.9244303664162896
2015-04-13,-0.7488076228805169
2015-04-14,-0.5660165816678244
2015-04-15,-0.3760572427782125
2015-04-16,-0.17892960621168097
2015-04-17,0.014874244037885873
2015-04-18,0.19486222397660435
2015-04-19,0.36103433360447407
2015-04-20,0.5133905729214943
2015-04-21,0.6519309419276664
2015-04-22,0.7766554406229897
2015-04-23,0.887564069007464
2015-04-24,0.9846568270810896
2015-04-25,1.0679337148438668
2015-04-26,1.1373947322957951
2015-04-27,1.193039879436874
2015-04-28,1.2348691562671053
2015-04-29,1.262882562786487
2015-04-30,1.2770800989950202
2015-05-01,1.277461764892705
2015-05-02,1.2640275604795403
2015-05-03,1.2367774857555278
2015-05-04,1.1957115407206653
2015-05-05,1.1408297253749553
2015-05-06,1.072132039718396
2015-05-07,0.9896184837509882
2015-05-08,0.8932890574727308
2015-05-09,0.7831437608836251
2015-05-10,0.6591825939836711
2015-05-11,0.5214055567728677
2015-05-12,0.36981264925121615
2015-05-13,0.20440387141871552
2015-05-14,0.025179223275366258
2015-05-15,-0.16786129517883164
2015-05-16,-0.3747176839438786
2015-05-17,-0.59176315549329
2015-05-18,-0.7972369846681605
2015-05-19,-0.9875123839420061
2015-05-20,-1.1625893533148266
2015-05-21,-1.3224678927866225
2015-05-22,-1.4671480023573933
2015-05-23,-1.5966296820271393
2015-05-24,-1.71091293179586
2015-05-25,-1.809997751663556
2015-05-26,-1.893884141630227
2015-05-27,-1.9625721016958728
2015-05-28,-2.0160616318604934
2015-05-29,-2.054352732124089
2015-05-30,-2.077445402486661
2015-05-31,-2.0853396429482065
2015-06-01,-2.0780354535087278
2015-06-02,-2.0555328341682246
2015-06-03,-2.0178317849266953
2015-06-04,-1.9649323057841412
2015-06-05,-1.8968343967405623
2015-06-06,-1.813538057795959
2015-06-07,-1.7150432889503309
2015-06-08,-1.6013500902036761
2015-06-09,-1.4724584615559981
2015-06-10,-1.3283684030072949
2015-06-11,-1.1690799145575659
2015-06-12,-0.9945929962068127
2015-06-13,-0.8049076479550346
2015-06-14,-0.6000238698022313
2015-06-15,-0.3799416617484024
2015-06-16,-0.14466102379354928
2015-06-17,0.09276114219823624
2015-06-18,0.319267934362862
2015-06-19,0.5348593527003274
2015-06-20,0.7395353972106321
2015-06-21,0.9332960678937768
2015-06-22,1.1161413647497613
2015-06-23,1.2880712877785856
2015-06-24,1.44908583698025
2015-06-25,1.599185012354754
2015-06-26,1.7383688139020976
2015-06-27,1.866637241622281
2015-06-28,1.9839902955153041
2015-06-29,2.0904279755811666
2015-06-30,2.18595028181987
2015-07-01,2.2705572142314128
2015-07-02,2.344248772815795
2015-07-03,2.407024957573017
2015-07-04,2.4588857685030785
2015-07-05,2.4998312056059815
2015-07-06,2.5298612688817217
2015-07-07,2.548975958330303
2015-07-08,2.5571752739517244
2015-07-09,2.554459215745985
2015-07-10,2.5408277837130857
2015-07-11,2.5162809778530257
2015-07-12,2.4808187981658056
2015-07-13,2.4344412446514254
2015-07-14,2.3771483173098855
2015-07-15,2.308940016141185
2015-07-16,2.229816341145324
2015-07-17,2.1418560039518026
2015-07-18,2.0575312743376126
2015-07-19,1.9789208639322542
2015-07-20,1.9060247727357276
2015-07-21,1.838843000748033
2015-07-22,1.777375547969169
2015-07-23,1.721622414399137
2015-07-24,1.6715836000379363
2015-07-25,1.6272591048855671
2015-07-26,1.588648928942029
2015-07-27,1.555753072207323
2015-07-28,1.5285715346814484
2015-07-29,1.5071043163644051
2015-07-30,1.491351417256193
2015-07-31,1.4813128373568127
2015-08-01,1.4769885766662638
2015-08-02,1.4783786351845465
2015-08-03,1.48548301291166
2015-08-04,1.4983017098476061
2015-08-05,1.5168347259923831
2015-08-06,1.5410820613459917
2015-08-07,1.5710437159084314
2015-08-08,1.6067196896797031
2015-08-09,1.648109982659806
2015-08-10,1.6952145948487405
2015-08-11,1.7480335262465063
2015-08-12,1.8065667768531035
2015-08-13,1.8708143466685325
2015-08-14,1.9407762356927927
2015-08-15,2.016452443925884
2015-08-16,2.097842971367808
2015-08-17,2.1838519471119313
2015-08-18,2.267904145718472
2015-08-19,2.3489036962807974
2015-08-20,2.426850598798908
2015-08-21,2.501744853272805
2015-08-22,2.5735864597024865
2015-08-23,2.6423754180879535
2015-08-24,2.708111728429206
2015-08-25,2.770795390726244
2015-08-26,2.830426404979067
2015-08-27,2.887004771187676
2015-08-28,2.9405304893520707
2015-08-29,2.9910035594722495
2015-08-30,3.038423981548215
2015-08-31,3.082791755579965
2015-09-01,3.124106881567501
2015-09-02,3.162369359510822
2015-09-03,3.197579189409928
2015-09-04,3.2297363712648206
2015-09-05,3.2588409050754974
2015-09-06,3.2848927908419605
2015-09-07,3.3078920285642086
2015-09-08,3.3278386182422426
2015-09-09,3.344732559876061
2015-09-10,3.358573853465666
2015-09-11,3.3693624990110553
2015-09-12,3.3770984965122306
2015-09-13,3.3817818459691913
2015-09-14,3.383412547381938
2015-09-15,3.3819906007504685
2015-09-16,3.377516006074785
2015-09-17,3.3675398448635003
2015-09-18,3.349613198625229
2015-09-19,3.3237360673599685
2015-09-20,3.289908451067721
2015-09-21,3.248130349748485
2015-09-22,3.198401763402262
2015-09-23,3.1407226920290507
2015-09-24,3.075093135628852
2015-09-25,3.001513094201665
2015-09-26,2.9199825677474904
2015-09-27,2.830501556266328
2015-09-28,2.7330700597581785
2015-09-29,2.62768807822304
2015-09-30,2.514355611660916
2015-10-01,2.3930726600718017
2015-10-02,2.2638392234557
2015-10-03,2.1266553018126113
2015-10-04,1.9815208951425347
2015-10-05,1.82843600344547
2015-10-06,1.667400626721418
2015-10-07,1.4984147649703778
2015-10-08,1.3214784181923498
2015-10-09,1.1365915863873337
2015-10-10,0.9437542695553309
2015-10-11,0.7429664676963394
2015-10-12,0.5342281808103606
2015-10-13,0.31753940889739396
2015-10-14,0.09290015195743928
2015-10-15,-0.1396895900095032
2015-10-16,-0.3802298170034335
2015-10-17,-0.6266557006218125
2015-10-18,-0.8665782704494083
2015-10-19,-1.0979326980836814
2015-10-20,-1.3207189835246325
2015-10-21,-1.5349371267722614
2015-10-22,-1.7405871278265677
2015-10-23,-1.9376689866875525
2015-10-24,-2.126182703355213
2015-10-25,-2.306128277829553
2015-10-26,-2.477505710110571
2015-10-27,-2.6403150001982656
2015-10-28,-2.794556148092638
2015-10-29,-2.940229153793689
2015-10-30,-3.0773340173014168
2015-10-31,-3.2058707386158227
2015-11-01,-3.3258393177369068
2015-11-02,-3.437239754664667
2015-11-03,-3.540072049399106
2015-11-04,-3.6343362019402234
2015-11-05,-3.720032212288017
2015-11-06,-3.7971600804424894
2015-11-07,-3.865719806403639
2015-11-08,-3.9257113901714664
2015-11-09,-3.977134831745972
2015-11-10,-4.019990131127154
2015-11-11,-4.054277288315014
2015-11-12,-4.079996303309554
2015-11-13,-4.09714717611077
2015-11-14,-4.105729906718663
2015-11-15,-4.1057444951332345
2015-11-16,-4.097190941354484
2015-11-17,-4.075114411668432
2015-11-18,-4.034560072361101
2015-11-19,-3.975527923432489
2015-11-20,-3.8980179648825986
2015-11-21,-3.802030196711427
2015-11-22,-3.6875646189189757
2015-11-23,-3.554621231505246
2015-11-24,-3.4032000344702364
2015-11-25,-3.233301027813946
2015-11-26,-3.0449242115363764
2015-11-27,-2.838069585637527
2015-11-28,-2.6127371501173986
2015-11-29,-2.3689269049759893
2015-11-30,-2.1066388502133013
2015-12-01,-1.825872985829333
2015-12-02,-1.5266293118240843
2015-12-03,-1.2089078281975567
2015-12-04,-0.8727085349497496
2015-12-05,-0.5180314320806625
2015-12-06,-0.1448765195902948
2015-12-07,0.24675620252135166
2015-12-08,0.6568667342542782
2015-12-09,1.0854550756084844
2015-12-10,1.5325212265839703
2015-12-11,1.9980651871807353
2015-12-12,2.4820869573987805
2015-12-13,2.984586537238106
2015-12-14,3.5055639266987106
2015-12-15,4.045019125780595
2015-12-16,4.602952134483759
2015-12-17,5.17253306769293
2015-12-18,5.712782614716454
2015-12-19,6.216870890439064
2015-12-20,6.684797894860758
2015-12-21,7.116563627981532
2015-12-22,7.512168089801386
2015-12-23,7.871611280320327
2015-12-24,8.194893199538349
2015-12-25,8.482013847455452
2015-12-26,8.732973224071637
2015-12-27,8.947771329386907
2015-12-28,9.126408163401258
2015-12-29,9.268883726114693
2015-12-30,9.37519801752721
2015-12-31,9.445351037638808
2016-01-01,9.479342786449491
2016-01-02,9.477173263959251
2016-01-03,9.438842470168098
2016-01-04,9.364350405076028
2016-01-05,9.25369706868304
2016-01-06,9.106882460989132
2016-01-07,8.923906581994311
2016-01-08,8.70476943169857
2016-01-09,8.44947101010191
2016-01-10,8.158011317204334
2016-01-11,7.830390353005841
2016-01-12,7.466608117506428
2016-01-13,7.0666646107061
2016-01-14,6.6305598326048525
2016-01-15,6.158293783202689
2016-01-16,5.649866462499608
2016-01-17,5.112811261658748
2016-01-18,4.592328527658946
2016-01-19,4.095951651663341
2016-01-20,3.623680633671934
2016-01-21,3.1755154736847238
2016-01-22,2.7514561717017108
2016-01-23,2.351502727722894
2016-01-24,1.9756551417482755
2016-01-25,1.6239134137778528
2016-01-26,1.2962775438116276
2016-01-27,0.9927475318496004
2016-01-28,0.713323377891769
2016-01-29,0.4580050819381356
2016-01-30,0.22679264398869858
2016-01-31,0.01968606404345924
2016-02-01,-0.1633146578975834
2016-02-02,-0.3222095218344291
2016-02-03,-0.4569985277670774
2016-02-04,-0.5676816756955286
2016-02-05,-0.6542589656197825
2016-02-06,-0.7167303975398401
2016-02-07,-0.7550959714557
2016-02-08,-0.7693556873673627
2016-02-09,-0.7595095452748287
2016-02-10,-0.7255575451780973
2016-02-11,-0.667499687077169
2016-02-12,-0.5853359709720438
2016-02-13,-0.47906639686272134
2016-02-14,-0.3486909647492018
2016-02-15,-0.1942096746314852
2016-02-16,-0.019670114939848375
2016-02-17,0.15064218374404642
2016-02-18,0.31267963298992213
2016-02-19,0.46644223279777847
2016-02-20,0.6119299831676163
2016-02-21,0.7491428840994349
2016-02-22,0.8780809355932347
2016-02-23,0.9987441376490153
2016-02-24,1.1111324902667767
2016-02-25,1.215245993446519
2016-02-26,1.3110846471882425
2016-02-27,1.3986484514919475
2016-02-28,1.4779374063576327
2016-02-29,1.548951511785299
2016-03-01,1.6116907677749468
2016-03-02,1.666155174326575
2016-03-03,1.712344731440184
2016-03-04,1.7502594391157744
2016-03-05,1.779899297353346
2016-03-06,1.8012643061528983
2016-03-07,1.814354465514432
2016-03-08,1.8191697754379461
2016-03-09,1.8157102359234414
2016-03-10,1.8039758469709175
2016-03-11,1.7839666085803745
2016-03-12,1.755682520751813
2016-03-13,1.7191235834852319
2016-03-14,1.6742897967806325
2016-03-15,1.6211811606380133
2016-03-16,1.5597976750573757
2016-03-17,1.491128912682181
2016-03-18,1.4211123093732034
2016-03-19,1.3507374377739059
2016-03-20,1.2800042978842876
2016-03-21,1.2089128897043493
2016-03-22,1.13746321323409
2016-03-23,1.0656552684735108
2016-03-24,0.9934890554226111
2016-03-25,0.9209645740813908
2016-03-26,0.84808182444985
2016-03-27,0.7748408065279893
2016-03-28,0.7012415203158076
2016-03-29,0.6272839658133056
2016-03-30,0.5529681430204834
2016-03-31,0.47829405193734076
2016-04-01,0.4032616925638775
2016-04-02,0.32787106490009393
2016-04-03,0.25212216894599004
2016-04-04,0.17601500470156567
2016-04-05,0.09954957216682081
2016-04-06,0.022725871341755688
2016-04-07,-0.05445609777362992
2016-04-08,-0.131996335179336
2016-04-09,-0.20989484087536253
2016-04-10,-0.28815161486170926
2016-04-11,-0.36676665713837664
2016-04-12,-0.4457399677053643
2016-04-13,-0.5250715465626722
2016-04-14,-0.6047613937103009
2016-04-15,-0.6848095091482498
2016-04-16,-0.7652158928765191
2016-04-17,-0.8394693965222867
2016-04-18,-0.9010588717127304
2016-04-19,-0.9499843184478499
2016-04-20,-0.9862457367276454
2016-04-21,-1.0098431265521168
2016-04-22,-1.0207764879212644
2016-04-23,-1.019045820835088
2016-04-24,-1.0046511252935877
2016-04-25,-0.9775924012967633
2016-04-26,-0.9378696488446148
2016-04-27,-0.8854828679371423
2016-04-28,-0.8204320585743459
2016-04-29,-0.7427172207562253
2016-04-30,-0.652338354482781
2016-05-01,-0.5492954597540127
2016-05-02,-0.4335885365699199
2016-05-03,-0.30521758493050366
2016-05-04,-0.1641826048357633
2016-05-05,-0.010483596285698837
2016-05-06,0.15587944071968973
2016-05-07,0.33490650618040196
2016-05-08,0.5265976000964387
2016-05-09,0.7309527224677996
2016-05-10,0.9479718732944831
2016-05-11,1.1776550525764924
2016-05-12,1.420002260313825
2016-05-13,1.675013496506481
2016-05-14,1.9426887611544612
2016-05-15,2.2230280542577656
2016-05-16,2.516031375816394
2016-05-17,2.8177744355530727
2016-05-18,3.104711491804159
2016-05-19,3.3729182542923803
2016-05-20,3.6223947230177354
2016-05-21,3.853140897980225
2016-05-22,4.065156779179849
2016-05-23,4.258442366616608
2016-05-24,4.4329976602905
2016-05-25,4.588822660201527
2016-05-26,4.725917366349688
2016-05-27,4.844281778734983
2016-05-28,4.943915897357412
2016-05-29,5.024819722216977
2016-05-30,5.086993253313675
2016-05-31,5.130436490647507
2016-06-01,5.155149434218473
2016-06-02,5.161132084026574
2016-06-03,5.148384440071808
2016-06-04,5.116906502354178
2016-06-05,5.066698270873682
2016-06-06,4.997759745630321
2016-06-07,4.910090926624093
2016-06-08,4.803691813855
2016-06-09,4.6785624073230405
2016-06-10,4.534702707028216
2016-06-11,4.372112712970525
2016-06-12,4.190792425149969
2016-06-13,3.990741843566547
2016-06-14,3.77196096822026
2016-06-15,3.5344497991111057
2016-06-16,3.278208336239087
2016-06-17,3.0168485788274677
2016-06-18,2.7639825260995137
2016-06-19,2.519610178055224
2016-06-20,2.2837315346946006
2016-06-21,2.0563465960176415
2016-06-22,1.8374553620243474
2016-06-23,1.6270578327147194
2016-06-24,1.4251540080887564
2016-06-25,1.2317438881464577
2016-06-26,1.0468274728878249
2016-06-27,0.8704047623128573
2016-06-28,0.7024757564215546
2016-06-29,0.5430404552139172
2016-06-30,0.3920988586899447
2016-07-01,0.2496509668496375
2016-07-02,0.11569677969299555
2016-07-03,-0.009763702779981454
2016-07-04,-0.126730480569293
2016-07-05,-0.23520355367493959
2016-07-06,-0.33518292209692097
2016-07-07,-0.42666858583523715
2016-07-08,-0.5096605448898883
2016-07-09,-0.5841587992608743
2016-07-10,-0.650163348948195
2016-07-11,-0.7076741939518507
2016-07-12,-0.7566913342718411
2016-07-13,-0.7972147699081662
2016-07-14,-0.8292445008608265
2016-07-15,-0.8527805271298217
2016-07-16,-0.8678228487151513
2016-07-17,-0.8747929280582836
2016-07-18,-0.8762195398080231
2016-07-19,-0.8725241464058381
2016-07-20,-0.8637067478517282
2016-07-21,-0.8497673441456933
2016-07-22,-0.8307059352877334
2016-07-23,-0.806522521277849
2016-07-24,-0.7772171021160392
2016-07-25,-0.7427896778023048
2016-07-26,-0.7032402483366453
2016-07-27,-0.6585688137190612
2016-07-28,-0.6087753739495523
2016-07-29,-0.5538599290281181
2016-07-30,-0.4938224789547593
2016-07-31,-0.4286630237294754
2016-08-01,-0.3583815633522668
2016-08-02,-0.2829780978231333
2016-08-03,-0.2024526271420749
2016-08-04,-0.11680515130909164
2016-08-05,-0.026035670324183524
2016-08-06,0.06985581581264977
2016-08-07,0.17086930710140746
2016-08-08,0.27700480354209045
2016-08-09,0.3882623051346983
2016-08-10,0.5046418118792307
2016-08-11,0.6261433237756884
2016-08-12,0.7527668408240705
2016-08-13,0.8845123630243779
2016-08-14,1.02137989037661
2016-08-15,1.1633694228807672
2016-08-16,1.3104809605368493
2016-08-17,1.4610227887076301
2016-08-18,1.6048446195697585
2016-08-19,1.7402547384860074
2016-08-20,1.8672531454563768
2016-08-21,1.9858398404808684
2016-08-22,2.0960148235594804
2016-08-23,2.1977780946922136
2016-08-24,2.291129653879068
2016-08-25,2.3760695011200434
2016-08-26,2.4525976364151396
2016-08-27,2.520714059764357
2016-08-28,2.5804187711676962
2016-08-29,2.6317117706251554
2016-08-30,2.6745930581367365
2016-08-31,2.7090626337024375
2016-09-01,2.7351204973222605
2016-09-02,2.7527666489962046
2016-09-03,2.7620010887242694
2016-09-04,2.762823816506456
2016-09-05,2.7552348323427625
2016-09-06,2.7392341362331907
2016-09-07,2.7148217281777396
2016-09-08,2.68199760817641
2016-09-09,2.6407617762292013
2016-09-10,2.5911142323361136
2016-09-11,2.5330549764971466
2016-09-12,2.466584008712302
2016-09-13,2.3917013289815774
2016-09-14,2.308406937304974
2016-09-15,2.2167008336824914
2016-09-16,2.11658301811413
2016-09-17,2.0179769179210982
2016-09-18,1.9308059604246044
2016-09-19,1.855070145624648
2016-09-20,1.79076947352123
2016-09-21,1.7379039441143496
2016-09-22,1.6964735574040066
2016-09-23,1.666478313390202
2016-09-24,1.647918212072935
2016-09-25,1.6407932534522056
2016-09-26,1.6451034375280142
2016-09-27,1.6608487643003604
2016-09-28,1.688029233769245
2016-09-29,1.7266448459346675
2016-09-30,1.7766956007966273
2016-10-01,1.838181498355125
2016-10-02,1.9111025386101606
2016-10-03,1.9954587215617339
2016-10-04,2.0912500472098454
2016-10-05,2.1984765155544945
2016-10-06,2.3171381265956814
2016-10-07,2.447234880333406
2016-10-08,2.5887667767676685
2016-10-09,2.741733815898469
2016-10-10,2.9061359977258068
2016-10-11,3.0819733222496835
2016-10-12,3.2692457894700975
2016-10-13,3.467953399387049
2016-10-14,3.6780961520005384
2016-10-15,3.8996740473105658
2016-10-16,4.132687085317131
2016-10-17,4.372542476615597
2016-10-18,4.591683484778148
2016-10-19,4.785517320400143
2016-10-20,4.954043983481586
2016-10-21,5.097263474022475
2016-10-22,5.21517579202281
2016-10-23,5.307780937482593
2016-10-24,5.375078910401822
2016-10-25,5.417069710780497
2016-10-26,5.4337533386186205
2016-10-27,5.425129793916189
2016-10-28,5.391199076673203
2016-10-29,5.331961186889665
2016-10-30,5.247416124565573
2016-10-31,5.137563889700928
2016-11-01,5.00240448229573
2016-11-02,4.841937902349978
2016-11-03,4.656164149863672
2016-11-04,4.445083224836813
2016-11-05,4.208695127269401
2016-11-06,3.946999857161436
2016-11-07,3.6599974145129166
2016-11-08,3.3476877993238427
2016-11-09,3.010071011594217
2016-11-10,2.647147051324037
2016-11-11,2.2589159185133045
2016-11-12,1.845377613162018
2016-11-13,1.4065321352701785
2016-11-14,0.9423794848377844
2016-11-15,0.4529196618648377
2016-11-16,-0.06184733364866224
2016-11-17,-0.5756990344952544
2016-11-18,-1.062412973467477
2016-11-19,-1.5219891505653294
2016-11-20,-1.9544275657888115
2016-11-21,-2.3597282191379234
2016-11-22,-2.737891110612667
2016-11-23,-3.08891624021304
2016-11-24,-3.412803607939043
2016-11-25,-3.7095532137906764
2016-11-26,-3.97916505776794
2016-11-27,-4.221639139870833
2016-11-28,-4.436975460099357
2016-11-29,-4.62517401845351
2016-11-30,-4.786234814933295
2016-12-01,-4.920157849538708
2016-12-02,-5.026943122269753
2016-12-03,-5.106590633126428
2016-12-04,-5.159100382108733
2016-12-05,-5.184472369216668
2016-12-06,-5.182706594450231
2016-12-07,-5.1538030578094265
2016-12-08,-5.097761759294253
2016-12-09,-5.014582698904707
2016-12-10,-4.904265876640793
2016-12-11,-4.766811292502509
2016-12-12,-4.602218946489855
2016-12-13,-4.41048883860283
2016-12-14,-4.191620968841438
2016-12-15,-3.945615337205674
2016-12-16,-3.672471943695539
2016-12-17,-3.377138249101233
2016-12-18,-3.0892990181639357
2016-12-19,-2.813901711673845
2016-12-20,-2.55094632963096
2016-12-21,-2.300432872035281
2016-12-22,-2.0623613388868094
2016-12-23,-1.8367317301855428
2016-12-24,-1.6235440459314827
2016-12-25,-1.422798286124629
2016-12-26,-1.2344944507649809
2016-12-27,-1.0586325398525396
2016-12-28,-0.8952125533873044
2016-12-29,-0.7442344913692751
2016-12-30,-0.6056983537984519
2016-12-31,-0.4796041406748354
2017-01-01,-0.3659518519984247
2017-01-02,-0.2647414877692205
2017-01-03,-0.17597304798722221
2017-01-04,-0.09964653265243023
2017-01-05,-0.035761941764844374
2017-01-06,0.015680724675535163
2017-01-07,0.054681466668708656
2017-01-08,0.08124028421467605
2017-01-09,0.09535717731343707
2017-01-10,0.0970321459649921
2017-01-11,0.08626519016934076
2017-01-12,0.06305630992648315
2017-01-13,0.027405505236419603
2017-01-14,-0.020687223900850205
2017-01-15,-0.08122187748532639
2017-01-16,-0.15419845551700861
2017-01-17,-0.2374988514400519
2017-01-18,-0.318414425919387
2017-01-19,-0.3948270723991688
2017-01-20,-0.46673679087939723
2017-01-21,-0.5341435813600722
2017-01-22,-0.597047443841194
2017-01-23,-0.6554483783227624
2017-01-24,-0.7093463848047774
2017-01-25,-0.7587414632872391
2017-01-26,-0.8036336137701472
2017-01-27,-0.8440228362535024
2017-01-28,-0.8799091307373041
2017-01-29,-0.9112924972215525
2017-01-30,-0.9381729357062476
2017-01-31,-0.9605504461913893
2017-02-01,-0.9784250286769774
2017-02-02,-0.9917966831630123
2017-02-03,-1.0006654096494938
2017-02-04,-1.0050312081364223
2017-02-05,-1.0048940786237974
2017-02-06,-1.0002540211116189
2017-02-07,-0.9911110355998872
2017-02-08,-0.977465122088602
2017-02-09,-0.9593162805777635
2017-02-10,-0.9366645110673718
2017-02-11,-0.9095098135574268
2017-02-12,-0.8778521880479284
2017-02-13,-0.8416916345388765
2017-02-14,-0.8010281530302715
2017-02-15,-0.755861743522113
2017-02-16,-0.713019073626286
2017-02-17,-0.6793268109546756
2017-02-18,-0.6547849555072816
2017-02-19,-0.6393935072841038
2017-02-20,-0.6331524662851427
2017-02-21,-0.6360618325103979
2017-02-22,-0.6481216059598696
2017-02-23,-0.6693317866335577
2017-02-24,-0.6996923745314623
2017-02-25,-0.7392033696535831
2017-02-26,-0.7878647719999204
2017-02-27,-0.8456765815704743
2017-02-28,-0.9126387983652445
2017-03-01,-0.9887514223842312
2017-03-02,-1.074014453627434
2017-03-03,-1.1684278920948536
2017-03-04,-1.2719917377864898
2017-03-05,-1.384705990702342
2017-03-06,-1.5065706508424108
2017-03-07,-1.6375857182066955
2017-03-08,-1.7777511927951977
2017-03-09,-1.9270670746079157
2017-03-10,-2.0855333636448505
2017-03-11,-2.2531500599060013
2017-03-12,-2.429917163391368
2017-03-13,-2.6158346741009524
2017-03-14,-2.8109025920347523
2017-03-15,-3.0151209171927693
2017-03-16,-3.228489649575002
2017-03-17,-3.4477288333854648
2017-03-18,-3.6531587338482367
2017-03-19,-3.8414993951673306
2017-03-20,-4.012750817342746
2017-03-21,-4.166913000374485
2017-03-22,-4.303985944262545
2017-03-23,-4.423969649006929
2017-03-24,-4.526864114607633
2017-03-25,-4.612669341064661
2017-03-26,-4.681385328378011
2017-03-27,-4.733012076547683
2017-03-28,-4.767549585573677
2017-03-29,-4.784997855455993
2017-03-30,-4.785356886194632
2017-03-31,-4.768626677789593
2017-04-01,-4.734807230240875
2017-04-02,-4.68389854354848
2017-04-03,-4.615900617712408
2017-04-04,-4.530813452732658
2017-04-05,-4.428637048609229
2017-04-06,-4.309371405342123
2017-04-07,-4.17301652293134
2017-04-08,-4.019572401376879
2017-04-09,-3.8490390406787407
2017-04-10,-3.661416440836923
2017-04-11,-3.4567046018514285
2017-04-12,-3.234903523722256
2017-04-13,-2.996013206449406
2017-04-14,-2.7400336500328777
2017-04-15,-2.466964854472672
2017-04-16,-2.176806819768789
2017-04-17,-1.8821457399671784
2017-04-18,-1.595567809113791
2017-04-19,-1.3170730272086266
2017-04-20,-1.046661394251687
2017-04-21,-0.7843329102429699
2017-04-22,-0.5300875751824763
2017-04-23,-0.283925389070206
2017-04-24,-0.045846351906159405
2017-04-25,0.1841495363096644
2017-04-26,0.4060622755772643
2017-04-27,0.6198918658966406
2017-04-28,0.8256383072677935
2017-04-29,1.0233015996907233
2017-04-30,1.2128817431654297
2017-05-01,1.3943787376919126
2017-05-02,1.567792583270172
2017-05-03,1.7331232799002083
2017-05-04,1.8903708275820208
2017-05-05,2.0395352263156097
2017-05-06,2.180616476100976
2017-05-07,2.313614576938119
2017-05-08,2.438529528827037
2017-05-09,2.5553613317677333
2017-05-10,2.6641099857602053
2017-05-11,2.764775490804454
2017-05-12,2.85735784690048
2017-05-13,2.9418570540482816
2017-05-14,3.01827311224786
2017-05-15,3.0866060214992155
2017-05-16,3.146855781802347
2017-05-17,3.199681062109585
2017-05-18,3.24903387613491
2017-05-19,3.2955728928306502
2017-05-20,3.3392981121968064
2017-05-21,3.3802095342333778
2017-05-22,3.4183071589403657
2017-05-23,3.4535909863177694
2017-05-24,3.4860610163655896
2017-05-25,3.515717249083824
2017-05-26,3.5425596844724767
2017-05-27,3.5665883225315445
2017-05-28,3.587803163261027
2017-05-29,3.6062042066609266
2017-05-30,3.621791452731242
2017-05-31,3.6345649014719728
2017-06-01,3.64452455288312
2017-06-02,3.6516704069646826
2017-06-03,3.656002463716661
2017-06-04,3.657520723139056
2017-06-05,3.6562251852318663
2017-06-06,3.652115849995093
2017-06-07,3.6451927174287357
2017-06-08,3.6354557875327944
2017-06-09,3.6229050603072688
2017-06-10,3.6075405357521584
2017-06-11,3.5893622138674646
2017-06-12,3.568370094653187
2017-06-13,3.544564178109325
2017-06-14,3.517944464235879
2017-06-15,3.488510953032848
2017-06-16,3.4562636445002335
2017-06-17,3.4208413185579873
2017-06-18,3.38188275512606
2017-06-19,3.339387954204451
2017-06-20,3.293356915793163
2017-06-21,3.2437896398921926
2017-06-22,3.190686126501542
2017-06-23,3.1340463756212116
2017-06-24,3.0738703872511994
2017-06-25,3.0101581613915065
2017-06-26,2.9429096980421336
2017-06-27,2.8721249972030796
2017-06-28,2.797804058874345
2017-06-29,2.7199468830559295
2017-06-30,2.6385534697478343
2017-07-01,2.553623818950057
2017-07-02,2.4651579306625995
2017-07-03,2.3731558048854615
2017-07-04,2.2776174416186423
2017-07-05,2.1785428408621432
2017-07-06,2.0759320026159616
2017-07-07,1.9697849268801004
2017-07-08,1.8601016136545596
2017-07-09,1.7468820629393365
2017-07-10,1.6301262747344332
2017-07-11,1.5098342490398495
2017-07-12,1.3860059858555847
2017-07-13,1.2586414851816388
2017-07-14,1.1277407470180134
2017-07-15,0.9933037713647064
2017-07-16,0.8553305582217183
2017-07-17,0.7160034013497963
2017-07-18,0.5884160633134164
2017-07-19,0.47475083787332484
2017-07-20,0.3750077250295217
2017-07-21,0.2891867247820068
2017-07-22,0.21728783713078048
2017-07-23,0.15931106207584247
2017-07-24,0.11525639961719286
2017-07-25,0.08512384975483162
2017-07-26,0.06891341248875849
2017-07-27,0.06662508781897392
2017-07-28,0.07825887574547774
2017-07-29,0.10381477626826996
2017-07-30,0.14329278938735057
2017-07-31,0.19669291510271947
2017-08-01,0.2640151534143766
2017-08-02,0.34525950432232233
2017-08-03,0.4404259678265565
2017-08-04,0.5495145439270791
2017-08-05,0.6725252326238896
2017-08-06,0.8094580339169888
2017-08-07,0.9603129478063759
2017-08-08,1.1250899742920524
2017-08-09,1.3037891133740165
2017-08-10,1.4964103650522693
2017-08-11,1.70295372932681
2017-08-12,1.9234192061976394
2017-08-13,2.157806795664757
2017-08-14,2.406116497728163
2017-08-15,2.6683483123878577
2017-08-16,2.9445022396438407
2017-08-17,3.230390019385854
2017-08-18,3.500882090952354
2017-08-19,3.751790194233081
2017-08-20,3.9831143292280333
2017-08-21,4.194854495937217
2017-08-22,4.387010694360628
2017-08-23,4.559582924498264
2017-08-24,4.712571186350129
2017-08-25,4.8459754799162225
2017-08-26,4.959795805196542
2017-08-27,5.05403216219109
2017-08-28,5.128684550899868
2017-08-29,5.183752971322871
2017-08-30,5.219237423460103
2017-08-31,5.235137907311561
2017-09-01,5.231454422877249
2017-09-02,5.208186970157163
2017-09-03,5.1653355491513055
2017-09-04,5.102900159859675
2017-09-05,5.020880802282273
2017-09-06,4.919277476419098
2017-09-07,4.798090182270151
2017-09-08,4.657318919835432
2017-09-09,4.49696368911494
2017-09-10,4.317024490108676
2017-09-11,4.11750132281664
2017-09-12,3.898394187238833
2017-09-13,3.659703083375251
2017-09-14,3.4014280112258994
2017-09-15,3.123568970790773
2017-09-16,2.826125962069875
2017-09-17,2.52444750087139
2017-09-18,2.233882103003503
2017-09-19,1.9544297684662124
2017-09-20,1.6860904972595199
2017-09-21,1.4288642893834247
2017-09-22,1.182751144837927
2017-09-23,0.9477510636230269
2017-09-24,0.7238640457387241
2017-09-25,0.5110900911850182
2017-09-26,0.3094291999619106
2017-09-27,0.11888137206940046
2017-09-28,-0.06055339249251239
2017-09-29,-0.22887509372382797
2017-09-30,-0.38608373162454623
2017-10-01,-0.5321793061946667
2017-10-02,-0.6671618174341898
2017-10-03,-0.7910312653431155
2017-10-04,-0.9037876499214434
2017-10-05,-1.0054309711691742
2017-10-06,-1.0959612290863074
2017-10-07,-1.1753784236728433
2017-10-08,-1.2436825549287813
2017-10-09,-1.3008736228541227
2017-10-10,-1.346951627448866
2017-10-11,-1.3819165687130117
2017-10-12,-1.4057684466465603
2017-10-13,-1.4185072612495113
2017-10-14,-1.4201330125218647
2017-10-15,-1.410645700463621
2017-10-16,-1.3900453250747793
2017-10-17,-1.36076774558613
2017-10-18,-1.3374281173824087
2017-10-19,-1.322462299694405
2017-10-20,-1.3158702925221184
2017-10-21,-1.3176520958655495
2017-10-22,-1.3278077097246979
2017-10-23,-1.3463371340995636
2017-10-24,-1.3732403689901473
2017-10-25,-1.4085174143964478
2017-10-26,-1.4521682703184664
2017-10-27,-1.5041929367562021
2017-10-28,-1.564591413709655
2017-10-29,-1.6333637011788258
2017-10-30,-1.710509799163714
2017-10-31,-1.7960297076643195
2017-11-01,-1.8899234266806428
2017-11-02,-1.9921909562126832
2017-11-03,-2.102832296260441
2017-11-04,-2.2218474468239164
2017-11-05,-2.349236407903109
2017-11-06,-2.4849991794980193
2017-11-07,-2.629135761608647
2017-11-08,-2.7816461542349926
2017-11-09,-2.9425303573770556
2017-11-10,-3.111788371034835
2017-11-11,-3.2894201952083333
2017-11-12,-3.475425829897548
2017-11-13,-3.66980527510248
2017-11-14,-3.872558530823131
2017-11-15,-4.083685597059498
2017-11-16,-4.303186473811583
2017-11-17,-4.510192751881365
2017-11-18,-4.6838360220708255
2017-11-19,-4.824116284379963
2017-11-20,-4.931033538808777
2017-11-21,-5.00458778535727
2017-11-22,-5.04477902402544
2017-11-23,-5.051607254813288
2017-11-24,-5.025072477720814
2017-11-25,-4.9651746927480165
2017-11-26,-4.8719138998948965
2017-11-27,-4.745290099161455
2017-11-28,-4.585303290547691
2017-11-29,-4.391953474053604
2017-11-30,-4.165240649679195
2017-12-01,-3.9051648174244633
2017-12-02,-3.6117259772894084
2017-12-03,-3.284924129274032
2017-12-04,-2.924759273378334
2017-12-05,-2.5312314096023134
2017-12-06,-2.1043405379459674
2017-12-07,-1.6440866584093015
2017-12-08,-1.150469770992312
2017-12-09,-0.623489875695002
2017-12-10,-0.06314697251736856
2017-12-11,0.5305589385405876
2017-12-12,1.1576278574788654
2017-12-13,1.8180597842974677
2017-12-14,2.511854718996389
2017-12-15,3.2390126615756367
2017-12-16,3.999533612035205
2017-12-17,4.783439761869924
2017-12-18,5.5308642600487525
2017-12-19,6.231829298066524
2017-12-20,6.886334875923238
2017-12-21,7.494380993618886
2017-12-22,8.055967651153477
2017-12-23,8.571094848527009
2017-12-24,9.03976258573948
2017-12-25,9.461970862790894
2017-12-26,9.837719679681246
2017-12-27,10.167009036410537
2017-12-28,10.44983893297877
2017-12-29,10.686209369385942
2017-12-30,10.876120345632055
2017-12-31,11.019571861717106
2018-01-01,11.116563917641098
2018-01-02,11.167096513404033
2018-01-03,11.171169649005904
2018-01-04,11.12878332444672
2018-01-05,11.039937539726473
2018-01-06,10.904632294845163
2018-01-07,10.722867589802798
2018-01-08,10.494643424599374
2018-01-09,10.219959799234887
2018-01-10,9.898816713709342
2018-01-11,9.531214168022736
2018-01-12,9.11715216217507
2018-01-13,8.656630696166344
2018-01-14,8.149649769996559
2018-01-15,7.596209383665714
2018-01-16,6.9963095371738095
2018-01-17,6.3593199248114916
2018-01-18,5.74145871232264
2018-01-19,5.1520955939979025
2018-01-20,4.591230569837279
2018-01-21,4.058863639840771
2018-01-22,3.554994804008376
2018-01-23,3.079624062340094
2018-01-24,2.6327514148359272
2018-01-25,2.2143768614958734
2018-01-26,1.8245004023199345
2018-01-27,1.4631220373081089
2018-01-28,1.1302417664603976
2018-01-29,0.8258595897767994
2018-01-30,0.5499755072573158
2018-01-31,0.30258951890194596
2018-02-01,0.0837016247106909
2018-02-02,-0.10668817531645136
2018-02-03,-0.26857988117947895
2018-02-04,-0.4019734928783931
2018-02-05,-0.5068690104131932
2018-02-06,-0.5832664337838792
2018-02-07,-0.6311657629904512
2018-02-08,-0.6505669980329096
2018-02-09,-0.6414701389112538
2018-02-10,-0.603875185625484
2018-02-11,-0.5377821381756005
2018-02-12,-0.4431909965616032
2018-02-13,-0.3201017607834913
2018-02-14,-0.16851443084126627
2018-02-15,0.011570993265073382
2018-02-16,0.19913880308988027
2018-02-17,0.37317329018750817
2018-02-18,0.5336744545579573
2018-02-19,0.6806422962012271
2018-02-20,0.8140768151173181
2018-02-21,0.9339780113062303
2018-02-22,1.0403458847679634
2018-02-23,1.1331804355025175
2018-02-24,1.2124816635098925
2018-02-25,1.2782495687900892
2018-02-26,1.3304841513431067
2018-02-27,1.3691854111689448
2018-02-28,1.3943533482676043
2018-03-01,1.4059879626390848
2018-03-02,1.4040892542833865
2018-03-03,1.388657223200509
2018-03-04,1.3596918693904518
2018-03-05,1.3171931928532168
2018-03-06,1.2611611935888027
2018-03-07,1.1915958715972093
2018-03-08,1.1084972268784374
2018-03-09,1.0118652594324857
2018-03-10,0.901699969259356
2018-03-11,0.7780013563590467
2018-03-12,0.6407694207315586
2018-03-13,0.4900041623768918
2018-03-14,0.32570558129504534
2018-03-15,0.14787367748602098
2018-03-16,-0.043491549050183265
2018-03-17,-0.24508809816869367
2018-03-18,-0.4371039690002763
2018-03-19,-0.6162371614000585
2018-03-20,-0.7824876753680396
2018-03-21,-0.9358555109042213
2018-03-22,-1.0763406680086027
2018-03-23,-1.2039431466811834
2018-03-24,-1.3186629469219637
2018-03-25,-1.4205000687309441
2018-03-26,-1.5094545121081235
2018-03-27,-1.585526277053503
2018-03-28,-1.6487153635670826
2018-03-29,-1.6990217716488611
2018-03-30,-1.736445501298839
2018-03-31,-1.7609865525170176
2018-04-01,-1.772644925303395
2018-04-02,-1.771420619657972
2018-04-03,-1.757313635580749
2018-04-04,-1.7303239730717261
2018-04-05,-1.6904516321309022
2018-04-06,-1.6376966127582784
2018-04-07,-1.5720589149538537
2018-04-08,-1.493538538717629
2018-04-09,-1.4021354840496043
2018-04-10,-1.2978497509497788
2018-04-11,-1.180681339418153
2018-04-12,-1.050630249454727
2018-04-13,-0.9076964810595005
2018-04-14,-0.7518800342324736
2018-04-15,-0.5831809089736466
2018-04-16,-0.40159910528301923
2018-04-17,-0.217664615584097
2018-04-18,-0.04190743230038455
2018-04-19,0.1256724445681179
2018-04-20,0.2850750150214095
2018-04-21,0.4363002790594911
2018-04-22,0.5793482366823625
2018-04-23,0.7142188878900237
2018-04-24,0.8409122326824745
2018-04-25,0.9594282710597157
2018-04-26,1.069767003021746
2018-04-27,1.1719284285685663
2018-04-28,1.2659125477001762
2018-04-29,1.3517193604165763
2018-04-30,1.429348866717766
2018-05-01,1.4988010666037452
2018-05-02,1.5600759600745147
2018-05-03,1.6131735471300737
2018-05-04,1.6580938277704222
2018-05-05,1.6948368019955609
2018-05-06,1.7234024698054895
2018-05-07,1.7437908312002077
2018-05-08,1.7560018861797153
2018-05-09,1.760035634744013
2018-05-10,1.7558920768931006
2018-05-11,1.7435712126269776
2018-05-12,1.723073041945645
2018-05-13,1.6943975648491016
2018-05-14,1.6575447813373483
2018-05-15,1.6125146914103845
2018-05-16,1.5593072950682105
2018-05-17,1.4991240468568687
2018-05-18,1.439173674052612
2018-05-19,1.380657631201483
2018-05-20,1.323575918303481
2018-05-21,1.2679285353586067
2018-05-22,1.2137154823668597
2018-05-23,1.16093675932824
2018-05-24,1.1095923662427483
2018-05-25,1.059682303110383
2018-05-26,1.0112065699311459
2018-05-27,0.9641651667050359
2018-05-28,0.9185580934320533
2018-05-29,0.8743853501121982
2018-05-30,0.8316469367454705
2018-05-31,0.7903428533318702
2018-06-01,0.7504730998713972
2018-06-02,0.7120376763640518
2018-06-03,0.6750365828098338
2018-06-04,0.6394698192087431
2018-06-05,0.6053373855607799
2018-06-06,0.5726392818659441
2018-06-07,0.5413755081242356
2018-06-08,0.5115460643356546
2018-06-09,0.48315095050020107
2018-06-10,0.45619016661787487
2018-06-11,0.4306637126886761
2018-06-12,0.40657158871260474
2018-06-13,0.38391379468966086
2018-06-14,0.36269033061984435
2018-06-15,0.34290119650315515
2018-06-16,0.3245463923395935
2018-06-17,0.30615286671086406
2018-06-18,0.2862475681986718
2018-06-19,0.2648304968030166
2018-06-20,0.2419016525238987
2018-06-21,0.2174610353613179
2018-06-22,0.19150864531527426
2018-06-23,0.1640444823857678
2018-06-24,0.13506854657279846
2018-06-25,0.10458083787636625
2018-06-26,0.07258135629647125
2018-06-27,0.039070101833113366
2018-06-28,0.004047074486292684
2018-06-29,-0.03248772574399089
2018-06-30,-0.07053429885773727
2018-07-01,-0.1100926448549465
2018-07-02,-0.1511627637356186
2018-07-03,-0.19374465549975356
2018-07-04,-0.2378383201473513
2018-07-05,-0.28344375767841196
2018-07-06,-0.3305609680929354
2018-07-07,-0.3791899513909217
2018-07-08,-0.4293307075723709
2018-07-09,-0.4809832366372828
2018-07-10,-0.5341475385856577
2018-07-11,-0.5888236134174953
2018-07-12,-0.6450114611327958
2018-07-13,-0.7027110817315593
2018-07-14,-0.7619224752137855
2018-07-15,-0.8226456415794746
2018-07-16,-0.8848805808286264
2018-07-17,-0.946038600592807
2018-07-18,-0.9905875466614097
2018-07-19,-1.0159387266660014
2018-07-20,-1.0220921406065813
2018-07-21,-1.0090477884831492
2018-07-22,-0.9768056702957058
2018-07-23,-0.9253657860442507
2018-07-24,-0.8547281357287834
2018-07-25,-0.7648927193493049
2018-07-26,-0.6558595369058144
2018-07-27,-0.5276285883983128
2018-07-28,-0.3801998738267993
2018-07-29,-0.213573393191274
2018-07-30,-0.027749146491736987
2018-07-31,0.1772728662718117
2018-08-01,0.4014926450993716
2018-08-02,0.6449101899909437
2018-08-03,0.9075255009465273
2018-08-04,1.1893385779661225
2018-08-05,1.4903494210497295
2018-08-06,1.8105580301973478
2018-08-07,2.1499644054089777
2018-08-08,2.50856854668462
2018-08-09,2.8863704540242736
2018-08-10,3.283370127427939
2018-08-11,3.6995675668956154
2018-08-12,4.134962772427304
2018-08-13,4.589555744023004
2018-08-14,5.063346481682716
2018-08-15,5.55633498540644
2018-08-16,6.068521255194176
2018-08-17,6.592331602310188
2018-08-18,7.082323894340089
2018-08-19,7.5309244425481365
2018-08-20,7.938133246934335
2018-08-21,8.303950307498688
2018-08-22,8.628375624241192
2018-08-23,8.911409197161843
2018-08-24,9.153051026260647
2018-08-25,9.353301111537604
2018-08-26,9.512159452992707
2018-08-27,9.629626050625966
2018-08-28,9.705700904437377
2018-08-29,9.740384014426935
2018-08-30,9.733675380594645
2018-08-31,9.685575002940507
2018-09-01,9.596082881464522
2018-09-02,9.465199016166686
2018-09-03,9.292923407046999
2018-09-04,9.079256054105466
2018-09-05,8.824196957342082
2018-09-06,8.52774611675685
2018-09-07,8.189903532349769
2018-09-08,7.81066920412084
2018-09-09,7.390043132070062
2018-09-10,6.928025316197434
2018-09-11,6.424615756502956
2018-09-12,5.879814452986633
2018-09-13,5.293621405648458
2018-09-14,4.666036614488435
2018-09-15,3.997060079506562
2018-09-16,3.2866918007028403
2018-09-17,2.571737217570007
2018-09-18,1.8890017696007977
2018-09-19,1.2384854567952133
2018-09-20,0.6201882791532539
2018-09-21,0.034110236674918984
2018-09-22,-0.5197486706397926
2018-09-23,-1.041388442790879
2018-09-24,-1.5308090797783402
2018-09-25,-1.9880105816021785
2018-09-26,-2.4129929482623913
2018-09-27,-2.8057561797589785
2018-09-28,-3.1663002760919423
2018-09-29,-3.4946252372612823
2018-09-30,-3.790731063266997
2018-10-01,-4.054617754109088
2018-10-02,-4.286285309787553
2018-10-03,-4.485733730302395
2018-10-04,-4.6529630156536115
2018-10-05,-4.787973165841203
2018-10-06,-4.890764180865172
2018-10-07,-4.9613360607255155
2018-10-08,-4.999688805422233
2018-10-09,-5.005822414955328
2018-10-10,-4.979736889324797
2018-10-11,-4.921432228530643
2018-10-12,-4.830908432572864
2018-10-13,-4.708165501451459
2018-10-14,-4.553203435166431
2018-10-15,-4.3660222337177785
2018-10-16,-4.1466218971055016
2018-10-17,-3.9002708710289054
2018-10-18,-3.6585798296838306
2018-10-19,-3.4268172187695822
2018-10-20,-3.2049830382861604
2018-10-21,-2.993077288233567
2018-10-22,-2.7910999686117988
2018-10-23,-2.5990510794208577
2018-10-24,-2.416930620660744
2018-10-25,-2.244738592331456
2018-10-26,-2.082474994432996
2018-10-27,-1.9301398269653622
2018-10-28,-1.7877330899285553
2018-10-29,-1.655254783322575
2018-10-30,-1.5327049071474217
2018-10-31,-1.4200834614030953
2018-11-01,-1.3173904460895958
2018-11-02,-1.224625861206923
2018-11-03,-1.1417897067550768
2018-11-04,-1.0688819827340577
2018-11-05,-1.0059026891438652
2018-11-06,-0.9528518259844998
2018-11-07,-0.9097293932559609
2018-11-08,-0.8765353909582492
2018-11-09,-0.853269819091364
2018-11-10,-0.8399326776553057
2018-11-11,-0.8365239666500741
2018-11-12,-0.8430436860756695
2018-11-13,-0.8594918359320914
2018-11-14,-0.8858684162193406
2018-11-15,-0.9221734269374163
2018-11-16,-0.9684068680863188
2018-11-17,-1.0164167018577621
2018-11-18,-1.0580508904434605
2018-11-19,-1.0933094338434133
2018-11-20,-1.1221923320576215
2018-11-21,-1.1446995850860837
2018-11-22,-1.160831192928801
2018-11-23,-1.1705871555857734
2018-11-24,-1.1739674730570002
2018-11-25,-1.170972145342482
2018-11-26,-1.1616011724422186
2018-11-27,-1.1458545543562098
2018-11-28,-1.1237322910844563
2018-11-29,-1.095234382626957
2018-11-30,-1.060360828983713
2018-12-01,-1.0191116301547234
2018-12-02,-0.9714867861399887
2018-12-03,-0.9174862969395092
2018-12-04,-0.857110162553284
2018-12-05,-0.790358382981314
2018-12-06,-0.7172309582235984
2018-12-07,-0.6377278882801376
2018-12-08,-0.551849173150932
2018-12-09,-0.4595948128359809
2018-12-10,-0.3609648073352847
2018-12-11,-0.2559591566488435
2018-12-12,-0.1445778607766569
2018-12-13,-0.0268209197187248
2018-12-14,0.09731166652495205
2018-12-15,0.22781989795437418
2018-12-16,0.3647037745695417
2018-12-17,0.5058842958919816
2018-12-18,0.6388874590508566
2018-12-19,0.7616342635676947
2018-12-20,0.8741247094424959
2018-12-21,0.9763587966752593
2018-12-22,1.0683365252659849
2018-12-23,1.1500578952146745
2018-12-24,1.2215229065213256
2018-12-25,1.2827315591859403
2018-12-26,1.3336838532085176
2018-12-27,1.3743797885890572
2018-12-28,1.4048193653275598
2018-12-29,1.4250025834240252
2018-12-30,1.4349294428784534
2018-12-31,1.4345999436908439
2019-01-01,1.4240140858611972
2019-01-02,1.4031718693895132
2019-01-03,1.372073294275792
2019-01-04,1.330718360520034
2019-01-05,1.2791070681222383
2019-01-06,1.217239417082405
2019-01-07,1.1451154074005347
2019-01-08,1.0627350390766277
2019-01-09,0.970098312110683
2019-01-10,0.8672052265027008
2019-01-11,0.7540557822526814
2019-01-12,0.6306499793606246
2019-01-13,0.496987817826531
2019-01-14,0.3530692976503995
2019-01-15,0.19889441883223125
2019-01-16,0.03446318137202553
2019-01-17,-0.13650372401704183
2019-01-18,-0.29168215305591927
2019-01-19,-0.42735141503143087
2019-01-20,-0.5435115099435774
2019-01-21,-0.6401624377923579
2019-01-22,-0.7173041985777733
2019-01-23,-0.7749367922998227
2019-01-24,-0.8130602189585068
2019-01-25,-0.8316744785538248
2019-01-26,-0.8307795710857775
2019-01-27,-0.810375496554365
2019-01-28,-0.7704622549595863
2019-01-29,-0.7110398463014426
2019-01-30,-0.6321082705799331
2019-01-31,-0.5336675277950578
2019-02-01,-0.4157176179468172
2019-02-02,-0.27825854103521075
2019-02-03,-0.12129029706023897
2019-02-04,0.05518711397809839
2019-02-05,0.251173692079802
2019-02-06,0.4666694372448703
2019-02-07,0.7016743494733049
2019-02-08,0.9561884287651043
2019-02-09,1.2302116751202699
2019-02-10,1.5237440885388007
2019-02-11,1.8367856690206976
2019-02-12,2.16933641656596
2019-02-13,2.5213963311745875
2019-02-14,2.8929654128465803
2019-02-15,3.2840436615819395
2019-02-16,3.673216781776475
2019-02-17,4.039070477825999
2019-02-18,4.381604749730511
2019-02-19,4.70081959749001
2019-02-20,4.996715021104497
2019-02-21,5.269291020573974
2019-02-22,5.518547595898438
2019-02-23,5.744484747077889
2019-02-24,5.947102474112329
2019-02-25,6.126400777001757
2019-02-26,6.282379655746173
2019-02-27,6.415039110345576
2019-02-28,6.524379140799968
2019-03-01,6.610399747109348
2019-03-02,6.6731009292737165
2019-03-03,6.712482687293072
2019-03-04,6.728545021167415
2019-03-05,6.7212879308967475
2019-03-06,6.690711416481069
2019-03-07,6.636815477920374
2019-03-08,6.559600115214671
2019-03-09,6.4590653283639545
2019-03-10,6.335211117368228
2019-03-11,6.188037482227488
2019-03-12,6.017544422941734
2019-03-13,5.823731939510972
2019-03-14,5.606600031935194
2019-03-15,5.366148700214407
2019-03-16,5.102377944348606
2019-03-17,4.817770562503043
2019-03-18,4.5272233436692035
2019-03-19,4.233219086012334
2019-03-20,3.9357577895324383
2019-03-21,3.6348394542295135
2019-03-22,3.33046408010356
2019-03-23,3.022631667154579
2019-03-24,2.7113422153825697
2019-03-25,2.3965957247875327
2019-03-26,2.0783921953694664
2019-03-27,1.7567316271283726
2019-03-28,1.4316140200642504
2019-03-29,1.1030393741770999
2019-03-30,0.771007689466922
2019-03-31,0.4355189659337151
2019-04-01,0.0965732035774801
2019-04-02,-0.24582959760178302
2019-04-03,-0.5916894376040742
2019-04-04,-0.9410063164293938
2019-04-05,-1.2937802340777411
2019-04-06,-1.6500111905491168
2019-04-07,-2.0096991858435205
2019-04-08,-2.372844219960953
2019-04-09,-2.7394462929014143
2019-04-10,-3.109505404664902
2019-04-11,-3.483021555251419
2019-04-12,-3.859994744660964
2019-04-13,-4.240424972893536
2019-04-14,-4.6243122399491385
2019-04-15,-5.011656545827769
2019-04-16,-5.402457890529426
2019-04-17,-5.7778395850952755
2019-04-18,-6.118924940566482
2019-04-19,-6.425713956943044
2019-04-20,-6.698206634224961
2019-04-21,-6.9364029724122345
2019-04-22,-7.140302971504863
2019-04-23,-7.309906631502851
2019-04-24,-7.445213952406192
2019-04-25,-7.546224934214891
2019-04-26,-7.6129395769289445
2019-04-27,-7.645357880548352
2019-04-28,-7.643479845073118
2019-04-29,-7.607305470503238
2019-04-30,-7.536834756838719
2019-05-01,-7.432067704079552
2019-05-02,-7.293004312225739
2019-05-03,-7.119644581277287
2019-05-04,-6.9119885112341874
2019-05-05,-6.670036102096446
2019-05-06,-6.393787353864059
2019-05-07,-6.083242266537027
2019-05-08,-5.738400840115352
2019-05-09,-5.359263074599034
2019-05-10,-4.945828969988072
2019-05-11,-4.498098526282464
2019-05-12,-4.016071743482214
2019-05-13,-3.4997486215873197
2019-05-14,-2.9491291605977805
2019-05-15,-2.3642133605135975
2019-05-16,-1.7450012213347703
2019-05-17,-1.1001038664174259
2019-05-18,-0.48118803589831344
2019-05-19,0.10313514686643752
2019-05-20,0.6528656818768298
2019-05-21,1.1680035691328607
2019-05-22,1.6485488086345323
2019-05-23,2.094501400381846
2019-05-24,2.505861344374797
2019-05-25,2.8826286406133903
2019-05-26,3.2248032890976246
2019-05-27,3.5323852898274968
2019-05-28,3.80537464280301
2019-05-29,4.043771348024165
2019-05-30,4.247575405490958
2019-05-31,4.416786815203392
2019-06-01,4.551405577161467
2019-06-02,4.651431691365182
2019-06-03,4.716865157814536
2019-06-04,4.747705976509532
2019-06-05,4.743954147450166
2019-06-06,4.705609670636442
2019-06-07,4.632672546068359
2019-06-08,4.525142773745913
2019-06-09,4.38302035366911
2019-06-10,4.2063052858379475
2019-06-11,3.9949975702524236
2019-06-12,3.7490972069125403
2019-06-13,3.4686041958182985
2019-06-14,3.1535185369696963
2019-06-15,2.803840230366733
2019-06-16,2.419569276009411
2019-06-17,2.0281044686866823
2019-06-18,1.6568446031874973
2019-06-19,1.3057896795118578
2019-06-20,0.974939697659764
2019-06-21,0.6642946576312158
2019-06-22,0.37385455942621215
2019-06-23,0.10361940304475313
2019-06-24,-0.14641081151315957
2019-06-25,-0.3762360842475282
2019-06-26,-0.5858564151583514
2019-06-27,-0.775271804245629
2019-06-28,-0.9444822515093619
2019-06-29,-1.0934877569495494
2019-06-30,-1.222288320566192
2019-07-01,-1.3308839423592898
2019-07-02,-1.4192746223288415
2019-07-03,-1.4874603604748489
2019-07-04,-1.5354411567973112
2019-07-05,-1.5632170112962278
2019-07-06,-1.5707879239715987
2019-07-07,-1.5581538948234255
2019-07-08,-1.5253149238517067
2019-07-09,-1.472271011056443
2019-07-10,-1.399022156437634
2019-07-11,-1.30556835999528
2019-07-12,-1.1919096217293808
2019-07-13,-1.058045941639936
2019-07-14,-0.9039773197269467
2019-07-15,-0.7297037559904123
2019-07-16,-0.5352252504303321
2019-07-17,-0.3234602404382712
2019-07-18,-0.11191935036361078
2019-07-19,0.09647898240208531
2019-07-20,0.3017347578588164
2019-07-21,0.5038479760065832
2019-07-22,0.7028186368453849
2019-07-23,0.8986467403752225
2019-07-24,1.0913322865960953
2019-07-25,1.280875275508003
2019-07-26,1.4672757071109468
2019-07-27,1.6505335814049258
2019-07-28,1.8306488983899407
2019-07-29,2.0076216580659905
2019-07-30,2.181451860433075
2019-07-31,2.3521395054911958
2019-08-01,2.5196845932403527
2019-08-02,2.6840871236805435
2019-08-03,2.8453470968117704
2019-08-04,3.003464512634033
2019-08-05,3.158439371147331
2019-08-06,3.310271672351664
2019-08-07,3.458961416247032
2019-08-08,3.6045086028334365
2019-08-09,3.7469132321108756
2019-08-10,3.886175304079351
2019-08-11,4.022294818738861
2019-08-12,4.155271776089407
2019-08-13,4.285106176130988
2019-08-14,4.411798018863604
2019-08-15,4.535347304287255
2019-08-16,4.655754032401942
2019-08-17,4.771651682375702
2019-08-18,4.87484112921676
2019-08-19,4.963955852093151
2019-08-20,5.038995851004875
2019-08-21,5.099961125951936
2019-08-22,5.146851676934331
2019-08-23,5.179667503952057
2019-08-24,5.19840860700512
2019-08-25,5.203074986093518
2019-08-26,5.193666641217247
2019-08-27,5.170183572376312
2019-08-28,5.132625779570713
2019-08-29,5.080993262800447
2019-08-30,5.0152860220655135
2019-08-31,4.9355040573659155
2019-09-01,4.841647368701652
2019-09-02,4.733715956072722
2019-09-03,4.6117098194791275
2019-09-04,4.475628958920867
2019-09-05,4.325473374397939
2019-09-06,4.161243065910348
2019-09-07,3.9829380334580895
2019-09-08,3.790558277041165
2019-09-09,3.5841037966595755
2019-09-10,3.363574592313321
2019-09-11,3.1289706640023995
2019-09-12,2.880292011726813
2019-09-13,2.6175386354865604
2019-09-14,2.3407105352816417
2019-09-15,2.0498077111120576
2019-09-16,1.7448301629778074
2019-09-17,1.438775299540671
2019-09-18,1.144640529462427
2019-09-19,0.8624258527430747
2019-09-20,0.5921312693826161
2019-09-21,0.3337567793810492
2019-09-22,0.08730238273837478
2019-09-23,-0.1472319205454069
2019-09-24,-0.3698461304702963
2019-09-25,-0.580540247036294
2019-09-26,-0.7793142702433984
2019-09-27,-0.9661682000916101
2019-09-28,-1.14110203658093
2019-09-29,-1.304115779711357
2019-09-30,-1.455209429482892
2019-10-01,-1.5943829858955345
2019-10-02,-1.7216364489492844
2019-10-03,-1.8369698186441417
2019-10-04,-1.9403830949801069
2019-10-05,-2.031876277957179
2019-10-06,-2.111449367575359
2019-10-07,-2.179102363834647
2019-10-08,-2.234835266735042
2019-10-09,-2.278648076276545
2019-10-10,-2.3105407924591557
2019-10-11,-2.3305134152828733
2019-10-12,-2.3385659447476987
2019-10-13,-2.3346983808536317
2019-10-14,-2.318910723600672
2019-10-15,-2.2912029729888204
2019-10-16,-2.251575129018076
2019-10-17,-2.20161102013614
2019-10-18,-2.150813617029221
2019-10-19,-2.1007667481450185
2019-10-20,-2.051470413483533
2019-10-21,-2.0029246130447658
2019-10-22,-1.9551293468287148
2019-10-23,-1.908084614835381
2019-10-24,-1.861790417064765
2019-10-25,-1.8162467535168656
2019-10-26,-1.7714536241916838
2019-10-27,-1.7274110290892193
2019-10-28,-1.6841189682094717
2019-10-29,-1.6415774415524413
2019-10-30,-1.5997864491181284
2019-10-31,-1.5587459909065324
2019-11-01,-1.5184560669176537
2019-11-02,-1.4789166771514923
2019-11-03,-1.440127821608048
2019-11-04,-1.4020895002873208
2019-11-05,-1.364801713189311
2019-11-06,-1.3282644603140186
2019-11-07,-1.2924777416614432
2019-11-08,-1.257441557231585
2019-11-09,-1.223155907024444
2019-11-10,-1.18962079104002
2019-11-11,-1.1568362092783135
2019-11-12,-1.1248021617393242
2019-11-13,-1.0935186484230521
2019-11-14,-1.0629856693294972
2019-11-15,-1.0332032244586593
2019-11-16,-1.0041713138105388
2019-11-17,-0.9751732612089352
2019-11-18,-0.9454923904776478
2019-11-19,-0.9151287016166767
2019-11-20,-0.884082194626022
2019-11-21,-0.8523528695056837
2019-11-22,-0.8199407262556616
2019-11-23,-0.7868457648759561
2019-11-24,-0.7530679853665668
2019-11-25,-0.7186073877274939
2019-11-26,-0.6834639719587374
2019-11-27,-0.6476377380602972
2019-11-28,-0.6111286860321735
2019-11-29,-0.5739368158743661
2019-11-30,-0.536062127586875
2019-12-01,-0.4975046211697003
2019-12-02,-0.45826429662284185
2019-12-03,-0.4183411539462999
2019-12-04,-0.3777351931400743
2019-12-05,-0.3364464142041651
2019-12-06,-0.29447481713857204
2019-12-07,-0.2518204019432956
2019-12-08,-0.20848316861833538
2019-12-09,-0.16446311716369144
2019-12-10,-0.1197602475793641
2019-12-11,-0.07437455986535296
2019-12-12,-0.028306054021658256
2019-12-13,0.01844526995172019
2019-12-14,0.06587941205478215
2019-12-15,0.11399637228752785
2019-12-16,0.16279615064995723
2019-12-17,0.21253145484667724
2019-12-18,0.26471853110533095
2019-12-19,0.3196100871305255
2019-12-20,0.37720612292226086
2019-12-21,0.4375066384805369
2019-12-22,0.5005116338053537
2019-12-23,0.5662211088967114
2019-12-24,0.6346350637546098
2019-12-25,0.705753498379049
2019-12-26,0.7795764127700289
2019-12-27,0.85610380692755
2019-12-28,0.9353356808516113
2019-12-29,1.0172720345422135
2019-12-30,1.1019128679993568
2019-12-31,1.1892581812230407
2020-01-01,1.2793079742132656
2020-01-02,1.3720622469700305
2020-01-03,1.467520999493337
2020-01-04,1.565684231783184
2020-01-05,1.666551943839572
2020-01-06,1.7701241356625
2020-01-07,1.8764008072519698
2020-01-08,1.9853819586079804
2020-01-09,2.097067589730531
2020-01-10,2.2114577006196225
2020-01-11,2.328552291275255
2020-01-12,2.448351361697428
2020-01-13,2.5708549118861423
2020-01-14,2.6960629418413973
2020-01-15,2.823975451563193
2020-01-16,2.9545924410515294
2020-01-17,3.0916632879573083
2020-01-18,3.257684258185939
2020-01-19,3.456404729388325
2020-01-20,3.6878247015644625
2020-01-21,3.9519441747143556
2020-01-22,4.248763148838002
2020-01-23,4.578281623935402
2020-01-24,4.940499600006556
2020-01-25,5.335417077051464
2020-01-26,5.7630340550701264
2020-01-27,6.223350534062541
2020-01-28,6.716366514028712
2020-01-29,7.2420819949686335
2020-01-30,7.800496976882311
2020-01-31,8.391611459769743
2020-02-01,9.015425443630926
2020-02-02,9.671938928465867
2020-02-03,10.361151914274558
2020-02-04,11.083064401057007
2020-02-05,11.837676388813207
2020-02-06,12.624987877543163
2020-02-07,13.44499886724687
2020-02-08,14.29770935792433
2020-02-09,15.183119349575547
2020-02-10,16.101228842200516
2020-02-11,17.052037835799236
2020-02-12,18.035546330371716
2020-02-13,19.051754325917948
2020-02-14,20.100661822437928
2020-02-15,21.18226881993167
2020-02-16,22.28110099383032
2020-02-17,23.304312396720864
2020-02-18,24.236428704034445
2020-02-19,25.077449915771084
2020-02-20,25.82737603193076
2020-02-21,26.48620705251349
2020-02-22,27.05394297751926
2020-02-23,27.530583806948076
2020-02-24,27.91612954079994
2020-02-25,28.210580179074846
2020-02-26,28.413935721772802
2020-02-27,28.52619616889381
2020-02-28,28.547361520437857
2020-02-29,28.47743177640495
2020-03-01,28.316406936795097
2020-03-02,28.06428700160828
2020-03-03,27.721071970844516
2020-03-04,27.2867618445038
2020-03-05,26.76135662258613
2020-03-06,26.144856305091498
2020-03-07,25.437260892019925
2020-03-08,24.63857038337139
2020-03-09,23.748784779145904
2020-03-10,22.767904079343467
2020-03-11,21.69592828396407
2020-03-12,20.532857393007724
2020-03-13,19.278691406474422
2020-03-14,17.933430324364167
2020-03-15,16.497074146676958
2020-03-16,14.969622873412801
2020-03-17,13.370378350881518
2020-03-18,11.815151656942122
2020-03-19,10.323244637904455
2020-03-20,8.894657293768509
2020-03-21,7.529389624534287
2020-03-22,6.227441630201788
2020-03-23,4.988813310771008
2020-03-24,3.8135046662419585
2020-03-25,2.7015156966146265
2020-03-26,1.6528464018890197
2020-03-27,0.6674967820651345
2020-03-28,-0.25453316285702615
2020-03-29,-1.1132434328774634
2020-03-30,-1.9086340279961762
2020-03-31,-2.6407049482131693
2020-04-01,-3.3094561935284386
2020-04-02,-3.914887763941983
2020-04-03,-4.456999659453805
2020-04-04,-4.935791880063904
2020-04-05,-5.351264425772278
2020-04-06,-5.703417296578932
2020-04-07,-5.992250492483862
2020-04-08,-6.217764013487067
2020-04-09,-6.37995785958855
2020-04-10,-6.478832030788311
2020-04-11,-6.514386527086348
2020-04-12,-6.486621348482662
2020-04-13,-6.395536494977252
2020-04-14,-6.24113196657012
2020-04-15,-6.023407763261264
2020-04-16,-5.742363885050685
2020-04-17,-5.4406900860888605
2020-04-18,-5.1610761205262685
2020-04-19,-4.903521988362906
2020-04-20,-4.668027689598778
2020-04-21,-4.4545932242338795
2020-04-22,-4.263218592268213
2020-04-23,-4.093903793701779
2020-04-24,-3.9466488285345767
2020-04-25,-3.8214536967666053
2020-04-26,-3.7183183983978663
2020-04-27,-3.637242933428359
2020-04-28,-3.578227301858084
2020-04-29,-3.5412715036870397
2020-04-30,-3.5263755389152274
2020-05-01,-3.533539407542647
2020-05-02,-3.562763109569298
2020-05-03,-3.6140466449951805
2020-05-04,-3.687390013820295
2020-05-05,-3.782793216044641
2020-05-06,-3.9002562516682193
2020-05-07,-4.039779120691029
2020-05-08,-4.20136182311307
2020-05-09,-4.385004358934344
2020-05-10,-4.5907067281548475
2020-05-11,-4.818468930774585
2020-05-12,-5.068290966793553
2020-05-13,-5.340172836211752
2020-05-14,-5.634114539029184
2020-05-15,-5.950116075245848
2020-05-16,-6.288177444861743
2020-05-17,-6.642929138143784
2020-05-18,-6.98215409669346
2020-05-19,-7.300482810777682
2020-05-20,-7.597915280396454
2020-05-21,-7.874451505549774
2020-05-22,-8.130091486237642
2020-05-23,-8.36483522246006
2020-05-24,-8.578682714217024
2020-05-25,-8.771633961508536
2020-05-26,-8.9436889643346
2020-05-27,-9.094847722695208
2020-05-28,-9.225110236590368
2020-05-29,-9.334476506020074
2020-05-30,-9.42294653098433
2020-05-31,-9.490520311483133
2020-06-01,-9.537197847516484
2020-06-02,-9.562979139084385
2020-06-03,-9.567864186186831
2020-06-04,-9.55185298882383
2020-06-05,-9.514945546995374
2020-06-06,-9.457141860701467
2020-06-07,-9.37844192994211
2020-06-08,-9.278845754717299
2020-06-09,-9.158353335027039
2020-06-10,-9.016964670871324
2020-06-11,-8.854679762250159
2020-06-12,-8.671498609163544
2020-06-13,-8.467421211611475
2020-06-14,-8.242447569593956
2020-06-15,-7.996577683110983
2020-06-16,-7.72981155216256
2020-06-17,-7.45389572122399
2020-06-18,-7.1805767347705745
2020-06-19,-6.909854592802314
2020-06-20,-6.641729295319213
2020-06-21,-6.376200842321265
2020-06-22,-6.113269233808475
2020-06-23,-5.852934469780839
2020-06-24,-5.595196550238362
2020-06-25,-5.340055475181038
2020-06-26,-5.087511244608871
2020-06-27,-4.837563858521861
2020-06-28,-4.590213316920007
2020-06-29,-4.345459619803309
2020-06-30,-4.103302767171767
2020-07-01,-3.863742759025381
2020-07-02,-3.62677959536415
2020-07-03,-3.3924132761880763
2020-07-04,-3.160643801497158
2020-07-05,-2.931471171291397
2020-07-06,-2.7048953855707896
2020-07-07,-2.4809164443353398
2020-07-08,-2.259534347585047
2020-07-09,-2.0407490953199092
2020-07-10,-1.8245606875399272
2020-07-11,-1.6109691242451019
2020-07-12,-1.3999744054354324
2020-07-13,-1.1915765311109185
2020-07-14,-0.9857755012715619
2020-07-15,-0.7825713159173604
2020-07-16,-0.5819639750483152
2020-07-17,-0.3844119904727169
2020-07-18,-0.19266643304030934
2020-07-19,-0.007185814559382617
2020-07-20,0.17202986497006234
2020-07-21,0.34498060554802595
2020-07-22,0.5116664071745078
2020-07-23,0.6720872698495086
2020-07-24,0.8262431935730278
2020-07-25,0.9741341783450654
2020-07-26,1.1157602241656221
2020-07-27,1.2511213310346971
2020-07-28,1.380217498952291
2020-07-29,1.5030487279184033
2020-07-30,1.6196150179330338
2020-07-31,1.7299163689961836
2020-08-01,1.833952781107852
2020-08-02,1.9317242542680384
2020-08-03,2.0232307884767433
2020-08-04,2.108472383733968
2020-08-05,2.18744904003971
2020-08-06,2.260160757393971
2020-08-07,2.3266075357967506
2020-08-08,2.386789375248049
2020-08-09,2.440706275747866
2020-08-10,2.488358237296202
2020-08-11,2.5297452598930557
2020-08-12,2.5648673435384284
2020-08-13,2.59372448823232
2020-08-14,2.6163166939747295
2020-08-15,2.632643960765658
2020-08-16,2.642706288605105
2020-08-17,2.6456250309099896
2020-08-18,2.636128308181827
2020-08-19,2.613337473837534
2020-08-20,2.577252527877112
2020-08-21,2.527873470300561
2020-08-22,2.465200301107881
2020-08-23,2.3892330202990726
2020-08-24,2.2999716278741342
2020-08-25,2.1974161238330674
2020-08-26,2.0815665081758703
2020-08-27,1.952422780902545
2020-08-28,1.8099849420130911
2020-08-29,1.654252991507507
2020-08-30,1.485226929385795
2020-08-31,1.302906755647952
2020-09-01,1.1072924702939813
2020-09-02,0.8983840733238813
2020-09-03,0.6761815647376519
2020-09-04,0.4406849445352936
2020-09-05,0.1918942127168064
2020-09-06,-0.07019063071781018
2020-09-07,-0.3455695857685561
2020-09-08,-0.6342426524354308
2020-09-09,-0.9362098307184348
2020-09-10,-1.2514711206175677
2020-09-11,-1.5800265221328302
2020-09-12,-1.9218760352642212
2020-09-13,-2.2770196600117405
2020-09-14,-2.6454573963753907
2020-09-15,-3.02718924435517
2020-09-16,-3.422215203951077
2020-09-17,-3.806608651634715
2020-09-18,-4.156442963877687
2020-09-19,-4.47171814067999
2020-09-20,-4.752434182041626
2020-09-21,-4.998591087962595
2020-09-22,-5.210188858442896
2020-09-23,-5.38722749348253
2020-09-24,-5.529706993081496
2020-09-25,-5.637627357239795
2020-09-26,-5.710988585957427
2020-09-27,-5.74979067923439
2020-09-28,-5.754033637070687
2020-09-29,-5.723717459466315
2020-09-30,-5.658842146421279
2020-10-01,-5.5594076979355735
2020-10-02,-5.4254141140091985
2020-10-03,-5.25686139464216
2020-10-04,-5.053749539834449
2020-10-05,-4.816078549586074
2020-10-06,-4.543848423897032
2020-10-07,-4.237059162767322
2020-10-08,-3.8957107661969417
2020-10-09,-3.519803234185896
2020-10-10,-3.109336566734185
2020-10-11,-2.664310763841803
2020-10-12,-2.1847258255087554
2020-10-13,-1.6705817517350416
2020-10-14,-1.1218785425206583
2020-10-15,-0.5386161978656085
2020-10-16,0.07920528223010947
2020-10-17,0.7213903667189553
2020-10-18,1.3267658693156938
2020-10-19,1.8851362589727836
2020-10-20,2.396501535690228
2020-10-21,2.8608616994680243
2020-10-22,3.2782167503061728
2020-10-23,3.6485666882046766
2020-10-24,3.9719115131635307
2020-10-25,4.248251225182738
2020-10-26,4.4775858242623
2020-10-27,4.659915310402213
2020-10-28,4.795239683602479
2020-10-29,4.883558943863099
2020-10-30,4.924873091184072
2020-10-31,4.919182125565396
2020-11-01,4.866486047007074
2020-11-02,4.766784855509105
2020-11-03,4.620078551071487
2020-11-04,4.426367133694224
2020-11-05,4.185650603377312
2020-11-06,3.897928960120756
2020-11-07,3.563202203924551
2020-11-08,3.1814703347886963
2020-11-09,2.7527333527131983
2020-11-10,2.276991257698051
2020-11-11,1.7542440497432574
2020-11-12,1.1844917288488164
2020-11-13,0.5677342950147297
2020-11-14,-0.0960282517590052
2020-11-15,-0.8067959114723893
2020-11-16,-1.564568684125418
2020-11-17,-2.3242413071028167
2020-11-18,-3.0407085177893114
2020-11-19,-3.7139703161848994
2020-11-20,-4.344026702289578
2020-11-21,-4.93087767610335
2020-11-22,-5.474523237626219
2020-11-23,-5.97496338685818
2020-11-24,-6.432198123799234
2020-11-25,-6.84622744844938
2020-11-26,-7.21705136080862
2020-11-27,-7.544669860876955
2020-11-28,-7.829082948654384
2020-11-29,-8.070290624140904
2020-11-30,-8.26829288733652
2020-12-01,-8.423089738241227
2020-12-02,-8.534681176855027
2020-12-03,-8.603067203177924
2020-12-04,-8.628247817209912
2020-12-05,-8.610223018950995
2020-12-06,-8.548992808401168
2020-12-07,-8.444557185560436
2020-12-08,-8.296916150428801
2020-12-09,-8.106069703006254
2020-12-10,-7.872017843292804
2020-12-11,-7.5947605712884485
2020-12-12,-7.274297886993184
2020-12-13,-6.910629790407011
2020-12-14,-6.503756281529936
2020-12-15,-6.053677360361952
2020-12-16,-5.560393026903061
2020-12-17,-5.031708485344407
2020-12-18,-4.5144549608328415
2020-12-19,-4.01643765755951
2020-12-20,-3.5376565755244074
2020-12-21,-3.0781117147275388
2020-12-22,-2.637803075168902
2020-12-23,-2.216730656848496
2020-12-24,-1.8148944597663226
2020-12-25,-1.4322944839223812
2020-12-26,-1.06893072931667
2020-12-27,-0.7248031959491932
2020-12-28,-0.3999118838199474
2020-12-29,-0.09425679292893262
2020-12-30,0.19216207672384972
2020-12-31,0.4593447251383997
2021-01-01,0.7072911523147185
2021-01-02,0.9360013582528048
2021-01-03,1.1454753429526594
2021-01-04,1.3357131064142824
2021-01-05,1.5067146486376737
2021-01-06,1.6584799696228325
2021-01-07,1.79100906936976
2021-01-08,1.9043019478784555
2021-01-09,1.9983586051489188
2021-01-10,2.073179041181151
2021-01-11,2.12876325597515
2021-01-12,2.165111249530918
2021-01-13,2.1822230218484537
2021-01-14,2.180098572927758
2021-01-15,2.1587379027688303
2021-01-16,2.1181410113716708
2021-01-17,2.0613987826215014
2021-01-18,2.0070565198296597
2021-01-19,1.9582051068813668
2021-01-20,1.9148445437766242
2021-01-21,1.8769748305154306
2021-01-22,1.8445959670977867
2021-01-23,1.817707953523692
2021-01-24,1.796310789793147
2021-01-25,1.7804044759061513
2021-01-26,1.769989011862705
2021-01-27,1.7650643976628086
2021-01-28,1.7656306333064617
2021-01-29,1.7716877187936642
2021-01-30,1.783235654124416
2021-01-31,1.8002744392987178
2021-02-01,1.8228040743165688
2021-02-02,1.850824559177969
2021-02-03,1.8843358938829189
2021-02-04,1.9233380784314182
2021-02-05,1.9678311128234676
2021-02-06,2.017814997059066
2021-02-07,2.073289731138214
2021-02-08,2.134255315060911
2021-02-09,2.2007117488271577
2021-02-10,2.2726590324369544
2021-02-11,2.3500971658903005
2021-02-12,2.433026149187196
2021-02-13,2.521445982327641
2021-02-14,2.6153566653116354
2021-02-15,2.7147581981391795
2021-02-16,2.810407970232566
2021-02-17,2.8930633710140885
2021-02-18,2.962724400483747
2021-02-19,3.019391058641541
2021-02-20,3.063063345487471
2021-02-21,3.0937412610215373
2021-02-22,3.111424805243739
2021-02-23,3.116113978154077
2021-02-24,3.107808779752551
2021-02-25,3.0865092100391602
2021-02-26,3.0522152690139053
2021-02-27,3.0049269566767864
2021-02-28,2.9446442730278037
2021-03-01,2.8713672180669567
2021-03-02,2.7850957917942463
2021-03-03,2.68582999420967
2021-03-04,2.57356982531323
2021-03-05,2.4483152851049272
2021-03-06,2.3100663735847604
2021-03-07,2.158823090752728
2021-03-08,1.994585436608832
2021-03-09,1.8173534111530714
2021-03-10,1.627127014385448
2021-03-11,1.4239062463059595
2021-03-12,1.2076911069146066
2021-03-13,0.9784815962113904
2021-03-14,0.736277714196309
2021-03-15,0.48107946086936515
2021-03-16,0.2128868362305556
2021-03-17,-0.06493330607560466
2021-03-18,-0.33217984418203905
2021-03-19,-0.5854859244442344
2021-03-20,-0.8248515468621914
2021-03-21,-1.0502767114359097
2021-03-22,-1.2617614181653893
2021-03-23,-1.4593056670506304
2021-03-24,-1.6429094580916324
2021-03-25,-1.8125727912883958
2021-03-26,-1.9682956666409206
2021-03-27,-2.1100780841492073
2021-03-28,-2.2379200438132543
2021-03-29,-2.3518215456330624
2021-03-30,-2.4517825896086323
2021-03-31,-2.537803175739964
2021-04-01,-2.609883304027057
2021-04-02,-2.6680229744699098
2021-04-03,-2.712222187068525
2021-04-04,-2.742480941822902
2021-04-05,-2.758799238733039
2021-04-06,-2.7611770777989384
2021-04-07,-2.7496144590205986
2021-04-08,-2.7241113823980205
2021-04-09,-2.684667847931203
2021-04-10,-2.631283855620147
2021-04-11,-2.5639594054648525
2021-04-12,-2.4826944974653196
2021-04-13,-2.3874891316215474
2021-04-14,-2.278343307933537
2021-04-15,-2.155257026401287
2021-04-16,-2.0182302870247995
2021-04-17,-1.8794925907732207
2021-04-18,-1.7512734386156994
2021-04-19,-1.6335728305522346
2021-04-20,-1.5263907665828278
2021-04-21,-1.4297272467074784
2021-04-22,-1.3435822709261858
2021-04-23,-1.2679558392389507
2021-04-24,-1.202847951645773
2021-04-25,-1.1482586081466524
2021-04-26,-1.1041878087415893
2021-04-27,-1.0706355534305834
2021-04-28,-1.0476018422136346
2021-04-29,-1.0350866750907433
2021-04-30,-1.033090052061909
2021-05-01,-1.0416119731271325
2021-05-02,-1.0606524382864129
2021-05-03,-1.0902114475397506
2021-05-04,-1.1302890008871456
2021-05-05,-1.180885098328598
2021-05-06,-1.2419997398641076
2021-05-07,-1.3136329254936743
2021-05-08,-1.3957846552172983
2021-05-09,-1.4884549290349802
2021-05-10,-1.5916437469467186
2021-05-11,-1.705351108952515
2021-05-12,-1.8295770150523682
2021-05-13,-1.9643214652462786
2021-05-14,-2.1095844595342466
2021-05-15,-2.2653659979162715
2021-05-16,-2.431666080392354
2021-05-17,-2.6065393414880744
2021-05-18,-2.77831358835692
2021-05-19,-2.945043455524469
2021-05-20,-3.106728942990724
2021-05-21,-3.263370050755683
2021-05-22,-3.414966778819347
2021-05-23,-3.5615191271817173
2021-05-24,-3.703027095842791
2021-05-25,-3.83949068480257
2021-05-26,-3.9709098940610548
2021-05-27,-4.097284723618243
2021-05-28,-4.218615173474137
2021-05-29,-4.334901243628736
2021-05-30,-4.44614293408204
2021-05-31,-4.552340244834048
2021-06-01,-4.653493175884763
2021-06-02,-4.7496017272341815
2021-06-03,-4.840665898882304
2021-06-04,-4.926685690829133
2021-06-05,-5.007661103074666
2021-06-06,-5.083592135618905
2021-06-07,-5.154478788461848
2021-06-08,-5.220321061603496
2021-06-09,-5.2811189550438495
2021-06-10,-5.336872468782907
2021-06-11,-5.387581602820671
2021-06-12,-5.433246357157138
2021-06-13,-5.473866731792311
2021-06-14,-5.50944272672619
2021-06-15,-5.5399743419587715
2021-06-16,-5.565461577490058
2021-06-17,-5.582247460111676
2021-06-18,-5.586675016615245
2021-06-19,-5.578744247000764
2021-06-20,-5.5584551512682365
2021-06-21,-5.525807729417661
2021-06-22,-5.480801981449038
2021-06-23,-5.423437907362368
2021-06-24,-5.353715507157648
2021-06-25,-5.27163478083488
2021-06-26,-5.177195728394066
2021-06-27,-5.070398349835203
2021-06-28,-4.951242645158294
2021-06-29,-4.819728614363335
2021-06-30,-4.67585625745033
2021-07-01,-4.519625574419275
2021-07-02,-4.3510365652701735
2021-07-03,-4.170089230003024
2021-07-04,-3.976783568617827
2021-07-05,-3.7711195811145815
2021-07-06,-3.5530972674932872
2021-07-07,-3.3227166277539464
2021-07-08,-3.0799776618965575
2021-07-09,-2.82488036992112
2021-07-10,-2.557424751827636
2021-07-11,-2.2776108076161035
2021-07-12,-1.985438537286523
2021-07-13,-1.6809079408388934
2021-07-14,-1.364019018273218
2021-07-15,-1.034771769589494
2021-07-16,-0.6931661947877212
2021-07-17,-0.3407675224874912
2021-07-18,0.01303287559366096
2021-07-19,0.36666977083614627
2021-07-20,0.7201431632399647
2021-07-21,1.0734530528051152
2021-07-22,1.4265994395315986
2021-07-23,1.7795823234194148
2021-07-24,2.132401704468563
2021-07-25,2.4850575826790444
2021-07-26,2.8375499580508587
2021-07-27,3.1898788305840053
2021-07-28,3.542044200278485
2021-07-29,3.8940460671342976
2021-07-30,4.245884431151442
2021-07-31,4.59755929232992
2021-08-01,4.9490706506697295
2021-08-02,5.300418506170873
2021-08-03,5.651602858833348
2021-08-04,6.002623708657158
2021-08-05,6.353481055642298
2021-08-06,6.704174899788772
2021-08-07,7.054705241096578
2021-08-08,7.405072079565718
2021-08-09,7.75527541519619
2021-08-10,8.105315247987996
2021-08-11,8.455191577941132
2021-08-12,8.804904405055602
2021-08-13,9.154453729331404
2021-08-14,9.50383955076854
2021-08-15,9.853061869367007
2021-08-16,10.202120685126811
2021-08-17,10.546336707761458
2021-08-18,10.857634195552063
2021-08-19,11.131333858212136
2021-08-20,11.367435695741674
2021-08-21,11.565939708140688
2021-08-22,11.72684589540917
2021-08-23,11.850154257547118
2021-08-24,11.935864794554536
2021-08-25,11.983977506431426
2021-08-26,11.99449239317778
2021-08-27,11.967409454793609
2021-08-28,11.90272869127891
2021-08-29,11.800450102633672
2021-08-30,11.660573688857909
2021-08-31,11.483099449951611
2021-09-01,11.268027385914788
2021-09-02,11.015357496747432
2021-09-03,10.725089782449544
2021-09-04,10.397224243021128
2021-09-05,10.031760878462178
2021-09-06,9.628699688772699
2021-09-07,9.188040673952688
2021-09-08,8.709783834002149
2021-09-09,8.193929168921079
2021-09-10,7.640476678709476
2021-09-11,7.049426363367342
2021-09-12,6.420778222894681
2021-09-13,5.754532257291489
2021-09-14,5.050688466557764
2021-09-15,4.3092468506935075
2021-09-16,3.530207409698723
2021-09-17,2.7515503110605537
2021-09-18,2.011255722266144
2021-09-19,1.3093236433154953
2021-09-20,0.645754074208611
2021-09-21,0.020547014945485616
2021-09-22,-0.566297534473879
2021-09-23,-1.114779574049482
2021-09-24,-1.6248991037813223
2021-09-25,-2.096656123669404
2021-09-26,-2.5300506337137225
2021-09-27,-2.925082633914279
2021-09-28,-3.2817521242710757
2021-09-29,-3.600059104784111
2021-09-30,-3.880003575453385
2021-10-01,-4.121585536278898
2021-10-02,-4.324804987260649
2021-10-03,-4.4896619283986405
2021-10-04,-4.616156359692868
2021-10-05,-4.704288281143335
2021-10-06,-4.754057692750042
2021-10-07,-4.765464594512988
2021-10-08,-4.73850898643217
2021-10-09,-4.673190868507595
2021-10-10,-4.569510240739256
2021-10-11,-4.427467103127155
2021-10-12,-4.247061455671295
2021-10-13,-4.028293298371673
2021-10-14,-3.7711626312282887
2021-10-15,-3.4756694542411446
2021-10-16,-3.1418137674102375
2021-10-17,-2.7775113809017427
2021-10-18,-2.430257155712691
2021-10-19,-2.107966902009254
2021-10-20,-1.8106406197914322
2021-10-21,-1.5382783090592262
2021-10-22,-1.2908799698126348
2021-10-23,-1.068445602051658
2021-10-24,-0.8709752057762978
2021-10-25,-0.698468780986552
2021-10-26,-0.5509263276824216
2021-10-27,-0.4283478458639063
2021-10-28,-0.33073333553100615
2021-10-29,-0.25808279668372147
2021-10-30,-0.21039622932205126
2021-10-31,-0.1876736334459972
2021-11-01,-0.1899150090555582
2021-11-02,-0.21712035615073422
2021-11-03,-0.26928967473152565
2021-11-04,-0.34642296479793155
2021-11-05,-0.44852022634995325
2021-11-06,-0.5755814593875896
2021-11-07,-0.7276066639108414
2021-11-08,-0.9045958399197094
2021-11-09,-1.1065489874141916
2021-11-10,-1.3334661063942892
2021-11-11,-1.5853471968600021
2021-11-12,-1.8621922588113304
2021-11-13,-2.1640012922482725
2021-11-14,-2.4907742971708315
2021-11-15,-2.8425112735790057
2021-11-16,-3.2192122214727936
2021-11-17,-3.593436250804178
2021-11-18,-3.9377424715251403
2021-11-19,-4.252130883635678
2021-11-20,-4.536601487135791
2021-11-21,-4.791154282025481
2021-11-22,-5.015789268304749
2021-11-23,-5.210506445973592
2021-11-24,-5.375305815032012
2021-11-25,-5.510187375480007
2021-11-26,-5.615151127317581
2021-11-27,-5.6901970705447305
2021-11-28,-5.735325205161456
2021-11-29,-5.750535531167758
2021-11-30,-5.735828048563638
2021-12-01,-5.691202757349092
2021-12-02,-5.616659657524123
2021-12-03,-5.512198749088732
2021-12-04,-5.377820032042917
2021-12-05,-5.21352350638668
2021-12-06,-5.019309172120014
2021-12-07,-4.795177029242928
2021-12-08,-4.54112707775542
2021-12-09,-4.257159317657487
2021-12-10,-3.9432737489491294
2021-12-11,-3.5994703716303493
2021-12-12,-3.225749185701147
2021-12-13,-2.8221101911615185
2021-12-14,-2.3885533880114678
2021-12-15,-1.9250787762509933
2021-12-16,-1.4316863558800956
2021-12-17,-0.9156529598904082
2021-12-18,-0.4206395862317326
2021-12-19,0.04607693210429705
2021-12-20,0.48449659511768217
2021-12-21,0.8946194028084197
2021-12-22,1.2764453551765118
2021-12-23,1.6299744522219592
2021-12-24,1.955206693944759
2021-12-25,2.252142080344915
2021-12-26,2.5207806114224245
2021-12-27,2.7611222871772876
2021-12-28,2.9731671076095063
2021-12-29,3.156915072719078
2021-12-30,3.312366182506005
2021-12-31,3.439520436970285
2022-01-01,3.538377836111919
2022-01-02,3.608938379930909
2022-01-03,3.6512020684272515
2022-01-04,3.66516890160095
2022-01-05,3.6508388794520017
2022-01-06,3.608212001980407
2022-01-07,3.5372882691861673
2022-01-08,3.438067681069282
2022-01-09,3.3105502376297515
2022-01-10,3.1547359388675735
2022-01-11,2.9706247847827507
2022-01-12,2.758216775375282
2022-01-13,2.517511910645168
2022-01-14,2.248510190592408
2022-01-15,1.9512116152170016
2022-01-16,1.6256161845189505
2022-01-17,1.2805371014918216
2022-01-18,0.9688535840970285
2022-01-19,0.69937883532814
2022-01-20,0.47211285518515533
2022-01-21,0.28705564366807623
2022-01-22,0.14420720077690097
2022-01-23,0.04356752651163032
2022-01-24,-0.014863379127736054
2022-01-25,-0.031085516141197478
2022-01-26,-0.00509888452875451
2022-01-27,0.06309651570959218
2022-01-28,0.17350068457384427
2022-01-29,0.32611362206399996
2022-01-30,0.5209353281800615
2022-01-31,0.7579658029220264
2022-02-01,1.0372050462898958
2022-02-02,1.3586530582836702
2022-02-03,1.7223098389033487
2022-02-04,2.1281753881489314
2022-02-05,2.57624970602042
2022-02-06,3.066532792517812
2022-02-07,3.5990246476411096
2022-02-08,4.173725271390309
2022-02-09,4.790634663765415
2022-02-10,5.449752824766424
2022-02-11,6.151079754393338
2022-02-12,6.894615452646157
2022-02-13,7.68035991952488
2022-02-14,8.508313155029509
2022-02-15,9.378475159160041
2022-02-16,10.236835409775416
2022-02-17,11.029383384734569
2022-02-18,11.7561190840375
2022-02-19,12.417042507684211
2022-02-20,13.012153655674702
2022-02-21,13.541452528008971
2022-02-22,14.004939124687022
2022-02-23,14.40261344570885
2022-02-24,14.734475491074457
2022-02-25,15.000525260783842
2022-02-26,15.200762754837008
2022-02-27,15.335187973233953
2022-02-28,15.403800915974678
2022-03-01,15.40660158305918
2022-03-02,15.343589974487461
2022-03-03,15.214766090259523
2022-03-04,15.020129930375358
2022-03-05,14.75968149483498
2022-03-06,14.43342078363838
2022-03-07,14.041347796785555
2022-03-08,13.583462534276515
2022-03-09,13.05976499611125
2022-03-10,12.470255182289765
2022-03-11,11.81493309281206
2022-03-12,11.09379872767813
2022-03-13,10.306852086887986
2022-03-14,9.454093170441613
2022-03-15,8.535521978339027
2022-03-16,7.551138510580215
2022-03-17,6.515337390907379
2022-03-18,5.514486361773699
2022-03-19,4.562980046921366
2022-03-20,3.660818446350385
2022-03-21,2.808001560060752
2022-03-22,2.0045293880524673
2022-03-23,1.250401930325534
2022-03-24,0.5456191868799489
2022-03-25,-0.10981884228428584
2022-03-26,-0.7159121571671723
2022-03-27,-1.2726607577687066
2022-03-28,-1.7800646440888932
2022-03-29,-2.2381238161277293
2022-03-30,-2.6468382738852156
2022-03-31,-3.0062080173613546
2022-04-01,-3.316233046556141
2022-04-02,-3.57691336146958
2022-04-03,-3.788248962101668
2022-04-04,-3.9502398484524086
2022-04-05,-4.062886020521799
2022-04-06,-4.126187478309838
2022-04-07,-4.140144221816528
2022-04-08,-4.104756251041869
2022-04-09,-4.020023565985861
2022-04-10,-3.8859461666485022
2022-04-11,-3.7025240530297943
2022-04-12,-3.4697572251297375
2022-04-13,-3.1876456829483306
2022-04-14,-2.8561894264855745
2022-04-15,-2.4753884557414674
2022-04-16,-2.0452427707160123
2022-04-17,-1.5960595785986063
2022-04-18,-1.1581460865786466
2022-04-19,-0.7315022946561343
2022-04-20,-0.31612820283107124
2022-04-21,0.08797618889654535
2022-04-22,0.4808108805267145
2022-04-23,0.8623758720594358
2022-04-24,1.2326711634947096
2022-04-25,1.5916967548325371
2022-04-26,1.9394526460729158
2022-04-27,2.2759388372158464
2022-04-28,2.601155328261331
2022-04-29,2.9151021192093673
2022-04-30,3.2177792100599563
2022-05-01,3.5091866008130976
2022-05-02,3.789324291468792
2022-05-03,4.058192282027038
2022-05-04,4.315790572487837
2022-05-05,4.562119162851188
2022-05-06,4.797178053117093
2022-05-07,5.020967243285549
2022-05-08,5.233486733356557
2022-05-09,5.43473652333012
2022-05-10,5.624716613206233
2022-05-11,5.803427002984899
2022-05-12,5.970867692666118
2022-05-13,6.127038682249889
2022-05-14,6.271939971736213
2022-05-15,6.40557156112509
2022-05-16,6.527933450416517
2022-05-17,6.63782075119014
2022-05-18,6.728004132923794
2022-05-19,6.797278707197121
2022-05-20,6.84564447401012
2022-05-21,6.873101433362795
2022-05-22,6.87964958525514
2022-05-23,6.865288929687159
2022-05-24,6.830019466658852
2022-05-25,6.773841196170215
2022-05-26,6.696754118221254
2022-05-27,6.598758232811965
2022-05-28,6.479853539942348
2022-05-29,6.340040039612406
2022-05-30,6.1793177318221355
2022-05-31,5.997686616571539
2022-06-01,5.795146693860613
2022-06-02,5.571697963689362
2022-06-03,5.327340426057783
2022-06-04,5.0620740809658775
2022-06-05,4.775898928413645
2022-06-06,4.4688149684010865
2022-06-07,4.140822200928199
2022-06-08,3.791920625994985
2022-06-09,3.4221102436014443
2022-06-10,3.031391053747577
2022-06-11,2.619763056433382
2022-06-12,2.1872262516588603
2022-06-13,1.7337806394240127
2022-06-14,1.259426219728836
2022-06-15,0.7641629925733331
2022-06-16,0.2479909579575028
2022-06-17,-0.26998541545250543
2022-06-18,-0.770661658990544
2022-06-19,-1.2540377726566123
2022-06-20,-1.7201137564507096
2022-06-21,-2.1688896103728363
2022-06-22,-2.6003653344229942
2022-06-23,-3.0145409286011815
2022-06-24,-3.4114163929073977
2022-06-25,-3.7909917273416447
2022-06-26,-4.1532669319039215
2022-06-27,-4.498242006594227
2022-06-28,-4.825916951412562
2022-06-29,-5.136291766358929
2022-06-30,-5.429366451433324
2022-07-01,-5.70514100663575
2022-07-02,-5.963615431966204
2022-07-03,-6.204789727424689
2022-07-04,-6.428663893011203
2022-07-05,-6.635237928725749
2022-07-06,-6.824511834568322
2022-07-07,-6.996485610538926
2022-07-08,-7.151159256637561
2022-07-09,-7.288532772864222
2022-07-10,-7.408606159218916
2022-07-11,-7.51137941570164
2022-07-12,-7.5968525423123925
2022-07-13,-7.6650255390511735
2022-07-14,-7.715898405917988
2022-07-15,-7.749471142912832
2022-07-16,-7.765743750035702
2022-07-17,-7.7638538605423
2022-07-18,-7.738627273966799
2022-07-19,-7.689201623564899
2022-07-20,-7.615576909336598
2022-07-21,-7.517753131281896
2022-07-22,-7.3957302894007935
2022-07-23,-7.249508383693288
2022-07-24,-7.079087414159382
2022-07-25,-6.884467380799075
2022-07-26,-6.6656482836123665
2022-07-27,-6.4226301225992595
2022-07-28,-6.155412897759749
2022-07-29,-5.86399660909384
2022-07-30,-5.548381256601527
2022-07-31,-5.208566840282814
2022-08-01,-4.844553360137701
2022-08-02,-4.456340816166185
2022-08-03,-4.0439292083682705
2022-08-04,-3.6073185367439535
2022-08-05,-3.1465088012932356
2022-08-06,-2.661500002016117
2022-08-07,-2.152292138912598
2022-08-08,-1.6188852119826764
2022-08-09,-1.0612792212263544
2022-08-10,-0.4794741666436311
2022-08-11,0.12652995176549187
2022-08-12,0.7567331340010162
2022-08-13,1.4111353800629427
2022-08-14,2.0897366899512706
2022-08-15,2.792537063665998
2022-08-16,3.519536501207128
2022-08-17,4.2617173649545235
2022-08-18,4.964973829187403
2022-08-19,5.620288256285627
2022-08-20,6.227660646249196
2022-08-21,6.787090999078115
2022-08-22,7.29857931477238
2022-08-23,7.762125593331993
2022-08-24,8.177729834756951
2022-08-25,8.545392039047258
2022-08-26,8.865112206202909
2022-08-27,9.136890336223908
2022-08-28,9.360726429110256
2022-08-29,9.536620484861949
2022-08-30,9.66457250347899
2022-08-31,9.744582484961377
2022-09-01,9.776650429309113
2022-09-02,9.760776336522195
2022-09-03,9.696960206600622
2022-09-04,9.585202039544399
2022-09-05,9.42550183535352
2022-09-06,9.217859594027988
2022-09-07,8.962275315567807
2022-09-08,8.658748999972968
2022-09-09,8.307280647243479
2022-09-10,7.907870257379335
2022-09-11,7.460517830380539
2022-09-12,6.965223366247091
2022-09-13,6.42198686497899
2022-09-14,5.830808326576235
2022-09-15,5.191687751038827
2022-09-16,4.504625138366764
2022-09-17,3.8059940243253068
2022-09-18,3.132167944679706
2022-09-19,2.4831468994299635
2022-09-20,1.8589308885760814
2022-09-21,1.2595199121180563
2022-09-22,0.6849139700558897
2022-09-23,0.13511306238958073
2022-09-24,-0.38988281088086885
2022-09-25,-0.8900736497554613
2022-09-26,-1.3654594542341945
2022-09-27,-1.8160402243170686
2022-09-28,-2.2418159600040846
2022-09-29,-2.642786661295243
2022-09-30,-3.0189523281905433
2022-10-01,-3.370312960689985
2022-10-02,-3.696868558793567
2022-10-03,-3.998619122501293
2022-10-04,-4.275564651813157
2022-10-05,-4.527705146729165
2022-10-06,-4.755040607249315
2022-10-07,-4.957571033373608
2022-10-08,-5.135296425102038
2022-10-09,-5.288216782434613
2022-10-10,-5.41633210537133
2022-10-11,-5.519642393912187
2022-10-12,-5.598147648057187
2022-10-13,-5.651847867806327
2022-10-14,-5.68074305315961
2022-10-15,-5.684833204117034
2022-10-16,-5.664118320678599
2022-10-17,-5.621720429850391
2022-10-18,-5.576371693668909
2022-10-19,-5.531194139140236
2022-10-20,-5.486187766264376
2022-10-21,-5.441352575041323
2022-10-22,-5.396688565471082
2022-10-23,-5.35219573755365
2022-10-24,-5.307874091289031
2022-10-25,-5.26372362667722
2022-10-26,-5.2197443437182205
2022-10-27,-5.17593624241203
2022-10-28,-5.132299322758651
2022-10-29,-5.088833584758081
2022-10-30,-5.045539028410323
2022-10-31,-5.002415653715373
2022-11-01,-4.959463460673235
2022-11-02,-4.916682449283908
2022-11-03,-4.8740726195473885
2022-11-04,-4.831633971463681
2022-11-05,-4.789366505032784
2022-11-06,-4.747270220254697
2022-11-07,-4.70534511712942
2022-11-08,-4.663591195656953
2022-11-09,-4.622008455837297
2022-11-10,-4.580596897670451
2022-11-11,-4.539356521156415
2022-11-12,-4.4982873262951895
2022-11-13,-4.457389313086774
2022-11-14,-4.41666248153117
2022-11-15,-4.376106831628375
2022-11-16,-4.33572236337839
2022-11-17,-4.289986820177961
2022-11-18,-4.233377945423835
2022-11-19,-4.1658957391160065
2022-11-20,-4.087540201254481
2022-11-21,-3.998311331839256
2022-11-22,-3.8982091308703324
2022-11-23,-3.7872335983477097
2022-11-24,-3.665384734271388
2022-11-25,-3.5326625386413673
2022-11-26,-3.389067011457647
2022-11-27,-3.2345981527202285
2022-11-28,-3.0692559624291116
2022-11-29,-2.8930404405842944
2022-11-30,-2.7059515871857784
2022-12-01,-2.507989402233564
2022-12-02,-2.29915388572765
2022-12-03,-2.079445037668037
2022-12-04,-1.8488628580547255
2022-12-05,-1.607407346887715
2022-12-06,-1.3550785041670044
2022-12-07,-1.091876329892596
2022-12-08,-0.8178008240644883
2022-12-09,-0.5328519866826809
2022-12-10,-0.23702981774717635
2022-12-11,0.06966568274202878
2022-12-12,0.38723451478493276
2022-12-13,0.7156766783815356
2022-12-14,1.0549921735318364
2022-12-15,1.4051810002358378
2022-12-16,1.7662431584935379
2022-12-17,2.133173170642081
2022-12-18,2.475938170704335
2022-12-19,2.789532681017446
2022-12-20,3.073956701581412
2022-12-21,3.3292102323962323
2022-12-22,3.5552932734619085
2022-12-23,3.7522058247784407
2022-12-24,3.919947886345828
2022-12-25,4.058519458164072
2022-12-26,4.167920540233171
2022-12-27,4.248151132553126
2022-12-28,4.299211235123936
2022-12-29,4.321100847945602
2022-12-30,4.313819971018123
2022-12-31,4.2773686043415
2023-01-01,4.211746747915733
2023-01-02,4.116954401740821
2023-01-03,3.9929915658167636
2023-01-04,3.839858240143564
2023-01-05,3.6575544247212184
2023-01-06,3.446080119549728
2023-01-07,3.2054353246290948
2023-01-08,2.9356200399593178
2023-01-09,2.636634265540394
2023-01-10,2.308478001372327
2023-01-11,1.9511512474551158
2023-01-12,1.564654003788759
2023-01-13,1.1489862703732596
2023-01-14,0.7041480472086148
2023-01-15,0.23013933429482591
2023-01-16,-0.27303986836810834
2023-01-17,-0.796167566228107
2023-01-18,-1.2839117919726981
2023-01-19,-1.7270505510498018
2023-01-20,-2.1255838434594194
2023-01-21,-2.479511669201548
2023-01-22,-2.7888340282761916
2023-01-23,-3.053550920683347
2023-01-24,-3.273662346423015
2023-01-25,-3.4491683054951965
2023-01-26,-3.58006879789989
2023-01-27,-3.666363823637097
2023-01-28,-3.708053382706817
2023-01-29,-3.7051374751090504
2023-01-30,-3.6576161008437964
2023-01-31,-3.565489259911054
2023-02-01,-3.428756952310826
2023-02-02,-3.2474191780431094
2023-02-03,-3.021475937107907
2023-02-04,-2.750927229505217
2023-02-05,-2.4357730552350394
2023-02-06,-2.076013414297376
2023-02-07,-1.6716483066922243
2023-02-08,-1.2226777324195863
2023-02-09,-0.7291016914794612
2023-02-10,-0.19092018387184773
2023-02-11,0.39186679040325245
2023-02-12,1.0192592313458384
2023-02-13,1.6912571389559128
2023-02-14,2.407860513233473
2023-02-15,3.1690693541785215
2023-02-16,3.9280829437696596
2023-02-17,4.6381005639854935
2023-02-18,5.29912221482602
2023-02-19,5.91114789629124
2023-02-20,6.474177608381154
2023-02-21,6.988211351095766
2023-02-22,7.45324912443507
2023-02-23,7.8692909283990655
2023-02-24,8.23633676298776
2023-02-25,8.554386628201145
2023-02-26,8.823440524039222
2023-02-27,9.043498450501998
2023-02-28,9.214560407589465
2023-03-01,9.33662639530163
2023-03-02,9.409696413638486
2023-03-03,9.433770462600037
2023-03-04,9.40884854218628
2023-03-05,9.33493065239722
2023-03-06,9.212016793232854
2023-03-07,9.040106964693178
2023-03-08,8.819201166778202
2023-03-09,8.549299399487918
2023-03-10,8.230401662822327
2023-03-11,7.862507956781431
2023-03-12,7.445618281365228
2023-03-13,6.97973263657372
2023-03-14,6.464851022406904
2023-03-15,5.900973438864787
2023-03-16,5.288099885947359
2023-03-17,4.636202488072524
2023-03-18,4.005113991747656
2023-03-19,3.404806521390653
2023-03-20,2.835280077001513
2023-03-21,2.296534658580237
2023-03-22,1.7885702661268241
2023-03-23,1.3113868996412759
2023-03-24,0.8649845591235922
2023-03-25,0.4493632445737713
2023-03-26,0.06452295599181451
2023-03-27,-0.28953630662227814
2023-03-28,-0.6128145432685076
2023-03-29,-0.9053117539468716
2023-03-30,-1.167027938657372
2023-03-31,-1.3979630974000101
2023-04-01,-1.5981172301747832
2023-04-02,-1.767490336981692
2023-04-03,-1.9060824178207372
2023-04-04,-2.0138934726919198
2023-04-05,-2.0909235015952374
2023-04-06,-2.137172504530691
2023-04-07,-2.1526404814982802
2023-04-08,-2.1373274324980067
2023-04-09,-2.091233357529869
2023-04-10,-2.0143582565938667
2023-04-11,-1.9067021296900015
2023-04-12,-1.768264976818272
2023-04-13,-1.5990467979786787
2023-04-14,-1.399047593171221
2023-04-15,-1.1682673623958992
2023-04-16,-0.9067061056527144
2023-04-17,-0.6357316974522328
2023-04-18,-0.3767120123050222
2023-04-19,-0.12964705021108222
2023-04-20,0.10546318882958565
2023-04-21,0.32861870481698335
2023-04-22,0.5398194977511096
2023-04-23,0.7390655676319655
2023-04-24,0.9263569144595495
2023-04-25,1.1016935382338633
2023-04-26,1.2650754389549057
2023-04-27,1.4165026166226766
2023-04-28,1.5559750712371772
2023-04-29,1.6834928027984069
2023-04-30,1.799055811306365
2023-05-01,1.902664096761052
2023-05-02,1.994317659162469
2023-05-03,2.0740164985106144
2023-05-04,2.1417606148054884
2023-05-05,2.1975500080470916
2023-05-06,2.241384678235424
2023-05-07,2.273264625370485
2023-05-08,2.2931898494522747
2023-05-09,2.301160350480794
2023-05-10,2.297176128456042
2023-05-11,2.281237183378019
2023-05-12,2.2533435152467254
2023-05-13,2.21349512406216
2023-05-14,2.161692009824324
2023-05-15,2.097934172533217
2023-05-16,2.022221612188839
2023-05-17,1.9370635690216689
2023-05-18,1.8575154844145816
2023-05-19,1.7860865985980552
2023-05-20,1.7227769115720908
2023-05-21,1.6675864233366882
2023-05-22,1.6205151338918464
2023-05-23,1.5815630432375665
2023-05-24,1.5507301513738485
2023-05-25,1.5280164583006912
2023-05-26,1.5134219640180961
2023-05-27,1.5069466685260624
2023-05-28,1.50859057182459
2023-05-29,1.5183536739136794
2023-05-30,1.53623597479333
2023-05-31,1.5622374744635426
2023-06-01,1.5963581729243164
2023-06-02,1.638598070175652
2023-06-03,1.6889571662175487
2023-06-04,1.7474354610500074
2023-06-05,1.8140329546730272
2023-06-06,1.8887496470866088
2023-06-07,1.9715855382907517
2023-06-08,2.0625406282854564
2023-06-09,2.1616149170707226
2023-06-10,2.26880840464655
2023-06-11,2.3841210910129393
2023-06-12,2.5075529761698903
2023-06-13,2.6391040601174023
2023-06-14,2.7787743428554763
2023-06-15,2.9265638243841114
2023-06-16,3.082472504703308
2023-06-17,3.241947965627756
2023-06-18,3.400437788972144
2023-06-19,3.5579419747364724
2023-06-20,3.714460522920741
2023-06-21,3.869993433524949
2023-06-22,4.024540706549098
2023-06-23,4.1781023419931875
2023-06-24,4.330678339857218
2023-06-25,4.482268700141187
2023-06-26,4.632873422845097
2023-06-27,4.782492507968947
2023-06-28,4.931125955512737
2023-06-29,5.078773765476468
2023-06-30,5.22543593786014
2023-07-01,5.371112472663752
2023-07-02,5.515803369887302
2023-07-03,5.659508629530794
2023-07-04,5.802228251594227
2023-07-05,5.9439622360776
2023-07-06,6.084710582980911
2023-07-07,6.224473292304165
2023-07-08,6.363250364047358
2023-07-09,6.50104179821049
2023-07-10,6.6378475947935645
2023-07-11,6.773667753796579
2023-07-12,6.908502275219533
2023-07-13,7.0423511590624255
2023-07-14,7.175214405325262
2023-07-15,7.307092014008037
2023-07-16,7.437983985110751
2023-07-17,7.567906441770199
2023-07-18,7.69695612280712
2023-07-19,7.825149151358311
2023-07-20,7.95248552742377
2023-07-21,8.078965251003495
2023-07-22,8.20458832209749
2023-07-23,8.329354740705751
2023-07-24,8.45326450682828
2023-07-25,8.576317620465076
2023-07-26,8.698514081616139
2023-07-27,8.819853890281472
2023-07-28,8.940337046461073
2023-07-29,9.05996355015494
2023-07-30,9.178733401363074
2023-07-31,9.296646600085475
2023-08-01,9.413703146322147
2023-08-02,9.529903040073084
2023-08-03,9.64524628133829
2023-08-04,9.759732870117764
2023-08-05,9.873362806411505
2023-08-06,9.986136090219512
2023-08-07,10.098052721541787
2023-08-08,10.209112700378334
2023-08-09,10.319316026729144
2023-08-10,10.428662700594225
2023-08-11,10.53715272197357
2023-08-12,10.644786090867186
2023-08-13,10.751562807275066
2023-08-14,10.857482871197217
2023-08-15,10.962546282633632
2023-08-16,11.06675304158432
2023-08-17,11.167857740649541
2023-08-18,11.252387935430928
2023-08-19,11.31809821852874
2023-08-20,11.364988589942984
2023-08-21,11.393059049673663
2023-08-22,11.40230959772077
2023-08-23,11.392740234084307
2023-08-24,11.364350958764275
2023-08-25,11.317141771760678
2023-08-26,11.251112673073505
2023-08-27,11.16626366270277
2023-08-28,11.062594740648466
2023-08-29,10.940105906910588
2023-08-30,10.798797161489144
2023-08-31,10.638668504384128
2023-09-01,10.459719935595546
2023-09-02,10.261951455123393
2023-09-03,10.045363062967672
2023-09-04,9.809954759128383
2023-09-05,9.555726543605521
2023-09-06,9.282678416399094
2023-09-07,8.990810377509098
2023-09-08,8.68012242693553
2023-09-09,8.350614564678397
2023-09-10,8.002286790737692
2023-09-11,7.635139105113416
2023-09-12,7.249171507805576
2023-09-13,6.8443839988141635
2023-09-14,6.420776578139184
2023-09-15,5.978349245780633
2023-09-16,5.517102001738515
2023-09-17,5.056275477869393
2023-09-18,4.615110306029834
2023-09-19,4.193606486219837
2023-09-20,3.7917640184394035
2023-09-21,3.409582902688534
2023-09-22,3.047063138967225
2023-09-23,2.7042047272754806
2023-09-24,2.3810076676132983
2023-09-25,2.0774719599806777
2023-09-26,1.793597604377621
2023-09-27,1.5293846008041276
2023-09-28,1.284832949260197
2023-09-29,1.059942649745828
2023-09-30,0.8547137022610228
2023-10-01,0.6691461068057799
2023-10-02,0.5032398633801002
2023-10-03,0.35699497198398306
2023-10-04,0.23041143261742886
2023-10-05,0.12348924528043742
2023-10-06,0.036228409973008635
2023-10-07,-0.031371073304857444
2023-10-08,-0.07930920455316037
2023-10-09,-0.10758598377190065
2023-10-10,-0.11620141096107839
2023-10-11,-0.10515548612069292
2023-10-12,-0.07444820925074469
2023-10-13,-0.02407958035123403
2023-10-14,0.04595040057783972
2023-10-15,0.13564173353647624
2023-10-16,0.24499441852467563
2023-10-17,0.36954913849159676
2023-10-18,0.48254999113219543
2023-10-19,0.5795376593956302
2023-10-20,0.6605121432819014
2023-10-21,0.7254734427910088
2023-10-22,0.7744215579229526
2023-10-23,0.8073564886777331
2023-10-24,0.8242782350553494
2023-10-25,0.8251867970558024
2023-10-26,0.8100821746790922
2023-10-27,0.7789643679252176
2023-10-28,0.7318333767941797
2023-10-29,0.6686892012859781
2023-10-30,0.5895318414006131
2023-10-31,0.49436129713808397
2023-11-01,0.3831775684983913
2023-11-02,0.25598065548153515
2023-11-03,0.11277055808751557
2023-11-04,-0.04645272368366804
2023-11-05,-0.22168918983201502
2023-11-06,-0.41293884035752515
2023-11-07,-0.6202016752601998
2023-11-08,-0.8434776945400382
2023-11-09,-1.0827668981970398
2023-11-10,-1.338069286231205
2023-11-11,-1.6093848586425337
2023-11-12,-1.8967136154310262
2023-11-13,-2.200055556596682
2023-11-14,-2.5194106821395024
2023-11-15,-2.8547789920594857
2023-11-16,-3.2061604863566324
2023-11-17,-3.551053008279439
2023-11-18,-3.866954401076401
2023-11-19,-4.153864664747517
2023-11-20,-4.411783799292788
2023-11-21,-4.640711804712214
2023-11-22,-4.840648681005797
2023-11-23,-5.011594428173534
2023-11-24,-5.153549046215425
2023-11-25,-5.266512535131471
2023-11-26,-5.350484894921673
2023-11-27,-5.40546612558603
2023-11-28,-5.431456227124542
2023-11-29,-5.428455199537209
2023-11-30,-5.39646304282403
2023-12-01,-5.335479756985008
2023-12-02,-5.24550534202014
2023-12-03,-5.126539797929428
2023-12-04,-4.978583124712869
2023-12-05,-4.801635322370467
2023-12-06,-4.5956963909022175
2023-12-07,-4.360766330308126
2023-12-08,-4.096845140588188
2023-12-09,-3.8039328217424035
2023-12-10,-3.4820293737707777
2023-12-11,-3.1311347966733054
2023-12-12,-2.751249090449987
2023-12-13,-2.342372255100824
2023-12-14,-1.904504290625817
2023-12-15,-1.4376451970249642
2023-12-16,-0.9417949742982663
2023-12-17,-0.4234511241002012
2023-12-18,0.07840134364237578
2023-12-19,0.5572649272749881
2023-12-20,1.0131396267976358
2023-12-21,1.4460254422103178
2023-12-22,1.8559223735130326
2023-12-23,2.2428304207057845
2023-12-24,2.6067495837885697
2023-12-25,2.94767986276139
2023-12-26,3.265621257624246
2023-12-27,3.5605737683771363
2023-12-28,3.8325373950200614
2023-12-29,4.0815121375530214
2023-12-30,4.307497995976017
2023-12-31,4.510494970289045
2024-01-01,4.69050306049211
2024-01-02,4.847522266585207
2024-01-03,4.9815525885683405
2024-01-04,5.09259402644151
2024-01-05,5.180646580204713
2024-01-06,5.245710249857949
2024-01-07,5.287785035401224
2024-01-08,5.306870936834533
2024-01-09,5.302967954157874
2024-01-10,5.2760760873712504
2024-01-11,5.226195336474663
2024-01-12,5.153325701468109
2024-01-13,5.057467182351591
2024-01-14,4.938619779125108
2024-01-15,4.796783491788658
2024-01-16,4.631958320342244
2024-01-17,4.447540270970542
2024-01-18,4.26390538078161
2024-01-19,4.084449655960128
2024-01-20,3.909173096506094
2024-01-21,3.7380757024195086
2024-01-22,3.5711574737003717
2024-01-23,3.408418410348684
2024-01-24,3.249858512364444
2024-01-25,3.0954777797476525
2024-01-26,2.94527621249831
2024-01-27,2.799253810616415
2024-01-28,2.6574105741019696
2024-01-29,2.5197465029549724
2024-01-30,2.3862615971754235
2024-01-31,2.2569558567633234
2024-02-01,2.131829281718672
2024-02-02,2.0108818720414683
2024-02-03,1.8941136277317139
2024-02-04,1.7815245487894078
2024-02-05,1.6731146352145498
2024-02-06,1.5688838870071413
2024-02-07,1.4688323041671805
2024-02-08,1.3729598866946684
2024-02-09,1.2812666345896049
2024-02-10,1.1937525478519895
2024-02-11,1.110417626481823
2024-02-12,1.031261870479105
2024-02-13,0.9562852798438355
2024-02-14,0.8854878545760146
2024-02-15,0.818869594675642
2024-02-16,0.7569358078696851
2024-02-17,0.7027183405199438
2024-02-18,0.6567225003533858
2024-02-19,0.6189482873700105
2024-02-20,0.5893957015698181
2024-02-21,0.5680647429528087
2024-02-22,0.5549554115189822
2024-02-23,0.5500677072683386
2024-02-24,0.553401630200878
2024-02-25,0.5649571803166001
2024-02-26,0.5847343576155053
2024-02-27,0.6127331620975933
2024-02-28,0.6489535937628642
2024-02-29,0.6933956526113181
2024-03-01,0.7460593386429549
2024-03-02,0.8069446518577745
2024-03-03,0.8760515922557771
2024-03-04,0.9533801598369626
2024-03-05,1.0389303546013313
2024-03-06,1.1327021765488825
2024-03-07,1.2346956256796167
2024-03-08,1.3449107019935336
2024-03-09,1.463347405490634
2024-03-10,1.5900057361709168
2024-03-11,1.7248856940343824
2024-03-12,1.8679872790810315
2024-03-13,2.019310491310863
2024-03-14,2.178855330723878
2024-03-15,2.346621797320075
2024-03-16,2.5226098910994557
2024-03-17,2.7041600897725595
2024-03-18,2.875315259602633
2024-03-19,3.0334158783002168
2024-03-20,3.17846194586531
2024-03-21,3.3104534622979127
2024-03-22,3.4293904275980256
2024-03-23,3.5352728417656487
2024-03-24,3.628100704800782
2024-03-25,3.707874016703425
2024-03-26,3.7745927774735777
2024-03-27,3.828256987111241
2024-03-28,3.8688666456164134
2024-03-29,3.8964217529890957
2024-03-30,3.910922309229288
2024-03-31,3.9123683143369914
2024-04-01,3.900759768312205
2024-04-02,3.8760966711549263
2024-04-03,3.8383790228651593
2024-04-04,3.7876068234429012
2024-04-05,3.723780072888154
2024-04-06,3.646898771200916
2024-04-07,3.556962918381189
2024-04-08,3.4539725144289704
2024-04-09,3.3379275593442626
2024-04-10,3.208828053127065
2024-04-11,3.066673995777377
2024-04-12,2.9114653872951997
2024-04-13,2.7432022276805315
2024-04-14,2.5618845169333735
2024-04-15,2.3675122550537253
2024-04-16,2.160085442041587
2024-04-17,1.9506407341607326
2024-04-18,1.7502147876749352
2024-04-19,1.558807602584194
2024-04-20,1.3764191788885107
2024-04-21,1.2030495165878845
2024-04-22,1.0386986156823148
2024-04-23,0.8833664761718028
2024-04-24,0.7370530980563476
2024-04-25,0.5997584813359489
2024-04-26,0.471482626010608
2024-04-27,0.3522255320803241
2024-04-28,0.24198719954509712
2024-04-29,0.14076762840492701
2024-04-30,0.04856681865981412
2024-05-01,-0.0346152296902414
2024-05-02,-0.10877851664524046
2024-05-03,-0.1739230422051823
2024-05-04,-0.23004880637006686
2024-05-05,-0.27715580913989446
2024-05-06,-0.3152440505146651
2024-05-07,-0.34431353049437874
2024-05-08,-0.36436424907903503
2024-05-09,-0.37539620626863435
2024-05-10,-0.37740940206317675
2024-05-11,-0.37040383646266195
2024-05-12,-0.35437950946709024
2024-05-13,-0.3293364210764613
2024-05-14,-0.29527457129077556
2024-05-15,-0.2521939601100326
2024-05-16,-0.20009458753423248
2024-05-17,-0.14068668437628332
2024-05-18,-0.08423163551363169
2024-05-19,-0.032439671759185565
2024-05-20,0.014689206887054992
2024-05-21,0.05715500042508999
2024-05-22,0.09495770885491964
2024-05-23,0.1280973321765438
2024-05-24,0.15657387038996232
2024-05-25,0.1803873234951754
2024-05-26,0.1995376914921832
2024-05-27,0.2140249743809852
2024-05-28,0.2238491721615818
2024-05-29,0.2290102848339729
2024-05-30,0.2295083123981586
2024-05-31,0.2253432548541387
2024-06-01,0.2165151122019134
2024-06-02,0.2030238844414825
2024-06-03,0.18486957157284611
2024-06-04,0.16205217359600438
2024-06-05,0.13457169051095696
2024-06-06,0.1024281223177042
2024-06-07,0.06562146901624594
2024-06-08,0.024151730606582045
2024-06-09,-0.021981092911287303
2024-06-10,-0.07277700153736211
2024-06-11,-0.12823599527164237
2024-06-12,-0.18835807411412825
2024-06-13,-0.2531432380648194
2024-06-14,-0.3225914871237162
2024-06-15,-0.39670282129081863
2024-06-16,-0.4754772405661263
2024-06-17,-0.5482032117495615
2024-06-18,-0.6041692016410464
2024-06-19,-0.6433752102405806
2024-06-20,-0.6658212375481642
2024-06-21,-0.6715072835637971
2024-06-22,-0.6604333482874799
2024-06-23,-0.6325994317192118
2024-06-24,-0.5880055338589936
2024-06-25,-0.5266516547068245
2024-06-26,-0.4485377942627048
2024-06-27,-0.35366395252663463
2024-06-28,-0.24203012949861424
2024-06-29,-0.1136363251786432
2024-06-30,0.03151746043327841
2024-07-01,0.1934312273371504
2024-07-02,0.3721049755329733
2024-07-03,0.5675387050207468
2024-07-04,0.7797324158004701
2024-07-05,1.0086861078721445
2024-07-06,1.2543997812357697
2024-07-07,1.516873435891345
2024-07-08,1.7961070718388712
2024-07-09,2.092100689078347
2024-07-10,2.4048542876097745
2024-07-11,2.7343678674331517
2024-07-12,3.0806414285484793
2024-07-13,3.443674970955758
2024-07-14,3.8234684946549873
2024-07-15,4.220021999646167
2024-07-16,4.6333354859292974
2024-07-17,5.058083260293032
2024-07-18,5.462311163469292
2024-07-19,5.8406935022467374
2024-07-20,6.193230276625362
2024-07-21,6.519921486605169
2024-07-22,6.820767132186156
2024-07-23,7.095767213368326
2024-07-24,7.344921730151675
2024-07-25,7.568230682536207
2024-07-26,7.765694070521919
2024-07-27,7.937311894108814
2024-07-28,8.083084153296893
2024-07-29,8.20301084808615
2024-07-30,8.297091978476585
2024-07-31,8.365327544468206
2024-08-01,8.407717546061008
2024-08-02,8.42426198325499
2024-08-03,8.414960856050154
2024-08-04,8.379814164446502
2024-08-05,8.31882190844403
2024-08-06,8.231984088042736
2024-08-07,8.119300703242624
2024-08-08,7.980771754043698
2024-08-09,7.8163972404459505
2024-08-10,7.626177162449386
2024-08-11,7.410111520054
2024-08-12,7.168200313259797
2024-08-13,6.900443542066775
2024-08-14,6.606841206474934
2024-08-15,6.287393306484274
2024-08-16,5.942099842094799
2024-08-17,5.5754380134670996
2024-08-18,5.214271021564774
2024-08-19,4.863076066548419
2024-08-20,4.5218531484180335
2024-08-21,4.1906022671736185
2024-08-22,3.8693234228151745
2024-08-23,3.5580166153427006
2024-08-24,3.256681844756196
2024-08-25,2.965319111055664
2024-08-26,2.6839284142411004
2024-08-27,2.4125097543125076
2024-08-28,2.1510631312698854
2024-08-29,1.8995885451132335
2024-08-30,1.6580859958425527
2024-08-31,1.4265554834578411
2024-09-01,1.2049970079591004
2024-09-02,0.9934105693463301
2024-09-03,0.79179616761953
2024-09-04,0.6001538027787006
2024-09-05,0.4184834748238414
2024-09-06,0.24678518375495245
2024-09-07,0.08505892957203393
2024-09-08,-0.06669528772491423
2024-09-09,-0.20847746813589202
2024-09-10,-0.3402876116608994
2024-09-11,-0.4621257182999365
2024-09-12,-0.573991788053003
2024-09-13,-0.6758858209200993
2024-09-14,-0.7678078169012253
2024-09-15,-0.8497577759963808
2024-09-16,-0.9217356982055659
2024-09-17,-0.9890713899830836
2024-09-18,-1.0570946577832372
2024-09-19,-1.1258055016060258
2024-09-20,-1.19520392145145
2024-09-21,-1.2652899173195098
2024-09-22,-1.3360634892102052
2024-09-23,-1.4075246371235361
2024-09-24,-1.4796733610595025
2024-09-25,-1.5525096610181046
2024-09-26,-1.6260335369993422
2024-09-27,-1.700244989003215
2024-09-28,-1.7751440170297235
2024-09-29,-1.8507306210788674
2024-09-30,-1.9270048011506473
2024-10-01,-2.0039665572450622
2024-10-02,-2.081615889362113
2024-10-03,-2.159952797501799
2024-10-04,-2.2389772816641207
2024-10-05,-2.318689341849078
2024-10-06,-2.3990889780566707
2024-10-07,-2.480176190286899
2024-10-08,-2.5619509785397625
2024-10-09,-2.644413342815262
2024-10-10,-2.7275632831133967
2024-10-11,-2.8114007994341668
2024-10-12,-2.8959258917775728
2024-10-13,-2.9811385601436142
2024-10-14,-3.0670388045322907
2024-10-15,-3.1536266249436036
2024-10-16,-3.2409020213775515
2024-10-17,-3.3273481619805394
2024-10-18,-3.4038640556309963
2024-10-19,-3.468932870475326
2024-10-20,-3.5225546065135296
2024-10-21,-3.5647292637456065
2024-10-22,-3.595456842171556
2024-10-23,-3.6147373417913795
2024-10-24,-3.6225707626050765
2024-10-25,-3.618957104612645
2024-10-26,-3.6038963678140896
2024-10-27,-3.5773885522094053
2024-10-28,-3.539433657798595
2024-10-29,-3.490031684581658
2024-10-30,-3.4291826325585943
2024-10-31,-3.356886501729404
2024-11-01,-3.2731432920940864
2024-11-02,-3.177953003652643
2024-11-03,-3.071315636405072
2024-11-04,-2.953231190351375
2024-11-05,-2.823699665491551
2024-11-06,-2.682721061825601
2024-11-07,-2.5302953793535234
2024-11-08,-2.3664226180753185
2024-11-09,-2.191102777990988
2024-11-10,-2.0043358591005305
2024-11-11,-1.8061218614039463
2024-11-12,-1.5964607849012356
2024-11-13,-1.3753526295923981
2024-11-14,-1.142797395477434
2024-11-15,-0.8987950825563424
2024-11-16,-0.6433456908291248
2024-11-17,-0.3876239482852937
2024-11-18,-0.1428045829143609
2024-11-19,0.09111240528367257
2024-11-20,0.3141270163088063
2024-11-21,0.5262392501610405
2024-11-22,0.7274491068403764
2024-11-23,0.9177565863468125
2024-11-24,1.0971616886803501
2024-11-25,1.2656644138409876
2024-11-26,1.4232647618287269
2024-11-27,1.5699627326435663
2024-11-28,1.7057583262855067
2024-11-29,1.830651542754548
2024-11-30,1.9446423820506902
2024-12-01,2.047730844173933
2024-12-02,2.139916929124276
2024-12-03,2.221200636901721
2024-12-04,2.2915819675062665
2024-12-05,2.351060920937913
2024-12-06,2.399637497196659
2024-12-07,2.437311696282507
2024-12-08,2.464083518195456
2024-12-09,2.479952962935505
2024-12-10,2.4849200305026553
2024-12-11,2.4789847208969062
2024-12-12,2.4621470341182583
2024-12-13,2.43440697016671
2024-12-14,2.395764529042264
2024-12-15,2.3462197107449185
2024-12-16,2.2857725152746733
2024-12-17,2.216014745841938
2024-12-18,2.146497221709164
2024-12-19,2.0788117460867594
2024-12-20,2.0129583189747255
2024-12-21,1.9489369403730616
2024-12-22,1.8867476102817677
2024-12-23,1.8263903287008445
2024-12-24,1.7678650956302904
2024-12-25,1.711171911070107
2024-12-26,1.656310775020293
2024-12-27,1.6032816874808498
2024-12-28,1.552084648451776
2024-12-29,1.502719657933073
2024-12-30,1.4551867159247396
2024-12-31,1.4094858224267763
2025-01-01,1.3656169774391829
2025-01-02,1.3235801809619598
2025-01-03,1.2833754329951066
2025-01-04,1.2450027335386238
2025-01-05,1.208462082592511
2025-01-06,1.1737534801567677
2025-01-07,1.1408769262313951
2025-01-08,1.1098324208163923
2025-01-09,1.0806199639117597
2025-01-10,1.0532395555174972
2025-01-11,1.0276911956336043
2025-01-12,1.003974884260082
2025-01-13,0.9820906213969294
2025-01-14,0.962038407044147
2025-01-15,0.9438182412017346
2025-01-16,0.9274301238696925
2025-01-17,0.9130217848063867
2025-01-18,0.9014796025620161
2025-01-19,0.8929513068949472
2025-01-20,0.8874368978051799
2025-01-21,0.8849363752927145
2025-01-22,0.8854497393575507
2025-01-23,0.8889769899996882
2025-01-24,0.8955181272191276
2025-01-25,0.9050731510158685
2025-01-26,0.9176420613899112
2025-01-27,0.9332248583412557
2025-01-28,0.9518215418699018
2025-01-29,0.9734321119758493
2025-01-30,0.9980565686590985
2025-01-31,1.0256949119196495
2025-02-01,1.056347141757502
2025-02-02,1.0900132581726563
2025-02-03,1.1266932611651121
2025-02-04,1.1663871507348698
2025-02-05,1.2090949268819293
2025-02-06,1.25481658960629
2025-02-07,1.3035521389079525
2025-02-08,1.3553015747869166
2025-02-09,1.4100648972431822
2025-02-10,1.4678421062767497
2025-02-11,1.528633201887619
2025-02-12,1.5924381840757897
2025-02-13,1.6592570528412622
2025-02-14,1.7290898081840362
2025-02-15,1.801936450104112
2025-02-16,1.8672801266334094
2025-02-17,1.9146039858038488
2025-02-18,1.94390802761543
2025-02-19,1.9551922520681533
2025-02-20,1.948456659162018
2025-02-21,1.9237012488970253
2025-02-22,1.8809260212731742
2025-02-23,1.8201309762904652
2025-02-24,1.7413161139488975
2025-02-25,1.6444814342484726
2025-02-26,1.5296269371891884
2025-02-27,1.3967526227710467
2025-02-28,1.245858490994047
2025-03-01,1.076944541858189
2025-03-02,0.8900107753634732
2025-03-03,0.6850571915098991
2025-03-04,0.4620837902974666
2025-03-05,0.22109057172617685
2025-03-06,-0.03792246420397172
2025-03-07,-0.31495531749297845
2025-03-08,-0.6100079881408429
2025-03-09,-0.9230804761475664
2025-03-10,-1.2541727815131472
2025-03-11,-1.6032849042375856
2025-03-12,-1.9704168443208825
2025-03-13,-2.3555686017630384
2025-03-14,-2.7587401765640513
2025-03-15,-3.179931568723923
2025-03-16,-3.6191427782426535
2025-03-17,-4.069448082181819
2025-03-18,-4.489293142910894
2025-03-19,-4.871752237491454
2025-03-20,-5.2168253659234995
2025-03-21,-5.524512528207032
2025-03-22,-5.794813724342052
2025-03-23,-6.027728954328558
2025-03-24,-6.22325821816655
2025-03-25,-6.381401515856028
2025-03-26,-6.502158847396992
2025-03-27,-6.585530212789443
2025-03-28,-6.631515612033381
2025-03-29,-6.640115045128804
2025-03-30,-6.611328512075714
2025-03-31,-6.54515601287411
2025-04-01,-6.441597547523992
2025-04-02,-6.300653116025362
2025-04-03,-6.122322718378217
2025-04-04,-5.906606354582559
2025-04-05,-5.653504024638385
2025-04-06,-5.3630157285457
2025-04-07,-5.035141466304501
2025-04-08,-4.6698812379147885
2025-04-09,-4.267235043376561
2025-04-10,-3.8272028826898206
2025-04-11,-3.3497847558545657
2025-04-12,-2.834980662870798
2025-04-13,-2.282790603738518
2025-04-14,-1.693214578457722
2025-04-15,-1.066252587028413
2025-04-16,-0.40190462945059036
2025-04-17,0.260871160475453
2025-04-18,0.8831166489494269
2025-04-19,1.4648318359713295
2025-04-20,2.006016721541158
2025-04-21,2.5066713056589185
2025-04-22,2.9667955883246075
2025-04-23,3.386389569538226
2025-04-24,3.7654532492997728
2025-04-25,4.103986627609251
2025-04-26,4.401989704466655
2025-04-27,4.659462479871987
2025-04-28,4.876404953825251
2025-04-29,5.052817126326441
2025-04-30,5.188698997375563
2025-05-01,5.284050566972613
2025-05-02,5.338871835117591
2025-05-03,5.3531628018105
2025-05-04,5.326923467051337
2025-05-05,5.260153830840102
2025-05-06,5.152853893176798
2025-05-07,5.005023654061423
2025-05-08,4.816663113493974
2025-05-09,4.587772271474456
2025-05-10,4.318351128002869
2025-05-11,4.008399683079208
2025-05-12,3.657917936703477
2025-05-13,3.2669058888756743
2025-05-14,2.8353635395958023
2025-05-15,2.363290888863858
2025-05-16,1.8506879366798419
2025-05-17,1.306260365829382
2025-05-18,0.7822422730262298
2025-05-19,0.2873393410560117
2025-05-20,-0.17844843008127256
2025-05-21,-0.6151210403856217
2025-05-22,-1.0226784898570378
2025-05-23,-1.4011207784955213
2025-05-24,-1.750447906301068
2025-05-25,-2.070659873273683
2025-05-26,-2.3617566794133635
2025-05-27,-2.6237383247201094
2025-05-28,-2.8566048091939216
2025-05-29,-3.0603561328348006
2025-05-30,-3.2349922956427446
2025-05-31,-3.380513297617755
2025-06-01,-3.4969191387598317
2025-06-02,-3.5842098190689744
2025-06-03,-3.642385338545181
2025-06-04,-3.6714456971884566
2025-06-05,-3.6713908949987974
2025-06-06,-3.6422209319762042
2025-06-07,-3.5839358081206765
2025-06-08,-3.4965355234322155
2025-06-09,-3.380020077910819
2025-06-10,-3.234389471556491
2025-06-11,-3.0596437043692264
2025-06-12,-2.85578277634903
2025-06-13,-2.622806687495899
2025-06-14,-2.3607154378098336
2025-06-15,-2.0695090272908336
2025-06-16,-1.749187455938901
2025-06-17,-1.4228900223711525
2025-06-18,-1.1137560252047076
2025-06-19,-0.8217854644395655
2025-06-20,-0.5469783400757278
2025-06-21,-0.289334652113193
2025-06-22,-0.04885440055196166
2025-06-23,0.1744624146079662
2025-06-24,0.3806157933665908
2025-06-25,0.5696057357239122
2025-06-26,0.7414322416799296
2025-06-27,0.8960953112346434
2025-06-28,1.0335949443880543
2025-06-29,1.1539311411401616
2025-06-30,1.257103901490966
2025-07-01,1.3431132254404667
2025-07-02,1.4119591129886633
2025-07-03,1.4636415641355573
2025-07-04,1.4981605788811476
2025-07-05,1.5155161572254345
2025-07-06,1.5157082991684172
2025-07-07,1.498737004710097
2025-07-08,1.4646022738504745
2025-07-09,1.4133041065895473
2025-07-10,1.344842502927317
2025-07-11,1.2592174628637838
2025-07-12,1.1564289863989465
2025-07-13,1.0364770735328053
2025-07-14,0.8993617242653618
2025-07-15,0.7450829385966145
2025-07-16,0.5736407165265631
2025-07-17,0.38866534112075707
2025-07-18,0.21193851077248213
2025-07-19,0.04709050854728631
2025-07-20,-0.10587866555482975
2025-07-21,-0.24696901153386647
2025-07-22,-0.37618052938982344
2025-07-23,-0.4935132191227015
2025-07-24,-0.5989670807324997
2025-07-25,-0.692542114219219
2025-07-26,-0.7742383195828586
2025-07-27,-0.8440556968234189
2025-07-28,-0.9019942459408998
2025-07-29,-0.9480539669353011
2025-07-30,-0.9822348598066233
2025-07-31,-1.0045369245548659
2025-08-01,-1.014960161180029
2025-08-02,-1.0135045696821132
2025-08-03,-1.0001701500611173
2025-08-04,-0.9749569023170426
2025-08-05,-0.9378648264498883
2025-08-06,-0.8888939224596546
2025-08-07,-0.8280441903463415
2025-08-08,-0.7553156301099488
2025-08-09,-0.6707082417504768
2025-08-10,-0.574222025267926
2025-08-11,-0.465856980662295
2025-08-12,-0.34561310793358513
2025-08-13,-0.21349040708179534
2025-08-14,-0.0694888781069265
2025-08-15,0.08639147899102206
2025-08-16,0.2541506642120499
2025-08-17,0.43126192323865237
2025-08-18,0.602564730165806
2025-08-19,0.7655323306760049
2025-08-20,0.9201647247692496
2025-08-21,1.066461912445541
2025-08-22,1.2044238937048781
2025-08-23,1.3340506685472606
2025-08-24,1.4553422369726894
2025-08-25,1.5682985989811646
2025-08-26,1.6729197545726848
2025-08-27,1.7692057037472517
2025-08-28,1.8571564465048653
2025-08-29,1.9367719828455234
2025-08-30,2.008052312769228
2025-08-31,2.0709974362759787
2025-09-01,2.1256073533657758
2025-09-02,2.171882064038618
2025-09-03,2.2098215682945064
2025-09-04,2.239425866133441
2025-09-05,2.260694957555421
2025-09-06,2.273628842560448
2025-09-07,2.2782275211485206
2025-09-08,2.2744909933196387
2025-09-09,2.2624192590738033
2025-09-10,2.242012318411013
2025-09-11,2.2132701713312697
2025-09-12,2.176192817834572
2025-09-13,2.1307802579209203
2025-09-14,2.0770324915903147
2025-09-15,2.014949518842754
2025-09-16,1.9445313396782404
2025-09-17,1.8685817068022497
2025-09-18,1.7899043729202593
2025-09-19,1.7084993380322688
2025-09-20,1.624366602138279
2025-09-21,1.5375061652382893
2025-09-22,1.4479180273323
2025-09-23,1.3556021884203107
2025-09-24,1.2605586485023221
2025-09-25,1.1627874075783333
2025-09-26,1.062288465648345
2025-09-27,0.9590618227123572
2025-09-28,0.8531074787703695
2025-09-29,0.7444254338223818
2025-09-30,0.6330156878683949
2025-10-01,0.518878240908408
2025-10-02,0.40201309294242127
2025-10-03,0.28242024397043497
2025-10-04,0.16009969399244894
2025-10-05,0.0350514430084633
2025-10-06,-0.09272450898152229
2025-10-07,-0.2232281619775075
2025-10-08,-0.35645951597949244
2025-10-09,-0.4924185709874773
2025-10-10,-0.6311053270014612
2025-10-11,-0.7725197840214456
2025-10-12,-0.9166619420474297
2025-10-13,-1.0635318010794128
2025-10-14,-1.2131293611173959
2025-10-15,-1.3654546221613793
2025-10-16,-1.5205075842113618
2025-10-17,-1.6761383752281438
2025-10-18,-1.819447762976523
2025-10-19,-1.9482858754172996
2025-10-20,-2.0626527125504723
2025-10-21,-2.162548274376043
2025-10-22,-2.2479725608940093
2025-10-23,-2.3189255721043733
2025-10-24,-2.375407308007134
2025-10-25,-2.4174177686022915
2025-10-26,-2.4449569538898466
2025-10-27,-2.458024863869798
2025-10-28,-2.456621498542146
2025-10-29,-2.440746857906891
2025-10-30,-2.410400941964033
2025-10-31,-2.3655837507135726
2025-11-01,-2.306295284155508
2025-11-02,-2.232535542289841
2025-11-03,-2.144304525116571
2025-11-04,-2.041602232635697
2025-11-05,-1.9244286648472215
2025-11-06,-1.7927838217511416
2025-11-07,-1.6466677033474586
2025-11-08,-1.4860803096361728
2025-11-09,-1.3110216406172848
2025-11-10,-1.1214916962907926
2025-11-11,-0.9174904766566974
2025-11-12,-0.6990179817149995
2025-11-13,-0.4660742114656973
2025-11-14,-0.21865916590879353
2025-11-15,0.04322715495571394
2025-11-16,0.3195847511278247
2025-11-17,0.5979192395846342
2025-11-18,0.86573623730324
2025-11-19,1.123035744283641
2025-11-20,1.369817760525837
2025-11-21,1.606082286029829
2025-11-22,1.831829320795617
2025-11-23,2.0470588648231995
2025-11-24,2.2517709181125785
2025-11-25,2.4459654806637516
2025-11-26,2.6296425524767217
2025-11-27,2.802802133551487
2025-11-28,2.9654442238880483
2025-11-29,3.117568823486404
2025-11-30,3.259175932346555
2025-12-01,3.390265550468502
2025-12-02,3.5108376778522445
2025-12-03,3.620892314497783
2025-12-04,3.7204294604051165
2025-12-05,3.8094491155742465
2025-12-06,3.8879512800051725
2025-12-07,3.9559359536978915
2025-12-08,4.013403136652408
2025-12-09,4.060352828868719
2025-12-10,4.096785030346827
2025-12-11,4.122699741086729
2025-12-12,4.138096961088427
2025-12-13,4.14297669035192
2025-12-14,4.1373389288772096
2025-12-15,4.121183676664293
2025-12-16,4.094510933713174
2025-12-17,4.057320700023849
2025-12-18,4.00961297559632
2025-12-19,3.9513877604305874
2025-12-20,3.88264505452665
2025-12-21,3.803384857884507
2025-12-22,3.71360717050416
2025-12-23,3.6133119923856096
2025-12-24,3.5024993235288537
2025-12-25,3.381169163933894
2025-12-26,3.249321513600729
2025-12-27,3.1069563725293596
2025-12-28,2.9540737407197857
2025-12-29,2.7906736181720078
2025-12-30,2.6167560048860254
2025-12-31,2.4323209008618383
2026-01-01,2.2373683060994467
2026-01-02,
2026-01-03,
2026-01-04,
2026-01-05,
2026-01-06,
2026-01-07,
2026-01-08,
2026-01-09,
2026-01-10,
2026-01-11,
2026-01-12,
2026-01-13,
2026-01-14,
2026-01-15,
2026-01-16,
2026-01-17,
2026-01-18,
2026-01-19,
2026-01-20,
2026-01-21,
2026-01-22,
2026-01-23,
2026-01-24,
2026-01-25,
2026-01-26,
2026-01-27,
2026-01-28,
2026-01-29,
2026-01-30,
2026-01-31,
2026-02-01,
2026-02-02,
2026-02-03,
2026-02-04,
2026-02-05,
2026-02-06,
2026-02-07,
2026-02-08,
2026-02-09,
2026-02-10,
2026-02-11,
2026-02-12,
2026-02-13,
2026-02-14,
2026-02-15,
2026-02-16,
2026-02-17,
2026-02-18,
2026-02-19,
2026-02-20,
2026-02-21,
2026-02-22,
2026-02-23,
2026-02-24,
2026-02-25,
2026-02-26,
2026-02-27,
2026-02-28,
2026-03-01,
2026-03-02,
2026-03-03,
2026-03-04,
2026-03-05,
2026-03-06,
2026-03-07,
2026-03-08,
2026-03-09,
2026-03-10,
2026-03-11,
2026-03-12,
2026-03-13,
2026-03-14,
2026-03-15,
2026-03-16,
2026-03-17,
2026-03-18,
2026-03-19,
2026-03-20,
2026-03-21,
2026-03-22,
2026-03-23,
2026-03-24,
2026-03-25,
2026-03-26,
2026-03-27,
2026-03-28,
2026-03-29,
2026-03-30,
2026-03-31,
2026-04-01,
2026-04-02,
2026-04-03,
2026-04-04,
2026-04-05,
2026-04-06,
2026-04-07,
2026-04-08,
2026-04-09,
2026-04-10,
2026-04-11,
2026-04-12,
2026-04-13,
2026-04-14,
2026-04-15,
2026-04-16,
2026-04-17,
2026-04-18,
2026-04-19,
2026-04-20,
2026-04-21,
2026-04-22,
2026-04-23,
2026-04-24,
2026-04-25,
2026-04-26,
2026-04-27,
2026-04-28,
2026-04-29,
2026-04-30,
2026-05-01,
2026-05-02,
2026-05-03,
2026-05-04,
2026-05-05,
2026-05-06,
2026-05-07,
2026-05-08,
2026-05-09,
2026-05-10,
2026-05-11,
2026-05-12,
2026-05-13,
2026-05-14,
2026-05-15,
2026-05-16,
2026-05-17,
2026-05-18,
2026-05-19,
2026-05-20,
2026-05-21,
2026-05-22,
2026-05-23,
2026-05-24,
2026-05-25,
2026-05-26,
2026-05-27,
2026-05-28,
2026-05-29,
2026-05-30,
2026-05-31,
2026-06-01,
2026-06-02,
2026-06-03,
2026-06-04,
2026-06-05,
2026-06-06,
2026-06-07,
2026-06-08,
2026-06-09,
2026-06-10,
2026-06-11,
2026-06-12,
2026-06-13,
2026-06-14,
2026-06-15,
2026-06-16,
2026-06-17,
2026-06-18,
2026-06-19,
2026-06-20,
2026-06-21,
2026-06-22,
2026-06-23,
2026-06-24,
2026-06-25,
2026-06-26,
2026-06-27,
2026-06-28,
2026-06-29,
2026-06-30,
