date,direct_pct
1999-01-14,0.009153262354433329
1999-01-15,0.010882745726292206
1999-01-18,0.012926690279543396
1999-01-19,0.015285096014186896
1999-01-20,0.017957962930222702
1999-01-21,0.020945291027650827
1999-01-22,0.02424708030647126
1999-01-25,0.027863330766684003
1999-01-26,0.031794042408289064
1999-01-27,0.03603921523128642
1999-01-28,0.040598849235676096
1999-01-29,0.04547294442145809
1999-02-01,0.02581698167592365
1999-02-02,0.026779201015504822
1999-02-03,0.027854626380387226
1999-02-04,0.02904325777057086
1999-02-05,0.03034509518605573
1999-02-08,0.03176013862684183
1999-02-09,0.03328838809292916
1999-02-10,0.03492984358431772
1999-02-11,0.03668450510100752
1999-02-12,0.038552372642998545
1999-02-15,0.040533446210290806
1999-02-16,0.0426277258028843
1999-02-17,0.04483521142077902
1999-02-18,0.047155903063974984
1999-02-19,0.04958980073247217
1999-02-22,0.052136904426270586
1999-02-23,0.05479721414537024
1999-02-24,0.05757072988977112
1999-02-25,0.06045745165947324
1999-02-26,0.06345737945447659
1999-03-01,0.09637958904405869
1999-03-02,0.09883116300453816
1999-03-03,0.10102723803827574
1999-03-04,0.10296781414527141
1999-03-05,0.10465289132552519
1999-03-08,0.10608246957903705
1999-03-09,0.10725654890580703
1999-03-10,0.1081751293058351
1999-03-11,0.10883821077912127
1999-03-12,0.10924579332566554
1999-03-15,0.10939787694546792
1999-03-16,0.10929446163852839
1999-03-17,0.10893554740484697
1999-03-18,0.10832113424442363
1999-03-19,0.1074512221572584
1999-03-22,0.10632581114335128
1999-03-23,0.10494490120270225
1999-03-24,0.10330849233531132
1999-03-25,0.1014165845411785
1999-03-26,0.09926917782030376
1999-03-29,0.09686627217268713
1999-03-30,0.0942078675983286
1999-03-31,0.09129396409722816
1999-04-01,-0.046894736101445136
1999-04-02,-0.0488111418990612
1999-04-05,-0.049330487319730866
1999-04-06,-0.04845277236345416
1999-04-07,-0.04617799703023106
1999-04-08,-0.042506161320061596
1999-04-09,-0.03743726523294574
1999-04-12,-0.03097130876888351
1999-04-13,-0.023108291927874895
1999-04-14,-0.013848214709919895
1999-04-15,-0.0031910771150185126
1999-04-16,0.008863120856829238
1999-04-19,0.022314379205623406
1999-04-20,0.03716269793136391
1999-04-21,0.0534080770340508
1999-04-22,0.07105051651368412
1999-04-23,0.09009001637026376
1999-04-26,0.11052657660378977
1999-04-27,0.13236019721426226
1999-04-28,0.15559087820168105
1999-04-29,0.18021861956604623
1999-04-30,0.20624342130735784
1999-05-03,0.5471032681393866
1999-05-04,0.573099273358058
1999-05-05,0.5963636187191306
1999-05-06,0.6168963042226043
1999-05-07,0.6346973298684793
1999-05-10,0.6497666956567554
1999-05-11,0.6621044015874326
1999-05-12,0.671710447660511
1999-05-13,0.6785848338759906
1999-05-14,0.6827275602338714
1999-05-17,0.6841386267341533
1999-05-18,0.6828180333768363
1999-05-19,0.6787657801619206
1999-05-20,0.671981867089406
1999-05-21,0.6624662941592927
1999-05-24,0.6502190613715804
1999-05-25,0.6352401687262693
1999-05-26,0.6175296162233594
1999-05-27,0.5970874038628508
1999-05-28,0.5739135316447431
1999-05-31,0.5480079995690368
1999-06-01,0.21619159446730624
1999-06-02,0.19014191090933152
1999-06-03,0.1653780451842643
1999-06-04,0.14189999729210462
1999-06-07,0.11970776723285247
1999-06-08,0.09880135500650784
1999-06-09,0.07918076061307076
1999-06-10,0.0608459840525412
1999-06-11,0.04379702532491914
1999-06-14,0.028033884430204603
1999-06-15,0.013556561368397606
1999-06-16,0.0003650561394981412
1999-06-17,-0.011540631256493822
1999-06-18,-0.022160500819578238
1999-06-21,-0.03149455254975512
1999-06-22,-0.039542786447024504
1999-06-23,-0.04630520251138634
1999-06-24,-0.05178180074284066
1999-06-25,-0.05597258114138746
1999-06-28,-0.05887754370702671
1999-06-29,-0.06049668843975845
1999-06-30,-0.060830015339582676
1999-07-01,0.034318833536467815
1999-07-02,0.03538700120999943
1999-07-05,0.03657084562397935
1999-07-06,0.03787036677840758
1999-07-07,0.03928556467328411
1999-07-08,0.040816439308608954
1999-07-09,0.0424629906843821
1999-07-12,0.044225218800603545
1999-07-13,0.0461031236572733
1999-07-14,0.048096705254391366
1999-07-15,0.05020596359195774
1999-07-16,0.052430898669972414
1999-07-19,0.0547715104884354
1999-07-20,0.057227799047346685
1999-07-21,0.05979976434670627
1999-07-22,0.06248740638651418
1999-07-23,0.06529072516677038
1999-07-26,0.06820972068747488
1999-07-27,0.07124439294862771
1999-07-28,0.07439474195022884
1999-07-29,0.07766076769227825
1999-07-30,0.08104247017477599
1999-08-02,0.12345033618567579
1999-08-03,0.12658003206474772
1999-08-04,0.12934204459994558
1999-08-05,0.1317363737912693
1999-08-06,0.13376301963871895
1999-08-09,0.13542198214229448
1999-08-10,0.13671326130199593
1999-08-11,0.13763685711782328
1999-08-12,0.1381927695897765
1999-08-13,0.13838099871785564
1999-08-16,0.13820154450206068
1999-08-17,0.13765440694239162
1999-08-18,0.13673958603884845
1999-08-19,0.1354570817914312
1999-08-20,0.13380689420013983
1999-08-23,0.13178902326497438
1999-08-24,0.1294034689859348
1999-08-25,0.12665023136302117
1999-08-26,0.12352931039623338
1999-08-27,0.12004070608557152
1999-08-30,0.11618441843103557
1999-08-31,0.1119604474326255
1999-09-01,0.05615678434176628
1999-09-02,0.05183362067732944
1999-09-03,0.04777894769073994
1999-09-06,0.043992765381997756
1999-09-07,0.0404750737511029
1999-09-08,0.037225872798055386
1999-09-09,0.03424516252285519
1999-09-10,0.03153294292550233
1999-09-13,0.029089214005996795
1999-09-14,0.026913975764338585
1999-09-15,0.025007228200527705
1999-09-16,0.023368971314564158
1999-09-17,0.021999205106447935
1999-09-20,0.02089792957617904
1999-09-21,0.020065144723757478
1999-09-22,0.01950085054918324
1999-09-23,0.019205047052456334
1999-09-24,0.019177734233576757
1999-09-27,0.019418912092544503
1999-09-28,0.019928580629359583
1999-09-29,0.020706739844021986
1999-09-30,0.02175338973653173
1999-10-01,0.04961007534547483
1999-10-04,0.05092106803089811
1999-10-05,0.052165287089942024
1999-10-06,0.053342732522606566
1999-10-07,0.05445340432889175
1999-10-08,0.05549730250879758
1999-10-11,0.056474427062324035
1999-10-12,0.05738477798947113
1999-10-13,0.05822835529023886
1999-10-14,0.05900515896462723
1999-10-15,0.059715189012636234
1999-10-18,0.06035844543426588
1999-10-19,0.060934928229516155
1999-10-20,0.06144463739838707
1999-10-21,0.06188757294087862
1999-10-22,0.06226373485699081
1999-10-25,0.06257312314672364
1999-10-26,0.0628157378100771
1999-10-27,0.0629915788470512
1999-10-28,0.06310064625764594
1999-10-29,0.0631429400418613
1999-11-01,0.053269351906041026
1999-11-02,0.05330751189021828
1999-11-03,0.05340719898063843
1999-11-04,0.05356841317730145
1999-11-05,0.053791154480207354
1999-11-08,0.05407542288935615
1999-11-09,0.054421218404747826
1999-11-10,0.054828541026382384
1999-11-11,0.05529739075425983
1999-11-12,0.05582776758838016
1999-11-15,0.056419671528743366
1999-11-16,0.05707310257534946
1999-11-17,0.05778806072819844
1999-11-18,0.05856454598729031
1999-11-19,0.05940255835262505
1999-11-22,0.060302097824202684
1999-11-23,0.061263164402023194
1999-11-24,0.0622857580860866
1999-11-25,0.06336987887639287
1999-11-26,0.06451552677294203
1999-11-29,0.06572270177573408
1999-11-30,0.06699140388476904
1999-12-01,0.09397829432432513
1999-12-02,0.0950150892231495
1999-12-03,0.09581628585835857
1999-12-06,0.09638188422995236
1999-12-07,0.09671188433793086
1999-12-08,0.09680628618229409
1999-12-09,0.09666508976304201
1999-12-10,0.09628829508017467
1999-12-13,0.09567590213369202
1999-12-14,0.0948279109235941
1999-12-15,0.09374432144988089
1999-12-16,0.09242513371255238
1999-12-17,0.0908703477116086
1999-12-20,0.08907996344704952
1999-12-21,0.08705398091887516
1999-12-22,0.08479240012708551
1999-12-23,0.08229522107168058
1999-12-24,0.07956244375266036
1999-12-27,0.07659406817002486
1999-12-28,0.07339009432377407
1999-12-29,0.06995052221390799
1999-12-30,0.06627535184042663
1999-12-31,0.062364583203329965
2000-01-03,-0.0012475403799824675
2000-01-04,-0.0052633130468187975
2000-01-05,-0.008753599393997443
2000-01-06,-0.011718399421518384
2000-01-07,-0.014157713129381636
2000-01-10,-0.016071540517587194
2000-01-11,-0.017459881586135054
2000-01-12,-0.018322736335025222
2000-01-13,-0.018660104764257696
2000-01-14,-0.018471986873832474
2000-01-17,-0.017758382663749562
2000-01-18,-0.01651929213400895
2000-01-19,-0.014754715284610649
2000-01-20,-0.012464652115554649
2000-01-21,-0.00964910262684096
2000-01-24,-0.006308066818469571
2000-01-25,-0.0024415446904404933
2000-01-26,0.001950463757246286
2000-01-27,0.006867958524590748
2000-01-28,0.012310939611592924
2000-01-31,0.018279407018252765
2000-02-01,0.025430887518294254
2000-02-02,0.03244136129008235
2000-02-03,0.03996835510734101
2000-02-04,0.048011868970070204
2000-02-07,0.056571902878269964
2000-02-08,0.06564845683194026
2000-02-09,0.07524153083108112
2000-02-10,0.08535112487569252
2000-02-11,0.09597723896577447
2000-02-14,0.10711987310132697
2000-02-15,0.11877902728235001
2000-02-16,0.1309547015088436
2000-02-17,0.14364689578080778
2000-02-18,0.15685561009824248
2000-02-21,0.1705808444611477
2000-02-22,0.1848225988695235
2000-02-23,0.19958087332336985
2000-02-24,0.21485566782268675
2000-02-25,0.2306469823674742
2000-02-28,0.24695481695773222
2000-02-29,0.26377917159346076
2000-03-01,0.5185257241915486
2000-03-02,0.5320827706774411
2000-03-03,0.5433638911142185
2000-03-06,0.5523690855018806
2000-03-07,0.5590983538404273
2000-03-08,0.5635516961298588
2000-03-09,0.5657291123701751
2000-03-10,0.565630602561376
2000-03-13,0.5632561667034617
2000-03-14,0.5586058047964322
2000-03-15,0.5516795168402873
2000-03-16,0.5424773028350272
2000-03-17,0.5309991627806516
2000-03-20,0.5172450966771609
2000-03-21,0.501215104524555
2000-03-22,0.4829091863228338
2000-03-23,0.46232734207199727
2000-03-24,0.4394695717720455
2000-03-27,0.41433587542297845
2000-03-28,0.3869262530247961
2000-03-29,0.35724070457749857
2000-03-30,0.3252792300810856
2000-03-31,0.29104182953555746
2000-04-03,-0.14157353988541344
2000-04-04,-0.18066037598038742
2000-04-05,-0.21684372258649548
2000-04-06,-0.25012357970373755
2000-04-07,-0.2804999473321137
2000-04-10,-0.30797282547162397
2000-04-11,-0.33254221412226825
2000-04-12,-0.35420811328404656
2000-04-13,-0.372970522956959
2000-04-14,-0.3888294431410054
2000-04-17,-0.40178487383618594
2000-04-18,-0.4118368150425005
2000-04-19,-0.4189852667599491
2000-04-20,-0.4232302289885318
2000-04-21,-0.42457170172824854
2000-04-24,-0.42300968497909935
2000-04-25,-0.41854417874108424
2000-04-26,-0.41117518301420314
2000-04-27,-0.4009026977984561
2000-04-28,-0.38772672309384315
2000-05-01,-0.10558085684014104
2000-05-02,-0.0924399982877359
2000-05-03,-0.0801404239598638
2000-05-04,-0.06868213385652477
2000-05-05,-0.05806512797771879
2000-05-08,-0.048289406323445846
2000-05-09,-0.03935496889370597
2000-05-10,-0.03126181568849913
2000-05-11,-0.02400994670782535
2000-05-12,-0.017599361951684614
2000-05-15,-0.012030061420076933
2000-05-16,-0.007302045113002295
2000-05-17,-0.0034153130304607135
2000-05-18,-0.00036986517245217454
2000-05-19,0.0018342984610233044
2000-05-22,0.0031971778699657356
2000-05-23,0.003718773054375117
2000-05-24,0.003399084014251449
2000-05-25,0.0022381107495947315
2000-05-26,0.00023585326040496263
2000-05-29,-0.0026076884533178593
2000-05-30,-0.006292514391573731
2000-05-31,-0.010818624554362652
2000-06-01,-0.192585721989061
2000-06-02,-0.19692696828887693
2000-06-05,-0.19999809402903582
2000-06-06,-0.20179909920953765
2000-06-07,-0.2023299838303824
2000-06-08,-0.2015907478915701
2000-06-09,-0.1995813913931008
2000-06-12,-0.1963019143349744
2000-06-13,-0.19175231671719098
2000-06-14,-0.1859325985397505
2000-06-15,-0.17884275980265296
2000-06-16,-0.1704828005058984
2000-06-19,-0.16085272064948677
2000-06-20,-0.1499525202334181
2000-06-21,-0.1377821992576924
2000-06-22,-0.12434175772230958
2000-06-23,-0.10963119562726978
2000-06-26,-0.0936505129725729
2000-06-27,-0.07639970975821896
2000-06-28,-0.05787878598420801
2000-06-29,-0.03808774165053999
2000-06-30,-0.017026576757214862
2000-07-03,0.24169891714309547
2000-07-04,0.2632715361488816
2000-07-05,0.2830220941620917
2000-07-06,0.30095059118272566
2000-07-07,0.3170570272107836
2000-07-10,0.3313414022462654
2000-07-11,0.34380371628917117
2000-07-12,0.35444396933950084
2000-07-13,0.3632621613972544
2000-07-14,0.3702582924624319
2000-07-17,0.37543236253503337
2000-07-18,0.37878437161505873
2000-07-19,0.380314319702508
2000-07-20,0.3800222067973812
2000-07-21,0.37790803289967834
2000-07-24,0.37397179800939934
2000-07-25,0.3682135021265443
2000-07-26,0.3606331452511132
2000-07-27,0.351230727383106
2000-07-28,0.3400062485225227
2000-07-31,0.32695970866936336
2000-08-01,0.12220940947405257
2000-08-02,0.10928043899932688
2000-08-03,0.09699817708293833
2000-08-04,0.08536262372488689
2000-08-07,0.07437377892517255
2000-08-08,0.06403164268379533
2000-08-09,0.05433621500075522
2000-08-10,0.045287495876052235
2000-08-11,0.036885485309686356
2000-08-14,0.02913018330165759
2000-08-15,0.022021589851965943
2000-08-16,0.015559704960611404
2000-08-17,0.009744528627593983
2000-08-18,0.004576060852913663
2000-08-21,5.430163657047307e-05
2000-08-22,-0.0038207490214356085
2000-08-23,-0.007049091121104575
2000-08-24,-0.009630724662436432
2000-08-25,-0.011565649645431175
2000-08-28,-0.012853866070088805
2000-08-29,-0.013495373936409316
2000-08-30,-0.013490173244392716
2000-08-31,-0.012838263994039006
2000-09-01,0.026711857683747293
2000-09-04,0.028389435490905203
2000-09-05,0.030322295409988237
2000-09-06,0.03251043744099638
2000-09-07,0.034953861583929643
2000-09-08,0.03765256783878801
2000-09-11,0.040606556205571485
2000-09-12,0.04381582668428008
2000-09-13,0.04728037927491378
2000-09-14,0.05100021397747259
2000-09-15,0.05497533079195652
2000-09-18,0.05920572971836555
2000-09-19,0.0636914107566997
2000-09-20,0.06843237390695897
2000-09-21,0.07342861916914334
2000-09-22,0.07868014654325281
2000-09-25,0.08418695602928741
2000-09-26,0.08994904762724712
2000-09-27,0.09596642133713193
2000-09-28,0.10223907715894187
2000-09-29,0.10876701509267689
2000-10-02,0.17770644050611173
2000-10-03,0.1836398456442524
2000-10-04,0.18903176405876723
2000-10-05,0.1938821957496562
2000-10-06,0.19819114071691937
2000-10-09,0.20195859896055668
2000-10-10,0.20518457048056818
2000-10-11,0.20786905527695382
2000-10-12,0.2100120533497136
2000-10-13,0.21161356469884757
2000-10-16,0.21267358932435568
2000-10-17,0.21319212722623798
2000-10-18,0.21316917840449442
2000-10-19,0.21260474285912503
2000-10-20,0.2114988205901298
2000-10-23,0.20985141159750872
2000-10-24,0.2076625158812618
2000-10-25,0.20493213344138908
2000-10-26,0.2016602642778905
2000-10-27,0.19784690839076607
2000-10-30,0.1934920657800158
2000-10-31,0.1885957364456397
2000-11-01,0.12506202660581928
2000-11-02,0.11980441194570476
2000-11-03,0.11472699868347769
2000-11-06,0.10982978681913806
2000-11-07,0.10511277635268586
2000-11-08,0.10057596728412109
2000-11-09,0.09621935961344376
2000-11-10,0.09204295334065386
2000-11-13,0.0880467484657514
2000-11-14,0.08423074498873637
2000-11-15,0.08059494290960878
2000-11-16,0.07713934222836863
2000-11-17,0.0738639429450159
2000-11-20,0.07076874505955062
2000-11-21,0.06785374857197277
2000-11-22,0.06511895348228235
2000-11-23,0.06256435979047938
2000-11-24,0.060189967496563815
2000-11-27,0.0579957766005357
2000-11-28,0.05598178710239503
2000-11-29,0.05414799900214179
2000-11-30,0.05249441229977598
2000-12-01,0.05623814071426926
2000-12-04,0.05482078536220408
2000-12-05,0.053529621167527255
2000-12-06,0.052364648130238785
2000-12-07,0.051325866250338664
2000-12-08,0.0504132755278269
2000-12-11,0.04962687596270349
2000-12-12,0.04896666755496843
2000-12-13,0.04843265030462173
2000-12-14,0.048024824211663375
2000-12-15,0.04774318927609338
2000-12-18,0.04758774549791174
2000-12-19,0.047558492877118455
2000-12-20,0.04765543141371352
2000-12-21,0.047878561107696935
2000-12-22,0.04822788195906871
2000-12-25,0.048703393967828836
2000-12-26,0.049305097133977314
2000-12-27,0.05003299145751415
2000-12-28,0.050887076938439336
2000-12-29,0.05186735357675288
2001-01-01,0.06243457514496954
2001-01-02,0.0634419324081556
2001-01-03,0.06444639372975643
2001-01-04,0.06544795910977201
2001-01-05,0.06644662854820237
2001-01-08,0.06744240204504748
2001-01-09,0.06843527960030736
2001-01-10,0.069425261213982
2001-01-11,0.07041234688607141
2001-01-12,0.07139653661657558
2001-01-15,0.07237783040549452
2001-01-16,0.07335622825282821
2001-01-17,0.07433173015857668
2001-01-18,0.0753043361227399
2001-01-19,0.0762740461453179
2001-01-22,0.07724086022631065
2001-01-23,0.07820477836571817
2001-01-24,0.07916580056354044
2001-01-25,0.0801239268197775
2001-01-26,0.0810791571344293
2001-01-29,0.08203149150749588
2001-01-30,0.08298092993897721
2001-01-31,0.08392747242887331
2001-02-01,0.1116722136642742
2001-02-02,0.11235161525414798
2001-02-05,0.11262522490333803
2001-02-06,0.11249304261184435
2001-02-07,0.11195506837966697
2001-02-08,0.11101130220680584
2001-02-09,0.10966174409326102
2001-02-12,0.10790639403903246
2001-02-13,0.10574525204412018
2001-02-14,0.10317831810852418
2001-02-15,0.10020559223224446
2001-02-16,0.09682707441528102
2001-02-19,0.09304276465763384
2001-02-20,0.08885266295930296
2001-02-21,0.08425676932028835
2001-02-22,0.07925508374059001
2001-02-23,0.07384760622020796
2001-02-26,0.06803433675914218
2001-02-27,0.06181527535739268
2001-02-28,0.05519042201495947
2001-03-01,-0.00461624913939087
2001-03-02,-0.010683391601609006
2001-03-05,-0.01642618081412077
2001-03-06,-0.021844616776926173
2001-03-07,-0.026938699490025225
2001-03-08,-0.031708428953417904
2001-03-09,-0.036153805167104223
2001-03-12,-0.04027482813108418
2001-03-13,-0.04407149784535778
2001-03-14,-0.04754381430992501
2001-03-15,-0.05069177752478589
2001-03-16,-0.0535153874899404
2001-03-19,-0.05601464420538855
2001-03-20,-0.05818954767113033
2001-03-21,-0.06004009788716576
2001-03-22,-0.061566294853494824
2001-03-23,-0.06276813857011752
2001-03-26,-0.06364562903703386
2001-03-27,-0.06419876625424384
2001-03-28,-0.06442755022174745
2001-03-29,-0.06433198093954472
2001-03-30,-0.06391205840763561
2001-04-02,-0.04020257069487708
2001-04-03,-0.03937972213407295
2001-04-04,-0.0385137424979666
2001-04-05,-0.037604631786558054
2001-04-06,-0.03665238999984728
2001-04-09,-0.0356570171378343
2001-04-10,-0.03461851320051909
2001-04-11,-0.033536878187901686
2001-04-12,-0.03241211209998206
2001-04-13,-0.031244214936760224
2001-04-16,-0.030033186698236174
2001-04-17,-0.02877902738440991
2001-04-18,-0.027481736995281433
2001-04-19,-0.02614131553085074
2001-04-20,-0.02475776299111784
2001-04-23,-0.02333107937608272
2001-04-24,-0.021861264685745393
2001-04-25,-0.020348318920105853
2001-04-26,-0.018792242079164096
2001-04-27,-0.017193034162920128
2001-04-30,-0.015550695171373946
2001-05-01,-0.01566658549051473
2001-05-02,-0.014072098213164696
2001-05-03,-0.012422031110804466
2001-05-04,-0.010716384183434041
2001-05-07,-0.00895515743105342
2001-05-08,-0.007138350853662603
2001-05-09,-0.005265964451261591
2001-05-10,-0.0033379982238503835
2001-05-11,-0.001354452171428982
2001-05-14,0.0006846737060026177
2001-05-15,0.0027793794084444096
2001-05-16,0.0049296649358964
2001-05-17,0.007135530288358583
2001-05-18,0.009396975465830966
2001-05-21,0.01171400046831354
2001-05-22,0.014086605295806309
2001-05-23,0.016514789948309277
2001-05-24,0.01899855442582244
2001-05-25,0.021537898728345797
2001-05-28,0.024132822855879345
2001-05-29,0.026783326808423092
2001-05-30,0.029489410585977042
2001-05-31,0.03225107418854119
2001-06-01,0.052146864804767865
2001-06-04,0.05506805301922246
2001-06-05,0.05782487712269313
2001-06-06,0.060417337115179826
2001-06-07,0.06284543299668259
2001-06-08,0.06510916476720138
2001-06-11,0.06720853242673624
2001-06-12,0.06914353597528715
2001-06-13,0.0709141754128541
2001-06-14,0.0725204507394371
2001-06-15,0.07396236195503615
2001-06-18,0.07523990905965125
2001-06-19,0.0763530920532824
2001-06-20,0.0773019109359296
2001-06-21,0.07808636570759285
2001-06-22,0.07870645636827216
2001-06-25,0.07916218291796749
2001-06-26,0.0794535453566789
2001-06-27,0.07958054368440634
2001-06-28,0.07954317790114984
2001-06-29,0.07934144800690938
2001-07-02,0.09095983012941503
2001-07-03,0.09031187335770785
2001-07-04,0.0893654131829168
2001-07-05,0.08812044960504187
2001-07-06,0.08657698262408303
2001-07-09,0.08473501224004032
2001-07-10,0.08259453845291373
2001-07-11,0.08015556126270326
2001-07-12,0.07741808066940889
2001-07-13,0.07438209667303067
2001-07-16,0.07104760927356854
2001-07-17,0.06741461847102254
2001-07-18,0.06348312426539264
2001-07-19,0.059253126656678874
2001-07-20,0.054724625644881224
2001-07-23,0.04989762122999968
2001-07-24,0.04477211341203427
2001-07-25,0.039348102190984974
2001-07-26,0.03362558756685178
2001-07-27,0.02760456953963472
2001-07-30,0.021285048109333786
2001-07-31,0.014667023275948939
2001-08-01,-0.05706014233259512
2001-08-02,-0.06321082157811748
2001-08-03,-0.06889637045167041
2001-08-06,-0.07411678895325388
2001-08-07,-0.07887207708286792
2001-08-08,-0.0831622348405125
2001-08-09,-0.08698726222618763
2001-08-10,-0.09034715923989332
2001-08-13,-0.09324192588162956
2001-08-14,-0.09567156215139637
2001-08-15,-0.09763606804919372
2001-08-16,-0.09913544357502163
2001-08-17,-0.10016968872888009
2001-08-20,-0.10073880351076911
2001-08-21,-0.10084278792068868
2001-08-22,-0.1004816419586388
2001-08-23,-0.09965536562461948
2001-08-24,-0.09836395891863071
2001-08-27,-0.0966074218406725
2001-08-28,-0.09438575439074484
2001-08-29,-0.09169895656884774
2001-08-30,-0.08854702837498118
2001-08-31,-0.08492996980914519
2001-09-03,-0.06567353966151007
2001-09-04,-0.06058709162072077
2001-09-05,-0.05510871281761842
2001-09-06,-0.04923840325220306
2001-09-07,-0.04297616292447465
2001-09-10,-0.036321991834433194
2001-09-11,-0.02927588998207871
2001-09-12,-0.021837857367411194
2001-09-13,-0.014007893990430636
2001-09-14,-0.00578599985113704
2001-09-17,0.0028278250504696033
2001-09-18,0.01183358071438926
2001-09-19,0.021231267140621977
2001-09-20,0.031020884329167733
2001-09-21,0.041202432280026506
2001-09-24,0.05177591099319834
2001-09-25,0.06274132046868318
2001-09-26,0.07409866070648109
2001-09-27,0.08584793170659204
2001-09-28,0.09798913346901598
2001-10-01,0.21885171040778392
2001-10-02,0.2288059566647924
2001-10-03,0.23781607307034233
2001-10-04,0.2458820596244338
2001-10-05,0.2530039163270667
2001-10-08,0.2591816431782411
2001-10-09,0.26441524017795703
2001-10-10,0.26870470732621443
2001-10-11,0.2720500446230133
2001-10-12,0.27445125206835363
2001-10-15,0.27590832966223555
2001-10-16,0.2764212774046588
2001-10-17,0.2759900952956237
2001-10-18,0.27461478333513
2001-10-19,0.2722953415231778
2001-10-22,0.2690317698597671
2001-10-23,0.2648240683448979
2001-10-24,0.2596722369785702
2001-10-25,0.253576275760784
2001-10-26,0.24653618469153923
2001-10-29,0.23855196377083598
2001-10-30,0.2296236129986742
2001-10-31,0.21975113237505395
2001-11-01,0.07962256117741977
2001-11-02,0.06888550027602316
2001-11-05,0.05871965306081235
2001-11-06,0.0491250195317873
2001-11-07,0.040101599688948025
2001-11-08,0.031649393532294526
2001-11-09,0.023768401061826788
2001-11-12,0.01645862227754484
2001-11-13,0.009720057179448651
2001-11-14,0.003552705767538234
2001-11-15,-0.0020434319581864105
2001-11-16,-0.007068355997725276
2001-11-19,-0.01152206635107838
2001-11-20,-0.015404563018245703
2001-11-21,-0.018715845999227255
2001-11-22,-0.02145591529402304
2001-11-23,-0.023624770902633048
2001-11-26,-0.025222412825057286
2001-11-27,-0.02624884106129575
2001-11-28,-0.02670405561134845
2001-11-29,-0.026588056475215373
2001-11-30,-0.025900843652896514
2001-12-03,0.013427472322347936
2001-12-04,0.014854134468237905
2001-12-05,0.01638910717967967
2001-12-06,0.01803239045667323
2001-12-07,0.019783984299218585
2001-12-10,0.021643888707315734
2001-12-11,0.023612103680964676
2001-12-12,0.025688629220165418
2001-12-13,0.027873465324917947
2001-12-14,0.030166611995222276
2001-12-17,0.0325680692310784
2001-12-18,0.03507783703248632
2001-12-19,0.03769591539944602
2001-12-20,0.04042230433195753
2001-12-21,0.04325700383002083
2001-12-24,0.04620001389363593
2001-12-25,0.049251334522802816
2001-12-26,0.052410965717521504
2001-12-27,0.05567890747779198
2001-12-28,0.059055159803614254
2001-12-31,0.06253972269498831
2002-01-01,0.0913633077724172
2002-01-02,0.09444552848794811
2002-01-03,0.09732952024094714
2002-01-04,0.10001528303141434
2002-01-07,0.10250281685934967
2002-01-08,0.10479212172475315
2002-01-09,0.10688319762762478
2002-01-10,0.10877604456796457
2002-01-11,0.1104706625457725
2002-01-14,0.11196705156104857
2002-01-15,0.11326521161379279
2002-01-16,0.11436514270400516
2002-01-17,0.11526684483168569
2002-01-18,0.11597031799683435
2002-01-21,0.11647556219945117
2002-01-22,0.11678257743953613
2002-01-23,0.11689136371708925
2002-01-24,0.1168019210321105
2002-01-25,0.11651424938459991
2002-01-28,0.11602834877455746
2002-01-29,0.11534421920198316
2002-01-30,0.11446186066687702
2002-01-31,0.11338127316923902
2002-02-01,0.05099588109599541
2002-02-04,0.05018037774087163
2002-02-05,0.0500200099598194
2002-02-06,0.05051477775283871
2002-02-07,0.051664681119929584
2002-02-08,0.053469720061092005
2002-02-11,0.05592989457632597
2002-02-12,0.05904520466563147
2002-02-13,0.06281565032900854
2002-02-14,0.06724123156645716
2002-02-15,0.07232194837797733
2002-02-18,0.07805780076356902
2002-02-19,0.08444878872323229
2002-02-20,0.09149491225696711
2002-02-21,0.09919617136477346
2002-02-22,0.10755256604665138
2002-02-25,0.11656409630260083
2002-02-26,0.12623076213262185
2002-02-27,0.1365525635367144
2002-02-28,0.1475295005148785
2002-03-01,0.25800530399161237
2002-03-04,0.26832591147220497
2002-03-05,0.2778889620979277
2002-03-06,0.28669445586878045
2002-03-07,0.2947423927847634
2002-03-08,0.3020327728458764
2002-03-11,0.3085655960521194
2002-03-12,0.31434086240349257
2002-03-13,0.31935857189999584
2002-03-14,0.32361872454162915
2002-03-15,0.3271213203283926
2002-03-18,0.3298663592602861
2002-03-19,0.3318538413373097
2002-03-20,0.3330837665594634
2002-03-21,0.3335561349267472
2002-03-22,0.33327094643916105
2002-03-25,0.33222820109670503
2002-03-26,0.33042789889937907
2002-03-27,0.3278700398471832
2002-03-28,0.32455462394011747
2002-03-29,0.3204816511781818
2002-04-01,0.280632597841595
2002-04-02,0.2757679003506729
2002-04-03,0.2706494654575977
2002-04-04,0.26527729316236937
2002-04-05,0.25965138346498784
2002-04-08,0.2537717363654532
2002-04-09,0.24763835186376543
2002-04-10,0.2412512299599245
2002-04-11,0.23461037065393048
2002-04-12,0.22771577394578332
2002-04-15,0.220567439835483
2002-04-16,0.21316536832302957
2002-04-17,0.205509559408423
2002-04-18,0.19760001309166328
2002-04-19,0.18943672937275044
2002-04-22,0.18101970825168445
2002-04-23,0.17234894972846537
2002-04-24,0.16342445380309314
2002-04-25,0.15424622047556774
2002-04-26,0.14481424974588925
2002-04-29,0.1351285416140576
2002-04-30,0.1251890960800728
2002-05-01,0.053824556530992815
2002-05-02,0.044540090537473154
2002-05-03,0.035721159619783144
2002-05-06,0.02736776377792278
2002-05-07,0.01947990301189208
2002-05-08,0.012057577321691017
2002-05-09,0.005100786707319617
2002-05-10,-0.0013904688312221438
2002-05-13,-0.00741618929393425
2002-05-14,-0.012976374680816714
2002-05-15,-0.018071024991869522
2002-05-16,-0.022700140227092686
2002-05-17,-0.026863720386486198
2002-05-20,-0.030561765470050066
2002-05-21,-0.03379427547778428
2002-05-22,-0.03656125040968884
2002-05-23,-0.03886269026576375
2002-05-24,-0.04069859504600902
2002-05-27,-0.04206896475042464
2002-05-28,-0.04297379937901061
2002-05-29,-0.043413098931766925
2002-05-30,-0.04338686340869359
2002-05-31,-0.042895092809790605
2002-06-03,-0.008311572978157352
2002-06-04,-0.007099202723768008
2002-06-05,-0.005775363740931844
2002-06-06,-0.004340056029648863
2002-06-07,-0.0027932795899190625
2002-06-10,-0.0011350344217424396
2002-06-11,0.0006346794748809982
2002-06-12,0.0025158620999512563
2002-06-13,0.004508513453468333
2002-06-14,0.006612633535432228
2002-06-17,0.008828222345842946
2002-06-18,0.011155279884700477
2002-06-19,0.013593806152004832
2002-06-20,0.016143801147756008
2002-06-21,0.018805264871953997
2002-06-24,0.021578197324598807
2002-06-25,0.02446259850569043
2002-06-26,0.027458468415228886
2002-06-27,0.030565807053214156
2002-06-28,0.03378461441964624
2002-07-01,0.06143049992027845
2002-07-02,0.06413184523483953
2002-07-03,0.06663864360754526
2002-07-04,0.06895089503839565
2002-07-05,0.07106859952739068
2002-07-08,0.07299175707453034
2002-07-09,0.07472036767981467
2002-07-10,0.07625443134324364
2002-07-11,0.07759394806481724
2002-07-12,0.07873891784453552
2002-07-15,0.07968934068239843
2002-07-16,0.08044521657840598
2002-07-17,0.08100654553255818
2002-07-18,0.08137332754485503
2002-07-19,0.08154556261529652
2002-07-22,0.08152325074388267
2002-07-23,0.08130639193061345
2002-07-24,0.08089498617548889
2002-07-25,0.08028903347850896
2002-07-26,0.0794885338396737
2002-07-29,0.07849348725898307
2002-07-30,0.0773038937364371
2002-07-31,0.07591975327203578
2002-08-01,0.03168553535714957
2002-08-02,0.030351853660577292
2002-08-05,0.029334936192155645
2002-08-06,0.02863478295188463
2002-08-07,0.02825139393976423
2002-08-08,0.028184769155794466
2002-08-09,0.02843490859997532
2002-08-12,0.029001812272306804
2002-08-13,0.029885480172788907
2002-08-14,0.031085912301421645
2002-08-15,0.032603108658205
2002-08-16,0.03443706924313899
2002-08-19,0.0365877940562236
2002-08-20,0.039055283097458836
2002-08-21,0.04183953636684469
2002-08-22,0.04494055386438118
2002-08-23,0.04835833559006829
2002-08-26,0.052092881543906025
2002-08-27,0.05614419172589439
2002-08-28,0.06051226613603337
2002-08-29,0.06519710477432297
2002-08-30,0.07019870764076322
2002-09-02,0.13765713425112658
2002-09-03,0.14273083994853653
2002-09-04,0.14730662867283262
2002-09-05,0.1513845004240149
2002-09-06,0.15496445520208335
2002-09-09,0.158046493007038
2002-09-10,0.16063061383887878
2002-09-11,0.16271681769760574
2002-09-12,0.1643051045832189
2002-09-13,0.1653954744957182
2002-09-16,0.16598792743510368
2002-09-17,0.16608246340137534
2002-09-18,0.16567908239453316
2002-09-19,0.16477778441457716
2002-09-20,0.16337856946150733
2002-09-23,0.16148143753532368
2002-09-24,0.15908638863602623
2002-09-25,0.1561934227636149
2002-09-26,0.15280253991808976
2002-09-27,0.1489137400994508
2002-09-30,0.144527023307698
2002-10-01,0.06865145106277593
2002-10-02,0.06458576581574726
2002-10-03,0.06091427832439423
2002-10-04,0.05763698858871683
2002-10-07,0.05475389660871507
2002-10-08,0.05226500238438894
2002-10-09,0.05017030591573845
2002-10-10,0.048469807202763594
2002-10-11,0.04716350624546437
2002-10-14,0.04625140304384079
2002-10-15,0.04573349759789284
2002-10-16,0.04560978990762052
2002-10-17,0.04588027997302384
2002-10-18,0.04654496779410279
2002-10-21,0.04760385337085738
2002-10-22,0.04905693670328761
2002-10-23,0.050904217791393466
2002-10-24,0.05314569663517497
2002-10-25,0.055781373234632094
2002-10-28,0.058811247589764866
2002-10-29,0.062235319700573256
2002-10-30,0.06605358956705731
2002-10-31,0.07026605718921697
2002-11-01,0.17055408692104074
2002-11-04,0.17477076510527118
2002-11-05,0.17815872605991243
2002-11-06,0.1807179697849645
2002-11-07,0.18244849628042736
2002-11-08,0.18335030554630105
2002-11-11,0.18342339758258555
2002-11-12,0.18266777238928086
2002-11-13,0.181083429966387
2002-11-14,0.17867037031390395
2002-11-15,0.1754285934318317
2002-11-18,0.17135809932017027
2002-11-19,0.16645888797891967
2002-11-20,0.16073095940807985
2002-11-21,0.15417431360765088
2002-11-22,0.1467889505776327
2002-11-25,0.13857487031802534
2002-11-26,0.12953207282882878
2002-11-27,0.11966055811004306
2002-11-28,0.10896032616166812
2002-11-29,0.09743137698370402
2002-12-02,-0.08280212459368212
2002-12-03,-0.09326411498636006
2002-12-04,-0.1023921414735969
2002-12-05,-0.1101862040553926
2002-12-06,-0.11664630273174721
2002-12-09,-0.1217724375026607
2002-12-10,-0.12556460836813307
2002-12-11,-0.12802281532816434
2002-12-12,-0.12914705838275448
2002-12-13,-0.1289373375319035
2002-12-16,-0.12739365277561143
2002-12-17,-0.12451600411387825
2002-12-18,-0.12030439154670394
2002-12-19,-0.11475881507408854
2002-12-20,-0.10787927469603201
2002-12-23,-0.09966577041253435
2002-12-24,-0.09011830222359563
2002-12-25,-0.07923687012921576
2002-12-26,-0.06702147412939477
2002-12-27,-0.053472114224132686
2002-12-30,-0.0385887904134295
2002-12-31,-0.022371502697285148
2003-01-01,0.2101395267986693
2003-01-02,0.22570089379145208
2003-01-03,0.24003547405202286
2003-01-06,0.25314326758038164
2003-01-07,0.2650242743765284
2003-01-08,0.2756784944404633
2003-01-09,0.28510592777218613
2003-01-10,0.293306574371697
2003-01-13,0.30028043423899586
2003-01-14,0.30602750737408274
2003-01-15,0.3105477937769576
2003-01-16,0.3138412934476205
2003-01-17,0.3159080063860714
2003-01-20,0.3167479325923104
2003-01-21,0.3163610720663373
2003-01-22,0.31474742480815227
2003-01-23,0.31190699081775525
2003-01-24,0.30783977009514624
2003-01-27,0.30254576264032523
2003-01-28,0.29602496845329224
2003-01-29,0.28827738753404725
2003-01-30,0.27930301988259026
2003-01-31,0.26910186549892134
2003-02-03,0.0968299810829841
2003-02-04,0.08447024902952117
2003-02-05,0.07289291720585842
2003-02-06,0.06209798561199581
2003-02-07,0.05208545424793336
2003-02-10,0.04285532311367106
2003-02-11,0.03440759220920892
2003-02-12,0.026742261534546945
2003-02-13,0.01985933108968512
2003-02-14,0.013758800874623459
2003-02-17,0.008440670889361946
2003-02-18,0.003904941133900601
2003-02-19,0.00015161160823940617
2003-02-20,-0.0028193176876216315
2003-02-21,-0.005007846753682509
2003-02-24,-0.0064139755899432285
2003-02-25,-0.007037704196403798
2003-02-26,-0.0068790325730642005
2003-02-27,-0.0059379607199244455
2003-02-28,-0.004214488636984537
2003-03-03,0.05171352016070624
2003-03-04,0.054080262700053214
2003-03-05,0.05642720271899473
2003-03-06,0.05875434021753077
2003-03-07,0.06106167519566136
2003-03-10,0.06334920765338647
2003-03-11,0.06561693759070614
2003-03-12,0.06786486500762033
2003-03-13,0.07009298990412906
2003-03-14,0.07230131228023232
2003-03-17,0.07448983213593012
2003-03-18,0.07665854947122246
2003-03-19,0.07880746428610932
2003-03-20,0.08093657658059074
2003-03-21,0.08304588635466667
2003-03-24,0.08513539360833715
2003-03-25,0.08720509834160216
2003-03-26,0.08925500055446171
2003-03-27,0.0912851002469158
2003-03-28,0.09329539741896442
2003-03-31,0.09528589207060757
2003-04-01,0.11817662890249384
2003-04-02,0.11977927184553352
2003-04-03,0.12110344251543145
2003-04-04,0.12214914091218763
2003-04-07,0.12291636703580208
2003-04-08,0.12340512088627477
2003-04-09,0.12361540246360571
2003-04-10,0.12354721176779489
2003-04-11,0.12320054879884233
2003-04-14,0.12257541355674803
2003-04-15,0.12167180604151197
2003-04-16,0.12048972625313417
2003-04-17,0.11902917419161461
2003-04-18,0.11729014985695331
2003-04-21,0.11527265324915026
2003-04-22,0.11297668436820546
2003-04-23,0.11040224321411891
2003-04-24,0.10754932978689062
2003-04-25,0.10441794408652057
2003-04-28,0.10100808611300878
2003-04-29,0.09731975586635525
2003-04-30,0.09335295334655994
2003-05-01,0.0567602418370914
2003-05-02,0.052638326283019204
2003-05-05,0.04863976996781187
2003-05-06,0.0447645728914694
2003-05-07,0.041012735053991764
2003-05-08,0.037384256455379
2003-05-09,0.033879137095631076
2003-05-12,0.03049737697474802
2003-05-13,0.027238976092729808
2003-05-14,0.02410393444957645
2003-05-15,0.02109225204528795
2003-05-16,0.018203928879864304
2003-05-19,0.015438964953305507
2003-05-20,0.012797360265611568
2003-05-21,0.010279114816782484
2003-05-22,0.007884228606818248
2003-05-23,0.005612701635718873
2003-05-26,0.0034645339034843486
2003-05-27,0.0014397254101146777
2003-05-28,-0.00046172384439013836
2003-05-29,-0.0022398138600300994
2003-05-30,-0.003894544636805209
2003-06-02,-0.006050904786525764
2003-06-03,-0.007511758604349429
2003-06-04,-0.008829172247900308
2003-06-05,-0.010003145717178395
2003-06-06,-0.011033679012183693
2003-06-09,-0.011920772132916198
2003-06-10,-0.012664425079375916
2003-06-11,-0.013264637851562844
2003-06-12,-0.01372141044947698
2003-06-13,-0.014034742873118327
2003-06-16,-0.014204635122486884
2003-06-17,-0.01423108719758265
2003-06-18,-0.014114099098405627
2003-06-19,-0.013853670824955814
2003-06-20,-0.013449802377233212
2003-06-23,-0.012902493755237818
2003-06-24,-0.012211744958969635
2003-06-25,-0.011377555988428661
2003-06-26,-0.0103999268436149
2003-06-27,-0.009278857524528346
2003-06-30,-0.008014348031169002
2003-07-01,0.00555427922013957
2003-07-02,0.00682044681514884
2003-07-03,0.008067262743416305
2003-07-04,0.009294727004941961
2003-07-07,0.01050283959972581
2003-07-08,0.011691600527767854
2003-07-09,0.012861009789068088
2003-07-10,0.014011067383626516
2003-07-11,0.015141773311443136
2003-07-14,0.016253127572517952
2003-07-15,0.017345130166850957
2003-07-16,0.018417781094442157
2003-07-17,0.019471080355291548
2003-07-18,0.020505027949399134
2003-07-21,0.021519623876764912
2003-07-22,0.022514868137388882
2003-07-23,0.023490760731271043
2003-07-24,0.024447301658411403
2003-07-25,0.02538449091880995
2003-07-28,0.026302328512466694
2003-07-29,0.027200814439381625
2003-07-30,0.028079948699554755
2003-07-31,0.028939731292986076
2003-08-01,0.015252959703963783
2003-08-04,0.016348853621691545
2003-08-05,0.017620169489820463
2003-08-06,0.019066907308350537
2003-08-07,0.020689067077281766
2003-08-08,0.022486648796614148
2003-08-11,0.02445965246634768
2003-08-12,0.026608078086482374
2003-08-13,0.028931925657018215
2003-08-14,0.031431195177955215
2003-08-15,0.03410588664929337
2003-08-18,0.03695600007103268
2003-08-19,0.03998153544317314
2003-08-20,0.043182492765714765
2003-08-21,0.04655887203865753
2003-08-22,0.050110673262001464
2003-08-25,0.05383789643574654
2003-08-26,0.05774054155989277
2003-08-27,0.06181860863444016
2003-08-28,0.0660720976593887
2003-08-29,0.0705010086347384
2003-09-01,0.1251076462292624
2003-09-02,0.12904004940361957
2003-09-03,0.13250981068684436
2003-09-04,0.13551693007893678
2003-09-05,0.13806140757989693
2003-09-08,0.1401432431897247
2003-09-09,0.14176243690842022
2003-09-10,0.14291898873598335
2003-09-11,0.14361289867241417
2003-09-12,0.14384416671771266
2003-09-15,0.14361279287187878
2003-09-16,0.14291877713491263
2003-09-17,0.1417621195068141
2003-09-18,0.14014281998758327
2003-09-19,0.1380608785772201
2003-09-22,0.13551629527572462
2003-09-23,0.13250907008309679
2003-09-24,0.12903920299933663
2003-09-25,0.12510669402444413
2003-09-26,0.12071154315841932
2003-09-29,0.11585375040126218
2003-09-30,0.1105333157529727
2003-10-01,0.04797255296581615
2003-10-02,0.04266433195801748
2003-10-03,0.037579528371432296
2003-10-06,0.0327181422060606
2003-10-07,0.028080173461902398
2003-10-08,0.023665622138957676
2003-10-09,0.01947448823722645
2003-10-10,0.015506771756708709
2003-10-13,0.01176247269740446
2003-10-14,0.008241591059313696
2003-10-15,0.004944126842436429
2003-10-16,0.0018700800467726427
2003-10-17,-0.0009805493276776505
2003-10-20,-0.003607761280914461
2003-10-21,-0.006011555812937776
2003-10-22,-0.008191932923747602
2003-10-23,-0.01014889261334394
2003-10-24,-0.011882434881726795
2003-10-27,-0.013392559728896154
2003-10-28,-0.014679267154852026
2003-10-29,-0.015742557159594415
2003-10-30,-0.016582429743123305
2003-10-31,-0.01719888490543871
2003-11-03,-0.012047907684488515
2003-11-04,-0.012288062887144409
2003-11-05,-0.012316379890188989
2003-11-06,-0.012132858693622258
2003-11-07,-0.011737499297444214
2003-11-10,-0.011130301701654858
2003-11-11,-0.01031126590625419
2003-11-12,-0.009280391911242209
2003-11-13,-0.008037679716618916
2003-11-14,-0.006583129322384312
2003-11-17,-0.004916740728538393
2003-11-18,-0.0030385139350811658
2003-11-19,-0.0009484489420126222
2003-11-20,0.0013534542506672344
2003-11-21,0.0038671956429583982
2003-11-24,0.006592775234860879
2003-11-25,0.009530193026374667
2003-11-26,0.012679449017499773
2003-11-27,0.01604054320823619
2003-11-28,0.019613475598583913
2003-12-01,0.06386236200612752
2003-12-02,0.06685092472596152
2003-12-03,0.0695369453047956
2003-12-04,0.07192042374262972
2003-12-05,0.07400136003946389
2003-12-08,0.07577975419529814
2003-12-09,0.07725560621013244
2003-12-10,0.0784289160839668
2003-12-11,0.07929968381680122
2003-12-12,0.0798679094086357
2003-12-15,0.08013359285947023
2003-12-16,0.08009673416930482
2003-12-17,0.07975733333813947
2003-12-18,0.07911539036597419
2003-12-19,0.07817090525280895
2003-12-22,0.0769238779986438
2003-12-23,0.07537430860347868
2003-12-24,0.07352219706731362
2003-12-25,0.07136754339014863
2003-12-26,0.0689103475719837
2003-12-29,0.06615060961281882
2003-12-30,0.063088329512654
2003-12-31,0.05972350727148924
2004-01-01,0.02793704116469683
2004-01-02,0.024120519322346115
2004-01-05,0.020321538400816887
2004-01-06,0.01654009840010915
2004-01-07,0.012776199320222876
2004-01-08,0.009029841161158089
2004-01-09,0.0053010239229147795
2004-01-12,0.0015897476054929569
2004-01-13,-0.0021039877911073913
2004-01-14,-0.005780182266886259
2004-01-15,-0.009438835821843648
2004-01-16,-0.013079948455979552
2004-01-19,-0.016703520169293985
2004-01-20,-0.02030955096178693
2004-01-21,-0.023898040833458395
2004-01-22,-0.02746898978430839
2004-01-23,-0.03102239781433689
2004-01-26,-0.03455826492354391
2004-01-27,-0.038076591111929466
2004-01-28,-0.04157737637949353
2004-01-29,-0.04506062072623612
2004-01-30,-0.048526324152157234
2004-02-02,-0.1156505025365102
2004-02-03,-0.11846730607587729
2004-02-04,-0.12030793439900182
2004-02-05,-0.12117238750588386
2004-02-06,-0.12106066539652338
2004-02-09,-0.11997276807092037
2004-02-10,-0.11790869552907486
2004-02-11,-0.11486844777098681
2004-02-12,-0.11085202479665625
2004-02-13,-0.10585942660608318
2004-02-16,-0.09989065319926757
2004-02-17,-0.09294570457620947
2004-02-18,-0.08502458073690883
2004-02-19,-0.07612728168136566
2004-02-20,-0.06625380740958
2004-02-23,-0.0554041579215518
2004-02-24,-0.043578333217281114
2004-02-25,-0.030776333296767877
2004-02-26,-0.0169981581600121
2004-02-27,-0.002243807807013859
2004-03-01,0.1578829678227869
2004-03-02,0.17064683909519796
2004-03-03,0.18249586375372373
2004-03-04,0.19343004179836423
2004-03-05,0.20344937322911943
2004-03-08,0.21255385804598936
2004-03-09,0.22074349624897402
2004-03-10,0.22801828783807337
2004-03-11,0.23437823281328748
2004-03-12,0.2398233311746163
2004-03-15,0.2443535829220598
2004-03-16,0.24796898805561807
2004-03-17,0.25066954657529106
2004-03-18,0.25245525848107875
2004-03-19,0.25332612377298114
2004-03-22,0.2532821424509982
2004-03-23,0.2523233145151301
2004-03-24,0.25044963996537667
2004-03-25,0.24766111880173797
2004-03-26,0.24395775102421396
2004-03-29,0.2393395366328047
2004-03-30,0.2338064756275101
2004-03-31,0.2273585680083303
2004-04-01,0.1096242461555095
2004-04-02,0.10229573717951634
2004-04-05,0.09533614410755265
2004-04-06,0.08874546693961843
2004-04-07,0.08252370567571368
2004-04-08,0.07667086031583842
2004-04-09,0.07118693085999259
2004-04-12,0.06607191730817627
2004-04-13,0.06132581966038939
2004-04-14,0.05694863791663198
2004-04-15,0.05294037207690405
2004-04-16,0.04930102214120559
2004-04-19,0.046030588109536585
2004-04-20,0.04312906998189706
2004-04-21,0.040596467758287
2004-04-22,0.03843278143870641
2004-04-23,0.03663801102315529
2004-04-26,0.03521215651163364
2004-04-27,0.03415521790414145
2004-04-28,0.033467195200678736
2004-04-29,0.03314808840124549
2004-04-30,0.03319789750584171
2004-05-03,0.040701969892804966
2004-05-04,0.04144912081308883
2004-05-05,0.042504758358905846
2004-05-06,0.043868882530256
2004-05-07,0.0455414933271393
2004-05-10,0.04752259074955574
2004-05-11,0.049812174797505326
2004-05-12,0.052410245470988055
2004-05-13,0.05531680277000393
2004-05-14,0.05853184669455294
2004-05-17,0.0620553772446351
2004-05-18,0.0658873944202504
2004-05-19,0.07002789822139885
2004-05-20,0.07447688864808044
2004-05-21,0.07923436570029517
2004-05-24,0.08430032937804305
2004-05-25,0.08967477968132406
2004-05-26,0.09535771661013824
2004-05-27,0.10134914016448553
2004-05-28,0.10764905034436599
2004-05-31,0.11425744714977958
2004-06-01,0.18300738595062993
2004-06-02,0.18912082329451602
2004-06-03,0.1947452183436572
2004-06-04,0.1998805710980535
2004-06-07,0.20452688155770488
2004-06-08,0.20868414972261135
2004-06-09,0.21235237559277292
2004-06-10,0.2155315591681896
2004-06-11,0.2182217004488614
2004-06-14,0.2204227994347883
2004-06-15,0.22213485612597028
2004-06-16,0.22335787052240738
2004-06-17,0.22409184262409956
2004-06-18,0.22433677243104685
2004-06-21,0.22409265994324926
2004-06-22,0.22335950516070674
2004-06-23,0.22213730808341936
2004-06-24,0.22042606871138704
2004-06-25,0.21822578704460985
2004-06-28,0.21553646308308774
2004-06-29,0.21235809682682075
2004-06-30,0.20869068827580886
2004-07-01,0.1707040490699043
2004-07-02,0.16647880671648516
2004-07-05,0.16218477285540375
2004-07-06,0.15782194748666
2004-07-07,0.15339033061025392
2004-07-08,0.14888992222618555
2004-07-09,0.14432072233445484
2004-07-12,0.13968273093506184
2004-07-13,0.1349759480280065
2004-07-14,0.13020037361328884
2004-07-15,0.12535600769090888
2004-07-16,0.1204428502608666
2004-07-19,0.11546090132316199
2004-07-20,0.11041016087779508
2004-07-21,0.10529062892476584
2004-07-22,0.1001023054640743
2004-07-23,0.09484519049572043
2004-07-26,0.08951928401970424
2004-07-27,0.08412458603602574
2004-07-28,0.07866109654468491
2004-07-29,0.07312881554568178
2004-07-30,0.06752774303901632
2004-08-02,0.03618585978069532
2004-08-03,0.030766111330059194
2004-08-04,0.025596478443114676
2004-08-05,0.020676961119861823
2004-08-06,0.016007559360300586
2004-08-09,0.011588273164430994
2004-08-10,0.007419102532253039
2004-08-11,0.0035000474637667204
2004-08-12,-0.0001688920410279661
2004-08-13,-0.003587715982131017
2004-08-16,-0.006756424359542431
2004-08-17,-0.009675017173262206
2004-08-18,-0.01234349442329035
2004-08-19,-0.014761856109626855
2004-08-20,-0.01693010223227172
2004-08-23,-0.01884823279122496
2004-08-24,-0.020516247786486554
2004-08-25,-0.02193414721805651
2004-08-26,-0.023101931085934842
2004-08-27,-0.024019599390121535
2004-08-30,-0.024687152130616584
2004-08-31,-0.025104589307420003
2004-09-01,-0.01243114099217232
2004-09-02,-0.012507859711509976
2004-09-03,-0.012493975537073501
2004-09-06,-0.012389488468862904
2004-09-07,-0.012194398506878177
2004-09-08,-0.011908705651119324
2004-09-09,-0.01153240990158634
2004-09-10,-0.011065511258279235
2004-09-13,-0.010508009721198
2004-09-14,-0.009859905290342637
2004-09-15,-0.00912119796571315
2004-09-16,-0.008291887747309533
2004-09-17,-0.007371974635131789
2004-09-20,-0.0063614586291799195
2004-09-21,-0.005260339729453924
2004-09-22,-0.004068617935953797
2004-09-23,-0.002786293248679547
2004-09-24,-0.0014133656676311706
2004-09-27,5.016480719133819e-05
2004-09-28,0.001604298175787968
2004-09-29,0.0032490344381587277
2004-09-30,0.004984373594303617
2004-10-01,0.03899642553561033
2004-10-04,0.04057046581424689
2004-10-05,0.04180565470017631
2004-10-06,0.042701992193398576
2004-10-07,0.043259478293913675
2004-10-08,0.04347811300172163
2004-10-11,0.04335789631682242
2004-10-12,0.04289882823921606
2004-10-13,0.04210090876890254
2004-10-14,0.04096413790588186
2004-10-15,0.03948851565015403
2004-10-18,0.03767404200171904
2004-10-19,0.035520716960576904
2004-10-20,0.0330285405267276
2004-10-21,0.030197512700171146
2004-10-22,0.02702763348090753
2004-10-25,0.023518902868936764
2004-10-26,0.019671320864258837
2004-10-27,0.015484887466873765
2004-10-28,0.010959602676781522
2004-10-29,0.006095466493982141
2004-11-01,-0.0673385306339242
2004-11-02,-0.07176464415134608
2004-11-03,-0.07565038304593359
2004-11-04,-0.07899574731768673
2004-11-05,-0.08180073696660549
2004-11-08,-0.08406535199268989
2004-11-09,-0.08578959239593992
2004-11-10,-0.08697345817635557
2004-11-11,-0.08761694933393686
2004-11-12,-0.08772006586868378
2004-11-15,-0.08728280778059633
2004-11-16,-0.08630517506967451
2004-11-17,-0.08478716773591831
2004-11-18,-0.08272878577932775
2004-11-19,-0.08013002919990282
2004-11-22,-0.07699089799764351
2004-11-23,-0.07331139217254984
2004-11-24,-0.0690915117246218
2004-11-25,-0.06433125665385939
2004-11-26,-0.0590306269602626
2004-11-29,-0.05318962264383145
2004-11-30,-0.04680824370456591
2004-12-01,0.036566162267455224
2004-12-02,0.042810799929606416
2004-12-03,0.048679267498856704
2004-12-06,0.054171564975206116
2004-12-07,0.05928769235865462
2004-12-08,0.06402764964920225
2004-12-09,0.06839143684684898
2004-12-10,0.07237905395159483
2004-12-13,0.07599050096343977
2004-12-14,0.07922577788238384
2004-12-15,0.08208488470842701
2004-12-16,0.0845678214415693
2004-12-17,0.0866745880818107
2004-12-20,0.08840518462915119
2004-12-21,0.0897596110835908
2004-12-22,0.09073786744512952
2004-12-23,0.09133995371376735
2004-12-24,0.0915658698895043
2004-12-27,0.09141561597234035
2004-12-28,0.0908891919622755
2004-12-29,0.08998659785930978
2004-12-30,0.08870783366344315
2004-12-31,0.08705289937467564
2005-01-03,0.0424884689611431
2005-01-04,0.040391202956939154
2005-01-05,0.03842121384273953
2005-01-06,0.0365785016185442
2005-01-07,0.03486306628435318
2005-01-10,0.03327490784016647
2005-01-11,0.031814026285984065
2005-01-12,0.030480421621805972
2005-01-13,0.029274093847632184
2005-01-14,0.028195042963462705
2005-01-17,0.027243268969297532
2005-01-18,0.026418771865136664
2005-01-19,0.02572155165098011
2005-01-20,0.02515160832682786
2005-01-21,0.024708941892679914
2005-01-24,0.02439355234853628
2005-01-25,0.024205439694396952
2005-01-26,0.02414460393026193
2005-01-27,0.024211045056131218
2005-01-28,0.024404763072004815
2005-01-31,0.024725757977882717
2005-02-01,-0.005144995013935311
2005-02-02,-0.004077860452576076
2005-02-03,-0.0024142767155339584
2005-02-04,-0.0001542438028089184
2005-02-07,0.0027022382855990228
2005-02-08,0.0061551695496898685
2005-02-09,0.010204549989463615
2005-02-10,0.014850379604920267
2005-02-11,0.020092658396059823
2005-02-14,0.025931386362882287
2005-02-15,0.032366563505387656
2005-02-16,0.03939818982357592
2005-02-17,0.04702626531744711
2005-02-18,0.0552507899870012
2005-02-21,0.06407176383223817
2005-02-22,0.07348918685315807
2005-02-23,0.08350305904976085
2005-02-24,0.09411338042204656
2005-02-25,0.10532015097001517
2005-02-28,0.11712337069366666
2005-03-01,0.25260226906490724
2005-03-02,0.2624274985588958
2005-03-03,0.27129563676484286
2005-03-04,0.27920668368274854
2005-03-07,0.28616063931261276
2005-03-08,0.29215750365443555
2005-03-09,0.29719727670821694
2005-03-10,0.3012799584739569
2005-03-11,0.30440554895165545
2005-03-14,0.30657404814131256
2005-03-15,0.30778545604292823
2005-03-16,0.3080397726565025
2005-03-17,0.30733699798203534
2005-03-18,0.3056771320195268
2005-03-21,0.3030601747689768
2005-03-22,0.29948612623038534
2005-03-23,0.2949549864037525
2005-03-24,0.2894667552890782
2005-03-25,0.2830214328863625
2005-03-28,0.2756190191956054
2005-03-29,0.2672595142168068
2005-03-30,0.2579429179499668
2005-03-31,0.24766923039508545
2005-04-01,0.10545718640255279
2005-04-04,0.09378711547653668
2005-04-05,0.08274735045246752
2005-04-06,0.07233789133034535
2005-04-07,0.06255873811017014
2005-04-08,0.0534098907919419
2005-04-11,0.04489134937566064
2005-04-12,0.03700311386132635
2005-04-13,0.02974518424893902
2005-04-14,0.02311756053849866
2005-04-15,0.01712024273000528
2005-04-18,0.011753230823458857
2005-04-19,0.0070165248188594175
2005-04-20,0.002910124716206941
2005-04-21,-0.0005659694844985623
2005-04-22,-0.0034117577832570994
2005-04-25,-0.00562724018006866
2005-04-26,-0.007212416674933254
2005-04-27,-0.008167287267850883
2005-04-28,-0.008491851958821534
2005-04-29,-0.008186110747845213
2005-05-02,0.04369370463502008
2005-05-03,0.04452828975117446
2005-05-04,0.04530396046660191
2005-05-05,0.04602071678130241
2005-05-06,0.04667855869527597
2005-05-09,0.0472774862085226
2005-05-10,0.04781749932104229
2005-05-11,0.04829859803283504
2005-05-12,0.04872078234390085
2005-05-13,0.04908405225423972
2005-05-16,0.049388407763851665
2005-05-17,0.04963384887273666
2005-05-18,0.04982037558089472
2005-05-19,0.04994798788832584
2005-05-20,0.050016685795030026
2005-05-23,0.05002646930100727
2005-05-24,0.04997733840625757
2005-05-25,0.04986929311078094
2005-05-26,0.049702333414577374
2005-05-27,0.04947645931764687
2005-05-30,0.04919167081998942
2005-05-31,0.048847967921605034
2005-06-01,0.030646481652852213
2005-06-02,0.030406053915369748
2005-06-03,0.030327815739516137
2005-06-06,0.030411767125291388
2005-06-07,0.030657908072695493
2005-06-08,0.031066238581728453
2005-06-09,0.031636758652390275
2005-06-10,0.03236946828468095
2005-06-13,0.03326436747860048
2005-06-14,0.03432145623414887
2005-06-15,0.035540734551326114
2005-06-16,0.036922202430132216
2005-06-17,0.03846585987056718
2005-06-20,0.04017170687263099
2005-06-21,0.04203974343632366
2005-06-22,0.044069969561645196
2005-06-23,0.04626238524859558
2005-06-24,0.04861699049717482
2005-06-27,0.05113378530738292
2005-06-28,0.05381276967921988
2005-06-29,0.056653943612685685
2005-06-30,0.05965730710778037
2005-07-01,0.09678857990312753
2005-07-04,0.09982077235819126
2005-07-05,0.10256886358984645
2005-07-06,0.10503285359809308
2005-07-07,0.10721274238293119
2005-07-08,0.10910852994436075
2005-07-11,0.11072021628238178
2005-07-12,0.11204780139699426
2005-07-13,0.1130912852881982
2005-07-14,0.1138506679559936
2005-07-15,0.11432594940038046
2005-07-18,0.11451712962135878
2005-07-19,0.11442420861892856
2005-07-20,0.1140471863930898
2005-07-21,0.1133860629438425
2005-07-22,0.11244083827118666
2005-07-25,0.11121151237512228
2005-07-26,0.10969808525564935
2005-07-27,0.10790055691276788
2005-07-28,0.10581892734647788
2005-07-29,0.10345319655677934
2005-08-01,0.06340781300691228
2005-08-02,0.061177908804172294
2005-08-03,0.05913751223674663
2005-08-04,0.0572866233046353
2005-08-05,0.055625242007838284
2005-08-08,0.05415336834635558
2005-08-09,0.0528710023201872
2005-08-10,0.05177814392933314
2005-08-11,0.0508747931737934
2005-08-12,0.05016095005356797
2005-08-15,0.04963661456865687
2005-08-16,0.04930178671906008
2005-08-17,0.04915646650477762
2005-08-18,0.04920065392580947
2005-08-19,0.04943434898215564
2005-08-22,0.049857551673816135
2005-08-23,0.05047026200079094
2005-08-24,0.05127247996308007
2005-08-25,0.05226420556068352
2005-08-26,0.05344543879360129
2005-08-29,0.05481617966183337
2005-08-30,0.05637642816537978
2005-08-31,0.058126184304240505
2005-09-01,0.1298820305041664
2005-09-02,0.1312498670249875
2005-09-05,0.1319581279390831
2005-09-06,0.13200681324645314
2005-09-07,0.13139592294709768
2005-09-08,0.13012545704101666
2005-09-09,0.12819541552821015
2005-09-12,0.12560579840867808
2005-09-13,0.1223566056824205
2005-09-14,0.1184478373494374
2005-09-15,0.11387949340972875
2005-09-16,0.10865157386329459
2005-09-19,0.10276407871013489
2005-09-20,0.09621700795024968
2005-09-21,0.08901036158363893
2005-09-22,0.08114413961030265
2005-09-23,0.07261834203024084
2005-09-26,0.06343296884345354
2005-09-27,0.053588020049940656
2005-09-28,0.04308349564970228
2005-09-29,0.031919395642738366
2005-09-30,0.020095720029048914
2005-10-03,-0.11556928849606933
2005-10-04,-0.12769531615038776
2005-10-05,-0.13886967970430425
2005-10-06,-0.14909237915781873
2005-10-07,-0.15836341451093125
2005-10-10,-0.16668278576364176
2005-10-11,-0.1740504929159503
2005-10-12,-0.18046653596785686
2005-10-13,-0.18593091491936142
2005-10-14,-0.190443629770464
2005-10-17,-0.1940046805211646
2005-10-18,-0.1966140671714632
2005-10-19,-0.19827178972135984
2005-10-20,-0.19897784817085448
2005-10-21,-0.19873224251994714
2005-10-24,-0.19753497276863782
2005-10-25,-0.1953860389169265
2005-10-26,-0.1922854409648132
2005-10-27,-0.18823317891229793
2005-10-28,-0.18322925275938065
2005-10-31,-0.1772736625060614
2005-11-01,-0.06312592922399185
2005-11-02,-0.05699983055844674
2005-11-03,-0.051340921474090376
2005-11-04,-0.04614920197092281
2005-11-07,-0.041424672048944
2005-11-08,-0.03716733170815397
2005-11-09,-0.03337718094855272
2005-11-10,-0.03005421977014025
2005-11-11,-0.02719844817291655
2005-11-14,-0.024809866156881626
2005-11-15,-0.02288847372203548
2005-11-16,-0.021434270868378107
2005-11-17,-0.02044725759590951
2005-11-18,-0.01992743390462969
2005-11-21,-0.019874799794538642
2005-11-22,-0.020289355265636373
2005-11-23,-0.021171100317922877
2005-11-24,-0.022520034951398156
2005-11-25,-0.024336159166062216
2005-11-28,-0.026619472961915046
2005-11-29,-0.029369976338956653
2005-11-30,-0.03258766929718704
2005-12-01,-0.11739299343444612
2005-12-02,-0.12053735820601257
2005-12-05,-0.12314120520972631
2005-12-06,-0.12520453444558732
2005-12-07,-0.12672734591359563
2005-12-08,-0.1277096396137512
2005-12-09,-0.12815141554605408
2005-12-12,-0.12805267371050424
2005-12-13,-0.1274134141071017
2005-12-14,-0.12623363673584642
2005-12-15,-0.12451334159673844
2005-12-16,-0.12225252868977775
2005-12-19,-0.11945119801496433
2005-12-20,-0.11610934957229821
2005-12-21,-0.11222698336177937
2005-12-22,-0.10780409938340782
2005-12-23,-0.10284069763718355
2005-12-26,-0.09733677812310658
2005-12-27,-0.09129234084117688
2005-12-28,-0.08470738579139449
2005-12-29,-0.07758191297375937
2005-12-30,-0.06991592238827152
2006-01-02,0.008698813242806289
2006-01-03,0.01657120300030096
2006-01-04,0.02410947416194975
2006-01-05,0.03131362672775263
2006-01-06,0.03818366069770965
2006-01-09,0.04471957607182077
2006-01-10,0.05092137285008601
2006-01-11,0.05678905103250535
2006-01-12,0.06232261061907882
2006-01-13,0.0675220516098064
2006-01-16,0.0723873740046881
2006-01-17,0.07691857780372391
2006-01-18,0.08111566300691385
2006-01-19,0.08497862961425788
2006-01-20,0.08850747762575603
2006-01-23,0.09170220704140832
2006-01-24,0.09456281786121469
2006-01-25,0.09708931008517518
2006-01-26,0.09928168371328981
2006-01-27,0.10113993874555853
2006-01-30,0.10266407518198137
2006-01-31,0.10385409302255834
2006-02-01,0.05014133467328815
2006-02-02,0.051499589340096
2006-02-03,0.05327460950450752
2006-02-06,0.05546639516652271
2006-02-07,0.05807494632614156
2006-02-08,0.0611002629833641
2006-02-09,0.06454234513819031
2006-02-10,0.06840119279062017
2006-02-13,0.0726768059406537
2006-02-14,0.07736918458829092
2006-02-15,0.08247832873353181
2006-02-16,0.08800423837637635
2006-02-17,0.09394691351682456
2006-02-20,0.10030635415487646
2006-02-21,0.10708256029053202
2006-02-22,0.11427553192379125
2006-02-23,0.12188526905465415
2006-02-24,0.12991177168312074
2006-02-27,0.13835503980919095
2006-02-28,0.14721507343286483
2006-03-01,0.4690972548663032
2006-03-02,0.473919769831803
2006-03-03,0.4754980179182136
2006-03-06,0.4738319991255348
2006-03-07,0.4689217134537667
2006-03-08,0.46076716090290926
2006-03-09,0.4493683414729625
2006-03-10,0.4347252551639264
2006-03-13,0.416837901975801
2006-03-14,0.3957062819085862
2006-03-15,0.37133039496228215
2006-03-16,0.34371024113688875
2006-03-17,0.31284582043240605
2006-03-20,0.27873713284883395
2006-03-21,0.24138417838617254
2006-03-22,0.20078695704442187
2006-03-23,0.15694546882358185
2006-03-24,0.10985971372365239
2006-03-27,0.05952969174463374
2006-03-28,0.00595540288652574
2006-03-29,-0.05086315285067161
2006-03-30,-0.11092597546695837
2006-03-31,-0.17423306496233437
2006-04-03,-1.0013779055907845
2006-04-04,-1.0708426925317047
2006-04-05,-1.13323820658291
2006-04-06,-1.1885644477444006
2006-04-07,-1.2368214160161763
2006-04-10,-1.278009111398237
2006-04-11,-1.312127533890583
2006-04-12,-1.339176683493214
2006-04-13,-1.3591565602061302
2006-04-14,-1.3720671640293314
2006-04-17,-1.3779084949628178
2006-04-18,-1.3766805530065893
2006-04-19,-1.3683833381606458
2006-04-20,-1.3530168504249878
2006-04-21,-1.3305810897996146
2006-04-24,-1.3010760562845267
2006-04-25,-1.2645017498797237
2006-04-26,-1.220858170585206
2006-04-27,-1.1701453184009734
2006-04-28,-1.112363193327026
2006-05-01,-0.3705254161470158
2006-05-02,-0.31653186403143113
2006-05-03,-0.26493727976866416
2006-05-04,-0.21574166335871453
2006-05-05,-0.16894501480158253
2006-05-08,-0.12454733409726788
2006-05-09,-0.08254862124577082
2006-05-10,-0.042948876247091164
2006-05-11,-0.005748099101229087
2006-05-12,0.02905371019181558
2006-05-15,0.061456551632042694
2006-05-16,0.09146042521945237
2006-05-17,0.11906533095404452
2006-05-18,0.14427126883581926
2006-05-19,0.1670782388647764
2006-05-22,0.1874862410409161
2006-05-23,0.20549527536423828
2006-05-24,0.221105341834743
2006-05-25,0.23431644045243022
2006-05-26,0.24512857121729997
2006-05-29,0.2535417341293522
2006-05-30,0.259555929188587
2006-05-31,0.26317115639500427
2006-06-01,0.05003281527580242
2006-06-02,0.05134501842103888
2006-06-05,0.0526978808418393
2006-06-06,0.05409140253820369
2006-06-07,0.05552558351013204
2006-06-08,0.05700042375762435
2006-06-09,0.05851592328068062
2006-06-12,0.06007208207930085
2006-06-13,0.06166890015348505
2006-06-14,0.0633063775032332
2006-06-15,0.06498451412854532
2006-06-16,0.06670331002942141
2006-06-19,0.06846276520586145
2006-06-20,0.07026287965786546
2006-06-21,0.07210365338543342
2006-06-22,0.07398508638856535
2006-06-23,0.07590717866726124
2006-06-26,0.0778699302215211
2006-06-27,0.07987334105134491
2006-06-28,0.08191741115673269
2006-06-29,0.08400214053768443
2006-06-30,0.08612752919420014
2006-07-03,0.09486966994485256
2006-07-04,0.09709452508156603
2006-07-05,0.09927504228329047
2006-07-06,0.10141122155002587
2006-07-07,0.10350306288177225
2006-07-10,0.10555056627852959
2006-07-11,0.10755373174029789
2006-07-12,0.10951255926707718
2006-07-13,0.11142704885886741
2006-07-14,0.11329720051566862
2006-07-17,0.1151230142374808
2006-07-18,0.11690449002430393
2006-07-19,0.11864162787613805
2006-07-20,0.12033442779298313
2006-07-21,0.12198288977483916
2006-07-24,0.12358701382170618
2006-07-25,0.12514679993358416
2006-07-26,0.1266622481104731
2006-07-27,0.128133358352373
2006-07-28,0.1295601306592839
2006-07-31,0.13094256503120572
2006-08-01,0.13293255671561707
2006-08-02,0.13410927964610525
2006-08-03,0.135240985282056
2006-08-04,0.1363276736234693
2006-08-07,0.13736934467034514
2006-08-08,0.13836599842268357
2006-08-09,0.13931763488048457
2006-08-10,0.1402242540437481
2006-08-11,0.14108585591247422
2006-08-14,0.1419024404866629
2006-08-15,0.14267400776631414
2006-08-16,0.14340055775142793
2006-08-17,0.1440820904420043
2006-08-18,0.14471860583804322
2006-08-21,0.1453101039395447
2006-08-22,0.14585658474650876
2006-08-23,0.14635804825893536
2006-08-24,0.14681449447682451
2006-08-25,0.14722592340017626
2006-08-28,0.14759233502899055
2006-08-29,0.1479137293632674
2006-08-30,0.14819010640300684
2006-08-31,0.1484214661482088
2006-09-01,0.16995031106012506
2006-09-04,0.1698094665345277
2006-09-05,0.16932368813260512
2006-09-06,0.16849297585435738
2006-09-07,0.1673173296997844
2006-09-08,0.16579674966888625
2006-09-11,0.16393123576166288
2006-09-12,0.16172078797811434
2006-09-13,0.15916540631824058
2006-09-14,0.15626509078204162
2006-09-15,0.15301984136951746
2006-09-18,0.1494296580806681
2006-09-19,0.14549454091549355
2006-09-20,0.1412144898739938
2006-09-21,0.13658950495616884
2006-09-22,0.1316195861620187
2006-09-25,0.12630473349154336
2006-09-26,0.1206449469447428
2006-09-27,0.11464022652161707
2006-09-28,0.1082905722221661
2006-09-29,0.10159598404638998
2006-10-02,0.03587886391490236
2006-10-03,0.029575996365057016
2006-10-04,0.02368980504237216
2006-10-05,0.018220289946847813
2006-10-06,0.013167451078483935
2006-10-09,0.00853128843728056
2006-10-10,0.004311802023237674
2006-10-11,0.0005089918363552787
2006-10-12,-0.0028771421233666303
2006-10-13,-0.005846599855928051
2006-10-16,-0.00839938136132898
2006-10-17,-0.010535486639569417
2006-10-18,-0.01225491569064937
2006-10-19,-0.013557668514568825
2006-10-20,-0.014443745111327793
2006-10-23,-0.014913145480926274
2006-10-24,-0.014965869623364263
2006-10-25,-0.014601917538641762
2006-10-26,-0.013821289226758774
2006-10-27,-0.01262398468771529
2006-10-30,-0.011010003921511321
2006-10-31,-0.008979346928146859
2006-11-01,0.03048552708288546
2006-11-02,0.03288969130335963
2006-11-03,0.03525068652378302
2006-11-06,0.037568512744155624
2006-11-07,0.03984316996447745
2006-11-08,0.04207465818474848
2006-11-09,0.04426297740496875
2006-11-10,0.04640812762513822
2006-11-13,0.048510108845256916
2006-11-14,0.05056892106532483
2006-11-15,0.052584564285341966
2006-11-16,0.05455703850530831
2006-11-17,0.05648634372522388
2006-11-20,0.058372479945088665
2006-11-21,0.060215447164902666
2006-11-22,0.06201524538466589
2006-11-23,0.06377187460437833
2006-11-24,0.06548533482404
2006-11-27,0.06715562604365087
2006-11-28,0.06878274826321097
2006-11-29,0.07036670148272028
2006-11-30,0.07190748570217881
2006-12-01,0.05024729667627856
2006-12-04,0.05208511359585854
2006-12-05,0.05419181720516275
2006-12-06,0.056567407504191196
2006-12-07,0.059211884492943886
2006-12-08,0.0621252481714208
2006-12-11,0.06530749853962196
2006-12-12,0.06875863559754737
2006-12-13,0.072478659345197
2006-12-14,0.07646756978257088
2006-12-15,0.08072536690966899
2006-12-18,0.08525205072649134
2006-12-19,0.09004762123303792
2006-12-20,0.09511207842930874
2006-12-21,0.1004454223153038
2006-12-22,0.1060476528910231
2006-12-25,0.11191877015646663
2006-12-26,0.1180587741116344
2006-12-27,0.12446766475652639
2006-12-28,0.13114544209114265
2006-12-29,0.13809210611548312
2007-01-01,0.17510338364598435
2007-01-02,0.18157341460881427
2007-01-03,0.1879253650129367
2007-01-04,0.19415923485835168
2007-01-05,0.2002750241450592
2007-01-08,0.20627273287305928
2007-01-09,0.21215236104235188
2007-01-10,0.21791390865293706
2007-01-11,0.22355737570481474
2007-01-12,0.229082762197985
2007-01-15,0.2344900681324478
2007-01-16,0.23977929350820312
2007-01-17,0.24495043832525099
2007-01-18,0.2500035025835914
2007-01-19,0.25493848628322435
2007-01-22,0.2597553894241499
2007-01-23,0.264454212006368
2007-01-24,0.26903495402987854
2007-01-25,0.27349761549468166
2007-01-26,0.27784219640077734
2007-01-29,0.2820686967481656
2007-01-30,0.2861771165368464
2007-01-31,0.2901674557668197
2007-02-01,0.32519894086186923
2007-02-02,0.3290315887670627
2007-02-05,0.33224378710549374
2007-02-06,0.33483553587716247
2007-02-07,0.3368068350820689
2007-02-08,0.338157684720213
2007-02-09,0.33888808479159477
2007-02-12,0.33899803529621414
2007-02-13,0.33848753623407124
2007-02-14,0.337356587605166
2007-02-15,0.33560518940949846
2007-02-16,0.3332333416470686
2007-02-19,0.3302410443178763
2007-02-20,0.3266282974219218
2007-02-21,0.32239510095920487
2007-02-22,0.3175414549297257
2007-02-23,0.3120673593334841
2007-02-26,0.3059728141704802
2007-02-27,0.299257819440714
2007-02-28,0.29192237514418545
2007-03-01,0.2550782752283529
2007-03-02,0.24769645116903477
2007-03-05,0.24016543383520841
2007-03-06,0.23248522322687384
2007-03-07,0.22465581934403103
2007-03-08,0.21667722218667998
2007-03-09,0.2085494317548207
2007-03-12,0.2002724480484532
2007-03-13,0.19184627106757746
2007-03-14,0.1832709008121935
2007-03-15,0.1745463372823013
2007-03-16,0.16567258047790087
2007-03-19,0.15664963039899218
2007-03-20,0.14747748704557528
2007-03-21,0.13815615041765017
2007-03-22,0.12868562051521681
2007-03-23,0.11906589733827522
2007-03-26,0.1092969808868254
2007-03-27,0.09937887116086733
2007-03-28,0.08931156816040103
2007-03-29,0.07909507188542653
2007-03-30,0.06872938233594375
2007-04-02,-0.10928494984083424
2007-04-03,-0.11818364541979423
2007-04-04,-0.12496544504781897
2007-04-05,-0.12963034872490836
2007-04-06,-0.13217835645106246
2007-04-09,-0.13260946822628128
2007-04-10,-0.13092368405056481
2007-04-11,-0.127121003923913
2007-04-12,-0.12120142784632591
2007-04-13,-0.11316495581780352
2007-04-16,-0.10301158783834582
2007-04-17,-0.09074132390795281
2007-04-18,-0.07635416402662452
2007-04-19,-0.05985010819436091
2007-04-20,-0.041229156411162024
2007-04-23,-0.020491308677027795
2007-04-24,0.0023634350080416755
2007-04-25,0.027335074644046525
2007-04-26,0.0544236102309866
2007-04-27,0.08362904176886204
2007-04-30,0.11495136925767273
2007-05-01,0.47289133911447717
2007-05-02,0.5014828541158916
2007-05-03,0.5281344192389523
2007-05-04,0.5528460344836593
2007-05-07,0.5756176998500127
2007-05-08,0.5964494153380123
2007-05-09,0.6153411809476582
2007-05-10,0.6322929966789504
2007-05-11,0.6473048625318889
2007-05-14,0.6603767785064738
2007-05-15,0.6715087446027049
2007-05-16,0.6807007608205824
2007-05-17,0.6879528271601062
2007-05-18,0.6932649436212762
2007-05-21,0.6966371102040926
2007-05-22,0.6980693269085553
2007-05-23,0.6975615937346642
2007-05-24,0.6951139106824195
2007-05-25,0.690726277751821
2007-05-28,0.684398694942869
2007-05-29,0.6761311622555631
2007-05-30,0.6659236796899036
2007-05-31,0.6537762472458905
2007-06-01,0.44725499244158373
2007-06-04,0.43211296541617805
2007-06-05,0.4172579491470066
2007-06-06,0.4026899436340694
2007-06-07,0.38840894887736643
2007-06-08,0.37441496487689774
2007-06-11,0.3607079916326633
2007-06-12,0.3472880291446631
2007-06-13,0.33415507741289713
2007-06-14,0.3213091364373654
2007-06-15,0.3087502062180679
2007-06-18,0.2964782867550047
2007-06-19,0.2844933780481757
2007-06-20,0.272795480097581
2007-06-21,0.26138459290322047
2007-06-22,0.25026071646509424
2007-06-25,0.23942385078320222
2007-06-26,0.22887399585754448
2007-06-27,0.21861115168812095
2007-06-28,0.2086353182749317
2007-06-29,0.19894649561797667
2007-07-02,0.18767331995126146
2007-07-03,0.178986223345215
2007-07-04,0.1705864869474464
2007-07-05,0.16247411075795573
2007-07-06,0.15464909477674293
2007-07-09,0.14711143900380805
2007-07-10,0.13986114343915104
2007-07-11,0.13289820808277197
2007-07-12,0.12622263293467076
2007-07-13,0.11983441799484745
2007-07-16,0.11373356326330204
2007-07-17,0.10792006874003453
2007-07-18,0.10239393442504491
2007-07-19,0.09715516031833318
2007-07-20,0.09220374641989937
2007-07-23,0.08753969272974343
2007-07-24,0.08316299924786541
2007-07-25,0.07907366597426528
2007-07-26,0.07527169290894303
2007-07-27,0.07175708005189871
2007-07-30,0.06852982740313227
2007-07-31,0.0655899349626437
2007-08-01,0.05858008343162798
2007-08-02,0.05635591823106243
2007-08-03,0.054444792573785
2007-08-06,0.05284670645979568
2007-08-07,0.05156165988909448
2007-08-08,0.0505896528616814
2007-08-09,0.04993068537755643
2007-08-10,0.049584757436719584
2007-08-13,0.049551869039170846
2007-08-14,0.04983202018491023
2007-08-15,0.050425210873937726
2007-08-16,0.051331441106253345
2007-08-17,0.052550710881857074
2007-08-20,0.05408302020074893
2007-08-21,0.0559283690629289
2007-08-22,0.05808675746839697
2007-08-23,0.06055818541715317
2007-08-24,0.0633426529091975
2007-08-27,0.06644015994452993
2007-08-28,0.06985070652315045
2007-08-29,0.07357429264505913
2007-08-30,0.0776109183102559
2007-08-31,0.0819605835187408
2007-09-03,0.14695272309022148
2007-09-04,0.1518271305148511
2007-09-05,0.1562138348995714
2007-09-06,0.16011283624438238
2007-09-07,0.16352413454928402
2007-09-10,0.16644772981427636
2007-09-11,0.16888362203935933
2007-09-12,0.17083181122453298
2007-09-13,0.17229229736979731
2007-09-14,0.1732650804751523
2007-09-17,0.17375016054059797
2007-09-18,0.17374753756613429
2007-09-19,0.1732572115517613
2007-09-20,0.17227918249747898
2007-09-21,0.1708134504032873
2007-09-24,0.16886001526918631
2007-09-25,0.166418877095176
2007-09-26,0.16349003588125635
2007-09-27,0.16007349162742737
2007-09-28,0.15616924433368906
2007-10-01,0.13019795994071356
2007-10-02,0.12625879898325498
2007-10-03,0.12219956431498795
2007-10-04,0.11802025593591248
2007-10-05,0.11372087384602854
2007-10-08,0.10930141804533615
2007-10-09,0.10476188853383532
2007-10-10,0.10010228531152603
2007-10-11,0.09532260837840828
2007-10-12,0.09042285773448208
2007-10-15,0.08540303337974745
2007-10-16,0.08026313531420434
2007-10-17,0.07500316353785279
2007-10-18,0.06962311805069278
2007-10-19,0.06412299885272432
2007-10-22,0.05850280594394742
2007-10-23,0.05276253932436206
2007-10-24,0.04690219899396823
2007-10-25,0.040921784952765966
2007-10-26,0.034821297200755254
2007-10-29,0.02860073573793609
2007-10-30,0.022260100564308452
2007-10-31,0.015799391679872377
2007-11-01,-0.028425406428634607
2007-11-02,-0.03497080661453312
2007-11-05,-0.04118169790948359
2007-11-06,-0.047058080313486
2007-11-07,-0.05259995382654038
2007-11-08,-0.057807318448646706
2007-11-09,-0.062680174179805
2007-11-12,-0.06721852102001523
2007-11-13,-0.07142235896927741
2007-11-14,-0.07529168802759158
2007-11-15,-0.07882650819495768
2007-11-16,-0.08202681947137573
2007-11-19,-0.08489262185684575
2007-11-20,-0.08742391535136772
2007-11-21,-0.08962069995494164
2007-11-22,-0.09148297566756752
2007-11-23,-0.09301074248924536
2007-11-26,-0.09420400041997513
2007-11-27,-0.09506274945975689
2007-11-28,-0.09558698960859058
2007-11-29,-0.09577672086647623
2007-11-30,-0.09563194323341385
2007-12-03,-0.160439938794176
2007-12-04,-0.1586801928379465
2007-12-05,-0.15566281061730802
2007-12-06,-0.1513877921322605
2007-12-07,-0.14585513738280392
2007-12-10,-0.13906484636893834
2007-12-11,-0.1310169190906637
2007-12-12,-0.12171135554798009
2007-12-13,-0.11114815574088742
2007-12-14,-0.09932731966938572
2007-12-17,-0.08624884733347501
2007-12-18,-0.07191273873315526
2007-12-19,-0.05631899386842651
2007-12-20,-0.0394676127392887
2007-12-21,-0.0213585953457419
2007-12-24,-0.0019919416877860474
2007-12-25,0.018632348234578808
2007-12-26,0.04051427442135272
2007-12-27,0.06365383687253562
2007-12-28,0.0880510355881276
2007-12-31,0.11370587056812857
2008-01-01,0.38431452044828457
2008-01-02,0.4071522355894767
2008-01-03,0.4282554095182694
2008-01-04,0.4476240422346625
2008-01-07,0.46525813373865604
2008-01-08,0.4811576840302501
2008-01-09,0.49532269310944455
2008-01-10,0.5077531609762396
2008-01-11,0.5184490876306349
2008-01-14,0.5274104730726308
2008-01-15,0.534637317302227
2008-01-16,0.5401296203194237
2008-01-17,0.5438873821242209
2008-01-18,0.5459106027166185
2008-01-21,0.5461992820966166
2008-01-22,0.5447534202642152
2008-01-23,0.5415730172194142
2008-01-24,0.5366580729622138
2008-01-25,0.5300085874926137
2008-01-28,0.521624560810614
2008-01-29,0.5115059929162149
2008-01-30,0.49965288380941625
2008-01-31,0.486065233490218
2008-02-01,0.25314446690751136
2008-02-04,0.23723887340582236
2008-02-05,0.22220913427038497
2008-02-06,0.2080552495011991
2008-02-07,0.1947772190982647
2008-02-08,0.18237504306158184
2008-02-11,0.17084872139115045
2008-02-12,0.1601982540869706
2008-02-13,0.1504236411490423
2008-02-14,0.14152488257736548
2008-02-15,0.13350197837194017
2008-02-18,0.12635492853276636
2008-02-19,0.1200837330598441
2008-02-20,0.11468839195317332
2008-02-21,0.11016890521275408
2008-02-22,0.10652527283858633
2008-02-25,0.10375749483067011
2008-02-26,0.1018655711890054
2008-02-27,0.10084950191359218
2008-02-28,0.10070928700443049
2008-02-29,0.10144492646152031
2008-03-03,0.19691428360406343
2008-03-04,0.19812175183930353
2008-03-05,0.19892519448644239
2008-03-06,0.19932461154548
2008-03-07,0.1993200030164164
2008-03-10,0.19891136889925157
2008-03-11,0.19809870919398548
2008-03-12,0.19688202390061815
2008-03-13,0.1952613130191496
2008-03-14,0.1932365765495798
2008-03-17,0.19080781449190876
2008-03-18,0.18797502684613648
2008-03-19,0.18473821361226297
2008-03-20,0.18109737479028823
2008-03-21,0.17705251038021225
2008-03-24,0.17260362038203503
2008-03-25,0.16775070479575657
2008-03-26,0.16249376362137688
2008-03-27,0.15683279685889595
2008-03-28,0.15076780450831376
2008-03-31,0.14429878656963038
2008-04-01,0.07578401455209852
2008-04-02,0.06962300185742154
2008-04-03,0.06386160892545292
2008-04-04,0.05849983575619264
2008-04-07,0.05353768234964072
2008-04-08,0.048975148705797174
2008-04-09,0.04481223482466198
2008-04-10,0.04104894070623514
2008-04-11,0.03768526635051665
2008-04-14,0.034721211757506525
2008-04-15,0.032156776927204755
2008-04-16,0.029991961859611352
2008-04-17,0.028226766554726293
2008-04-18,0.0268611910125496
2008-04-21,0.025895235233081258
2008-04-22,0.025328899216321275
2008-04-23,0.02516218296226965
2008-04-24,0.025395086470926385
2008-04-25,0.02602760974229147
2008-04-28,0.027059752776364923
2008-04-29,0.028491515573146727
2008-04-30,0.03032289813263689
2008-05-01,0.03859337023280235
2008-05-02,0.04114896784841772
2008-05-05,0.04402916075744992
2008-05-06,0.04723394895989896
2008-05-07,0.05076333245576486
2008-05-08,0.05461731124504758
2008-05-09,0.058795885327747155
2008-05-12,0.06329905470386356
2008-05-13,0.06812681937339682
2008-05-14,0.07327917933634692
2008-05-15,0.07875613459271387
2008-05-16,0.08455768514249765
2008-05-19,0.09068383098569828
2008-05-20,0.09713457212231574
2008-05-21,0.10390990855235006
2008-05-22,0.11100984027580121
2008-05-23,0.11843436729266921
2008-05-26,0.12618348960295406
2008-05-27,0.13425720720665574
2008-05-28,0.14265552010377425
2008-05-29,0.15137842829430959
2008-05-30,0.1604259317782618
2008-06-02,0.2917841539029537
2008-06-03,0.3002984559571343
2008-06-04,0.30750867087015654
2008-06-05,0.3134147986420203
2008-06-06,0.3180168392727258
2008-06-09,0.3213147927622728
2008-06-10,0.3233086591106615
2008-06-11,0.32399843831789177
2008-06-12,0.32338413038396363
2008-06-13,0.3214657353088771
2008-06-16,0.3182432530926322
2008-06-17,0.3137166837352289
2008-06-18,0.3078860272366672
2008-06-19,0.3007512835969471
2008-06-20,0.2923124528160686
2008-06-23,0.28256953489403175
2008-06-24,0.27152252983083647
2008-06-25,0.2591714376264828
2008-06-26,0.24551625828097076
2008-06-27,0.2305569917943003
2008-06-30,0.2142936381664715
2008-07-01,0.013636314123888417
2008-07-02,-0.0014010159632890443
2008-07-03,-0.015435838913786061
2008-07-04,-0.028468154727602675
2008-07-07,-0.0404979634047388
2008-07-08,-0.05152526494519453
2008-07-09,-0.061550059348969795
2008-07-10,-0.07057234661606464
2008-07-11,-0.07859212674647903
2008-07-14,-0.085609399740213
2008-07-15,-0.09162416559726652
2008-07-16,-0.09663642431763961
2008-07-17,-0.10064617590133226
2008-07-18,-0.10365342034834449
2008-07-21,-0.10565815765867625
2008-07-22,-0.10666038783232759
2008-07-23,-0.1066601108692985
2008-07-24,-0.10565732676958894
2008-07-25,-0.10365203553319899
2008-07-28,-0.10064423716012857
2008-07-29,-0.09663393165037773
2008-07-30,-0.09162111900394643
2008-07-31,-0.08560579922083472
2008-08-01,0.029695278317979877
2008-08-04,0.037112445519639096
2008-08-05,0.044260588534613766
2008-08-06,0.05113970736290386
2008-08-07,0.057749802004509396
2008-08-08,0.06409087245943038
2008-08-11,0.07016291872766676
2008-08-12,0.0759659408092186
2008-08-13,0.08149993870408588
2008-08-14,0.0867649124122686
2008-08-15,0.09176086193376673
2008-08-18,0.09648778726858032
2008-08-19,0.10094568841670933
2008-08-20,0.10513456537815377
2008-08-21,0.10905441815291365
2008-08-22,0.11270524674098896
2008-08-25,0.11608705114237972
2008-08-26,0.11919983135708591
2008-08-27,0.12204358738510752
2008-08-28,0.12461831922644458
2008-08-29,0.12692402688109705
2008-09-01,0.14530918202530085
2008-09-02,0.14680455356462188
2008-09-03,0.14785118969656721
2008-09-04,0.14844909042113694
2008-09-05,0.148598255738331
2008-09-08,0.1482986856481494
2008-09-09,0.1475503801505922
2008-09-10,0.1463533392456593
2008-09-11,0.14470756293335077
2008-09-12,0.1426130512136666
2008-09-15,0.1400698040866068
2008-09-16,0.13707782155217133
2008-09-17,0.1336371036103602
2008-09-18,0.12974765026117344
2008-09-19,0.12540946150461102
2008-09-22,0.12062253734067295
2008-09-23,0.11538687776935924
2008-09-24,0.1097024827906699
2008-09-25,0.10356935240460488
2008-09-26,0.09698748661116424
2008-09-29,0.08995688541034794
2008-09-30,0.08247754880215598
2008-10-01,-0.006832144278240172
2008-10-02,-0.013899258758673004
2008-10-03,-0.020450114487256595
2008-10-06,-0.02648471146399098
2008-10-07,-0.03200304968887613
2008-10-08,-0.03700512916191206
2008-10-09,-0.04149094988309876
2008-10-10,-0.04546051185243624
2008-10-13,-0.048913815069924496
2008-10-14,-0.05185085953556354
2008-10-15,-0.054271645249353344
2008-10-16,-0.05617617221129393
2008-10-17,-0.05756444042138529
2008-10-20,-0.058436449879627435
2008-10-21,-0.058792200586020346
2008-10-22,-0.05863169254056404
2008-10-23,-0.05795492574325851
2008-10-24,-0.056761900194103744
2008-10-27,-0.05505261589309977
2008-10-28,-0.05282707284024656
2008-10-29,-0.05008527103554414
2008-10-30,-0.04682721047899248
2008-10-31,-0.043052891170591606
2008-11-03,-0.047738653722222385
2008-11-04,-0.041981497913398974
2008-11-05,-0.035401351065039735
2008-11-06,-0.027998213177144682
2008-11-07,-0.019772084249713835
2008-11-10,-0.010722964282747167
2008-11-11,-0.0008508532762446994
2008-11-12,0.009844248769793583
2008-11-13,0.021362341855367672
2008-11-14,0.03370342598047757
2008-11-17,0.046867501145123294
2008-11-18,0.0608545673493048
2008-11-19,0.07566462459302215
2008-11-20,0.0912976728762753
2008-11-21,0.10775371219906421
2008-11-24,0.125032742561389
2008-11-25,0.14313476396324953
2008-11-26,0.16205977640464594
2008-11-27,0.18180777988557814
2008-11-28,0.2023787744060461
2008-12-01,0.4232365177232787
2008-12-02,0.44017941395540344
2008-12-03,0.45546174071530177
2008-12-04,0.46908349800297366
2008-12-05,0.4810446858184192
2008-12-08,0.4913453041616383
2008-12-09,0.49998535303263103
2008-12-10,0.5069648324313973
2008-12-11,0.5122837423579372
2008-12-12,0.5159420828122507
2008-12-15,0.5179398537943378
2008-12-16,0.5182770553041984
2008-12-17,0.5169536873418328
2008-12-18,0.5139697499072405
2008-12-19,0.509325243000422
2008-12-22,0.503020166621377
2008-12-23,0.4950545207701057
2008-12-24,0.485428305446608
2008-12-25,0.4741415206508838
2008-12-26,0.46119416638293326
2008-12-29,0.44658624264275626
2008-12-30,0.43031774943035284
2008-12-31,0.4123886867457231
2009-01-01,0.18311578628653155
2009-01-02,0.1634196658178265
2009-01-05,0.14450749486258427
2009-01-06,0.12637927342080485
2009-01-07,0.10903500149248822
2009-01-08,0.09247467907763442
2009-01-09,0.0766983061762434
2009-01-12,0.06170588278831521
2009-01-13,0.04749740891384979
2009-01-14,0.034072884552847196
2009-01-15,0.021432309705307406
2009-01-16,0.00957568437123043
2009-01-19,-0.0014969914493837694
2009-01-20,-0.011785717756535138
2009-01-21,-0.021290494550223707
2009-01-22,-0.030011321830449494
2009-01-23,-0.03794819959721245
2009-01-26,-0.04510112785051261
2009-01-27,-0.05147010659034998
2009-01-28,-0.05705513581672453
2009-01-29,-0.06185621552963627
2009-01-30,-0.06587334572908521
2009-02-02,-0.07086194056493837
2009-02-03,-0.07344548156088668
2009-02-04,-0.07505606479819855
2009-02-05,-0.07569369027687398
2009-02-06,-0.07535835799691296
2009-02-09,-0.07405006795831551
2009-02-10,-0.0717688201610816
2009-02-11,-0.06851461460521126
2009-02-12,-0.06428745129070447
2009-02-13,-0.05908733021756124
2009-02-16,-0.05291425138578156
2009-02-17,-0.045768214795365456
2009-02-18,-0.037649220446312893
2009-02-19,-0.028557268338623883
2009-02-20,-0.01849235847229845
2009-02-23,-0.007454490847336556
2009-02-24,0.004556334536261759
2009-02-25,0.017540117678496538
2009-02-26,0.03149685857936777
2009-02-27,0.0464265572388754
2009-03-02,0.22132169533035226
2009-03-03,0.2345983620615017
2009-03-04,0.24669473514366957
2009-03-05,0.25761081457685586
2009-03-06,0.2673466003610606
2009-03-09,0.2759020924962838
2009-03-10,0.2832772909825254
2009-03-11,0.28947219581978545
2009-03-12,0.29448680700806396
2009-03-13,0.29832112454736087
2009-03-16,0.3009751484376762
2009-03-17,0.30244887867901
2009-03-18,0.30274231527136225
2009-03-19,0.3018554582147329
2009-03-20,0.299788307509122
2009-03-23,0.29654086315452954
2009-03-24,0.2921131251509555
2009-03-25,0.2865050934983999
2009-03-26,0.27971676819686275
2009-03-27,0.27174814924634405
2009-03-30,0.26259923664684376
2009-03-31,0.2522700303983619
2009-04-01,0.09668904318823804
2009-04-02,0.08578895755872051
2009-04-03,0.07549828619714888
2009-04-06,0.06581702910352316
2009-04-07,0.05674518627784329
2009-04-08,0.04828275772010937
2009-04-09,0.04042974343032131
2009-04-10,0.03318614340847917
2009-04-13,0.026551957654582913
2009-04-14,0.020527186168632545
2009-04-15,0.01511182895062808
2009-04-16,0.010305886000569513
2009-04-17,0.006109357318456833
2009-04-20,0.0025222429042900552
2009-04-21,-0.0004554572419308272
2009-04-22,-0.002823743120205821
2009-04-23,-0.0045826147305349126
2009-04-24,-0.005732072072918114
2009-04-27,-0.006272115147355418
2009-04-28,-0.006202743953846821
2009-04-29,-0.005523958492392338
2009-04-30,-0.0042357587629919535
2009-05-01,0.05240885911868132
2009-05-04,0.054319872405115724
2009-05-05,0.05615392240933608
2009-05-06,0.057911009131342374
2009-05-07,0.0595911325711346
2009-05-08,0.06119429272871276
2009-05-11,0.06272048960407686
2009-05-12,0.0641697231972269
2009-05-13,0.06554199350816287
2009-05-14,0.06683730053688478
2009-05-15,0.06805564428339263
2009-05-18,0.06919702474768641
2009-05-19,0.07026144192976613
2009-05-20,0.07124889582963179
2009-05-21,0.07215938644728338
2009-05-22,0.07299291378272091
2009-05-25,0.07374947783594436
2009-05-26,0.07442907860695377
2009-05-27,0.07503171609574912
2009-05-28,0.07555739030233039
2009-05-29,0.0760061012266976
2009-06-01,0.04794568818797405
2009-06-02,0.04858351631986531
2009-06-03,0.04950432256159255
2009-06-04,0.05070810691315576
2009-06-05,0.05219486937455497
2009-06-08,0.05396460994579015
2009-06-09,0.056017328626861304
2009-06-10,0.05835302541776845
2009-06-11,0.06097170031851157
2009-06-12,0.06387335332909068
2009-06-15,0.06705798444950575
2009-06-16,0.07052559367975682
2009-06-17,0.07427618101984387
2009-06-18,0.07830974646976689
2009-06-19,0.08262629002952589
2009-06-22,0.08722581169912089
2009-06-23,0.09210831147855185
2009-06-24,0.09727378936781879
2009-06-25,0.10272224536692172
2009-06-26,0.10845367947586063
2009-06-29,0.11446809169463551
2009-06-30,0.12076548202324638
2009-07-01,0.2062054515615656
2009-07-02,0.21186082026595204
2009-07-03,0.2168772922118627
2009-07-06,0.22125486739929756
2009-07-07,0.22499354582825667
2009-07-08,0.22809332749874
2009-07-09,0.23055421241074756
2009-07-10,0.23237620056427932
2009-07-13,0.2335592919593353
2009-07-14,0.23410348659591554
2009-07-15,0.23400878447402
2009-07-16,0.23327518559364865
2009-07-17,0.23190268995480154
2009-07-20,0.22989129755747867
2009-07-21,0.22724100840168002
2009-07-22,0.22395182248740558
2009-07-23,0.22002373981465537
2009-07-24,0.2154567603834294
2009-07-27,0.21025088419372762
2009-07-28,0.2044061112455501
2009-07-29,0.1979224415388968
2009-07-30,0.1907998750737677
2009-07-31,0.1830384118501628
2009-08-03,0.06535530840490422
2009-08-04,0.05687300247847918
2009-08-05,0.049108784891717376
2009-08-06,0.04206265564461885
2009-08-07,0.035734614737183576
2009-08-10,0.030124662169411565
2009-08-11,0.025232797941302815
2009-08-12,0.021059022052857326
2009-08-13,0.017603334504075103
2009-08-14,0.014865735294956137
2009-08-17,0.012846224425500437
2009-08-18,0.011544801895707994
2009-08-19,0.010961467705578817
2009-08-20,0.0110962218551129
2009-08-21,0.011949064344310246
2009-08-24,0.013519995173170853
2009-08-25,0.01580901434169472
2009-08-26,0.018816121849881857
2009-08-27,0.022541317697732238
2009-08-28,0.0269846018852459
2009-08-31,0.03214597441242281
2009-09-01,0.14042697120493486
2009-09-02,0.14541961430445596
2009-09-03,0.14979268785787797
2009-09-04,0.15354619186520088
2009-09-07,0.15668012632642475
2009-09-08,0.1591944912415495
2009-09-09,0.16108928661057517
2009-09-10,0.16236451243350178
2009-09-11,0.16302016871032932
2009-09-14,0.16305625544105776
2009-09-15,0.1624727726256871
2009-09-16,0.16126972026421738
2009-09-17,0.15944709835664858
2009-09-18,0.1570049069029807
2009-09-21,0.15394314590321373
2009-09-22,0.15026181535734767
2009-09-23,0.14596091526538255
2009-09-24,0.14104044562731835
2009-09-25,0.13550040644315503
2009-09-28,0.1293407977128927
2009-09-29,0.12256161943653124
2009-09-30,0.11516287161407068
2009-10-01,0.02232246322849287
2009-10-02,0.014738266885474145
2009-10-05,0.007588191567996325
2009-10-06,0.0008722372760594024
2009-10-07,-0.005409595990336628
2009-10-08,-0.011257308231191757
2009-10-09,-0.01667089944650599
2009-10-12,-0.021650369636279324
2009-10-13,-0.026195718800511768
2009-10-14,-0.030306946939203314
2009-10-15,-0.03398405405235396
2009-10-16,-0.03722704013996371
2009-10-19,-0.04003590520203257
2009-10-20,-0.04241064923856052
2009-10-21,-0.044351272249547574
2009-10-22,-0.045857774234993744
2009-10-23,-0.046930155194899015
2009-10-26,-0.04756841512926338
2009-10-27,-0.047772554038086855
2009-10-28,-0.04754257192136943
2009-10-29,-0.046878468779111115
2009-10-30,-0.045780244611311895
2009-11-02,-0.02101085600516245
2009-11-03,-0.019245366762829157
2009-11-04,-0.017319702290233156
2009-11-05,-0.015233862587374459
2009-11-06,-0.012987847654253058
2009-11-09,-0.010581657490868954
2009-11-10,-0.00801529209722215
2009-11-11,-0.005288751473312647
2009-11-12,-0.0024020356191404397
2009-11-13,0.0006448554652944672
2009-11-16,0.0038519217799920756
2009-11-17,0.0072191633249523894
2009-11-18,0.010746580100175398
2009-11-19,0.014434172105661114
2009-11-20,0.018281939341409523
2009-11-23,0.022289881807420642
2009-11-24,0.026457999503694457
2009-11-25,0.030786292430230976
2009-11-26,0.03527476058703019
2009-11-27,0.039923403974092116
2009-11-30,0.04473222259141673
2009-12-01,0.026950456481742005
2009-12-02,0.031876919593017
2009-12-03,0.037192938389508975
2009-12-04,0.04289851287121796
2009-12-07,0.048993643038143915
2009-12-08,0.05547832889028688
2009-12-09,0.06235257042764682
2009-12-10,0.06961636765022379
2009-12-11,0.07726972055801772
2009-12-14,0.08531262915102866
2009-12-15,0.09374509342925658
2009-12-16,0.10256711339270151
2009-12-17,0.11177868904136343
2009-12-18,0.12137982037524235
2009-12-21,0.13137050739433825
2009-12-22,0.14175075009865112
2009-12-23,0.15252054848818103
2009-12-24,0.16367990256292791
2009-12-25,0.17522881232289178
2009-12-28,0.18716727776807268
2009-12-29,0.19949529889847056
2009-12-30,0.21221287571408542
2009-12-31,0.22532000821491727
2010-01-01,0.47287091833430667
2010-01-04,0.4849375878198062
2010-01-05,0.4942888397298947
2010-01-06,0.5009246740645721
2010-01-07,0.5048450908238382
2010-01-08,0.5060500900076934
2010-01-11,0.5045396716161374
2010-01-12,0.5003138356491703
2010-01-13,0.4933725821067922
2010-01-14,0.4837159109890029
2010-01-15,0.4713438222958025
2010-01-18,0.456256316027191
2010-01-19,0.4384533921831684
2010-01-20,0.4179350507637348
2010-01-21,0.39470129176888996
2010-01-22,0.36875211519863405
2010-01-25,0.3400875210529671
2010-01-26,0.30870750933188895
2010-01-27,0.27461208003539983
2010-01-28,0.23780123316349946
2010-01-29,0.1982749687161881
2010-02-01,-0.31726908253408026
2010-02-02,-0.3575158455755304
2010-02-03,-0.3936556055345721
2010-02-04,-0.4256883624112053
2010-02-05,-0.45361411620543
2010-02-08,-0.4774328669172463
2010-02-09,-0.4971446145466541
2010-02-10,-0.5127493590936534
2010-02-11,-0.5242471005582443
2010-02-12,-0.5316378389404266
2010-02-15,-0.5349215742402005
2010-02-16,-0.534098306457566
2010-02-17,-0.5291680355925228
2010-02-18,-0.5201307616450712
2010-02-19,-0.5069864846152112
2010-02-22,-0.4897352045029428
2010-02-23,-0.46837692130826586
2010-02-24,-0.4429116350311804
2010-02-25,-0.41333934567168645
2010-02-26,-0.3796600532297841
2010-03-01,0.08164928142620553
2010-03-02,0.11276975177898013
2010-03-03,0.1421530442025199
2010-03-04,0.16979915869682483
2010-03-05,0.1957080952618949
2010-03-08,0.21987985389773015
2010-03-09,0.24231443460433055
2010-03-10,0.2630118373816961
2010-03-11,0.28197206222982685
2010-03-12,0.2991951091487227
2010-03-15,0.31468097813838375
2010-03-16,0.32842966919880995
2010-03-17,0.3404411823300013
2010-03-18,0.35071551753195784
2010-03-19,0.3592526748046795
2010-03-22,0.36605265414816635
2010-03-23,0.3711154555624183
2010-03-24,0.3744410790474355
2010-03-25,0.3760295246032178
2010-03-26,0.3758807922297653
2010-03-29,0.3739948819270779
2010-03-30,0.3703717936951557
2010-03-31,0.3650115275339987
2010-04-01,0.22001902931990286
2010-04-02,0.2124109255730463
2010-04-05,0.20461477326474292
2010-04-06,0.19663057239499265
2010-04-07,0.1884583229637956
2010-04-08,0.18009802497115168
2010-04-09,0.17154967841706092
2010-04-12,0.16281328330152334
2010-04-13,0.15388883962453886
2010-04-14,0.14477634738610762
2010-04-15,0.13547580658622949
2010-04-16,0.1259872172249045
2010-04-19,0.11631057930213266
2010-04-20,0.10644589281791401
2010-04-21,0.09639315777224851
2010-04-22,0.08615237416513614
2010-04-23,0.07572354199657697
2010-04-26,0.06510666126657094
2010-04-27,0.05430173197511805
2010-04-28,0.04330875412221834
2010-04-29,0.032127727707871784
2010-04-30,0.02075865273207836
2010-05-03,-0.08645826510281834
2010-05-04,-0.09747145446302916
2010-05-05,-0.10739037043015148
2010-05-06,-0.11621501300418532
2010-05-07,-0.12394538218513067
2010-05-10,-0.13058147797298753
2010-05-11,-0.13612330036775588
2010-05-12,-0.14057084936943576
2010-05-13,-0.14392412497802715
2010-05-14,-0.14618312719353002
2010-05-17,-0.1473478560159444
2010-05-18,-0.14741831144527032
2010-05-19,-0.14639449348150774
2010-05-20,-0.14427640212465664
2010-05-21,-0.14106403737471707
2010-05-24,-0.136757399231689
2010-05-25,-0.13135648769557245
2010-05-26,-0.12486130276636742
2010-05-27,-0.11727184444407389
2010-05-28,-0.10858811272869186
2010-05-31,-0.09881010762022135
2010-06-01,-0.003285871431754031
2010-06-02,0.007034419556033775
2010-06-03,0.017296917507393927
2010-06-04,0.027501622422326455
2010-06-07,0.037648534300831385
2010-06-08,0.04773765314290865
2010-06-09,0.05776897894855831
2010-06-10,0.06774251171778031
2010-06-11,0.07765825145057471
2010-06-14,0.08751619814694149
2010-06-15,0.09731635180688063
2010-06-16,0.10705871243039213
2010-06-17,0.11674328001747603
2010-06-18,0.12637005456813227
2010-06-21,0.13593903608236085
2010-06-22,0.14545022456016188
2010-06-23,0.15490362000153524
2010-06-24,0.16429922240648098
2010-06-25,0.17363703177499912
2010-06-28,0.18291704810708959
2010-06-29,0.19213927140275244
2010-06-30,0.2013037016619877
2010-07-01,0.31606504454080064
2010-07-02,0.323801407911578
2010-07-05,0.3301674974303253
2010-07-06,0.33516331309704234
2010-07-07,0.3387888549117292
2010-07-08,0.3410441228743859
2010-07-09,0.34192911698501244
2010-07-12,0.34144383724360877
2010-07-13,0.33958828365017496
2010-07-14,0.33636245620471095
2010-07-15,0.33176635490721673
2010-07-16,0.32579997975769237
2010-07-19,0.31846333075613775
2010-07-20,0.30975640790255304
2010-07-21,0.29967921119693813
2010-07-22,0.288231740639293
2010-07-23,0.2754139962296177
2010-07-26,0.2612259779679123
2010-07-27,0.24566768585417664
2010-07-28,0.22873911988841084
2010-07-29,0.21044028007061485
2010-07-30,0.19077116640078862
2010-08-02,-0.048991842906797506
2010-08-03,-0.06868444065601662
2010-08-04,-0.08703024863259845
2010-08-05,-0.10402926683654298
2010-08-06,-0.11968149526785027
2010-08-09,-0.13398693392652025
2010-08-10,-0.146945582812553
2010-08-11,-0.15855744192594842
2010-08-12,-0.1688225112667066
2010-08-13,-0.17774079083482752
2010-08-16,-0.18531228063031116
2010-08-17,-0.19153698065315752
2010-08-18,-0.19641489090336664
2010-08-19,-0.19994601138093845
2010-08-20,-0.202130342085873
2010-08-23,-0.2029678830181703
2010-08-24,-0.20245863417783028
2010-08-25,-0.20060259556485302
2010-08-26,-0.19739976717923846
2010-08-27,-0.19285014902098666
2010-08-30,-0.18695374109009757
2010-08-31,-0.17971054338657122
2010-09-01,-0.04939745614299861
2010-09-02,-0.04097276709006615
2010-09-03,-0.03271337646036484
2010-09-06,-0.024619284253894702
2010-09-07,-0.01669049047065571
2010-09-08,-0.008926995110647908
2010-09-09,-0.0013287981738712568
2010-09-10,0.006104100339674231
2010-09-13,0.013371700429988562
2010-09-14,0.02047400209707173
2010-09-15,0.027411005340923736
2010-09-16,0.034182710161544574
2010-09-17,0.04078911655893426
2010-09-20,0.047230224533092766
2010-09-21,0.05350603408402012
2010-09-22,0.05961654521171632
2010-09-23,0.06556175791618135
2010-09-24,0.0713416721974152
2010-09-27,0.07695628805541792
2010-09-28,0.08240560549018947
2010-09-29,0.08768962450172982
2010-09-30,0.09280834509003905
2010-10-01,0.12756525077308314
2010-10-04,0.13216829471186597
2010-10-05,0.1361850831783975
2010-10-06,0.1396156161726777
2010-10-07,0.14245989369470657
2010-10-08,0.14471791574448414
2010-10-11,0.1463896823220104
2010-10-12,0.14747519342728535
2010-10-13,0.14797444906030896
2010-10-14,0.14788744922108127
2010-10-15,0.14721419390960225
2010-10-18,0.14595468312587193
2010-10-19,0.14410891686989027
2010-10-20,0.1416768951416573
2010-10-21,0.13865861794117304
2010-10-22,0.13505408526843743
2010-10-25,0.13086329712345052
2010-10-26,0.12608625350621228
2010-10-27,0.12072295441672275
2010-10-28,0.11477339985498189
2010-10-29,0.10823758982098972
2010-11-01,0.05067633328523741
2010-11-02,0.04397251962169453
2010-11-03,0.037363227550568465
2010-11-04,0.03084845707185924
2010-11-05,0.024428208185566815
2010-11-08,0.01810248089169123
2010-11-09,0.011871275190232459
2010-11-10,0.005734591081190517
2010-11-11,-0.00030757143543461325
2010-11-12,-0.006255212359642921
2010-11-15,-0.012108331691434406
2010-11-16,-0.017866929430809062
2010-11-17,-0.02353100557776691
2010-11-18,-0.029100560132307923
2010-11-19,-0.03457559309443212
2010-11-22,-0.0399561044641395
2010-11-23,-0.04524209424143005
2010-11-24,-0.05043356242630377
2010-11-25,-0.05553050901876069
2010-11-26,-0.06053293401880078
2010-11-29,-0.06544083742642404
2010-11-30,-0.07025421924163049
2010-12-01,-0.11702896821832509
2010-12-02,-0.12097712127737142
2010-12-03,-0.12435973500844791
2010-12-06,-0.12717680941155454
2010-12-07,-0.12942834448669135
2010-12-08,-0.13111434023385832
2010-12-09,-0.13223479665305543
2010-12-10,-0.13278971374428272
2010-12-13,-0.13277909150754016
2010-12-14,-0.13220292994282778
2010-12-15,-0.13106122905014556
2010-12-16,-0.12935398882949345
2010-12-17,-0.12708120928087155
2010-12-20,-0.1242428904042798
2010-12-21,-0.1208390321997182
2010-12-22,-0.11686963466718678
2010-12-23,-0.11233469780668551
2010-12-24,-0.10723422161821439
2010-12-27,-0.10156820610177344
2010-12-28,-0.09533665125736265
2010-12-29,-0.08853955708498204
2010-12-30,-0.08117692358463155
2010-12-31,-0.07324875075631124
2011-01-03,0.06969477105118588
2011-01-04,0.0778481642705659
2011-01-05,0.08485231358577011
2011-01-06,0.09070721899679846
2011-01-07,0.09541288050365099
2011-01-10,0.09896929810632765
2011-01-11,0.10137647180482849
2011-01-12,0.10263440159915349
2011-01-13,0.10274308748930265
2011-01-14,0.10170252947527597
2011-01-17,0.09951272755707345
2011-01-18,0.0961736817346951
2011-01-19,0.0916853920081409
2011-01-20,0.08604785837741084
2011-01-21,0.07926108084250497
2011-01-24,0.07132505940342325
2011-01-25,0.06223979406016569
2011-01-26,0.05200528481273228
2011-01-27,0.04062153166112306
2011-01-28,0.028088534605337973
2011-01-31,0.014406293645377058
2011-02-01,-0.1804724840896963
2011-02-02,-0.19461097749112855
2011-02-03,-0.2073149051866494
2011-02-04,-0.21858426717625895
2011-02-07,-0.22841906345995713
2011-02-08,-0.23681929403774396
2011-02-09,-0.24378495890961943
2011-02-10,-0.24931605807558357
2011-02-11,-0.25341259153563633
2011-02-14,-0.25607455928977774
2011-02-15,-0.25730196133800787
2011-02-16,-0.25709479768032656
2011-02-17,-0.2554530683167339
2011-02-18,-0.25237677324722996
2011-02-21,-0.2478659124718146
2011-02-22,-0.2419204859904879
2011-02-23,-0.23454049380324987
2011-02-24,-0.22572593591010046
2011-02-25,-0.2154768123110397
2011-02-28,-0.2037931230060676
2011-03-01,-0.05771829396101062
2011-03-02,-0.04674763265614701
2011-03-03,-0.036213488316753195
2011-03-04,-0.026115860942829194
2011-03-07,-0.01645475053437501
2011-03-08,-0.007230157091390636
2011-03-09,0.001557919386123919
2011-03-10,0.009909478898168667
2011-03-11,0.01782452144474359
2011-03-14,0.02530304702584871
2011-03-15,0.03234505564148401
2011-03-16,0.0389505472916495
2011-03-17,0.045119521976345174
2011-03-18,0.050851979695571044
2011-03-21,0.05614792044932709
2011-03-22,0.06100734423761332
2011-03-23,0.06543025106042974
2011-03-24,0.06941664091777636
2011-03-25,0.07296651380965315
2011-03-28,0.07607986973606012
2011-03-29,0.07875670869699729
2011-03-30,0.08099703069246464
2011-03-31,0.08280083572246218
2011-04-01,0.0583622756017695
2011-04-04,0.05968874699783186
2011-04-05,0.06084418381452146
2011-04-06,0.06182858605183829
2011-04-07,0.06264195370978236
2011-04-08,0.06328428678835366
2011-04-11,0.0637555852875522
2011-04-12,0.06405584920737796
2011-04-13,0.06418507854783097
2011-04-14,0.0641432733089112
2011-04-15,0.06393043349061868
2011-04-18,0.06354655909295338
2011-04-19,0.06299165011591533
2011-04-20,0.0622657065595045
2011-04-21,0.06136872842372092
2011-04-22,0.06030071570856456
2011-04-25,0.05906166841403544
2011-04-26,0.057651586540133554
2011-04-27,0.056070470086858906
2011-04-28,0.054318319054211486
2011-04-29,0.05239513344219131
2011-05-02,0.03061908492952881
2011-05-03,0.028709334681961966
2011-05-04,0.026888862551339727
2011-05-05,0.025157668537662096
2011-05-06,0.02351575264092907
2011-05-09,0.021963114861140654
2011-05-10,0.020499755198296842
2011-05-11,0.019125673652397635
2011-05-12,0.017840870223443037
2011-05-13,0.016645344911433047
2011-05-16,0.015539097716367658
2011-05-17,0.014522128638246881
2011-05-18,0.013594437677070706
2011-05-19,0.01275602483283914
2011-05-20,0.01200689010555218
2011-05-23,0.011347033495209824
2011-05-24,0.010776455001812079
2011-05-25,0.010295154625358937
2011-05-26,0.009903132365850402
2011-05-27,0.009600388223286474
2011-05-30,0.009386922197667152
2011-05-31,0.009262734288992438
2011-06-01,0.02168447712767342
2011-06-02,0.021584104426423188
2011-06-03,0.02141826881565282
2011-06-06,0.02118697029536233
2011-06-07,0.020890208865551707
2011-06-08,0.020527984526220962
2011-06-09,0.02010029727737009
2011-06-10,0.019607147118999087
2011-06-13,0.019048534051107957
2011-06-14,0.018424458073696692
2011-06-15,0.017734919186765306
2011-06-16,0.0169799173903138
2011-06-17,0.016159452684342154
2011-06-20,0.015273525068850385
2011-06-21,0.01432213454383849
2011-06-22,0.013305281109306464
2011-06-23,0.012222964765254312
2011-06-24,0.011075185511682033
2011-06-27,0.009861943348589626
2011-06-28,0.00858323827597709
2011-06-29,0.00723907029384443
2011-06-30,0.005829439402191636
2011-07-01,-0.008608006313332675
2011-07-04,-0.01004892267987074
2011-07-05,-0.011385419049813345
2011-07-06,-0.01261749542316048
2011-07-07,-0.013745151799912153
2011-07-08,-0.014768388180068358
2011-07-11,-0.015687204563629098
2011-07-12,-0.016501600950594372
2011-07-13,-0.01721157734096418
2011-07-14,-0.017817133734738526
2011-07-15,-0.018318270131917405
2011-07-18,-0.018714986532500817
2011-07-19,-0.019007282936488762
2011-07-20,-0.019195159343881246
2011-07-21,-0.019278615754678263
2011-07-22,-0.019257652168879813
2011-07-25,-0.019132268586485895
2011-07-26,-0.018902465007496518
2011-07-27,-0.018568241431911665
2011-07-28,-0.018129597859731353
2011-07-29,-0.01758653429095558
2011-08-01,-0.005866900629018668
2011-08-02,-0.005314843108954097
2011-08-03,-0.004801908715468262
2011-08-04,-0.004328097448561162
2011-08-05,-0.0038934093082328004
2011-08-08,-0.003497844294483175
2011-08-09,-0.0031414024073122865
2011-08-10,-0.0028240836467201343
2011-08-11,-0.0025458880127067194
2011-08-12,-0.0023068155052720406
2011-08-15,-0.0021068661244160987
2011-08-16,-0.0019460398701388933
2011-08-17,-0.0018243367424404249
2011-08-18,-0.0017417567413206929
2011-08-19,-0.0016982998667796974
2011-08-22,-0.0016939661188174388
2011-08-23,-0.0017287554974339172
2011-08-24,-0.001802668002629132
2011-08-25,-0.001915703634403083
2011-08-26,-0.0020678623927557712
2011-08-29,-0.002259144277687196
2011-08-30,-0.002489549289197358
2011-08-31,-0.002759077427286256
2011-09-01,0.011162639198375044
2011-09-02,0.010620328295603658
2011-09-05,0.009858387357667949
2011-09-06,0.008876816384567929
2011-09-07,0.007675615376303586
2011-09-08,0.0062547843328749336
2011-09-09,0.00461432325428196
2011-09-12,0.002754232140524674
2011-09-13,0.0006745109916030693
2011-09-14,-0.0016248401924828532
2011-09-15,-0.004143821411733093
2011-09-16,-0.006882432666147645
2011-09-19,-0.00984067395572652
2011-09-20,-0.013018545280469706
2011-09-21,-0.016416046640377206
2011-09-22,-0.02003317803544903
2011-09-23,-0.023869939465685164
2011-09-26,-0.02792633093108561
2011-09-27,-0.03220235243165039
2011-09-28,-0.036698003967379475
2011-09-29,-0.04141328553827287
2011-09-30,-0.0463481971443306
2011-10-03,-0.12379123043903932
2011-10-04,-0.12844824171720873
2011-10-05,-0.13236226826845782
2011-10-06,-0.13553331009278652
2011-10-07,-0.13796136719019486
2011-10-10,-0.1396464395606829
2011-10-11,-0.14058852720425058
2011-10-12,-0.1407876301208979
2011-10-13,-0.14024374831062492
2011-10-14,-0.13895688177343152
2011-10-17,-0.13692703050931782
2011-10-18,-0.13415419451828375
2011-10-19,-0.1306383738003294
2011-10-20,-0.12637956835545464
2011-10-21,-0.12137777818365955
2011-10-24,-0.11563300328494411
2011-10-25,-0.10914524365930833
2011-10-26,-0.1019144993067522
2011-10-27,-0.09394077022727575
2011-10-28,-0.08522405642087891
2011-10-31,-0.07576435788756175
2011-11-01,0.03292314021514646
2011-11-02,0.04211260989858249
2011-11-03,0.050752624335227814
2011-11-04,0.05884318352508245
2011-11-07,0.0663842874681464
2011-11-08,0.07337593616441965
2011-11-09,0.07981812961390221
2011-11-10,0.08571086781659407
2011-11-11,0.09105415077249525
2011-11-14,0.09584797848160573
2011-11-15,0.10009235094392552
2011-11-16,0.10378726815945462
2011-11-17,0.10693273012819302
2011-11-18,0.10952873685014072
2011-11-21,0.11157528832529774
2011-11-22,0.11307238455366407
2011-11-23,0.1140200255352397
2011-11-24,0.11441821127002465
2011-11-25,0.11426694175801888
2011-11-28,0.11356621699922244
2011-11-29,0.1123160369936353
2011-11-30,0.11051640174125747
2011-12-01,0.07888874270183865
2011-12-02,0.07635390588184526
2011-12-05,0.07363332274102705
2011-12-06,0.07072699327938398
2011-12-07,0.06763491749691605
2011-12-08,0.06435709539362328
2011-12-09,0.06089352696950565
2011-12-12,0.057244212224563176
2011-12-13,0.05340915115879585
2011-12-14,0.04938834377220368
2011-12-15,0.04518179006478665
2011-12-16,0.04078949003654478
2011-12-19,0.03621144368747804
2011-12-20,0.031447651017586474
2011-12-21,0.026498112026870052
2011-12-22,0.02136282671532877
2011-12-23,0.016041795082962648
2011-12-26,0.010535017129771673
2011-12-27,0.004842492855755838
2011-12-28,-0.0010357777390848366
2011-12-29,-0.007099794654750351
2011-12-30,-0.013349557891240739
2012-01-02,-0.08416507810176956
2012-01-03,-0.08998658229477655
2012-01-04,-0.09519408112347531
2012-01-05,-0.09978757458786582
2012-01-06,-0.1037670626879481
2012-01-09,-0.10713254542372214
2012-01-10,-0.10988402279518793
2012-01-11,-0.1120214948023455
2012-01-12,-0.11354496144519483
2012-01-13,-0.1144544227237359
2012-01-16,-0.11474987863796876
2012-01-17,-0.11443132918789337
2012-01-18,-0.11349877437350973
2012-01-19,-0.11195221419481788
2012-01-20,-0.10979164865181777
2012-01-23,-0.10701707774450943
2012-01-24,-0.10362850147289286
2012-01-25,-0.09962591983696804
2012-01-26,-0.09500933283673499
2012-01-27,-0.0897787404721937
2012-01-30,-0.08393414274334417
2012-01-31,-0.0774755396501864
2012-02-01,0.0026878172010750614
2012-02-02,0.00977683124936548
2012-02-03,0.016545460009553384
2012-02-06,0.022993703481638747
2012-02-07,0.029121561665621593
2012-02-08,0.034929034561501905
2012-02-09,0.040416122169279686
2012-02-10,0.04558282448895493
2012-02-13,0.05042914152052766
2012-02-14,0.054955073263997845
2012-02-15,0.05916061971936551
2012-02-16,0.06304578088663065
2012-02-17,0.06661055676579325
2012-02-20,0.06985494735685333
2012-02-21,0.07277895265981087
2012-02-22,0.07538257267466589
2012-02-23,0.07766580740141836
2012-02-24,0.07962865684006833
2012-02-27,0.08127112099061574
2012-02-28,0.08259319985306066
2012-02-29,0.083594893427403
2012-03-01,0.08018071564738367
2012-03-02,0.08058987625291593
2012-03-05,0.08075785773620604
2012-03-06,0.080684660097254
2012-03-07,0.08037028333605983
2012-03-08,0.07981472745262351
2012-03-09,0.07901799244694506
2012-03-12,0.07798007831902445
2012-03-13,0.07670098506886172
2012-03-14,0.07518071269645683
2012-03-15,0.07341926120180982
2012-03-16,0.07141663058492065
2012-03-19,0.06917282084578934
2012-03-20,0.0666878319844159
2012-03-21,0.0639616640008003
2012-03-22,0.06099431689494258
2012-03-23,0.05778579066684271
2012-03-26,0.05433608531650071
2012-03-27,0.05064520084391655
2012-03-28,0.04671313724909026
2012-03-29,0.042539894532021824
2012-03-30,0.03812547269271124
2012-04-02,0.004711134956869374
2012-04-03,-4.0257155041502346e-05
2012-04-04,-0.004665745133427102
2012-04-05,-0.009165328978287389
2012-04-06,-0.013539008689622392
2012-04-09,-0.017786784267432094
2012-04-10,-0.021908655711716497
2012-04-11,-0.025904623022475606
2012-04-12,-0.02977468619970942
2012-04-13,-0.03351884524341794
2012-04-16,-0.03713710015360116
2012-04-17,-0.04062945093025909
2012-04-18,-0.043995897573391715
2012-04-19,-0.04723644008299905
2012-04-20,-0.050351078459081086
2012-04-23,-0.05333981270163783
2012-04-24,-0.05620264281066927
2012-04-25,-0.05893956878617543
2012-04-26,-0.06155059062815628
2012-04-27,-0.06403570833661185
2012-04-30,-0.06639492191154209
2012-05-01,-0.05288270077107135
2012-05-02,-0.054994712350342825
2012-05-03,-0.05717962688847253
2012-05-04,-0.05943744438546046
2012-05-07,-0.06176816484130665
2012-05-08,-0.06417178825601105
2012-05-09,-0.06664831462957371
2012-05-10,-0.0691977439619946
2012-05-11,-0.07182007625327372
2012-05-14,-0.07451531150341108
2012-05-15,-0.07728344971240668
2012-05-16,-0.08012449088026051
2012-05-17,-0.08303843500697258
2012-05-18,-0.0860252820925429
2012-05-21,-0.08908503213697143
2012-05-22,-0.09221768514025822
2012-05-23,-0.09542324110240323
2012-05-24,-0.09870170002340649
2012-05-25,-0.10205306190326797
2012-05-28,-0.1054773267419877
2012-05-29,-0.10897449453956566
2012-05-30,-0.11254456529600187
2012-05-31,-0.1161875390112963
2012-06-01,-0.1807444601901125
2012-06-04,-0.18407447573153052
2012-06-05,-0.1866647371236279
2012-06-06,-0.18851524436640468
2012-06-07,-0.18962599745986083
2012-06-08,-0.18999699640399637
2012-06-11,-0.18962824119881125
2012-06-12,-0.18851973184430554
2012-06-13,-0.18667146834047918
2012-06-14,-0.18408345068733223
2012-06-15,-0.18075567888486463
2012-06-18,-0.1766881529330764
2012-06-19,-0.17188087283196757
2012-06-20,-0.1663338385815381
2012-06-21,-0.16004705018178803
2012-06-22,-0.1530205076327173
2012-06-25,-0.14525421093432597
2012-06-26,-0.136748160086614
2012-06-27,-0.12750235508958144
2012-06-28,-0.11751679594322822
2012-06-29,-0.1067914826475544
2012-07-02,0.0027524236515907713
2012-07-03,0.013148640226870234
2012-07-04,0.022997145361752624
2012-07-05,0.03229793905623793
2012-07-06,0.0410510213103262
2012-07-09,0.04925639212401737
2012-07-10,0.05691405149731149
2012-07-11,0.06402399943020853
2012-07-12,0.07058623592270852
2012-07-13,0.07660076097481143
2012-07-16,0.08206757458651727
2012-07-17,0.08698667675782604
2012-07-18,0.09135806748873775
2012-07-19,0.09518174677925238
2012-07-20,0.09845771462936996
2012-07-23,0.10118597103909047
2012-07-24,0.10336651600841389
2012-07-25,0.10499934953734026
2012-07-26,0.10608447162586956
2012-07-27,0.1066218822740018
2012-07-30,0.10661158148173695
2012-07-31,0.10605356924907505
2012-08-01,0.054958240077753115
2012-08-02,0.053967896710835746
2012-08-03,0.05304485870775306
2012-08-06,0.05218912606850506
2012-08-07,0.05140069879309175
2012-08-08,0.050679576881513116
2012-08-09,0.05002576033376918
2012-08-10,0.04943924914985993
2012-08-13,0.04892004332978536
2012-08-14,0.048468142873545485
2012-08-15,0.048083547781140296
2012-08-16,0.04776625805256979
2012-08-17,0.04751627368783397
2012-08-20,0.04733359468693284
2012-08-21,0.04721822104986639
2012-08-22,0.04717015277663464
2012-08-23,0.04718938986723757
2012-08-24,0.047275932321675186
2012-08-27,0.04742978013994749
2012-08-28,0.04765093332205448
2012-08-29,0.04793939186799616
2012-08-30,0.048295155777772526
2012-08-31,0.04871822505138358
2012-09-03,0.08057855339113895
2012-09-04,0.08076037439582487
2012-09-05,0.08056008557213412
2012-09-06,0.07997768692006671
2012-09-07,0.07901317843962262
2012-09-10,0.07766656013080185
2012-09-11,0.07593783199360442
2012-09-12,0.07382699402803031
2012-09-13,0.07133404623407952
2012-09-14,0.06845898861175206
2012-09-17,0.06520182116104795
2012-09-18,0.06156254388196714
2012-09-19,0.05754115677450967
2012-09-20,0.053137659838675515
2012-09-21,0.048352053074464704
2012-09-24,0.04318433648187721
2012-09-25,0.03763451006091305
2012-09-26,0.03170257381157221
2012-09-27,0.025388527733854693
2012-09-28,0.01869237182776052
2012-10-01,-0.05157999773014383
2012-10-02,-0.05730040429567256
2012-10-03,-0.06258620374458146
2012-10-04,-0.0674373960768705
2012-10-05,-0.07185398129253971
2012-10-08,-0.07583595939158909
2012-10-09,-0.07938333037401861
2012-10-10,-0.0824960942398283
2012-10-11,-0.08517425098901815
2012-10-12,-0.08741780062158817
2012-10-15,-0.08922674313753834
2012-10-16,-0.09060107853686868
2012-10-17,-0.09154080681957917
2012-10-18,-0.09204592798566982
2012-10-19,-0.09211644203514063
2012-10-22,-0.09175234896799161
2012-10-23,-0.09095364878422274
2012-10-24,-0.08972034148383404
2012-10-25,-0.08805242706682549
2012-10-26,-0.08594990553319712
2012-10-29,-0.08341277688294889
2012-10-30,-0.08044104111608082
2012-10-31,-0.07703469823259292
2012-11-01,-0.05037529206841102
2012-11-02,-0.04616702965036138
2012-11-05,-0.041766043450738366
2012-11-06,-0.03717233346954199
2012-11-07,-0.03238589970677224
2012-11-08,-0.027406742162429137
2012-11-09,-0.02223486083651266
2012-11-12,-0.016870255729022815
2012-11-13,-0.011312926839959606
2012-11-14,-0.0055628741693230285
2012-11-15,0.0003799022828869167
2012-11-16,0.0065154025166702205
2012-11-19,0.012843626532026907
2012-11-20,0.01936457432895694
2012-11-21,0.026078245907460343
2012-11-22,0.03298464126753713
2012-11-23,0.04008376040918726
2012-11-26,0.04737560333241076
2012-11-27,0.05486017003720765
2012-11-28,0.0625374605235779
2012-11-29,0.0704074747915215
2012-11-30,0.07847021284103847
2012-12-03,0.16143230999855432
2012-12-04,0.1692764007102228
2012-12-05,0.1763160030724175
2012-12-06,0.1825511170851384
2012-12-07,0.18798174274838558
2012-12-10,0.19260788006215898
2012-12-11,0.19642952902645858
2012-12-12,0.19944668964128442
2012-12-13,0.20165936190663647
2012-12-14,0.20306754582251477
2012-12-17,0.20367124138891926
2012-12-18,0.20347044860584998
2012-12-19,0.20246516747330695
2012-12-20,0.20065539799129012
2012-12-21,0.19804114015979954
2012-12-24,0.19462239397883516
2012-12-25,0.19039915944839703
2012-12-26,0.1853714365684851
2012-12-27,0.1795392253390994
2012-12-28,0.17290252576023993
2012-12-31,0.16546133783190667
2013-01-01,0.07849299598049914
2013-01-02,0.07119257776918696
2013-01-03,0.06412040229586466
2013-01-04,0.05727646956053223
2013-01-07,0.05066077956318969
2013-01-08,0.044273332303837024
2013-01-09,0.03811412778247424
2013-01-10,0.03218316599910133
2013-01-11,0.026480446953718317
2013-01-14,0.021005970646325173
2013-01-15,0.015759737076921916
2013-01-16,0.01074174624550853
2013-01-17,0.005951998152085032
2013-01-18,0.0013904927966514047
2013-01-21,-0.002942769820792333
2013-01-22,-0.00704778970024619
2013-01-23,-0.010924566841710167
2013-01-24,-0.01457310124518427
2013-01-25,-0.01799339291066849
2013-01-28,-0.02118544183816282
2013-01-29,-0.02414924802766728
2013-01-30,-0.026884811479181866
2013-01-31,-0.029392132192706557
2013-02-01,-0.04190183203232448
2013-02-04,-0.044069462652174075
2013-02-05,-0.045783784220008214
2013-02-06,-0.0470447967358269
2013-02-07,-0.04785250019963014
2013-02-08,-0.04820689461141792
2013-02-11,-0.04810797997119026
2013-02-12,-0.04755575627894715
2013-02-13,-0.04655022353468859
2013-02-14,-0.04509138173841457
2013-02-15,-0.043179230890125105
2013-02-18,-0.0408137709898202
2013-02-19,-0.03799500203749982
2013-02-20,-0.034722924033164
2013-02-21,-0.030997536976812744
2013-02-22,-0.026818840868446023
2013-02-25,-0.02218683570806386
2013-02-26,-0.01710152149566624
2013-02-27,-0.011562898231253164
2013-02-28,-0.005570965914824651
2013-03-01,0.06502410850290073
2013-03-04,0.07069663944454894
2013-03-05,0.07590337621504162
2013-03-06,0.08064431881437874
2013-03-07,0.0849194672425603
2013-03-08,0.0887288214995863
2013-03-11,0.09207238158545676
2013-03-12,0.09495014750017165
2013-03-13,0.09736211924373099
2013-03-14,0.09930829681613478
2013-03-15,0.100788680217383
2013-03-18,0.10180326944747568
2013-03-19,0.10235206450641281
2013-03-20,0.10243506539419436
2013-03-21,0.10205227211082038
2013-03-22,0.10120368465629083
2013-03-25,0.09988930303060573
2013-03-26,0.09810912723376507
2013-03-27,0.09586315726576886
2013-03-28,0.09315139312661709
2013-03-29,0.08997383481630977
2013-04-01,0.026385686059695997
2013-04-02,0.023229299025016963
2013-04-03,0.02039427050614618
2013-04-04,0.01788060050308366
2013-04-05,0.015688289015829394
2013-04-08,0.013817336044383389
2013-04-09,0.012267741588745638
2013-04-10,0.011039505648916145
2013-04-11,0.010132628224894906
2013-04-12,0.009547109316681925
2013-04-15,0.009282948924277199
2013-04-16,0.009340147047680731
2013-04-17,0.00971870368689252
2013-04-18,0.010418618841912565
2013-04-19,0.011439892512740867
2013-04-22,0.012782524699377427
2013-04-23,0.014446515401822239
2013-04-24,0.016431864620075308
2013-04-25,0.01873857235413664
2013-04-26,0.02136663860400622
2013-04-29,0.02431606336968406
2013-04-30,0.027586846651170165
2013-05-01,0.06324588466383933
2013-05-02,0.06661053245421908
2013-05-03,0.06990386631582743
2013-05-06,0.0731258862486644
2013-05-07,0.07627659225272998
2013-05-08,0.07935598432802418
2013-05-09,0.082364062474547
2013-05-10,0.08530082669229844
2013-05-13,0.08816627698127849
2013-05-14,0.09096041334148716
2013-05-15,0.09368323577292444
2013-05-16,0.09633474427559034
2013-05-17,0.09891493884948485
2013-05-20,0.10142381949460799
2013-05-21,0.10386138621095974
2013-05-22,0.10622763899854011
2013-05-23,0.10852257785734909
2013-05-24,0.11074620278738669
2013-05-27,0.1128985137886529
2013-05-28,0.11497951086114773
2013-05-29,0.11698919400487118
2013-05-30,0.11892756321982324
2013-05-31,0.12079461850600393
2013-06-03,0.1307966411085577
2013-06-04,0.1326459959045375
2013-06-05,0.13427960293547636
2013-06-06,0.13569746220137432
2013-06-07,0.13689957370223135
2013-06-10,0.1378859374380475
2013-06-11,0.1386565534088227
2013-06-12,0.13921142161455702
2013-06-13,0.13955054205525044
2013-06-14,0.13967391473090293
2013-06-17,0.1395815396415145
2013-06-18,0.13927341678708519
2013-06-19,0.13874954616761492
2013-06-20,0.13800992778310378
2013-06-21,0.1370545616335517
2013-06-24,0.13588344771895874
2013-06-25,0.13449658603932485
2013-06-26,0.13289397659465005
2013-06-27,0.13107561938493434
2013-06-28,0.12904151441017772
2013-07-01,0.10625829044163648
2013-07-02,0.10437386123644729
2013-07-03,0.10256139651284937
2013-07-04,0.10082089627084272
2013-07-05,0.09915236051042733
2013-07-08,0.09755578923160321
2013-07-09,0.09603118243437037
2013-07-10,0.0945785401187288
2013-07-11,0.09319786228467848
2013-07-12,0.09188914893221944
2013-07-15,0.09065240006135168
2013-07-16,0.08948761567207518
2013-07-17,0.08839479576438995
2013-07-18,0.08737394033829599
2013-07-19,0.0864250493937933
2013-07-22,0.08554812293088188
2013-07-23,0.08474316094956172
2013-07-24,0.08401016344983284
2013-07-25,0.08334913043169521
2013-07-26,0.08276006189514888
2013-07-29,0.0822429578401938
2013-07-30,0.08179781826682998
2013-07-31,0.08142464317505745
2013-08-01,0.08052350930263945
2013-08-02,0.08029464397123018
2013-08-05,0.08015181530996479
2013-08-06,0.0800950233188433
2013-08-07,0.08012426799786568
2013-08-08,0.08023954934703194
2013-08-09,0.0804408673663421
2013-08-12,0.08072822205579612
2013-08-13,0.08110161341539403
2013-08-14,0.08156104144513582
2013-08-15,0.08210650614502149
2013-08-16,0.08273800751505105
2013-08-19,0.08345554555522448
2013-08-20,0.0842591202655418
2013-08-21,0.08514873164600299
2013-08-22,0.08612437969660808
2013-08-23,0.08718606441735705
2013-08-26,0.0883337858082499
2013-08-27,0.08956754386928661
2013-08-28,0.09088733860046723
2013-08-29,0.09229317000179171
2013-08-30,0.0937850380732601
2013-09-02,0.13229076817971502
2013-09-03,0.13353520709338718
2013-09-04,0.13437104185809007
2013-09-05,0.1347982724738237
2013-09-06,0.13481689894058807
2013-09-09,0.13442692125838318
2013-09-10,0.13362833942720906
2013-09-11,0.13242115344706565
2013-09-12,0.130805363317953
2013-09-13,0.12878096903987107
2013-09-16,0.1263479706128199
2013-09-17,0.12350636803679947
2013-09-18,0.12025616131180979
2013-09-19,0.11659735043785084
2013-09-20,0.11252993541492264
2013-09-23,0.10805391624302517
2013-09-24,0.10316929292215846
2013-09-25,0.09787606545232247
2013-09-26,0.09217423383351722
2013-09-27,0.08606379806574273
2013-09-30,0.07954475814899897
2013-10-01,-0.006921289945777684
2013-10-02,-0.01267976538778936
2013-10-03,-0.01787147603790082
2013-10-04,-0.02249642189611207
2013-10-07,-0.026554602962423103
2013-10-08,-0.030046019236833935
2013-10-09,-0.03297067071934455
2013-10-10,-0.03532855740995495
2013-10-11,-0.037119679308665145
2013-10-14,-0.038344036415475125
2013-10-15,-0.039001628730384895
2013-10-16,-0.03909245625339445
2013-10-17,-0.0386165189845038
2013-10-18,-0.03757381692371293
2013-10-21,-0.035964350071021854
2013-10-22,-0.03378811842643057
2013-10-23,-0.03104512198993907
2013-10-24,-0.027735360761547354
2013-10-25,-0.023858834741255434
2013-10-28,-0.019415543929063306
2013-10-29,-0.01440548832497097
2013-10-30,-0.008828667928978405
2013-10-31,-0.0026850827410856374
2013-11-01,0.08439645973678046
2013-11-04,0.09133439498063499
2013-11-05,0.09786083453809465
2013-11-06,0.10397577840915938
2013-11-07,0.10967922659382923
2013-11-08,0.11497117909210415
2013-11-11,0.11985163590398419
2013-11-12,0.1243205970294693
2013-11-13,0.12837806246855954
2013-11-14,0.13202403222125486
2013-11-15,0.13525850628755526
2013-11-18,0.13808148466746079
2013-11-19,0.1404929673609714
2013-11-20,0.14249295436808712
2013-11-21,0.14408144568880787
2013-11-22,0.1452584413231338
2013-11-25,0.14602394127106477
2013-11-26,0.14637794553260086
2013-11-27,0.14632045410774208
2013-11-28,0.14585146699648838
2013-11-29,0.14497098419883975
2013-12-02,0.09366343080516497
2013-12-03,0.09267699337015342
2013-12-04,0.09193737068944462
2013-12-05,0.09144456276303851
2013-12-06,0.09119856959093516
2013-12-09,0.09119939117313453
2013-12-10,0.09144702750963662
2013-12-11,0.09194147860044144
2013-12-12,0.09268274444554898
2013-12-13,0.09367082504495927
2013-12-16,0.09490572039867227
2013-12-17,0.09638743050668801
2013-12-18,0.09811595536900647
2013-12-19,0.10009129498562765
2013-12-20,0.10231344935655157
2013-12-23,0.1047824184817782
2013-12-24,0.10749820236130757
2013-12-25,0.11046080099513968
2013-12-26,0.1136702143832745
2013-12-27,0.11712644252571205
2013-12-30,0.12082948542245232
2013-12-31,0.12477934307349535
2014-01-01,0.2076291693110961
2014-01-02,0.210974334538367
2014-01-03,0.2136504566051868
2014-01-06,0.2156575355115555
2014-01-07,0.21699557125747307
2014-01-08,0.21766456384293956
2014-01-09,0.21766451326795494
2014-01-10,0.2169954195325192
2014-01-13,0.21565728263663236
2014-01-14,0.2136501025802944
2014-01-15,0.21097387936350537
2014-01-16,0.2076286129862652
2014-01-17,0.20361430344857392
2014-01-20,0.19893095075043155
2014-01-21,0.1935785548918381
2014-01-22,0.1875571158727935
2014-01-23,0.1808666336932978
2014-01-24,0.17350710835335104
2014-01-27,0.16547853985295313
2014-01-28,0.15678092819210412
2014-01-29,0.14741427337080404
2014-01-30,0.1373785753890528
2014-01-31,0.12667383424685047
2014-02-03,-0.06762296054450878
2014-02-04,-0.07885026845426987
2014-02-05,-0.08822503232574058
2014-02-06,-0.09574725215892091
2014-02-07,-0.10141692795381088
2014-02-10,-0.1052340597104105
2014-02-11,-0.1071986474287197
2014-02-12,-0.10731069110873859
2014-02-13,-0.10557019075046709
2014-02-14,-0.1019771463539052
2014-02-17,-0.09653155791905296
2014-02-18,-0.08923342544591034
2014-02-19,-0.08008274893447737
2014-02-20,-0.06907952838475401
2014-02-21,-0.05622376379674031
2014-02-24,-0.04151545517043621
2014-02-25,-0.024954602505841784
2014-02-26,-0.006541205802956938
2014-02-27,0.013724734938218262
2014-02-28,0.035843219717683804
2014-03-03,0.33260572259566756
2014-03-04,0.3533875279284647
2014-03-05,0.37212158733905326
2014-03-06,0.3888079008274332
2014-03-07,0.4034464683936047
2014-03-10,0.41603729003756756
2014-03-11,0.42658036575932196
2014-03-12,0.43507569555886777
2014-03-13,0.441523279436205
2014-03-14,0.4459231173913337
2014-03-17,0.4482752094242539
2014-03-18,0.44857955553496554
2014-03-19,0.44683615572346863
2014-03-20,0.44304500998976315
2014-03-21,0.43720611833384915
2014-03-24,0.42931948075572657
2014-03-25,0.41938509725539547
2014-03-26,0.4074029678328558
2014-03-27,0.3933730924881076
2014-03-28,0.3772954712211508
2014-03-31,0.3591701040319855
2014-04-01,0.09603233316695614
2014-04-02,0.07793462823068406
2014-04-03,0.060995371782633125
2014-04-04,0.04521456382280337
2014-04-07,0.03059220435119471
2014-04-08,0.017128293367807246
2014-04-09,0.004822830872640904
2014-04-10,-0.006324183134304273
2014-04-11,-0.016312748653028317
2014-04-14,-0.02514286568353121
2014-04-15,-0.03281453422581296
2014-04-16,-0.03932775427987355
2014-04-17,-0.04468252584571301
2014-04-18,-0.0488788489233313
2014-04-21,-0.051916723512728455
2014-04-22,-0.05379614961390447
2014-04-23,-0.05451712722685932
2014-04-24,-0.054079656351593036
2014-04-25,-0.0524837369881056
2014-04-28,-0.04972936913639702
2014-04-29,-0.04581655279646729
2014-04-30,-0.04074528796831639
2014-05-01,0.055921336456291326
2014-05-02,0.062186058371341196
2014-05-05,0.06848578888506893
2014-05-06,0.07482052799747449
2014-05-07,0.08119027570855791
2014-05-08,0.08759503201831917
2014-05-09,0.09403479692675829
2014-05-12,0.10050957043387523
2014-05-13,0.10701935253967004
2014-05-14,0.11356414324414271
2014-05-15,0.1201439425472932
2014-05-16,0.12675875044912155
2014-05-19,0.13340856694962774
2014-05-20,0.1400933920488118
2014-05-21,0.14681322574667366
2014-05-22,0.1535680680432134
2014-05-23,0.160357918938431
2014-05-26,0.16718277843232643
2014-05-27,0.1740426465248997
2014-05-28,0.1809375232161508
2014-05-29,0.1878674085060798
2014-05-30,0.19483230239468663
2014-06-02,0.27718386963108893
2014-06-03,0.28353028069628133
2014-06-04,0.2888898716495108
2014-06-05,0.2932626424907774
2014-06-06,0.29664859322008097
2014-06-09,0.2990477238374216
2014-06-10,0.30046003434279933
2014-06-11,0.30088552473621416
2014-06-12,0.300324195017666
2014-06-13,0.2987760451871549
2014-06-16,0.29624107524468085
2014-06-17,0.29271928519024387
2014-06-18,0.28821067502384395
2014-06-19,0.2827152447454811
2014-06-20,0.2762329943551553
2014-06-23,0.26876392385286657
2014-06-24,0.2603080332386149
2014-06-25,0.25086532251240024
2014-06-26,0.24043579167422272
2014-06-27,0.2290194407240822
2014-06-30,0.21661626966197878
2014-07-01,0.06950593293251077
2014-07-02,0.05798410371335536
2014-07-03,0.0471660893904965
2014-07-04,0.037051889963934125
2014-07-07,0.02764150543366827
2014-07-08,0.018934935799698925
2014-07-09,0.010932181062026107
2014-07-10,0.0036332412206497907
2014-07-11,-0.002961883724430004
2014-07-14,-0.00885319377321329
2014-07-15,-0.014040688925700056
2014-07-16,-0.018524369181890314
2014-07-17,-0.022304234541784054
2014-07-18,-0.025380285005381285
2014-07-21,-0.027752520572681995
2014-07-22,-0.029420941243686192
2014-07-23,-0.030385547018393876
2014-07-24,-0.030646337896805043
2014-07-25,-0.0302033138789197
2014-07-28,-0.02905647496473784
2014-07-29,-0.027205821154259468
2014-07-30,-0.02465135244748458
2014-07-31,-0.021393068844413173
2014-08-01,0.030245945245379255
2014-08-04,0.03478239736771062
2014-08-05,0.03951586039877991
2014-08-06,0.044446334338587135
2014-08-07,0.04957381918713229
2014-08-08,0.05489831494441537
2014-08-11,0.06041982161043638
2014-08-12,0.06613833918519532
2014-08-13,0.07205386766869219
2014-08-14,0.07816640706092699
2014-08-15,0.08447595736189972
2014-08-18,0.0909825185716104
2014-08-19,0.09768609069005897
2014-08-20,0.10458667371724549
2014-08-21,0.11168426765316994
2014-08-22,0.11897887249783233
2014-08-25,0.12647048825123264
2014-08-26,0.1341591149133709
2014-08-27,0.14204475248424703
2014-08-28,0.15012740096386112
2014-08-29,0.15840706035221314
2014-09-01,0.26548392230954077
2014-09-02,0.27252752075767966
2014-09-03,0.2785233505521898
2014-09-04,0.2834714116930711
2014-09-05,0.28737170418032365
2014-09-08,0.2902242280139474
2014-09-09,0.2920289831939424
2014-09-10,0.29278596972030857
2014-09-11,0.292495187593046
2014-09-12,0.2911566368121546
2014-09-15,0.2887703173776344
2014-09-16,0.28533622928948543
2014-09-17,0.2808543725477077
2014-09-18,0.27532474715230115
2014-09-19,0.26874735310326586
2014-09-22,0.26112219040060175
2014-09-23,0.2524492590443088
2014-09-24,0.24272855903438717
2014-09-25,0.2319600903708367
2014-09-26,0.22014385305365747
2014-09-29,0.20727984708284944
2014-09-30,0.1933680724584126
2014-10-01,0.021569692529905475
2014-10-02,0.008088049034880994
2014-10-03,-0.004566109602235614
2014-10-06,-0.01639278338144439
2014-10-07,-0.02739197230274531
2014-10-08,-0.03756367636613838
2014-10-09,-0.04690789557162359
2014-10-10,-0.055424629919200954
2014-10-13,-0.06311387940887048
2014-10-14,-0.06997564404063214
2014-10-15,-0.07600992381448594
2014-10-16,-0.0812167187304319
2014-10-17,-0.08559602878847003
2014-10-20,-0.08914785398860028
2014-10-21,-0.09187219433082269
2014-10-22,-0.09376904981513726
2014-10-23,-0.09483842044154395
2014-10-24,-0.09508030621004282
2014-10-27,-0.09449470712063382
2014-10-28,-0.09308162317331697
2014-10-29,-0.09084105436809228
2014-10-30,-0.08777300070495975
2014-10-31,-0.08387746218391934
2014-11-03,-0.032735094604291914
2014-11-04,-0.02690130869521372
2014-11-05,-0.020665213762847807
2014-11-06,-0.014026809807194195
2014-11-07,-0.006986096828252866
2014-11-10,0.00045692517397618454
2014-11-11,0.008302256199492937
2014-11-12,0.016549896248297398
2014-11-13,0.025199845320389574
2014-11-14,0.03425210341576946
2014-11-17,0.04370667053443707
2014-11-18,0.05356354667639236
2014-11-19,0.0638227318416354
2014-11-20,0.07448422603016613
2014-11-21,0.08554802924198457
2014-11-24,0.09701414147709075
2014-11-25,0.10888256273548458
2014-11-26,0.12115329301716618
2014-11-27,0.13382633232213548
2014-11-28,0.14690168065039247
2014-12-01,0.2907361650880426
2014-12-02,0.30126856878410463
2014-12-03,0.31061367413140717
2014-12-04,0.3187714811299502
2014-12-05,0.3257419897797338
2014-12-08,0.33152520008075786
2014-12-09,0.3361211120330225
2014-12-10,0.3395297256365276
2014-12-11,0.34175104089127323
2014-12-12,0.34278505779725943
2014-12-15,0.3426317763544861
2014-12-16,0.3412911965629533
2014-12-17,0.33876331842266105
2014-12-18,0.33504814193360927
2014-12-19,0.33014566709579807
2014-12-22,0.32405589390922734
2014-12-23,0.31677882237389715
2014-12-24,0.3083144524898075
2014-12-25,0.29866278425695836
2014-12-26,0.2878238176753497
2014-12-29,0.27579755274498163
2014-12-30,0.262583989465854
2014-12-31,0.24818312783796692
2015-01-01,0.042730708997131744
2015-01-02,0.02749024136023981
2015-01-05,0.013306018789313687
2015-01-06,0.0001780412843534196
2015-01-07,-0.011893691154641069
2015-01-08,-0.022909178527669695
2015-01-09,-0.032868420834732515
2015-01-12,-0.04177141807582949
2015-01-13,-0.049618170250960665
2015-01-14,-0.05640867736012601
2015-01-15,-0.062142939403325534
2015-01-16,-0.06682095638055922
2015-01-19,-0.0704427282918271
2015-01-20,-0.07300825513712914
2015-01-21,-0.07451753691646537
2015-01-22,-0.07497057362983577
2015-01-23,-0.07436736527724033
2015-01-26,-0.07270791185867909
2015-01-27,-0.06999221337415201
2015-01-28,-0.06622026982365913
2015-01-29,-0.06139208120720041
2015-01-30,-0.055507647524775855
2015-02-02,0.04235112448689965
2015-02-03,0.04990251274147317
2015-02-04,0.05737054262739078
2015-02-05,0.06475521414465252
2015-02-06,0.07205652729325834
2015-02-09,0.07927448207320831
2015-02-10,0.08640907848450236
2015-02-11,0.09346031652714051
2015-02-12,0.10042819620112278
2015-02-13,0.10731271750644916
2015-02-16,0.11411388044311965
2015-02-17,0.12083168501113424
2015-02-18,0.12746613121049297
2015-02-19,0.1340172190411958
2015-02-20,0.1404849485032427
2015-02-23,0.1468693195966337
2015-02-24,0.15317033232136884
2015-02-25,0.1593879866774481
2015-02-26,0.16552228266487146
2015-02-27,0.17157322028363892
2015-03-02,0.2306451111664218
2015-03-03,0.2353382714511012
2015-03-04,0.23929951997490398
2015-03-05,0.24252885673783017
2015-03-06,0.24502628173987975
2015-03-09,0.24679179498105275
2015-03-10,0.24782539646134916
2015-03-11,0.24812708618076895
2015-03-12,0.2476968641393122
2015-03-13,0.24653473033697879
2015-03-16,0.24464068477376882
2015-03-17,0.24201472744968225
2015-03-18,0.23865685836471906
2015-03-19,0.2345670775188793
2015-03-20,0.22974538491216295
2015-03-23,0.22419178054456998
2015-03-24,0.21790626441610042
2015-03-25,0.2108888365267543
2015-03-26,0.20313949687653154
2015-03-27,0.1946582454654322
2015-03-30,0.18544508229345627
2015-03-31,0.17550000736060375
2015-04-01,0.04354323634971465
2015-04-02,0.03364091906675067
2015-04-03,0.02451327119455183
2015-04-06,0.016160292733118142
2015-04-07,0.008581983682449586
2015-04-08,0.0017783440425461847
2015-04-09,-0.004250626186592079
2015-04-10,-0.009504927004965195
2015-04-13,-0.013984558412573173
2015-04-14,-0.01768952040941601
2015-04-15,-0.020619812995493696
2015-04-16,-0.02277543617080624
2015-04-17,-0.024156389935353646
2015-04-20,-0.0247626742891359
2015-04-21,-0.024594289232153017
2015-04-22,-0.02365123476440499
2015-04-23,-0.02193351088589182
2015-04-24,-0.01944111759661351
2015-04-27,-0.016174054896570044
2015-04-28,-0.012132322785761446
2015-04-29,-0.007315921264187706
2015-04-30,-0.0017248503318488054
2015-05-01,0.12643007277028603
2015-05-04,0.13229062456119828
2015-05-05,0.13734285730739004
2015-05-06,0.14158677100886122
2015-05-07,0.14502236566561189
2015-05-08,0.14764964127764202
2015-05-11,0.14946859784495162
2015-05-12,0.15047923536754068
2015-05-13,0.1506815538454092
2015-05-14,0.1500755532785572
2015-05-15,0.14866123366698467
2015-05-18,0.1464385950106916
2015-05-19,0.14340763730967798
2015-05-20,0.13956836056394384
2015-05-21,0.1349207647734892
2015-05-22,0.12946484993831398
2015-05-25,0.12320061605841826
2015-05-26,0.11612806313380197
2015-05-27,0.10824719116446518
2015-05-28,0.09955800015040785
2015-05-29,0.09006049009162999
2015-06-01,0.01628730345167885
2015-06-02,0.006504888218518967
2015-06-03,-0.0032225599217341194
2015-06-04,-0.012895040969080396
2015-06-05,-0.02251255492351993
2015-06-08,-0.03207510178505265
2015-06-09,-0.04158268155367859
2015-06-10,-0.051035294229397746
2015-06-11,-0.06043293981221011
2015-06-12,-0.0697756183021157
2015-06-15,-0.0790633296991145
2015-06-16,-0.0882960740032065
2015-06-17,-0.09747385121439175
2015-06-18,-0.10659666133267019
2015-06-19,-0.11566450435804185
2015-06-22,-0.12467738029050673
2015-06-23,-0.1336352891300648
2015-06-24,-0.1425382308767161
2015-06-25,-0.15138620553046062
2015-06-26,-0.16017921309129834
2015-06-29,-0.1689172535592293
2015-06-30,-0.17760032693425346
2015-07-01,-0.2659815402222636
2015-07-02,-0.27327581229508263
2015-07-03,-0.27961138521434753
2015-07-06,-0.28498825898005836
2015-07-07,-0.2894064335922151
2015-07-08,-0.2928659090508177
2015-07-09,-0.29536668535586624
2015-07-10,-0.29690876250736065
2015-07-13,-0.29749214050530093
2015-07-14,-0.29711681934968714
2015-07-15,-0.29578279904051924
2015-07-16,-0.2934900795777972
2015-07-17,-0.2902386609615211
2015-07-20,-0.28602854319169085
2015-07-21,-0.2808597262683066
2015-07-22,-0.2747322101913681
2015-07-23,-0.2676459949608756
2015-07-24,-0.25960108057682896
2015-07-27,-0.2505974670392282
2015-07-28,-0.24063515434807337
2015-07-29,-0.22971414250336442
2015-07-30,-0.21783443150510134
2015-07-31,-0.2049960213532842
2015-08-03,-0.029412504459331256
2015-08-04,-0.015348164883071957
2015-08-05,-0.0023306054459599317
2015-08-06,0.009640173852004736
2015-08-07,0.020564173010822116
2015-08-10,0.03044139203049218
2015-08-11,0.03927183091101494
2015-08-12,0.04705548965239037
2015-08-13,0.0537923682546185
2015-08-14,0.059482466717699314
2015-08-17,0.06412578504163281
2015-08-18,0.06772232322641901
2015-08-19,0.07027208127205789
2015-08-20,0.07177505917854946
2015-08-21,0.07223125694589372
2015-08-24,0.07164067457409065
2015-08-25,0.0700033120631403
2015-08-26,0.06731916941304261
2015-08-27,0.06358824662379763
2015-08-28,0.058810543695405296
2015-08-31,0.05298606062786569
2015-09-01,-0.0867746300094013
2015-09-02,-0.09263441132334022
2015-09-03,-0.0977950408902896
2015-09-04,-0.10225651871024947
2015-09-07,-0.10601884478321982
2015-09-08,-0.10908201910920065
2015-09-09,-0.11144604168819196
2015-09-10,-0.11311091252019374
2015-09-11,-0.114076631605206
2015-09-14,-0.11434319894322874
2015-09-15,-0.11391061453426196
2015-09-16,-0.11277887837830566
2015-09-17,-0.11094799047535985
2015-09-18,-0.1084179508254245
2015-09-21,-0.10518875942849963
2015-09-22,-0.10126041628458525
2015-09-23,-0.09663292139368135
2015-09-24,-0.09130627475578793
2015-09-25,-0.08528047637090497
2015-09-28,-0.07855552623903252
2015-09-29,-0.07113142436017053
2015-09-30,-0.063008170734319
2015-10-01,0.02224386244335831
2015-10-02,0.03081598319294246
2015-10-05,0.039137819319269705
2015-10-06,0.04720937082234005
2015-10-07,0.05503063770215353
2015-10-08,0.06260161995871008
2015-10-09,0.06992231759200977
2015-10-12,0.07699273060205254
2015-10-13,0.08381285898883845
2015-10-14,0.09038270275236744
2015-10-15,0.09670226189263956
2015-10-16,0.10277153640965477
2015-10-19,0.10859052630341309
2015-10-20,0.11415923157391453
2015-10-21,0.11947765222115905
2015-10-22,0.12454578824514671
2015-10-23,0.12936363964587744
2015-10-26,0.13393120642335132
2015-10-27,0.13824848857756827
2015-10-28,0.14231548610852834
2015-10-29,0.14613219901623153
2015-10-30,0.14969862730067784
2015-11-02,0.14251280759465534
2015-11-03,0.1458564038632561
2015-11-04,0.14906954113635443
2015-11-05,0.15215221941395032
2015-11-06,0.15510443869604382
2015-11-09,0.15792619898263488
2015-11-10,0.16061750027372354
2015-11-11,0.16317834256930974
2015-11-12,0.16560872586939354
2015-11-13,0.1679086501739749
2015-11-16,0.17007811548305385
2015-11-17,0.17211712179663038
2015-11-18,0.17402566911470446
2015-11-19,0.17580375743727614
2015-11-20,0.17745138676434538
2015-11-23,0.17896855709591222
2015-11-24,0.18035526843197663
2015-11-25,0.18161152077253861
2015-11-26,0.18273731411759817
2015-11-27,0.18373264846715529
2015-11-30,0.18459752382121
2015-12-01,0.20628070285799427
2015-12-02,0.20660412411963752
2015-12-03,0.20658041257641982
2015-12-04,0.2062095682283411
2015-12-07,0.20549159107540144
2015-12-08,0.20442648111760076
2015-12-09,0.2030142383549391
2015-12-10,0.20125486278741642
2015-12-11,0.19914835441503279
2015-12-14,0.19669471323778814
2015-12-15,0.19389393925568252
2015-12-16,0.1907460324687159
2015-12-17,0.18725099287688832
2015-12-18,0.1834088204801997
2015-12-21,0.17921951527865015
2015-12-22,0.17468307727223958
2015-12-23,0.16979950646096803
2015-12-24,0.1645688028448355
2015-12-25,0.15899096642384197
2015-12-28,0.15306599719798747
2015-12-29,0.14679389516727195
2015-12-30,0.14017466033169546
2015-12-31,0.13320829269125795
2016-01-01,0.032171394419545626
2016-01-04,0.02501810806421416
2016-01-05,0.018721559650782857
2016-01-06,0.013281749179251765
2016-01-07,0.008698676649620842
2016-01-08,0.004972342061890112
2016-01-11,0.002102745416059565
2016-01-12,8.988671212920366e-05
2016-01-13,-0.0010662340499009697
2016-01-14,-0.0013656168700309605
2016-01-15,-0.0008082617482607652
2016-01-18,0.0006058313154096162
2016-01-19,0.002876662320980182
2016-01-20,0.006004231268450934
2016-01-21,0.009988538157821865
2016-01-22,0.014829582989092996
2016-01-25,0.0205273657622643
2016-01-26,0.027081886477335795
2016-01-27,0.034493145134307464
2016-01-28,0.04276114173317934
2016-01-29,0.051885876273951366
2016-02-01,0.07406875421062414
2016-02-02,0.0847405818335511
2016-02-03,0.09610276459673281
2016-02-04,0.10815530250016918
2016-02-05,0.12089819554386033
2016-02-08,0.13433144372780614
2016-02-09,0.14845504705200674
2016-02-10,0.16326900551646203
2016-02-11,0.17877331912117203
2016-02-12,0.19496798786613678
2016-02-15,0.21185301175135623
2016-02-16,0.22942839077683044
2016-02-17,0.24769412494255932
2016-02-18,0.26665021424854296
2016-02-19,0.2862966586947813
2016-02-22,0.30663345828127436
2016-02-23,0.3276606130080222
2016-02-24,0.34937812287502473
2016-02-25,0.37178598788228195
2016-02-26,0.3948842080297939
2016-02-29,0.4186727833175606
2016-03-01,0.7111061730531459
2016-03-02,0.7309747654146633
2016-03-03,0.7483616223555917
2016-03-04,0.7632667438759309
2016-03-07,0.7756901299756809
2016-03-08,0.7856317806548418
2016-03-09,0.7930916959134137
2016-03-10,0.7980698757513964
2016-03-11,0.8005663201687901
2016-03-14,0.8005810291655946
2016-03-15,0.79811400274181
2016-03-16,0.7931652408974363
2016-03-17,0.7857347436324735
2016-03-18,0.7758225109469216
2016-03-21,0.7634285428407805
2016-03-22,0.7485528393140505
2016-03-23,0.7311954003667313
2016-03-24,0.7113562259988229
2016-03-25,0.6890353162103254
2016-03-28,0.6642326710012388
2016-03-29,0.6369482903715632
2016-03-30,0.6071821743212984
2016-03-31,0.5749343228504445
2016-04-01,0.12853533134475054
2016-04-04,0.0931112042641393
2016-04-05,0.06030011669830665
2016-04-06,0.030102068647252733
2016-04-07,0.0025170601109774163
2016-04-08,-0.02245490891051919
2016-04-11,-0.04481383841723712
2016-04-12,-0.0645597284091764
2016-04-13,-0.08169257888633698
2016-04-14,-0.09621238984871891
2016-04-15,-0.10811916129632215
2016-04-18,-0.11741289322914675
2016-04-19,-0.12409358564719265
2016-04-20,-0.1281612385504599
2016-04-21,-0.12961585193894848
2016-04-22,-0.12845742581265837
2016-04-25,-0.12468596017158962
2016-04-26,-0.11830145501574219
2016-04-27,-0.10930391034511608
2016-04-28,-0.09769332615971127
2016-04-29,-0.08346970245952787
2016-05-02,0.07885032740019424
2016-05-03,0.09549009618484178
2016-05-04,0.1126982734125822
2016-05-05,0.13047485908341538
2016-05-06,0.14881985319734145
2016-05-09,0.16773325575436027
2016-05-10,0.18721506675447197
2016-05-11,0.20726528619767645
2016-05-12,0.22788391408397377
2016-05-13,0.2490709504133639
2016-05-16,0.2708263951858469
2016-05-17,0.2931502484014227
2016-05-18,0.3160425100600913
2016-05-19,0.3395031801618527
2016-05-20,0.36353225870670697
2016-05-23,0.3881297456946541
2016-05-24,0.41329564112569395
2016-05-25,0.43902994499982667
2016-05-26,0.46533265731705226
2016-05-27,0.49220377807737054
2016-05-30,0.5196433072807818
2016-05-31,0.5476512449272857
2016-06-01,0.657594665529745
2016-06-02,0.6857286489504736
2016-06-03,0.7134202697023341
2016-06-06,0.7406695277853262
2016-06-07,0.7674764231994503
2016-06-08,0.7938409559447062
2016-06-09,0.8197631260210937
2016-06-10,0.8452429334286131
2016-06-13,0.8702803781672644
2016-06-14,0.8948754602370474
2016-06-15,0.9190281796379622
2016-06-16,0.9427385363700088
2016-06-17,0.9660065304331873
2016-06-20,0.9888321618274974
2016-06-21,1.0112154305529395
2016-06-22,1.0331563366095136
2016-06-23,1.0546548799972189
2016-06-24,1.0757110607160563
2016-06-27,1.0963248787660254
2016-06-28,1.1164963341471266
2016-06-29,1.1362254268593595
2016-06-30,1.155512156902724
2016-07-01,1.5825173072515744
2016-07-04,1.5962137213297292
2016-07-05,1.6038648312841852
2016-07-06,1.6054706371149428
2016-07-07,1.6010311388220018
2016-07-08,1.590546336405362
2016-07-11,1.5740162298650235
2016-07-12,1.5514408192009865
2016-07-13,1.522820104413251
2016-07-14,1.4881540855018167
2016-07-15,1.447442762466684
2016-07-18,1.4006861353078524
2016-07-19,1.3478842040253223
2016-07-20,1.2890369686190934
2016-07-21,1.2241444290891663
2016-07-22,1.1532065854355402
2016-07-25,1.0762234376582156
2016-07-26,0.9931949857571925
2016-07-27,0.9041212297324707
2016-07-28,0.8090021695840501
2016-07-29,0.7078378053119312
2016-08-01,-0.3649326257132405
2016-08-02,-0.4568322170876996
2016-08-03,-0.5427443113013058
2016-08-04,-0.6226689083540595
2016-08-05,-0.6966060082459604
2016-08-08,-0.7645556109770085
2016-08-09,-0.8265177165472039
2016-08-10,-0.8824923249565466
2016-08-11,-0.9324794362050364
2016-08-12,-0.9764790502926736
2016-08-15,-1.0144911672194579
2016-08-16,-1.0465157869853896
2016-08-17,-1.0725529095904687
2016-08-18,-1.0926025350346948
2016-08-19,-1.1066646633180683
2016-08-22,-1.114739294440589
2016-08-23,-1.116826428402257
2016-08-24,-1.1129260652030721
2016-08-25,-1.1030382048430347
2016-08-26,-1.0871628473221446
2016-08-29,-1.0652999926404016
2016-08-30,-1.037449640797806
2016-08-31,-1.0036117917943574
2016-09-01,-0.29226279464189336
2016-09-02,-0.2524125319214207
2016-09-05,-0.21434759565224476
2016-09-06,-0.17806798583436556
2016-09-07,-0.14357370246778306
2016-09-08,-0.11086474555249735
2016-09-09,-0.07994111508850837
2016-09-12,-0.050802811075816176
2016-09-13,-0.023449833514420683
2016-09-14,0.0021178175956780773
2016-09-15,0.025900142254480094
2016-09-16,0.047897140461985344
2016-09-19,0.0681088122181939
2016-09-20,0.08653515752310567
2016-09-21,0.1031761763767207
2016-09-22,0.11803186877903903
2016-09-23,0.13110223473006058
2016-09-26,0.14238727422978537
2016-09-27,0.15188698727821348
2016-09-28,0.15960137387534484
2016-09-29,0.1655304340211794
2016-09-30,0.1696741677157173
2016-10-03,-0.03001042300465695
2016-10-04,-0.02674361468385432
2016-10-05,-0.022680710392311156
2016-10-06,-0.01782171013002748
2016-10-07,-0.01216661389700327
2016-10-10,-0.005715421693238548
2016-10-11,0.001531866481266693
2016-10-12,0.009575250626512453
2016-10-13,0.018414730742498733
2016-10-14,0.028050306829225533
2016-10-17,0.03848197888669286
2016-10-18,0.04970974691490071
2016-10-19,0.06173361091384906
2016-10-20,0.07455357088353795
2016-10-21,0.08816962682396734
2016-10-24,0.10258177873513728
2016-10-25,0.11779002661704771
2016-10-26,0.1337943704696987
2016-10-27,0.15059481029309016
2016-10-28,0.1681913460872222
2016-10-31,0.18658397785209468
2016-11-01,0.378791383223744
2016-11-02,0.39567840023747713
2016-11-03,0.4111359214264036
2016-11-04,0.42516394679052333
2016-11-07,0.4377624763298365
2016-11-08,0.448931510044343
2016-11-09,0.4586710479340429
2016-11-10,0.4669810899989361
2016-11-11,0.47386163623902267
2016-11-14,0.4793126866543026
2016-11-15,0.4833342412447759
2016-11-16,0.48592630001044257
2016-11-17,0.4870888629513026
2016-11-18,0.48682193006735597
2016-11-21,0.48512550135860266
2016-11-22,0.48199957682504274
2016-11-23,0.4774441564666762
2016-11-24,0.471459240283503
2016-11-25,0.4640448282755231
2016-11-28,0.4552009204427367
2016-11-29,0.44492751678514353
2016-11-30,0.43322461730274375
2016-12-01,0.2842046491553802
2016-12-02,0.2713308024064746
2016-12-05,0.25871550421587003
2016-12-06,0.24635875458356632
2016-12-07,0.23426055350956343
2016-12-08,0.22242090099386153
2016-12-09,0.2108397970364605
2016-12-12,0.1995172416373604
2016-12-13,0.18845323479656118
2016-12-14,0.17764777651406283
2016-12-15,0.1671008667898654
2016-12-16,0.15681250562396887
2016-12-19,0.14678269301637323
2016-12-20,0.13701142896707852
2016-12-21,0.12749871347608469
2016-12-22,0.11824454654339174
2016-12-23,0.10924892816899971
2016-12-26,0.10051185835290859
2016-12-27,0.09203333709511832
2016-12-28,0.083813364395629
2016-12-29,0.07585194025444056
2016-12-30,0.06814906467155302
2017-01-02,0.02775515020823357
2017-01-03,0.02097868338714947
2017-01-04,0.014870076769567924
2017-01-05,0.009429330355488935
2017-01-06,0.004656444144912479
2017-01-09,0.0005514181378385857
2017-01-10,-0.0028857476657327633
2017-01-11,-0.0056550532658015615
2017-01-12,-0.007756498662367814
2017-01-13,-0.009190083855431517
2017-01-16,-0.009955808844992671
2017-01-17,-0.010053673631051276
2017-01-18,-0.009483678213607332
2017-01-19,-0.00824582259266084
2017-01-20,-0.0063401067682118
2017-01-23,-0.003766530740260206
2017-01-24,-0.0005250945088060704
2017-01-25,0.0033842019261506127
2017-01-26,0.007961358564609859
2017-01-27,0.013206375406571635
2017-01-30,0.019119252452035967
2017-01-31,0.025699989701002866
2017-02-01,0.10843977823056403
2017-02-02,0.11609194197230277
2017-02-03,0.12342281225806385
2017-02-06,0.1304323890878473
2017-02-07,0.1371206724616531
2017-02-08,0.1434876623794813
2017-02-09,0.14953335884133181
2017-02-10,0.15525776184720472
2017-02-13,0.16066087139709997
2017-02-14,0.16574268749101756
2017-02-15,0.17050321012895756
2017-02-16,0.17494243931091988
2017-02-17,0.17906037503690456
2017-02-20,0.18285701730691162
2017-02-21,0.186332366120941
2017-02-22,0.18948642147899278
2017-02-23,0.1923191833810669
2017-02-24,0.1948306518271634
2017-02-27,0.19702082681728225
2017-02-28,0.19888970835142344
2017-03-01,0.1674141573159858
2017-03-02,0.16889120647317238
2017-03-03,0.17049957602392507
2017-03-06,0.17223926596824385
2017-03-07,0.17411027630612874
2017-03-08,0.17611260703757972
2017-03-09,0.1782462581625968
2017-03-10,0.18051122968117997
2017-03-13,0.18290752159332924
2017-03-14,0.18543513389904462
2017-03-15,0.1880940665983261
2017-03-16,0.19088431969117364
2017-03-17,0.1938058931775873
2017-03-20,0.19685878705756707
2017-03-21,0.2000430013311129
2017-03-22,0.20335853599822487
2017-03-23,0.20680539105890292
2017-03-24,0.21038356651314707
2017-03-27,0.21409306236095732
2017-03-28,0.21793387860233365
2017-03-29,0.2219060152372761
2017-03-30,0.22600947226578463
2017-03-31,0.23024424968785928
2017-04-03,0.291449556852847
2017-04-04,0.29579454592159543
2017-04-05,0.29946351157110535
2017-04-06,0.3024564538013768
2017-04-07,0.30477337261240983
2017-04-10,0.3064142680042044
2017-04-11,0.30737913997676053
2017-04-12,0.30766798853007815
2017-04-13,0.3072808136641573
2017-04-14,0.3062176153789981
2017-04-17,0.30447839367460033
2017-04-18,0.30206314855096417
2017-04-19,0.29897188000808955
2017-04-20,0.29520458804597643
2017-04-21,0.2907612726646249
2017-04-24,0.2856419338640349
2017-04-25,0.27984657164420645
2017-04-26,0.2733751860051395
2017-04-27,0.26622777694683414
2017-04-28,0.2584043444692903
2017-05-01,0.19321307579261662
2017-05-02,0.18596191012054183
2017-05-03,0.17885040999098556
2017-05-04,0.17187857540394777
2017-05-05,0.1650464063594285
2017-05-08,0.15835390285742773
2017-05-09,0.15180106489794548
2017-05-10,0.14538789248098172
2017-05-11,0.13911438560653647
2017-05-12,0.13298054427460973
2017-05-15,0.1269863684852015
2017-05-16,0.12113185823831177
2017-05-17,0.11541701353394054
2017-05-18,0.10984183437208782
2017-05-19,0.10440632075275362
2017-05-22,0.09911047267593791
2017-05-23,0.09395429014164072
2017-05-24,0.08893777314986201
2017-05-25,0.08406092170060184
2017-05-26,0.07932373579386015
2017-05-29,0.07472621542963698
2017-05-30,0.0702683606079323
2017-05-31,0.06595017132874614
2017-06-01,0.057515445974325057
2017-06-02,0.05335135956303082
2017-06-05,0.049391643374231256
2017-06-06,0.045636297407926366
2017-06-07,0.042085321664116146
2017-06-08,0.03873871614280061
2017-06-09,0.03559648084397975
2017-06-12,0.03265861576765357
2017-06-13,0.029925120913822052
2017-06-14,0.027395996282485208
2017-06-15,0.025071241873643048
2017-06-16,0.02295085768729556
2017-06-19,0.021034843723442744
2017-06-20,0.019323199982084607
2017-06-21,0.017815926463221145
2017-06-22,0.016513023166852357
2017-06-23,0.015414490092978243
2017-06-26,0.014520327241598803
2017-06-27,0.013830534612714041
2017-06-28,0.013345112206323954
2017-06-29,0.013064060022428537
2017-06-30,0.012987378061027802
2017-07-03,0.010053013921191761
2017-07-04,0.01045292205987718
2017-07-05,0.01111896968276865
2017-07-06,0.012051156789866176
2017-07-07,0.013249483381169758
2017-07-10,0.014713949456679393
2017-07-11,0.016444555016395086
2017-07-12,0.018441300060316832
2017-07-13,0.020704184588444634
2017-07-14,0.023233208600778488
2017-07-17,0.026028372097318397
2017-07-18,0.029089675078064363
2017-07-19,0.032417117543016384
2017-07-20,0.03601069949217446
2017-07-21,0.03987042092553859
2017-07-24,0.043996281843108775
2017-07-25,0.04838828224488501
2017-07-26,0.053046422130867306
2017-07-27,0.05797070150105566
2017-07-28,0.06316112035545005
2017-07-31,0.0686176786940505
2017-08-01,0.15696469028083862
2017-08-02,0.16146980503323302
2017-08-03,0.16525496261285066
2017-08-04,0.16832016301969155
2017-08-07,0.17066540625375565
2017-08-08,0.172290692315043
2017-08-09,0.17319602120355357
2017-08-10,0.1733813929192874
2017-08-11,0.17284680746224446
2017-08-14,0.17159226483242473
2017-08-15,0.16961776502982825
2017-08-16,0.16692330805445502
2017-08-17,0.16350889390630502
2017-08-18,0.15937452258537824
2017-08-21,0.15452019409167472
2017-08-22,0.14894590842519442
2017-08-23,0.14265166558593737
2017-08-24,0.13563746557390352
2017-08-25,0.12790330838909295
2017-08-28,0.1194491940315056
2017-08-29,0.11027512250114149
2017-08-30,0.10038109379800059
2017-08-31,0.08976710792208295
2017-09-01,-0.060136863766516904
2017-09-04,-0.07153194697368143
2017-09-05,-0.08190874719182138
2017-09-06,-0.09126726442093673
2017-09-07,-0.09960749866102751
2017-09-08,-0.10692944991209372
2017-09-11,-0.11323311817413532
2017-09-12,-0.11851850344715234
2017-09-13,-0.12278560573114479
2017-09-14,-0.12603442502611262
2017-09-15,-0.1282649613320559
2017-09-18,-0.1294772146489746
2017-09-19,-0.1296711849768687
2017-09-20,-0.12884687231573821
2017-09-21,-0.12700427666558314
2017-09-22,-0.12414339802640349
2017-09-25,-0.12026423639819926
2017-09-26,-0.11536679178097044
2017-09-27,-0.10945106417471705
2017-09-28,-0.10251705357943904
2017-09-29,-0.09456475999513649
2017-10-02,0.015362397875528483
2017-10-03,0.02359619771140716
2017-10-04,0.03150097429044313
2017-10-05,0.03907672761263638
2017-10-06,0.04632345767798694
2017-10-09,0.05324116448649478
2017-10-10,0.05982984803815992
2017-10-11,0.06608950833298236
2017-10-12,0.07202014537096207
2017-10-13,0.0776217591520991
2017-10-16,0.08289434967639342
2017-10-17,0.08783791694384502
2017-10-18,0.09245246095445393
2017-10-19,0.09673798170822012
2017-10-20,0.1006944792051436
2017-10-23,0.1043219534452244
2017-10-24,0.10762040442846248
2017-10-25,0.11058983215485785
2017-10-26,0.11323023662441051
2017-10-27,0.11554161783712047
2017-10-30,0.11752397579298772
2017-10-31,0.11917731049201227
2017-11-01,0.04493848609592658
2017-11-02,0.04687244677615103
2017-11-03,0.04941605669441808
2017-11-06,0.05256931585072773
2017-11-07,0.05633222424508
2017-11-08,0.060704781877474856
2017-11-09,0.06568698874791233
2017-11-10,0.07127884485639241
2017-11-13,0.07748035020291509
2017-11-14,0.08429150478748038
2017-11-15,0.09171230861008826
2017-11-16,0.09974276167073876
2017-11-17,0.10838286396943186
2017-11-20,0.11763261550616758
2017-11-21,0.12749201628094586
2017-11-22,0.1379610662937668
2017-11-23,0.1490397655446303
2017-11-24,0.16072811403353643
2017-11-27,0.17302611176048516
2017-11-28,0.18593375872547652
2017-11-29,0.1994510549285104
2017-11-30,0.21357800036958702
2017-12-01,0.4364546293854133
2017-12-04,0.4497287066768583
2017-12-05,0.4608385239768616
2017-12-06,0.4697840812854231
2017-12-07,0.4765653786025429
2017-12-08,0.481182415928221
2017-12-11,0.4836351932624573
2017-12-12,0.4839237106052519
2017-12-13,0.48204796795660476
2017-12-14,0.4780079653165159
2017-12-15,0.4718037026849853
2017-12-18,0.46343518006201295
2017-12-19,0.45290239744759886
2017-12-20,0.44020535484174306
2017-12-21,0.42534405224444555
2017-12-22,0.4083184896557063
2017-12-25,0.3891286670755253
2017-12-26,0.3677745845039025
2017-12-27,0.3442562419408381
2017-12-28,0.3185736393863318
2017-12-29,0.29072677684038395
2018-01-01,-0.049181487403429286
2018-01-02,-0.0748501110461546
2018-01-03,-0.09878589862355378
2018-01-04,-0.12098885013562685
2018-01-05,-0.14145896558237378
2018-01-08,-0.1601962449637946
2018-01-09,-0.17720068827988927
2018-01-10,-0.19247229553065784
2018-01-11,-0.20601106671610028
2018-01-12,-0.21781700183621658
2018-01-15,-0.22789010089100678
2018-01-16,-0.23623036388047083
2018-01-17,-0.24283779080460877
2018-01-18,-0.24771238166342058
2018-01-19,-0.25085413645690624
2018-01-22,-0.25226305518506587
2018-01-23,-0.25193913784789923
2018-01-24,-0.24988238444540659
2018-01-25,-0.24609279497758776
2018-01-26,-0.24057036944444282
2018-01-29,-0.23331510784597176
2018-01-30,-0.22432701018217457
2018-01-31,-0.21360607645305124
2018-02-01,-0.04932441635176554
2018-02-02,-0.03497858535617204
2018-02-05,-0.02060875862860191
2018-02-06,-0.006214936169055149
2018-02-07,0.008202882022468258
2018-02-08,0.02264469594596831
2018-02-09,0.037110505601444986
2018-02-12,0.05160031098889831
2018-02-13,0.06611411210832827
2018-02-14,0.08065190895973486
2018-02-15,0.0952137015431181
2018-02-16,0.10979948985847796
2018-02-19,0.12440927390581448
2018-02-20,0.13904305368512765
2018-02-21,0.15370082919641742
2018-02-22,0.16838260043968384
2018-02-23,0.1830883674149269
2018-02-26,0.1978181301221466
2018-02-27,0.21257188856134296
2018-02-28,0.2273496427325159
2018-03-01,0.369625353825531
2018-03-02,0.3815094273455042
2018-03-05,0.39182143810986003
2018-03-06,0.40056138611859843
2018-03-07,0.40772927137171955
2018-03-08,0.4133250938692232
2018-03-09,0.4173488536111095
2018-03-12,0.4198005505973785
2018-03-13,0.42068018482803005
2018-03-14,0.41998775630306423
2018-03-15,0.417723265022481
2018-03-16,0.4138867109862805
2018-03-19,0.40847809419446257
2018-03-20,0.40149741464702726
2018-03-21,0.3929446723439746
2018-03-22,0.38281986728530454
2018-03-23,0.3711229994710171
2018-03-26,0.3578540689011124
2018-03-27,0.34301307557559013
2018-03-28,0.3266000194944506
2018-03-29,0.3086149006576937
2018-03-30,0.2890577190653194
2018-04-02,-0.040906173974027085
2018-04-03,-0.06056274754726511
2018-04-04,-0.07774049585298806
2018-04-05,-0.09243941889119585
2018-04-06,-0.10465951666188855
2018-04-09,-0.11440078916506612
2018-04-10,-0.12166323640072857
2018-04-11,-0.1264468583688759
2018-04-12,-0.12875165506950811
2018-04-13,-0.12857762650262522
2018-04-16,-0.12592477266822716
2018-04-17,-0.12079309356631401
2018-04-18,-0.11318258919688576
2018-04-19,-0.10309325955994235
2018-04-20,-0.09052510465548386
2018-04-23,-0.07547812448351021
2018-04-24,-0.05795231904402148
2018-04-25,-0.03794768833701759
2018-04-26,-0.015464232362498637
2018-04-27,0.009498048879535523
2018-04-30,0.036939155389084724
2018-05-01,0.4119312884782456
2018-05-02,0.4373791171903348
2018-05-03,0.46095657603545437
2018-05-04,0.48266366501360436
2018-05-07,0.5025003841247847
2018-05-08,0.5204667333689955
2018-05-09,0.5365627127462367
2018-05-10,0.5507883222565084
2018-05-11,0.5631435618998104
2018-05-14,0.5736284316761429
2018-05-15,0.5822429315855057
2018-05-16,0.5889870616278989
2018-05-17,0.5938608218033226
2018-05-18,0.5968642121117766
2018-05-21,0.5979972325532612
2018-05-22,0.597259883127776
2018-05-23,0.5946521638353214
2018-05-24,0.590174074675897
2018-05-25,0.5838256156495032
2018-05-28,0.5756067867561397
2018-05-29,0.5655175879958066
2018-05-30,0.553558019368504
2018-05-31,0.5397280808742317
2018-06-01,0.28792634042201387
2018-06-04,0.27169569073506256
2018-06-05,0.256429967185377
2018-06-06,0.2421291697729574
2018-06-07,0.22879329849780367
2018-06-08,0.2164223533599158
2018-06-11,0.2050163343592938
2018-06-12,0.19457524149593772
2018-06-13,0.1850990747698475
2018-06-14,0.17658783418102314
2018-06-15,0.16904151972946468
2018-06-18,0.1624601314151721
2018-06-19,0.15684366923814538
2018-06-20,0.15219213319838454
2018-06-21,0.1485055232958896
2018-06-22,0.14578383953066051
2018-06-25,0.14402708190269733
2018-06-26,0.143235250412
2018-06-27,0.14340834505856856
2018-06-28,0.14454636584240302
2018-06-29,0.14664931276350332
2018-07-02,0.27385372408837455
2018-07-03,0.27611823517150913
2018-07-04,0.27771883305479245
2018-07-05,0.2786555177382244
2018-07-06,0.27892828922180507
2018-07-09,0.27853714750553443
2018-07-10,0.2774820925894124
2018-07-11,0.27576312447343915
2018-07-12,0.27338024315761456
2018-07-13,0.27033344864193865
2018-07-16,0.2666227409264114
2018-07-17,0.2622481200110329
2018-07-18,0.25720958589580306
2018-07-19,0.25150713858072193
2018-07-20,0.24514077806578943
2018-07-23,0.23811050435100564
2018-07-24,0.23041631743637056
2018-07-25,0.22205821732188416
2018-07-26,0.21303620400754641
2018-07-27,0.20335027749335738
2018-07-30,0.19300043777931705
2018-07-31,0.18198668486542535
2018-08-01,0.015509584461721983
2018-08-02,0.005494282552628533
2018-08-03,-0.003366379765456392
2018-08-06,-0.011072402492532808
2018-08-07,-0.01762378562860068
2018-08-08,-0.023020529173660036
2018-08-09,-0.027262633127710864
2018-08-10,-0.030350097490753174
2018-08-13,-0.03228292226278695
2018-08-14,-0.03306110744381221
2018-08-15,-0.03268465303382894
2018-08-16,-0.031153559032837144
2018-08-17,-0.028467825440836828
2018-08-20,-0.024627452257827975
2018-08-21,-0.01963243948381061
2018-08-22,-0.013482787118784725
2018-08-23,-0.006178495162750309
2018-08-24,0.0022804363842926466
2018-08-27,0.011894007522344107
2018-08-28,0.022662218251404093
2018-08-29,0.03458506857147259
2018-08-30,0.047662558482549675
2018-08-31,0.061894687984635224
2018-09-03,0.2874057229717578
2018-09-04,0.30348604165132287
2018-09-05,0.3179518945533947
2018-09-06,0.33080328167797335
2018-09-07,0.3420402030250589
2018-09-10,0.3516626585946512
2018-09-11,0.35967064838675034
2018-09-12,0.3660641724013563
2018-09-13,0.3708432306384691
2018-09-14,0.37400782309808867
2018-09-17,0.3755579497802151
2018-09-18,0.3754936106848484
2018-09-19,0.37381480581198845
2018-09-20,0.37052153516163533
2018-09-21,0.3656137987337891
2018-09-24,0.35909159652844963
2018-09-25,0.350954928545617
2018-09-26,0.34120379478529117
2018-09-27,0.32983819524747215
2018-09-28,0.31685812993216
2018-10-01,0.10156841186513842
2018-10-02,0.08994893605833654
2018-10-03,0.07940088104717218
2018-10-04,0.06992424683164535
2018-10-05,0.061519033411756074
2018-10-08,0.05418524078750431
2018-10-09,0.047922868958890086
2018-10-10,0.042731917925913396
2018-10-11,0.03861238768857424
2018-10-12,0.03556427824687261
2018-10-15,0.03358758960080852
2018-10-16,0.032682321750381965
2018-10-17,0.03284847469559294
2018-10-18,0.03408604843644145
2018-10-19,0.0363950429729275
2018-10-22,0.03977545830505107
2018-10-23,0.044227294432812175
2018-10-24,0.04975055135621083
2018-10-25,0.056345229075247
2018-10-26,0.06401132758992072
2018-10-29,0.07274884690023194
2018-10-30,0.08255778700618073
2018-10-31,0.09343814790776704
2018-11-01,0.29173815883831244
2018-11-02,0.3030929354167877
2018-11-05,0.3133074440720952
2018-11-06,0.3223816848042349
2018-11-07,0.33031565761320675
2018-11-08,0.3371093624990108
2018-11-09,0.342762799461647
2018-11-12,0.3472759685011154
2018-11-13,0.35064886961741604
2018-11-14,0.3528815028105488
2018-11-15,0.3539738680805138
2018-11-16,0.353925965427311
2018-11-19,0.3527377948509403
2018-11-20,0.35040935635140186
2018-11-21,0.34694064992869555
2018-11-22,0.34233167558282146
2018-11-23,0.33658243331377957
2018-11-26,0.32969292312156984
2018-11-27,0.3216631450061923
2018-11-28,0.31249309896764693
2018-11-29,0.30218278500593376
2018-11-30,0.2907322031210528
2018-12-03,0.12937925366054817
2018-12-04,0.11696162252636874
2018-12-05,0.10531677434263234
2018-12-06,0.09444470910933908
2018-12-07,0.0843454268264889
2018-12-10,0.07501892749408182
2018-12-11,0.06646521111211781
2018-12-12,0.0586842776805969
2018-12-13,0.05167612719951908
2018-12-14,0.04544075966888435
2018-12-17,0.03997817508869271
2018-12-18,0.03528837345894416
2018-12-19,0.0313713547796387
2018-12-20,0.02822711905077633
2018-12-21,0.025855666272357053
2018-12-24,0.02425699644438086
2018-12-25,0.023431109566847762
2018-12-26,0.02337800563975776
2018-12-27,0.024097684663110845
2018-12-28,0.02559014663690702
2018-12-31,0.027855391561146275
2019-01-01,0.08762687692462022
2019-01-02,0.09039851487194077
2019-01-03,0.09316793922882839
2019-01-04,0.09593514999528312
2019-01-07,0.09870014717130493
2019-01-08,0.10146293075689383
2019-01-09,0.10422350075204982
2019-01-10,0.1069818571567729
2019-01-11,0.10973799997106307
2019-01-14,0.11249192919492033
2019-01-15,0.11524364482834468
2019-01-16,0.11799314687133612
2019-01-17,0.12074043532389465
2019-01-18,0.12348551018602028
2019-01-21,0.12622837145771298
2019-01-22,0.1289690191389728
2019-01-23,0.13170745322979965
2019-01-24,0.13444367373019367
2019-01-25,0.13717768064015473
2019-01-28,0.1399094739596829
2019-01-29,0.1426390536887781
2019-01-30,0.14536641982744047
2019-01-31,0.1480915723756699
2019-02-01,0.04363311858385127
2019-02-04,0.04837639037348798
2019-02-05,0.054731554151295436
2019-02-06,0.06269860991727363
2019-02-07,0.07227755767142256
2019-02-08,0.08346839741374223
2019-02-11,0.09627112914423264
2019-02-12,0.11068575286289375
2019-02-13,0.12671226856972562
2019-02-14,0.14435067626472822
2019-02-15,0.16360097594790157
2019-02-18,0.1844631676192456
2019-02-19,0.20693725127876042
2019-02-20,0.231023226926446
2019-02-21,0.25672109456230224
2019-02-22,0.2840308541863293
2019-02-25,0.3129525057985269
2019-02-26,0.34348604939889543
2019-02-27,0.37563148498743465
2019-02-28,0.40938881256414456
2019-03-01,0.7798782544526657
2019-03-04,0.8104436137024881
2019-03-05,0.8378893611879609
2019-03-06,0.862215496909084
2019-03-07,0.8834220208658574
2019-03-08,0.9015089330582813
2019-03-11,0.9164762334863554
2019-03-12,0.92832392215008
2019-03-13,0.9370519990494548
2019-03-14,0.94266046418448
2019-03-15,0.9451493175551556
2019-03-18,0.9445185591614815
2019-03-19,0.9407681890034578
2019-03-20,0.9338982070810844
2019-03-21,0.9239086133943614
2019-03-22,0.9107994079432887
2019-03-25,0.8945705907278664
2019-03-26,0.8752221617480944
2019-03-27,0.8527541210039729
2019-03-28,0.8271664684955015
2019-03-29,0.7984592042226806
2019-04-01,0.41810058096326375
2019-04-02,0.389217071245357
2019-04-03,0.36183025166320615
2019-04-04,0.33594012221681135
2019-04-05,0.3115466829061726
2019-04-08,0.2886499337312899
2019-04-09,0.2672498746921631
2019-04-10,0.2473465057887924
2019-04-11,0.22893982702117768
2019-04-12,0.21202983838931902
2019-04-15,0.19661653989321634
2019-04-16,0.1826999315328697
2019-04-17,0.17028001330827905
2019-04-18,0.15935678521944444
2019-04-19,0.14993024726636583
2019-04-22,0.14200039944904325
2019-04-23,0.13556724176747667
2019-04-24,0.13063077422166613
2019-04-25,0.12719099681161158
2019-04-26,0.12524790953731305
2019-04-29,0.12480151239877055
2019-04-30,0.12585180539598406
2019-05-01,0.29969244436741227
2019-05-02,0.3015506724088797
2019-05-03,0.30283088375593087
2019-05-06,0.3035330784085656
2019-05-07,0.3036572563667839
2019-05-08,0.3032034176305859
2019-05-09,0.30217156219997143
2019-05-10,0.3005616900749406
2019-05-13,0.2983738012554934
2019-05-14,0.29560789574162977
2019-05-15,0.29226397353334976
2019-05-16,0.2883420346306534
2019-05-17,0.28384207903354064
2019-05-20,0.27876410674201146
2019-05-21,0.27310811775606586
2019-05-22,0.26687411207570394
2019-05-23,0.2600620897009256
2019-05-24,0.25267205063173087
2019-05-27,0.24470399486811978
2019-05-28,0.23615792241009229
2019-05-29,0.2270338332576484
2019-05-30,0.2173317274107881
2019-05-31,0.20705160486951144
2019-06-03,0.078990573843501
2019-06-04,0.06748902292905545
2019-06-05,0.05697278122121142
2019-06-06,0.04744184871996882
2019-06-07,0.03889622542532772
2019-06-10,0.031335911337288073
2019-06-11,0.024760906455849906
2019-06-12,0.019171210781013227
2019-06-13,0.014566824312778014
2019-06-14,0.01094774705114428
2019-06-17,0.008313978996112015
2019-06-18,0.006665520147681233
2019-06-19,0.006002370505851923
2019-06-20,0.006324530070624092
2019-06-21,0.007631998841997729
2019-06-24,0.00992477681997285
2019-06-25,0.013202864004549439
2019-06-26,0.01746626039572751
2019-06-27,0.02271496599350705
2019-06-28,0.028948980797888067
2019-07-01,0.12722054686624623
2019-07-02,0.1332027653136227
2019-07-03,0.13888952915534744
2019-07-04,0.14428083839142045
2019-07-05,0.14937669302184167
2019-07-08,0.15417709304661115
2019-07-09,0.15868203846572887
2019-07-10,0.1628915292791948
2019-07-11,0.166805565487009
2019-07-12,0.17042414708917145
2019-07-15,0.17374727408568214
2019-07-16,0.17677494647654107
2019-07-17,0.17950716426174823
2019-07-18,0.18194392744130367
2019-07-19,0.18408523601520732
2019-07-22,0.18593108998345922
2019-07-23,0.18748148934605935
2019-07-24,0.18873643410300775
2019-07-25,0.18969592425430437
2019-07-26,0.19035995979994924
2019-07-29,0.19072854073994236
2019-07-30,0.19080166707428373
2019-07-31,0.1905793388029733
2019-08-01,0.16991789905292584
2019-08-02,0.16930368473702082
2019-08-05,0.16861657456748932
2019-08-06,0.16785656854433142
2019-08-07,0.1670236666675471
2019-08-08,0.16611786893713631
2019-08-09,0.16513917535309913
2019-08-12,0.1640875859154355
2019-08-13,0.16296310062414546
2019-08-14,0.16176571947922896
2019-08-15,0.16049544248068606
2019-08-16,0.15915226962851672
2019-08-19,0.15773620092272095
2019-08-20,0.15624723636329876
2019-08-21,0.15468537595025014
2019-08-22,0.15305061968357508
2019-08-23,0.1513429675632736
2019-08-26,0.14956241958934569
2019-08-27,0.14770897576179134
2019-08-28,0.14578263608061057
2019-08-29,0.14378340054580338
2019-08-30,0.14171126915736973
2019-09-02,0.16320077778846306
2019-09-03,0.16055060106246546
2019-09-04,0.15749741900691416
2019-09-05,0.15404123162180913
2019-09-06,0.15018203890715037
2019-09-09,0.1459198408629379
2019-09-10,0.1412546374891717
2019-09-11,0.1361864287858518
2019-09-12,0.13071521475297815
2019-09-13,0.1248409953905508
2019-09-16,0.11856377069856971
2019-09-17,0.1118835406770349
2019-09-18,0.10480030532594639
2019-09-19,0.09731406464530415
2019-09-20,0.08942481863510819
2019-09-23,0.0811325672953585
2019-09-24,0.0724373106260551
2019-09-25,0.06333904862719797
2019-09-26,0.053837781298787135
2019-09-27,0.04393350864082256
2019-09-30,0.03362623065330428
2019-10-01,-0.09953842282856575
2019-10-02,-0.10825639636052668
2019-10-03,-0.11591338909146974
2019-10-04,-0.12250940102139496
2019-10-07,-0.1280444321503023
2019-10-08,-0.1325184824781918
2019-10-09,-0.1359315520050634
2019-10-10,-0.1382836407309172
2019-10-11,-0.1395747486557531
2019-10-14,-0.13980487577957112
2019-10-15,-0.1389740221023713
2019-10-16,-0.13708218762415364
2019-10-17,-0.1341293723449181
2019-10-18,-0.1301155762646647
2019-10-21,-0.1250407993833934
2019-10-22,-0.11890504170110429
2019-10-23,-0.11170830321779732
2019-10-24,-0.10345058393347245
2019-10-25,-0.09413188384812975
2019-10-28,-0.08375220296176919
2019-10-29,-0.07231154127439078
2019-10-30,-0.05980989878599445
2019-10-31,-0.04624727549658032
2019-11-01,0.021989935275502692
2019-11-04,0.03855784173648888
2019-11-05,0.055677326368940544
2019-11-06,0.0733483891728576
2019-11-07,0.09157103014824013
2019-11-08,0.11034524929508809
2019-11-11,0.12967104661340145
2019-11-12,0.14954842210318028
2019-11-13,0.1699773757644245
2019-11-14,0.19095790759713419
2019-11-15,0.2124900176013093
2019-11-18,0.2345737057769499
2019-11-19,0.2572089721240558
2019-11-20,0.28039581664262725
2019-11-21,0.30413423933266415
2019-11-22,0.3284242401941664
2019-11-25,0.3532658192271342
2019-11-26,0.3786589764315673
2019-11-27,0.4046037118074659
2019-11-28,0.43110002535482994
2019-11-29,0.4581479170736593
2019-12-02,0.8164385607163513
2019-12-03,0.8391702251669498
2019-12-04,0.8582886055365017
2019-12-05,0.8737937018250067
2019-12-06,0.8856855140324652
2019-12-09,0.8939640421588769
2019-12-10,0.8986292862042421
2019-12-11,0.8996812461685605
2019-12-12,0.8971199220518322
2019-12-13,0.8909453138540573
2019-12-16,0.8811574215752358
2019-12-17,0.8677562452153675
2019-12-18,0.8507417847744526
2019-12-19,0.830114040252491
2019-12-20,0.8058730116494828
2019-12-23,0.7780186989654277
2019-12-24,0.7465511022003262
2019-12-25,0.711470221354178
2019-12-26,0.672776056426983
2019-12-27,0.6304686074187414
2019-12-30,0.5845478743294531
2019-12-31,0.5350138571591181
2020-01-01,-0.07218502042658259
2020-01-02,-0.12001773326868626
2020-01-03,-0.16484660992983274
2020-01-06,-0.20667165041002222
2020-01-07,-0.24549285470925458
2020-01-08,-0.28131022282752993
2020-01-09,-0.3141237547648481
2020-01-10,-0.3439334505212093
2020-01-13,-0.3707393100966134
2020-01-14,-0.3945413334910604
2020-01-15,-0.4153395207045503
2020-01-16,-0.4331338717370832
2020-01-17,-0.44792438658865896
2020-01-20,-0.4597110652592777
2020-01-21,-0.46849390774893934
2020-01-22,-0.4742729140576439
2020-01-23,-0.47704808418539135
2020-01-24,-0.47681941813218176
2020-01-27,-0.4735869158980151
2020-01-28,-0.4673505774828914
2020-01-29,-0.4581104028868106
2020-01-30,-0.4458663921097727
2020-01-31,-0.4306185451517777
2020-02-03,-0.12553079604372153
2020-02-04,-0.10485909886715163
2020-02-05,-0.08450514012380671
2020-02-06,-0.06446891981368677
2020-02-07,-0.0447504379367918
2020-02-10,-0.025349694493121744
2020-02-11,-0.006266689482676682
2020-02-12,0.012498577094543405
2020-02-13,0.03094610523853853
2020-02-14,0.049075894949308696
2020-02-17,0.06688794622685391
2020-02-18,0.08438225907117414
2020-02-19,0.10155883348226943
2020-02-20,0.11841766946013975
2020-02-21,0.13495876700478507
2020-02-24,0.15118212611620546
2020-02-25,0.16708774679440086
2020-02-26,0.18267562903937135
2020-02-27,0.19794577285111686
2020-02-28,0.21289817822963736
2020-03-02,0.33116709707613345
2020-03-03,0.3429132146624384
2020-03-04,0.3531012071575068
2020-03-05,0.3617310745613388
2020-03-06,0.36880281687393424
2020-03-09,0.3743164340952932
2020-03-10,0.37827192622541567
2020-03-11,0.3806692932643016
2020-03-12,0.3815085352119511
2020-03-13,0.38078965206836407
2020-03-16,0.37851264383354055
2020-03-17,0.37467751050748055
2020-03-18,0.36928425209018406
2020-03-19,0.3623328685816511
2020-03-20,0.35382335998188164
2020-03-23,0.34375572629087564
2020-03-24,0.33212996750863316
2020-03-25,0.3189460836351542
2020-03-26,0.30420407467043875
2020-03-27,0.2879039406144868
2020-03-30,0.27004568146729835
2020-03-31,0.2506292972288734
2020-04-01,-0.028523926634652266
2020-04-02,-0.04784937205512953
2020-04-03,-0.0655257535664226
2020-04-06,-0.08155307116853147
2020-04-07,-0.0959313248614562
2020-04-08,-0.1086605146451967
2020-04-09,-0.11974064051975304
2020-04-10,-0.12917170248512522
2020-04-13,-0.13695370054131317
2020-04-14,-0.14308663468831698
2020-04-15,-0.1475705049261366
2020-04-16,-0.15040531125477202
2020-04-17,-0.15159105367422326
2020-04-20,-0.15112773218449035
2020-04-21,-0.14901534678557327
2020-04-22,-0.14525389747747194
2020-04-23,-0.1398433842601865
2020-04-24,-0.13278380713371685
2020-04-27,-0.12407516609806299
2020-04-28,-0.11371746115322498
2020-04-29,-0.1017106922992028
2020-04-30,-0.08805485953599639
2020-05-01,-0.46085437815802455
2020-05-04,-0.4377131523964759
2020-05-05,-0.4074644021492162
2020-05-06,-0.3701081274162457
2020-05-07,-0.32564432819756417
2020-05-08,-0.2740730044931718
2020-05-11,-0.2153941563030684
2020-05-12,-0.14960778362725413
2020-05-13,-0.07671388646572891
2020-05-14,0.0032875351815072895
2020-05-15,0.09039648131445438
2020-05-18,0.18461295193311253
2020-05-19,0.2859369470374814
2020-05-20,0.39436846662756153
2020-05-21,0.5099075107033523
2020-05-22,0.6325540792648542
2020-05-25,0.7623081723120668
2020-05-26,0.8991697898449906
2020-05-27,1.043138931863625
2020-05-28,1.1942155983679708
2020-05-29,1.352399789358027
2020-06-01,3.2235245416512264
2020-06-02,3.3665406221223413
2020-06-03,3.494794327383156
2020-06-04,3.6082856574336706
2020-06-05,3.7070146122738854
2020-06-08,3.7909811919038003
2020-06-09,3.8601853963234154
2020-06-10,3.9146272255327306
2020-06-11,3.9543066795317463
2020-06-12,3.9792237583204617
2020-06-15,3.9893784618988772
2020-06-16,3.984770790266993
2020-06-17,3.9654007434248086
2020-06-18,3.9312683213723245
2020-06-19,3.882373524109541
2020-06-22,3.818716351636457
2020-06-23,3.7402968039530733
2020-06-24,3.6471148810593896
2020-06-25,3.539170582955406
2020-06-26,3.4164639096411227
2020-06-29,3.27899486111654
2020-06-30,3.1267634373816566
2020-07-01,1.1258821676230242
2020-07-02,0.9735256341588132
2020-07-03,0.8285457662214362
2020-07-06,0.6909425638108933
2020-07-07,0.560716026927184
2020-07-08,0.4378661555703088
2020-07-09,0.3223929497402675
2020-07-10,0.2142964094370598
2020-07-13,0.11357653466068618
2020-07-14,0.020233325411146225
2020-07-15,-0.06573321831155973
2020-07-16,-0.14432309650743194
2020-07-17,-0.2155363091764702
2020-07-20,-0.2793728563186748
2020-07-21,-0.33583273793404533
2020-07-22,-0.384915954022582
2020-07-23,-0.42662250458428486
2020-07-24,-0.46095238961915397
2020-07-27,-0.48790560912718905
2020-07-28,-0.5074821631083903
2020-07-29,-0.5196820515627578
2020-07-30,-0.5245052744902916
2020-07-31,-0.5219518318909913
2020-08-03,0.14195229823809302
2020-08-04,0.1527687501292614
2020-08-05,0.16352582120202275
2020-08-06,0.17422351145637704
2020-08-07,0.18486182089232428
2020-08-10,0.19544074950986448
2020-08-11,0.20596029730899765
2020-08-12,0.21642046428972375
2020-08-13,0.2268212504520428
2020-08-14,0.2371626557959548
2020-08-17,0.24744468032145978
2020-08-18,0.2576673240285577
2020-08-19,0.26783058691724854
2020-08-20,0.2779344689875324
2020-08-21,0.28797897023940916
2020-08-24,0.2979640906728789
2020-08-25,0.30788983028794153
2020-08-26,0.3177561890845972
2020-08-27,0.3275631670628457
2020-08-28,0.33731076422268724
2020-08-31,0.34699898056412176
2020-09-01,0.47868415643135453
2020-09-02,0.4863022769805624
2020-09-03,0.4923473568979065
2020-09-04,0.49681939618338683
2020-09-07,0.49971839483700337
2020-09-08,0.5010443528587561
2020-09-09,0.5007972702486452
2020-09-10,0.49897714700667045
2020-09-11,0.4955839831328319
2020-09-14,0.49061777862712963
2020-09-15,0.4840785334895636
2020-09-16,0.4759662477201338
2020-09-17,0.4662809213188402
2020-09-18,0.45502255428568283
2020-09-21,0.44219114662066167
2020-09-22,0.42778669832377675
2020-09-23,0.4118092093950281
2020-09-24,0.39425867983441565
2020-09-25,0.3751351096419394
2020-09-28,0.3544384988175995
2020-09-29,0.33216884736139574
2020-09-30,0.3083261552733282
2020-10-01,0.008710800049832615
2020-10-02,-0.014871766811234935
2020-10-05,-0.03662116781343876
2020-10-06,-0.05653740295677882
2020-10-07,-0.07462047224125519
2020-10-08,-0.09087037566686779
2020-10-09,-0.10528711323361666
2020-10-12,-0.11787068494150177
2020-10-13,-0.12862109079052317
2020-10-14,-0.13753833078068084
2020-10-15,-0.14462240491197476
2020-10-16,-0.14987331318440494
2020-10-19,-0.15329105559797138
2020-10-20,-0.15487563215267408
2020-10-21,-0.15462704284851303
2020-10-22,-0.15254528768548828
2020-10-23,-0.1486303666635998
2020-10-26,-0.14288227978284757
2020-10-27,-0.13530102704323155
2020-10-28,-0.12588660844475186
2020-10-29,-0.11463902398740843
2020-10-30,-0.1015582736712012
2020-11-02,0.09314638973502404
2020-11-03,0.10833595872620813
2020-11-04,0.12309099404897828
2020-11-05,0.13741149570333436
2020-11-06,0.1512974636892765
2020-11-09,0.16474889800680462
2020-11-10,0.17776579865591877
2020-11-11,0.19034816563661885
2020-11-12,0.202495998948905
2020-11-13,0.21420929859277713
2020-11-16,0.22548806456823525
2020-11-17,0.2363322968752794
2020-11-18,0.24674199551390952
2020-11-19,0.25671716048412563
2020-11-20,0.2662577917859278
2020-11-23,0.2753638894193159
2020-11-24,0.28403545338429004
2020-11-25,0.29227248368085024
2020-11-26,0.3000749803089964
2020-11-27,0.30744294326872845
2020-11-30,0.3143763725600466
2020-12-01,0.23958192109266307
2020-12-02,0.24607416108501595
2020-12-03,0.2531248668053311
2020-12-04,0.2607340382536083
2020-12-07,0.2689016754298478
2020-12-08,0.2776277783340494
2020-12-09,0.28691234696621315
2020-12-10,0.29675538132633905
2020-12-11,0.3071568814144272
2020-12-14,0.3181168472304775
2020-12-15,0.32963527877448995
2020-12-16,0.3417121760464646
2020-12-17,0.35434753904640137
2020-12-18,0.3675413677743004
2020-12-21,0.38129366223016153
2020-12-22,0.39560442241398486
2020-12-23,0.4104736483257703
2020-12-24,0.42590133996551804
2020-12-25,0.44188749733322785
2020-12-28,0.45843212042889986
2020-12-29,0.475535209252534
2020-12-30,0.49319676380413036
2020-12-31,0.511416784083689
2021-01-01,0.7669726483118465
2021-01-04,0.7849931318235347
2021-01-05,0.8004671856005788
2021-01-06,0.813394809642979
2021-01-07,0.8237760039507352
2021-01-08,0.8316107685238474
2021-01-11,0.8368991033623157
2021-01-12,0.8396410084661399
2021-01-13,0.8398364838353201
2021-01-14,0.8374855294698562
2021-01-15,0.8325881453697485
2021-01-18,0.8251443315349967
2021-01-19,0.8151540879656008
2021-01-20,0.802617414661561
2021-01-21,0.7875343116228772
2021-01-22,0.7699047788495494
2021-01-25,0.7497288163415777
2021-01-26,0.7270064240989619
2021-01-27,0.7017376021217021
2021-01-28,0.6739223504097983
2021-01-29,0.6435606689632506
2021-02-01,0.2547010513336452
2021-02-02,0.22267972441487235
2021-02-03,0.1931905873175781
2021-02-04,0.1662336400417624
2021-02-05,0.14180888258742522
2021-02-08,0.11991631495456659
2021-02-09,0.10055593714318656
2021-02-10,0.08372774915328504
2021-02-11,0.0694317509848621
2021-02-12,0.057667942637917705
2021-02-15,0.048436324112451856
2021-02-16,0.041736895408464564
2021-02-17,0.03756965652595583
2021-02-18,0.03593460746492565
2021-02-19,0.03683174822537401
2021-02-22,0.04026107880730094
2021-02-23,0.0462225992107064
2021-02-24,0.05471630943559044
2021-02-25,0.06574220948195302
2021-02-26,0.07930029934979416
2021-03-01,0.5008296206011629
2021-03-02,0.5121155115150429
2021-03-03,0.5206957457868726
2021-03-04,0.5265703234166521
2021-03-05,0.5297392444043814
2021-03-08,0.5302025087500604
2021-03-09,0.5279601164536891
2021-03-10,0.5230120675152676
2021-03-11,0.5153583619347961
2021-03-12,0.5049989997122741
2021-03-15,0.49193398084770207
2021-03-16,0.47616330534107976
2021-03-17,0.4576869731924072
2021-03-18,0.4365049844016844
2021-03-19,0.4126173389689114
2021-03-22,0.3860240368940882
2021-03-23,0.3567250781772147
2021-03-24,0.324720462818291
2021-03-25,0.2900101908173171
2021-03-26,0.252594262174293
2021-03-29,0.21247267688921861
2021-03-30,0.16964543496209394
2021-03-31,0.12411253639291914
2021-04-01,-0.47224276375057755
2021-04-02,-0.5188364323681316
2021-04-05,-0.5615925527915042
2021-04-06,-0.6005111250206955
2021-04-07,-0.6355921490557055
2021-04-08,-0.6668356248965341
2021-04-09,-0.6942415525431815
2021-04-12,-0.7178099319956475
2021-04-13,-0.7375407632539323
2021-04-14,-0.7534340463180356
2021-04-15,-0.7654897811879576
2021-04-16,-0.7737079678636983
2021-04-19,-0.7780886063452578
2021-04-20,-0.7786316966326359
2021-04-21,-0.7753372387258326
2021-04-22,-0.7682052326248481
2021-04-23,-0.7572356783296822
2021-04-26,-0.7424285758403351
2021-04-27,-0.7237839251568065
2021-04-28,-0.7013017262790966
2021-04-29,-0.6749819792072055
2021-04-30,-0.644824683941133
2021-05-03,-0.25746725044657826
2021-05-04,-0.22244856708998773
2021-05-05,-0.18802484590659624
2021-05-06,-0.154196086896404
2021-05-07,-0.12096229005941078
2021-05-10,-0.08832345539561673
2021-05-11,-0.0562795829050218
2021-05-12,-0.02483067258762603
2021-05-13,0.006023275556570645
2021-05-14,0.036282261527568166
2021-05-17,0.06594628532536656
2021-05-18,0.09501534694996586
2021-05-19,0.12348944640136596
2021-05-20,0.151368583679567
2021-05-21,0.17865275878456882
2021-05-24,0.20534197171637159
2021-05-25,0.2314362224749752
2021-05-26,0.2569355110603797
2021-05-27,0.281839837472585
2021-05-28,0.3061492017115912
2021-05-31,0.3298636037773983
2021-06-01,0.48520776586301007
2021-06-02,0.505085257237469
2021-06-03,0.5227716837252612
2021-06-04,0.5382670453263864
2021-06-07,0.5515713420408448
2021-06-08,0.5626845738686362
2021-06-09,0.571606740809761
2021-06-10,0.5783378428642189
2021-06-11,0.5828778800320098
2021-06-14,0.585226852313134
2021-06-15,0.5853847597075913
2021-06-16,0.5833516022153817
2021-06-17,0.5791273798365054
2021-06-18,0.5727120925709621
2021-06-21,0.564105740418752
2021-06-22,0.5533083233798751
2021-06-23,0.5403198414543313
2021-06-24,0.5251402946421208
2021-06-25,0.5077696829432432
2021-06-28,0.488208006357699
2021-06-29,0.46645526488548783
2021-06-30,0.4425114585266098
2021-07-01,0.09191565240684484
2021-07-02,0.06762028689418866
2021-07-05,0.04516442711442113
2021-07-06,0.024548073067542343
2021-07-07,0.005771224753552191
2021-07-08,-0.011166117827549227
2021-07-09,-0.026263954675761987
2021-07-12,-0.039522285791086055
2021-07-13,-0.050941111173521444
2021-07-14,-0.060520430823068155
2021-07-15,-0.0682602447397262
2021-07-16,-0.07416055292349552
2021-07-19,-0.07822135537437619
2021-07-20,-0.08044265209236816
2021-07-21,-0.08082444307747146
2021-07-22,-0.07936672832968607
2021-07-23,-0.076069507849012
2021-07-26,-0.07093278163544925
2021-07-27,-0.0639565496889978
2021-07-28,-0.05514081200965768
2021-07-29,-0.044485568597428894
2021-07-30,-0.03199081945231137
2021-08-02,0.13945277134350115
2021-08-03,0.15367486318523071
2021-08-04,0.16778479199068366
2021-08-05,0.18178255775985996
2021-08-06,0.1956681604927597
2021-08-09,0.2094416001893828
2021-08-10,0.2231028768497293
2021-08-11,0.23665199047379917
2021-08-12,0.2500889410615924
2021-08-13,0.2634137286131091
2021-08-16,0.27662635312834916
2021-08-17,0.28972681460731253
2021-08-18,0.3027151130499994
2021-08-19,0.31559124845640957
2021-08-20,0.32835522082654317
2021-08-23,0.3410070301604001
2021-08-24,0.3535466764579805
2021-08-25,0.3659741597192842
2021-08-26,0.37828947994431134
2021-08-27,0.39049263713306187
2021-08-30,0.40258363128553576
2021-08-31,0.41456246240173306
2021-09-01,0.5189113040406237
2021-09-02,0.5295169622077589
2021-09-03,0.5388616104621085
2021-09-06,0.5469452488036725
2021-09-07,0.5537678772324509
2021-09-08,0.5593294957484438
2021-09-09,0.5636301043516511
2021-09-10,0.5666697030420729
2021-09-13,0.568448291819709
2021-09-14,0.5689658706845597
2021-09-15,0.5682224396366248
2021-09-16,0.5662179986759043
2021-09-17,0.5629525478023982
2021-09-20,0.5584260870161066
2021-09-21,0.5526386163170295
2021-09-22,0.5455901357051668
2021-09-23,0.5372806451805185
2021-09-24,0.5277101447430848
2021-09-27,0.5168786343928653
2021-09-28,0.5047861141298604
2021-09-29,0.49143258395406986
2021-09-30,0.47681804386549376
2021-10-01,0.2862804326293451
2021-10-04,0.2706412600651692
2021-10-05,0.2559944435096724
2021-10-06,0.24233998296285475
2021-10-07,0.2296778784247162
2021-10-08,0.21800812989525684
2021-10-11,0.20733073737447658
2021-10-12,0.19764570086237546
2021-10-13,0.18895302035895345
2021-10-14,0.18125269586421058
2021-10-15,0.17454472737814686
2021-10-18,0.16882911490076224
2021-10-19,0.16410585843205677
2021-10-20,0.16037495797203044
2021-10-21,0.15763641352068322
2021-10-22,0.15589022507801514
2021-10-25,0.15513639264402618
2021-10-26,0.15537491621871635
2021-10-27,0.15660579580208567
2021-10-28,0.15882903139413412
2021-10-29,0.1620446229948617
2021-11-01,0.2668797808749339
2021-11-02,0.27054925228164106
2021-11-03,0.27387151783153074
2021-11-04,0.276846577524603
2021-11-05,0.27947443136085787
2021-11-08,0.28175507934029526
2021-11-09,0.2836885214629152
2021-11-10,0.28527475772871774
2021-11-11,0.2865137881377028
2021-11-12,0.28740561268987047
2021-11-15,0.28795023138522063
2021-11-16,0.28814764422375344
2021-11-17,0.2879978512054688
2021-11-18,0.28750085233036665
2021-11-19,0.2866566475984471
2021-11-22,0.28546523700971016
2021-11-23,0.28392662056415574
2021-11-24,0.2820407982617839
2021-11-25,0.2798077701025946
2021-11-26,0.2772275360865879
2021-11-29,0.2743000962137637
2021-11-30,0.27102545048412213
2021-12-01,0.18851077915742484
2021-12-02,0.18562618897191918
2021-12-03,0.18332138837925996
2021-12-06,0.1815963773794472
2021-12-07,0.1804511559724809
2021-12-08,0.17988572415836107
2021-12-09,0.17990008193708767
2021-12-10,0.18049422930866074
2021-12-13,0.18166816627308024
2021-12-14,0.18342189283034624
2021-12-15,0.18575540898045864
2021-12-16,0.18866871472341754
2021-12-17,0.19216181005922287
2021-12-20,0.19623469498787466
2021-12-21,0.20088736950937292
2021-12-22,0.2061198336237176
2021-12-23,0.21193208733090876
2021-12-24,0.21832413063094638
2021-12-27,0.22529596352383044
2021-12-28,0.23284758600956096
2021-12-29,0.2409789980881379
2021-12-30,0.2496901997595614
2021-12-31,0.2589811910238312
2022-01-03,0.38319144182270787
2022-01-04,0.3931452795664286
2022-01-05,0.40224209982940934
2022-01-06,0.41048190261165013
2022-01-07,0.41786468791315085
2022-01-10,0.4243904557339116
2022-01-11,0.43005920607393233
2022-01-12,0.4348709389332131
2022-01-13,0.4388256543117538
2022-01-14,0.4419233522095546
2022-01-17,0.4441640326266153
2022-01-18,0.44554769556293605
2022-01-19,0.4460743410185168
2022-01-20,0.4457439689933575
2022-01-21,0.44455657948745825
2022-01-24,0.442512172500819
2022-01-25,0.4396107480334397
2022-01-26,0.43585230608532044
2022-01-27,0.43123684665646117
2022-01-28,0.4257643697468619
2022-01-31,0.41943487535652263
2022-02-01,0.27628429515590086
2022-02-02,0.2698352465175107
2022-02-03,0.26448298670536363
2022-02-04,0.2602275157194597
2022-02-07,0.2570688335597988
2022-02-08,0.25500694022638104
2022-02-09,0.2540418357192063
2022-02-10,0.2541735200382747
2022-02-11,0.2554019931835862
2022-02-14,0.2577272551551408
2022-02-15,0.26114930595293845
2022-02-16,0.2656681455769792
2022-02-17,0.27128377402726306
2022-02-18,0.27799619130379
2022-02-21,0.28580539740656
2022-02-22,0.29471139233557314
2022-02-23,0.30471417609082935
2022-02-24,0.3158137486723287
2022-02-25,0.3280101100800711
2022-02-28,0.34130326031405656
2022-03-01,0.5234729393759578
2022-03-02,0.5348975008023967
2022-03-03,0.5452336331681191
2022-03-04,0.5544813364731253
2022-03-07,0.5626406107174149
2022-03-08,0.5697114559009882
2022-03-09,0.5756938720238449
2022-03-10,0.5805878590859853
2022-03-11,0.5843934170874094
2022-03-14,0.587110546028117
2022-03-15,0.5887392459081082
2022-03-16,0.589279516727383
2022-03-17,0.5887313584859414
2022-03-18,0.5870947711837834
2022-03-21,0.5843697548209089
2022-03-22,0.5805563093973181
2022-03-23,0.5756544349130108
2022-03-24,0.5696641313679872
2022-03-25,0.5625853987622471
2022-03-28,0.5544182370957906
2022-03-29,0.5451626463686178
2022-03-30,0.5348186265807284
2022-03-31,0.5233861777321227
2022-04-01,0.35320152654889475
2022-04-04,0.3403238993083637
2022-04-05,0.32828198729941627
2022-04-06,0.3170757905220525
2022-04-07,0.30670530897627224
2022-04-08,0.2971705426620757
2022-04-11,0.2884714915794628
2022-04-12,0.28060815572843345
2022-04-13,0.2735805351089878
2022-04-14,0.2673886297211257
2022-04-15,0.2620324395648473
2022-04-18,0.25751196464015247
2022-04-19,0.2538272049470413
2022-04-20,0.25097816048551375
2022-04-21,0.24896483125556984
2022-04-22,0.24778721725720954
2022-04-25,0.24744531849043283
2022-04-26,0.24793913495523978
2022-04-27,0.2492686666516304
2022-04-28,0.2514339135796046
2022-04-29,0.2544348757391624
2022-05-02,0.40477695042949446
2022-05-03,0.4073795214575775
2022-05-04,0.4089223805494723
2022-05-05,0.4094055277051787
2022-05-06,0.4088289629246968
2022-05-09,0.40719268620802657
2022-05-10,0.40449669755516804
2022-05-11,0.4007409969661212
2022-05-12,0.395925584440886
2022-05-13,0.39005045997946247
2022-05-16,0.3831156235818507
2022-05-17,0.37512107524805055
2022-05-18,0.36606681497806204
2022-05-19,0.35595284277188527
2022-05-20,0.3447791586295202
2022-05-23,0.33254576255096674
2022-05-24,0.319252654536225
2022-05-25,0.30489983458529496
2022-05-26,0.2894873026981766
2022-05-27,0.2730150588748699
2022-05-30,0.2554831031153748
2022-05-31,0.23689143541969143
2022-06-01,-0.013725466067217439
2022-06-02,-0.03156742071782357
2022-06-03,-0.04759995038716413
2022-06-06,-0.061823055075239115
2022-06-07,-0.07423673478204858
2022-06-08,-0.08484098950759245
2022-06-09,-0.09363581925187078
2022-06-10,-0.10062122401488355
2022-06-13,-0.10579720379663074
2022-06-14,-0.10916375859711241
2022-06-15,-0.11072088841632849
2022-06-16,-0.11046859325427902
2022-06-17,-0.108406873110964
2022-06-20,-0.10453572798638341
2022-06-21,-0.0988551578805373
2022-06-22,-0.09136516279342559
2022-06-23,-0.08206574272504835
2022-06-24,-0.07095689767540554
2022-06-27,-0.05803862764449715
2022-06-28,-0.04331093263232324
2022-06-29,-0.026773812638883766
2022-06-30,-0.008427267664178693
2022-07-01,0.24994334364622378
2022-07-04,0.2698035395182997
2022-07-05,0.2884081532133395
2022-07-06,0.3057571847313431
2022-07-07,0.3218506340723106
2022-07-08,0.33668850123624194
2022-07-11,0.3502707862231372
2022-07-12,0.3625974890329962
2022-07-13,0.37366860966581916
2022-07-14,0.3834841481216059
2022-07-15,0.3920441044003566
2022-07-18,0.3993484785020711
2022-07-19,0.40539727042674945
2022-07-20,0.4101904801743917
2022-07-21,0.41372810774499774
2022-07-22,0.41601015313856765
2022-07-25,0.4170366163551015
2022-07-26,0.4168074973945991
2022-07-27,0.41532279625706064
2022-07-28,0.412582512942486
2022-07-29,0.40858664745087525
2022-08-01,0.2537495483757604
2022-08-02,0.2496108613861805
2022-08-03,0.24612828745230703
2022-08-04,0.24330182657413996
2022-08-05,0.24113147875167928
2022-08-08,0.239617243984925
2022-08-09,0.2387591222738772
2022-08-10,0.23855711361853577
2022-08-11,0.2390112180189008
2022-08-12,0.24012143547497222
2022-08-15,0.24188776598675005
2022-08-16,0.24431020955423427
2022-08-17,0.24738876617742495
2022-08-18,0.251123435856322
2022-08-19,0.2555142185909255
2022-08-22,0.26056111438123536
2022-08-23,0.2662641232272517
2022-08-24,0.2726232451289744
2022-08-25,0.2796384800864036
2022-08-26,0.2873098280995391
2022-08-29,0.29563728916838106
2022-08-30,0.3046208632929295
2022-08-31,0.31426055047318424
2022-09-01,0.47087274745600083
2022-09-02,0.4805390919983029
2022-09-05,0.4891079899271294
2022-09-06,0.4965794412424803
2022-09-07,0.5029534459443556
2022-09-08,0.5082300040327555
2022-09-09,0.5124091155076798
2022-09-12,0.5154907803691284
2022-09-13,0.5174749986171017
2022-09-14,0.5183617702515992
2022-09-15,0.5181510952726212
2022-09-16,0.5168429736801676
2022-09-19,0.5144374054742386
2022-09-20,0.5109343906548339
2022-09-21,0.5063339292219537
2022-09-22,0.5006360211755979
2022-09-23,0.4938406665157665
2022-09-26,0.48594786524245964
2022-09-27,0.47695761735567715
2022-09-28,0.4668699228554191
2022-09-29,0.45568478174168553
2022-09-30,0.44340219401447634
2022-10-03,0.2795881767849327
2022-10-04,0.2664133292008054
2022-10-05,0.254080812865649
2022-10-06,0.24259062777946355
2022-10-07,0.23194277394224905
2022-10-10,0.22213725135400553
2022-10-11,0.2131740600147329
2022-10-12,0.20505319992443127
2022-10-13,0.19777467108310057
2022-10-14,0.19133847349074082
2022-10-17,0.185744607147352
2022-10-18,0.18099307205293413
2022-10-19,0.17708386820748723
2022-10-20,0.17401699561101125
2022-10-21,0.17179245426350623
2022-10-24,0.17041024416497216
2022-10-25,0.16987036531540903
2022-10-26,0.17017281771481685
2022-10-27,0.1713176013631956
2022-10-28,0.17330471626054533
2022-10-31,0.17613416240686597
2022-11-01,0.15554341222034532
2022-11-02,0.16011599295807305
2022-11-03,0.16575627601075016
2022-11-04,0.17246426137837667
2022-11-07,0.18023994906095253
2022-11-08,0.1890833390584778
2022-11-09,0.19899443137095243
2022-11-10,0.20997322599837642
2022-11-11,0.22201972294074984
2022-11-14,0.2351339221980726
2022-11-15,0.24931582377034478
2022-11-16,0.2645654276575663
2022-11-17,0.2808827338597373
2022-11-18,0.29826774237685755
2022-11-21,0.3167204532089272
2022-11-22,0.3362408663559463
2022-11-23,0.3568289818179147
2022-11-24,0.37848479959483255
2022-11-25,0.4012083196866998
2022-11-28,0.42499954209351637
2022-11-29,0.4498584668152823
2022-11-30,0.4757850938519977
2022-12-01,0.9034763511473565
2022-12-02,0.9265607812246079
2022-12-05,0.9457353120274461
2022-12-06,0.960999943555871
2022-12-07,0.9723546758098827
2022-12-08,0.979799508789481
2022-12-09,0.9833344424946661
2022-12-12,0.9829594769254377
2022-12-13,0.9786746120817963
2022-12-14,0.9704798479637414
2022-12-15,0.9583751845712734
2022-12-16,0.9423606219043921
2022-12-19,0.9224361599630974
2022-12-20,0.8986017987473894
2022-12-21,0.8708575382572683
2022-12-22,0.8392033784927337
2022-12-23,0.8036393194537861
2022-12-26,0.7641653611404251
2022-12-27,0.7207815035526506
2022-12-28,0.6734877466904631
2022-12-29,0.6222840905538622
2022-12-30,0.567170535142848
2023-01-02,-0.09153250668257085
2023-01-03,-0.14701642477731858
2023-01-04,-0.19896080628138652
2023-01-05,-0.24736565119477455
2023-01-06,-0.29223095951748296
2023-01-09,-0.33355673124951146
2023-01-10,-0.37134296639086023
2023-01-11,-0.4055896649415292
2023-01-12,-0.4362968269015184
2023-01-13,-0.4634644522708278
2023-01-16,-0.48709254104945743
2023-01-17,-0.5071810932374072
2023-01-18,-0.5237301088346773
2023-01-19,-0.5367395878412675
2023-01-20,-0.5462095302571781
2023-01-23,-0.5521399360824089
2023-01-24,-0.5545308053169598
2023-01-25,-0.5533821379608308
2023-01-26,-0.5486939340140222
2023-01-27,-0.5404661934765338
2023-01-30,-0.5286989163483656
2023-01-31,-0.5133921026295176
2023-02-01,-0.2583528971844605
2023-02-02,-0.23687481172473676
2023-02-03,-0.2146496261457699
2023-02-06,-0.19167734044755994
2023-02-07,-0.1679579546301068
2023-02-08,-0.14349146869341048
2023-02-09,-0.11827788263747105
2023-02-10,-0.09231719646228846
2023-02-13,-0.06560941016786272
2023-02-14,-0.03815452375419382
2023-02-15,-0.009952537221281746
2023-02-16,0.018996549430873408
2023-02-17,0.04869273620227178
2023-02-20,0.07913602309291332
2023-02-21,0.11032641010279792
2023-02-22,0.14226389723192576
2023-02-23,0.17494848448029668
2023-02-24,0.20838017184791083
2023-02-27,0.2425589593347681
2023-02-28,0.27748484694086845
2023-03-01,0.696837730258412
2023-03-02,0.7240358532568203
2023-03-03,0.7474121099272513
2023-03-06,0.7669665002697048
2023-03-07,0.7826990242841809
2023-03-08,0.7946096819706798
2023-03-09,0.8026984733292012
2023-03-10,0.8069653983597452
2023-03-13,0.8074104570623118
2023-03-14,0.8040336494369011
2023-03-15,0.796834975483513
2023-03-16,0.7858144352021476
2023-03-17,0.7709720285928047
2023-03-20,0.7523077556554845
2023-03-21,0.7298216163901868
2023-03-22,0.7035136107969118
2023-03-23,0.6733837388756594
2023-03-24,0.6394320006264296
2023-03-27,0.6016583960492226
2023-03-28,0.560062925144038
2023-03-29,0.5146455879108761
2023-03-30,0.46540638434973675
2023-03-31,0.41234531446062006
2023-04-03,-0.31759960400653564
2023-04-04,-0.37801540884909945
2023-04-05,-0.43343164188456906
2023-04-06,-0.48384830311294436
2023-04-07,-0.5292653925342253
2023-04-10,-0.5696829101484121
2023-04-11,-0.6051008559555044
2023-04-12,-0.6355192299555026
2023-04-13,-0.6609380321484065
2023-04-14,-0.681357262534216
2023-04-17,-0.6967769211129313
2023-04-18,-0.7071970078845523
2023-04-19,-0.712617522849079
2023-04-20,-0.7130384660065114
2023-04-21,-0.7084598373568495
2023-04-24,-0.6988816369000933
2023-04-25,-0.6843038646362429
2023-04-26,-0.6647265205652981
2023-04-27,-0.640149604687259
2023-04-28,-0.6105731170021258
2023-05-01,-0.19020593676825392
2023-05-02,-0.1607713271244915
2023-05-03,-0.1319682465258602
2023-05-04,-0.10379669497236006
2023-05-05,-0.07625667246399108
2023-05-08,-0.04934817900075324
2023-05-09,-0.023071214582646563
2023-05-10,0.0025742207903289988
2023-05-11,0.027588127118173364
2023-05-12,0.05197050440088663
2023-05-15,0.07572135263846871
2023-05-16,0.09884067183091967
2023-05-17,0.12132846197823946
2023-05-18,0.14318472308042812
2023-05-19,0.16440945513748562
2023-05-22,0.18500265814941197
2023-05-23,0.20496433211620718
2023-05-24,0.22429447703787125
2023-05-25,0.24299309291440413
2023-05-26,0.2610601797458059
2023-05-29,0.2784957375320765
2023-05-30,0.295299766273216
2023-05-31,0.3114722659692243
2023-06-01,0.4260882416802882
2023-06-02,0.44041889515444205
2023-06-05,0.45283282369501454
2023-06-06,0.46333002730200573
2023-06-07,0.47191050597541556
2023-06-08,0.478574259715244
2023-06-09,0.4833212885214911
2023-06-12,0.48615159239415684
2023-06-13,0.48706517133324123
2023-06-14,0.4860620253387443
2023-06-15,0.483142154410666
2023-06-16,0.4783055585490063
2023-06-19,0.4715522377537653
2023-06-20,0.46288219202494296
2023-06-21,0.45229542136253925
2023-06-22,0.4397919257665541
2023-06-23,0.42537170523698775
2023-06-26,0.40903475977383996
2023-06-27,0.39078108937711087
2023-06-28,0.37061069404680036
2023-06-29,0.34852357378290855
2023-06-30,0.3245197285854353
2023-07-03,0.038379481814401956
2023-07-04,0.012660591952531941
2023-07-05,-0.011622304776770148
2023-07-06,-0.034469208373504145
2023-07-07,-0.05588011883767016
2023-07-10,-0.07585503616926813
2023-07-11,-0.09439396036829807
2023-07-12,-0.11149689143476
2023-07-13,-0.12716382936865392
2023-07-14,-0.1413947741699798
2023-07-17,-0.15418972583873766
2023-07-18,-0.1655486843749275
2023-07-19,-0.17547164977854932
2023-07-20,-0.18395862204960312
2023-07-21,-0.1910096011880889
2023-07-24,-0.19662458719400666
2023-07-25,-0.20080358006735638
2023-07-26,-0.2035465798081381
2023-07-27,-0.20485358641635176
2023-07-28,-0.20472459989199743
2023-07-31,-0.20315962023507506
2023-08-01,-0.2750342428477195
2023-08-02,-0.2702481869254356
2023-08-03,-0.2634160937147504
2023-08-04,-0.2545379632156638
2023-08-07,-0.24361379542817588
2023-08-08,-0.23064359035228657
2023-08-09,-0.21562734798799593
2023-08-10,-0.19856506833530393
2023-08-11,-0.17945675139421058
2023-08-14,-0.15830239716471586
2023-08-15,-0.13510200564681982
2023-08-16,-0.10985557684052238
2023-08-17,-0.08256311074582363
2023-08-18,-0.053224607362723456
2023-08-21,-0.021840066691221988
2023-08-22,0.011590511268680825
2023-08-23,0.047067126516985
2023-08-24,0.08458977905369061
2023-08-25,0.12415846887879747
2023-08-28,0.16577319599230572
2023-08-29,0.20943396039421525
2023-08-30,0.2551407620845263
2023-08-31,0.3028936010632386
2023-09-01,0.9203778469628981
2023-09-04,0.9696658908980589
2023-09-05,1.0137003523805896
2023-09-06,1.0524812314104897
2023-09-07,1.0860085279877598
2023-09-08,1.1142822421123997
2023-09-11,1.1373023737844088
2023-09-12,1.155068923003788
2023-09-13,1.167581889770537
2023-09-14,1.1748412740846557
2023-09-15,1.176847075946144
2023-09-18,1.173599295355002
2023-09-19,1.1650979323112298
2023-09-20,1.1513429868148273
2023-09-21,1.1323344588657944
2023-09-22,1.1080723484641313
2023-09-25,1.0785566556098378
2023-09-26,1.043787380302914
2023-09-27,1.00376452254336
2023-09-28,0.9584880823311758
2023-09-29,0.9079580596663613
2023-10-02,0.1969095770329949
2023-10-03,0.1470314036657588
2023-10-04,0.10052304363430227
2023-10-05,0.0573844969386252
2023-10-06,0.017615763578727572
2023-10-09,-0.018783156445390498
2023-10-10,-0.05181226313372915
2023-10-11,-0.08147155648628827
2023-10-12,-0.10776103650306795
2023-10-13,-0.13068070318406816
2023-10-16,-0.15023055652928885
2023-10-17,-0.16641059653873005
2023-10-18,-0.1792208232123918
2023-10-19,-0.18866123655027406
2023-10-20,-0.1947318365523768
2023-10-23,-0.1974326232187001
2023-10-24,-0.1967635965492439
2023-10-25,-0.19272475654400822
2023-10-26,-0.18531610320299308
2023-10-27,-0.17453763652619841
2023-10-30,-0.1603893565136243
2023-10-31,-0.14287126316527066
2023-11-01,0.20068639587376513
2023-11-02,0.22093579598864788
2023-11-03,0.24054668953428024
2023-11-06,0.25951907651066225
2023-11-07,0.2778529569177939
2023-11-08,0.29554833075567516
2023-11-09,0.31260519802430603
2023-11-10,0.32902355872368655
2023-11-13,0.34480341285381677
2023-11-14,0.3599447604146966
2023-11-15,0.37444760140632605
2023-11-16,0.3883119358287051
2023-11-17,0.4015377636818338
2023-11-20,0.41412508496571215
2023-11-21,0.42607389968034015
2023-11-22,0.4373842078257178
2023-11-23,0.44805600940184503
2023-11-24,0.4580893044087219
2023-11-27,0.46748409284634845
2023-11-28,0.4762403747147246
2023-11-29,0.48435815001385035
2023-11-30,0.49183741874372583
2023-12-01,0.7706888902344453
2023-12-04,0.7734474809805314
2023-12-05,0.7717981497330006
2023-12-06,0.7657408964918537
2023-12-07,0.7552757212570902
2023-12-08,0.74040262402871
2023-12-11,0.7211216048067135
2023-12-12,0.6974326635911003
2023-12-13,0.6693358003818708
2023-12-14,0.6368310151790249
2023-12-15,0.5999183079825623
2023-12-18,0.5585976787924831
2023-12-19,0.5128691276087876
2023-12-20,0.4627326544314755
2023-12-21,0.40818825926054697
2023-12-22,0.34923594209600184
2023-12-25,0.2858757029378403
2023-12-26,0.21810754178606212
2023-12-27,0.14593145864066764
2023-12-28,0.06934745350165644
2023-12-29,-0.01164447363097093
2024-01-01,-0.908419709160139
2024-01-02,-0.9808043843304975
2024-01-03,-1.0475999593820349
2024-01-04,-1.1088064343147515
2024-01-05,-1.1644238091286467
2024-01-08,-1.2144520838237214
2024-01-09,-1.2588912583999747
2024-01-10,-1.2977413328574072
2024-01-11,-1.3310023071960189
2024-01-12,-1.3586741814158094
2024-01-15,-1.380756955516779
2024-01-16,-1.3972506294989275
2024-01-17,-1.408155203362255
2024-01-18,-1.4134706771067618
2024-01-19,-1.4131970507324474
2024-01-22,-1.407334324239312
2024-01-23,-1.3958824976273556
2024-01-24,-1.3788415708965784
2024-01-25,-1.3562115440469802
2024-01-26,-1.3279924170785609
2024-01-29,-1.2941841899913207
2024-01-30,-1.2547868627852592
2024-01-31,-1.209800435460377
2024-02-01,-0.6646561229947593
2024-02-02,-0.6092682370532373
2024-02-05,-0.5538847095132965
2024-02-06,-0.4985055403749372
2024-02-07,-0.4431307296381592
2024-02-08,-0.38776027730296264
2024-02-09,-0.3323941833693474
2024-02-12,-0.2770324478373136
2024-02-13,-0.22167507070686115
2024-02-14,-0.1663220519779901
2024-02-15,-0.11097339165070046
2024-02-16,-0.05562908972499212
2024-02-19,-0.00028914620086528675
2024-02-20,0.05504643892168028
2024-02-21,0.11037766564264433
2024-02-22,0.1657045339620271
2024-02-23,0.22102704387982847
2024-02-26,0.2763451953960484
2024-02-27,0.331658988510687
2024-02-28,0.38696842322374425
2024-02-29,0.44227349953522005
2024-03-01,0.8348078870504096
2024-03-04,0.8855056056095596
2024-03-05,0.9316003248179651
2024-03-06,0.9730920446756259
2024-03-07,1.0099807651825423
2024-03-08,1.0422664863387143
2024-03-11,1.0699492081441417
2024-03-12,1.0930289305988248
2024-03-13,1.1115056537027632
2024-03-14,1.125379377455957
2024-03-15,1.1346501018584065
2024-03-18,1.1393178269101114
2024-03-19,1.139382552611072
2024-03-20,1.1348442789612878
2024-03-21,1.1257030059607593
2024-03-22,1.1119587336094863
2024-03-25,1.0936114619074688
2024-03-26,1.0706611908547066
2024-03-27,1.0431079204512002
2024-03-28,1.0109516506969491
2024-03-29,0.9741923815919535
2024-04-01,0.46778213793648915
2024-04-02,0.4298954352139174
2024-04-03,0.39360419511288935
2024-04-04,0.3589084176334052
2024-04-05,0.3258081027754647
2024-04-08,0.29430325053906814
2024-04-09,0.26439386092421524
2024-04-10,0.23607993393090612
2024-04-11,0.20936146955914076
2024-04-12,0.18423846780891917
2024-04-15,0.16071092868024134
2024-04-16,0.13877885217310731
2024-04-17,0.11844223828751702
2024-04-18,0.0997010870234705
2024-04-19,0.08255539838096779
2024-04-22,0.06700517236000877
2024-04-23,0.053050408960593584
2024-04-24,0.04069110818272216
2024-04-25,0.029927270026394476
2024-04-26,0.020758894491610558
2024-04-29,0.01318598157837042
2024-04-30,0.007208531286674091
2024-05-01,0.02327434165253643
2024-05-02,0.020311082044522394
2024-05-03,0.018576029295596805
2024-05-06,0.018069183405759658
2024-05-07,0.018790544375010973
2024-05-08,0.020740112203350716
2024-05-09,0.023917886890778915
2024-05-10,0.02832386843729557
2024-05-13,0.03395805684290066
2024-05-14,0.040820452107594205
2024-05-15,0.04891105423137619
2024-05-16,0.05822986321424664
2024-05-17,0.06877687905620553
2024-05-20,0.08055210175725287
2024-05-21,0.09355553131738865
2024-05-22,0.10778716773661288
2024-05-23,0.12324701101492554
2024-05-24,0.13993506115232668
2024-05-27,0.15785131814881626
2024-05-28,0.17699578200439425
2024-05-29,0.19736845271906073
2024-05-30,0.21896933029281568
2024-05-31,0.24179841472565905
2024-06-03,0.5899496484574839
2024-06-04,0.6143943689019541
2024-06-05,0.635617924805173
2024-06-06,0.6536203161671406
2024-06-07,0.6684015429878567
2024-06-10,0.6799616052673216
2024-06-11,0.6883005030055351
2024-06-12,0.6934182362024972
2024-06-13,0.6953148048582081
2024-06-14,0.6939902089726675
2024-06-17,0.6894444485458756
2024-06-18,0.6816775235778324
2024-06-19,0.6706894340685378
2024-06-20,0.6564801800179918
2024-06-21,0.6390497614261945
2024-06-24,0.6183981782931459
2024-06-25,0.594525430618846
2024-06-26,0.5674315184032946
2024-06-27,0.5371164416464919
2024-06-28,0.5035802003484379
2024-07-01,0.19746657104203558
2024-07-02,0.1661575413016605
2024-07-03,0.13550244342030626
2024-07-04,0.10550127739797292
2024-07-05,0.07615404323466045
2024-07-08,0.0474607409303688
2024-07-09,0.01942137048509808
2024-07-10,-0.007964068101151786
2024-07-11,-0.034695574828380774
2024-07-12,-0.0607731496965889
2024-07-15,-0.08619679270577613
2024-07-16,-0.11096650385594252
2024-07-17,-0.135082283147088
2024-07-18,-0.15854413057921268
2024-07-19,-0.18135204615231643
2024-07-22,-0.20350602986639926
2024-07-23,-0.22500608172146125
2024-07-24,-0.24585220171750244
2024-07-25,-0.26604438985452267
2024-07-26,-0.28558264613252204
2024-07-29,-0.30446697055150057
2024-07-30,-0.32269736311145825
2024-07-31,-0.34027382381239496
2024-08-01,-0.6137850935838298
2024-08-02,-0.6275793109953004
2024-08-05,-0.6374760111198751
2024-08-06,-0.6434751939575535
2024-08-07,-0.645576859508336
2024-08-08,-0.6437810077722225
2024-08-09,-0.6380876387492129
2024-08-12,-0.6284967524393074
2024-08-13,-0.6150083488425057
2024-08-14,-0.597622427958808
2024-08-15,-0.5763389897882143
2024-08-16,-0.5511580343307246
2024-08-19,-0.5220795615863388
2024-08-20,-0.4891035715550571
2024-08-21,-0.45223006423687934
2024-08-22,-0.4114590396318054
2024-08-23,-0.3667904977398356
2024-08-26,-0.3182244385609697
2024-08-27,-0.2657608620952077
2024-08-28,-0.2093997683425498
2024-08-29,-0.14914115730299587
2024-08-30,-0.08498502897654575
2024-09-02,0.7585401501144806
2024-09-03,0.8235603400600249
2024-09-04,0.8823064245466556
2024-09-05,0.9347784035743727
2024-09-06,0.9809762771431763
2024-09-09,1.0209000452530663
2024-09-10,1.0545497079040427
2024-09-11,1.0819252650961055
2024-09-12,1.103026716829255
2024-09-13,1.1178540631034908
2024-09-16,1.126407303918813
2024-09-17,1.1286864392752216
2024-09-18,1.1246914691727168
2024-09-19,1.1144223936112985
2024-09-20,1.0978792125909664
2024-09-23,1.075061926111721
2024-09-24,1.045970534173562
2024-09-25,1.0106050367764892
2024-09-26,0.9689654339205029
2024-09-27,0.9210517256056032
2024-09-30,0.86686391183179
2024-10-01,0.036323332675998854
2024-10-02,-0.01532868322583758
2024-10-03,-0.06342835399093366
2024-10-04,-0.10797567961928953
2024-10-07,-0.14897066011090504
2024-10-08,-0.18641329546578028
2024-10-09,-0.22030358568391525
2024-10-10,-0.25064153076530993
2024-10-11,-0.2774271307099643
2024-10-14,-0.30066038551787844
2024-10-15,-0.3203412951890522
2024-10-16,-0.33646985972348575
2024-10-17,-0.34904607912117896
2024-10-18,-0.35806995338213193
2024-10-21,-0.3635414825063446
2024-10-22,-0.365460666493817
2024-10-23,-0.3638275053445491
2024-10-24,-0.3586419990585409
2024-10-25,-0.34990414763579236
2024-10-28,-0.33761395107630365
2024-10-29,-0.3217714093800746
2024-10-30,-0.30237652254710523
2024-10-31,-0.2794292905773956
2024-11-01,0.10188502499525276
2024-11-04,0.13035001023435955
2024-11-05,0.15825663435789003
2024-11-06,0.18560489736584398
2024-11-07,0.21239479925822166
2024-11-08,0.23862634003502287
2024-11-11,0.26429951969624765
2024-11-12,0.28941433824189605
2024-11-13,0.31397079567196806
2024-11-14,0.3379688919864636
2024-11-15,0.3614086271853828
2024-11-18,0.3842900012687256
2024-11-19,0.40661301423649193
2024-11-20,0.42837766608868194
2024-11-21,0.44958395682529545
2024-11-22,0.4702318864463326
2024-11-25,0.4903214549517933
2024-11-26,0.5098526623416777
2024-11-27,0.5288255086159857
2024-11-28,0.5472399937747172
2024-11-29,0.5650961178178722
2024-12-02,0.7198713681466933
2024-12-03,0.7341615386859277
2024-12-04,0.7462303787880713
2024-12-05,0.7560778884531242
2024-12-06,0.7637040676810863
2024-12-09,0.7691089164719577
2024-12-10,0.7722924348257383
2024-12-11,0.7732546227424282
2024-12-12,0.7719954802220272
2024-12-13,0.7685150072645356
2024-12-16,0.7628132038699532
2024-12-17,0.75489007003828
2024-12-18,0.7447456057695161
2024-12-19,0.7323798110636615
2024-12-20,0.717792685920716
2024-12-23,0.7009842303406798
2024-12-24,0.6819544443235529
2024-12-25,0.6607033278693353
2024-12-26,0.6372308809780268
2024-12-27,0.6115371036496277
2024-12-30,0.5836219958841378
2024-12-31,0.5534855576815569
2025-01-01,0.22622352593074685
2025-01-02,0.1965997826230386
2025-01-03,0.16830320514122096
2025-01-06,0.14133379348529385
2025-01-07,0.11569154765525733
2025-01-08,0.09137646765111138
2025-01-09,0.06838855347285597
2025-01-10,0.04672780512049112
2025-01-13,0.026394222594016845
2025-01-14,0.0073878058934331164
2025-01-15,-0.010291444981260042
2025-01-16,-0.026643530030062652
2025-01-17,-0.041668449252974686
2025-01-20,-0.055366202649996185
2025-01-21,-0.0677367902211271
2025-01-22,-0.07878021196636745
2025-01-23,-0.08849646788571724
2025-01-24,-0.09688555797917647
2025-01-27,-0.10394748224674516
2025-01-28,-0.10968224068842328
2025-01-29,-0.1140898333042108
2025-01-30,-0.1171702600941078
2025-01-31,-0.11892352105811424
2025-02-03,-0.1274768979689439
2025-02-04,-0.12608892365874372
2025-02-05,-0.12282296562951009
2025-02-06,-0.11767902388124296
2025-02-07,-0.11065709841394242
2025-02-10,-0.1017571892276084
2025-02-11,-0.09097929632224094
2025-02-12,-0.07832341969784004
2025-02-13,-0.06378955935440568
2025-02-14,-0.04737771529193788
2025-02-17,-0.029087887510436602
2025-02-18,-0.008920076009901919
2025-02-19,0.013125719209666264
2025-02-20,0.037049498148267905
2025-02-21,0.06285126080590292
2025-02-24,0.09053100718257148
2025-02-25,0.1200887372782734
2025-02-26,0.15152445109300886
2025-02-27,0.18483814862677775
2025-02-28,0.22002982987958
2025-03-03,0.6478436557803825
2025-03-04,0.6795107233195569
2025-03-05,0.7075404155675857
2025-03-06,0.7319327325244691
2025-03-07,0.7526876741902071
2025-03-10,0.7698052405647995
2025-03-11,0.7832854316482466
2025-03-12,0.7931282474405481
2025-03-13,0.7993336879417042
2025-03-14,0.8019017531517149
2025-03-17,0.8008324430705801
2025-03-18,0.7961257576982999
2025-03-19,0.7877816970348741
2025-03-20,0.775800261080303
2025-03-21,0.7601814498345864
2025-03-24,0.7409252632977242
2025-03-25,0.7180317014697166
2025-03-26,0.6915007643505636
2025-03-27,0.6613324519402651
2025-03-28,0.6275267642388213
2025-03-31,0.5900837012462319
2025-04-01,0.0692812765337293
2025-04-02,0.032725457334899774
2025-04-03,-0.0011730354282850491
2025-04-04,-0.03241420175582509
2025-04-07,-0.06099804164772053
2025-04-08,-0.08692455510397121
2025-04-09,-0.11019374212457722
2025-04-10,-0.1308056027095385
2025-04-11,-0.14876013685885514
2025-04-14,-0.16405734457252708
2025-04-15,-0.1766972258505543
2025-04-16,-0.18667978069293684
2025-04-17,-0.19400500909967472
2025-04-18,-0.19867291107076784
2025-04-21,-0.20068348660621632
2025-04-22,-0.20003673570602004
2025-04-23,-0.19673265837017911
2025-04-24,-0.19077125459869348
2025-04-25,-0.1821525243915632
2025-04-28,-0.17087646774878817
2025-04-29,-0.1569430846703685
2025-04-30,-0.14035237515630403
2025-05-01,0.09090577771414757
2025-05-02,0.11017747405079648
2025-05-05,0.12947283077438523
2025-05-06,0.14879184788491376
2025-05-07,0.16813452538238216
2025-05-08,0.18750086326679033
2025-05-09,0.20689086153813832
2025-05-12,0.22630452019642613
2025-05-13,0.24574183924165377
2025-05-14,0.26520281867382123
2025-05-15,0.28468745849292854
2025-05-16,0.30419575869897564
2025-05-19,0.3237277192919626
2025-05-20,0.3432833402718893
2025-05-21,0.3628626216387558
2025-05-22,0.3824655633925622
2025-05-23,0.4020921655333084
2025-05-26,0.4217424280609944
2025-05-27,0.4414163509756202
2025-05-28,0.4611139342771859
2025-05-29,0.48083517796569125
2025-05-30,0.5005800820411366
2025-06-02,0.6759186109057537
2025-06-03,0.6945395179922607
2025-06-04,0.711071407490395
2025-06-05,0.7255142794001566
2025-06-06,0.7378681337215455
2025-06-09,0.7481329704545617
2025-06-10,0.7563087895992053
2025-06-11,0.7623955911554763
2025-06-12,0.7663933751233745
2025-06-13,0.7683021415029001
2025-06-16,0.768121890294053
2025-06-17,0.7658526214968332
2025-06-18,0.7614943351112408
2025-06-19,0.7550470311372757
2025-06-20,0.7465107095749378
2025-06-23,0.7358853704242274
2025-06-24,0.7231710136851442
2025-06-25,0.7083676393576884
2025-06-26,0.69147524744186
2025-06-27,0.6724938379376587
2025-06-30,0.6514234108450849
2025-07-01,0.4373149428203468
2025-07-02,0.41660983258260487
2025-07-03,0.39634519203320273
2025-07-04,0.37652102117214026
2025-07-07,0.35713731999941745
2025-07-08,0.3381940885150344
2025-07-09,0.31969132671899114
2025-07-10,0.30162903461128754
2025-07-11,0.2840072121919237
2025-07-14,0.26682585946089954
2025-07-15,0.25008497641821503
2025-07-16,0.2337845630638703
2025-07-17,0.21792461939786528
2025-07-18,0.20250514542019996
2025-07-21,0.18752614113087435
2025-07-22,0.17298760652988848
2025-07-23,0.1588895416172423
2025-07-24,0.14523194639293582
2025-07-25,0.1320148208569691
2025-07-28,0.11923816500934209
2025-07-29,0.10690197885005479
2025-07-30,0.09500626237910714
2025-07-31,0.08355101559649925
2025-08-01,0.038690515983503454
2025-08-04,0.027609656252454873
2025-08-05,0.017511740274556126
2025-08-06,0.008396768049807282
2025-08-07,0.00026473957820828675
2025-08-08,-0.006884345140240828
2025-08-11,-0.01305048610554007
2025-08-12,-0.018233683317689438
2025-08-13,-0.022433936776688937
2025-08-14,-0.025651246482538567
2025-08-15,-0.02788561243523832
2025-08-18,-0.029137034634788204
2025-08-19,-0.029405513081188214
2025-08-20,-0.02869104777443835
2025-08-21,-0.02699363871453862
2025-08-22,-0.024313285901489012
2025-08-25,-0.02064998933528954
2025-08-26,-0.016003749015940184
2025-08-27,-0.010374564943440969
2025-08-28,-0.0037624371177918652
2025-08-29,0.003832634461007088
2025-09-01,0.16745128043543406
2025-09-02,0.17460642891573191
2025-09-03,0.1807286203321946
2025-09-04,0.18581785468482218
2025-09-05,0.1898741319736146
2025-09-08,0.19289745219857188
2025-09-09,0.19488781535969402
2025-09-10,0.19584522145698102
2025-09-11,0.1957696704904329
2025-09-12,0.1946611624600496
2025-09-15,0.1925196973658312
2025-09-16,0.18934527520777764
2025-09-17,0.18513789598588892
2025-09-18,0.17989755970016508
2025-09-19,0.1736242663506061
2025-09-22,0.166318015937212
2025-09-23,0.15797880845998272
2025-09-24,0.14860664391891834
2025-09-25,0.13820152231401878
2025-09-26,0.12676344364528414
2025-09-29,0.1142924079127143
2025-09-30,0.10078841511630932
2025-10-01,-0.14972583770246067
2025-10-02,-0.16189051581023703
2025-10-03,-0.17231496346382086
2025-10-06,-0.1809991806632123
2025-10-07,-0.18794316740841122
2025-10-08,-0.19314692369941772
2025-10-09,-0.1966104495362317
2025-10-10,-0.19833374491885325
2025-10-13,-0.19831680984728234
2025-10-14,-0.19655964432151896
2025-10-15,-0.1930622483415631
2025-10-16,-0.18782462190741478
2025-10-17,-0.18084676501907404
2025-10-20,-0.17212867767654078
2025-10-21,-0.1616703598798151
2025-10-22,-0.14947181162889694
2025-10-23,-0.13553303292378632
2025-10-24,-0.11985402376448319
2025-10-27,-0.10243478415098765
2025-10-28,-0.08327531408329965
2025-10-29,-0.06237561356141917
2025-10-30,-0.039735682585346196
2025-10-31,-0.015355521155080779
2025-11-03,0.03770349522076283
2025-11-04,0.06966917423178243
2025-11-05,0.10356208158669494
2025-11-06,0.13938221728550054
2025-11-07,0.17712958132819917
2025-11-10,0.21680417371479083
2025-11-11,0.2584059944452754
2025-11-12,0.30193504351965306
2025-11-13,0.3473913209379237
2025-11-14,0.39477482670008734
2025-11-17,0.4440855608061441
2025-11-18,0.4953235232560937
2025-11-19,0.5484887140499364
2025-11-20,0.6035811331876721
2025-11-21,0.6606007806693008
2025-11-24,0.7195476564948227
2025-11-25,0.7804217606642374
2025-11-26,0.8432230931775451
2025-11-27,0.9079516540347459
2025-11-28,0.9746074432358396
2025-12-01,1.6540597945936417
2025-12-02,1.7081610482631817
2025-12-03,1.7567261490414035
2025-12-04,1.7997550969283074
2025-12-05,1.8372478919238928
2025-12-08,1.8692045340281604
2025-12-09,1.8956250232411098
2025-12-10,1.9165093595627412
2025-12-11,1.9318575429930542
2025-12-12,1.9416695735320493
2025-12-15,1.9459454511797263
2025-12-16,1.944685175936085
2025-12-17,1.9378887478011257
2025-12-18,1.9255561667748484
2025-12-19,1.9076874328572528
2025-12-22,1.8842825460483392
2025-12-23,1.8553415063481073
2025-12-24,1.8208643137565574
2025-12-25,1.7808509682736895
2025-12-26,1.7353014698995035
2025-12-29,1.6842158186339993
2025-12-30,1.627594014477177
2025-12-31,1.5654360574290365
2026-01-01,0.09836487409659989
2026-01-02,0.15466219401454828
2026-01-05,0.20490863608227472
2026-01-06,0.24910420029977942
2026-01-07,0.2872488866670626
2026-01-08,0.3193426951841243
2026-01-09,0.345385625850964
2026-01-12,0.3653776786675822
2026-01-13,0.3793188536339789
2026-01-14,0.3872091507501536
2026-01-15,0.3890485700161068
2026-01-16,0.3848371114318385
2026-01-19,0.3745747749973485
2026-01-20,0.3582615607126367
2026-01-21,0.3358974685777032
2026-01-22,0.30748249859254817
2026-01-23,0.2730166507571714
2026-01-26,0.23249992507157313
2026-01-27,0.18593232153575312
2026-01-28,0.13331384014971137
2026-01-29,0.07464448091344811
2026-01-30,0.009924243826962886
2026-02-02,
2026-02-03,
2026-02-04,
2026-02-05,
2026-02-06,
2026-02-09,
2026-02-10,
2026-02-11,
2026-02-12,
2026-02-13,
2026-02-16,
2026-02-17,
2026-02-18,
2026-02-19,
2026-02-20,
2026-02-23,
2026-02-24,
2026-02-25,
2026-02-26,
2026-02-27,
2026-03-02,
2026-03-03,
2026-03-04,
2026-03-05,
2026-03-06,
2026-03-09,
2026-03-10,
2026-03-11,
2026-03-12,
2026-03-13,
2026-03-16,
2026-03-17,
2026-03-18,
2026-03-19,
2026-03-20,
2026-03-23,
2026-03-24,
2026-03-25,
2026-03-26,
2026-03-27,
2026-03-30,
2026-03-31,
2026-04-01,
2026-04-02,
2026-04-03,
2026-04-06,
2026-04-07,
2026-04-08,
2026-04-09,
2026-04-10,
2026-04-13,
2026-04-14,
2026-04-15,
2026-04-16,
2026-04-17,
2026-04-20,
2026-04-21,
2026-04-22,
2026-04-23,
2026-04-24,
2026-04-27,
2026-04-28,
2026-04-29,
2026-04-30,
2026-05-01,
2026-05-04,
2026-05-05,
2026-05-06,
2026-05-07,
2026-05-08,
2026-05-11,
2026-05-12,
2026-05-13,
2026-05-14,
2026-05-15,
2026-05-18,
2026-05-19,
2026-05-20,
2026-05-21,
2026-05-22,
2026-05-25,
2026-05-26,
2026-05-27,
2026-05-28,
2026-05-29,
2026-06-01,
2026-06-02,
2026-06-03,
2026-06-04,
2026-06-05,
2026-06-08,
2026-06-09,
2026-06-10,
2026-06-11,
2026-06-12,
2026-06-15,
2026-06-16,
2026-06-17,
2026-06-18,
2026-06-19,
2026-06-22,
2026-06-23,
2026-06-24,
2026-06-25,
2026-06-26,
2026-06-29,
2026-06-30,
