date,equity_pct
1999-01-14,-0.34976980963096793
1999-01-15,-0.29793671051634374
1999-01-18,-0.2463867728846087
1999-01-19,-0.19511999673576286
1999-01-20,-0.1441363820698061
1999-01-21,-0.09343592888673857
1999-01-22,-0.04301863718656007
1999-01-25,0.007115493030729225
1999-01-26,0.05696646176512943
1999-01-27,0.10653426901664032
1999-01-28,0.15581891478526222
1999-01-29,0.2048203990709948
1999-02-01,0.2652322693111975
1999-02-02,0.29640008753586544
1999-02-03,0.3274659676266932
1999-02-04,0.35842990958368093
1999-02-05,0.38929191340682856
1999-02-08,0.4200519790961361
1999-02-09,0.4507101066516035
1999-02-10,0.48126629607323085
1999-02-11,0.5117205473610181
1999-02-12,0.5420728605149653
1999-02-15,0.5723232355350724
1999-02-16,0.6024716724213393
1999-02-17,0.6325181711737662
1999-02-18,0.6624627317923529
1999-02-19,0.6923053542770996
1999-02-22,0.7220460386280062
1999-02-23,0.7516847848450727
1999-02-24,0.7812215929282992
1999-02-25,0.8106564628776854
1999-02-26,0.8399893946932316
1999-03-01,0.9676850953523299
1999-03-02,0.9918857375228298
1999-03-03,1.014868766488433
1999-03-04,1.0366341822491394
1999-03-05,1.057181984804949
1999-03-08,1.076512174155862
1999-03-09,1.0946247503018782
1999-03-10,1.1115197132429977
1999-03-11,1.1271970629792203
1999-03-12,1.1416567995105462
1999-03-15,1.1548989228369755
1999-03-16,1.1669234329585079
1999-03-17,1.1777303298751436
1999-03-18,1.1873196135868826
1999-03-19,1.1956912840937248
1999-03-22,1.2028453413956701
1999-03-23,1.208781785492719
1999-03-24,1.213500616384871
1999-03-25,1.2170018340721263
1999-03-26,1.2192854385544847
1999-03-29,1.2203514298319464
1999-03-30,1.2201998079045115
1999-03-31,1.2188305727721798
1999-04-01,1.1925045995656502
1999-04-02,1.1887632774097483
1999-04-05,1.183985065450501
1999-04-06,1.1781699636879088
1999-04-07,1.1713179721219718
1999-04-08,1.1634290907526894
1999-04-09,1.154503319580062
1999-04-12,1.1445406586040896
1999-04-13,1.1335411078247724
1999-04-14,1.1215046672421098
1999-04-15,1.1084313368561023
1999-04-16,1.0943211166667497
1999-04-19,1.079174006674052
1999-04-20,1.0629900068780094
1999-04-21,1.0457691172786217
1999-04-22,1.0275113378758889
1999-04-23,1.008216668669811
1999-04-26,0.9878851096603882
1999-04-27,0.9665166608476202
1999-04-28,0.9441113222315073
1999-04-29,0.9206690938120492
1999-04-30,0.8961899755892462
1999-05-03,0.6360346647081254
1999-05-04,0.6113567289037105
1999-05-05,0.5887319133222737
1999-05-06,0.5681602179638153
1999-05-07,0.549641642828335
1999-05-10,0.5331761879158332
1999-05-11,0.5187638532263096
1999-05-12,0.5064046387597643
1999-05-13,0.49609854451619717
1999-05-14,0.4878455704956084
1999-05-17,0.48164571669799794
1999-05-18,0.4774989831233657
1999-05-19,0.47540536977171177
1999-05-20,0.47536487664303606
1999-05-21,0.47737750373733867
1999-05-24,0.4814432510546196
1999-05-25,0.48756211859487875
1999-05-26,0.4957341063581162
1999-05-27,0.5059592143443319
1999-05-28,0.5182374425535259
1999-05-31,0.5325687909856981
1999-06-01,0.7553324099496912
1999-06-02,0.7702741253723233
1999-06-03,0.7845178361376712
1999-06-04,0.7980635422457347
1999-06-07,0.8109112436965139
1999-06-08,0.8230609404900089
1999-06-09,0.8345126326262196
1999-06-10,0.8452663201051458
1999-06-11,0.8553220029267878
1999-06-14,0.8646796810911456
1999-06-15,0.873339354598219
1999-06-16,0.8813010234480081
1999-06-17,0.888564687640513
1999-06-18,0.8951303471757335
1999-06-21,0.9009980020536698
1999-06-22,0.9061676522743217
1999-06-23,0.9106392978376893
1999-06-24,0.9144129387437726
1999-06-25,0.9174885749925716
1999-06-28,0.9198662065840864
1999-06-29,0.9215458335183169
1999-06-30,0.922527455795263
1999-07-01,0.8924741091378696
1999-07-02,0.892436578799341
1999-07-05,0.8920779005026219
1999-07-06,0.8913980742477124
1999-07-07,0.8903971000346125
1999-07-08,0.8890749778633221
1999-07-09,0.8874317077338413
1999-07-12,0.8854672896461699
1999-07-13,0.8831817236003082
1999-07-14,0.880575009596256
1999-07-15,0.8776471476340134
1999-07-16,0.8743981377135803
1999-07-19,0.8708279798349569
1999-07-20,0.8669366739981429
1999-07-21,0.8627242202031384
1999-07-22,0.8581906184499436
1999-07-23,0.8533358687385583
1999-07-26,0.8481599710689826
1999-07-27,0.8426629254412163
1999-07-28,0.8368447318552598
1999-07-29,0.8307053903111127
1999-07-30,0.8242449008087751
1999-08-02,0.8419117828158803
1999-08-03,0.8345052890807937
1999-08-04,0.8264739390711486
1999-08-05,0.8178177327869449
1999-08-06,0.8085366702281828
1999-08-09,0.798630751394862
1999-08-10,0.7880999762869826
1999-08-11,0.7769443449045448
1999-08-12,0.7651638572475483
1999-08-13,0.7527585133159933
1999-08-16,0.7397283131098797
1999-08-17,0.7260732566292075
1999-08-18,0.7117933438739769
1999-08-19,0.6968885748441876
1999-08-20,0.6813589495398398
1999-08-23,0.6652044679609335
1999-08-24,0.6484251301074685
1999-08-25,0.6310209359794451
1999-08-26,0.612991885576863
1999-08-27,0.5943379788997224
1999-08-30,0.5750592159480232
1999-08-31,0.5551555967217655
1999-09-01,0.2725739177973592
1999-09-02,0.2546759053191718
1999-09-03,0.23940835586361325
1999-09-06,0.22677126943068365
1999-09-07,0.21676464602038298
1999-09-08,0.20938848563271117
1999-09-09,0.20464278826766824
1999-09-10,0.20252755392525423
1999-09-13,0.2030427826054691
1999-09-14,0.20618847430831283
1999-09-15,0.2119646290337855
1999-09-16,0.22037124678188702
1999-09-17,0.23140832755261748
1999-09-20,0.2450758713459768
1999-09-21,0.26137387816196506
1999-09-22,0.2803023480005822
1999-09-23,0.3018612808618282
1999-09-24,0.32605067674570304
1999-09-27,0.3528705356522069
1999-09-28,0.3823208575813396
1999-09-29,0.41440164253310113
1999-09-30,0.44911289050749176
1999-10-01,0.8288042168919674
1999-10-04,0.8661553556889202
1999-10-05,0.9017377455716626
1999-10-06,0.9355513865401948
1999-10-07,0.9675962785945166
1999-10-08,0.997872421734628
1999-10-11,1.026379815960529
1999-10-12,1.0531184612722198
1999-10-13,1.0780883576697002
1999-10-14,1.1012895051529703
1999-10-15,1.12272190372203
1999-10-18,1.1423855533768794
1999-10-19,1.1602804541175182
1999-10-20,1.176406605943947
1999-10-21,1.1907640088561653
1999-10-22,1.2033526628541733
1999-10-25,1.214172567937971
1999-10-26,1.223223724107558
1999-10-27,1.230506131362935
1999-10-28,1.2360197897041016
1999-10-29,1.2397646991310578
1999-11-01,1.206501466970627
1999-11-02,1.2072137178592537
1999-11-03,1.206751884601613
1999-11-04,1.2051159671977054
1999-11-05,1.2023059656475306
1999-11-08,1.1983218799510884
1999-11-09,1.1931637101083792
1999-11-10,1.1868314561194027
1999-11-11,1.179325117984159
1999-11-12,1.1706446957026484
1999-11-15,1.1607901892748704
1999-11-16,1.1497615987008254
1999-11-17,1.137558923980513
1999-11-18,1.1241821651139334
1999-11-19,1.109631322101087
1999-11-22,1.093906394941973
1999-11-23,1.077007383636592
1999-11-24,1.058934288184944
1999-11-25,1.0396871085870285
1999-11-26,1.019265844842846
1999-11-29,0.9976704969523964
1999-11-30,0.9749010649156795
1999-12-01,0.8439655753974084
1999-12-02,0.8212107942796872
1999-12-03,0.7986037257844905
1999-12-06,0.7761443699118181
1999-12-07,0.7538327266616701
1999-12-08,0.7316687960340466
1999-12-09,0.7096525780289474
1999-12-10,0.6877840726463726
1999-12-13,0.6660632798863224
1999-12-14,0.6444901997487965
1999-12-15,0.623064832233795
1999-12-16,0.6017871773413179
1999-12-17,0.5806572350713652
1999-12-20,0.559675005423937
1999-12-21,0.5388404883990332
1999-12-22,0.5181536839966537
1999-12-23,0.4976145922167987
1999-12-24,0.47722321305946813
1999-12-27,0.45697954652466194
1999-12-28,0.4368835926123802
1999-12-29,0.4169353513226228
1999-12-30,0.39713482265538985
1999-12-31,0.3774820066106813
2000-01-03,0.22120379901782655
2000-01-04,0.20187074397789354
2000-01-05,0.18456736621756242
2000-01-06,0.16929366573683333
2000-01-07,0.15604964253570613
2000-01-10,0.14483529661418093
2000-01-11,0.1356506279722577
2000-01-12,0.1284956366099364
2000-01-13,0.12337032252721708
2000-01-14,0.12027468572409969
2000-01-17,0.11920872620058429
2000-01-18,0.12017244395667084
2000-01-19,0.12316583899235933
2000-01-20,0.1281889113076498
2000-01-21,0.13524166090254222
2000-01-24,0.1443240877770366
2000-01-25,0.15543619193113292
2000-01-26,0.16857797336483124
2000-01-27,0.18374943207813146
2000-01-28,0.2009505680710337
2000-01-31,0.22018138134353782
2000-02-01,0.586598329609727
2000-02-02,0.6051818184726068
2000-02-03,0.62108830564626
2000-02-04,0.6343177911306868
2000-02-07,0.6448702749258871
2000-02-08,0.652745757031861
2000-02-09,0.6579442374486085
2000-02-10,0.6604657161761295
2000-02-11,0.6603101932144241
2000-02-14,0.6574776685634922
2000-02-15,0.6519681422233339
2000-02-16,0.6437816141939491
2000-02-17,0.6329180844753379
2000-02-18,0.6193775530675002
2000-02-21,0.6031600199704361
2000-02-22,0.5842654851841456
2000-02-23,0.5626939487086287
2000-02-24,0.5384454105438852
2000-02-25,0.5115198706899153
2000-02-28,0.4819173291467189
2000-02-29,0.4496377859142962
2000-03-01,0.056723670626745826
2000-03-02,0.02666096120594591
2000-03-03,-0.0015476122724089048
2000-03-06,-0.02790204980831873
2000-03-07,-0.05240235140178348
2000-03-08,-0.07504851705280322
2000-03-09,-0.09584054676137788
2000-03-10,-0.11477844052750752
2000-03-13,-0.13186219835119212
2000-03-14,-0.14709182023243167
2000-03-15,-0.16046730617122618
2000-03-16,-0.17198865616757564
2000-03-17,-0.18165587022148005
2000-03-20,-0.18946894833293945
2000-03-21,-0.19542789050195378
2000-03-22,-0.19953269672852306
2000-03-23,-0.20178336701264732
2000-03-24,-0.2021799013543265
2000-03-27,-0.20072229975356068
2000-03-28,-0.1974105622103498
2000-03-29,-0.19224468872469389
2000-03-30,-0.18522467929659292
2000-03-31,-0.17635053392604688
2000-04-03,0.16552100109666834
2000-04-04,0.17534461979944885
2000-04-05,0.18265433369507017
2000-04-06,0.1874501427835323
2000-04-07,0.18973204706483526
2000-04-10,0.18950004653897903
2000-04-11,0.18675414120596362
2000-04-12,0.181494331065789
2000-04-13,0.17372061611845518
2000-04-14,0.1634329963639622
2000-04-17,0.15063147180231
2000-04-18,0.13531604243349868
2000-04-19,0.1174867082575281
2000-04-20,0.09714346927439835
2000-04-21,0.07428632548410945
2000-04-24,0.048915276886661294
2000-04-25,0.02103032348205404
2000-04-26,-0.00936853472971251
2000-04-27,-0.042281297748638216
2000-04-28,-0.07770796557472305
2000-05-01,-0.47001712097358084
2000-05-02,-0.5008536016922076
2000-05-03,-0.5295347608396836
2000-05-04,-0.5560605984160091
2000-05-05,-0.5804311144211837
2000-05-08,-0.6026463088552078
2000-05-09,-0.622706181718081
2000-05-10,-0.6406107330098036
2000-05-11,-0.6563599627303754
2000-05-12,-0.6699538708797967
2000-05-15,-0.6813924574580672
2000-05-16,-0.690675722465187
2000-05-17,-0.6978036659011562
2000-05-18,-0.7027762877659746
2000-05-19,-0.7055935880596423
2000-05-22,-0.7062555667821594
2000-05-23,-0.7047622239335257
2000-05-24,-0.7011135595137414
2000-05-25,-0.6953095735228064
2000-05-26,-0.6873502659607207
2000-05-29,-0.6772356368274842
2000-05-30,-0.6649656861230971
2000-05-31,-0.6505404138475593
2000-06-01,-0.42007172920141006
2000-06-02,-0.40303365784724476
2000-06-05,-0.38629177234227036
2000-06-06,-0.36984607268648684
2000-06-07,-0.35369655887989415
2000-06-08,-0.33784323092249247
2000-06-09,-0.32228608881428156
2000-06-12,-0.3070251325552616
2000-06-13,-0.29206036214543246
2000-06-14,-0.2773917775847942
2000-06-15,-0.26301937887334687
2000-06-16,-0.2489431660110904
2000-06-19,-0.2351631389980248
2000-06-20,-0.2216792978341501
2000-06-21,-0.20849164251946628
2000-06-22,-0.19560017305397331
2000-06-23,-0.1830048894376713
2000-06-26,-0.1707057916705601
2000-06-27,-0.1587028797526398
2000-06-28,-0.14699615368391036
2000-06-29,-0.13558561346437184
2000-06-30,-0.12447125909402418
2000-07-03,-0.09758819063130908
2000-07-04,-0.08679555693765309
2000-07-05,-0.07654360895345766
2000-07-06,-0.06683234667872284
2000-07-07,-0.057661770113448634
2000-07-10,-0.04903187925763503
2000-07-11,-0.04094267411128204
2000-07-12,-0.03339415467438965
2000-07-13,-0.026386320946957864
2000-07-14,-0.01991917292898668
2000-07-17,-0.013992710620476106
2000-07-18,-0.008606934021426128
2000-07-19,-0.0037618431318367698
2000-07-20,0.0005425620482919988
2000-07-21,0.004306281518960148
2000-07-24,0.007529315280167707
2000-07-25,0.010211663331914651
2000-07-26,0.012353325674200995
2000-07-27,0.013954302307026729
2000-07-28,0.015014593230391865
2000-07-31,0.01553419844429639
2000-08-01,0.03687636192939997
2000-08-02,0.03616378937498423
2000-08-03,0.03475789167513872
2000-08-04,0.03265866882986346
2000-08-07,0.029866120839158433
2000-08-08,0.02638024770302365
2000-08-09,0.022201049421459097
2000-08-10,0.017328525994464786
2000-08-11,0.011762677422040718
2000-08-14,0.005503503704186884
2000-08-15,-0.0014489951590967026
2000-08-16,-0.009094819167810061
2000-08-17,-0.01743396832195317
2000-08-18,-0.026466442621526063
2000-08-21,-0.0361922420665287
2000-08-22,-0.046611366656961084
2000-08-23,-0.05772381639282324
2000-08-24,-0.06952959127411518
2000-08-25,-0.08202869130083686
2000-08-28,-0.09522111647298828
2000-08-29,-0.10910686679056948
2000-08-30,-0.12368594225358047
2000-08-31,-0.13895834286202116
2000-09-01,-0.39866543133978594
2000-09-04,-0.41367031407712435
2000-09-05,-0.4261938084880383
2000-09-06,-0.43623591457252775
2000-09-07,-0.4437966323305927
2000-09-08,-0.4488759617622332
2000-09-11,-0.45147390286744915
2000-09-12,-0.4515904556462407
2000-09-13,-0.44922562009860767
2000-09-14,-0.4443793962245502
2000-09-15,-0.43705178402406825
2000-09-18,-0.42724278349716177
2000-09-19,-0.4149523946438309
2000-09-20,-0.4001806174640754
2000-09-21,-0.3829274519578955
2000-09-22,-0.3631928981252911
2000-09-25,-0.34097695596626226
2000-09-26,-0.31627962548080885
2000-09-27,-0.289100906668931
2000-09-28,-0.2594407995306286
2000-09-29,-0.22729930406590182
2000-10-02,0.1265343433277685
2000-10-03,0.15786881159866356
2000-10-04,0.18748863179435474
2000-10-05,0.21539380391484192
2000-10-06,0.24158432796012524
2000-10-09,0.2660602039302046
2000-10-10,0.28882143182508
2000-10-11,0.30986801164475153
2000-10-12,0.32919994338921915
2000-10-13,0.34681722705848284
2000-10-16,0.3627198626525426
2000-10-17,0.3769078501713984
2000-10-18,0.38938118961505025
2000-10-19,0.40013988098349823
2000-10-20,0.4091839242767423
2000-10-23,0.4165133194947824
2000-10-24,0.42212806663761854
2000-10-25,0.4260281657052508
2000-10-26,0.42821361669767916
2000-10-27,0.42868441961490356
2000-10-30,0.42744057445692407
2000-10-31,0.42448208122374065
2000-11-01,0.3126172374968736
2000-11-02,0.307561022056369
2000-11-03,0.3021217324837472
2000-11-06,0.29629936877900814
2000-11-07,0.29009393094215186
2000-11-08,0.2835054189731784
2000-11-09,0.27653383287208766
2000-11-10,0.26917917263887975
2000-11-13,0.2614414382735546
2000-11-14,0.2533206297761122
2000-11-15,0.24481674714655258
2000-11-16,0.23592979038487577
2000-11-17,0.2266597594910817
2000-11-20,0.21700665446517042
2000-11-21,0.20697047530714194
2000-11-22,0.19655122201699618
2000-11-23,0.18574889459473326
2000-11-24,0.17456349304035307
2000-11-27,0.16299501735385566
2000-11-28,0.15104346753524106
2000-11-29,0.1387088435845092
2000-11-30,0.12599114550166013
2000-12-01,-0.07202938582324375
2000-12-04,-0.08365713567516275
2000-12-05,-0.09318801686808367
2000-12-06,-0.10062202940200649
2000-12-07,-0.10595917327693125
2000-12-08,-0.10919944849285793
2000-12-11,-0.11034285504978653
2000-12-12,-0.10938939294771705
2000-12-13,-0.1063390621866495
2000-12-14,-0.10119186276658386
2000-12-15,-0.09394779468752015
2000-12-18,-0.08460685794945834
2000-12-19,-0.07316905255239849
2000-12-20,-0.05963437849634052
2000-12-21,-0.044002835781284506
2000-12-22,-0.026274424407230372
2000-12-25,-0.006449144374178213
2000-12-26,0.015473004317872081
2000-12-27,0.03949202166892038
2000-12-28,0.06560790767896685
2000-12-29,0.09382066234801131
2001-01-01,0.4165812285665253
2001-01-02,0.4426643417443533
2001-01-03,0.4671565641917965
2001-01-04,0.49005789590885496
2001-01-05,0.5113683368955286
2001-01-08,0.5310878871518175
2001-01-09,0.5492165466777217
2001-01-10,0.565754315473241
2001-01-11,0.5807011935383756
2001-01-12,0.5940571808731253
2001-01-15,0.6058222774774903
2001-01-16,0.6159964833514705
2001-01-17,0.624579798495066
2001-01-18,0.6315722229082766
2001-01-19,0.6369737565911024
2001-01-22,0.6407843995435435
2001-01-23,0.6430041517655999
2001-01-24,0.6436330132572714
2001-01-25,0.6426709840185582
2001-01-26,0.6401180640494601
2001-01-29,0.6359742533499773
2001-01-30,0.6302395519201097
2001-01-31,0.6229139597598573
2001-02-01,0.56576352983234
2001-02-02,0.5541196019749678
2001-02-05,0.541085701584456
2001-02-06,0.5266618286608048
2001-02-07,0.5108479832040139
2001-02-08,0.4936441652140836
2001-02-09,0.47505037469101374
2001-02-12,0.4550666116348044
2001-02-13,0.4336928760454555
2001-02-14,0.4109291679229671
2001-02-15,0.3867754872673391
2001-02-16,0.3612318340785717
2001-02-19,0.3342982083566647
2001-02-20,0.30597461010161814
2001-02-21,0.27626103931343216
2001-02-22,0.24515749599210654
2001-02-23,0.21266398013764148
2001-02-26,0.17878049175003688
2001-02-27,0.14350703082929273
2001-02-28,0.1068435973754091
2001-03-01,-0.4951565720364659
2001-03-02,-0.5238717788426527
2001-03-05,-0.5467081870122779
2001-03-06,-0.5636657965453411
2001-03-07,-0.574744607441843
2001-03-08,-0.5799446197017832
2001-03-09,-0.5792658333251618
2001-03-12,-0.5727082483119788
2001-03-13,-0.560271864662234
2001-03-14,-0.5419566823759276
2001-03-15,-0.5177627014530597
2001-03-16,-0.4876899218936302
2001-03-19,-0.451738343697639
2001-03-20,-0.4099079668650862
2001-03-21,-0.3621987913959718
2001-03-22,-0.3086108172902956
2001-03-23,-0.24914404454805794
2001-03-26,-0.18379847316925862
2001-03-27,-0.1125741031538976
2001-03-28,-0.03547093450197503
2001-03-29,0.047511032786509144
2001-03-30,0.13637179871155514
2001-04-02,1.1518004532196686
2001-04-03,1.244980651584109
2001-04-04,1.3320900759151155
2001-04-05,1.413128726212688
2001-04-06,1.4880966024768265
2001-04-09,1.5569937047075308
2001-04-10,1.6198200329048011
2001-04-11,1.6765755870686376
2001-04-12,1.72726036719904
2001-04-13,1.7718743732960083
2001-04-16,1.8104176053595427
2001-04-17,1.842890063389643
2001-04-18,1.8692917473863093
2001-04-19,1.8896226573495416
2001-04-20,1.9038827932793398
2001-04-23,1.912072155175704
2001-04-24,1.9141907430386342
2001-04-25,1.9102385568681304
2001-04-26,1.9002155966641927
2001-04-27,1.8841218624268208
2001-04-30,1.8619573541560148
2001-05-01,1.5340718492014935
2001-05-02,1.5066518968803309
2001-05-03,1.477592032602746
2001-05-04,1.4468922563687396
2001-05-07,1.414552568178311
2001-05-08,1.3805729680314607
2001-05-09,1.3449534559281884
2001-05-10,1.307694031868494
2001-05-11,1.2687946958523777
2001-05-14,1.2282554478798395
2001-05-15,1.1860762879508795
2001-05-16,1.1422572160654973
2001-05-17,1.0967982322236933
2001-05-18,1.0496993364254674
2001-05-21,1.0009605286708194
2001-05-22,0.9505818089597498
2001-05-23,0.898563177292258
2001-05-24,0.8449046336683441
2001-05-25,0.7896061780880086
2001-05-28,0.7326678105512511
2001-05-29,0.6740895310580717
2001-05-30,0.6138713396084701
2001-05-31,0.5520132362024467
2001-06-01,0.02562839596202232
2001-06-04,-0.03961408319363796
2001-06-05,-0.10055359610799502
2001-06-06,-0.15719014278104843
2001-06-07,-0.20952372321279844
2001-06-08,-0.2575543374032449
2001-06-11,-0.30128198535238787
2001-06-12,-0.34070666706022734
2001-06-13,-0.37582838252676337
2001-06-14,-0.40664713175199585
2001-06-15,-0.4331629147359249
2001-06-18,-0.4553757314785504
2001-06-19,-0.47328558197987247
2001-06-20,-0.486892466239891
2001-06-21,-0.496196384258606
2001-06-22,-0.5011973360360176
2001-06-25,-0.5018953215721257
2001-06-26,-0.49829034086693025
2001-06-27,-0.49038239392043137
2001-06-28,-0.47817148073262894
2001-06-29,-0.46165760130352307
2001-07-02,-0.07381235289343918
2001-07-03,-0.054587077234477005
2001-07-04,-0.0360071513292162
2001-07-05,-0.018072575177656744
2001-07-06,-0.00078334877979859
2001-07-09,0.015860527864358168
2001-07-10,0.0318590547548136
2001-07-11,0.04721223189156768
2001-07-12,0.06192005927462044
2001-07-13,0.07598253690397185
2001-07-16,0.0893996647796219
2001-07-17,0.10217144290157061
2001-07-18,0.114297871269818
2001-07-19,0.125778949884364
2001-07-20,0.1366146787452087
2001-07-23,0.14680505785235204
2001-07-24,0.15635008720579402
2001-07-25,0.16524976680553466
2001-07-26,0.173504096651574
2001-07-27,0.18111307674391192
2001-07-30,0.1880767070825486
2001-07-31,0.19439498766748387
2001-08-01,0.366431036425038
2001-08-02,0.36937507834330374
2001-08-03,0.36983688051517666
2001-08-06,0.36781644294065685
2001-08-07,0.3633137656197442
2001-08-08,0.3563288485524388
2001-08-09,0.34686169173874054
2001-08-10,0.3349122951786495
2001-08-13,0.3204806588721657
2001-08-14,0.30356678281928906
2001-08-15,0.28417066702001964
2001-08-16,0.2622923114743574
2001-08-17,0.2379317161823024
2001-08-20,0.21108888114385455
2001-08-21,0.18176380635901396
2001-08-22,0.1499564918277806
2001-08-23,0.11566693755015442
2001-08-24,0.07889514352613536
2001-08-27,0.0396411097557236
2001-08-28,-0.0020951637610809593
2001-08-29,-0.04631367702427833
2001-08-30,-0.09301443003386858
2001-08-31,-0.14219742278985156
2001-09-03,-0.9281813335160864
2001-09-04,-0.9798970022005311
2001-09-05,-1.0239133221916883
2001-09-06,-1.0602302934895582
2001-09-07,-1.0888479160941404
2001-09-10,-1.1097661900054354
2001-09-11,-1.1229851152234431
2001-09-12,-1.1285046917481631
2001-09-13,-1.1263249195795957
2001-09-14,-1.116445798717741
2001-09-17,-1.0988673291625985
2001-09-18,-1.0735895109141689
2001-09-19,-1.0406123439724517
2001-09-20,-0.9999358283374471
2001-09-21,-0.9515599640091552
2001-09-24,-0.8954847509875756
2001-09-25,-0.8317101892727088
2001-09-26,-0.7602362788645545
2001-09-27,-0.6810630197631126
2001-09-28,-0.5941904119683834
2001-10-01,0.3972483562569531
2001-10-02,0.47504134175132184
2001-10-03,0.5483908288374357
2001-10-04,0.6172968175152953
2001-10-05,0.6817593077849002
2001-10-08,0.7417782996462506
2001-10-09,0.7973537930993464
2001-10-10,0.8484857881441876
2001-10-11,0.8951742847807743
2001-10-12,0.9374192830091064
2001-10-15,0.9752207828291839
2001-10-16,1.0085787842410068
2001-10-17,1.0374932872445752
2001-10-18,1.0619642918398893
2001-10-19,1.0819917980269484
2001-10-22,1.0975758058057532
2001-10-23,1.108716315176303
2001-10-24,1.115413326138599
2001-10-25,1.1176668386926396
2001-10-26,1.1154768528384262
2001-10-29,1.108843368575958
2001-10-30,1.0977663859052353
2001-10-31,1.0822459048262583
2001-11-01,0.6965448807123551
2001-11-02,0.6753536396355921
2001-11-05,0.6538425905823537
2001-11-06,0.6320117335526401
2001-11-07,0.6098610685464512
2001-11-08,0.5873905955637873
2001-11-09,0.5646003146046479
2001-11-12,0.5414902256690333
2001-11-13,0.5180603287569432
2001-11-14,0.4943106238683781
2001-11-15,0.4702411110033377
2001-11-16,0.445851790161822
2001-11-19,0.42114266134383105
2001-11-20,0.3961137245493649
2001-11-21,0.3707649797784235
2001-11-22,0.34509642703100674
2001-11-23,0.3191080663071148
2001-11-26,0.2927998976067476
2001-11-27,0.266171920929905
2001-11-28,0.23922413627658728
2001-11-29,0.21195654364679428
2001-11-30,0.18436914304052598
2001-12-03,-0.02571419910338242
2001-12-04,-0.05282622509725547
2001-12-05,-0.07781415380784182
2001-12-06,-0.1006779852351413
2001-12-07,-0.12141771937915403
2001-12-10,-0.14003335623987995
2001-12-11,-0.1565248958173191
2001-12-12,-0.17089233811147142
2001-12-13,-0.18313568312233697
2001-12-14,-0.19325493084991568
2001-12-17,-0.20125008129420763
2001-12-18,-0.2071211344552128
2001-12-19,-0.2108680903329312
2001-12-20,-0.21249094892736275
2001-12-21,-0.2119897102385075
2001-12-24,-0.2093643742663655
2001-12-25,-0.2046149410109367
2001-12-26,-0.19774141047222105
2001-12-27,-0.18874378265021868
2001-12-28,-0.1776220575449295
2001-12-31,-0.16437623515635352
2002-01-01,0.5402805768317127
2002-01-02,0.5482436633905738
2002-01-03,0.5501364315905083
2002-01-04,0.5459588814315163
2002-01-07,0.5357110129135976
2002-01-08,0.5193928260367522
2002-01-09,0.4970043208009802
2002-01-10,0.4685454972062816
2002-01-11,0.43401635525265636
2002-01-14,0.39341689494010457
2002-01-15,0.3467471162686261
2002-01-16,0.29400701923822103
2002-01-17,0.23519660384888935
2002-01-18,0.1703158701006309
2002-01-21,0.09936481799344601
2002-01-22,0.022343447527334498
2002-01-23,-0.06074824129770365
2002-01-24,-0.1499102484816686
2002-01-25,-0.24514257402456
2002-01-28,-0.34644521792637795
2002-01-29,-0.4538181801871225
2002-01-30,-0.567261460806794
2002-01-31,-0.6867750597853919
2002-02-01,-2.292706185875922
2002-02-04,-2.423041369019081
2002-02-05,-2.5392902303672447
2002-02-06,-2.641452769920414
2002-02-07,-2.729528987678588
2002-02-08,-2.8035188836417677
2002-02-11,-2.8634224578099525
2002-02-12,-2.9092397101831424
2002-02-13,-2.940970640761338
2002-02-14,-2.958615249544539
2002-02-15,-2.9621735365327444
2002-02-18,-2.951645501725956
2002-02-19,-2.927031145124172
2002-02-20,-2.888330466727394
2002-02-21,-2.835543466535621
2002-02-22,-2.7686701445488535
2002-02-25,-2.6877105007670914
2002-02-26,-2.592664535190334
2002-02-27,-2.483532247818582
2002-02-28,-2.3603136386518355
2002-03-01,-1.0585014309487102
2002-03-04,-0.9308853215199998
2002-03-05,-0.8064197035785229
2002-03-06,-0.6851045771242797
2002-03-07,-0.5669399421572702
2002-03-08,-0.4519257986774944
2002-03-11,-0.3400621466849522
2002-03-12,-0.23134898617964367
2002-03-13,-0.12578631716156874
2002-03-14,-0.023374139630727472
2002-03-15,0.07588754641288015
2002-03-18,0.17199874096925422
2002-03-19,0.26495944403839444
2002-03-20,0.3547696556203012
2002-03-21,0.44142937571497415
2002-03-22,0.5249386043224136
2002-03-25,0.6052973414426194
2002-03-26,0.6825055870755915
2002-03-27,0.7565633412213298
2002-03-28,0.8274706038798347
2002-03-29,0.8952273750511058
2002-04-01,1.0542596979642669
2002-04-02,1.111868081240521
2002-04-03,1.1654152171855385
2002-04-04,1.2149011057993195
2002-04-05,1.2603257470818645
2002-04-08,1.3016891410331726
2002-04-09,1.3389912876532446
2002-04-10,1.37223218694208
2002-04-11,1.401411838899679
2002-04-12,1.4265302435260416
2002-04-15,1.447587400821168
2002-04-16,1.4645833107850577
2002-04-17,1.477517973417711
2002-04-18,1.486391388719128
2002-04-19,1.4912035566893087
2002-04-22,1.491954477328253
2002-04-23,1.4886441506359607
2002-04-24,1.481272576612432
2002-04-25,1.4698397552576667
2002-04-26,1.4543456865716653
2002-04-29,1.4347903705544274
2002-04-30,1.4111738072059532
2002-05-01,1.0413807968157935
2002-05-02,1.0150857610395962
2002-05-03,0.9889701170938807
2002-05-06,0.9630338649786475
2002-05-07,0.9372770046938964
2002-05-08,0.9116995362396275
2002-05-09,0.8863014596158408
2002-05-10,0.8610827748225364
2002-05-13,0.8360434818597141
2002-05-14,0.811183580727374
2002-05-15,0.7865030714255161
2002-05-16,0.7620019539541404
2002-05-17,0.7376802283132469
2002-05-20,0.7135378945028356
2002-05-21,0.6895749525229063
2002-05-22,0.6657914023734595
2002-05-23,0.6421872440544947
2002-05-24,0.6187624775660121
2002-05-27,0.5955171029080117
2002-05-28,0.5724511200804936
2002-05-29,0.5495645290834577
2002-05-30,0.5268573299169038
2002-05-31,0.5043295225808322
2002-06-03,0.5133137606402813
2002-06-04,0.4873541007991463
2002-06-05,0.4611354589483042
2002-06-06,0.434657835087755
2002-06-07,0.4079212292174986
2002-06-10,0.38092564133753504
2002-06-11,0.35367107144786436
2002-06-12,0.3261575195484866
2002-06-13,0.29838498563940163
2002-06-14,0.27035346972060953
2002-06-17,0.24206297179211025
2002-06-18,0.2135134918539039
2002-06-19,0.18470502990599036
2002-06-20,0.15563758594836968
2002-06-21,0.1263111599810419
2002-06-24,0.09672575200400693
2002-06-25,0.06688136201726486
2002-06-26,0.03677799002081561
2002-06-27,0.006415636014659193
2002-06-28,-0.02420570000120431
2002-07-01,-0.10223266450485385
2002-07-02,-0.12872218000031693
2002-07-03,-0.1548487605342251
2002-07-04,-0.1806124061065784
2002-07-05,-0.2060131167173768
2002-07-08,-0.23105089236662033
2002-07-09,-0.2557257330543089
2002-07-10,-0.2800376387804427
2002-07-11,-0.3039866095450215
2002-07-12,-0.3275726453480455
2002-07-15,-0.35079574618951453
2002-07-16,-0.3736559120694287
2002-07-17,-0.396153142987788
2002-07-18,-0.4182874389445924
2002-07-19,-0.4400587999398419
2002-07-22,-0.4614672259735365
2002-07-23,-0.4825127170456762
2002-07-24,-0.5031952731562611
2002-07-25,-0.5235148943052911
2002-07-26,-0.5434715804927661
2002-07-29,-0.5630653317186862
2002-07-30,-0.5822961479830515
2002-07-31,-0.6011640292858619
2002-08-01,-0.46650014898974324
2002-08-02,-0.4873574232553882
2002-08-05,-0.5097258915208199
2002-08-06,-0.5336055537860387
2002-08-07,-0.5589964100510444
2002-08-08,-0.5858984603158368
2002-08-09,-0.6143117045804162
2002-08-12,-0.6442361428447825
2002-08-13,-0.6756717751089357
2002-08-14,-0.7086186013728758
2002-08-15,-0.7430766216366028
2002-08-16,-0.7790458359001167
2002-08-19,-0.8165262441634175
2002-08-20,-0.8555178464265051
2002-08-21,-0.8960206426893796
2002-08-22,-0.9380346329520411
2002-08-23,-0.9815598172144896
2002-08-26,-1.0265961954767246
2002-08-27,-1.0731437677387472
2002-08-28,-1.121202534000556
2002-08-29,-1.170772494262152
2002-08-30,-1.2218536485235347
2002-09-02,-2.1721970440774054
2002-09-03,-2.216727684444707
2002-09-04,-2.250692219381894
2002-09-05,-2.2740906488889663
2002-09-06,-2.286922972965924
2002-09-09,-2.2891891916127673
2002-09-10,-2.280889304829496
2002-09-11,-2.26202331261611
2002-09-12,-2.2325912149726097
2002-09-13,-2.192593011898995
2002-09-16,-2.1420287033952654
2002-09-17,-2.0808982894614214
2002-09-18,-2.009201770097463
2002-09-19,-1.9269391453033897
2002-09-20,-1.8341104150792022
2002-09-23,-1.7307155794249
2002-09-24,-1.6167546383404834
2002-09-25,-1.4922275918259522
2002-09-26,-1.3571344398813068
2002-09-27,-1.2114751825065462
2002-09-30,-1.0552498197016718
2002-10-01,0.6925066527698283
2002-10-02,0.8355516846660956
2002-10-03,0.9693538861571185
2002-10-04,1.0939132572428971
2002-10-07,1.209229797923431
2002-10-08,1.3153035081987206
2002-10-09,1.4121343880687656
2002-10-10,1.499722437533566
2002-10-11,1.578067656593122
2002-10-14,1.6471700452474336
2002-10-15,1.7070296034965005
2002-10-16,1.757646331340323
2002-10-17,1.799020228778901
2002-10-18,1.8311512958122345
2002-10-21,1.8540395324403234
2002-10-22,1.867684938663168
2002-10-23,1.8720875144807678
2002-10-24,1.8672472598931233
2002-10-25,1.8531641749002343
2002-10-28,1.8298382595021008
2002-10-29,1.797269513698723
2002-10-30,1.7554579374901003
2002-10-31,1.7044035308762333
2002-11-01,0.6255990287993346
2002-11-04,0.5623173826747035
2002-11-05,0.5017939214463725
2002-11-06,0.444028645114342
2002-11-07,0.38902155367861174
2002-11-08,0.336772647139182
2002-11-11,0.2872819254960525
2002-11-12,0.2405493887492235
2002-11-13,0.1965750368986948
2002-11-14,0.15535886994446652
2002-11-15,0.11690088788653857
2002-11-18,0.081201090724911
2002-11-19,0.04825947845958384
2002-11-20,0.018076051090557016
2002-11-21,-0.009349191382169386
2002-11-22,-0.03401624895859548
2002-11-25,-0.0559251216387211
2002-11-26,-0.07507580942254646
2002-11-27,-0.09146831231007135
2002-11-28,-0.10510263030129591
2002-11-29,-0.11597876339622007
2002-12-02,-0.00999641941948115
2002-12-03,-0.01664784079205838
2002-12-04,-0.022201732983981017
2002-12-05,-0.026658095995249067
2002-12-06,-0.030016929825862532
2002-12-09,-0.03227823447582141
2002-12-10,-0.0334420099451257
2002-12-11,-0.03350825623377541
2002-12-12,-0.032476973341770535
2002-12-13,-0.030348161269111072
2002-12-16,-0.02712182001579702
2002-12-17,-0.02279794958182839
2002-12-18,-0.01737654996720516
2002-12-19,-0.010857621171927364
2002-12-20,-0.003241163195994979
2002-12-23,0.00547282396059201
2002-12-24,0.015284340297833557
2002-12-25,0.02619338581572969
2002-12-26,0.03819996051428044
2002-12-27,0.05130406439348574
2002-12-30,0.06550569745334564
2002-12-31,0.08080485969386016
2003-01-01,0.39579637466562895
2003-01-02,0.4090869826606838
2003-01-03,0.41998440685663163
2003-01-06,0.4284886472534726
2003-01-07,0.4345997038512066
2003-01-08,0.43831757664983373
2003-01-09,0.4396422656493539
2003-01-10,0.4385737708497671
2003-01-13,0.43511209225107345
2003-01-14,0.42925722985327286
2003-01-15,0.42100918365636536
2003-01-16,0.4103679536603509
2003-01-17,0.3973335398652295
2003-01-20,0.3819059422710012
2003-01-21,0.364085160877666
2003-01-22,0.34387119568522384
2003-01-23,0.3212640466936748
2003-01-24,0.29626371390301875
2003-01-27,0.2688701973132559
2003-01-28,0.23908349692438607
2003-01-29,0.20690361273640934
2003-01-30,0.17233054474932558
2003-01-31,0.135364292963135
2003-02-03,-0.17537678645394955
2003-02-04,-0.21977052065762093
2003-02-05,-0.26329463814187154
2003-02-06,-0.30594913890670145
2003-02-07,-0.34773402295211053
2003-02-10,-0.38864929027809897
2003-02-11,-0.4286949408846666
2003-02-12,-0.4678709747718135
2003-02-13,-0.5061773919395396
2003-02-14,-0.5436141923878449
2003-02-17,-0.5801813761167296
2003-02-18,-0.6158789431261934
2003-02-19,-0.6507068934162364
2003-02-20,-0.6846652269868588
2003-02-21,-0.7177539438380603
2003-02-24,-0.7499730439698412
2003-02-25,-0.7813225273822013
2003-02-26,-0.8118023940751407
2003-02-27,-0.8414126440486592
2003-02-28,-0.870153277302757
2003-03-03,-1.4458817524322547
2003-03-04,-1.4641571608933566
2003-03-05,-1.4741641525444389
2003-03-06,-1.475902727385502
2003-03-07,-1.4693728854165462
2003-03-10,-1.4545746266375708
2003-03-11,-1.4315079510485762
2003-03-12,-1.4001728586495623
2003-03-13,-1.3605693494405293
2003-03-14,-1.312697423421477
2003-03-17,-1.2565570805924053
2003-03-18,-1.1921483209533144
2003-03-19,-1.1194711445042043
2003-03-20,-1.0385255512450748
2003-03-21,-0.9493115411759263
2003-03-24,-0.8518291142967582
2003-03-25,-0.7460782706075711
2003-03-26,-0.6320590101083646
2003-03-27,-0.509771332799139
2003-03-28,-0.3792152386798938
2003-03-31,-0.24039072775062986
2003-04-01,1.2589695543068222
2003-04-02,1.3900688646048953
2003-04-03,1.511860599631725
2003-04-04,1.6243447593873117
2003-04-07,1.7275213438716552
2003-04-08,1.8213903530847555
2003-04-09,1.9059517870266127
2003-04-10,1.9812056456972267
2003-04-11,2.047151929096598
2003-04-14,2.1037906372247255
2003-04-15,2.1511217700816103
2003-04-16,2.1891453276672515
2003-04-17,2.21786130998165
2003-04-18,2.2372697170248053
2003-04-21,2.2473705487967175
2003-04-22,2.248163805297386
2003-04-23,2.2396494865268117
2003-04-24,2.2218275924849946
2003-04-25,2.194698123171934
2003-04-28,2.1582610785876306
2003-04-29,2.1125164587320837
2003-04-30,2.0574642636052936
2003-05-01,0.9767730670642035
2003-05-02,0.9157309565022945
2003-05-05,0.8580065057765095
2003-05-06,0.8035997148868486
2003-05-07,0.7525105838333116
2003-05-08,0.7047391126158987
2003-05-09,0.6602853012346097
2003-05-12,0.6191491496894449
2003-05-13,0.581330657980404
2003-05-14,0.5468298261074872
2003-05-15,0.5156466540706943
2003-05-16,0.48778114187002564
2003-05-19,0.4632332895054808
2003-05-20,0.4420030969770601
2003-05-21,0.42409056428476344
2003-05-22,0.40949569142859077
2003-05-23,0.39821847840854213
2003-05-26,0.3902589252246175
2003-05-27,0.3856170318768169
2003-05-28,0.38429279836514035
2003-05-29,0.38628622468958784
2003-05-30,0.39159731085015936
2003-06-02,0.5435147670967925
2003-06-03,0.5542451560266969
2003-06-04,0.5666662952233008
2003-06-05,0.5807781846866044
2003-06-06,0.5965808244166074
2003-06-09,0.6140742144133101
2003-06-10,0.6332583546767122
2003-06-11,0.654133245206814
2003-06-12,0.6766988860036154
2003-06-13,0.7009552770671162
2003-06-16,0.7269024183973167
2003-06-17,0.7545403099942167
2003-06-18,0.7838689518578164
2003-06-19,0.8148883439881155
2003-06-20,0.8475984863851141
2003-06-23,0.8819993790488124
2003-06-24,0.9180910219792103
2003-06-25,0.9558734151763078
2003-06-26,0.9953465586401046
2003-06-27,1.0365104523706012
2003-06-30,1.0793650963677974
2003-07-01,1.523969825969127
2003-07-02,1.5614825288392626
2003-07-03,1.5958360528603244
2003-07-04,1.6270303980323126
2003-07-07,1.6550655643552274
2003-07-08,1.6799415518290686
2003-07-09,1.701658360453836
2003-07-10,1.72021599022953
2003-07-11,1.7356144411561503
2003-07-14,1.747853713233697
2003-07-15,1.7569338064621702
2003-07-16,1.7628547208415697
2003-07-17,1.7656164563718957
2003-07-18,1.765219013053148
2003-07-21,1.7616623908853268
2003-07-22,1.754946589868432
2003-07-23,1.7450716100024635
2003-07-24,1.7320374512874215
2003-07-25,1.7158441137233058
2003-07-28,1.6964915973101167
2003-07-29,1.6739799020478539
2003-07-30,1.6483090279365173
2003-07-31,1.6194789749761074
2003-08-01,1.3978746603520098
2003-08-04,1.3616127084097247
2003-08-05,1.3241246298403024
2003-08-06,1.2854104246437434
2003-08-07,1.2454700928200477
2003-08-08,1.2043036343692153
2003-08-11,1.1619110492912461
2003-08-12,1.1182923375861402
2003-08-13,1.0734474992538976
2003-08-14,1.0273765342945183
2003-08-15,0.980079442708002
2003-08-18,0.9315562244943489
2003-08-19,0.8818068796535594
2003-08-20,0.8308314081856328
2003-08-21,0.7786298100905698
2003-08-22,0.7252020853683698
2003-08-25,0.6705482340190332
2003-08-26,0.6146682560425597
2003-08-27,0.5575621514389496
2003-08-28,0.49922992020820267
2003-08-29,0.4396715623503191
2003-09-01,-0.3185966826292197
2003-09-02,-0.3690536487541506
2003-09-03,-0.4119460276319472
2003-09-04,-0.44727381926260956
2003-09-05,-0.47503702364613787
2003-09-08,-0.4952356407825318
2003-09-09,-0.5078696706717917
2003-09-10,-0.5129391133139174
2003-09-11,-0.510443968708909
2003-09-12,-0.5003842368567663
2003-09-15,-0.4827599177574894
2003-09-16,-0.4575710114110785
2003-09-17,-0.4248175178175332
2003-09-18,-0.38449943697685385
2003-09-19,-0.33661676888904035
2003-09-22,-0.2811695135540926
2003-09-23,-0.2181576709720107
2003-09-24,-0.14758124114279467
2003-09-25,-0.06944022406644432
2003-09-26,0.01626538025704008
2003-09-29,0.10953557182765852
2003-09-30,0.21037035064541157
2003-10-01,1.5876602779679372
2003-10-02,1.6838205168008087
2003-10-03,1.7724546443175295
2003-10-06,1.8535626605180995
2003-10-07,1.9271445654025186
2003-10-08,1.993200358970787
2003-10-09,2.0517300412229043
2003-10-10,2.102733612158871
2003-10-13,2.146211071778687
2003-10-14,2.182162420082352
2003-10-15,2.2105876570698664
2003-10-16,2.23148678274123
2003-10-17,2.2448597970964426
2003-10-20,2.2507067001355043
2003-10-21,2.2490274918584157
2003-10-22,2.239822172265176
2003-10-23,2.2230907413557857
2003-10-24,2.1988331991302443
2003-10-27,2.167049545588552
2003-10-28,2.1277397807307095
2003-10-29,2.0809039045567155
2003-10-30,2.026541917066571
2003-10-31,1.9646538182602757
2003-11-03,0.9358308619276289
2003-11-04,0.8603940674241052
2003-11-05,0.7893468200578712
2003-11-06,0.7226891198289264
2003-11-07,0.6604209667372712
2003-11-10,0.6025423607829054
2003-11-11,0.5490533019658289
2003-11-12,0.4999537902860419
2003-11-13,0.4552438257435445
2003-11-14,0.4149234083383364
2003-11-17,0.37899253807041766
2003-11-18,0.3474512149397885
2003-11-19,0.3202994389464487
2003-11-20,0.29753721009039835
2003-11-21,0.2791645283716374
2003-11-24,0.2651813937901659
2003-11-25,0.2555878063459839
2003-11-26,0.2503837660390913
2003-11-27,0.24956927286948805
2003-11-28,0.25314432683717436
2003-12-01,0.4677561877675508
2003-12-02,0.475644861884942
2003-12-03,0.4844964700284411
2003-12-04,0.4943110121980482
2003-12-05,0.5050884883937632
2003-12-08,0.5168288986155862
2003-12-09,0.5295322428635172
2003-12-10,0.5431985211375561
2003-12-11,0.557827733437703
2003-12-12,0.5734198797639578
2003-12-15,0.5899749601163206
2003-12-16,0.6074929744947913
2003-12-17,0.62597392289937
2003-12-18,0.6454178053300568
2003-12-19,0.6658246217868513
2003-12-22,0.6871943722697539
2003-12-23,0.7095270567787644
2003-12-24,0.7328226753138829
2003-12-25,0.7570812278751093
2003-12-26,0.7823027144624438
2003-12-29,0.8084871350758861
2003-12-30,0.8356344897154365
2003-12-31,0.8637447783810948
2004-01-01,1.2624188637775073
2004-01-02,1.289283138040745
2004-01-05,1.3126169537531012
2004-01-06,1.3324203109145756
2004-01-07,1.3486932095251685
2004-01-08,1.3614356495848796
2004-01-09,1.3706476310937092
2004-01-12,1.3763291540516571
2004-01-13,1.3784802184587235
2004-01-14,1.3771008243149083
2004-01-15,1.3721909716202114
2004-01-16,1.363750660374633
2004-01-19,1.351779890578173
2004-01-20,1.3362786622308314
2004-01-21,1.3172469753326081
2004-01-22,1.2946848298835032
2004-01-23,1.2685922258835167
2004-01-26,1.2389691633326487
2004-01-27,1.205815642230899
2004-01-28,1.1691316625782677
2004-01-29,1.1289172243747547
2004-01-30,1.0851723276203602
2004-02-02,0.5224799684744859
2004-02-03,0.47391845091280804
2004-02-04,0.4287983066252558
2004-02-05,0.38711953561182944
2004-02-06,0.34888213787252886
2004-02-09,0.314086113407354
2004-02-10,0.28273146221630496
2004-02-11,0.25481818429938174
2004-02-12,0.23034627965658427
2004-02-13,0.2093157482879126
2004-02-16,0.1917265901933667
2004-02-17,0.17757880537294662
2004-02-18,0.1668723938266523
2004-02-19,0.1596073555544838
2004-02-20,0.15578369055644103
2004-02-23,0.1554013988325241
2004-02-24,0.15846048038273292
2004-02-25,0.16496093520706756
2004-02-26,0.17490276330552795
2004-02-27,0.18828596467811415
2004-03-01,0.27756874483229244
2004-03-02,0.2939635354510408
2004-03-03,0.31212305177835314
2004-03-04,0.3320472938142296
2004-03-05,0.35373626155867
2004-03-08,0.37718995501167446
2004-03-09,0.402408374173243
2004-03-10,0.4293915190433755
2004-03-11,0.45813938962207207
2004-03-12,0.4886519859093327
2004-03-15,0.5209293079051572
2004-03-16,0.5549713556095459
2004-03-17,0.5907781290224986
2004-03-18,0.6283496281440153
2004-03-19,0.667685852974096
2004-03-22,0.7087868035127408
2004-03-23,0.7516524797599495
2004-03-24,0.7962828817157225
2004-03-25,0.8426780093800592
2004-03-26,0.8908378627529601
2004-03-29,0.940762441834425
2004-03-30,0.9924517466244539
2004-03-31,1.045905777123047
2004-04-01,1.820222073021493
2004-04-02,1.8709626148590008
2004-04-05,1.914714998862898
2004-04-06,1.951479225033184
2004-04-07,1.9812552933698593
2004-04-08,2.0040432038729237
2004-04-09,2.0198429565423774
2004-04-12,2.02865455137822
2004-04-13,2.0304779883804516
2004-04-14,2.025313267549073
2004-04-15,2.013160388884083
2004-04-16,1.9940193523854821
2004-04-19,1.9678901580532706
2004-04-20,1.9347728058874483
2004-04-21,1.894667295888015
2004-04-22,1.8475736280549708
2004-04-23,1.793491802388316
2004-04-26,1.7324218188880502
2004-04-27,1.6643636775541735
2004-04-28,1.5893173783866859
2004-04-29,1.5072829213855876
2004-04-30,1.418260306550878
2004-05-03,0.2420661205100415
2004-05-04,0.14851091633593771
2004-05-05,0.06198322221168398
2004-05-06,-0.01751696186271931
2004-05-07,-0.0899896358872723
2004-05-10,-0.15543479986197492
2004-05-11,-0.21385245378682716
2004-05-12,-0.26524259766182906
2004-05-13,-0.3096052314869806
2004-05-14,-0.34694035526228184
2004-05-17,-0.3772479689877327
2004-05-18,-0.40052807266333323
2004-05-19,-0.41678066628908333
2004-05-20,-0.4260057498649832
2004-05-21,-0.4282033233910326
2004-05-24,-0.4233733868672317
2004-05-25,-0.4115159402935805
2004-05-26,-0.39263098367007887
2004-05-27,-0.366718516996727
2004-05-28,-0.3337785402735246
2004-05-31,-0.293811053500472
2004-06-01,0.43365359646364204
2004-06-02,0.4764480224802191
2004-06-03,0.5171780139096931
2004-06-04,0.555843570752064
2004-06-07,0.5924446930073319
2004-06-08,0.6269813806754967
2004-06-09,0.6594536337565584
2004-06-10,0.6898614522505171
2004-06-11,0.7182048361573726
2004-06-14,0.7444837854771252
2004-06-15,0.7686983002097747
2004-06-16,0.790848380355321
2004-06-17,0.8109340259137644
2004-06-18,0.8289552368851046
2004-06-21,0.8449120132693418
2004-06-22,0.8588043550664759
2004-06-23,0.8706322622765069
2004-06-24,0.8803957348994349
2004-06-25,0.8880947729352598
2004-06-28,0.8937293763839816
2004-06-29,0.8972995452456005
2004-06-30,0.8988052795201161
2004-07-01,0.8369689001727064
2004-07-02,0.8351069786771753
2004-07-05,0.8319418359987004
2004-07-06,0.8274734721372817
2004-07-07,0.8217018870929191
2004-07-08,0.8146270808656129
2004-07-09,0.8062490534553628
2004-07-12,0.796567804862169
2004-07-13,0.7855833350860314
2004-07-14,0.77329564412695
2004-07-15,0.7597047319849247
2004-07-16,0.7448105986599557
2004-07-19,0.728613244152043
2004-07-20,0.7111126684611864
2004-07-21,0.6923088715873861
2004-07-22,0.6722018535306419
2004-07-23,0.650791614290954
2004-07-26,0.6280781538683223
2004-07-27,0.6040614722627469
2004-07-28,0.5787415694742276
2004-07-29,0.5521184455027646
2004-07-30,0.5241921003483577
2004-08-02,0.4535848829022805
2004-08-03,0.4235661034702932
2004-08-04,0.3927581109436693
2004-08-05,0.36116090532240885
2004-08-06,0.32877448660651176
2004-08-09,0.295598854795978
2004-08-10,0.2616340098908077
2004-08-11,0.2268799518910008
2004-08-12,0.1913366807965572
2004-08-13,0.155004196607477
2004-08-16,0.11788249932376017
2004-08-17,0.07997158894540678
2004-08-18,0.04127146547241667
2004-08-19,0.0017821289047900285
2004-08-20,-0.03849642075747321
2004-08-23,-0.07956418351437321
2004-08-24,-0.1214211593659097
2004-08-25,-0.1640673483120828
2004-08-26,-0.20750275035289262
2004-08-27,-0.25172736548833907
2004-08-30,-0.296741193718422
2004-08-31,-0.3425442350431417
2004-09-01,-1.0781225856593712
2004-09-02,-1.1169452196802356
2004-09-03,-1.1479982333026073
2004-09-06,-1.1712816265264867
2004-09-07,-1.1867953993518743
2004-09-08,-1.1945395517787691
2004-09-09,-1.1945140838071717
2004-09-10,-1.1867189954370825
2004-09-13,-1.171154286668501
2004-09-14,-1.1478199575014267
2004-09-15,-1.1167160079358607
2004-09-16,-1.0778424379718023
2004-09-17,-1.0311992476092513
2004-09-20,-0.9767864368482085
2004-09-21,-0.9146040056886734
2004-09-22,-0.844651954130646
2004-09-23,-0.7669302821741264
2004-09-24,-0.6814389898191145
2004-09-27,-0.5881780770656103
2004-09-28,-0.4871475439136139
2004-09-29,-0.3783473903631255
2004-09-30,-0.2617776164141443
2004-10-01,1.1152746477480238
2004-10-04,1.2370218115544995
2004-10-05,1.3502558212796225
2004-10-06,1.454976676923392
2004-10-07,1.5511843784858088
2004-10-08,1.6388789259668726
2004-10-11,1.718060319366583
2004-10-12,1.7887285586849406
2004-10-13,1.8508836439219452
2004-10-14,1.9045255750775967
2004-10-15,1.949654352151895
2004-10-18,1.9862699751448403
2004-10-19,2.0143724440564323
2004-10-20,2.0339617588866714
2004-10-21,2.0450379196355577
2004-10-22,2.0476009263030908
2004-10-25,2.0416507788892706
2004-10-26,2.0271874773940977
2004-10-27,2.0042110218175715
2004-10-28,1.972721412159692
2004-10-29,1.93271864842046
2004-11-01,1.0606371972103965
2004-11-02,1.016815619212954
2004-11-03,0.9754831120468099
2004-11-04,0.9366396757119642
2004-11-05,0.9002853102084166
2004-11-08,0.8664200155361673
2004-11-09,0.8350437916952163
2004-11-10,0.8061566386855634
2004-11-11,0.7797585565072089
2004-11-12,0.7558495451601526
2004-11-15,0.7344296046443946
2004-11-16,0.7154987349599348
2004-11-17,0.6990569361067732
2004-11-18,0.6851042080849099
2004-11-19,0.6736405508943448
2004-11-22,0.6646659645350781
2004-11-23,0.6581804490071095
2004-11-24,0.6541840043104392
2004-11-25,0.6526766304450672
2004-11-26,0.6536583274109934
2004-11-29,0.6571290952082178
2004-11-30,0.6630889338367405
2004-12-01,0.924405427361816
2004-12-02,0.9318883445901418
2004-12-03,0.9387726134765297
2004-12-06,0.94505823402098
2004-12-07,0.9507452062234923
2004-12-08,0.955833530084067
2004-12-09,0.9603232056027039
2004-12-10,0.9642142327794031
2004-12-13,0.9675066116141644
2004-12-14,0.9702003421069879
2004-12-15,0.9722954242578737
2004-12-16,0.9737918580668218
2004-12-17,0.974689643533832
2004-12-20,0.9749887806589045
2004-12-21,0.9746892694420392
2004-12-22,0.9737911098832361
2004-12-23,0.9722943019824953
2004-12-24,0.9701988457398166
2004-12-27,0.9675047411552002
2004-12-28,0.9642119882286461
2004-12-29,0.9603205869601542
2004-12-30,0.9558305373497245
2004-12-31,0.9507418393973569
2005-01-03,0.9203709179868617
2005-01-04,0.9137564427783226
2005-01-05,0.9067564906835787
2005-01-06,0.8993710617026301
2005-01-07,0.8916001558354768
2005-01-10,0.8834437730821186
2005-01-11,0.8749019134425559
2005-01-12,0.8659745769167883
2005-01-13,0.8566617635048159
2005-01-14,0.8469634732066388
2005-01-17,0.8368797060222569
2005-01-18,0.8264104619516703
2005-01-19,0.8155557409948789
2005-01-20,0.8043155431518828
2005-01-21,0.792689868422682
2005-01-24,0.7806787168072763
2005-01-25,0.7682820883056659
2005-01-26,0.7554999829178508
2005-01-27,0.742332400643831
2005-01-28,0.7287793414836063
2005-01-31,0.714840805437177
2005-02-01,0.7878598270057345
2005-02-02,0.7710757120758994
2005-02-03,0.752547695795495
2005-02-04,0.7322757781645214
2005-02-07,0.7102599591829785
2005-02-08,0.6865002388508662
2005-02-09,0.6609966171681848
2005-02-10,0.6337490941349341
2005-02-11,0.6047576697511142
2005-02-14,0.5740223440167249
2005-02-15,0.5415431169317664
2005-02-16,0.5073199884962387
2005-02-17,0.4713529587101416
2005-02-18,0.4336420275734753
2005-02-21,0.3941871950862398
2005-02-22,0.3529884612484349
2005-02-23,0.31004582606006087
2005-02-24,0.2653592895211175
2005-02-25,0.2189288516316048
2005-02-28,0.170754512391523
2005-03-01,-0.5394918251075989
2005-03-02,-0.5766761022644471
2005-03-03,-0.6076374908471427
2005-03-04,-0.6323759908556856
2005-03-07,-0.6508916022900757
2005-03-08,-0.6631843251503131
2005-03-09,-0.6692541594363977
2005-03-10,-0.6691011051483298
2005-03-11,-0.662725162286109
2005-03-14,-0.6501263308497354
2005-03-15,-0.6313046108392092
2005-03-16,-0.6062600022545303
2005-03-17,-0.5749925050956985
2005-03-18,-0.5375021193627141
2005-03-21,-0.4937888450555771
2005-03-22,-0.44385268217428725
2005-03-23,-0.3876936307188447
2005-03-24,-0.32531169068924937
2005-03-25,-0.25670686208550136
2005-03-28,-0.1818791449076007
2005-03-29,-0.10082853915554735
2005-03-30,-0.013555044829341
2005-03-31,0.07994133807101789
2005-04-01,1.391941557910721
2005-04-04,1.49215901808032
2005-04-05,1.5833775934712437
2005-04-06,1.6655972840834916
2005-04-07,1.7388180899170644
2005-04-08,1.8030400109719613
2005-04-11,1.858263047248183
2005-04-12,1.904487198745729
2005-04-13,1.9417124654645996
2005-04-14,1.9699388474047945
2005-04-15,1.9891663445663141
2005-04-18,1.9993949569491583
2005-04-19,2.0006246845533266
2005-04-20,1.9928555273788198
2005-04-21,1.9760874854256372
2005-04-22,1.950320558693779
2005-04-25,1.9155547471832457
2005-04-26,1.8717900508940366
2005-04-27,1.8190264698261522
2005-04-28,1.7572640039795921
2005-04-29,1.6865026533543566
2005-05-02,0.6815764019813042
2005-05-03,0.6087591539533248
2005-05-04,0.5392594280556444
2005-05-05,0.4730772242882633
2005-05-06,0.4102125426511814
2005-05-09,0.3506653831443988
2005-05-10,0.29443574576791537
2005-05-11,0.2415236305217312
2005-05-12,0.19192903740584621
2005-05-13,0.14565196642026043
2005-05-16,0.10269241756497388
2005-05-17,0.06305039083998659
2005-05-18,0.026725886245298425
2005-05-19,-0.006281096219090426
2005-05-20,-0.03597055655318007
2005-05-23,-0.06234249475697057
2005-05-24,-0.08539691083046178
2005-05-25,-0.10513380477365378
2005-05-26,-0.12155317658654655
2005-05-27,-0.1346550262691401
2005-05-30,-0.14443935382143447
2005-05-31,-0.1509061592434296
2005-06-01,-0.1215258994316811
2005-06-02,-0.12176175429622618
2005-06-03,-0.11908418073362043
2005-06-06,-0.1134931787438638
2005-06-07,-0.10498874832695634
2005-06-08,-0.09357088948289806
2005-06-09,-0.07923960221168891
2005-06-10,-0.06199488651332896
2005-06-13,-0.04183674238781815
2005-06-14,-0.018765169835156484
2005-06-15,0.007219831144656019
2005-06-16,0.03611826055161933
2005-06-17,0.06793011838573355
2005-06-20,0.10265540464699853
2005-06-21,0.14029411933541436
2005-06-22,0.18084626245098112
2005-06-23,0.22431183399369858
2005-06-24,0.2706908339635669
2005-06-27,0.3199832623605862
2005-06-28,0.3721891191847563
2005-06-29,0.4273084044360771
2005-06-30,0.485341118114549
2005-07-01,1.0830333746975622
2005-07-04,1.142780386398989
2005-07-05,1.198426070453095
2005-07-06,1.2499704268598801
2005-07-07,1.2974134556193448
2005-07-08,1.3407551567314888
2005-07-11,1.3799955301963118
2005-07-12,1.4151345760138143
2005-07-13,1.446172294183996
2005-07-14,1.4731086847068573
2005-07-15,1.4959437475823976
2005-07-18,1.5146774828106173
2005-07-19,1.529309890391516
2005-07-20,1.5398409703250944
2005-07-21,1.546270722611352
2005-07-22,1.5485991472502887
2005-07-25,1.5468262442419047
2005-07-26,1.5409520135862
2005-07-27,1.5309764552831746
2005-07-28,1.5168995693328287
2005-07-29,1.498721355735162
2005-08-01,1.4082137091337268
2005-08-02,1.3852400733194443
2005-08-03,1.3596349915232588
2005-08-04,1.3313984637451712
2005-08-05,1.3005304899851806
2005-08-08,1.2670310702432874
2005-08-09,1.2309002045194917
2005-08-10,1.1921378928137933
2005-08-11,1.150744135126192
2005-08-12,1.106718931456688
2005-08-15,1.0600622818052816
2005-08-16,1.0107741861719726
2005-08-17,0.958854644556761
2005-08-18,0.9043036569596464
2005-08-19,0.8471212233806295
2005-08-22,0.7873073438197097
2005-08-23,0.7248620182768873
2005-08-24,0.6597852467521622
2005-08-25,0.5920770292455345
2005-08-26,0.5217373657570041
2005-08-29,0.4487662562865712
2005-08-30,0.37316370083423533
2005-08-31,0.2949296993999969
2005-09-01,-1.1685787841566464
2005-09-02,-1.238843686042906
2005-09-05,-1.294832340244005
2005-09-06,-1.3365447467599432
2005-09-07,-1.3639809055907208
2005-09-08,-1.377140816736338
2005-09-09,-1.3760244801967945
2005-09-12,-1.3606318959720904
2005-09-13,-1.3309630640622259
2005-09-14,-1.2870179844672005
2005-09-15,-1.2287966571870146
2005-09-16,-1.1562990822216679
2005-09-19,-1.0695252595711606
2005-09-20,-0.9684751892354931
2005-09-21,-0.8531488712146648
2005-09-22,-0.7235463055086757
2005-09-23,-0.5796674921175262
2005-09-26,-0.42151243104121616
2005-09-27,-0.249081122279745
2005-09-28,-0.06237356583311382
2005-09-29,0.1386102382986779
2005-09-30,0.3538702901156311
2005-10-03,2.983435466219161
2005-10-04,3.206920350407231
2005-10-05,3.4134235193049673
2005-10-06,3.602944972912369
2005-10-07,3.7754847112294363
2005-10-10,3.9310427342561693
2005-10-11,4.069619041992569
2005-10-12,4.1912136344386335
2005-10-13,4.295826511594364
2005-10-14,4.383457673459761
2005-10-17,4.454107120034823
2005-10-18,4.50777485131955
2005-10-19,4.544460867313944
2005-10-20,4.564165168018004
2005-10-21,4.566887753431729
2005-10-24,4.55262862355512
2005-10-25,4.521387778388177
2005-10-26,4.4731652179309
2005-10-27,4.407960942183288
2005-10-28,4.325774951145342
2005-10-31,4.226607244817062
2005-11-01,2.6101647213064663
2005-11-02,2.502494906722103
2005-11-03,2.398025180007509
2005-11-04,2.2967555411626828
2005-11-07,2.1986859901876263
2005-11-08,2.103816527082338
2005-11-09,2.0121471518468184
2005-11-10,1.9236778644810675
2005-11-11,1.8384086649850853
2005-11-14,1.7563395533588717
2005-11-15,1.6774705296024268
2005-11-16,1.6018015937157508
2005-11-17,1.5293327456988435
2005-11-18,1.4600639855517048
2005-11-21,1.393995313274335
2005-11-22,1.3311267288667337
2005-11-23,1.2714582323289012
2005-11-24,1.2149898236608372
2005-11-25,1.161721502862542
2005-11-28,1.1116532699340158
2005-11-29,1.064785124875258
2005-11-30,1.0211170676862689
2005-12-01,0.9247459049309436
2005-12-02,0.888172473089394
2005-12-05,0.8554935787255148
2005-12-06,0.8267092218393064
2005-12-07,0.8018194024307684
2005-12-08,0.7808241204999012
2005-12-09,0.7637233760467046
2005-12-12,0.7505171690711787
2005-12-13,0.7412054995733233
2005-12-14,0.7357883675531386
2005-12-15,0.7342657730106245
2005-12-16,0.7366377159457809
2005-12-19,0.742904196358608
2005-12-20,0.7530652142491058
2005-12-21,0.767120769617274
2005-12-22,0.7850708624631131
2005-12-23,0.8069154927866227
2005-12-26,0.8326546605878029
2005-12-27,0.8622883658666537
2005-12-28,0.8958166086231752
2005-12-29,0.9332393888573672
2005-12-30,0.9745567065692301
2006-01-02,1.7881877142314866
2006-01-03,1.827748527364868
2006-01-04,1.8616582984420973
2006-01-05,1.8899170274631745
2006-01-06,1.9125247144280997
2006-01-09,1.929481359336873
2006-01-10,1.940786962189494
2006-01-11,1.946441522985963
2006-01-12,1.9464450417262802
2006-01-13,1.9407975184104451
2006-01-16,1.929498953038458
2006-01-17,1.912549345610319
2006-01-18,1.889948696126028
2006-01-19,1.8616970045855847
2006-01-20,1.8277942709889896
2006-01-23,1.7882404953362425
2006-01-24,1.7430356776273432
2006-01-25,1.692179817862292
2006-01-26,1.6356729160410888
2006-01-27,1.5735149721637334
2006-01-30,1.5057059862302262
2006-01-31,1.4322459582405664
2006-02-01,0.8468129607845251
2006-02-02,0.7605044301760527
2006-02-03,0.6749095460095008
2006-02-06,0.5900283082848692
2006-02-07,0.505860717002158
2006-02-08,0.4224067721613669
2006-02-09,0.33966647376249626
2006-02-10,0.25763982180554595
2006-02-13,0.17632681629051591
2006-02-14,0.09572745721740622
2006-02-15,0.015841744586216747
2006-02-16,-0.06333032160305223
2006-02-17,-0.14178874135040104
2006-02-20,-0.2195335146558296
2006-02-21,-0.2965646415193376
2006-02-22,-0.37288212194092546
2006-02-23,-0.44848595592059287
2006-02-24,-0.52337614345834
2006-02-27,-0.597552684554167
2006-02-28,-0.6710155792080735
2006-03-01,-1.8043056698239899
2006-03-02,-1.8549210805811887
2006-03-03,-1.8928916862590763
2006-03-06,-1.9182174868576531
2006-03-07,-1.9308984823769189
2006-03-08,-1.9309346728168735
2006-03-09,-1.918326058177517
2006-03-10,-1.8930726384588497
2006-03-13,-1.8551744136608712
2006-03-14,-1.804631383783582
2006-03-15,-1.7414435488269815
2006-03-16,-1.66561090879107
2006-03-17,-1.5771334636758476
2006-03-20,-1.476011213481314
2006-03-21,-1.3622441582074694
2006-03-22,-1.235832297854314
2006-03-23,-1.0967756324218474
2006-03-24,-0.9450741619100697
2006-03-27,-0.7807278863189812
2006-03-28,-0.6037368056485817
2006-03-29,-0.4141009198988712
2006-03-30,-0.2118202290698492
2006-03-31,0.0031052668384834448
2006-04-03,2.974492728200937
2006-04-04,3.2119277992867814
2006-04-05,3.425092095322681
2006-04-06,3.6139856163086352
2006-04-07,3.778608362244644
2006-04-10,3.9189603331307072
2006-04-11,4.0350415289668256
2006-04-12,4.126851949752998
2006-04-13,4.1943915954892255
2006-04-14,4.237660466175507
2006-04-17,4.256658561811844
2006-04-18,4.251385882398235
2006-04-19,4.22184242793468
2006-04-20,4.168028198421181
2006-04-21,4.089943193857737
2006-04-24,3.9875874142443464
2006-04-25,3.8609608595810108
2006-04-26,3.7100635298677296
2006-04-27,3.534895425104503
2006-04-28,3.3354565452913314
2006-05-01,0.7559213769552361
2006-05-02,0.5699867960729214
2006-05-03,0.3926477689718727
2006-05-04,0.2239042956520897
2006-05-05,0.06375637611357232
2006-05-08,-0.08779598964367952
2006-05-09,-0.23075280161966538
2006-05-10,-0.36511405981438577
2006-05-11,-0.49087976422784035
2006-05-12,-0.6080499148600294
2006-05-15,-0.7166245117109525
2006-05-16,-0.8166035547806102
2006-05-17,-0.907987044069002
2006-05-18,-0.9907749795761284
2006-05-19,-1.064967361301989
2006-05-22,-1.1305641892465839
2006-05-23,-1.1875654634099129
2006-05-24,-1.235971183791976
2006-05-25,-1.2757813503927742
2006-05-26,-1.306995963212306
2006-05-29,-1.3296150222505725
2006-05-30,-1.3436385275075735
2006-05-31,-1.3490664789833082
2006-06-01,-0.7958286610971855
2006-06-02,-0.789952971177592
2006-06-05,-0.7815131755669144
2006-06-06,-0.7705092742651525
2006-06-07,-0.7569412672723065
2006-06-08,-0.7408091545883763
2006-06-09,-0.7221129362133617
2006-06-12,-0.7008526121472631
2006-06-13,-0.6770281823900803
2006-06-14,-0.6506396469418133
2006-06-15,-0.6216870058024622
2006-06-16,-0.5901702589720268
2006-06-19,-0.5560894064505072
2006-06-20,-0.5194444482379035
2006-06-21,-0.48023538433421553
2006-06-22,-0.43846221473944325
2006-06-23,-0.394124939453587
2006-06-26,-0.34722355847664654
2006-06-27,-0.29775807180862174
2006-06-28,-0.24572847944951293
2006-06-29,-0.19113478139931983
2006-06-30,-0.13397697765804245
2006-07-03,0.5221644753024148
2006-07-04,0.5794313703861467
2006-07-05,0.6313993506720891
2006-07-06,0.6780684161602417
2006-07-07,0.7194385668506049
2006-07-10,0.7555098027431784
2006-07-11,0.7862821238379621
2006-07-12,0.8117555301349564
2006-07-13,0.831930021634161
2006-07-14,0.846805598335576
2006-07-17,0.8563822602392014
2006-07-18,0.8606600073450371
2006-07-19,0.8596388396530833
2006-07-20,0.8533187571633398
2006-07-21,0.8416997598758068
2006-07-24,0.824781847790484
2006-07-25,0.8025650209073717
2006-07-26,0.7750492792264698
2006-07-27,0.7422346227477783
2006-07-28,0.704121051471297
2006-07-31,0.6607085653970263
2006-08-01,0.46266501225928985
2006-08-02,0.4154946462180233
2006-08-03,0.3656295410186758
2006-08-04,0.31306969666124723
2006-08-07,0.25781511314573785
2006-08-08,0.19986579047214742
2006-08-09,0.1392217286404761
2006-08-10,0.07588292765072369
2006-08-11,0.009849387502890439
2006-08-14,-0.058878891803023886
2006-08-15,-0.13030191026701907
2006-08-16,-0.20441966788909532
2006-08-17,-0.28123216466925244
2006-08-18,-0.3607394006074907
2006-08-21,-0.4429413757038098
2006-08-22,-0.5278380899582098
2006-08-23,-0.6154295433706907
2006-08-24,-0.7057157359412529
2006-08-25,-0.7986966676698959
2006-08-28,-0.8943723385566198
2006-08-29,-0.9927427486014244
2006-08-30,-1.0938078978043106
2006-08-31,-1.1975677861652774
2006-09-01,-3.0579934838280476
2006-09-04,-3.1539716733523515
2006-09-05,-3.2293348889277174
2006-09-06,-3.2840831305541442
2006-09-07,-3.318216398231632
2006-09-08,-3.331734691960182
2006-09-11,-3.324638011739793
2006-09-12,-3.2969263575704653
2006-09-13,-3.248599729452199
2006-09-14,-3.1796581273849944
2006-09-15,-3.090101551368851
2006-09-18,-2.9799300014037686
2006-09-19,-2.849143477489748
2006-09-20,-2.6977419796267883
2006-09-21,-2.52572550781489
2006-09-22,-2.3330940620540535
2006-09-25,-2.1198476423442782
2006-09-26,-1.885986248685564
2006-09-27,-1.6315098810779118
2006-09-28,-1.3564185395213204
2006-09-29,-1.0607122240157905
2006-10-02,2.4575380619589895
2006-10-03,2.7383959760709184
2006-10-04,2.998168755270056
2006-10-05,3.2368563995564026
2006-10-06,3.454458908929958
2006-10-09,3.6509762833907224
2006-10-10,3.8264085229386953
2006-10-11,3.980755627573877
2006-10-12,4.114017597296268
2006-10-13,4.226194432105867
2006-10-16,4.3172861320026765
2006-10-17,4.387292696986693
2006-10-18,4.436214127057919
2006-10-19,4.464050422216355
2006-10-20,4.470801582461998
2006-10-23,4.456467607794851
2006-10-24,4.421048498214913
2006-10-25,4.364544253722183
2006-10-26,4.286954874316662
2006-10-27,4.18828035999835
2006-10-30,4.068520710767247
2006-10-31,3.927675926623353
2006-11-01,1.390108436781336
2006-11-02,1.236604408535901
2006-11-03,1.091526271101716
2006-11-06,0.9548740244787817
2006-11-07,0.8266476686670972
2006-11-08,0.7068472036666633
2006-11-09,0.5954726294774795
2006-11-10,0.49252394609954603
2006-11-13,0.39800115353286264
2006-11-14,0.3119042517774297
2006-11-15,0.23423324083324687
2006-11-16,0.16498812070031443
2006-11-17,0.10416889137863206
2006-11-20,0.051775552868200125
2006-11-21,0.00780810516901842
2006-11-22,-0.02773345171891317
2006-11-23,-0.05484911779559437
2006-11-24,-0.07353889306102535
2006-11-27,-0.08380277751520615
2006-11-28,-0.08564077115813656
2006-11-29,-0.07905287398981686
2006-11-30,-0.06403908601024677
2006-12-01,0.5661782518146506
2006-12-04,0.5917168054068291
2006-12-05,0.6182380586198508
2006-12-06,0.6457420114537156
2006-12-07,0.6742286639084235
2006-12-08,0.7036980159839744
2006-12-11,0.7341500676803684
2006-12-12,0.7655848189976054
2006-12-13,0.7980022699356856
2006-12-14,0.8314024204946088
2006-12-15,0.865785270674375
2006-12-18,0.9011508204749845
2006-12-19,0.9374990698964368
2006-12-20,0.9748300189387324
2006-12-21,1.013143667601871
2006-12-22,1.052440015885853
2006-12-25,1.0927190637906774
2006-12-26,1.1339808113163454
2006-12-27,1.176225258462856
2006-12-28,1.2194524052302103
2006-12-29,1.263662251618407
2007-01-01,1.7449536306183504
2007-01-02,1.7820573094788883
2007-01-03,1.8150019078004054
2007-01-04,1.8437874255829017
2007-01-05,1.8684138628263776
2007-01-08,1.8888812195308327
2007-01-09,1.905189495696267
2007-01-10,1.9173386913226806
2007-01-11,1.9253288064100738
2007-01-12,1.9291598409584463
2007-01-15,1.928831794967798
2007-01-16,1.9243446684381291
2007-01-17,1.9156984613694397
2007-01-18,1.9028931737617294
2007-01-19,1.8859288056149985
2007-01-22,1.8648053569292469
2007-01-23,1.8395228277044748
2007-01-24,1.8100812179406818
2007-01-25,1.7764805276378683
2007-01-26,1.738720756796034
2007-01-29,1.6968019054151793
2007-01-30,1.6507239734953036
2007-01-31,1.6004869610364074
2007-02-01,1.571890001507009
2007-02-02,1.5033814430123793
2007-02-05,1.4289198329707244
2007-02-06,1.3485051713820444
2007-02-07,1.2621374582463387
2007-02-08,1.1698166935636083
2007-02-09,1.0715428773338522
2007-02-12,0.9673160095570711
2007-02-13,0.8571360902332645
2007-02-14,0.7410031193624328
2007-02-15,0.6189170969445758
2007-02-16,0.4908780229796936
2007-02-19,0.35688589746778593
2007-02-20,0.21694072040885293
2007-02-21,0.07104249180289501
2007-02-22,-0.08080878835008831
2007-02-23,-0.23861312005009683
2007-02-26,-0.40237050329713087
2007-02-27,-0.5720809380911901
2007-02-28,-0.7477444244322743
2007-03-01,-3.157024283967925
2007-03-02,-3.2992725791678237
2007-03-05,-3.4186632260329763
2007-03-06,-3.5151962245633817
2007-03-07,-3.588871574759041
2007-03-08,-3.639689276619954
2007-03-09,-3.6676493301461197
2007-03-12,-3.672751735337539
2007-03-13,-3.6549964921942126
2007-03-14,-3.614383600716139
2007-03-15,-3.5509130609033193
2007-03-16,-3.464584872755753
2007-03-19,-3.35539903627344
2007-03-20,-3.2233555514563808
2007-03-21,-3.0684544183045754
2007-03-22,-2.8906956368180228
2007-03-23,-2.690079206996724
2007-03-26,-2.4666051288406785
2007-03-27,-2.2202734023498865
2007-03-28,-1.9510840275243484
2007-03-29,-1.6590370043640639
2007-03-30,-1.344132332869032
2007-04-02,2.7431771115786403
2007-04-03,3.0710942903956546
2007-04-04,3.373082408208013
2007-04-05,3.649141465015713
2007-04-06,3.8992714608187566
2007-04-09,4.123472395617144
2007-04-10,4.321744269410873
2007-04-11,4.494087082199945
2007-04-12,4.64050083398436
2007-04-13,4.760985524764118
2007-04-16,4.855541154539219
2007-04-17,4.9241677233096635
2007-04-18,4.966865231075449
2007-04-19,4.983633677836579
2007-04-20,4.9744730635930505
2007-04-23,4.939383388344867
2007-04-24,4.878364652092024
2007-04-25,4.791416854834527
2007-04-26,4.67853999657237
2007-04-27,4.539734077305557
2007-04-30,4.374999097034086
2007-05-01,1.5478971243159747
2007-05-02,1.3822587376023565
2007-05-03,1.2250665236011495
2007-05-04,1.0763204823123536
2007-05-07,0.936020613735969
2007-05-08,0.8041669178719955
2007-05-09,0.6807593947204331
2007-05-10,0.5657980442812816
2007-05-11,0.4592828665545415
2007-05-14,0.36121386154021246
2007-05-15,0.2715910292382946
2007-05-16,0.19041436964878777
2007-05-17,0.11768388277169217
2007-05-18,0.053399568607007564
2007-05-21,-0.0024385728452657462
2007-05-22,-0.0498305415851279
2007-05-23,-0.08877633761257897
2007-05-24,-0.11927596092761905
2007-05-25,-0.1413294115302478
2007-05-28,-0.1549366894204654
2007-05-29,-0.160097794598272
2007-05-30,-0.1568127270636674
2007-05-31,-0.14508148681665167
2007-06-01,0.5626604203279226
2007-06-04,0.5855321216693774
2007-06-05,0.609176453015772
2007-06-06,0.6335934143671061
2007-06-07,0.65878300572338
2007-06-08,0.6847452270845936
2007-06-11,0.7114800784507469
2007-06-12,0.7389875598218398
2007-06-13,0.7672676711978724
2007-06-14,0.7963204125788447
2007-06-15,0.8261457839647567
2007-06-18,0.8567437853556084
2007-06-19,0.8881144167513997
2007-06-20,0.9202576781521308
2007-06-21,0.9531735695578014
2007-06-22,0.9868620909684119
2007-06-25,1.021323242383962
2007-06-26,1.056557023804452
2007-06-27,1.0925634352298812
2007-06-28,1.1293424766602502
2007-06-29,1.166894148095559
2007-07-02,2.0205740929489777
2007-07-03,2.0477207643325084
2007-07-04,2.0654318193611507
2007-07-05,2.073707258034905
2007-07-06,2.072547080353771
2007-07-09,2.0619512863177483
2007-07-10,2.0419198759268378
2007-07-11,2.0124528491810385
2007-07-12,1.9735502060803511
2007-07-13,1.9252119466247755
2007-07-16,1.8674380708143115
2007-07-17,1.8002285786489591
2007-07-18,1.7235834701287185
2007-07-19,1.6375027452535895
2007-07-20,1.5419864040235725
2007-07-23,1.4370344464386668
2007-07-24,1.322646872498873
2007-07-25,1.1988236822041909
2007-07-26,1.0655648755546205
2007-07-27,0.9228704525501619
2007-07-30,0.7707404131908149
2007-07-31,0.6091747574765793
2007-08-01,-0.7983007937983935
2007-08-02,-0.9564055849787936
2007-08-03,-1.109048733186519
2007-08-06,-1.25623023842157
2007-08-07,-1.3979501006839463
2007-08-08,-1.534208319973648
2007-08-09,-1.6650048962906752
2007-08-10,-1.7903398296350277
2007-08-13,-1.9102131200067054
2007-08-14,-2.024624767405709
2007-08-15,-2.1335747718320373
2007-08-16,-2.2370631332856914
2007-08-17,-2.335089851766671
2007-08-20,-2.427654927274976
2007-08-21,-2.514758359810606
2007-08-22,-2.5964001493735616
2007-08-23,-2.6725802959638423
2007-08-24,-2.743298799581449
2007-08-27,-2.8085556602263804
2007-08-28,-2.8683508778986377
2007-08-29,-2.92268445259822
2007-08-30,-2.9715563843251283
2007-08-31,-3.0149666730793614
2007-09-03,-3.850796346745996
2007-09-04,-3.8752544403564904
2007-09-05,-3.8805296849286868
2007-09-06,-3.8666220804625846
2007-09-07,-3.8335316269581847
2007-09-10,-3.7812583244154867
2007-09-11,-3.709802172834491
2007-09-12,-3.6191631722151967
2007-09-13,-3.5093413225576042
2007-09-14,-3.380336623861714
2007-09-17,-3.2321490761275253
2007-09-18,-3.064778679355039
2007-09-19,-2.8782254335442543
2007-09-20,-2.672489338695171
2007-09-21,-2.4475703948077907
2007-09-24,-2.2034686018821112
2007-09-25,-1.9401839599181345
2007-09-26,-1.6577164689158592
2007-09-27,-1.3560661288752855
2007-09-28,-1.0352329397964146
2007-10-01,2.4652800941763737
2007-10-02,2.739275617757619
2007-10-03,2.991600544818223
2007-10-04,3.2222548753581854
2007-10-05,3.431238609377507
2007-10-08,3.6185517468761867
2007-10-09,3.7841942878542256
2007-10-10,3.928166232311623
2007-10-11,4.0504675802483785
2007-10-12,4.151098331664494
2007-10-15,4.230058486559967
2007-10-16,4.287348044934799
2007-10-17,4.32296700678899
2007-10-18,4.336915372122539
2007-10-19,4.329193140935447
2007-10-22,4.299800313227714
2007-10-23,4.24873688899934
2007-10-24,4.176002868250324
2007-10-25,4.081598250980667
2007-10-26,3.9655230371903687
2007-10-29,3.827777226879429
2007-10-30,3.6683608200478477
2007-10-31,3.4872738166956254
2007-11-01,0.5444341012580972
2007-11-02,0.3427516939819354
2007-11-05,0.1513607338421511
2007-11-06,-0.029738779161255446
2007-11-07,-0.2005468450282849
2007-11-08,-0.3610634637589364
2007-11-09,-0.5112886353532106
2007-11-12,-0.6512223598111071
2007-11-13,-0.7808646371326262
2007-11-14,-0.9002154673177679
2007-11-15,-1.0092748503665319
2007-11-16,-1.1080427862789186
2007-11-19,-1.1965192750549276
2007-11-20,-1.2747043166945589
2007-11-21,-1.3425979111978128
2007-11-22,-1.4002000585646894
2007-11-23,-1.4475107587951883
2007-11-26,-1.4845300118893099
2007-11-27,-1.5112578178470537
2007-11-28,-1.5276941766684202
2007-11-29,-1.533839088353409
2007-11-30,-1.5296925529020204
2007-12-03,-0.5739933257361075
2007-12-04,-0.5604013109217385
2007-12-05,-0.5483427868611362
2007-12-06,-0.5378177535543008
2007-12-07,-0.5288262110012324
2007-12-10,-0.5213681592019308
2007-12-11,-0.5154435981563961
2007-12-12,-0.5110525278646283
2007-12-13,-0.5081949483266274
2007-12-14,-0.5068708595423933
2007-12-17,-0.5070802615119261
2007-12-18,-0.5088231542352258
2007-12-19,-0.5120995377122923
2007-12-20,-0.5169094119431258
2007-12-21,-0.5232527769277262
2007-12-24,-0.5311296326660934
2007-12-25,-0.5405399791582275
2007-12-26,-0.5514838164041285
2007-12-27,-0.5639611444037964
2007-12-28,-0.5779719631572311
2007-12-31,-0.5935162726644327
2008-01-01,-0.7478292843573247
2008-01-02,-0.7631320387827667
2008-01-03,-0.7781447734823318
2008-01-04,-0.7928674884560198
2008-01-07,-0.8073001837038308
2008-01-08,-0.8214428592257649
2008-01-09,-0.8352955150218219
2008-01-10,-0.8488581510920019
2008-01-11,-0.8621307674363049
2008-01-14,-0.875113364054731
2008-01-15,-0.8878059409472799
2008-01-16,-0.9002084981139519
2008-01-17,-0.9123210355547469
2008-01-18,-0.9241435532696648
2008-01-21,-0.9356760512587058
2008-01-22,-0.9469185295218697
2008-01-23,-0.9578709880591566
2008-01-24,-0.9685334268705665
2008-01-25,-0.9789058459560994
2008-01-28,-0.9889882453157554
2008-01-29,-0.9987806249495342
2008-01-30,-1.0082829848574362
2008-01-31,-1.017495325039461
2008-02-01,-0.7335940962136137
2008-02-04,-0.7470169799179384
2008-02-05,-0.7640906820650926
2008-02-06,-0.7848152026550761
2008-02-07,-0.8091905416878892
2008-02-08,-0.8372166991635316
2008-02-11,-0.8688936750820035
2008-02-12,-0.9042214694433048
2008-02-13,-0.9432000822474356
2008-02-14,-0.9858295134943957
2008-02-15,-1.0321097631841853
2008-02-18,-1.0820408313168044
2008-02-19,-1.1356227178922529
2008-02-20,-1.1928554229105308
2008-02-21,-1.2537389463716382
2008-02-22,-1.318273288275575
2008-02-25,-1.386458448622341
2008-02-26,-1.4582944274119367
2008-02-27,-1.5337812246443618
2008-02-28,-1.6129188403196164
2008-02-29,-1.6957072744377004
2008-03-03,-3.378958494476777
2008-03-04,-3.4472738568330903
2008-03-05,-3.497465328984804
2008-03-06,-3.529532910931917
2008-03-07,-3.54347660267443
2008-03-10,-3.539296404212343
2008-03-11,-3.5169923155456564
2008-03-12,-3.476564336674369
2008-03-13,-3.4180124675984818
2008-03-14,-3.3413367083179946
2008-03-17,-3.2465370588329074
2008-03-18,-3.13361351914322
2008-03-19,-3.0025660892489325
2008-03-20,-2.853394769150045
2008-03-21,-2.686099558846558
2008-03-24,-2.50068045833847
2008-03-25,-2.2971374676257823
2008-03-26,-2.0754705867084944
2008-03-27,-1.835679815586607
2008-03-28,-1.5777651542601188
2008-03-31,-1.301726602729031
2008-04-01,1.7651257677088277
2008-04-02,2.0279011625697083
2008-04-03,2.2726605306346768
2008-04-04,2.499403871903733
2008-04-07,2.7081311863768764
2008-04-08,2.8988424740541077
2008-04-09,3.0715377349354265
2008-04-10,3.226216969020833
2008-04-11,3.362880176310327
2008-04-14,3.481527356803909
2008-04-15,3.582158510501578
2008-04-16,3.6647736374033353
2008-04-17,3.72937273750918
2008-04-18,3.775955810819112
2008-04-21,3.804522857333132
2008-04-22,3.8150738770512396
2008-04-23,3.8076088699734347
2008-04-24,3.7821278360997175
2008-04-25,3.738630775430088
2008-04-28,3.677117687964546
2008-04-29,3.5975885737030917
2008-04-30,3.500043432645725
2008-05-01,1.639803064922316
2008-05-02,1.527898903811884
2008-05-05,1.419651749444299
2008-05-06,1.3150616018195609
2008-05-07,1.21412846093767
2008-05-08,1.1168523267986257
2008-05-09,1.0232331994024286
2008-05-12,0.9332710787490784
2008-05-13,0.8469659648385753
2008-05-14,0.7643178576709192
2008-05-15,0.6853267572461101
2008-05-16,0.609992663564148
2008-05-19,0.5383155766250328
2008-05-20,0.4702954964287648
2008-05-21,0.4059324229753436
2008-05-22,0.34522635626476944
2008-05-23,0.2881772962970423
2008-05-26,0.23478524307216214
2008-05-27,0.1850501965901289
2008-05-28,0.13897215685094289
2008-05-29,0.09655112385460374
2008-05-30,0.05778709760111145
2008-06-02,0.18975334384022421
2008-06-03,0.15469928734527302
2008-06-04,0.12136995669985587
2008-06-05,0.08976535190397295
2008-06-06,0.059885472957624135
2008-06-09,0.03173031986080951
2008-06-10,0.005299892613529061
2008-06-11,-0.019405808784217243
2008-06-12,-0.04238678433242937
2008-06-13,-0.06364303403110735
2008-06-16,-0.08317455788025117
2008-06-17,-0.10098135587986085
2008-06-18,-0.11706342802993633
2008-06-19,-0.1314207743304777
2008-06-20,-0.14405339478148485
2008-06-23,-0.15496128938295786
2008-06-24,-0.1641444581348967
2008-06-25,-0.17160290103730141
2008-06-26,-0.17733661809017195
2008-06-27,-0.18134560929350835
2008-06-30,-0.18362987464731054
2008-07-01,0.1585643636238645
2008-07-02,0.15559609842936323
2008-07-03,0.15017045193556183
2008-07-04,0.14228742414246043
2008-07-07,0.1319470150500589
2008-07-08,0.11914922465835741
2008-07-09,0.10389405296735582
2008-07-10,0.08618149997705417
2008-07-11,0.06601156568745249
2008-07-14,0.04338425009855073
2008-07-15,0.018299553210348943
2008-07-16,-0.00924252497715293
2008-07-17,-0.03924198446395481
2008-07-18,-0.07169882525005684
2008-07-21,-0.10661304733545883
2008-07-22,-0.14398465072016087
2008-07-23,-0.18381363540416296
2008-07-24,-0.22610000138746528
2008-07-25,-0.27084374867006744
2008-07-28,-0.31804487725196967
2008-07-29,-0.367703387133172
2008-07-30,-0.41981927831367444
2008-07-31,-0.4743925507934768
2008-08-01,-0.8458222832333318
2008-08-04,-0.9069830581362078
2008-08-05,-0.9668424633267528
2008-08-06,-1.0254004988049663
2008-08-07,-1.0826571645708487
2008-08-08,-1.1386124606243997
2008-08-11,-1.1932663869656195
2008-08-12,-1.2466189435945079
2008-08-13,-1.298670130511065
2008-08-14,-1.3494199477152908
2008-08-15,-1.3988683952071854
2008-08-18,-1.4470154729867488
2008-08-19,-1.4938611810539806
2008-08-20,-1.5394055194088814
2008-08-21,-1.5836484880514508
2008-08-22,-1.6265900869816887
2008-08-25,-1.6682303161995957
2008-08-26,-1.708569175705171
2008-08-27,-1.7476066654984153
2008-08-28,-1.7853427855793282
2008-08-29,-1.8217775359479098
2008-09-01,-2.3353661527702494
2008-09-02,-2.361763586410856
2008-09-03,-2.3810220448838306
2008-09-04,-2.3931415281891733
2008-09-05,-2.3981220363268836
2008-09-08,-2.3959635692969616
2008-09-09,-2.3866661270994074
2008-09-10,-2.3702297097342213
2008-09-11,-2.346654317201403
2008-09-12,-2.3159399495009523
2008-09-15,-2.2780866066328693
2008-09-16,-2.2330942885971545
2008-09-17,-2.180962995393807
2008-09-18,-2.121692727022828
2008-09-19,-2.0552834834842164
2008-09-22,-1.9817352647779725
2008-09-23,-1.9010480709040967
2008-09-24,-1.8132219018625888
2008-09-25,-1.7182567576534484
2008-09-26,-1.6161526382766762
2008-09-29,-1.5069095437322717
2008-09-30,-1.3905274740202347
2008-10-01,0.015235304719635911
2008-10-02,0.12531496628519206
2008-10-03,0.22732372474879475
2008-10-06,0.3212615801104443
2008-10-07,0.4071285323701404
2008-10-08,0.48492458152788326
2008-10-09,0.5546497275836727
2008-10-10,0.616303970537509
2008-10-13,0.6698873103893919
2008-10-14,0.7153997471393214
2008-10-15,0.7528412807872977
2008-10-16,0.7822119113333206
2008-10-17,0.8035116387773902
2008-10-20,0.8167404631195065
2008-10-21,0.8218983843596697
2008-10-22,0.8189854024978793
2008-10-23,0.8080015175341357
2008-10-24,0.7889467294684387
2008-10-27,0.7618210383007884
2008-10-28,0.7266244440311851
2008-10-29,0.6833569466596281
2008-10-30,0.6320185461861179
2008-10-31,0.5726092426106544
2008-11-03,-0.5176405914455923
2008-11-04,-0.5906192330508452
2008-11-05,-0.6589742785823216
2008-11-06,-0.7227057280400216
2008-11-07,-0.7818135814239453
2008-11-10,-0.8362978387340926
2008-11-11,-0.8861584999704634
2008-11-12,-0.9313955651330578
2008-11-13,-0.9720090342218758
2008-11-14,-1.0079989072369173
2008-11-17,-1.0393651841781826
2008-11-18,-1.0661078650456712
2008-11-19,-1.0882269498393833
2008-11-20,-1.1057224385593192
2008-11-21,-1.118594331205479
2008-11-24,-1.1268426277778616
2008-11-25,-1.1304673282764686
2008-11-26,-1.1294684327012985
2008-11-27,-1.1238459410523522
2008-11-28,-1.1135998533296299
2008-12-01,-0.8718806645768343
2008-12-02,-0.8580453925723927
2008-12-03,-0.8433050083865521
2008-12-04,-0.8276595120193125
2008-12-05,-0.8111089034706741
2008-12-08,-0.7936531827406367
2008-12-09,-0.7752923498292004
2008-12-10,-0.7560264047363651
2008-12-11,-0.7358553474621309
2008-12-12,-0.7147791780064976
2008-12-15,-0.6927978963694655
2008-12-16,-0.6699115025510344
2008-12-17,-0.6461199965512043
2008-12-18,-0.6214233783699753
2008-12-19,-0.5958216480073474
2008-12-22,-0.5693148054633205
2008-12-23,-0.5419028507378947
2008-12-24,-0.5135857838310698
2008-12-25,-0.48436360474284607
2008-12-26,-0.4542363134732234
2008-12-29,-0.4232039100222018
2008-12-30,-0.39126639438978117
2008-12-31,-0.3584237665759616
2009-01-01,0.07088744137680725
2009-01-02,0.10225430493370558
2009-01-05,0.12970630387068288
2009-01-06,0.1532434381877391
2009-01-07,0.17286570788487438
2009-01-08,0.18857311296208856
2009-01-09,0.20036565341938176
2009-01-12,0.20824332925675393
2009-01-13,0.21220614047420505
2009-01-14,0.21225408707173515
2009-01-15,0.20838716904934426
2009-01-16,0.20060538640703232
2009-01-19,0.18890873914479933
2009-01-20,0.17329722726264535
2009-01-21,0.15377085076057037
2009-01-22,0.1303296096385743
2009-01-23,0.10297350389665726
2009-01-26,0.0717025335348192
2009-01-27,0.036516698553060056
2009-01-28,-0.002584001048620055
2009-01-29,-0.04559956527022119
2009-01-30,-0.09252999411174345
2009-02-02,-0.47478529477919684
2009-02-03,-0.5305087846449904
2009-02-04,-0.5860259415689901
2009-02-05,-0.6413367655511959
2009-02-06,-0.6964412565916078
2009-02-09,-0.7513394146902258
2009-02-10,-0.8060312398470498
2009-02-11,-0.8605167320620799
2009-02-12,-0.9147958913353161
2009-02-13,-0.9688687176667584
2009-02-16,-1.0227352110564067
2009-02-17,-1.0763953715042611
2009-02-18,-1.1298491990103219
2009-02-19,-1.1830966935745884
2009-02-20,-1.236137855197061
2009-02-23,-1.28897268387774
2009-02-24,-1.3416011796166247
2009-02-25,-1.3940233424137156
2009-02-26,-1.4462391722690129
2009-02-27,-1.4982486691825159
2009-03-02,-2.1253367112805783
2009-03-03,-2.1650844009575154
2009-03-04,-2.1974859948825634
2009-03-05,-2.222541493055722
2009-03-06,-2.240250895476991
2009-03-09,-2.2506142021463713
2009-03-10,-2.2536314130638617
2009-03-11,-2.249302528229463
2009-03-12,-2.237627547643175
2009-03-13,-2.218606471304998
2009-03-16,-2.192239299214931
2009-03-17,-2.1585260313729755
2009-03-18,-2.11746666777913
2009-03-19,-2.0690612084333955
2009-03-20,-2.0133096533357717
2009-03-23,-1.9502120024862584
2009-03-24,-1.8797682558848559
2009-03-25,-1.8019784135315642
2009-03-26,-1.716842475426383
2009-03-27,-1.6243604415693125
2009-03-30,-1.5245323119603527
2009-03-31,-1.4173580865995035
2009-04-01,-0.2795964413429454
2009-04-02,-0.17044109682793046
2009-04-03,-0.06665072891063867
2009-04-06,0.03177466240892962
2009-04-07,0.12483507713077485
2009-04-08,0.21253051525489636
2009-04-09,0.2948609767812947
2009-04-10,0.3718264617099696
2009-04-13,0.4434269700409212
2009-04-14,0.5096625017741495
2009-04-15,0.5705330569096545
2009-04-16,0.6260386354474359
2009-04-17,0.6761792373874942
2009-04-20,0.720954862729829
2009-04-21,0.7603655114744405
2009-04-22,0.7944111836213288
2009-04-23,0.8230918791704935
2009-04-24,0.846407598121935
2009-04-27,0.864358340475653
2009-04-28,0.8769441062316479
2009-04-29,0.8841648953899193
2009-04-30,0.8860207079504672
2009-05-01,0.508343757236457
2009-05-04,0.5038793576821934
2009-05-05,0.4986268256602309
2009-05-06,0.49258616117056947
2009-05-07,0.4857573642132091
2009-05-08,0.47814043478814977
2009-05-11,0.46973537289539147
2009-05-12,0.4605421785349343
2009-05-13,0.4505608517067781
2009-05-14,0.43979139241092297
2009-05-15,0.42823380064736893
2009-05-18,0.4158880764161159
2009-05-19,0.40275421971716396
2009-05-20,0.3888322305505131
2009-05-21,0.37412210891616327
2009-05-22,0.3586238548141144
2009-05-25,0.3423374682443667
2009-05-26,0.32526294920692
2009-05-27,0.3074002977017744
2009-05-28,0.2887495137289298
2009-05-29,0.26931059728838636
2009-06-01,-0.0536255875613265
2009-06-02,-0.0698851200545159
2009-06-03,-0.08309654744666323
2009-06-04,-0.09325986973776845
2009-06-05,-0.10037508692783163
2009-06-08,-0.10444219901685273
2009-06-09,-0.10546120600483176
2009-06-10,-0.10343210789176874
2009-06-11,-0.09835490467766364
2009-06-12,-0.09022959636251646
2009-06-15,-0.07905618294632721
2009-06-16,-0.06483466442909593
2009-06-17,-0.04756504081082252
2009-06-18,-0.027247312091507096
2009-06-19,-0.0038814782711496104
2009-06-22,0.022532460650250025
2009-06-23,0.051994504672691635
2009-06-24,0.08450465379617533
2009-06-25,0.12006290802070116
2009-06-26,0.158669267346269
2009-06-29,0.20032373177287882
2009-06-30,0.24502630130053094
2009-07-01,0.8717864075732384
2009-07-02,0.9136578405824305
2009-07-03,0.9517261482603243
2009-07-06,0.9859913306069201
2009-07-07,1.0164533876222177
2009-07-08,1.0431123193062175
2009-07-09,1.065968125658919
2009-07-10,1.0850208066803226
2009-07-13,1.1002703623704282
2009-07-14,1.1117167927292357
2009-07-15,1.119360097756745
2009-07-16,1.1232002774529564
2009-07-17,1.1232373318178697
2009-07-20,1.119471260851485
2009-07-21,1.111902064553802
2009-07-22,1.100529742924821
2009-07-23,1.0853542959645421
2009-07-24,1.0663757236729652
2009-07-27,1.0435940260500902
2009-07-28,1.017009203095917
2009-07-29,0.9866212548104458
2009-07-30,0.9524301811936765
2009-07-31,0.9144359822456092
2009-08-03,0.5996028638782183
2009-08-04,0.5529571659051452
2009-08-05,0.5054437917887802
2009-08-06,0.4570627415291232
2009-08-07,0.4078140151261741
2009-08-10,0.35769761257993316
2009-08-11,0.30671353389040024
2009-08-12,0.2548617790575753
2009-08-13,0.20214234808145842
2009-08-14,0.14855524096204958
2009-08-17,0.09410045769934874
2009-08-18,0.03877799829335589
2009-08-19,-0.01741213725592882
2009-08-20,-0.07446994894850564
2009-08-21,-0.1323954367843743
2009-08-24,-0.19118860076353503
2009-08-25,-0.2508494408859876
2009-08-26,-0.31137795715173233
2009-08-27,-0.3727741495607688
2009-08-28,-0.4350380181130975
2009-08-31,-0.49816956280871794
2009-09-01,-1.349782268749949
2009-09-02,-1.4018607765929882
2009-09-03,-1.4449276269328317
2009-09-04,-1.4789828197694797
2009-09-07,-1.5040263551029318
2009-09-08,-1.5200582329331884
2009-09-09,-1.5270784532602495
2009-09-10,-1.525087016084115
2009-09-11,-1.5140839214047848
2009-09-14,-1.494069169222259
2009-09-15,-1.4650427595365376
2009-09-16,-1.4270046923476207
2009-09-17,-1.379954967655508
2009-09-18,-1.3238935854601999
2009-09-21,-1.2588205457616963
2009-09-22,-1.1847358485599968
2009-09-23,-1.1016394938551017
2009-09-24,-1.0095314816470111
2009-09-25,-0.908411811935725
2009-09-28,-0.7982804847212432
2009-09-29,-0.6791375000035659
2009-09-30,-0.5509828577826925
2009-10-01,1.0858516043110154
2009-10-02,1.2134001433721973
2009-10-05,1.3313309217704923
2009-10-06,1.4396439395059002
2009-10-07,1.5383391965784214
2009-10-08,1.6274166929880556
2009-10-09,1.706876428734803
2009-10-12,1.7767184038186634
2009-10-13,1.8369426182396371
2009-10-14,1.887549071997724
2009-10-15,1.9285377650929239
2009-10-16,1.9599086975252367
2009-10-19,1.9816618692946628
2009-10-20,1.993797280401202
2009-10-21,1.9963149308448545
2009-10-22,1.98921482062562
2009-10-23,1.9724969497434985
2009-10-26,1.9461613181984905
2009-10-27,1.9102079259905953
2009-10-28,1.8646367731198132
2009-10-29,1.8094478595861443
2009-10-30,1.7446411853895885
2009-11-02,0.45677563639072416
2009-11-03,0.3847722631476423
2009-11-04,0.31873397222851335
2009-11-05,0.25866076363333784
2009-11-06,0.20455263736211532
2009-11-09,0.156409593414846
2009-11-10,0.11423163179152983
2009-11-11,0.07801875249216687
2009-11-12,0.047770955516757044
2009-11-13,0.023488240865300367
2009-11-16,0.0051706085377968836
2009-11-17,-0.007181941465753461
2009-11-18,-0.013569409145350611
2009-11-19,-0.013991794500994623
2009-11-20,-0.008449097532685482
2009-11-23,0.0030586817595768534
2009-11-24,0.020531543375792313
2009-11-25,0.043969487315960995
2009-11-26,0.07337251358008277
2009-11-27,0.10874062216815782
2009-11-30,0.1500738130801859
2009-12-01,0.6856477332808306
2009-12-02,0.7282320595191729
2009-12-03,0.7702153320847438
2009-12-04,0.8115975509775435
2009-12-07,0.8523787161975721
2009-12-08,0.8925588277448295
2009-12-09,0.9321378856193157
2009-12-10,0.9711158898210306
2009-12-11,1.0094928403499743
2009-12-14,1.0472687372061469
2009-12-15,1.0844435803895482
2009-12-16,1.1210173699001784
2009-12-17,1.1569901057380374
2009-12-18,1.1923617879031252
2009-12-21,1.2271324163954418
2009-12-22,1.261301991214987
2009-12-23,1.2948705123617612
2009-12-24,1.3278379798357642
2009-12-25,1.3602043936369959
2009-12-28,1.3919697537654565
2009-12-29,1.4231340602211457
2009-12-30,1.453697313004064
2009-12-31,1.4836595121142109
2010-01-01,1.8959965055376755
2010-01-04,1.9222293538849626
2010-01-05,1.9425376055766967
2010-01-06,1.9569212606128779
2010-01-07,1.9653803189935057
2010-01-08,1.9679147807185808
2010-01-11,1.9645246457881027
2010-01-12,1.9552099142020718
2010-01-13,1.9399705859604877
2010-01-14,1.9188066610633505
2010-01-15,1.8917181395106604
2010-01-18,1.8587050213024172
2010-01-19,1.819767306438621
2010-01-20,1.7749049949192717
2010-01-21,1.7241180867443695
2010-01-22,1.6674065819139143
2010-01-25,1.6047704804279062
2010-01-26,1.5362097822863445
2010-01-27,1.4617244874892303
2010-01-28,1.381314596036563
2010-01-29,1.2949801079283425
2010-02-01,0.5882771226184207
2010-02-02,0.49407676785735827
2010-02-03,0.4025480973371957
2010-02-04,0.31369111105793285
2010-02-05,0.22750580901956968
2010-02-08,0.14399219122210613
2010-02-09,0.06315025766554241
2010-02-10,-0.015019991650121522
2010-02-11,-0.09051855672488573
2010-02-12,-0.16334543755875025
2010-02-15,-0.2335006341517151
2010-02-16,-0.3009841465037801
2010-02-17,-0.36579597461494545
2010-02-18,-0.4279361184852111
2010-02-19,-0.4874045781145769
2010-02-22,-0.544201353503043
2010-02-23,-0.5983264446506094
2010-02-24,-0.6497798515572761
2010-02-25,-0.6985615742230431
2010-02-26,-0.7446716126479103
2010-03-01,-1.3571646590305324
2010-03-02,-1.3864194746755332
2010-03-03,-1.4071566240664326
2010-03-04,-1.4193761072032307
2010-03-05,-1.4230779240859275
2010-03-08,-1.418262074714523
2010-03-09,-1.4049285590890168
2010-03-10,-1.3830773772094096
2010-03-11,-1.3527085290757008
2010-03-12,-1.313822014687891
2010-03-15,-1.2664178340459795
2010-03-16,-1.2104959871499668
2010-03-17,-1.1460564739998527
2010-03-18,-1.0730992945956372
2010-03-19,-0.9916244489373204
2010-03-22,-0.9016319370249023
2010-03-23,-0.8031217588583828
2010-03-24,-0.6960939144377618
2010-03-25,-0.5805484037630396
2010-03-26,-0.4564852268342161
2010-03-29,-0.32390438365129137
2010-03-30,-0.18280587421426486
2010-03-31,-0.03318969852313702
2010-04-01,2.0539187047004326
2010-04-02,2.204633914639665
2010-04-05,2.3407425906663
2010-04-06,2.462244732780337
2010-04-07,2.569140340981776
2010-04-08,2.6614294152706175
2010-04-09,2.739111955646861
2010-04-12,2.8021879621105072
2010-04-13,2.850657434661555
2010-04-14,2.8845203733000058
2010-04-15,2.903776778025858
2010-04-16,2.908426648839113
2010-04-19,2.89846998573977
2010-04-20,2.8739067887278296
2010-04-21,2.834737057803291
2010-04-22,2.7809607929661544
2010-04-23,2.7125779942164208
2010-04-26,2.629588661554089
2010-04-27,2.531992794979159
2010-04-28,2.4197903944916317
2010-04-29,2.292981460091507
2010-04-30,2.1515659917787837
2010-05-03,0.24006804976814355
2010-05-04,0.08447008952893276
2010-05-05,-0.06327420957058183
2010-05-06,-0.20316484753039965
2010-05-07,-0.3352018243505215
2010-05-10,-0.45938514003094666
2010-05-11,-0.5757147945716754
2010-05-12,-0.6841907879727077
2010-05-13,-0.7848131202340436
2010-05-14,-0.877581791355683
2010-05-17,-0.962496801337626
2010-05-18,-1.0395581501798727
2010-05-19,-1.1087658378824228
2010-05-20,-1.1701198644452764
2010-05-21,-1.2236202298684336
2010-05-24,-1.2692669341518945
2010-05-25,-1.3070599772956588
2010-05-26,-1.336999359299727
2010-05-27,-1.3590850801640983
2010-05-28,-1.3733171398887736
2010-05-31,-1.3796955384737521
2010-06-01,-1.003201476847167
2010-06-02,-0.9992978328927521
2010-06-03,-0.9928987501497892
2010-06-04,-0.9840042286182783
2010-06-07,-0.9726142682982194
2010-06-08,-0.9587288691896126
2010-06-09,-0.9423480312924578
2010-06-10,-0.9234717546067549
2010-06-11,-0.9021000391325041
2010-06-14,-0.8782328848697054
2010-06-15,-0.8518702918183586
2010-06-16,-0.823012259978464
2010-06-17,-0.7916587893500211
2010-06-18,-0.7578098799330305
2010-06-21,-0.7214655317274918
2010-06-22,-0.6826257447334051
2010-06-23,-0.6412905189507706
2010-06-24,-0.597459854379588
2010-06-25,-0.5511337510198574
2010-06-28,-0.5023122088715788
2010-06-29,-0.45099522793475233
2010-06-30,-0.3971828082093777
2010-07-01,0.20638713828622873
2010-07-02,0.2583921487814733
2010-07-05,0.30609431125804
2010-07-06,0.3494936257159288
2010-07-07,0.3885900921551397
2010-07-08,0.42338371057567264
2010-07-09,0.4538744809775277
2010-07-12,0.48006240336070477
2010-07-13,0.501947477725204
2010-07-14,0.5195297040710254
2010-07-15,0.5328090823981688
2010-07-16,0.5417856127066343
2010-07-19,0.546459294996422
2010-07-20,0.5468301292675316
2010-07-21,0.5428981155199635
2010-07-22,0.5346632537537173
2010-07-23,0.5221255439687933
2010-07-26,0.5052849861651914
2010-07-27,0.4841415803429115
2010-07-28,0.4586953265019537
2010-07-29,0.42894622464231813
2010-07-30,0.39489427476400446
2010-08-02,0.08201019217369493
2010-08-03,0.04276284793123453
2010-08-04,0.002622957343305088
2010-08-05,-0.03840947959009333
2010-08-06,-0.08033446286896079
2010-08-09,-0.12315199249329717
2010-08-10,-0.1668620684631026
2010-08-11,-0.21146469077837696
2010-08-12,-0.25695985943912036
2010-08-13,-0.3033475744453327
2010-08-16,-0.35062783579701406
2010-08-17,-0.3988006434941644
2010-08-18,-0.44786599753678374
2010-08-19,-0.4978238979248721
2010-08-20,-0.5486743446584292
2010-08-23,-0.6004173377374558
2010-08-24,-0.6530528771619508
2010-08-25,-0.7065809629319151
2010-08-26,-0.7610015950473483
2010-08-27,-0.8163147735082505
2010-08-30,-0.8725204983146218
2010-08-31,-0.9296187694664622
2010-09-01,-1.888545014349229
2010-09-02,-1.9362366337524364
2010-09-03,-1.9736290550615416
2010-09-06,-2.000722278276545
2010-09-07,-2.017516303397447
2010-09-08,-2.0240111304242463
2010-09-09,-2.0202067593569444
2010-09-10,-2.0061031901955397
2010-09-13,-1.9817004229400337
2010-09-14,-1.9469984575904258
2010-09-15,-1.9019972941467158
2010-09-16,-1.846696932608904
2010-09-17,-1.7810973729769901
2010-09-20,-1.7051986152509744
2010-09-21,-1.619000659430857
2010-09-22,-1.5225035055166374
2010-09-23,-1.4157071535083159
2010-09-24,-1.2986116034058925
2010-09-27,-1.1712168552093671
2010-09-28,-1.03352290891874
2010-09-29,-0.8855297645340112
2010-09-30,-0.72723742205518
2010-10-01,1.1308074982679976
2010-10-04,1.2957496549549732
2010-10-05,1.4490142591572805
2010-10-06,1.590601310874919
2010-10-07,1.7205108101078894
2010-10-08,1.8387427568561914
2010-10-11,1.9452971511198247
2010-10-12,2.0401739928987896
2010-10-13,2.123373282193086
2010-10-14,2.1948950190027143
2010-10-15,2.254739203327674
2010-10-18,2.3029058351679654
2010-10-19,2.3393949145235884
2010-10-20,2.3642064413945425
2010-10-21,2.3773404157808287
2010-10-22,2.378796837682446
2010-10-25,2.3685757070993954
2010-10-26,2.346677024031676
2010-10-27,2.313100788479288
2010-10-28,2.2678470004422318
2010-10-29,2.2109156599205075
2010-11-01,1.1337619654147466
2010-11-02,1.0701815993938073
2010-11-03,1.0085111743125772
2010-11-04,0.9487506901710555
2010-11-05,0.8909001469692425
2010-11-08,0.8349595447071384
2010-11-09,0.7809288833847431
2010-11-10,0.7288081630020564
2010-11-11,0.6785973835590786
2010-11-12,0.6302965450558095
2010-11-15,0.5839056474922492
2010-11-16,0.5394246908683976
2010-11-17,0.4968536751842547
2010-11-18,0.45619260043982074
2010-11-19,0.4174414666350955
2010-11-22,0.3806002737700789
2010-11-23,0.34566902184477116
2010-11-24,0.3126477108591722
2010-11-25,0.2815363408132819
2010-11-26,0.2523349117071004
2010-11-29,0.22504342354062773
2010-11-30,0.19966187631386367
2010-12-01,0.0517870051277414
2010-12-02,0.032502537130683046
2010-12-03,0.016384702802445306
2010-12-06,0.003433502143028122
2010-12-07,-0.006351064847568477
2010-12-08,-0.012968998169344506
2010-12-09,-0.016420297822299958
2010-12-10,-0.01670496380643484
2010-12-13,-0.013822996121749143
2010-12-14,-0.007774394768242876
2010-12-15,0.001440840254083961
2010-12-16,0.013822708945231382
2010-12-17,0.02937121130519936
2010-12-20,0.048086347333987964
2010-12-21,0.0699681170315971
2010-12-22,0.09501652039802679
2010-12-23,0.12323155743327709
2010-12-24,0.15461322813734796
2010-12-27,0.18916153251023937
2010-12-28,0.22687647055195137
2010-12-29,0.26775804226248395
2010-12-30,0.3118062476418371
2010-12-31,0.35902108669001087
2011-01-03,1.0493944704394478
2011-01-04,1.0996796918747376
2011-01-05,1.1450704265314666
2011-01-06,1.1855666744096347
2011-01-07,1.2211684355092418
2011-01-10,1.251875709830288
2011-01-11,1.2776884973727731
2011-01-12,1.2986067981366973
2011-01-13,1.3146306121220606
2011-01-14,1.3257599393288628
2011-01-17,1.3319947797571041
2011-01-18,1.3333351334067844
2011-01-19,1.3297810002779038
2011-01-20,1.3213323803704624
2011-01-21,1.3079892736844598
2011-01-24,1.2897516802198963
2011-01-25,1.266619599976772
2011-01-26,1.2385930329550865
2011-01-27,1.2056719791548403
2011-01-28,1.1678564385760328
2011-01-31,1.1251464112186647
2011-02-01,0.6836844498499002
2011-02-02,0.6342070529237405
2011-02-03,0.5852369989141464
2011-02-04,0.5367742878211186
2011-02-07,0.48881891964465646
2011-02-08,0.44137089438476035
2011-02-09,0.3944302120414301
2011-02-10,0.34799687261466583
2011-02-11,0.3020708761044674
2011-02-14,0.25665222251083497
2011-02-15,0.21174091183376836
2011-02-16,0.16733694407326777
2011-02-17,0.12344031922933302
2011-02-18,0.08005103730196414
2011-02-21,0.0371690982911613
2011-02-22,-0.005205497803075748
2011-02-23,-0.047072750980746814
2011-02-24,-0.08843266124185195
2011-02-25,-0.12928522858639124
2011-02-28,-0.16963045301436458
2011-03-01,-0.7543598370268717
2011-03-02,-0.7823966102923842
2011-03-03,-0.8038285207265329
2011-03-04,-0.8186555683293181
2011-03-07,-0.8268777531007396
2011-03-08,-0.8284950750407976
2011-03-09,-0.823507534149492
2011-03-10,-0.8119151304268226
2011-03-11,-0.7937178638727898
2011-03-14,-0.7689157344873931
2011-03-15,-0.737508742270633
2011-03-16,-0.6994968872225092
2011-03-17,-0.6548801693430218
2011-03-18,-0.6036585886321708
2011-03-21,-0.5458321450899561
2011-03-22,-0.481400838716378
2011-03-23,-0.4103646695114362
2011-03-24,-0.33272363747513056
2011-03-25,-0.24847774260746147
2011-03-28,-0.15762698490842886
2011-03-29,-0.0601713643780325
2011-03-30,0.04388911898372749
2011-03-31,0.15455446517685112
2011-04-01,1.6723142821203818
2011-04-04,1.7896574818020174
2011-04-05,1.8959050808051374
2011-04-06,1.9910570791297402
2011-04-07,2.075113476775827
2011-04-08,2.148074273743397
2011-04-11,2.20993947003245
2011-04-12,2.2607090656429873
2011-04-13,2.3003830605750077
2011-04-14,2.328961454828512
2011-04-15,2.346444248403499
2011-04-18,2.35283144129997
2011-04-19,2.348123033517924
2011-04-20,2.332319025057362
2011-04-21,2.3054194159182835
2011-04-22,2.267424206100688
2011-04-25,2.2183333956045765
2011-04-26,2.158146984429948
2011-04-27,2.0868649725768034
2011-04-28,2.004487360045142
2011-04-29,1.9110141468349642
2011-05-02,0.6833801571356258
2011-05-03,0.587437320302161
2011-05-04,0.4953673326198943
2011-05-05,0.40717019408882593
2011-05-06,0.32284590470895536
2011-05-09,0.2423944644802832
2011-05-10,0.165815873402809
2011-05-11,0.09311013147653302
2011-05-12,0.02427723870145504
2011-05-13,-0.04068280492242483
2011-05-16,-0.10176999939510659
2011-05-17,-0.15898434471659018
2011-05-18,-0.21232584088687576
2011-05-19,-0.2617944879059631
2011-05-20,-0.3073902857738524
2011-05-23,-0.34911323449054366
2011-05-24,-0.38696333405603667
2011-05-25,-0.42094058447033167
2011-05-26,-0.45104498573342855
2011-05-27,-0.4772765378453273
2011-05-30,-0.49963524080602795
2011-05-31,-0.5181210946155305
2011-06-01,-0.4585548814181092
2011-06-02,-0.47021651789236735
2011-06-03,-0.4789267861825793
2011-06-06,-0.48468568628874503
2011-06-07,-0.4874932182108645
2011-06-08,-0.48734938194893773
2011-06-09,-0.48425417750296473
2011-06-10,-0.4782076048729455
2011-06-13,-0.46920966405888
2011-06-14,-0.4572603550607683
2011-06-15,-0.4423596778786103
2011-06-16,-0.4245076325124061
2011-06-17,-0.40370421896215564
2011-06-20,-0.37994943722785895
2011-06-21,-0.3532432873095161
2011-06-22,-0.3235857692071269
2011-06-23,-0.2909768829206915
2011-06-24,-0.25541662845020996
2011-06-27,-0.216905005795682
2011-06-28,-0.17544201495710793
2011-06-29,-0.13102765593448767
2011-06-30,-0.08366192872782097
2011-07-01,0.8119048905389883
2011-07-04,0.8563480395596229
2011-07-05,0.8925211900487172
2011-07-06,0.9204243420062707
2011-07-07,0.9400574954322837
2011-07-08,0.951420650326756
2011-07-11,0.9545138066896879
2011-07-12,0.9493369645210791
2011-07-13,0.9358901238209297
2011-07-14,0.9141732845892397
2011-07-15,0.8841864468260092
2011-07-18,0.845929610531238
2011-07-19,0.7994027757049263
2011-07-20,0.744605942347074
2011-07-21,0.6815391104576812
2011-07-22,0.6102022800367477
2011-07-25,0.5305954510842736
2011-07-26,0.44271862360025893
2011-07-27,0.3465717975847038
2011-07-28,0.2421549730376078
2011-07-29,0.1294681499589716
2011-08-01,-1.0482659199137303
2011-08-02,-1.1535278288368978
2011-08-03,-1.2536128095608967
2011-08-04,-1.3485208620857276
2011-08-05,-1.4382519864113903
2011-08-08,-1.522806182537885
2011-08-09,-1.602183450465211
2011-08-10,-1.676383790193369
2011-08-11,-1.7454072017223587
2011-08-12,-1.8092536850521803
2011-08-15,-1.8679232401828336
2011-08-16,-1.9214158671143189
2011-08-17,-1.969731565846636
2011-08-18,-2.012870336379785
2011-08-19,-2.0508321787137653
2011-08-22,-2.083617092848577
2011-08-23,-2.1112250787842215
2011-08-24,-2.133656136520697
2011-08-25,-2.150910266058005
2011-08-26,-2.1629874673961442
2011-08-29,-2.1698877405351156
2011-08-30,-2.1716110854749187
2011-08-31,-2.1681575022155535
2011-09-01,-2.2106120788510344
2011-09-02,-2.195292986726324
2011-09-05,-2.1736776099108246
2011-09-06,-2.1457659484045366
2011-09-07,-2.111558002207459
2011-09-08,-2.071053771319593
2011-09-09,-2.024253255740938
2011-09-12,-1.9711564554714942
2011-09-13,-1.911763370511261
2011-09-14,-1.8460740008602392
2011-09-15,-1.7740883465184283
2011-09-16,-1.6958064074858286
2011-09-19,-1.6112281837624396
2011-09-20,-1.5203536753482618
2011-09-21,-1.4231828822432953
2011-09-22,-1.3197158044475394
2011-09-23,-1.2099524419609948
2011-09-26,-1.0938927947836614
2011-09-27,-0.9715368629155388
2011-09-28,-0.8428846463566274
2011-09-29,-0.707936145106927
2011-09-30,-0.5666913591664373
2011-10-03,0.9650976755198057
2011-10-04,1.107747909185435
2011-10-05,1.2384815406172593
2011-10-06,1.3572985698152782
2011-10-07,1.4641989967794924
2011-10-10,1.5591828215099013
2011-10-11,1.6422500440065049
2011-10-12,1.7134006642693036
2011-10-13,1.772634682298297
2011-10-14,1.8199520980934851
2011-10-17,1.8553529116548684
2011-10-18,1.8788371229824465
2011-10-19,1.8904047320762194
2011-10-20,1.8900557389361872
2011-10-21,1.8777901435623499
2011-10-24,1.8536079459547072
2011-10-25,1.8175091461132598
2011-10-26,1.769493744038007
2011-10-27,1.709561739728949
2011-10-28,1.6377131331860861
2011-10-31,1.553947924409418
2011-11-01,0.3087614544389195
2011-11-02,0.22087968723708346
2011-11-03,0.13644879061613596
2011-11-04,0.05546876457607708
2011-11-07,-0.022060390883093528
2011-11-08,-0.09613867576137547
2011-11-09,-0.16676609005876902
2011-11-10,-0.23394263377527397
2011-11-11,-0.2976683069108905
2011-11-14,-0.3579431094656186
2011-11-15,-0.41476704143945814
2011-11-16,-0.46814010283240914
2011-11-17,-0.5180622936444718
2011-11-18,-0.5645336138756458
2011-11-21,-0.6075540635259313
2011-11-22,-0.6471236425953285
2011-11-23,-0.683242351083837
2011-11-24,-0.7159101889914571
2011-11-25,-0.7451271563181887
2011-11-28,-0.7708932530640319
2011-11-29,-0.7932084792289865
2011-11-30,-0.8120728348130525
2011-12-01,-0.8238117935158947
2011-12-02,-0.8358200542276291
2011-12-05,-0.8444230906479201
2011-12-06,-0.8496209027767677
2011-12-07,-0.851413490614172
2011-12-08,-0.8498008541601331
2011-12-09,-0.8447829934146507
2011-12-12,-0.836359908377725
2011-12-13,-0.824531599049356
2011-12-14,-0.8092980654295436
2011-12-15,-0.7906593075182881
2011-12-16,-0.7686153253155891
2011-12-19,-0.7431661188214467
2011-12-20,-0.7143116880358611
2011-12-21,-0.6820520329588321
2011-12-22,-0.6463871535903598
2011-12-23,-0.6073170499304442
2011-12-26,-0.5648417219790853
2011-12-27,-0.5189611697362828
2011-12-28,-0.46967539320203733
2011-12-29,-0.41698439237634843
2011-12-30,-0.360888167259216
2012-01-02,0.25514780577487184
2012-01-03,0.3111410071317168
2012-01-04,0.36362596043683093
2012-01-05,0.4126026656902143
2012-01-06,0.458071122891867
2012-01-09,0.5000313320417888
2012-01-10,0.5384832931399801
2012-01-11,0.5734270061864405
2012-01-12,0.6048624711811702
2012-01-13,0.6327896881241692
2012-01-16,0.6572086570154375
2012-01-17,0.678119377854975
2012-01-18,0.6955218506427818
2012-01-19,0.7094160753788579
2012-01-20,0.7198020520632031
2012-01-23,0.7266797806958177
2012-01-24,0.7300492612767016
2012-01-25,0.7299104938058547
2012-01-26,0.7262634782832771
2012-01-27,0.7191082147089687
2012-01-30,0.7084447030829296
2012-01-31,0.6942729434051598
2012-02-01,0.5570807405335928
2012-02-02,0.5363316995979263
2012-02-03,0.51335553058607
2012-02-06,0.48815223349802417
2012-02-07,0.4607218083337884
2012-02-08,0.4310642550933631
2012-02-09,0.39917957377674795
2012-02-10,0.36506776438394317
2012-02-13,0.32872882691494865
2012-02-14,0.2901627613697644
2012-02-15,0.24936956774839045
2012-02-16,0.20634924605082675
2012-02-17,0.16110179627707338
2012-02-20,0.11362721842713022
2012-02-21,0.06392551250099748
2012-02-22,0.01199667849867489
2012-02-23,-0.04215928357983731
2012-02-24,-0.09854237373453936
2012-02-27,-0.15715259196543094
2012-02-28,-0.21798993827251242
2012-02-29,-0.28105441265578346
2012-03-01,-1.2753105516696246
2012-03-02,-1.3281048420791175
2012-03-05,-1.3713696205504362
2012-03-06,-1.4051048870835803
2012-03-07,-1.4293106416785504
2012-03-08,-1.443986884335346
2012-03-09,-1.4491336150539673
2012-03-12,-1.4447508338344144
2012-03-13,-1.4308385406766873
2012-03-14,-1.4073967355807857
2012-03-15,-1.3744254185467097
2012-03-16,-1.3319245895744598
2012-03-19,-1.2798942486640352
2012-03-20,-1.2183343958154365
2012-03-21,-1.1472450310286635
2012-03-22,-1.0666261543037159
2012-03-23,-0.9764777656405944
2012-03-26,-0.8767998650392985
2012-03-27,-0.7675924524998281
2012-03-28,-0.6488555280221837
2012-03-29,-0.5205890916063649
2012-03-30,-0.38279314325237146
2012-04-02,1.4930060168304107
2012-04-03,1.6342855174174606
2012-04-04,1.7625035601902423
2012-04-05,1.8776601451487558
2012-04-06,1.979755272293001
2012-04-09,2.0687889416229774
2012-04-10,2.144761153138686
2012-04-11,2.207671906840126
2012-04-12,2.257521202727298
2012-04-13,2.294309040800202
2012-04-16,2.318035421058837
2012-04-17,2.328700343503204
2012-04-18,2.3263038081333027
2012-04-19,2.3108458149491335
2012-04-20,2.2823263639506957
2012-04-23,2.2407454551379895
2012-04-24,2.1861030885110146
2012-04-25,2.118399264069772
2012-04-26,2.037633981814261
2012-04-27,1.9438072417444818
2012-04-30,1.8369190438604341
2012-05-01,0.3076517972353694
2012-05-02,0.20332223448987852
2012-05-03,0.10418235985388091
2012-05-04,0.010232173327376581
2012-05-07,-0.07852832508963448
2012-05-08,-0.16209913539715237
2012-05-09,-0.24048025759517694
2012-05-10,-0.31367169168370834
2012-05-11,-0.38167343766274636
2012-05-14,-0.4444854955322912
2012-05-15,-0.5021078652923427
2012-05-16,-0.5545405469429011
2012-05-17,-0.6017835404839662
2012-05-18,-0.6438368459155381
2012-05-21,-0.6807004632376166
2012-05-22,-0.7123743924502017
2012-05-23,-0.7388586335532938
2012-05-24,-0.7601531865468927
2012-05-25,-0.7762580514309982
2012-05-28,-0.7871732282056105
2012-05-29,-0.7928987168707295
2012-05-30,-0.7934345174263553
2012-05-31,-0.7887806298724878
2012-06-01,-0.3353752908801426
2012-06-04,-0.32440878365657116
2012-06-05,-0.31325682826929957
2012-06-06,-0.3019194247183279
2012-06-07,-0.29039657300365607
2012-06-08,-0.27868827312528405
2012-06-11,-0.2667945250832119
2012-06-12,-0.25471532887743964
2012-06-13,-0.24245068450796722
2012-06-14,-0.23000059197479464
2012-06-15,-0.21736505127792194
2012-06-18,-0.20454406241734907
2012-06-19,-0.1915376253930761
2012-06-20,-0.17834574020510294
2012-06-21,-0.16496840685342967
2012-06-22,-0.15140562533805624
2012-06-25,-0.13765739565898266
2012-06-26,-0.12372371781620894
2012-06-27,-0.10960459180973511
2012-06-28,-0.0953000176395611
2012-06-29,-0.08080999530568697
2012-07-02,0.1355755286625482
2012-07-03,0.14724301238284687
2012-07-04,0.15656957616666872
2012-07-05,0.16355522001401374
2012-07-06,0.16819994392488197
2012-07-09,0.17050374789927336
2012-07-10,0.17046663193718797
2012-07-11,0.16808859603862575
2012-07-12,0.16336964020358674
2012-07-13,0.15630976443207092
2012-07-16,0.1469089687240783
2012-07-17,0.13516725307960886
2012-07-18,0.12108461749866259
2012-07-19,0.10466106198123953
2012-07-20,0.0858965865273397
2012-07-23,0.06479119113696297
2012-07-24,0.04134487581010952
2012-07-25,0.015557640546779251
2012-07-26,-0.01257051465302788
2012-07-27,-0.043039589789311765
2012-07-30,-0.07584958486207247
2012-07-31,-0.11100049987131005
2012-08-01,-0.36842167519397007
2012-08-02,-0.4039163812073827
2012-08-03,-0.43904403806874204
2012-08-06,-0.47380464577804815
2012-08-07,-0.5081982043353009
2012-08-08,-0.5422247137405006
2012-08-09,-0.5758841739936469
2012-08-10,-0.60917658509474
2012-08-13,-0.6421019470437798
2012-08-14,-0.6746602598407664
2012-08-15,-0.7068515234856996
2012-08-16,-0.7386757379785797
2012-08-17,-0.7701329033194064
2012-08-20,-0.80122301950818
2012-08-21,-0.8319460865449002
2012-08-22,-0.8623021044295672
2012-08-23,-0.8922910731621809
2012-08-24,-0.9219129927427414
2012-08-27,-0.9511678631712487
2012-08-28,-0.9800556844477025
2012-08-29,-1.0085764565721034
2012-08-30,-1.0367301795444508
2012-08-31,-1.0645168533647449
2012-09-03,-1.7255660952020961
2012-09-04,-1.7471156038608036
2012-09-05,-1.7586820528097413
2012-09-06,-1.7602654420489097
2012-09-07,-1.7518657715783081
2012-09-10,-1.7334830413979372
2012-09-11,-1.7051172515077966
2012-09-12,-1.6667684019078863
2012-09-13,-1.6184364925982064
2012-09-14,-1.5601215235787569
2012-09-17,-1.491823494849538
2012-09-18,-1.4135424064105493
2012-09-19,-1.3252782582617908
2012-09-20,-1.2270310504032629
2012-09-21,-1.1188007828349655
2012-09-24,-1.000587455556898
2012-09-25,-0.8723910685690615
2012-09-26,-0.734211621871455
2012-09-27,-0.5860491154640788
2012-09-28,-0.4279035493469334
2012-10-01,1.226671644740763
2012-10-02,1.3633984269901334
2012-10-03,1.4906531864219907
2012-10-04,1.6084359230363354
2012-10-05,1.7167466368331672
2012-10-08,1.8155853278124867
2012-10-09,1.9049519959742933
2012-10-10,1.9848466413185872
2012-10-11,2.0552692638453682
2012-10-12,2.1162198635546368
2012-10-15,2.1676984404463924
2012-10-16,2.2097049945206355
2012-10-17,2.2422395257773657
2012-10-18,2.2653020342165835
2012-10-19,2.2788925198382883
2012-10-22,2.2830109826424807
2012-10-23,2.27765742262916
2012-10-24,2.2628318397983267
2012-10-25,2.2385342341499808
2012-10-26,2.2047646056841224
2012-10-29,2.161522954400751
2012-10-30,2.108809280299867
2012-10-31,2.04662358338147
2012-11-01,0.7767023177585812
2012-11-02,0.7062979501040949
2012-11-05,0.6404041036099366
2012-11-06,0.5790207782761063
2012-11-07,0.522147974102604
2012-11-08,0.46978569108942986
2012-11-09,0.42193392923658374
2012-11-12,0.37859268854406575
2012-11-13,0.3397619690118758
2012-11-14,0.3054417706400138
2012-11-15,0.27563209342847994
2012-11-16,0.25033293737727413
2012-11-19,0.22954430248639635
2012-11-20,0.2132661887558467
2012-11-21,0.20149859618562505
2012-11-22,0.19424152477573142
2012-11-23,0.19149497452616587
2012-11-26,0.1932589454369284
2012-11-27,0.19953343750801905
2012-11-28,0.2103184507394376
2012-11-29,0.2256139851311843
2012-11-30,0.24542004068325912
2012-12-03,0.6263317112205393
2012-12-04,0.6519027768713476
2012-12-05,0.6775703992361615
2012-12-06,0.7033345783149806
2012-12-07,0.7291953141078052
2012-12-10,0.7551526066146353
2012-12-11,0.7812064558354709
2012-12-12,0.8073568617703117
2012-12-13,0.8336038244191581
2012-12-14,0.85994734378201
2012-12-17,0.8863874198588672
2012-12-18,0.9129240526497299
2012-12-19,0.9395572421545979
2012-12-20,0.9662869883734714
2012-12-21,0.9931132913063503
2012-12-24,1.0200361509532347
2012-12-25,1.0470555673141244
2012-12-26,1.0741715403890195
2012-12-27,1.1013840701779203
2012-12-28,1.1286931566808263
2012-12-31,1.1560987998977377
2013-01-01,1.4767007135902277
2013-01-02,1.4985476151943993
2013-01-03,1.517130714117992
2013-01-04,1.5324500103610061
2013-01-07,1.5445055039234417
2013-01-08,1.5532971948052985
2013-01-09,1.5588250830065764
2013-01-10,1.5610891685272759
2013-01-11,1.5600894513673964
2013-01-14,1.5558259315269385
2013-01-15,1.5482986090059019
2013-01-16,1.5375074838042864
2013-01-17,1.5234525559220924
2013-01-18,1.5061338253593195
2013-01-21,1.485551292115968
2013-01-22,1.4617049561920379
2013-01-23,1.434594817587529
2013-01-24,1.4042208763024413
2013-01-25,1.3705831323367752
2013-01-28,1.3336815856905302
2013-01-29,1.2935162363637065
2013-01-30,1.2500870843563041
2013-01-31,1.2033941296683233
2013-02-01,0.6820232936594817
2013-02-04,0.6272865969104007
2013-02-05,0.5752634743860823
2013-02-06,0.5259539260865265
2013-02-07,0.4793579520117333
2013-02-08,0.43547555216170275
2013-02-11,0.3943067265364349
2013-02-12,0.3558514751359296
2013-02-13,0.32010979796018696
2013-02-14,0.28708169500920694
2013-02-15,0.25676716628298957
2013-02-18,0.22916621178153485
2013-02-19,0.2042788315048427
2013-02-20,0.18210502545291318
2013-02-21,0.16264479362574635
2013-02-22,0.14589813602334206
2013-02-25,0.13186505264570048
2013-02-26,0.12054554349282151
2013-02-27,0.11193960856470514
2013-02-28,0.10604724786135145
2013-03-01,-0.4690647834915973
2013-03-04,-0.46183135896440153
2013-03-05,-0.44433709421611367
2013-03-06,-0.4165819892467337
2013-03-07,-0.3785660440562615
2013-03-08,-0.3302892586446974
2013-03-11,-0.2717516330120411
2013-03-12,-0.2029531671582927
2013-03-13,-0.12389386108345232
2013-03-14,-0.034573714787519805
2013-03-15,0.06500727172950482
2013-03-18,0.17484909846762164
2013-03-19,0.29495176542683027
2013-03-20,0.42531527260713126
2013-03-21,0.565939620008524
2013-03-22,0.7168248076310093
2013-03-25,0.8779708354745863
2013-03-26,1.0493777035392557
2013-03-27,1.2310454118250167
2013-03-28,1.4229739603318703
2013-03-29,1.6251633490598159
2013-04-01,3.937290614513718
2013-04-02,4.123288439289247
2013-04-03,4.292490688479861
2013-04-04,4.444897362085557
2013-04-05,4.580508460106338
2013-04-08,4.699323982542203
2013-04-09,4.801343929393152
2013-04-10,4.886568300659184
2013-04-11,4.954997096340301
2013-04-12,5.006630316436502
2013-04-15,5.041467960947787
2013-04-16,5.059510029874155
2013-04-17,5.060756523215608
2013-04-18,5.045207440972145
2013-04-19,5.012862783143765
2013-04-22,4.96372254973047
2013-04-23,4.897786740732259
2013-04-24,4.815055356149131
2013-04-25,4.715528395981087
2013-04-26,4.599205860228127
2013-04-29,4.466087748890252
2013-04-30,4.316174061967461
2013-05-01,2.369650291313503
2013-05-02,2.215091471110056
2013-05-03,2.0654348644061873
2013-05-06,1.9206804712018963
2013-05-07,1.780828291497183
2013-05-08,1.6458783252920475
2013-05-09,1.5158305725864898
2013-05-10,1.3906850333805099
2013-05-13,1.270441707674108
2013-05-14,1.1551005954672837
2013-05-15,1.0446616967600375
2013-05-16,0.939125011552369
2013-05-17,0.8384905398442786
2013-05-20,0.7427582816357656
2013-05-21,0.6519282369268307
2013-05-22,0.5660004057174737
2013-05-23,0.48497478800769445
2013-05-24,0.408851383797493
2013-05-27,0.3376301930868695
2013-05-28,0.27131121587582374
2013-05-29,0.20989445216435598
2013-05-30,0.15337990195246587
2013-05-31,0.10176756524015373
2013-06-03,0.04514471269400022
2013-06-04,-0.0019884063231207783
2013-06-05,-0.04253800266271818
2013-06-06,-0.07650407632479207
2013-06-07,-0.10388662730934246
2013-06-10,-0.12468565561636935
2013-06-11,-0.13890116124587268
2013-06-12,-0.1465331441978525
2013-06-13,-0.14758160447230878
2013-06-14,-0.14204654206924155
2013-06-17,-0.12992795698865078
2013-06-18,-0.11122584923053652
2013-06-19,-0.08594021879489869
2013-06-20,-0.05407106568173732
2013-06-21,-0.01561838989105252
2013-06-24,0.029417808577155896
2013-06-25,0.08103752972288775
2013-06-26,0.13924077354614325
2013-06-27,0.20402754004692222
2013-06-28,0.2753978292252247
2013-07-01,1.4790237440218081
2013-07-02,1.5389352152254172
2013-07-03,1.5909722342797432
2013-07-04,1.6351348011847864
2013-07-05,1.6714229159405463
2013-07-08,1.699836578547023
2013-07-09,1.7203757890042168
2013-07-10,1.7330405473121275
2013-07-11,1.737830853470755
2013-07-12,1.7347467074800995
2013-07-15,1.723788109340161
2013-07-16,1.7049550590509395
2013-07-17,1.6782475566124349
2013-07-18,1.643665602024647
2013-07-19,1.6012091952875762
2013-07-22,1.5508783364012224
2013-07-23,1.4926730253655855
2013-07-24,1.4265932621806652
2013-07-25,1.3526390468464622
2013-07-26,1.2708103793629761
2013-07-29,1.181107259730207
2013-07-30,1.0835296879481544
2013-07-31,0.9780776640168192
2013-08-01,-0.3308838032107201
2013-08-02,-0.4431489659758726
2013-08-05,-0.5492016119673493
2013-08-06,-0.64904174118515
2013-08-07,-0.7426693536292752
2013-08-08,-0.8300844492997242
2013-08-09,-0.9112870281964975
2013-08-12,-0.9862770903195949
2013-08-13,-1.0550546356690165
2013-08-14,-1.1176196642447622
2013-08-15,-1.1739721760468322
2013-08-16,-1.2241121710752263
2013-08-19,-1.2680396493299444
2013-08-20,-1.3057546108109865
2013-08-21,-1.3372570555183532
2013-08-22,-1.3625469834520438
2013-08-23,-1.3816243946120585
2013-08-26,-1.3944892889983977
2013-08-27,-1.4011416666110605
2013-08-28,-1.4015815274500478
2013-08-29,-1.3958088715153592
2013-08-30,-1.383823698806995
2013-09-02,-1.3671593487606937
2013-09-03,-1.3412486360270472
2013-09-04,-1.3084914566837962
2013-09-05,-1.2688878107309414
2013-09-06,-1.222437698168482
2013-09-09,-1.1691411189964183
2013-09-10,-1.1089980732147504
2013-09-11,-1.0420085608234786
2013-09-12,-0.9681725818226022
2013-09-13,-0.8874901362121216
2013-09-16,-0.7999612239920367
2013-09-17,-0.7055858451623475
2013-09-18,-0.6043639997230542
2013-09-19,-0.49629568767415644
2013-09-20,-0.38138090901565463
2013-09-23,-0.2596196637475483
2013-09-24,-0.13101195186983794
2013-09-25,0.004442226617476952
2013-09-26,0.1467428717143956
2013-09-27,0.2958899834209191
2013-09-30,0.45188356173704636
2013-10-01,1.8533134870477799
2013-10-02,1.993543577336237
2013-10-03,2.125323716894005
2013-10-04,2.248653905721084
2013-10-07,2.3635341438174735
2013-10-08,2.469964431183174
2013-10-09,2.5679447678181853
2013-10-10,2.6574751537225074
2013-10-11,2.73855558889614
2013-10-14,2.811186073339084
2013-10-15,2.8753666070513386
2013-10-16,2.931097190032904
2013-10-17,2.9783778222837802
2013-10-18,3.017208503803967
2013-10-21,3.047589234593465
2013-10-22,3.0695200146522734
2013-10-23,3.083000843980393
2013-10-24,3.0880317225778233
2013-10-25,3.0846126504445643
2013-10-28,3.0727436275806164
2013-10-29,3.052424653985979
2013-10-30,3.023655729660652
2013-10-31,2.9864368546046367
2013-11-01,2.1390575925297544
2013-11-04,2.08980217384515
2013-11-05,2.0413095742423324
2013-11-06,1.9935797937213011
2013-11-07,1.9466128322820566
2013-11-08,1.9004086899245987
2013-11-11,1.8549673666489275
2013-11-12,1.8102888624550428
2013-11-13,1.7663731773429447
2013-11-14,1.7232203113126334
2013-11-15,1.6808302643641087
2013-11-18,1.6392030364973704
2013-11-19,1.598338627712419
2013-11-20,1.558237038009254
2013-11-21,1.518898267387876
2013-11-22,1.4803223158482843
2013-11-25,1.4425091833904793
2013-11-26,1.405458870014461
2013-11-27,1.3691713757202293
2013-11-28,1.333646700507784
2013-11-29,1.2988848443771257
2013-12-02,1.492922432768575
2013-12-03,1.4583405598604264
2013-12-04,1.421630440318052
2013-12-05,1.382792074141452
2013-12-06,1.3418254613306266
2013-12-09,1.2987306018855755
2013-12-10,1.2535074958062988
2013-12-11,1.2061561430927965
2013-12-12,1.1566765437450688
2013-12-13,1.1050686977631152
2013-12-16,1.051332605146936
2013-12-17,0.9954682658965314
2013-12-18,0.937475680011901
2013-12-19,0.877354847493045
2013-12-20,0.8151057683399636
2013-12-23,0.7507284425526564
2013-12-24,0.6842228701311237
2013-12-25,0.6155890510753654
2013-12-26,0.5448269853853814
2013-12-27,0.47193667306117204
2013-12-30,0.3969181141027369
2013-12-31,0.31977130851007607
2014-01-01,-0.3264355760404104
2014-01-02,-0.3977487579005707
2014-01-03,-0.46454681079517385
2014-01-06,-0.52682973472422
2014-01-07,-0.584597529687709
2014-01-08,-0.6378501956856408
2014-01-09,-0.6865877327180157
2014-01-10,-0.7308101407848335
2014-01-13,-0.7705174198860941
2014-01-14,-0.8057095700217977
2014-01-15,-0.8363865911919441
2014-01-16,-0.8625484833965336
2014-01-17,-0.8841952466355658
2014-01-20,-0.9013268809090411
2014-01-21,-0.9139433862169593
2014-01-22,-0.9220447625593202
2014-01-23,-0.9256310099361242
2014-01-24,-0.9247021283473711
2014-01-27,-0.9192581177930609
2014-01-28,-0.9092989782731936
2014-01-29,-0.8948247097877692
2014-01-30,-0.8758353123367877
2014-01-31,-0.8523307859202491
2014-02-03,-0.19838423275398392
2014-02-04,-0.16956755499933313
2014-02-05,-0.14415680317944163
2014-02-06,-0.12215197729430928
2014-02-07,-0.10355307734393619
2014-02-10,-0.0883601033283223
2014-02-11,-0.07657305524746767
2014-02-12,-0.06819193310137227
2014-02-13,-0.06321673689003608
2014-02-14,-0.06164746661345913
2014-02-17,-0.0634841222716414
2014-02-18,-0.06872670386458289
2014-02-19,-0.07737521139228361
2014-02-20,-0.08942964485474357
2014-02-21,-0.10489000425196275
2014-02-24,-0.12375628958394118
2014-02-25,-0.14602850085067876
2014-02-26,-0.17170663805217568
2014-02-27,-0.20079070118843179
2014-02-28,-0.2332806902594471
2014-03-03,-0.7893892315215492
2014-03-04,-0.819558909747182
2014-03-05,-0.8457116804786629
2014-03-06,-0.8678475437159914
2014-03-07,-0.8859664994591675
2014-03-10,-0.9000685477081914
2014-03-11,-0.9101536884630631
2014-03-12,-0.9162219217237824
2014-03-13,-0.9182732474903496
2014-03-14,-0.9163076657627643
2014-03-17,-0.9103251765410268
2014-03-18,-0.9003257798251371
2014-03-19,-0.8863094756150951
2014-03-20,-0.8682762639109007
2014-03-21,-0.8462261447125543
2014-03-24,-0.8201591180200554
2014-03-25,-0.7900751838334044
2014-03-26,-0.7559743421526008
2014-03-27,-0.7178565929776453
2014-03-28,-0.6757219363085373
2014-03-31,-0.6295703721452771
2014-04-01,-0.06943691658067169
2014-04-02,-0.024238668013590203
2014-04-03,0.018269742538497113
2014-04-04,0.058088315075590174
2014-04-07,0.09521704959768926
2014-04-08,0.12965594610479408
2014-04-09,0.16140500459690485
2014-04-10,0.19046422507402141
2014-04-11,0.2168336075361439
2014-04-14,0.24051315198327222
2014-04-15,0.26150285841540644
2014-04-16,0.2798027268325465
2014-04-17,0.2954127572346924
2014-04-18,0.3083329496218442
2014-04-21,0.3185633039940018
2014-04-22,0.32610382035116536
2014-04-23,0.3309544986933347
2014-04-24,0.33311533902050994
2014-04-25,0.33258634133269105
2014-04-28,0.32936750562987804
2014-04-29,0.3234588319120708
2014-04-30,0.31486032017926957
2014-05-01,-0.09269905948128612
2014-05-02,-0.10175462575447619
2014-05-05,-0.10857740855306089
2014-05-06,-0.11316740787704022
2014-05-07,-0.11552462372641417
2014-05-08,-0.11564905610118274
2014-05-09,-0.11354070500134596
2014-05-12,-0.10919957042690381
2014-05-13,-0.10262565237785629
2014-05-14,-0.09381895085420337
2014-05-15,-0.08277946585594512
2014-05-16,-0.06950719738308149
2014-05-19,-0.05400214543561245
2014-05-20,-0.03626431001353809
2014-05-21,-0.016293691116858362
2014-05-22,0.005909711254426776
2014-05-23,0.030345897100317265
2014-05-26,0.057014866420813076
2014-05-27,0.08591661921591434
2014-05-28,0.11705115548562092
2014-05-29,0.15041847522993285
2014-05-30,0.18601857844885025
2014-06-02,0.568777505899501
2014-06-03,0.606171692425573
2014-06-04,0.6413256127511693
2014-06-05,0.6742392668762898
2014-06-06,0.7049126548009347
2014-06-09,0.7333457765251038
2014-06-10,0.7595386320487973
2014-06-11,0.7834912213720151
2014-06-12,0.8052035444947573
2014-06-13,0.8246756014170238
2014-06-16,0.8419073921388145
2014-06-17,0.8568989166601296
2014-06-18,0.869650174980969
2014-06-19,0.8801611671013327
2014-06-20,0.8884318930212207
2014-06-23,0.894462352740633
2014-06-24,0.8982525462595697
2014-06-25,0.8998024735780307
2014-06-26,0.899112134696016
2014-06-27,0.8961815296135256
2014-06-30,0.8910106583305596
2014-07-01,0.8630117826955542
2014-07-02,0.8546158166485022
2014-07-03,0.8445905753001494
2014-07-04,0.8329360586504956
2014-07-07,0.819652266699541
2014-07-08,0.8047391994472857
2014-07-09,0.7881968568937294
2014-07-10,0.7700252390388722
2014-07-11,0.7502243458827144
2014-07-14,0.7287941774252554
2014-07-15,0.7057347336664959
2014-07-16,0.6810460146064353
2014-07-17,0.654728020245074
2014-07-18,0.6267807505824118
2014-07-21,0.5972042056184487
2014-07-22,0.5659983853531848
2014-07-23,0.5331632897866201
2014-07-24,0.4986989189187544
2014-07-25,0.462605272749588
2014-07-28,0.4248823512791207
2014-07-29,0.3855301545073526
2014-07-30,0.34454868243428355
2014-07-31,0.30193793505991373
2014-08-01,-0.2142058484254142
2014-08-04,-0.25820801295925055
2014-08-05,-0.29775898385833177
2014-08-06,-0.3328587611226575
2014-08-07,-0.363507344752228
2014-08-08,-0.3897047347470432
2014-08-11,-0.4114509311071031
2014-08-12,-0.4287459338324077
2014-08-13,-0.441589742922957
2014-08-14,-0.449982358378751
2014-08-15,-0.4539237801997897
2014-08-18,-0.45341400838607304
2014-08-19,-0.44845304293760113
2014-08-20,-0.43904088385437395
2014-08-21,-0.42517753113639145
2014-08-22,-0.40686298478365357
2014-08-25,-0.3840972447961605
2014-08-26,-0.356880311173912
2014-08-27,-0.3252121839169083
2014-08-28,-0.28909286302514925
2014-08-29,-0.248522348498635
2014-09-01,0.2878334559679928
2014-09-02,0.3287474004840288
2014-09-03,0.36760002263488883
2014-09-04,0.40439132242057285
2014-09-05,0.43912129984108095
2014-09-08,0.47178995489641307
2014-09-09,0.5023972875865692
2014-09-10,0.5309432979115494
2014-09-11,0.5574279858713536
2014-09-12,0.5818513514659819
2014-09-15,0.6042133946954341
2014-09-16,0.6245141155597105
2014-09-17,0.6427535140588109
2014-09-18,0.6589315901927353
2014-09-19,0.6730483439614837
2014-09-22,0.6851037753650563
2014-09-23,0.6950978844034528
2014-09-24,0.7030306710766733
2014-09-25,0.7089021353847179
2014-09-26,0.7127122773275866
2014-09-29,0.7144610969052793
2014-09-30,0.714148594117796
2014-10-01,0.2905965478329314
2014-10-02,0.2912269935562246
2014-10-03,0.29475850036622425
2014-10-06,0.30119106826293024
2014-10-07,0.3105246972463427
2014-10-08,0.3227593873164615
2014-10-09,0.33789513847328667
2014-10-10,0.3559319507168183
2014-10-13,0.3768698240470564
2014-10-14,0.40070875846400084
2014-10-15,0.42744875396765164
2014-10-16,0.4570898105580089
2014-10-17,0.4896319282350725
2014-10-20,0.5250751069988426
2014-10-21,0.563419346849319
2014-10-22,0.6046646477865019
2014-10-23,0.6488110098103912
2014-10-24,0.6958584329209869
2014-10-27,0.745806917118289
2014-10-28,0.7986564624022974
2014-10-29,0.8544070687730122
2014-10-30,0.9130587362304337
2014-10-31,0.9746114647745614
2014-11-03,1.8490078649021175
2014-11-04,1.914861825223528
2014-11-05,1.9724478877908895
2014-11-06,2.0217660526042023
2014-11-07,2.062816319663466
2014-11-10,2.095598688968681
2014-11-11,2.1201131605198476
2014-11-12,2.136359734316965
2014-11-13,2.1443384103600334
2014-11-14,2.144049188649053
2014-11-17,2.135492069184024
2014-11-18,2.1186670519649464
2014-11-19,2.09357413699182
2014-11-20,2.0602133242646445
2014-11-21,2.0185846137834202
2014-11-24,1.9686880055481468
2014-11-25,1.910523499558825
2014-11-26,1.844091095815454
2014-11-27,1.7693907943180343
2014-11-28,1.6864225950665659
2014-12-01,0.8779934923782784
2014-12-02,0.8006273920480826
2014-12-03,0.7252309279142279
2014-12-04,0.6518040999767145
2014-12-05,0.5803469082355419
2014-12-08,0.5108593526907106
2014-12-09,0.4433414333422203
2014-12-10,0.37779315019007104
2014-12-11,0.31421450323426287
2014-12-12,0.25260549247479575
2014-12-15,0.19296611791166976
2014-12-16,0.13529637954488477
2014-12-17,0.07959627737444092
2014-12-18,0.025865811400338
2014-12-19,-0.025895018377423668
2014-12-22,-0.07568621195884431
2014-12-23,-0.12350776934392388
2014-12-24,-0.16935969053266248
2014-12-25,-0.2132419755250599
2014-12-26,-0.25515462432111624
2014-12-29,-0.2950976369208316
2014-12-30,-0.3330710133242058
2014-12-31,-0.3690747535312389
2015-01-01,-0.5009844048503587
2015-01-02,-0.5332061343313864
2015-01-05,-0.5620684845549909
2015-01-06,-0.5875714555211723
2015-01-07,-0.6097150472299305
2015-01-08,-0.6284992596812656
2015-01-09,-0.6439240928751776
2015-01-12,-0.6559895468116664
2015-01-13,-0.6646956214907321
2015-01-14,-0.6700423169123747
2015-01-15,-0.672029633076594
2015-01-16,-0.6706575699833903
2015-01-19,-0.6659261276327635
2015-01-20,-0.6578353060247134
2015-01-21,-0.6463851051592403
2015-01-22,-0.631575525036344
2015-01-23,-0.6134065656560246
2015-01-26,-0.591878227018282
2015-01-27,-0.5669905091231162
2015-01-28,-0.5387434119705274
2015-01-29,-0.5071369355605154
2015-01-30,-0.47217107989308027
2015-02-02,-0.09342911544660198
2015-02-03,-0.052294972631555914
2015-02-04,-0.012184445418807699
2015-02-05,0.02690246619164252
2015-02-06,0.06496576219979483
2015-02-09,0.10200544260564914
2015-02-10,0.1380215074092055
2015-02-11,0.1730139566104639
2015-02-12,0.20698279020942434
2015-02-13,0.2399280082060868
2015-02-16,0.2718496106004513
2015-02-17,0.3027475973925179
2015-02-18,0.33262196858228654
2015-02-19,0.3614727241697572
2015-02-20,0.3892998641549298
2015-02-23,0.4161033885378046
2015-02-24,0.4418832973183813
2015-02-25,0.46663959049666015
2015-02-26,0.490372268072641
2015-02-27,0.5130813300463238
2015-03-02,0.3257280963242281
2015-03-03,0.3471810520257826
2015-03-04,0.3703729212730871
2015-03-05,0.3953037040661416
2015-03-06,0.4219734004049462
2015-03-09,0.45038201028950076
2015-03-10,0.48052953371980534
2015-03-11,0.51241597069586
2015-03-12,0.5460413212176646
2015-03-13,0.5814055852852192
2015-03-16,0.6185087628985239
2015-03-17,0.6573508540575785
2015-03-18,0.6979318587623833
2015-03-19,0.7402517770129379
2015-03-20,0.7843106088092426
2015-03-23,0.8301083541512974
2015-03-24,0.877645013039102
2015-03-25,0.9269205854726568
2015-03-26,0.9779350714519617
2015-03-27,1.0306884709770163
2015-03-30,1.0851807840478211
2015-03-31,1.1414120106643761
2015-04-01,1.6971074105259032
2015-04-02,1.7506335417532224
2015-04-03,1.799715664045556
2015-04-06,1.8443537774029037
2015-04-07,1.8845478818252661
2015-04-08,1.9202979773126425
2015-04-09,1.9516040638650334
2015-04-10,1.9784661414824385
2015-04-13,2.000884210164858
2015-04-14,2.018858269912292
2015-04-15,2.03238832072474
2015-04-16,2.0414743626022025
2015-04-17,2.0461163955446793
2015-04-20,2.0463144195521705
2015-04-21,2.0420684346246762
2015-04-22,2.033378440762196
2015-04-23,2.02024443796473
2015-04-24,2.0026664262322784
2015-04-27,1.9806444055648416
2015-04-28,1.9541783759624187
2015-04-29,1.9232683374250104
2015-04-30,1.887914289952616
2015-05-01,1.5504025341643437
2015-05-04,1.5078778332229774
2015-05-05,1.4645216332908328
2015-05-06,1.4203339343679104
2015-05-07,1.3753147364542098
2015-05-08,1.329464039549731
2015-05-11,1.2827818436544742
2015-05-12,1.2352681487684396
2015-05-13,1.1869229548916267
2015-05-14,1.1377462620240357
2015-05-15,1.0877380701656667
2015-05-18,1.0368983793165196
2015-05-19,0.9852271894765945
2015-05-20,0.9327245006458913
2015-05-21,0.8793903128244102
2015-05-22,0.8252246260121507
2015-05-25,0.7702274402091135
2015-05-26,0.714398755415298
2015-05-27,0.6577385716307045
2015-05-28,0.600246888855333
2015-05-29,0.5419237070891835
2015-06-01,0.19462910627648072
2015-06-02,0.14100188025929494
2015-06-03,0.09021325985653618
2015-06-04,0.04226324506820446
2015-06-05,-0.00284816410570031
2015-06-08,-0.045120967665177994
2015-06-09,-0.0845551656102287
2015-06-10,-0.12115075794085238
2015-06-11,-0.1549077446570491
2015-06-12,-0.18582612575881874
2015-06-15,-0.21390590124616143
2015-06-16,-0.23914707111907707
2015-06-17,-0.2615496353775657
2015-06-18,-0.28111359402162733
2015-06-19,-0.2978389470512619
2015-06-22,-0.3117256944664696
2015-06-23,-0.3227738362672501
2015-06-24,-0.3309833724536037
2015-06-25,-0.33635430302553027
2015-06-26,-0.3388866279830298
2015-06-29,-0.33858034732610237
2015-06-30,-0.3354354610547479
2015-07-01,0.08202521106356184
2015-07-02,0.08566787494433924
2015-07-03,0.08722986264123356
2015-07-06,0.08671117415424477
2015-07-07,0.08411180948337282
2015-07-08,0.07943176862861778
2015-07-09,0.07267105158997963
2015-07-10,0.06382965836745835
2015-07-13,0.052907588961053964
2015-07-14,0.03990484337076645
2015-07-15,0.024821421596595828
2015-07-16,0.007657323638542074
2015-07-17,-0.011587450503394776
2015-07-20,-0.032912900829214796
2015-07-21,-0.05631902733891788
2015-07-22,-0.08180583003250408
2015-07-23,-0.1093733089099734
2015-07-24,-0.1390214639713259
2015-07-27,-0.17075029521656143
2015-07-28,-0.20455980264568013
2015-07-29,-0.24044998625868186
2015-07-30,-0.2784208460555669
2015-07-31,-0.3184723820363349
2015-08-03,-0.506412408686128
2015-08-04,-0.5530930941061523
2015-08-05,-0.6003096611468214
2015-08-06,-0.648062109808135
2015-08-07,-0.6963504400900932
2015-08-10,-0.7451746519926961
2015-08-11,-0.7945347455159433
2015-08-12,-0.8444307206598353
2015-08-13,-0.8948625774243719
2015-08-14,-0.945830315809553
2015-08-17,-0.9973339358153788
2015-08-18,-1.049373437441849
2015-08-19,-1.101948820688964
2015-08-20,-1.1550600855567237
2015-08-21,-1.2087072320451275
2015-08-24,-1.2628902601541765
2015-08-25,-1.3176091698838697
2015-08-26,-1.3728639612342075
2015-08-27,-1.42865463420519
2015-08-28,-1.4849811887968172
2015-08-31,-1.5418436250090886
2015-09-01,-2.336986846635289
2015-09-02,-2.383083585729294
2015-09-03,-2.4204877605313384
2015-09-04,-2.449199371041422
2015-09-07,-2.4692184172595457
2015-09-08,-2.4805448991857086
2015-09-09,-2.483178816819911
2015-09-10,-2.477120170162153
2015-09-11,-2.462368959212434
2015-09-14,-2.438925183970755
2015-09-15,-2.406788844437115
2015-09-16,-2.365959940611515
2015-09-17,-2.316438472493954
2015-09-18,-2.2582244400844327
2015-09-21,-2.191317843382951
2015-09-22,-2.1157186823895087
2015-09-23,-2.031426957104106
2015-09-24,-1.9384426675267423
2015-09-25,-1.836765813657418
2015-09-28,-1.7263963954961339
2015-09-29,-1.6073344130428888
2015-09-30,-1.4795798662976831
2015-10-01,-0.11445998130594559
2015-10-02,0.015416678197658462
2015-10-05,0.13872288616770023
2015-10-06,0.25545864260417994
2015-10-07,0.3656239475070978
2015-10-08,0.46921880087645323
2015-10-09,0.5662432027122468
2015-10-12,0.6566971530144781
2015-10-13,0.7405806517831474
2015-10-14,0.8178936990182546
2015-10-15,0.8886362947197997
2015-10-16,0.9528084388877825
2015-10-19,1.0104101315222036
2015-10-20,1.0614413726230623
2015-10-21,1.1059021621903589
2015-10-22,1.1437925002240936
2015-10-23,1.1751123867242659
2015-10-26,1.1998618216908763
2015-10-27,1.2180408051239247
2015-10-28,1.229649337023411
2015-10-29,1.234687417389335
2015-10-30,1.2331550462216967
2015-11-02,0.8217794697617767
2015-11-03,0.8115747776462959
2015-11-04,0.7996540648165916
2015-11-05,0.7860173312726638
2015-11-06,0.7706645770145125
2015-11-09,0.7535958020421376
2015-11-10,0.7348110063555393
2015-11-11,0.7143101899547174
2015-11-12,0.692093352839672
2015-11-13,0.6681604950104031
2015-11-16,0.6425116164669107
2015-11-17,0.6151467172091947
2015-11-18,0.5860657972372553
2015-11-19,0.5552688565510924
2015-11-20,0.5227558951507059
2015-11-23,0.48852691303609586
2015-11-24,0.4525819102072624
2015-11-25,0.41492088666420535
2015-11-26,0.37554384240692484
2015-11-27,0.3344507774354208
2015-11-30,0.29164169174969323
2015-12-01,0.11179732303492307
2015-12-02,0.07127366521602035
2015-12-03,0.03087970759556158
2015-12-04,-0.00938454982645337
2015-12-07,-0.04951910705002438
2015-12-08,-0.08952396407515148
2015-12-09,-0.12939912090183467
2015-12-10,-0.169144577530074
2015-12-11,-0.20876033395986937
2015-12-14,-0.24824639019122086
2015-12-15,-0.2876027462241284
2015-12-16,-0.3268294020585921
2015-12-17,-0.36592635769461185
2015-12-18,-0.4048936131321878
2015-12-21,-0.44373116837131976
2015-12-22,-0.4824390234120078
2015-12-23,-0.5210171782542519
2015-12-24,-0.5594656328980523
2015-12-25,-0.5977843873434086
2015-12-28,-0.6359734415903209
2015-12-29,-0.6740327956387895
2015-12-30,-0.7119624494888142
2015-12-31,-0.7497624031403949
2016-01-01,-0.7811768979859783
2016-01-04,-0.8223889213897303
2016-01-05,-0.8635550715580846
2016-01-06,-0.9046753484910411
2016-01-07,-0.9457497521886
2016-01-08,-0.986778282650761
2016-01-11,-1.0277609398775243
2016-01-12,-1.0686977238688897
2016-01-13,-1.1095886346248574
2016-01-14,-1.1504336721454271
2016-01-15,-1.1912328364305993
2016-01-18,-1.2319861274803736
2016-01-19,-1.2726935452947503
2016-01-20,-1.3133550898737292
2016-01-21,-1.35397076121731
2016-01-22,-1.3945405593254934
2016-01-25,-1.4350644841982787
2016-01-26,-1.4755425358356666
2016-01-27,-1.5159747142376563
2016-01-28,-1.5563610194042485
2016-01-29,-1.596701451335443
2016-02-01,-1.881158096974063
2016-02-02,-1.9180772994306963
2016-02-03,-1.9516211456481658
2016-02-04,-1.9817896356264717
2016-02-05,-2.0085827693656144
2016-02-08,-2.032000546865593
2016-02-09,-2.0520429681264085
2016-02-10,-2.06871003314806
2016-02-11,-2.082001741930548
2016-02-12,-2.091918094473873
2016-02-15,-2.098459090778034
2016-02-16,-2.1016247308430316
2016-02-17,-2.1014150146688655
2016-02-18,-2.097829942255536
2016-02-19,-2.090869513603043
2016-02-22,-2.0805337287113863
2016-02-23,-2.066822587580566
2016-02-24,-2.0497360902105823
2016-02-25,-2.029274236601435
2016-02-26,-2.005437026753124
2016-02-29,-1.9782244606656496
2016-03-01,-1.9690692152218503
2016-03-02,-1.938099874825443
2016-03-03,-1.9040892970265155
2016-03-04,-1.8670374818250675
2016-03-07,-1.8269444292210995
2016-03-08,-1.7838101392146108
2016-03-09,-1.737634611805602
2016-03-10,-1.6884178469940727
2016-03-11,-1.6361598447800232
2016-03-14,-1.5808606051634533
2016-03-15,-1.522520128144363
2016-03-16,-1.4611384137227523
2016-03-17,-1.3967154618986215
2016-03-18,-1.32925127267197
2016-03-21,-1.2587458460427985
2016-03-22,-1.1851991820111065
2016-03-23,-1.1086112805768942
2016-03-24,-1.0289821417401614
2016-03-25,-0.9463117655009085
2016-03-28,-0.8606001518591352
2016-03-29,-0.7718473008148415
2016-03-30,-0.6800532123680273
2016-03-31,-0.585217886518693
2016-04-01,0.33741947101731595
2016-04-04,0.43708391471078145
2016-04-05,0.5292146613933008
2016-04-06,0.6138117110648731
2016-04-07,0.690875063725499
2016-04-08,0.7604047193751782
2016-04-11,0.8224006780139108
2016-04-12,0.8768629396416968
2016-04-13,0.9237915042585362
2016-04-14,0.9631863718644289
2016-04-15,0.995047542459375
2016-04-18,1.0193750160433745
2016-04-19,1.0361687926164274
2016-04-20,1.0454288721785336
2016-04-21,1.0471552547296934
2016-04-22,1.0413479402699064
2016-04-25,1.0280069287991727
2016-04-26,1.0071322203174926
2016-04-27,0.9787238148248657
2016-04-28,0.9427817123212922
2016-04-29,0.8993059128067722
2016-05-02,0.1399811619497402
2016-05-03,0.0932406322807745
2016-05-04,0.048450455989879626
2016-05-05,0.00561063307705556
2016-05-06,-0.035278836457697915
2016-05-09,-0.0742179526143805
2016-05-10,-0.1112067153929924
2016-05-11,-0.14624512479353352
2016-05-12,-0.1793331808160039
2016-05-13,-0.21047088346040357
2016-05-16,-0.23965823272673248
2016-05-17,-0.2668952286149906
2016-05-18,-0.292181871125178
2016-05-19,-0.3155181602572946
2016-05-20,-0.3369040960113405
2016-05-23,-0.35633967838731573
2016-05-24,-0.3738249073852201
2016-05-25,-0.3893597830050538
2016-05-26,-0.4029443052468168
2016-05-27,-0.41457847411050885
2016-05-30,-0.4242622895961303
2016-05-31,-0.431995751703681
2016-06-01,-0.3451122180786672
2016-06-02,-0.35009611184441797
2016-06-03,-0.35428079064643947
2016-06-06,-0.35766625448473177
2016-06-07,-0.3602525033592949
2016-06-08,-0.3620395372701287
2016-06-09,-0.3630273562172334
2016-06-10,-0.36321596020060887
2016-06-13,-0.3626053492202551
2016-06-14,-0.36119552327617216
2016-06-15,-0.35898648236836
2016-06-16,-0.3559782264968186
2016-06-17,-0.35217075566154804
2016-06-20,-0.34756406986254823
2016-06-21,-0.3421581690998192
2016-06-22,-0.335953053373361
2016-06-23,-0.3289487226831736
2016-06-24,-0.32114517702925693
2016-06-27,-0.31254241641161107
2016-06-28,-0.30314044083023606
2016-06-29,-0.2929392502851318
2016-06-30,-0.28193884477629827
2016-07-01,-0.11829538150603988
2016-07-04,-0.1071233210925745
2016-07-05,-0.09714070742737604
2016-07-06,-0.08834754051044458
2016-07-07,-0.08074382034178001
2016-07-08,-0.07432954692138243
2016-07-11,-0.06910472024925177
2016-07-12,-0.06506934032538807
2016-07-13,-0.06222340714979131
2016-07-14,-0.060566920722461504
2016-07-15,-0.06009988104339864
2016-07-18,-0.06082228811260272
2016-07-19,-0.06273414193007376
2016-07-20,-0.06583544249581175
2016-07-21,-0.07012618980981666
2016-07-22,-0.07560638387208855
2016-07-25,-0.08227602468262736
2016-07-26,-0.09013511224143314
2016-07-27,-0.09918364654850584
2016-07-28,-0.10942162760384552
2016-07-29,-0.12084905540745214
2016-08-01,-0.1717504021452152
2016-08-02,-0.1838200783404286
2016-08-03,-0.19643967570523174
2016-08-04,-0.20960919423962457
2016-08-05,-0.22332863394360708
2016-08-08,-0.23759799481717936
2016-08-09,-0.2524172768603414
2016-08-10,-0.2677864800730931
2016-08-11,-0.28370560445543447
2016-08-12,-0.3001746500073656
2016-08-15,-0.31719361672888646
2016-08-16,-0.334762504619997
2016-08-17,-0.3528813136806973
2016-08-18,-0.3715500439109873
2016-08-19,-0.390768695310867
2016-08-22,-0.41053726788033645
2016-08-23,-0.4308557616193956
2016-08-24,-0.4517241765280445
2016-08-25,-0.47314251260628304
2016-08-26,-0.49511076985411134
2016-08-29,-0.5176289482715293
2016-08-30,-0.5406970478585371
2016-08-31,-0.5643150686151344
2016-09-01,-0.9865185184335576
2016-09-02,-1.007448442012324
2016-09-05,-1.0240418044288426
2016-09-06,-1.0362986056831138
2016-09-07,-1.0442188457751376
2016-09-08,-1.0478025247049136
2016-09-09,-1.0470496424724423
2016-09-12,-1.0419601990777232
2016-09-13,-1.0325341945207567
2016-09-14,-1.0187716288015425
2016-09-15,-1.0006725019200808
2016-09-16,-0.9782368138763718
2016-09-19,-0.9514645646704151
2016-09-20,-0.9203557543022108
2016-09-21,-0.884910382771759
2016-09-22,-0.8451284500790596
2016-09-23,-0.8010099562241128
2016-09-26,-0.7525549012069183
2016-09-27,-0.6997632850274762
2016-09-28,-0.6426351076857867
2016-09-29,-0.5811703691818497
2016-09-30,-0.5153690695156649
2016-10-03,0.12184527909831955
2016-10-04,0.1923733103547487
2016-10-05,0.2599516139044879
2016-10-06,0.32458018974753666
2016-10-07,0.38625903788389543
2016-10-10,0.44498815831356386
2016-10-11,0.5007675510365421
2016-10-12,0.5535972160528302
2016-10-13,0.6034771533624281
2016-10-14,0.6504073629653357
2016-10-17,0.6943878448615532
2016-10-18,0.7354185990510805
2016-10-19,0.7734996255339176
2016-10-20,0.8086309243100646
2016-10-21,0.8408124953795213
2016-10-24,0.8700443387422878
2016-10-25,0.896326454398364
2016-10-26,0.9196588423477502
2016-10-27,0.940041502590446
2016-10-28,0.9574744351264519
2016-10-31,0.9719576399557673
2016-11-01,0.8793350552988964
2016-11-02,0.888947768829628
2016-11-03,0.8971639677285851
2016-11-04,0.9039836519957677
2016-11-07,0.9094068216311758
2016-11-08,0.9134334766348096
2016-11-09,0.9160636170066687
2016-11-10,0.9172972427467535
2016-11-11,0.9171343538550638
2016-11-14,0.9155749503315996
2016-11-15,0.912619032176361
2016-11-16,0.9082665993893478
2016-11-17,0.9025176519705603
2016-11-18,0.8953721899199983
2016-11-21,0.8868302132376619
2016-11-22,0.8768917219235509
2016-11-23,0.8655567159776655
2016-11-24,0.8528251954000056
2016-11-25,0.8386971601905713
2016-11-28,0.8231726103493625
2016-11-29,0.8062515458763793
2016-11-30,0.7879339667716215
2016-12-01,0.6676309502537017
2016-12-02,0.6477698937211886
2016-12-05,0.6277618743926947
2016-12-06,0.6076068922682201
2016-12-07,0.5873049473477645
2016-12-08,0.5668560396313282
2016-12-09,0.5462601691189111
2016-12-12,0.5255173358105132
2016-12-13,0.5046275397061344
2016-12-14,0.48359078080577467
2016-12-15,0.4624070591094342
2016-12-16,0.4410763746171129
2016-12-19,0.41959872732881076
2016-12-20,0.39797411724452786
2016-12-21,0.3762025443642641
2016-12-22,0.35428400868801946
2016-12-23,0.332218510215794
2016-12-26,0.3100060489475878
2016-12-27,0.28764662488340065
2016-12-28,0.2651402380232328
2016-12-29,0.24248688836708404
2016-12-30,0.2196865759149544
2017-01-02,0.1159393518938669
2017-01-03,0.09384883992148962
2017-01-04,0.07261509122484555
2017-01-05,0.0522381058039347
2017-01-06,0.032717883658756934
2017-01-09,0.01405442478931241
2017-01-10,-0.003752270804398959
2017-01-11,-0.02070220312237714
2017-01-12,-0.03679537216462217
2017-01-13,-0.052031777931134025
2017-01-16,-0.0664114204219127
2017-01-17,-0.0799342996369582
2017-01-18,-0.09260041557627055
2017-01-19,-0.10440976823984968
2017-01-20,-0.11536235762769567
2017-01-23,-0.1254581837398085
2017-01-24,-0.13469724657618812
2017-01-25,-0.1430795461368346
2017-01-26,-0.1506050824217479
2017-01-27,-0.157273855430928
2017-01-30,-0.16308586516437498
2017-01-31,-0.16804111162208876
2017-02-01,0.05099637128106571
2017-02-02,0.04416666464483121
2017-02-03,0.03501558287254086
2017-02-06,0.023543125964194667
2017-02-07,0.009749293919792623
2017-02-08,-0.006365913260665268
2017-02-09,-0.024802495577179007
2017-02-10,-0.04556045302974859
2017-02-13,-0.06863978561837403
2017-02-14,-0.09404049334305528
2017-02-15,-0.12176257620379244
2017-02-16,-0.15180603420058536
2017-02-17,-0.18417086733343419
2017-02-20,-0.21885707560233886
2017-02-21,-0.2558646590072993
2017-02-22,-0.2951936175483157
2017-02-23,-0.33684395122538785
2017-02-24,-0.3808156600385159
2017-02-27,-0.4271087439876998
2017-02-28,-0.47572320307293947
2017-03-01,-1.2184854409367238
2017-03-02,-1.2566322791111153
2017-03-03,-1.28863392570225
2017-03-06,-1.314490380710128
2017-03-07,-1.334201644134749
2017-03-08,-1.3477677159761134
2017-03-09,-1.355188596234221
2017-03-10,-1.3564642849090716
2017-03-13,-1.3515947820006655
2017-03-14,-1.3405800875090026
2017-03-15,-1.3234202014340828
2017-03-16,-1.3001151237759063
2017-03-17,-1.270664854534473
2017-03-20,-1.2350693937097827
2017-03-21,-1.1933287413018359
2017-03-22,-1.145442897310632
2017-03-23,-1.0914118617361717
2017-03-24,-1.0312356345784541
2017-03-27,-0.9649142158374799
2017-03-28,-0.8924476055132491
2017-03-29,-0.8138358036057614
2017-03-30,-0.7290788101150165
2017-03-31,-0.6381766250410152
2017-04-03,0.47274064956787387
2017-04-04,0.5773404036203262
2017-04-05,0.6749354285693842
2017-04-06,0.7655257244150474
2017-04-07,0.8491112911573161
2017-04-10,0.9256921287961903
2017-04-11,0.9952682373316699
2017-04-12,1.0578396167637552
2017-04-13,1.1134062670924454
2017-04-14,1.1619681883177413
2017-04-17,1.2035253804396429
2017-04-18,1.2380778434581496
2017-04-19,1.265625577373262
2017-04-20,1.2861685821849798
2017-04-21,1.299706857893303
2017-04-24,1.3062404044982316
2017-04-25,1.3057692219997659
2017-04-26,1.2982933103979053
2017-04-27,1.2838126696926504
2017-04-28,1.2623272998840007
2017-05-01,0.7230822982375535
2017-05-02,0.6988400999482354
2017-05-03,0.6751297024235501
2017-05-04,0.6519511056634979
2017-05-05,0.629304309668079
2017-05-08,0.6071893144372931
2017-05-09,0.5856061199711402
2017-05-10,0.5645547262696204
2017-05-11,0.5440351333327338
2017-05-12,0.5240473411604802
2017-05-15,0.5045913497528598
2017-05-16,0.48566715910987246
2017-05-17,0.46727476923151817
2017-05-18,0.449414180117797
2017-05-19,0.4320853917687089
2017-05-22,0.4152884041842539
2017-05-23,0.39902321736443197
2017-05-24,0.38328983130924316
2017-05-25,0.36808824601868745
2017-05-26,0.35341846149276485
2017-05-29,0.33928047773147524
2017-05-30,0.3256742947348188
2017-05-31,0.31259991250279545
2017-06-01,0.2566841960833775
2017-06-02,0.244688100302275
2017-06-05,0.23380860754688715
2017-06-06,0.22404571781721389
2017-06-07,0.2153994311132552
2017-06-08,0.20786974743501116
2017-06-09,0.20145666678248172
2017-06-12,0.1961601891556669
2017-06-13,0.19198031455456668
2017-06-14,0.18891704297918108
2017-06-15,0.18697037442951006
2017-06-16,0.1861403089055537
2017-06-19,0.1864268464073119
2017-06-20,0.18782998693478473
2017-06-21,0.19034973048797219
2017-06-22,0.19398607706687424
2017-06-23,0.1987390266714909
2017-06-26,0.20460857930182216
2017-06-27,0.21159473495786807
2017-06-28,0.21969749363962854
2017-06-29,0.22891685534710365
2017-06-30,0.23925282008029336
2017-07-03,0.583593281223755
2017-07-04,0.5922812729480882
2017-07-05,0.5976593282683789
2017-07-06,0.5997274471846268
2017-07-07,0.5984856296968322
2017-07-10,0.5939338758049948
2017-07-11,0.5860721855091149
2017-07-12,0.5749005588091922
2017-07-13,0.5604189957052268
2017-07-14,0.5426274961972187
2017-07-17,0.5215260602851681
2017-07-18,0.4971146879690747
2017-07-19,0.4693933792489387
2017-07-20,0.43836213412476005
2017-07-21,0.40402095259653875
2017-07-24,0.3663698346642747
2017-07-25,0.32540878032796805
2017-07-26,0.2811377895876187
2017-07-27,0.23355686244322676
2017-07-28,0.18266599889479201
2017-07-31,0.12846519894231478
2017-08-01,-0.3400049748645081
2017-08-02,-0.39057464995868835
2017-08-03,-0.4392041973867478
2017-08-04,-0.4858936171486868
2017-08-07,-0.5306429092445051
2017-08-08,-0.5734520736742026
2017-08-09,-0.6143211104377796
2017-08-10,-0.6532500195352359
2017-08-11,-0.6902388009665715
2017-08-14,-0.7252874547317866
2017-08-15,-0.7583959808308809
2017-08-16,-0.7895643792638546
2017-08-17,-0.8187926500307077
2017-08-18,-0.84608079313144
2017-08-21,-0.8714288085660518
2017-08-22,-0.8948366963345429
2017-08-23,-0.9163044564369134
2017-08-24,-0.9358320888731632
2017-08-25,-0.9534195936432923
2017-08-28,-0.9690669707473007
2017-08-29,-0.9827742201851886
2017-08-30,-0.9945413419569559
2017-08-31,-1.0043683360626023
2017-09-01,-1.4294255425341489
2017-09-04,-1.4300518207982895
2017-09-05,-1.4226663807499471
2017-09-06,-1.4072692223891217
2017-09-07,-1.3838603457158132
2017-09-08,-1.3524397507300217
2017-09-11,-1.313007437431747
2017-09-12,-1.2655634058209895
2017-09-13,-1.2101076558977484
2017-09-14,-1.146640187662025
2017-09-15,-1.0751610011138182
2017-09-18,-0.9956700962531283
2017-09-19,-0.9081674730799556
2017-09-20,-0.8126531315942996
2017-09-21,-0.709127071796161
2017-09-22,-0.5975892936855389
2017-09-25,-0.47803979726243395
2017-09-26,-0.35047858252684594
2017-09-27,-0.2149056494787751
2017-09-28,-0.07132099811822079
2017-09-29,0.08027537155481612
2017-10-02,1.8335579760921612
2017-10-03,1.973367350198426
2017-10-04,2.100632923515686
2017-10-05,2.215354696043942
2017-10-06,2.317532667783193
2017-10-09,2.4071668387334397
2017-10-10,2.484257208894682
2017-10-11,2.5488037782669197
2017-10-12,2.600806546850153
2017-10-13,2.640265514644382
2017-10-16,2.667180681649606
2017-10-17,2.681552047865826
2017-10-18,2.683379613293041
2017-10-19,2.672663377931252
2017-10-20,2.649403341780458
2017-10-23,2.6135995048406597
2017-10-24,2.5652518671118574
2017-10-25,2.50436042859405
2017-10-26,2.430925189287238
2017-10-27,2.344946149191422
2017-10-30,2.2464233083066016
2017-10-31,2.1353566666327763
2017-11-01,0.505177593365328
2017-11-02,0.3877384883843586
2017-11-03,0.27647072088524965
2017-11-06,0.171374290868001
2017-11-07,0.07244919833261249
2017-11-08,-0.020304556720915412
2017-11-09,-0.10688697429258309
2017-11-10,-0.18729805438239036
2017-11-13,-0.26153779699033736
2017-11-14,-0.32960620211642405
2017-11-15,-0.39150326976065036
2017-11-16,-0.4472289999230163
2017-11-17,-0.496783392603522
2017-11-20,-0.5401664478021673
2017-11-21,-0.5773781655189523
2017-11-22,-0.6084185457538769
2017-11-23,-0.6332875885069411
2017-11-24,-0.6519852937781452
2017-11-27,-0.6645116615674886
2017-11-28,-0.6708666918749719
2017-11-29,-0.6710503847005949
2017-11-30,-0.6650627400443576
2017-12-01,-0.19560085276516548
2017-12-04,-0.1823204269995885
2017-12-05,-0.16849755675596534
2017-12-06,-0.1541322420342962
2017-12-07,-0.1392244828345809
2017-12-08,-0.12377427915681953
2017-12-11,-0.10778163100101211
2017-12-12,-0.09124653836715858
2017-12-13,-0.07416900125525898
2017-12-14,-0.0565490196653133
2017-12-15,-0.03838659359732154
2017-12-18,-0.019681723051283677
2017-12-19,-0.0004344080271997744
2017-12-20,0.019355351474930255
2017-12-21,0.03968755545510632
2017-12-22,0.06056220391332852
2017-12-25,0.08197929684959675
2017-12-26,0.10393883426391111
2017-12-27,0.1264408161562715
2017-12-28,0.149485242526678
2017-12-29,0.17307211337513057
2018-01-01,0.43559272245499103
2018-01-02,0.45535495994083763
2018-01-03,0.47284832091877105
2018-01-04,0.48807280538879144
2018-01-05,0.5010284133508986
2018-01-08,0.511715144805093
2018-01-09,0.5201329997513741
2018-01-10,0.5262819781897421
2018-01-11,0.5301620801201969
2018-01-12,0.5317733055427388
2018-01-15,0.5311156544573675
2018-01-16,0.5281891268640833
2018-01-17,0.5229937227628858
2018-01-18,0.5155294421537753
2018-01-19,0.5057962850367517
2018-01-22,0.4937942514118149
2018-01-23,0.4795233412789651
2018-01-24,0.4629835546382022
2018-01-25,0.4441748914895262
2018-01-26,0.4230973518329372
2018-01-29,0.399750935668435
2018-01-30,0.3741356429960197
2018-01-31,0.3462514738156914
2018-02-01,0.42090124285946084
2018-02-02,0.38161282789911144
2018-02-05,0.33771200051989003
2018-02-06,0.28919876072179657
2018-02-07,0.23607310850483137
2018-02-08,0.17833504386899418
2018-02-09,0.1159845668142852
2018-02-12,0.049021677340704284
2018-02-13,-0.022553624551748502
2018-02-14,-0.09874133886307318
2018-02-15,-0.17954146559326986
2018-02-16,-0.2649540047423382
2018-02-19,-0.35497895631027865
2018-02-20,-0.4496163202970911
2018-02-21,-0.5488660967027751
2018-02-22,-0.6527282855273312
2018-02-23,-0.7612028867707591
2018-02-26,-0.874289900433059
2018-02-27,-0.9919893265142309
2018-02-28,-1.1143011650142745
2018-03-01,-2.616717928150698
2018-03-02,-2.7187553329099075
2018-03-05,-2.8074444597747665
2018-03-06,-2.882785308745275
2018-03-07,-2.944777879821433
2018-03-08,-2.9934221730032404
2018-03-09,-3.0287181882906977
2018-03-12,-3.0506659256838047
2018-03-13,-3.0592653851825613
2018-03-14,-3.0545165667869676
2018-03-15,-3.0364194704970235
2018-03-16,-3.004974096312729
2018-03-19,-2.960180444234084
2018-03-20,-2.902038514261089
2018-03-21,-2.830548306393743
2018-03-22,-2.7457098206320474
2018-03-23,-2.647523056976001
2018-03-26,-2.5359880154256045
2018-03-27,-2.411104695980857
2018-03-28,-2.2728730986417593
2018-03-29,-2.121293223408312
2018-03-30,-1.9563650702805133
2018-04-02,0.19669727297098083
2018-04-03,0.3712448096948944
2018-04-04,0.533574098262376
2018-04-05,0.6836851386734248
2018-04-06,0.8215779309280417
2018-04-09,0.9472524750262259
2018-04-10,1.0607087709679779
2018-04-11,1.1619468187532973
2018-04-12,1.2509666183821844
2018-04-13,1.327768169854639
2018-04-16,1.3923514731706614
2018-04-17,1.4447165283302514
2018-04-18,1.484863335333409
2018-04-19,1.5127918941801342
2018-04-20,1.528502204870427
2018-04-23,1.5319942674042875
2018-04-24,1.5232680817817155
2018-04-25,1.5023236480027111
2018-04-26,1.4691609660672746
2018-04-27,1.4237800359754054
2018-04-30,1.366180857727104
2018-05-01,0.2155160926317748
2018-05-02,0.15390472421765639
2018-05-03,0.09442833323722005
2018-05-04,0.03708691969046568
2018-05-07,-0.018119516422606508
2018-05-08,-0.07119097510199673
2018-05-09,-0.1221274563477048
2018-05-10,-0.1709289601597309
2018-05-11,-0.21759548653807492
2018-05-14,-0.2621270354827369
2018-05-15,-0.3045236069937168
2018-05-16,-0.3447852010710147
2018-05-17,-0.38291181771463045
2018-05-18,-0.41890345692456427
2018-05-21,-0.45276011870081595
2018-05-22,-0.48448180304338556
2018-05-23,-0.5140685099522732
2018-05-24,-0.5415202394274787
2018-05-25,-0.5668369914690021
2018-05-28,-0.5900187660768436
2018-05-29,-0.6110655632510029
2018-05-30,-0.6299773829914803
2018-05-31,-0.6467542252982756
2018-06-01,-0.7206505992548654
2018-06-04,-0.7333264462003156
2018-06-05,-0.7426418118968539
2018-06-06,-0.7485966963444802
2018-06-07,-0.7511910995431947
2018-06-08,-0.7504250214929973
2018-06-11,-0.7462984621938878
2018-06-12,-0.7388114216458667
2018-06-13,-0.7279638998489334
2018-06-14,-0.7137558968030884
2018-06-15,-0.6961874125083314
2018-06-18,-0.6752584469646624
2018-06-19,-0.6509690001720817
2018-06-20,-0.6233190721305889
2018-06-21,-0.5923086628401844
2018-06-22,-0.5579377723008678
2018-06-25,-0.5202064005126394
2018-06-26,-0.4791145474754991
2018-06-27,-0.4346622131894469
2018-06-28,-0.3868493976544827
2018-06-29,-0.33567610087060673
2018-07-02,0.3412742113420441
2018-07-03,0.38864321051672845
2018-07-04,0.43132623892570854
2018-07-05,0.46932329656898436
2018-07-06,0.5026343834465561
2018-07-09,0.5312594995584234
2018-07-10,0.5551986449045867
2018-07-11,0.5744518194850456
2018-07-12,0.5890190232998004
2018-07-13,0.5989002563488508
2018-07-16,0.6040955186321972
2018-07-17,0.6046048101498394
2018-07-18,0.6004281309017772
2018-07-19,0.5915654808880109
2018-07-20,0.5780168601085404
2018-07-23,0.5597822685633655
2018-07-24,0.5368617062524865
2018-07-25,0.5092551731759034
2018-07-26,0.476962669333616
2018-07-27,0.43998419472562433
2018-07-30,0.39831974935192854
2018-07-31,0.3519693332125284
2018-08-01,-0.13594553586081654
2018-08-02,-0.18407241166993776
2018-08-03,-0.23150874972677588
2018-08-06,-0.2782545500313311
2018-08-07,-0.32430981258360325
2018-08-08,-0.36967453738359257
2018-08-09,-0.41434872443129883
2018-08-10,-0.4583323737267222
2018-08-13,-0.5016254852698625
2018-08-14,-0.5442280590607199
2018-08-15,-0.5861400950992942
2018-08-16,-0.6273615933855857
2018-08-17,-0.6678925539195941
2018-08-20,-0.7077329767013197
2018-08-21,-0.7468828617307622
2018-08-22,-0.7853422090079217
2018-08-23,-0.8231110185327983
2018-08-24,-0.860189290305392
2018-08-27,-0.8965770243257026
2018-08-28,-0.9322742205937303
2018-08-29,-0.967280879109475
2018-08-30,-1.0015969998729368
2018-08-31,-1.0352225828841157
2018-09-03,-1.552370173542253
2018-09-04,-1.5820874343989197
2018-09-05,-1.603646654064523
2018-09-06,-1.6170478325390623
2018-09-07,-1.6222909698225383
2018-09-10,-1.6193760659149508
2018-09-11,-1.6083031208162997
2018-09-12,-1.589072134526585
2018-09-13,-1.561683107045807
2018-09-14,-1.5261360383739653
2018-09-17,-1.48243092851106
2018-09-18,-1.4305677774570913
2018-09-19,-1.3705465852120589
2018-09-20,-1.302367351775963
2018-09-21,-1.2260300771488037
2018-09-24,-1.1415347613305806
2018-09-25,-1.0488814043212944
2018-09-26,-0.9480700061209442
2018-09-27,-0.8391005667295306
2018-09-28,-0.7219730861470536
2018-10-01,0.5541086363348559
2018-10-02,0.6560473722163829
2018-10-03,0.7509809120024448
2018-10-04,0.8389092556930418
2018-10-05,0.9198324032881737
2018-10-08,0.9937503547878408
2018-10-09,1.060663110192043
2018-10-10,1.12057066950078
2018-10-11,1.173473032714052
2018-10-12,1.2193701998318591
2018-10-15,1.2582621708542012
2018-10-16,1.2901489457810786
2018-10-17,1.315030524612491
2018-10-18,1.332906907348438
2018-10-19,1.3437780939889201
2018-10-22,1.3476440845339375
2018-10-23,1.3445048789834901
2018-10-24,1.3343604773375772
2018-10-25,1.3172108795961996
2018-10-26,1.2930560857593574
2018-10-29,1.2618960958270495
2018-10-30,1.223730909799277
2018-10-31,1.1785605276760398
2018-11-01,0.3876820738891407
2018-11-02,0.33463872705720576
2018-11-05,0.28309922880379756
2018-11-06,0.23306357912891607
2018-11-07,0.18453177803256116
2018-11-08,0.1375038255147331
2018-11-09,0.09197972157543172
2018-11-12,0.04795946621465702
2018-11-13,0.005443059432409039
2018-11-14,-0.03556949877131227
2018-11-15,-0.07507820839650686
2018-11-16,-0.11308306944317471
2018-11-19,-0.14958408191131595
2018-11-20,-0.18458124580093038
2018-11-21,-0.21807456111201817
2018-11-22,-0.25006402784457926
2018-11-23,-0.2805496459986136
2018-11-26,-0.3095314155741212
2018-11-27,-0.3370093365711022
2018-11-28,-0.3629834089895564
2018-11-29,-0.387453632829484
2018-11-30,-0.4104200080908848
2018-12-03,-0.7747453787840273
2018-12-04,-0.7909106808828346
2018-12-05,-0.8007567333174384
2018-12-06,-0.8042835360878384
2018-12-07,-0.8014910891940348
2018-12-10,-0.7923793926360276
2018-12-11,-0.776948446413817
2018-12-12,-0.7551982505274026
2018-12-13,-0.7271288049767846
2018-12-14,-0.6927401097619628
2018-12-17,-0.6520321648829375
2018-12-18,-0.6050049703397085
2018-12-19,-0.551658526132276
2018-12-20,-0.4919928322606398
2018-12-21,-0.42600788872480005
2018-12-24,-0.3537036955247565
2018-12-25,-0.2750802526605095
2018-12-26,-0.19013756013205868
2018-12-27,-0.09887561793940441
2018-12-28,-0.0012944260825463183
2018-12-31,0.10260601543851505
2019-01-01,1.404509401425153
2019-01-02,1.4968144964872627
2019-01-03,1.5807893163988487
2019-01-04,1.656433861159911
2019-01-07,1.7237481307704494
2019-01-08,1.7827321252304642
2019-01-09,1.8333858445399553
2019-01-10,1.8757092886989226
2019-01-11,1.9097024577073662
2019-01-14,1.935365351565286
2019-01-15,1.952697970272682
2019-01-16,1.9617003138295546
2019-01-17,1.9623723822359032
2019-01-18,1.954714175491728
2019-01-21,1.9387256935970292
2019-01-22,1.9144069365518066
2019-01-23,1.8817579043560604
2019-01-24,1.8407785970097903
2019-01-25,1.7914690145129966
2019-01-28,1.733829156865679
2019-01-29,1.6678590240678377
2019-01-30,1.5935586161194726
2019-01-31,1.5109279330205838
2019-02-01,0.6903510144670149
2019-02-04,0.5855914715055945
2019-02-05,0.480677487569578
2019-02-06,0.3756090626589655
2019-02-07,0.2703861967737569
2019-02-08,0.16500888991395218
2019-02-11,0.05947714207955146
2019-02-12,-0.04620904672944531
2019-02-13,-0.15204967651303813
2019-02-14,-0.25804474727122706
2019-02-15,-0.36419425900401214
2019-02-18,-0.47049821171139306
2019-02-19,-0.5769566053933703
2019-02-20,-0.6835694400499437
2019-02-21,-0.7903367156811127
2019-02-22,-0.8972584322868782
2019-02-25,-1.0043345898672393
2019-02-26,-1.1115651884221969
2019-02-27,-1.2189502279517506
2019-02-28,-1.3264897084559
2019-03-01,-2.703132313057052
2019-03-04,-2.788499191206537
2019-03-05,-2.8566673080019402
2019-03-06,-2.907636663443261
2019-03-07,-2.9414072575304995
2019-03-08,-2.957979090263656
2019-03-11,-2.9573521616427305
2019-03-12,-2.9395264716677225
2019-03-13,-2.904502020338633
2019-03-14,-2.852278807655461
2019-03-15,-2.7828568336182067
2019-03-18,-2.69623609822687
2019-03-19,-2.592416601481452
2019-03-20,-2.471398343381951
2019-03-21,-2.3331813239283687
2019-03-22,-2.177765543120704
2019-03-25,-2.005151000958957
2019-03-26,-1.8153376974431275
2019-03-27,-1.6083256325732165
2019-03-28,-1.3841148063492228
2019-03-29,-1.1427052187711473
2019-04-01,1.7873485073836415
2019-04-02,2.0166108712351574
2019-04-03,2.228282174957493
2019-04-04,2.4223624185506485
2019-04-05,2.598851602014624
2019-04-08,2.757749725349419
2019-04-09,2.899056788555034
2019-04-10,3.0227727916314686
2019-04-11,3.1288977345787234
2019-04-12,3.2174316173967976
2019-04-15,3.288374440085692
2019-04-16,3.3417262026454058
2019-04-17,3.3774869050759397
2019-04-18,3.395656547377293
2019-04-19,3.3962351295494666
2019-04-22,3.37922265159246
2019-04-23,3.344619113506273
2019-04-24,3.292424515290906
2019-04-25,3.2226388569463587
2019-04-26,3.135262138472631
2019-04-29,3.030294359869724
2019-04-30,2.9077355211376354
2019-05-01,0.8706034067072934
2019-05-02,0.7420463977561704
2019-05-03,0.6189888048516596
2019-05-06,0.5014306279937601
2019-05-07,0.3893718671824726
2019-05-08,0.28281252241779686
2019-05-09,0.1817525936997329
2019-05-10,0.08619208102828058
2019-05-13,-0.003869015596559791
2019-05-14,-0.08843069617478853
2019-05-15,-0.1674929607064054
2019-05-16,-0.24105580919141056
2019-05-17,-0.30911924162980386
2019-05-20,-0.37168325802158564
2019-05-21,-0.4287478583667554
2019-05-22,-0.4803130426653134
2019-05-23,-0.5263788109172596
2019-05-24,-0.5669451631225942
2019-05-27,-0.6020120992813169
2019-05-28,-0.6315796193934278
2019-05-29,-0.6556477234589271
2019-05-30,-0.6742164114778146
2019-05-31,-0.6872856834500902
2019-06-03,-0.2874002078303654
2019-06-04,-0.2949638046807883
2019-06-05,-0.30138566406712064
2019-06-06,-0.30666578598936245
2019-06-07,-0.31080417044751363
2019-06-10,-0.3138008174415743
2019-06-11,-0.3156557269715444
2019-06-12,-0.31636889903742393
2019-06-13,-0.3159403336392129
2019-06-14,-0.3143700307769113
2019-06-17,-0.3116579904505191
2019-06-18,-0.30780421266003644
2019-06-19,-0.3028086974054631
2019-06-20,-0.2966714446867993
2019-06-21,-0.2893924545040449
2019-06-24,-0.2809717268571999
2019-06-25,-0.2714092617462644
2019-06-26,-0.2607050591712383
2019-06-27,-0.24885911913212164
2019-06-28,-0.23587144162891444
2019-07-01,0.003333971801987197
2019-07-02,0.01391505663729193
2019-07-03,0.02279077851025115
2019-07-04,0.029961137420864863
2019-07-05,0.03542613336913305
2019-07-08,0.03918576635505573
2019-07-09,0.04124003637863289
2019-07-10,0.04158894343986454
2019-07-11,0.04023248753875067
2019-07-12,0.0371706686752913
2019-07-15,0.03240348684948641
2019-07-16,0.025930942061335997
2019-07-17,0.017753034310840087
2019-07-18,0.007869763597998639
2019-07-19,-0.0037188700771883035
2019-07-22,-0.017012866714720756
2019-07-23,-0.03201222631459872
2019-07-24,-0.04871694887682223
2019-07-25,-0.06712703440139123
2019-07-26,-0.08724248288830572
2019-07-29,-0.10906329433756573
2019-07-30,-0.1325894687491713
2019-07-31,-0.15782100612312233
2019-08-01,-0.28478983620453346
2019-08-02,-0.3135803611415914
2019-08-05,-0.34300010611866993
2019-08-06,-0.3730490711357692
2019-08-07,-0.4037272561928891
2019-08-08,-0.43503466129002955
2019-08-09,-0.46697128642719066
2019-08-12,-0.4995371316043724
2019-08-13,-0.5327321968215748
2019-08-14,-0.5665564820787978
2019-08-15,-0.6010099873760415
2019-08-16,-0.6360927127133058
2019-08-19,-0.6718046580905908
2019-08-20,-0.7081458235078962
2019-08-21,-0.7451162089652225
2019-08-22,-0.7827158144625693
2019-08-23,-0.8209446399999367
2019-08-26,-0.8598026855773249
2019-08-27,-0.8992899511947336
2019-08-28,-0.939406436852163
2019-08-29,-0.9801521425496129
2019-08-30,-1.0215270682870836
2019-09-02,-1.875429100187701
2019-09-03,-1.9090664582805432
2019-09-04,-1.932336831270761
2019-09-05,-1.945240219158354
2019-09-06,-1.9477766219433221
2019-09-09,-1.9399460396256658
2019-09-10,-1.9217484722053848
2019-09-11,-1.893183919682479
2019-09-12,-1.8542523820569485
2019-09-13,-1.8049538593287933
2019-09-16,-1.7452883514980135
2019-09-17,-1.675255858564609
2019-09-18,-1.5948563805285798
2019-09-19,-1.5040899173899258
2019-09-20,-1.4029564691486474
2019-09-23,-1.291456035804744
2019-09-24,-1.1695886173582162
2019-09-25,-1.0373542138090635
2019-09-26,-0.8947528251572863
2019-09-27,-0.7417844514028842
2019-09-30,-0.5784490925458579
2019-10-01,1.1509492165632373
2019-10-02,1.3004219785698903
2019-10-03,1.4407697102722103
2019-10-04,1.5719924116701978
2019-10-07,1.6940900827638519
2019-10-08,1.807062723553173
2019-10-09,1.9109103340381615
2019-10-10,2.005632914218817
2019-10-11,2.091230464095139
2019-10-14,2.167702983667129
2019-10-15,2.2350504729347853
2019-10-16,2.293272931898109
2019-10-17,2.3423703605570996
2019-10-18,2.3823427589117574
2019-10-21,2.413190126962082
2019-10-22,2.434912464708074
2019-10-23,2.4475097721497328
2019-10-24,2.4509820492870587
2019-10-25,2.4453292961200517
2019-10-28,2.4305515126487114
2019-10-29,2.4066486988730387
2019-10-30,2.3736208547930326
2019-10-31,2.3314679804086937
2019-11-01,1.4175040851593452
2019-11-04,1.3621231366656994
2019-11-05,1.3075227543374288
2019-11-06,1.253702938174534
2019-11-07,1.2006636881770143
2019-11-08,1.1484050043448704
2019-11-11,1.0969268866781017
2019-11-12,1.0462293351767087
2019-11-13,0.9963123498406912
2019-11-14,0.9471759306700491
2019-11-15,0.8988200776647826
2019-11-18,0.8512447908248915
2019-11-19,0.804450070150376
2019-11-20,0.7584359156412358
2019-11-21,0.7132023272974712
2019-11-22,0.6687493051190821
2019-11-25,0.6250768491060685
2019-11-26,0.5821849592584305
2019-11-27,0.5400736355761679
2019-11-28,0.49874287805928075
2019-11-29,0.4581926867077692
2019-12-02,0.3975183431920071
2019-12-03,0.36053841696510375
2019-12-04,0.3245404794616997
2019-12-05,0.289524530681795
2019-12-06,0.25549057062538966
2019-12-09,0.2224385992924836
2019-12-10,0.19036861668307686
2019-12-11,0.15928062279716948
2019-12-12,0.1291746176347614
2019-12-13,0.10005060119585264
2019-12-16,0.07190857348044319
2019-12-17,0.04474853448853311
2019-12-18,0.01857048422012228
2019-12-19,-0.006625577324789161
2019-12-20,-0.030839650146201283
2019-12-23,-0.05407173424411414
2019-12-24,-0.07632182961852763
2019-12-25,-0.09758993626944176
2019-12-26,-0.11787605419685668
2019-12-27,-0.13718018340077218
2019-12-30,-0.15550232388118834
2019-12-31,-0.17284247563810526
2020-01-01,-0.13218588711020957
2020-01-02,-0.14757838301709242
2020-01-03,-0.16271643627715437
2020-01-06,-0.17760004689039544
2020-01-07,-0.1922292148568156
2020-01-08,-0.20660394017641487
2020-01-09,-0.22072422284919324
2020-01-10,-0.2345900628751507
2020-01-13,-0.24820146025428724
2020-01-14,-0.2615584149866029
2020-01-15,-0.27466092707209766
2020-01-16,-0.28750899651077155
2020-01-17,-0.3001026233026245
2020-01-20,-0.3124418074476566
2020-01-21,-0.32452654894586774
2020-01-22,-0.336356847797258
2020-01-23,-0.3479327040018274
2020-01-24,-0.35925411755957587
2020-01-27,-0.37032108847050343
2020-01-28,-0.3811336167346101
2020-01-29,-0.3916917023518959
2020-01-30,-0.40199534532236075
2020-01-31,-0.41204454564600473
2020-02-03,0.044342471995514665
2020-02-04,0.026393907746508516
2020-02-05,0.0017607505768426623
2020-02-06,-0.029556999513482674
2020-02-07,-0.06755934252446771
2020-02-10,-0.11224627845611251
2020-02-11,-0.1636178073084168
2020-02-12,-0.22167392908138073
2020-02-13,-0.28641464377500425
2020-02-14,-0.3578399513892874
2020-02-17,-0.4359498519242303
2020-02-18,-0.5207443453798326
2020-02-19,-0.6122234317560947
2020-02-20,-0.7103871110530166
2020-02-21,-0.8152353832705976
2020-02-24,-0.9267682484088386
2020-02-25,-1.0449857064677393
2020-02-26,-1.1698877574472994
2020-02-27,-1.3014744013475195
2020-02-28,-1.4397456381683986
2020-03-02,-3.0794406299291177
2020-03-03,-3.1980906739339963
2020-03-04,-3.30361273490599
2020-03-05,-3.3960068128450995
2020-03-06,-3.4752729077513242
2020-03-09,-3.5414110196246646
2020-03-10,-3.5944211484651203
2020-03-11,-3.6343032942726916
2020-03-12,-3.661057457047378
2020-03-13,-3.6746836367891804
2020-03-16,-3.675181833498098
2020-03-17,-3.6625520471741315
2020-03-18,-3.63679427781728
2020-03-19,-3.597908525427544
2020-03-20,-3.545894790004924
2020-03-23,-3.480753071549419
2020-03-24,-3.4024833700610295
2020-03-25,-3.311085685539756
2020-03-26,-3.2065600179855975
2020-03-27,-3.088906367398555
2020-03-30,-2.9581247337786274
2020-03-31,-2.814215117125815
2020-04-01,-0.9528865843885614
2020-04-02,-0.8038923176085088
2020-04-03,-0.6629413837341008
2020-04-06,-0.530033782765337
2020-04-07,-0.40516951470221696
2020-04-08,-0.28834857954474147
2020-04-09,-0.17957097729291002
2020-04-10,-0.07883670794672284
2020-04-13,0.013854228493820314
2020-04-14,0.09850183202871926
2020-04-15,0.1751061026579741
2020-04-16,0.24366704038158465
2020-04-17,0.30418464519955124
2020-04-20,0.3566589171118735
2020-04-21,0.40108985611855164
2020-04-22,0.4374774622195857
2020-04-23,0.4658217354149755
2020-04-24,0.4861226757047211
2020-04-27,0.49838028308882265
2020-04-28,0.5025945575672801
2020-04-29,0.49876549914009327
2020-04-30,0.48689310780726225
2020-05-01,-0.16249770202006106
2020-05-04,-0.1836138949506788
2020-05-05,-0.20498218875255955
2020-05-06,-0.2266025834257031
2020-05-07,-0.24847507897010962
2020-05-08,-0.27059967538577906
2020-05-11,-0.2929763726727114
2020-05-12,-0.3156051708309066
2020-05-13,-0.3384860698603648
2020-05-14,-0.3616190697610858
2020-05-15,-0.3850041705330698
2020-05-18,-0.4086413721763167
2020-05-19,-0.4325306746908264
2020-05-20,-0.4566720780765991
2020-05-21,-0.48106558233363467
2020-05-22,-0.5057111874619331
2020-05-25,-0.5306088934614945
2020-05-26,-0.5557587003323188
2020-05-27,-0.5811606080744061
2020-05-28,-0.6068146166877562
2020-05-29,-0.6327207261723693
2020-06-01,-0.8745215181273083
2020-06-02,-0.8970342010438649
2020-06-03,-0.9170903660827329
2020-06-04,-0.9346900132439123
2020-06-05,-0.9498331425274031
2020-06-08,-0.9625197539332053
2020-06-09,-0.972749847461319
2020-06-10,-0.980523423111744
2020-06-11,-0.9858404808844804
2020-06-12,-0.9887010207795283
2020-06-15,-0.9891050427968875
2020-06-16,-0.9870525469365581
2020-06-17,-0.9825435331985402
2020-06-18,-0.9755780015828336
2020-06-19,-0.9661559520894385
2020-06-22,-0.9542773847183547
2020-06-23,-0.9399422994695824
2020-06-24,-0.9231506963431214
2020-06-25,-0.9039025753389719
2020-06-26,-0.8821979364571337
2020-06-29,-0.858036779697607
2020-06-30,-0.8314191050603916
2020-07-01,-0.5375944664573984
2020-07-02,-0.5105529238669285
2020-07-03,-0.48427993587415785
2020-07-06,-0.4587755024790863
2020-07-07,-0.4340396236817139
2020-07-08,-0.41007229948204066
2020-07-09,-0.38687352988006657
2020-07-10,-0.3644433148757916
2020-07-13,-0.3427816544692158
2020-07-14,-0.32188854866033917
2020-07-15,-0.30176399744916166
2020-07-16,-0.2824080008356833
2020-07-17,-0.26382055881990407
2020-07-20,-0.246001671401824
2020-07-21,-0.22895133858144306
2020-07-22,-0.2126695603587613
2020-07-23,-0.1971563367337787
2020-07-24,-0.1824116677064952
2020-07-27,-0.16843555327691087
2020-07-28,-0.15522799344502566
2020-07-29,-0.14278898821083963
2020-07-30,-0.1311185375743527
2020-07-31,-0.12021664153556497
2020-08-03,0.11896724960900887
2020-08-04,0.12602656917508415
2020-08-05,0.12904678672889966
2020-08-06,0.12802790227045535
2020-08-07,0.12296991579975121
2020-08-10,0.11387282731678725
2020-08-11,0.10073663682156345
2020-08-12,0.08356134431407986
2020-08-13,0.06234694979433643
2020-08-14,0.03709345326233319
2020-08-17,0.007800854718070127
2020-08-18,-0.025530845838452804
2020-08-19,-0.06290164840723546
2020-08-20,-0.10431155298827803
2020-08-21,-0.14976055958158035
2020-08-24,-0.19924866818714254
2020-08-25,-0.2527758788049645
2020-08-26,-0.3103421914350464
2020-08-27,-0.37194760607738786
2020-08-28,-0.4375921227319895
2020-08-31,-0.5072757413988507
2020-09-01,-1.601763775817834
2020-09-02,-1.6631138486346324
2020-09-03,-1.7154423063472504
2020-09-04,-1.7587491489556875
2020-09-07,-1.793034376459944
2020-09-08,-1.8182979888600195
2020-09-09,-1.8345399861559146
2020-09-10,-1.841760368347629
2020-09-11,-1.8399591354351625
2020-09-14,-1.8291362874185155
2020-09-15,-1.8092918242976876
2020-09-16,-1.7804257460726793
2020-09-17,-1.74253805274349
2020-09-18,-1.6956287443101201
2020-09-21,-1.6396978207725696
2020-09-22,-1.5747452821308383
2020-09-23,-1.5007711283849265
2020-09-24,-1.417775359534834
2020-09-25,-1.3257579755805604
2020-09-28,-1.2247189765221065
2020-09-29,-1.1146583623594717
2020-09-30,-0.995576133092656
2020-10-01,0.5281594189546797
2020-10-02,0.6479478385829456
2020-10-05,0.7594208334684811
2020-10-06,0.862578403611286
2020-10-07,0.957420549011361
2020-10-08,1.0439472696687053
2020-10-09,1.1221585655833193
2020-10-12,1.192054436755203
2020-10-13,1.2536348831843562
2020-10-14,1.3068999048707792
2020-10-15,1.3518495018144718
2020-10-16,1.3884836740154343
2020-10-19,1.416802421473666
2020-10-20,1.4368057441891677
2020-10-21,1.4484936421619388
2020-10-22,1.4518661153919796
2020-10-23,1.4469231638792903
2020-10-26,1.4336647876238704
2020-10-27,1.41209098662572
2020-10-28,1.3822017608848396
2020-10-29,1.3439971104012287
2020-10-30,1.2974770351748874
2020-11-02,0.37529745173657947
2020-11-03,0.320532284545139
2020-11-04,0.2684486644155709
2020-11-05,0.21904659134787557
2020-11-06,0.17232606534205264
2020-11-09,0.12828708639810238
2020-11-10,0.08692965451602468
2020-11-11,0.04825376969581956
2020-11-12,0.012259431937486999
2020-11-13,-0.021053358758972976
2020-11-16,-0.05168460239356038
2020-11-17,-0.07963429896627525
2020-11-18,-0.10490244847711748
2020-11-19,-0.1274890509260872
2020-11-20,-0.14739410631318428
2020-11-23,-0.16461761463840885
2020-11-24,-0.17915957590176085
2020-11-25,-0.19101999010324022
2020-11-26,-0.20019885724284703
2020-11-27,-0.20669617732058132
2020-11-30,-0.210511950336443
2020-12-01,-0.10904410981823542
2020-12-02,-0.10901045706206941
2020-12-03,-0.10790755393957342
2020-12-04,-0.10573540045074747
2020-12-07,-0.10249399659559154
2020-12-08,-0.09818334237410563
2020-12-09,-0.09280343778628974
2020-12-10,-0.08635428283214387
2020-12-11,-0.07883587751166805
2020-12-14,-0.07024822182486223
2020-12-15,-0.06059131577172644
2020-12-16,-0.04986515935226067
2020-12-17,-0.038069752566464936
2020-12-18,-0.025205095414339195
2020-12-21,-0.011271187895883508
2020-12-22,0.0037319699889021493
2020-12-23,0.01980437824001778
2020-12-24,0.03694603685746345
2020-12-25,0.05515694584123902
2020-12-28,0.07443710519134458
2020-12-29,0.09478651490778013
2020-12-30,0.11620517499054568
2020-12-31,0.1386930854396412
2021-01-01,0.4157645316078757
2021-01-04,0.43940661586376434
2021-01-05,0.46089008443483764
2021-01-06,0.4802149373210954
2021-01-07,0.4973811745225378
2021-01-08,0.5123887960391647
2021-01-11,0.5252378018709762
2021-01-12,0.5359281920179723
2021-01-13,0.5444599664801528
2021-01-14,0.550833125257518
2021-01-15,0.5550476683500678
2021-01-18,0.5571035957578021
2021-01-19,0.5570009074807212
2021-01-20,0.5547396035188246
2021-01-21,0.5503196838721125
2021-01-22,0.5437411485405852
2021-01-25,0.5350039975242423
2021-01-26,0.524108230823084
2021-01-27,0.5110538484371103
2021-01-28,0.49584085036632125
2021-01-29,0.47846923661071666
2021-02-01,0.31912307808183726
2021-02-02,0.29833106182803265
2021-02-03,0.27725377023286435
2021-02-04,0.2558912032963324
2021-02-05,0.2342433610184368
2021-02-08,0.21231024339917748
2021-02-09,0.19009185043855453
2021-02-10,0.167588182136568
2021-02-11,0.14479923849321774
2021-02-12,0.12172501950850387
2021-02-15,0.0983655251824263
2021-02-16,0.07472075551498515
2021-02-17,0.05079071050618026
2021-02-18,0.026575390156011736
2021-02-19,0.0020747944644795985
2021-02-22,-0.022711076568416255
2021-02-23,-0.04778222294267567
2021-02-24,-0.07313864465829883
2021-02-25,-0.09878034171528563
2021-02-26,-0.12470731411363604
2021-03-01,-0.5638094156585922
2021-03-02,-0.5821068957215282
2021-03-03,-0.5959085969433009
2021-03-04,-0.6052145193239103
2021-03-05,-0.6100246628633565
2021-03-08,-0.6103390275616394
2021-03-09,-0.6061576134187591
2021-03-10,-0.5974804204347155
2021-03-11,-0.5843074486095087
2021-03-12,-0.5666386979431386
2021-03-15,-0.5444741684356053
2021-03-16,-0.5178138600869087
2021-03-17,-0.48665777289704876
2021-03-18,-0.4510059068660256
2021-03-19,-0.41085826199383924
2021-03-22,-0.3662148382804896
2021-03-23,-0.31707563572597675
2021-03-24,-0.2634406543303005
2021-03-25,-0.20530989409346112
2021-03-26,-0.14268335501545854
2021-03-29,-0.07556103709629264
2021-03-30,-0.003942940335963374
2021-03-31,0.07217093526552915
2021-04-01,1.1680264619313423
2021-04-02,1.24462584006538
2021-04-05,1.3135508666888611
2021-04-06,1.3748015418017852
2021-04-07,1.4283778654041528
2021-04-08,1.4742798374959634
2021-04-09,1.512507458077217
2021-04-12,1.5430607271479142
2021-04-13,1.5659396447080545
2021-04-14,1.581144210757638
2021-04-15,1.5886744252966645
2021-04-16,1.5885302883251344
2021-04-19,1.5807117998430473
2021-04-20,1.5652189598504036
2021-04-21,1.5420517683472033
2021-04-22,1.5112102253334458
2021-04-23,1.4726943308091316
2021-04-26,1.426504084774261
2021-04-27,1.372639487228833
2021-04-28,1.3111005381728487
2021-04-29,1.2418872376063075
2021-04-30,1.1649995855292092
2021-05-03,0.08045681488822004
2021-05-04,-0.002947649555732179
2021-05-05,-0.08116781278037949
2021-05-06,-0.15420367478572133
2021-05-07,-0.22205523557175827
2021-05-10,-0.28472249513849
2021-05-11,-0.3422054534859166
2021-05-12,-0.39450411061403795
2021-05-13,-0.4416184665228542
2021-05-14,-0.4835485212123653
2021-05-17,-0.5202942746825712
2021-05-18,-0.5518557269334721
2021-05-19,-0.5782328779650676
2021-05-20,-0.5994257277773581
2021-05-21,-0.6154342763703434
2021-05-24,-0.6262585237440236
2021-05-25,-0.6318984698983986
2021-05-26,-0.6323541148334685
2021-05-27,-0.6276254585492331
2021-05-28,-0.6177125010456926
2021-05-31,-0.6026152423228471
2021-06-01,-0.1546002711859444
2021-06-02,-0.13583702600068415
2021-06-03,-0.11767020648403483
2021-06-04,-0.10009981263599647
2021-06-07,-0.08312584445656901
2021-06-08,-0.06674830194575253
2021-06-09,-0.05096718510354697
2021-06-10,-0.03578249392995235
2021-06-11,-0.021194228424968653
2021-06-14,-0.0072023885885959
2021-06-15,0.0061930255791659205
2021-06-16,0.01899201407831679
2021-06-17,0.03119457690885675
2021-06-18,0.04280071407078574
2021-06-21,0.0538104255641038
2021-06-22,0.06422371138881096
2021-06-23,0.07404057154490713
2021-06-24,0.08326100603239239
2021-06-25,0.09188501485126672
2021-06-28,0.09991259800153009
2021-06-29,0.10734375548318253
2021-06-30,0.11417848729622407
2021-07-01,0.11807938243631305
2021-07-02,0.12375029907367731
2021-07-05,0.12885382620397523
2021-07-06,0.13338996382720686
2021-07-07,0.13735871194337215
2021-07-08,0.14076007055247114
2021-07-09,0.1435940396545038
2021-07-12,0.1458606192494701
2021-07-13,0.14755980933737012
2021-07-14,0.14869160991820382
2021-07-15,0.1492560209919712
2021-07-16,0.14925304255867225
2021-07-19,0.14868267461830698
2021-07-20,0.1475449171708754
2021-07-21,0.1458397702163775
2021-07-22,0.14356723375481326
2021-07-23,0.14072730778618273
2021-07-26,0.13731999231048586
2021-07-27,0.13334528732772266
2021-07-28,0.12880319283789315
2021-07-29,0.12369370884099734
2021-07-30,0.11801683533703516
2021-08-02,0.18001877351400467
2021-08-03,0.17235934209916454
2021-08-04,0.16328474228051282
2021-08-05,0.15279497405804945
2021-08-06,0.1408900374317744
2021-08-09,0.12756993240168776
2021-08-10,0.11283465896778946
2021-08-11,0.09668421713007956
2021-08-12,0.07911860688855799
2021-08-13,0.06013782824322478
2021-08-16,0.03974188119407994
2021-08-17,0.017930765741123487
2021-08-18,-0.005295518115644656
2021-08-19,-0.02993697037622439
2021-08-20,-0.05599359104061574
2021-08-23,-0.08346538010881879
2021-08-24,-0.11235233758083343
2021-08-25,-0.1426544634566597
2021-08-26,-0.17437175773629768
2021-08-27,-0.2075042204197472
2021-08-30,-0.24205185150700836
2021-08-31,-0.27801465099808126
2021-09-01,-1.009942951123691
2021-09-02,-1.0401081329847384
2021-09-03,-1.0630605288119486
2021-09-06,-1.0788001386053216
2021-09-07,-1.0873269623648576
2021-09-08,-1.0886410000905564
2021-09-09,-1.0827422517824181
2021-09-10,-1.069630717440443
2021-09-13,-1.0493063970646304
2021-09-14,-1.0217692906549807
2021-09-15,-0.987019398211494
2021-09-16,-0.94505671973417
2021-09-17,-0.895881255223009
2021-09-20,-0.8394930046780109
2021-09-21,-0.7758919680991757
2021-09-22,-0.7050781454865033
2021-09-23,-0.6270515368399938
2021-09-24,-0.5418121421596472
2021-09-27,-0.4493599614454633
2021-09-28,-0.3496949946974426
2021-09-29,-0.24281724191558474
2021-09-30,-0.12872670309988932
2021-10-01,1.3358980636058213
2021-10-04,1.452616773734106
2021-10-05,1.5589745203387853
2021-10-06,1.6549713034198579
2021-10-07,1.7406071229773246
2021-10-08,1.8158819790111853
2021-10-11,1.88079587152144
2021-10-12,1.9353488005080883
2021-10-13,1.979540765971131
2021-10-14,2.0133717679105674
2021-10-15,2.0368418063263976
2021-10-18,2.0499508812186225
2021-10-19,2.0526989925872403
2021-10-20,2.045086140432253
2021-10-21,2.027112324753659
2021-10-22,1.998777545551459
2021-10-25,1.960081802825653
2021-10-26,1.911025096576241
2021-10-27,1.8516074268032232
2021-10-28,1.781828793506599
2021-10-29,1.701689196686369
2021-11-01,0.6755766862977292
2021-11-02,0.5913992882750403
2021-11-03,0.509431390739688
2021-11-04,0.4296729936916726
2021-11-05,0.3521240971309936
2021-11-08,0.2767847010576513
2021-11-09,0.20365480547164558
2021-11-10,0.1327344103729766
2021-11-11,0.06402351576164411
2021-11-12,-0.002477878362351721
2021-11-15,-0.06676977199901094
2021-11-16,-0.12885216514833345
2021-11-17,-0.18872505781031945
2021-11-18,-0.24638844998496873
2021-11-19,-0.30184234167228136
2021-11-22,-0.3550867328722575
2021-11-23,-0.4061216235848969
2021-11-24,-0.45494701381019964
2021-11-25,-0.5015629035481659
2021-11-26,-0.5459692927987955
2021-11-29,-0.5881661815620883
2021-11-30,-0.6281535698380448
2021-12-01,-0.8382989542138596
2021-12-02,-0.8704450803211048
2021-12-03,-0.8986019616073502
2021-12-06,-0.9227695980725957
2021-12-07,-0.9429479897168415
2021-12-08,-0.9591371365400875
2021-12-09,-0.9713370385423337
2021-12-10,-0.9795476957235801
2021-12-13,-0.9837691080838268
2021-12-14,-0.9840012756230736
2021-12-15,-0.9802441983413207
2021-12-16,-0.972497876238568
2021-12-17,-0.9607623093148155
2021-12-20,-0.9450374975700632
2021-12-21,-0.9253234410043111
2021-12-22,-0.9016201396175593
2021-12-23,-0.8739275934098077
2021-12-24,-0.8422458023810562
2021-12-27,-0.806574766531305
2021-12-28,-0.766914485860554
2021-12-29,-0.7232649603688034
2021-12-30,-0.6756261900560526
2021-12-31,-0.6239981749223024
2022-01-03,0.15986459475467374
2022-01-04,0.2156713249118214
2022-01-05,0.2663706433709143
2022-01-06,0.3119625501319524
2022-01-07,0.35244704519493575
2022-01-10,0.38782412855986426
2022-01-11,0.418093800226738
2022-01-12,0.4432560601955569
2022-01-13,0.463310908466321
2022-01-14,0.4782583450390303
2022-01-17,0.4880983699136848
2022-01-18,0.49283098309028456
2022-01-19,0.49245618456882945
2022-01-20,0.48697397434931955
2022-01-21,0.47638435243175486
2022-01-24,0.46068731881613534
2022-01-25,0.4398828735024611
2022-01-26,0.413971016490732
2022-01-27,0.3829517477809481
2022-01-28,0.34682506737310936
2022-01-31,0.3055909752672159
2022-02-01,-0.09148314168627503
2022-02-02,-0.14051720111605343
2022-02-03,-0.18992674098146456
2022-02-04,-0.23971176128250837
2022-02-07,-0.28987226201918487
2022-02-08,-0.34040824319149415
2022-02-09,-0.3913197047994361
2022-02-10,-0.44260664684301076
2022-02-11,-0.49426906932221804
2022-02-14,-0.5463069722370582
2022-02-15,-0.5987203555875309
2022-02-16,-0.6515092193736364
2022-02-17,-0.7046735635953746
2022-02-18,-0.7582133882527455
2022-02-21,-0.812128693345749
2022-02-22,-0.8664194788743853
2022-02-23,-0.9210857448386542
2022-02-24,-0.976127491238556
2022-02-25,-1.0315447180740904
2022-02-28,-1.0873374253452575
2022-03-01,-2.0262519734987245
2022-03-02,-2.0653047843279904
2022-03-03,-2.0945685036327832
2022-03-04,-2.114043131413103
2022-03-07,-2.12372866766895
2022-03-08,-2.1236251124003243
2022-03-09,-2.1137324656072254
2022-03-10,-2.0940507272896536
2022-03-11,-2.064579897447609
2022-03-14,-2.0253199760810907
2022-03-15,-1.9762709631900999
2022-03-16,-1.9174328587746359
2022-03-17,-1.8488056628346992
2022-03-18,-1.770389375370289
2022-03-21,-1.6821839963814063
2022-03-22,-1.5841895258680505
2022-03-23,-1.4764059638302216
2022-03-24,-1.3588333102679195
2022-03-25,-1.231471565181145
2022-03-28,-1.0943207285698973
2022-03-29,-0.9473808004341766
2022-03-30,-0.7906517807739823
2022-03-31,-0.6241336695893158
2022-04-01,1.5294038079872982
2022-04-04,1.707401336864225
2022-04-05,1.8702980297461638
2022-04-06,2.018093886633114
2022-04-07,2.150788907525077
2022-04-08,2.268383092422051
2022-04-11,2.370876441324037
2022-04-12,2.458268954231035
2022-04-13,2.530560631143045
2022-04-14,2.5877514720600665
2022-04-15,2.6298414769821
2022-04-18,2.6568306459091455
2022-04-19,2.6687189788412025
2022-04-20,2.6655064757782716
2022-04-21,2.6471931367203525
2022-04-22,2.613778961667445
2022-04-25,2.56526395061955
2022-04-26,2.5016481035766667
2022-04-27,2.422931420538795
2022-04-28,2.3291139015059352
2022-04-29,2.220195546478087
2022-05-02,0.6948713418672284
2022-05-03,0.5801754612339304
2022-05-04,0.4691656550345872
2022-05-05,0.3618419232691986
2022-05-06,0.2582042659377646
2022-05-09,0.15825268304028542
2022-05-10,0.06198717457676081
2022-05-11,-0.030592259452808995
2022-05-12,-0.11948561904842431
2022-05-13,-0.20469290421008493
2022-05-16,-0.2862141149377909
2022-05-17,-0.3640492512315421
2022-05-18,-0.4381983130913387
2022-05-19,-0.5086613005171806
2022-05-20,-0.5754382135090679
2022-05-23,-0.6385290520670005
2022-05-24,-0.6979338161909784
2022-05-25,-0.7536525058810015
2022-05-26,-0.8056851211370702
2022-05-27,-0.854031661959184
2022-05-30,-0.8986921283473432
2022-05-31,-0.9396665203015478
2022-06-01,-1.120013438722026
2022-06-02,-1.1518385563312998
2022-06-03,-1.1782004740295973
2022-06-06,-1.1990991918169192
2022-06-07,-1.2145347096932642
2022-06-08,-1.2245070276586336
2022-06-09,-1.2290161457130266
2022-06-10,-1.2280620638564437
2022-06-13,-1.2216447820888843
2022-06-14,-1.2097643004103493
2022-06-15,-1.1924206188208375
2022-06-16,-1.1696137373203501
2022-06-17,-1.1413436559088863
2022-06-20,-1.1076103745864465
2022-06-21,-1.0684138933530303
2022-06-22,-1.023754212208638
2022-06-23,-0.9736313311532699
2022-06-24,-0.9180452501869256
2022-06-27,-0.856995969309605
2022-06-28,-0.7904834885213082
2022-06-29,-0.7185078078220355
2022-06-30,-0.6410689272117863
2022-07-01,0.393145046122456
2022-07-04,0.47304642966029287
2022-07-05,0.5459993980946833
2022-07-06,0.6120039514256272
2022-07-07,0.6710600896531248
2022-07-08,0.7231678127771759
2022-07-11,0.7683271207977804
2022-07-12,0.8065380137149384
2022-07-13,0.83780049152865
2022-07-14,0.862114554238915
2022-07-15,0.8794802018457336
2022-07-18,0.8898974343491057
2022-07-19,0.8933662517490313
2022-07-20,0.8898866540455104
2022-07-21,0.879458641238543
2022-07-22,0.8620822133281292
2022-07-25,0.8377573703142689
2022-07-26,0.806484112196962
2022-07-27,0.7682624389762087
2022-07-28,0.7230923506520088
2022-07-29,0.6709738472243626
2022-08-01,0.15654206275598126
2022-08-02,0.10202483610009327
2022-08-03,0.04692104753409798
2022-08-04,-0.008769302942005175
2022-08-05,-0.0650462153282157
2022-08-08,-0.12190968962453386
2022-08-09,-0.17935972583095944
2022-08-10,-0.23739632394749272
2022-08-11,-0.2960194839741334
2022-08-12,-0.35522920591088175
2022-08-15,-0.4150254897577375
2022-08-16,-0.47540833551470096
2022-08-17,-0.5363777431817718
2022-08-18,-0.5979337127589506
2022-08-19,-0.6600762442462365
2022-08-22,-0.7228053376436301
2022-08-23,-0.786120992951131
2022-08-24,-0.8500232101687399
2022-08-25,-0.9145119892964562
2022-08-26,-0.9795873303342797
2022-08-29,-1.045249233282211
2022-08-30,-1.11149769814025
2022-08-31,-1.1783327249083966
2022-09-01,-2.128598597629452
2022-09-02,-2.1887780396628527
2022-09-05,-2.238650717384207
2022-09-06,-2.278216630793515
2022-09-07,-2.3074757798907766
2022-09-08,-2.3264281646759915
2022-09-09,-2.3350737851491603
2022-09-12,-2.3334126413102823
2022-09-13,-2.3214447331593577
2022-09-14,-2.299170060696387
2022-09-15,-2.2665886239213697
2022-09-16,-2.2237004228343062
2022-09-19,-2.170505457435196
2022-09-20,-2.107003727724039
2022-09-21,-2.033195233700836
2022-09-22,-1.9490799753655865
2022-09-23,-1.8546579527182905
2022-09-26,-1.7499291657589482
2022-09-27,-1.634893614487559
2022-09-28,-1.5095512989041238
2022-09-29,-1.373902219008642
2022-09-30,-1.2279463748011135
2022-10-03,0.4656920062016181
2022-10-04,0.6197962271301085
2022-10-05,0.7643009838713446
2022-10-06,0.8992062764253259
2022-10-07,1.0245121047920531
2022-10-10,1.1402184689715256
2022-10-11,1.2463253689637435
2022-10-12,1.3428328047687068
2022-10-13,1.4297407763864158
2022-10-14,1.50704928381687
2022-10-17,1.57475832706007
2022-10-18,1.6328679061160154
2022-10-19,1.6813780209847062
2022-10-20,1.7202886716661425
2022-10-21,1.7495998581603243
2022-10-24,1.7693115804672517
2022-10-25,1.7794238385869243
2022-10-26,1.7799366325193426
2022-10-27,1.7708499622645064
2022-10-28,1.7521638278224156
2022-10-31,1.7238782291930703
2022-11-01,0.9292914440537337
2022-11-02,0.8937942933906107
2022-11-03,0.8589630065711191
2022-11-04,0.8247975835952591
2022-11-07,0.7912980244630303
2022-11-08,0.7584643291744331
2022-11-09,0.7262964977294671
2022-11-10,0.6947945301281326
2022-11-11,0.6639584263704296
2022-11-14,0.6337881864563578
2022-11-15,0.6042838103859175
2022-11-16,0.5754452981591087
2022-11-17,0.5472726497759312
2022-11-18,0.5197658652363851
2022-11-21,0.49292494454047053
2022-11-22,0.46674988768818726
2022-11-23,0.4412406946795354
2022-11-24,0.416397365514515
2022-11-25,0.39221990019312597
2022-11-28,0.36870829871536837
2022-11-29,0.3458625610812422
2022-11-30,0.3236826872907474
2022-12-01,0.26932229447367473
2022-12-02,0.24888217797131484
2022-12-05,0.22951595491345866
2022-12-06,0.211223625300106
2022-12-07,0.19400518913125686
2022-12-08,0.17786064640691135
2022-12-09,0.1627899971270694
2022-12-12,0.14879324129173105
2022-12-13,0.13587037890089623
2022-12-14,0.12402140995456501
2022-12-15,0.11324633445273735
2022-12-16,0.10354515239541329
2022-12-19,0.09491786378259276
2022-12-20,0.08736446861427583
2022-12-21,0.08088496689046247
2022-12-22,0.07547935861115267
2022-12-23,0.07114764377634646
2022-12-26,0.06788982238604381
2022-12-27,0.06570589444024474
2022-12-28,0.06459585993894923
2022-12-29,0.06455971888215731
2022-12-30,0.06559747126986895
2023-01-02,0.21748919669455682
2023-01-03,0.21881411386453684
2023-01-04,0.21935230237228162
2023-01-05,0.21910376221779118
2023-01-06,0.21806849340106554
2023-01-09,0.21624649592210468
2023-01-10,0.21363776978090857
2023-01-11,0.21024231497747728
2023-01-12,0.20606013151181077
2023-01-13,0.201091219383909
2023-01-16,0.19533557859377204
2023-01-17,0.18879320914139988
2023-01-18,0.18146411102679247
2023-01-19,0.17334828424994989
2023-01-20,0.16444572881087205
2023-01-23,0.154756444709559
2023-01-24,0.14428043194601073
2023-01-25,0.13301769052022727
2023-01-26,0.12096822043220856
2023-01-27,0.10813202168195465
2023-01-30,0.09450909426946552
2023-01-31,0.08009943819474115
2023-02-01,0.3123612032165072
2023-02-02,0.2909602232193028
2023-02-03,0.2648742864355492
2023-02-06,0.2341033928652467
2023-02-07,0.19864754250839514
2023-02-08,0.15850673536499457
2023-02-09,0.11368097143504505
2023-02-10,0.06417025071854651
2023-02-13,0.009974573215498994
2023-02-14,-0.048906061074097534
2023-02-15,-0.11247165215024316
2023-02-16,-0.18072220001293762
2023-02-17,-0.2536577046621812
2023-02-20,-0.3312781660979738
2023-02-21,-0.4135835843203153
2023-02-22,-0.5005739593292059
2023-02-23,-0.5922492911246454
2023-02-24,-0.688609579706634
2023-02-27,-0.7896548250751717
2023-02-28,-0.895385027230258
2023-03-01,-2.6079126103505277
2023-03-02,-2.689178476283227
2023-03-03,-2.755697026460248
2023-03-06,-2.8074682608815897
2023-03-07,-2.8444921795472524
2023-03-08,-2.8667687824572363
2023-03-09,-2.8742980696115406
2023-03-10,-2.8670800410101664
2023-03-13,-2.845114696653113
2023-03-14,-2.8084020365403806
2023-03-15,-2.7569420606719692
2023-03-16,-2.6907347690478787
2023-03-17,-2.6097801616681093
2023-03-20,-2.5140782385326608
2023-03-21,-2.4036289996415334
2023-03-22,-2.278432444994727
2023-03-23,-2.138488574592241
2023-03-24,-1.9837973884340765
2023-03-27,-1.8143588865202331
2023-03-28,-1.6301730688507106
2023-03-29,-1.4312399354255092
2023-03-30,-1.2175594862446282
2023-03-31,-0.9891317213080688
2023-04-03,1.7366245629042805
2023-04-04,1.9987333600466943
2023-04-05,2.243299611535447
2023-04-06,2.4703233173705392
2023-04-07,2.6798044775519707
2023-04-10,2.8717430920797415
2023-04-11,3.0461391609538517
2023-04-12,3.202992684174301
2023-04-13,3.3423036617410893
2023-04-14,3.464072093654217
2023-04-17,3.5682979799136842
2023-04-18,3.6549813205194908
2023-04-19,3.724122115471636
2023-04-20,3.775720364770121
2023-04-21,3.809776068414945
2023-04-24,3.8262892264061086
2023-04-25,3.8252598387436114
2023-04-26,3.806687905427453
2023-04-27,3.7705734264576343
2023-04-28,3.7169164018341547
2023-05-01,2.350583004813612
2023-05-02,2.2901839485416122
2023-05-03,2.2312985058038226
2023-05-04,2.1739266766002414
2023-05-05,2.1180684609308704
2023-05-08,2.0637238587957087
2023-05-09,2.0108928701947564
2023-05-10,1.959575495128013
2023-05-11,1.9097717335954796
2023-05-12,1.8614815855971554
2023-05-15,1.8147050511330405
2023-05-16,1.7694421302031351
2023-05-17,1.7256928228074393
2023-05-18,1.6834571289459526
2023-05-19,1.6427350486186756
2023-05-22,1.603526581825608
2023-05-23,1.5658317285667496
2023-05-24,1.5296504888421008
2023-05-25,1.4949828626516612
2023-05-26,1.4618288499954313
2023-05-29,1.4301884508734106
2023-05-30,1.4000616652855995
2023-05-31,1.3714484932319977
2023-06-01,1.4694700333300093
2023-06-02,1.4412313598431272
2023-06-05,1.4130853695032732
2023-06-06,1.3850320623104475
2023-06-07,1.35707143826465
2023-06-08,1.3292034973658806
2023-06-09,1.3014282396141392
2023-06-12,1.2737456650094263
2023-06-13,1.2461557735517412
2023-06-14,1.2186585652410844
2023-06-15,1.1912540400774556
2023-06-16,1.163942198060855
2023-06-19,1.1367230391912828
2023-06-20,1.1095965634687386
2023-06-21,1.0825627708932226
2023-06-22,1.0556216614647345
2023-06-23,1.0287732351832748
2023-06-26,1.0020174920488432
2023-06-27,0.9753544320614396
2023-06-28,0.9487840552210643
2023-06-29,0.9223063615277172
2023-06-30,0.8959213509813981
2023-07-03,0.9553399014464219
2023-07-04,0.9267199781068189
2023-07-05,0.8970244744173466
2023-07-06,0.8662533903780045
2023-07-07,0.8344067259887928
2023-07-10,0.8014844812497115
2023-07-11,0.7674866561607607
2023-07-12,0.7324132507219403
2023-07-13,0.6962642649332502
2023-07-14,0.6590396987946906
2023-07-17,0.6207395523062614
2023-07-18,0.5813638254679626
2023-07-19,0.5409125182797943
2023-07-20,0.49938563074175624
2023-07-21,0.4567831628538488
2023-07-24,0.4131051146160716
2023-07-25,0.3683514860284249
2023-07-26,0.3225222770909085
2023-07-27,0.2756174878035227
2023-07-28,0.22763711816626714
2023-07-31,0.1785811681791421
2023-08-01,0.37822653006761586
2023-08-02,0.3287443410473285
2023-08-03,0.27555222983618366
2023-08-04,0.21865019643418138
2023-08-07,0.15803824084132168
2023-08-08,0.0937163630576045
2023-08-09,0.02568456308302991
2023-08-10,-0.04605715908240221
2023-08-11,-0.12150880343869169
2023-08-14,-0.2006703699858387
2023-08-15,-0.2835418587238431
2023-08-16,-0.37012326965270503
2023-08-17,-0.4604146027724243
2023-08-18,-0.5544158580830013
2023-08-21,-0.6521270355844354
2023-08-22,-0.7535481352767271
2023-08-23,-0.8586791571598761
2023-08-24,-0.9675201012338831
2023-08-25,-1.080070967498747
2023-08-28,-1.1963317559544682
2023-08-29,-1.316302466601047
2023-08-30,-1.439983099438484
2023-08-31,-1.5673736544667776
2023-09-01,-3.389529077843814
2023-09-04,-3.5145925114322836
2023-09-05,-3.621133141654915
2023-09-06,-3.7091509685117066
2023-09-07,-3.7786459920026596
2023-09-08,-3.829618212127774
2023-09-11,-3.8620676288870492
2023-09-12,-3.8759942422804854
2023-09-13,-3.871398052308083
2023-09-14,-3.8482790589698417
2023-09-15,-3.8066372622657614
2023-09-18,-3.746472662195842
2023-09-19,-3.6677852587600843
2023-09-20,-3.570575051958487
2023-09-21,-3.4548420417910517
2023-09-22,-3.3205862282577767
2023-09-25,-3.1678076113586635
2023-09-26,-2.9965061910937107
2023-09-27,-2.8066819674629198
2023-09-28,-2.598334940466289
2023-09-29,-2.3714651101038204
2023-10-02,0.2451408983949961
2023-10-03,0.46672774924354266
2023-10-04,0.675663027836342
2023-10-05,0.8719467341733935
2023-10-06,1.0555788682546983
2023-10-09,1.2265594300802551
2023-10-10,1.3848884196500648
2023-10-11,1.530565836964127
2023-10-12,1.663591682022442
2023-10-13,1.7839659548250095
2023-10-16,1.8916886553718295
2023-10-17,1.986759783662902
2023-10-18,2.069179339698228
2023-10-19,2.1389473234778054
2023-10-20,2.196063735001636
2023-10-23,2.240528574269719
2023-10-24,2.2723418412820546
2023-10-25,2.2915035360386433
2023-10-26,2.2980136585394844
2023-10-27,2.2918722087845778
2023-10-30,2.273079186773924
2023-10-31,2.241634592507523
2023-11-01,1.257470393411984
2023-11-02,1.2124005183927635
2023-11-03,1.1663569348764713
2023-11-06,1.1193396428631077
2023-11-07,1.071348642352672
2023-11-08,1.0223839333451648
2023-11-09,0.9724455158405859
2023-11-10,0.9215333898389353
2023-11-13,0.8696475553402129
2023-11-14,0.8167880123444187
2023-11-15,0.7629547608515528
2023-11-16,0.7081478008616151
2023-11-17,0.6523671323746058
2023-11-20,0.5956127553905246
2023-11-21,0.5378846699093719
2023-11-22,0.4791828759311472
2023-11-23,0.419507373455851
2023-11-24,0.358858162483483
2023-11-27,0.29723524301404314
2023-11-28,0.2346386150475317
2023-11-29,0.17106827858394857
2023-11-30,0.10652423362329355
2023-12-01,-0.7007372343517613
2023-12-04,-0.7603503321859367
2023-12-05,-0.8109388813747649
2023-12-06,-0.8525028819182452
2023-12-07,-0.8850423338163782
2023-12-08,-0.9085572370691636
2023-12-11,-0.9230475916766013
2023-12-12,-0.9285133976386915
2023-12-13,-0.924954654955434
2023-12-14,-0.9123713636268291
2023-12-15,-0.8907635236528766
2023-12-18,-0.8601311350335764
2023-12-19,-0.8204741977689288
2023-12-20,-0.7717927118589335
2023-12-21,-0.7140866773035908
2023-12-22,-0.6473560941029003
2023-12-25,-0.5716009622568624
2023-12-26,-0.4868212817654768
2023-12-27,-0.39301705262874376
2023-12-28,-0.290188274846663
2023-12-29,-0.17833494841923492
2024-01-01,1.2492312351299848
2024-01-02,1.352209994787237
2024-01-03,1.447800758600511
2024-01-04,1.5360035265698075
2024-01-05,1.6168182986951256
2024-01-08,1.690245074976466
2024-01-09,1.7562838554138283
2024-01-10,1.8149346400072126
2024-01-11,1.866197428756619
2024-01-12,1.9100722216620474
2024-01-15,1.9465590187234978
2024-01-16,1.9756578199409702
2024-01-17,1.9973686253144647
2024-01-18,2.011691434843981
2024-01-19,2.01862624852952
2024-01-22,2.01817306637108
2024-01-23,2.010331888368663
2024-01-24,1.9951027145222677
2024-01-25,1.9724855448318945
2024-01-26,1.9424803792975431
2024-01-29,1.905087217919214
2024-01-30,1.8603060606969068
2024-01-31,1.8081369076306217
2024-02-01,1.1444941470624803
2024-02-02,1.0785981513141625
2024-02-05,1.0120354181478142
2024-02-06,0.9448059475634363
2024-02-07,0.8769097395610281
2024-02-08,0.8083467941405904
2024-02-09,0.7391171113021224
2024-02-12,0.6692206910456246
2024-02-13,0.5986575333710971
2024-02-14,0.5274276382785394
2024-02-15,0.45553100576795175
2024-02-16,0.38296763583933413
2024-02-19,0.3097375284926867
2024-02-20,0.23584068372800926
2024-02-21,0.161277101545302
2024-02-22,0.08604678194456461
2024-02-23,0.01014972492579752
2024-02-26,-0.06641406951099987
2024-02-27,-0.14364460136582685
2024-02-28,-0.22154187063868397
2024-02-29,-0.3001058773295708
2024-03-01,-1.2577296562259457
2024-03-04,-1.3256490509148817
2024-03-05,-1.382257096183837
2024-03-06,-1.4275537920328114
2024-03-07,-1.4615391384618048
2024-03-08,-1.4842131354708177
2024-03-11,-1.4955757830598495
2024-03-12,-1.4956270812289003
2024-03-13,-1.4843670299779705
2024-03-14,-1.4617956293070598
2024-03-15,-1.4279128792161682
2024-03-18,-1.3827187797052956
2024-03-19,-1.3262133307744424
2024-03-20,-1.2583965324236082
2024-03-21,-1.1792683846527932
2024-03-22,-1.0888288874619974
2024-03-25,-0.9870780408512208
2024-03-26,-0.874015844820463
2024-03-27,-0.7496422993697247
2024-03-28,-0.6139574044990053
2024-03-29,-0.46696116020830547
2024-04-01,1.274482918176349
2024-04-02,1.4161880609050106
2024-04-03,1.548486552365774
2024-04-04,1.6713783925586396
2024-04-05,1.7848635814836078
2024-04-08,1.8889421191406779
2024-04-09,1.9836140055298503
2024-04-10,2.0688792406511247
2024-04-11,2.1447378245045012
2024-04-12,2.211189757089981
2024-04-15,2.2682350384075614
2024-04-16,2.315873668457245
2024-04-17,2.354105647239031
2024-04-18,2.3829309747529184
2024-04-19,2.402349650998909
2024-04-22,2.4123616759770012
2024-04-23,2.4129670496871958
2024-04-24,2.404165772129492
2024-04-25,2.385957843303891
2024-04-26,2.358343263210392
2024-04-29,2.3213220318489958
2024-04-30,2.2748941492197012
2024-05-01,1.4115443158994068
2024-05-02,1.3587225257344873
2024-05-03,1.306485890871528
2024-05-06,1.2548344113105285
2024-05-07,1.2037680870514893
2024-05-08,1.1532869180944103
2024-05-09,1.103390904439291
2024-05-10,1.0540800460861317
2024-05-13,1.005354343034933
2024-05-14,0.9572137952856938
2024-05-15,0.9096584028384149
2024-05-16,0.862688165693096
2024-05-17,0.8163030838497373
2024-05-20,0.7705031573083384
2024-05-21,0.7252883860688998
2024-05-22,0.6806587701314213
2024-05-23,0.6366143094959028
2024-05-24,0.5931550041623442
2024-05-27,0.5502808541307459
2024-05-28,0.5079918594011076
2024-05-29,0.4662880199734293
2024-05-30,0.425169335847711
2024-05-31,0.3846358070239529
2024-06-03,0.2640422490269897
2024-06-04,0.22004361531201233
2024-06-05,0.1779869774321255
2024-06-06,0.13787233538732913
2024-06-07,0.09969968917762317
2024-06-10,0.06346903880300771
2024-06-11,0.02918038426348274
2024-06-12,-0.0031662744409517857
2024-06-13,-0.03357093731029584
2024-06-14,-0.06203360434454942
2024-06-17,-0.08855427554371258
2024-06-18,-0.1131329509077852
2024-06-19,-0.13576963043676743
2024-06-20,-0.15646431413065914
2024-06-21,-0.17521700198946039
2024-06-24,-0.19202769401317119
2024-06-25,-0.2068963902017915
2024-06-26,-0.2198230905553214
2024-06-27,-0.23080779507376076
2024-06-28,-0.2398505037571097
2024-07-01,-0.07715574151749148
2024-07-02,-0.08378697513454327
2024-07-03,-0.09087490945711771
2024-07-04,-0.09841954448521484
2024-07-05,-0.10642088021883464
2024-07-08,-0.11487891665797714
2024-07-09,-0.12379365380264232
2024-07-10,-0.13316509165283016
2024-07-11,-0.1429932302085407
2024-07-12,-0.15327806946977393
2024-07-15,-0.1640196094365298
2024-07-16,-0.1752178501088084
2024-07-17,-0.18687279148660962
2024-07-18,-0.1989844335699336
2024-07-19,-0.2115527763587802
2024-07-22,-0.22457781985314948
2024-07-23,-0.23805956405304146
2024-07-24,-0.25199800895845614
2024-07-25,-0.2663931545693935
2024-07-26,-0.28124500088585347
2024-07-29,-0.29655354790783617
2024-07-30,-0.3123187956353416
2024-07-31,-0.32854074406836964
2024-08-01,-0.07551914064673654
2024-08-02,-0.09681018318022705
2024-08-05,-0.121955498693269
2024-08-06,-0.15095508718586204
2024-08-07,-0.18380894865800645
2024-08-08,-0.22051708310970197
2024-08-09,-0.26107949054094876
2024-08-12,-0.30549617095174675
2024-08-13,-0.353767124342096
2024-08-14,-0.4058923507119966
2024-08-15,-0.46187185006144826
2024-08-16,-0.5217056223904512
2024-08-19,-0.5853936676990055
2024-08-20,-0.6529359859871108
2024-08-21,-0.7243325772547674
2024-08-22,-0.7995834415019755
2024-08-23,-0.8786885787287344
2024-08-26,-0.9616479889350448
2024-08-27,-1.0484616721209061
2024-08-28,-1.139129628286319
2024-08-29,-1.233651857431283
2024-08-30,-1.3320283595557982
2024-09-02,-2.8751314212764307
2024-09-03,-2.966846202450735
2024-09-04,-3.043176857547466
2024-09-05,-3.1041233865666222
2024-09-06,-3.149685789508204
2024-09-09,-3.1798640663722115
2024-09-10,-3.1946582171586444
2024-09-11,-3.1940682418675035
2024-09-12,-3.178094140498788
2024-09-13,-3.1467359130524977
2024-09-16,-3.0999935595286336
2024-09-17,-3.037867079927195
2024-09-18,-2.960356474248182
2024-09-19,-2.867461742491595
2024-09-20,-2.7591828846574336
2024-09-23,-2.6355199007456975
2024-09-24,-2.4964727907563873
2024-09-25,-2.3420415546895024
2024-09-26,-2.1722261925450437
2024-09-27,-1.9870267043230103
2024-09-30,-1.7864430900234027
2024-10-01,0.6403741115697177
2024-10-02,0.8251521607394461
2024-10-03,0.9975203222127805
2024-10-04,1.157478595989721
2024-10-07,1.305026982070267
2024-10-08,1.440165480454419
2024-10-09,1.562894091142177
2024-10-10,1.6732128141335407
2024-10-11,1.7711216494285102
2024-10-14,1.8566205970270857
2024-10-15,1.929709656929267
2024-10-16,1.9903888291350544
2024-10-17,2.0386581136444475
2024-10-18,2.0745175104574463
2024-10-21,2.0979670195740514
2024-10-22,2.109006640994262
2024-10-23,2.107636374718079
2024-10-24,2.093856220745501
2024-10-25,2.0676661790765296
2024-10-28,2.029066249711164
2024-10-29,1.978056432649404
2024-10-30,1.9146367278912497
2024-10-31,1.8388071354367017
2024-11-01,0.3218723864982913
2024-11-04,0.22976219094430453
2024-11-05,0.14218504000164847
2024-11-06,0.05914093367032339
2024-11-07,-0.019370128049670893
2024-11-08,-0.09334814515833426
2024-11-11,-0.16279311765566676
2024-11-12,-0.22770504554166837
2024-11-13,-0.28808392881633915
2024-11-14,-0.34392976747967896
2024-11-15,-0.395242561531688
2024-11-18,-0.4420223109723662
2024-11-19,-0.48426901580171333
2024-11-20,-0.5219826760197298
2024-11-21,-0.5551632916264152
2024-11-22,-0.58381086262177
2024-11-25,-0.6079253890057937
2024-11-26,-0.6275068707784865
2024-11-27,-0.6425553079398485
2024-11-28,-0.6530707004898796
2024-11-29,-0.6590530484285799
2024-12-02,-0.46227665477668106
2024-12-03,-0.4619926208883982
2024-12-04,-0.4600411272084344
2024-12-05,-0.4564221737367896
2024-12-06,-0.45113576047346393
2024-12-09,-0.4441818874184573
2024-12-10,-0.4355605545717698
2024-12-11,-0.4252717619334013
2024-12-12,-0.4133155095033519
2024-12-13,-0.3996917972816215
2024-12-16,-0.3844006252682103
2024-12-17,-0.36744199346311807
2024-12-18,-0.3488159018663449
2024-12-19,-0.32852235047789086
2024-12-20,-0.30656133929775586
2024-12-23,-0.2829328683259399
2024-12-24,-0.25763693756244305
2024-12-25,-0.23067354700726528
2024-12-26,-0.2020426966604065
2024-12-27,-0.17174438652186685
2024-12-30,-0.1397786165916463
2024-12-31,-0.10614538686974473
2025-01-01,0.5249798827632162
2025-01-02,0.5534916520394467
2025-01-03,0.5767493136658721
2025-01-06,0.5947528676424927
2025-01-07,0.6075023139693081
2025-01-08,0.6149976526463188
2025-01-09,0.6172388836735243
2025-01-10,0.6142260070509249
2025-01-13,0.6059590227785205
2025-01-14,0.5924379308563112
2025-01-15,0.573662731284297
2025-01-16,0.5496334240624778
2025-01-17,0.5203500091908536
2025-01-20,0.4858124866694244
2025-01-21,0.44602085649819023
2025-01-22,0.4009751186771512
2025-01-23,0.35067527320630715
2025-01-24,0.295121320085658
2025-01-27,0.23431325931520403
2025-01-28,0.1682510908949451
2025-01-29,0.09693481482488125
2025-01-30,0.020364431105012237
2025-01-31,-0.06146006026466161
2025-02-03,-0.8818503327240691
2025-02-04,-0.978014491441122
2025-02-05,-1.0702024200028268
2025-02-06,-1.158414118409184
2025-02-07,-1.2426495866601934
2025-02-10,-1.322908824755855
2025-02-11,-1.3991918326961685
2025-02-12,-1.4714986104811343
2025-02-13,-1.5398291581107524
2025-02-14,-1.6041834755850224
2025-02-17,-1.664561562903945
2025-02-18,-1.7209634200675192
2025-02-19,-1.773389047075746
2025-02-20,-1.8218384439286248
2025-02-21,-1.866311610626156
2025-02-24,-1.9068085471683391
2025-02-25,-1.9433292535551745
2025-02-26,-1.975873729786662
2025-02-27,-2.0044419758628016
2025-02-28,-2.0290339917835936
2025-03-03,-2.5609125337422753
2025-03-04,-2.56996243932957
2025-03-05,-2.568428168822784
2025-03-06,-2.556309722221918
2025-03-07,-2.533607099526971
2025-03-10,-2.5003203007379438
2025-03-11,-2.456449325854836
2025-03-12,-2.401994174877648
2025-03-13,-2.3369548478063793
2025-03-14,-2.26133134464103
2025-03-17,-2.1751236653816006
2025-03-18,-2.0783318100280903
2025-03-19,-1.9709557785804996
2025-03-20,-1.8529955710388282
2025-03-21,-1.7244511874030768
2025-03-24,-1.5853226276732444
2025-03-25,-1.4356098918493319
2025-03-26,-1.2753129799313385
2025-03-27,-1.104431891919265
2025-03-28,-0.9229666278131108
2025-03-31,-0.7309171876128764
2025-04-01,1.0739047853630086
2025-04-02,1.2570095125165084
2025-04-03,1.4297959694516615
2025-04-04,1.5922641561684678
2025-04-07,1.744414072666928
2025-04-08,1.8862457189470412
2025-04-09,2.017759095008808
2025-04-10,2.1389542008522278
2025-04-11,2.249831036477301
2025-04-14,2.3503896018840282
2025-04-15,2.4406298970724083
2025-04-16,2.5205519220424417
2025-04-17,2.590155676794129
2025-04-18,2.649441161327469
2025-04-21,2.698408375642463
2025-04-22,2.7370573197391104
2025-04-23,2.7653879936174106
2025-04-24,2.7834003972773647
2025-04-25,2.791094530718972
2025-04-28,2.788470393942233
2025-04-29,2.775527986947147
2025-04-30,2.7522673097337145
2025-05-01,1.910779578161892
2025-05-02,1.8769184944762387
2025-05-05,1.8427752745367116
2025-05-06,1.8083499183433105
2025-05-07,1.7736424258960355
2025-05-08,1.7386527971948864
2025-05-09,1.7033810322398633
2025-05-12,1.667827131030966
2025-05-13,1.631991093568195
2025-05-14,1.5958729198515498
2025-05-15,1.5594726098810308
2025-05-16,1.5227901636566377
2025-05-19,1.4858255811783703
2025-05-20,1.4485788624462292
2025-05-21,1.4110500074602141
2025-05-22,1.3732390162203247
2025-05-23,1.3351458887265617
2025-05-26,1.2967706249789246
2025-05-27,1.2581132249774132
2025-05-28,1.219173688722028
2025-05-29,1.1799520162127688
2025-05-30,1.1404482074496354
2025-06-02,0.8072843937291239
2025-06-03,0.7692818610271668
2025-06-04,0.7349573094505935
2025-06-05,0.704310738999404
2025-06-06,0.6773421496735982
2025-06-09,0.6540515414731763
2025-06-10,0.6344389143981383
2025-06-11,0.618504268448484
2025-06-12,0.6062476036242136
2025-06-13,0.5976689199253269
2025-06-16,0.5927682173518241
2025-06-17,0.591545495903705
2025-06-18,0.5940007555809698
2025-06-19,0.6001339963836184
2025-06-20,0.6099452183116508
2025-06-23,0.623434421365067
2025-06-24,0.640601605543867
2025-06-25,0.6614467708480508
2025-06-26,0.6859699172776185
2025-06-27,0.71417104483257
2025-06-30,0.7460501535129052
2025-07-01,1.3653437591263125
2025-07-02,1.3942229751205815
2025-07-03,1.4195162381560715
2025-07-04,1.4412235482327826
2025-07-07,1.4593449053507148
2025-07-08,1.473880309509868
2025-07-09,1.4848297607102423
2025-07-10,1.4921932589518379
2025-07-11,1.4959708042346544
2025-07-14,1.496162396558692
2025-07-15,1.4927680359239508
2025-07-16,1.4857877223304305
2025-07-17,1.4752214557781314
2025-07-18,1.4610692362670534
2025-07-21,1.4433310637971966
2025-07-22,1.4220069383685607
2025-07-23,1.397096859981146
2025-07-24,1.3686008286349522
2025-07-25,1.3365188443299796
2025-07-28,1.3008509070662282
2025-07-29,1.2615970168436978
2025-07-30,1.2187571736623883
2025-07-31,1.1723313775223
2025-08-01,1.0053231573317893
2025-08-04,0.9478081722209104
2025-08-05,0.887552974821721
2025-08-06,0.8245575651342216
2025-08-07,0.7588219431584118
2025-08-08,0.6903461088942917
2025-08-11,0.6191300623418615
2025-08-12,0.545173803501121
2025-08-13,0.46847733237207023
2025-08-14,0.38904064895470925
2025-08-15,0.3068637532490379
2025-08-18,0.22194664525505634
2025-08-19,0.1342893249727647
2025-08-20,0.04389179240216254
2025-08-21,-0.04924595245674959
2025-08-22,-0.14512390960397223
2025-08-25,-0.24374207903950482
2025-08-26,-0.3451004607633481
2025-08-27,-0.44919905477550115
2025-08-28,-0.5560378610759649
2025-08-29,-0.6656168796647384
2025-09-01,-2.3363349576474683
2025-09-02,-2.42665432601059
2025-09-03,-2.5000792514450714
2025-09-04,-2.5566097339509115
2025-09-05,-2.5962457735281124
2025-09-08,-2.618987370176672
2025-09-09,-2.624834523896591
2025-09-10,-2.6137872346878703
2025-09-11,-2.5858455025505087
2025-09-12,-2.541009327484507
2025-09-15,-2.479278709489864
2025-09-16,-2.400653648566582
2025-09-17,-2.3051341447146583
2025-09-18,-2.1927201979340945
2025-09-19,-2.063411808224891
2025-09-22,-1.9172089755870458
2025-09-23,-1.7541117000205608
2025-09-24,-1.5741199815254356
2025-09-25,-1.3772338201016694
2025-09-26,-1.1634532157492632
2025-09-29,-0.9327781684682168
2025-09-30,-0.6852086782585292
2025-10-01,2.4198159271740476
2025-10-02,2.6558915735222905
2025-10-03,2.8750773649560273
2025-10-06,3.077373301475259
2025-10-07,3.2627793830799856
2025-10-08,3.4312956097702063
2025-10-09,3.5829219815459212
2025-10-10,3.7176584984071313
2025-10-13,3.8355051603538355
2025-10-14,3.936461967386034
2025-10-15,4.020528919503727
2025-10-16,4.087706016706916
2025-10-17,4.137993258995598
2025-10-20,4.171390646369774
2025-10-21,4.187898178829446
2025-10-22,4.1875158563746115
2025-10-23,4.170243679005272
2025-10-24,4.1360816467214265
2025-10-27,4.085029759523076
2025-10-28,4.01708801741022
2025-10-29,3.9322564203828585
2025-10-30,3.8305349684409915
2025-10-31,3.7119236615846187
2025-11-03,1.7027848071639315
2025-11-04,1.552630168466377
2025-11-05,1.408147227107777
2025-11-06,1.2693359830881326
2025-11-07,1.136196436407443
2025-11-10,1.0087285870657081
2025-11-11,0.8869324350629285
2025-11-12,0.770807980399104
2025-11-13,0.6603552230742346
2025-11-14,0.5555741630883201
2025-11-17,0.4564648004413606
2025-11-18,0.36302713513335627
2025-11-19,0.2752611671643068
2025-11-20,0.19316689653421243
2025-11-21,0.11674432324307327
2025-11-24,0.045993447290888945
2025-11-25,-0.01908573132234026
2025-11-26,-0.07849321259661446
2025-11-27,-0.13222899653193365
2025-11-28,-0.18029308312829784
2025-12-01,-0.30719120433110103
2025-12-02,-0.33877644326117917
2025-12-03,-0.36508397394097963
2025-12-04,-0.3861137963705026
2025-12-05,-0.40186591054974774
2025-12-08,-0.4123403164787154
2025-12-09,-0.4175370141574054
2025-12-10,-0.4174560035858178
2025-12-11,-0.4120972847639526
2025-12-12,-0.4014608576918097
2025-12-15,-0.38554672236938925
2025-12-16,-0.36435487879669115
2025-12-17,-0.3378853269737154
2025-12-18,-0.3061380669004621
2025-12-19,-0.2691130985769311
2025-12-22,-0.22681042200312257
2025-12-23,-0.1792300371790364
2025-12-24,-0.1263719441046725
2025-12-25,-0.0682361427800311
2025-12-26,-0.004822633205112115
2025-12-29,0.06386858462008455
2025-12-30,0.13783751069555902
2025-12-31,0.21708414502131088
2026-01-01,1.636112663332647
2026-01-02,1.6033425319093761
2026-01-05,1.5763408047513878
2026-01-06,1.5551074818586825
2026-01-07,1.5396425632312598
2026-01-08,1.5299460488691201
2026-01-09,1.526017938772263
2026-01-12,1.5278582329406887
2026-01-13,1.535466931374397
2026-01-14,1.5488440340733882
2026-01-15,1.5679895410376623
2026-01-16,1.592903452267219
2026-01-19,1.6235857677620587
2026-01-20,1.660036487522181
2026-01-21,1.702255611547586
2026-01-22,1.7502431398382738
2026-01-23,1.8039990723942443
2026-01-26,1.8635234092154978
2026-01-27,1.928816150302034
2026-01-28,1.9998772956538529
2026-01-29,2.0767068452709543
2026-01-30,2.159304799153339
2026-02-02,
2026-02-03,
2026-02-04,
2026-02-05,
2026-02-06,
2026-02-09,
2026-02-10,
2026-02-11,
2026-02-12,
2026-02-13,
2026-02-16,
2026-02-17,
2026-02-18,
2026-02-19,
2026-02-20,
2026-02-23,
2026-02-24,
2026-02-25,
2026-02-26,
2026-02-27,
2026-03-02,
2026-03-03,
2026-03-04,
2026-03-05,
2026-03-06,
2026-03-09,
2026-03-10,
2026-03-11,
2026-03-12,
2026-03-13,
2026-03-16,
2026-03-17,
2026-03-18,
2026-03-19,
2026-03-20,
2026-03-23,
2026-03-24,
2026-03-25,
2026-03-26,
2026-03-27,
2026-03-30,
2026-03-31,
2026-04-01,
2026-04-02,
2026-04-03,
2026-04-06,
2026-04-07,
2026-04-08,
2026-04-09,
2026-04-10,
2026-04-13,
2026-04-14,
2026-04-15,
2026-04-16,
2026-04-17,
2026-04-20,
2026-04-21,
2026-04-22,
2026-04-23,
2026-04-24,
2026-04-27,
2026-04-28,
2026-04-29,
2026-04-30,
2026-05-01,
2026-05-04,
2026-05-05,
2026-05-06,
2026-05-07,
2026-05-08,
2026-05-11,
2026-05-12,
2026-05-13,
2026-05-14,
2026-05-15,
2026-05-18,
2026-05-19,
2026-05-20,
2026-05-21,
2026-05-22,
2026-05-25,
2026-05-26,
2026-05-27,
2026-05-28,
2026-05-29,
2026-06-01,
2026-06-02,
2026-06-03,
2026-06-04,
2026-06-05,
2026-06-08,
2026-06-09,
2026-06-10,
2026-06-11,
2026-06-12,
2026-06-15,
2026-06-16,
2026-06-17,
2026-06-18,
2026-06-19,
2026-06-22,
2026-06-23,
2026-06-24,
2026-06-25,
2026-06-26,
2026-06-29,
2026-06-30,
