date,log_wui
1999-01-14,-2.065043572437227
1999-01-15,-2.064747288965051
1999-01-18,-2.064300628051086
1999-01-19,-2.063703589695332
1999-01-20,-2.062956173897789
1999-01-21,-2.0620583806584567
1999-01-22,-2.061010209977336
1999-01-25,-2.059811661854426
1999-01-26,-2.058462736289727
1999-01-27,-2.056963433283239
1999-01-28,-2.0553137528349628
1999-01-29,-2.053513694944897
1999-02-01,-2.051563259613042
1999-02-02,-2.0494624468393985
1999-02-03,-2.047211256623966
1999-02-04,-2.0448096889667444
1999-02-05,-2.042257743867734
1999-02-08,-2.0395554213269342
1999-02-09,-2.036702721344346
1999-02-10,-2.0336996439199684
1999-02-11,-2.030546189053802
1999-02-12,-2.027242356745847
1999-02-15,-2.0237881469961025
1999-02-16,-2.020183559804569
1999-02-17,-2.0164285951712473
1999-02-18,-2.012523253096136
1999-02-19,-2.008467533579236
1999-02-22,-2.004261436620547
1999-02-23,-1.9999049622200689
1999-02-24,-1.9953981103778018
1999-02-25,-1.990740881093746
1999-02-26,-1.985933274367901
1999-03-01,-1.9809752902002673
1999-03-02,-1.9758669285908443
1999-03-03,-1.9706081895396326
1999-03-04,-1.965199073046632
1999-03-05,-1.9596395791118422
1999-03-08,-1.9539297077352635
1999-03-09,-1.948069458916896
1999-03-10,-1.9420588326567394
1999-03-11,-1.935897828954794
1999-03-12,-1.9295864478110594
1999-03-15,-1.923124689225536
1999-03-16,-1.9165125531982237
1999-03-17,-1.9097500397291223
1999-03-18,-1.9028371488182318
1999-03-19,-1.8957738804655526
1999-03-22,-1.8885602346710844
1999-03-23,-1.8811962114348273
1999-03-24,-1.8736818107567812
1999-03-25,-1.8660170326369458
1999-03-26,-1.858201877075322
1999-03-29,-1.850236344071909
1999-03-30,-1.842120433626707
1999-03-31,-1.833854145739716
1999-04-01,-1.5952722347074813
1999-04-02,-1.5883706433126823
1999-04-05,-1.5816892542628214
1999-04-06,-1.5752280675578985
1999-04-07,-1.5689870831979136
1999-04-08,-1.5629663011828667
1999-04-09,-1.557165721512758
1999-04-12,-1.5515853441875869
1999-04-13,-1.5462251692073539
1999-04-14,-1.541085196572059
1999-04-15,-1.536165426281702
1999-04-16,-1.531465858336283
1999-04-19,-1.526986492735802
1999-04-20,-1.5227273294802588
1999-04-21,-1.5186883685696537
1999-04-22,-1.5148696100039867
1999-04-23,-1.5112710537832577
1999-04-26,-1.5078926999074667
1999-04-27,-1.5047345483766135
1999-04-28,-1.5017965991906983
1999-04-29,-1.4990788523497212
1999-04-30,-1.496581307853682
1999-05-03,-1.4943039657025807
1999-05-04,-1.4922468258964177
1999-05-05,-1.4904098884351924
1999-05-06,-1.4887931533189052
1999-05-07,-1.487396620547556
1999-05-10,-1.4862202901211445
1999-05-11,-1.4852641620396714
1999-05-12,-1.484528236303136
1999-05-13,-1.4840125129115387
1999-05-14,-1.4837169918648794
1999-05-17,-1.483641673163158
1999-05-18,-1.4837865568063748
1999-05-19,-1.4841516427945294
1999-05-20,-1.484736931127622
1999-05-21,-1.4855424218056525
1999-05-24,-1.4865681148286212
1999-05-25,-1.4878140101965278
1999-05-26,-1.4892801079093723
1999-05-27,-1.4909664079671547
1999-05-28,-1.4928729103698752
1999-05-31,-1.4949996151175338
1999-06-01,-1.4973465222101303
1999-06-02,-1.4999136316476647
1999-06-03,-1.5027009434301373
1999-06-04,-1.5057084575575477
1999-06-07,-1.508936174029896
1999-06-08,-1.5123840928471826
1999-06-09,-1.5160522140094068
1999-06-10,-1.5199405375165693
1999-06-11,-1.5240490633686696
1999-06-14,-1.528377791565708
1999-06-15,-1.5329267221076843
1999-06-16,-1.5376958549945985
1999-06-17,-1.542685190226451
1999-06-18,-1.547894727803241
1999-06-21,-1.5533244677249693
1999-06-22,-1.5589744099916356
1999-06-23,-1.56484455460324
1999-06-24,-1.5709349015597822
1999-06-25,-1.5772454508612623
1999-06-28,-1.5837762025076805
1999-06-29,-1.5905271564990366
1999-06-30,-1.5974983128353308
1999-07-01,-1.7815871877168545
1999-07-02,-1.7886393734967996
1999-07-05,-1.7956613463554765
1999-07-06,-1.8026531062928848
1999-07-07,-1.8096146533090247
1999-07-08,-1.8165459874038963
1999-07-09,-1.8234471085774997
1999-07-12,-1.8303180168298345
1999-07-13,-1.837158712160901
1999-07-14,-1.843969194570699
1999-07-15,-1.8507494640592288
1999-07-16,-1.8574995206264902
1999-07-19,-1.8642193642724831
1999-07-20,-1.8709089949972078
1999-07-21,-1.877568412800664
1999-07-22,-1.8841976176828519
1999-07-23,-1.8907966096437714
1999-07-26,-1.8973653886834225
1999-07-27,-1.9039039548018053
1999-07-28,-1.9104123079989197
1999-07-29,-1.9168904482747657
1999-07-30,-1.9233383756293434
1999-08-02,-1.9297560900626527
1999-08-03,-1.9361435915746936
1999-08-04,-1.9425008801654662
1999-08-05,-1.9488279558349704
1999-08-06,-1.955124818583206
1999-08-09,-1.9613914684101734
1999-08-10,-1.9676279053158725
1999-08-11,-1.9738341293003032
1999-08-12,-1.9800101403634656
1999-08-13,-1.9861559385053595
1999-08-16,-1.992271523725985
1999-08-17,-1.9983568960253422
1999-08-18,-2.004412055403431
1999-08-19,-2.0104370018602515
1999-08-20,-2.0164317353958037
1999-08-23,-2.0223962560100874
1999-08-24,-2.0283305637031024
1999-08-25,-2.0342346584748494
1999-08-26,-2.040108540325328
1999-08-27,-2.0459522092545384
1999-08-30,-2.0517656652624803
1999-08-31,-2.0575489083491534
1999-09-01,-2.0633019385145586
1999-09-02,-2.0690247557586954
1999-09-03,-2.074717360081564
1999-09-06,-2.080379751483164
1999-09-07,-2.086011929963495
1999-09-08,-2.0916138955225585
1999-09-09,-2.0971856481603535
1999-09-10,-2.10272718787688
1999-09-13,-2.108238514672138
1999-09-14,-2.1137196285461277
1999-09-15,-2.119170529498849
1999-09-16,-2.124591217530302
1999-09-17,-2.1299816926404866
1999-09-20,-2.135341954829403
1999-09-21,-2.140672004097051
1999-09-22,-2.1459718404434303
1999-09-23,-2.1512414638685415
1999-09-24,-2.1564808743723844
1999-09-27,-2.1616900719549585
1999-09-28,-2.1668690566162647
1999-09-29,-2.1720178283563025
1999-09-30,-2.1771363871750715
1999-10-01,
1999-10-04,
1999-10-05,
1999-10-06,
1999-10-07,
1999-10-08,
1999-10-11,
1999-10-12,
1999-10-13,
1999-10-14,
1999-10-15,
1999-10-18,
1999-10-19,
1999-10-20,
1999-10-21,
1999-10-22,
1999-10-25,
1999-10-26,
1999-10-27,
1999-10-28,
1999-10-29,
1999-11-01,
1999-11-02,
1999-11-03,
1999-11-04,
1999-11-05,
1999-11-08,
1999-11-09,
1999-11-10,
1999-11-11,
1999-11-12,
1999-11-15,
1999-11-16,
1999-11-17,
1999-11-18,
1999-11-19,
1999-11-22,
1999-11-23,
1999-11-24,
1999-11-25,
1999-11-26,
1999-11-29,
1999-11-30,
1999-12-01,
1999-12-02,
1999-12-03,
1999-12-06,
1999-12-07,
1999-12-08,
1999-12-09,
1999-12-10,
1999-12-13,
1999-12-14,
1999-12-15,
1999-12-16,
1999-12-17,
1999-12-20,
1999-12-21,
1999-12-22,
1999-12-23,
1999-12-24,
1999-12-27,
1999-12-28,
1999-12-29,
1999-12-30,
1999-12-31,
2000-01-03,-2.205229871628063
2000-01-04,-2.2103327276923186
2000-01-05,-2.215371811678751
2000-01-06,-2.2203471235873606
2000-01-07,-2.2252586634181477
2000-01-10,-2.2301064311711123
2000-01-11,-2.234890426846254
2000-01-12,-2.239610650443573
2000-01-13,-2.2442671019630698
2000-01-14,-2.2488597814047435
2000-01-17,-2.2533886887685948
2000-01-18,-2.257853824054623
2000-01-19,-2.262255187262829
2000-01-20,-2.266592778393212
2000-01-21,-2.2708665974457722
2000-01-24,-2.27507664442051
2000-01-25,-2.279222919317425
2000-01-26,-2.2833054221365177
2000-01-27,-2.2873241528777872
2000-01-28,-2.2912791115412343
2000-01-31,-2.2951702981268585
2000-02-01,-2.2989977126346606
2000-02-02,-2.3027613550646393
2000-02-03,-2.3064612254167955
2000-02-04,-2.3100973236911293
2000-02-07,-2.3136696498876406
2000-02-08,-2.317178204006329
2000-02-09,-2.3206229860471943
2000-02-10,-2.324003996010237
2000-02-11,-2.3273212338954576
2000-02-14,-2.3305746997028556
2000-02-15,-2.33376439343243
2000-02-16,-2.3368903150841827
2000-02-17,-2.3399524646581122
2000-02-18,-2.3429508421542193
2000-02-21,-2.3458854475725035
2000-02-22,-2.348756280912965
2000-02-23,-2.351563342175604
2000-02-24,-2.35430663136042
2000-02-25,-2.356986148467414
2000-02-28,-2.359601893496585
2000-02-29,-2.362153866447933
2000-03-01,-2.3646420673214585
2000-03-02,-2.3670664961171615
2000-03-03,-2.369427152835042
2000-03-06,-2.3717240374750994
2000-03-07,-2.373957150037334
2000-03-08,-2.3761264905217465
2000-03-09,-2.3782320589283357
2000-03-10,-2.3802738552571028
2000-03-13,-2.382251879508047
2000-03-14,-2.384166131681168
2000-03-15,-2.3860166117764674
2000-03-16,-2.3878033197939432
2000-03-17,-2.389526255733597
2000-03-20,-2.391185419595428
2000-03-21,-2.3927808113794358
2000-03-22,-2.394312431085621
2000-03-23,-2.395780278713984
2000-03-24,-2.397184354264524
2000-03-27,-2.3985246577372417
2000-03-28,-2.3998011891321362
2000-03-29,-2.4010139484492083
2000-03-30,-2.402162935688458
2000-03-31,-2.4032481508498846
2000-04-03,-2.469007243158857
2000-04-04,-2.469872957276534
2000-04-05,-2.4705829424282846
2000-04-06,-2.471137198614108
2000-04-07,-2.4715357258340043
2000-04-10,-2.471778524087974
2000-04-11,-2.471865593376017
2000-04-12,-2.4717969336981325
2000-04-13,-2.471572545054322
2000-04-14,-2.4711924274445836
2000-04-17,-2.4706565808689187
2000-04-18,-2.469965005327327
2000-04-19,-2.4691177008198086
2000-04-20,-2.468114667346363
2000-04-21,-2.4669559049069907
2000-04-24,-2.4656414135016913
2000-04-25,-2.4641711931304653
2000-04-26,-2.462545243793312
2000-04-27,-2.460763565490232
2000-04-28,-2.458826158221225
2000-05-01,-2.4567330219862917
2000-05-02,-2.454484156785431
2000-05-03,-2.4520795626186436
2000-05-04,-2.449519239485929
2000-05-05,-2.446803187387288
2000-05-08,-2.4439314063227195
2000-05-09,-2.4409038962922245
2000-05-10,-2.437720657295803
2000-05-11,-2.4343816893334536
2000-05-12,-2.430886992405178
2000-05-15,-2.427236566510975
2000-05-16,-2.4234304116508456
2000-05-17,-2.4194685278247894
2000-05-18,-2.415350915032806
2000-05-19,-2.4110775732748957
2000-05-22,-2.4066485025510587
2000-05-23,-2.402063702861295
2000-05-24,-2.397323174205604
2000-05-25,-2.392426916583986
2000-05-26,-2.3873749299964415
2000-05-29,-2.38216721444297
2000-05-30,-2.3768037699235713
2000-05-31,-2.371284596438246
2000-06-01,-2.365609693986994
2000-06-02,-2.3597790625698147
2000-06-05,-2.353792702186709
2000-06-06,-2.347650612837676
2000-06-07,-2.341352794522716
2000-06-08,-2.3348992472418297
2000-06-09,-2.3282899709950162
2000-06-12,-2.3215249657822756
2000-06-13,-2.3146042316036084
2000-06-14,-2.307527768459014
2000-06-15,-2.300295576348493
2000-06-16,-2.2929076552720447
2000-06-19,-2.28536400522967
2000-06-20,-2.2776646262213682
2000-06-21,-2.2698095182471394
2000-06-22,-2.261798681306984
2000-06-23,-2.2536321154009014
2000-06-26,-2.245309820528892
2000-06-27,-2.236831796690956
2000-06-28,-2.2281980438870925
2000-06-29,-2.219408562117303
2000-06-30,-2.210463351381586
2000-07-03,-2.0548125054121495
2000-07-04,-2.045764004225073
2000-07-05,-2.0367679415525632
2000-07-06,-2.0278243173946207
2000-07-07,-2.018933131751245
2000-07-10,-2.0100943846224375
2000-07-11,-2.001308076008196
2000-07-12,-1.9925742059085223
2000-07-13,-1.9838927743234156
2000-07-14,-1.975263781252876
2000-07-17,-1.9666872266969035
2000-07-18,-1.9581631106554982
2000-07-19,-1.94969143312866
2000-07-20,-1.9412721941163888
2000-07-21,-1.932905393618685
2000-07-24,-1.9245910316355481
2000-07-25,-1.9163291081669784
2000-07-26,-1.908119623212976
2000-07-27,-1.8999625767735406
2000-07-28,-1.8918579688486723
2000-07-31,-1.8838057994383712
2000-08-01,-1.8758060685426372
2000-08-02,-1.8678587761614704
2000-08-03,-1.8599639222948707
2000-08-04,-1.852121506942838
2000-08-07,-1.8443315301053727
2000-08-08,-1.8365939917824743
2000-08-09,-1.8289088919741432
2000-08-10,-1.8212762306803791
2000-08-11,-1.8136960079011821
2000-08-14,-1.8061682236365524
2000-08-15,-1.7986928778864897
2000-08-16,-1.7912699706509942
2000-08-17,-1.7838995019300659
2000-08-18,-1.7765814717237047
2000-08-21,-1.7693158800319106
2000-08-22,-1.7621027268546836
2000-08-23,-1.7549420121920238
2000-08-24,-1.7478337360439309
2000-08-25,-1.7407778984104054
2000-08-28,-1.733774499291447
2000-08-29,-1.7268235386870556
2000-08-30,-1.7199250165972315
2000-08-31,-1.7130789330219744
2000-09-01,-1.7062852879612846
2000-09-04,-1.699544081415162
2000-09-05,-1.6928553133836062
2000-09-06,-1.6862189838666177
2000-09-07,-1.6796350928641963
2000-09-08,-1.6731036403763422
2000-09-11,-1.666624626403055
2000-09-12,-1.660198050944335
2000-09-13,-1.6538239140001822
2000-09-14,-1.6475022155705965
2000-09-15,-1.641232955655578
2000-09-18,-1.6350161342551266
2000-09-19,-1.6288517513692422
2000-09-20,-1.622739806997925
2000-09-21,-1.616680301141175
2000-09-22,-1.6106732337989922
2000-09-25,-1.6047186049713764
2000-09-26,-1.598816414658328
2000-09-27,-1.5929666628598462
2000-09-28,-1.587169349575932
2000-09-29,-1.5814244748065847
2000-10-02,-1.6051439681087147
2000-10-03,-1.599462192059472
2000-10-04,-1.5937910762157668
2000-10-05,-1.588130620577599
2000-10-06,-1.5824808251449687
2000-10-09,-1.5768416899178757
2000-10-10,-1.5712132148963203
2000-10-11,-1.5655954000803023
2000-10-12,-1.5599882454698215
2000-10-13,-1.5543917510648784
2000-10-16,-1.5488059168654726
2000-10-17,-1.5432307428716043
2000-10-18,-1.5376662290832734
2000-10-19,-1.53211237550048
2000-10-20,-1.526569182123224
2000-10-23,-1.5210366489515053
2000-10-24,-1.5155147759853242
2000-10-25,-1.5100035632246804
2000-10-26,-1.504503010669574
2000-10-27,-1.4990131183200053
2000-10-30,-1.4935338861759737
2000-10-31,-1.4880653142374798
2000-11-01,-1.4826074025045233
2000-11-02,-1.4771601509771042
2000-11-03,-1.4717235596552223
2000-11-06,-1.466297628538878
2000-11-07,-1.4608823576280712
2000-11-08,-1.4554777469228017
2000-11-09,-1.45008379642307
2000-11-10,-1.4447005061288754
2000-11-13,-1.4393278760402182
2000-11-14,-1.4339659061570986
2000-11-15,-1.4286145964795163
2000-11-16,-1.4232739470074716
2000-11-17,-1.417943957740964
2000-11-20,-1.4126246286799942
2000-11-21,-1.4073159598245617
2000-11-22,-1.4020179511746664
2000-11-23,-1.3967306027303088
2000-11-24,-1.3914539144914886
2000-11-27,-1.3861878864582058
2000-11-28,-1.3809325186304604
2000-11-29,-1.3756878110082524
2000-11-30,-1.370453763591582
2000-12-01,-1.365230376380449
2000-12-04,-1.3600176493748533
2000-12-05,-1.3548155825747952
2000-12-06,-1.3496241759802745
2000-12-07,-1.344443429591291
2000-12-08,-1.3392733434078452
2000-12-11,-1.3341139174299366
2000-12-12,-1.3289651516575656
2000-12-13,-1.323827046090732
2000-12-14,-1.3186996007294358
2000-12-15,-1.313582815573677
2000-12-18,-1.3084766906234557
2000-12-19,-1.3033812258787718
2000-12-20,-1.2982964213396255
2000-12-21,-1.2932222770060164
2000-12-22,-1.288158792877945
2000-12-25,-1.2831059689554107
2000-12-26,-1.2780638052384141
2000-12-27,-1.2730323017269547
2000-12-28,-1.268011458421033
2000-12-29,-1.2630012753206485
2001-01-01,-1.1575483005825584
2001-01-02,-1.1527021274555262
2001-01-03,-1.1480093040963089
2001-01-04,-1.143469830504906
2001-01-05,-1.1390837066813182
2001-01-08,-1.134850932625545
2001-01-09,-1.1307715083375867
2001-01-10,-1.126845433817443
2001-01-11,-1.1230727090651142
2001-01-12,-1.1194533340806
2001-01-15,-1.1159873088639007
2001-01-16,-1.1126746334150162
2001-01-17,-1.1095153077339464
2001-01-18,-1.1065093318206913
2001-01-19,-1.103656705675251
2001-01-22,-1.1009574292976256
2001-01-23,-1.098411502687815
2001-01-24,-1.0960189258458188
2001-01-25,-1.0937796987716377
2001-01-26,-1.0916938214652714
2001-01-29,-1.0897612939267196
2001-01-30,-1.0879821161559828
2001-01-31,-1.0863562881530606
2001-02-01,-1.0848838099179532
2001-02-02,-1.0835646814506608
2001-02-05,-1.082398902751183
2001-02-06,-1.0813864738195198
2001-02-07,-1.0805273946556715
2001-02-08,-1.079821665259638
2001-02-09,-1.0792692856314192
2001-02-12,-1.0788702557710153
2001-02-13,-1.0786245756784258
2001-02-14,-1.0785322453536514
2001-02-15,-1.0785932647966918
2001-02-16,-1.0788076340075468
2001-02-19,-1.0791753529862167
2001-02-20,-1.0796964217327012
2001-02-21,-1.0803708402470005
2001-02-22,-1.0811986085291148
2001-02-23,-1.0821797265790436
2001-02-26,-1.0833141943967872
2001-02-27,-1.0846020119823456
2001-02-28,-1.0860431793357188
2001-03-01,-1.0876376964569068
2001-03-02,-1.0893855633459095
2001-03-05,-1.091286780002727
2001-03-06,-1.0933413464273594
2001-03-07,-1.0955492626198062
2001-03-08,-1.097910528580068
2001-03-09,-1.1004251443081448
2001-03-12,-1.103093109804036
2001-03-13,-1.1059144250677422
2001-03-14,-1.108889090099263
2001-03-15,-1.1120171048985985
2001-03-16,-1.115298469465749
2001-03-19,-1.1187331838007142
2001-03-20,-1.122321247903494
2001-03-21,-1.1260626617740888
2001-03-22,-1.1299574254124982
2001-03-23,-1.1340055388187225
2001-03-26,-1.1382070019927615
2001-03-27,-1.142561814934615
2001-03-28,-1.1470699776442836
2001-03-29,-1.151731490121767
2001-03-30,-1.156546352367065
2001-04-02,-1.394896450287462
2001-04-03,-1.3996865037077257
2001-04-04,-1.4042983985351407
2001-04-05,-1.4087321347697066
2001-04-06,-1.4129877124114234
2001-04-09,-1.4170651314602911
2001-04-10,-1.4209643919163102
2001-04-11,-1.42468549377948
2001-04-12,-1.4282284370498008
2001-04-13,-1.4315932217272729
2001-04-16,-1.4347798478118956
2001-04-17,-1.4377883153036697
2001-04-18,-1.4406186242025945
2001-04-19,-1.4432707745086706
2001-04-20,-1.4457447662218974
2001-04-23,-1.4480405993422754
2001-04-24,-1.4501582738698044
2001-04-25,-1.4520977898044845
2001-04-26,-1.4538591471463154
2001-04-27,-1.4554423458952974
2001-04-30,-1.4568473860514304
2001-05-01,-1.4580742676147145
2001-05-02,-1.4591229905851495
2001-05-03,-1.4599935549627354
2001-05-04,-1.4606859607474725
2001-05-07,-1.4612002079393607
2001-05-08,-1.4615362965383998
2001-05-09,-1.4616942265445898
2001-05-10,-1.461673997957931
2001-05-11,-1.461475610778423
2001-05-14,-1.461099065006066
2001-05-15,-1.4605443606408604
2001-05-16,-1.4598114976828054
2001-05-17,-1.4589004761319015
2001-05-18,-1.4578112959881486
2001-05-21,-1.4565439572515468
2001-05-22,-1.455098459922096
2001-05-23,-1.4534748039997962
2001-05-24,-1.4516729894846474
2001-05-25,-1.4496930163766497
2001-05-28,-1.447534884675803
2001-05-29,-1.445198594382107
2001-05-30,-1.4426841454955623
2001-05-31,-1.4399915380161685
2001-06-01,-1.4371207719439258
2001-06-04,-1.434071847278834
2001-06-05,-1.4308447640208934
2001-06-06,-1.4274395221701037
2001-06-07,-1.423856121726465
2001-06-08,-1.4200945626899772
2001-06-11,-1.4161548450606405
2001-06-12,-1.4120369688384549
2001-06-13,-1.4077409340234202
2001-06-14,-1.4032667406155366
2001-06-15,-1.398614388614804
2001-06-18,-1.3937838780212224
2001-06-19,-1.3887752088347918
2001-06-20,-1.383588381055512
2001-06-21,-1.3782233946833835
2001-06-22,-1.3726802497184059
2001-06-25,-1.3669589461605793
2001-06-26,-1.3610594840099037
2001-06-27,-1.3549818632663793
2001-06-28,-1.3487260839300057
2001-06-29,-1.342292146000783
2001-07-02,-1.0677787419483993
2001-07-03,-1.0613690284634936
2001-07-04,-1.0551616980157532
2001-07-05,-1.0491567506051787
2001-07-06,-1.04335418623177
2001-07-09,-1.0377540048955265
2001-07-10,-1.032356206596449
2001-07-11,-1.027160791334537
2001-07-12,-1.0221677591097909
2001-07-13,-1.0173771099222102
2001-07-16,-1.0127888437717953
2001-07-17,-1.008402960658546
2001-07-18,-1.0042194605824624
2001-07-19,-1.0002383435435445
2001-07-20,-0.9964596095417921
2001-07-23,-0.9928832585772054
2001-07-24,-0.9895092906497844
2001-07-25,-0.9863377057595291
2001-07-26,-0.9833685039064393
2001-07-27,-0.9806016850905153
2001-07-30,-0.9780372493117571
2001-07-31,-0.9756751965701642
2001-08-01,-0.9735155268657372
2001-08-02,-0.9715582401984757
2001-08-03,-0.96980333656838
2001-08-06,-0.9682508159754499
2001-08-07,-0.9669006784196856
2001-08-08,-0.9657529239010867
2001-08-09,-0.9648075524196538
2001-08-10,-0.9640645639753862
2001-08-13,-0.9635239585682844
2001-08-14,-0.9631857361983484
2001-08-15,-0.9630498968655778
2001-08-16,-0.963116440569973
2001-08-17,-0.9633853673115339
2001-08-20,-0.9638566770902603
2001-08-21,-0.9645303699061525
2001-08-22,-0.9654064457592104
2001-08-23,-0.9664849046494339
2001-08-24,-0.967765746576823
2001-08-27,-0.9692489715413777
2001-08-28,-0.9709345795430981
2001-08-29,-0.9728225705819844
2001-08-30,-0.974912944658036
2001-08-31,-0.9772057017712534
2001-09-03,-0.9797008419216366
2001-09-04,-0.9823983651091852
2001-09-05,-0.9852982713338998
2001-09-06,-0.9884005605957797
2001-09-07,-0.9917052328948255
2001-09-10,-0.9952122882310368
2001-09-11,-0.9989217266044139
2001-09-12,-1.0028335480149566
2001-09-13,-1.0069477524626649
2001-09-14,-1.011264339947539
2001-09-17,-1.0157833104695786
2001-09-18,-1.0205046640287838
2001-09-19,-1.0254284006251548
2001-09-20,-1.0305545202586914
2001-09-21,-1.0358830229293938
2001-09-24,-1.0414139086372618
2001-09-25,-1.0471471773822953
2001-09-26,-1.0530828291644947
2001-09-27,-1.0592208639838596
2001-09-28,-1.0655612818403901
2001-10-01,-1.1693975178606035
2001-10-02,-1.1759033686308902
2001-10-03,-1.1824714026246412
2001-10-04,-1.189101619841857
2001-10-05,-1.195794020282537
2001-10-08,-1.2025486039466817
2001-10-09,-1.2093653708342909
2001-10-10,-1.2162443209453646
2001-10-11,-1.223185454279903
2001-10-12,-1.2301887708379058
2001-10-15,-1.237254270619373
2001-10-16,-1.2443819536243048
2001-10-17,-1.2515718198527013
2001-10-18,-1.2588238693045621
2001-10-19,-1.2661381019798876
2001-10-22,-1.2735145178786775
2001-10-23,-1.280953117000932
2001-10-24,-1.288453899346651
2001-10-25,-1.2960168649158346
2001-10-26,-1.3036420137084828
2001-10-29,-1.3113293457245954
2001-10-30,-1.3190788609641724
2001-10-31,-1.326890559427214
2001-11-01,-1.3347644411137203
2001-11-02,-1.342700506023691
2001-11-05,-1.3506987541571263
2001-11-06,-1.358759185514026
2001-11-07,-1.3668818000943903
2001-11-08,-1.375066597898219
2001-11-09,-1.3833135789255124
2001-11-12,-1.3916227431762702
2001-11-13,-1.3999940906504926
2001-11-14,-1.4084276213481797
2001-11-15,-1.4169233352693311
2001-11-16,-1.425481232413947
2001-11-19,-1.4341013127820277
2001-11-20,-1.4427835763735726
2001-11-21,-1.4515280231885823
2001-11-22,-1.4603346532270562
2001-11-23,-1.469203466488995
2001-11-26,-1.478134462974398
2001-11-27,-1.4871276426832658
2001-11-28,-1.496183005615598
2001-11-29,-1.5053005517713947
2001-11-30,-1.514480281150656
2001-12-03,-1.5237221937533818
2001-12-04,-1.533026289579572
2001-12-05,-1.5423925686292268
2001-12-06,-1.5518210309023461
2001-12-07,-1.56131167639893
2001-12-10,-1.5708645051189785
2001-12-11,-1.5804795170624915
2001-12-12,-1.5901567122294689
2001-12-13,-1.599896090619911
2001-12-14,-1.6096976522338176
2001-12-17,-1.6195613970711886
2001-12-18,-1.629487325132024
2001-12-19,-1.6394754364163242
2001-12-20,-1.649525730924089
2001-12-21,-1.659638208655318
2001-12-24,-1.6698128696100116
2001-12-25,-1.6800497137881698
2001-12-26,-1.6903487411897928
2001-12-27,-1.70070995181488
2001-12-28,-1.711133345663432
2001-12-31,-1.7216189227354481
2002-01-01,-2.067462084730846
2002-01-02,-2.07791456006438
2002-01-03,-2.0879421329267336
2002-01-04,-2.097544803317907
2002-01-07,-2.1067225712379
2002-01-08,-2.1154754366867126
2002-01-09,-2.123803399664345
2002-01-10,-2.1317064601707965
2002-01-11,-2.139184618206068
2002-01-14,-2.146237873770159
2002-01-15,-2.1528662268630696
2002-01-16,-2.1590696774847995
2002-01-17,-2.164848225635349
2002-01-18,-2.1702018713147186
2002-01-21,-2.1751306145229075
2002-01-22,-2.179634455259916
2002-01-23,-2.183713393525744
2002-01-24,-2.1873674293203917
2002-01-25,-2.190596562643859
2002-01-28,-2.1934007934961457
2002-01-29,-2.195780121877252
2002-01-30,-2.197734547787178
2002-01-31,-2.1992640712259237
2002-02-01,-2.200368692193489
2002-02-04,-2.2010484106898733
2002-02-05,-2.201303226715078
2002-02-06,-2.2011331402691017
2002-02-07,-2.2005381513519455
2002-02-08,-2.1995182599636083
2002-02-11,-2.1980734661040913
2002-02-12,-2.1962037697733936
2002-02-13,-2.1939091709715153
2002-02-14,-2.1911896696984567
2002-02-15,-2.188045265954218
2002-02-18,-2.1844759597387986
2002-02-19,-2.180481751052199
2002-02-20,-2.1760626398944187
2002-02-21,-2.1712186262654583
2002-02-22,-2.165949710165317
2002-02-25,-2.160255891593996
2002-02-26,-2.154137170551494
2002-02-27,-2.1475935470378116
2002-02-28,-2.140625021052949
2002-03-01,-2.133231592596906
2002-03-04,-2.1254132616696824
2002-03-05,-2.1171700282712784
2002-03-06,-2.1085018924016943
2002-03-07,-2.0994088540609295
2002-03-08,-2.0898909132489845
2002-03-11,-2.079948069965859
2002-03-12,-2.069580324211553
2002-03-13,-2.058787675986067
2002-03-14,-2.0475701252893996
2002-03-15,-2.0359276721215527
2002-03-18,-2.0238603164825255
2002-03-19,-2.0113680583723172
2002-03-20,-1.9984508977909288
2002-03-21,-1.98510883473836
2002-03-22,-1.9713418692146107
2002-03-25,-1.9571500012196812
2002-03-26,-1.942533230753571
2002-03-27,-1.9274915578162806
2002-03-28,-1.91202498240781
2002-03-29,-1.8961335045281587
2002-04-01,
2002-04-02,
2002-04-03,
2002-04-04,
2002-04-05,
2002-04-08,
2002-04-09,
2002-04-10,
2002-04-11,
2002-04-12,
2002-04-15,
2002-04-16,
2002-04-17,
2002-04-18,
2002-04-19,
2002-04-22,
2002-04-23,
2002-04-24,
2002-04-25,
2002-04-26,
2002-04-29,
2002-04-30,
2002-05-01,
2002-05-02,
2002-05-03,
2002-05-06,
2002-05-07,
2002-05-08,
2002-05-09,
2002-05-10,
2002-05-13,
2002-05-14,
2002-05-15,
2002-05-16,
2002-05-17,
2002-05-20,
2002-05-21,
2002-05-22,
2002-05-23,
2002-05-24,
2002-05-27,
2002-05-28,
2002-05-29,
2002-05-30,
2002-05-31,
2002-06-03,
2002-06-04,
2002-06-05,
2002-06-06,
2002-06-07,
2002-06-10,
2002-06-11,
2002-06-12,
2002-06-13,
2002-06-14,
2002-06-17,
2002-06-18,
2002-06-19,
2002-06-20,
2002-06-21,
2002-06-24,
2002-06-25,
2002-06-26,
2002-06-27,
2002-06-28,
2002-07-01,
2002-07-02,
2002-07-03,
2002-07-04,
2002-07-05,
2002-07-08,
2002-07-09,
2002-07-10,
2002-07-11,
2002-07-12,
2002-07-15,
2002-07-16,
2002-07-17,
2002-07-18,
2002-07-19,
2002-07-22,
2002-07-23,
2002-07-24,
2002-07-25,
2002-07-26,
2002-07-29,
2002-07-30,
2002-07-31,
2002-08-01,
2002-08-02,
2002-08-05,
2002-08-06,
2002-08-07,
2002-08-08,
2002-08-09,
2002-08-12,
2002-08-13,
2002-08-14,
2002-08-15,
2002-08-16,
2002-08-19,
2002-08-20,
2002-08-21,
2002-08-22,
2002-08-23,
2002-08-26,
2002-08-27,
2002-08-28,
2002-08-29,
2002-08-30,
2002-09-02,
2002-09-03,
2002-09-04,
2002-09-05,
2002-09-06,
2002-09-09,
2002-09-10,
2002-09-11,
2002-09-12,
2002-09-13,
2002-09-16,
2002-09-17,
2002-09-18,
2002-09-19,
2002-09-20,
2002-09-23,
2002-09-24,
2002-09-25,
2002-09-26,
2002-09-27,
2002-09-30,
2002-10-01,-1.3047208452934242
2002-10-02,-1.2892920316777627
2002-10-03,-1.2742563490290642
2002-10-04,-1.2596137973473287
2002-10-07,-1.2453643766325564
2002-10-08,-1.2315080868847472
2002-10-09,-1.2180449281039012
2002-10-10,-1.204974900290018
2002-10-11,-1.192298003443098
2002-10-14,-1.1800142375631413
2002-10-15,-1.1681236026501476
2002-10-16,-1.1566260987041168
2002-10-17,-1.1455217257250492
2002-10-18,-1.1348104837129447
2002-10-21,-1.1244923726678033
2002-10-22,-1.114567392589625
2002-10-23,-1.1050355434784096
2002-10-24,-1.0958968253341574
2002-10-25,-1.0871512381568684
2002-10-28,-1.0787987819465426
2002-10-29,-1.0708394567031796
2002-10-30,-1.0632732624267798
2002-10-31,-1.056100199117343
2002-11-01,-1.0493202667748696
2002-11-04,-1.042933465399359
2002-11-05,-1.0369397949908115
2002-11-06,-1.0313392555492271
2002-11-07,-1.026131847074606
2002-11-08,-1.0213175695669476
2002-11-11,-1.0168964230262527
2002-11-12,-1.0128684074525207
2002-11-13,-1.0092335228457519
2002-11-14,-1.005991769205946
2002-11-15,-1.0031431465331033
2002-11-18,-1.0006876548272237
2002-11-19,-0.9986252940883071
2002-11-20,-0.9969560643163535
2002-11-21,-0.9956799655113633
2002-11-22,-0.994796997673336
2002-11-25,-0.9943071608022718
2002-11-26,-0.9942104548981707
2002-11-27,-0.9945068799610326
2002-11-28,-0.9951964359908576
2002-11-29,-0.9962791229876458
2002-12-02,-0.997754940951397
2002-12-03,-0.9996238898821115
2002-12-04,-1.0018859697797888
2002-12-05,-1.0045411806444293
2002-12-06,-1.007589522476033
2002-12-09,-1.0110309952745997
2002-12-10,-1.0148655990401294
2002-12-11,-1.0190933337726225
2002-12-12,-1.0237141994720782
2002-12-13,-1.0287281961384973
2002-12-16,-1.0341353237718796
2002-12-17,-1.0399355823722247
2002-12-18,-1.046128971939533
2002-12-19,-1.0527154924738045
2002-12-20,-1.059695143975039
2002-12-23,-1.0670679264432366
2002-12-24,-1.0748338398783972
2002-12-25,-1.082992884280521
2002-12-26,-1.091545059649608
2002-12-27,-1.1004903659856577
2002-12-30,-1.109828803288671
2002-12-31,-1.1195603715586468
2003-01-01,-1.7038574201799037
2003-01-02,-1.7138755615562444
2003-01-03,-1.7234707482208322
2003-01-06,-1.732642980173667
2003-01-07,-1.741392257414749
2003-01-08,-1.749718579944078
2003-01-09,-1.757621947761654
2003-01-10,-1.7651023608674772
2003-01-13,-1.7721598192615473
2003-01-14,-1.7787943229438645
2003-01-15,-1.785005871914429
2003-01-16,-1.7907944661732405
2003-01-17,-1.7961601057202992
2003-01-20,-1.8011027905556047
2003-01-21,-1.8056225206791574
2003-01-22,-1.8097192960909574
2003-01-23,-1.8133931167910042
2003-01-24,-1.8166439827792982
2003-01-27,-1.8194718940558392
2003-01-28,-1.8218768506206275
2003-01-29,-1.8238588524736628
2003-01-30,-1.825417899614945
2003-01-31,-1.8265539920444744
2003-02-03,-1.827267129762251
2003-02-04,-1.8275573127682745
2003-02-05,-1.8274245410625451
2003-02-06,-1.826868814645063
2003-02-07,-1.8258901335158277
2003-02-10,-1.8244884976748397
2003-02-11,-1.8226639071220987
2003-02-12,-1.8204163618576048
2003-02-13,-1.817745861881358
2003-02-14,-1.8146524071933583
2003-02-17,-1.8111359977936057
2003-02-18,-1.8071966336821
2003-02-19,-1.8028343148588415
2003-02-20,-1.7980490413238301
2003-02-21,-1.7928408130770659
2003-02-24,-1.7872096301185485
2003-02-25,-1.7811554924482784
2003-02-26,-1.7746784000662554
2003-02-27,-1.7677783529724793
2003-02-28,-1.7604553511669505
2003-03-03,-1.7527093946496686
2003-03-04,-1.744540483420634
2003-03-05,-1.7359486174798462
2003-03-06,-1.7269337968273057
2003-03-07,-1.7174960214630122
2003-03-10,-1.707635291386966
2003-03-11,-1.6973516065991665
2003-03-12,-1.6866449670996144
2003-03-13,-1.6755153728883092
2003-03-14,-1.663962823965251
2003-03-17,-1.65198732033044
2003-03-18,-1.6395888619838763
2003-03-19,-1.6267674489255595
2003-03-20,-1.6135230811554897
2003-03-21,-1.599855758673667
2003-03-24,-1.5857654814800917
2003-03-25,-1.571252249574763
2003-03-26,-1.5563160629576818
2003-03-27,-1.5409569216288475
2003-03-28,-1.5251748255882602
2003-03-31,-1.50896977483592
2003-04-01,-0.9297623463219135
2003-04-02,-0.9137794187412898
2003-04-03,-0.8981857535754572
2003-04-04,-0.8829813508244155
2003-04-07,-0.868166210488165
2003-04-08,-0.8537403325667055
2003-04-09,-0.839703717060037
2003-04-10,-0.8260563639681595
2003-04-11,-0.8127982732910731
2003-04-14,-0.7999294450287777
2003-04-15,-0.7874498791812734
2003-04-16,-0.7753595757485601
2003-04-17,-0.7636585347306377
2003-04-18,-0.7523467561275065
2003-04-21,-0.7414242399391663
2003-04-22,-0.7308909861656171
2003-04-23,-0.720746994806859
2003-04-24,-0.7109922658628919
2003-04-25,-0.7016267993337157
2003-04-28,-0.6926505952193307
2003-04-29,-0.6840636535197366
2003-04-30,-0.6758659742349337
2003-05-01,-0.6680575573649218
2003-05-02,-0.6606384029097009
2003-05-05,-0.653608510869271
2003-05-06,-0.6469678812436321
2003-05-07,-0.6407165140327843
2003-05-08,-0.6348544092367275
2003-05-09,-0.6293815668554618
2003-05-12,-0.6242979868889871
2003-05-13,-0.6196036693373034
2003-05-14,-0.6152986142004108
2003-05-15,-0.6113828214783091
2003-05-16,-0.6078562911709986
2003-05-19,-0.604719023278479
2003-05-20,-0.6019710178007505
2003-05-21,-0.599612274737813
2003-05-22,-0.5976427940896666
2003-05-23,-0.5960625758563112
2003-05-26,-0.5948716200377469
2003-05-27,-0.5940699266339735
2003-05-28,-0.5936574956449912
2003-05-29,-0.5936343270707999
2003-05-30,-0.5940004209113996
2003-06-02,-0.5947557771667904
2003-06-03,-0.5959003958369723
2003-06-04,-0.5974342769219452
2003-06-05,-0.599357420421709
2003-06-06,-0.601669826336264
2003-06-09,-0.6043714946656099
2003-06-10,-0.6074624254097469
2003-06-11,-0.6109426185686749
2003-06-12,-0.614812074142394
2003-06-13,-0.6190707921309041
2003-06-16,-0.6237187725342053
2003-06-17,-0.6287560153522974
2003-06-18,-0.6341825205851807
2003-06-19,-0.6399982882328549
2003-06-20,-0.6462033182953202
2003-06-23,-0.6527976107725764
2003-06-24,-0.6597811656646237
2003-06-25,-0.6671539829714621
2003-06-26,-0.6749160626930916
2003-06-27,-0.683067404829512
2003-06-30,-0.6916080093807234
2003-07-01,-0.7873697301928652
2003-07-02,-0.7964221256307884
2003-07-03,-0.8057323505552689
2003-07-04,-0.8153004049663066
2003-07-07,-0.8251262888639015
2003-07-08,-0.8352100022480536
2003-07-09,-0.8455515451187628
2003-07-10,-0.8561509174760293
2003-07-11,-0.867008119319853
2003-07-14,-0.8781231506502338
2003-07-15,-0.8894960114671718
2003-07-16,-0.9011267017706672
2003-07-17,-0.9130152215607196
2003-07-18,-0.9251615708373293
2003-07-21,-0.9375657496004961
2003-07-22,-0.9502277578502201
2003-07-23,-0.9631475955865012
2003-07-24,-0.9763252628093397
2003-07-25,-0.9897607595187352
2003-07-28,-1.003454085714688
2003-07-29,-1.0174052413971981
2003-07-30,-1.0316142265662651
2003-07-31,-1.0460810412218895
2003-08-01,-1.0608056853640713
2003-08-04,-1.07578815899281
2003-08-05,-1.091028462108106
2003-08-06,-1.1065265947099592
2003-08-07,-1.1222825567983694
2003-08-08,-1.138296348373337
2003-08-11,-1.1545679694348616
2003-08-12,-1.1710974199829436
2003-08-13,-1.1878847000175827
2003-08-14,-1.204929809538779
2003-08-15,-1.2222327485465327
2003-08-18,-1.2397935170408434
2003-08-19,-1.2576121150217112
2003-08-20,-1.2756885424891364
2003-08-21,-1.2940227994431188
2003-08-22,-1.3126148858836582
2003-08-25,-1.3314648018107549
2003-08-26,-1.3505725472244088
2003-08-27,-1.3699381221246199
2003-08-28,-1.389561526511388
2003-08-29,-1.4094427603847135
2003-09-01,-1.4295818237445963
2003-09-02,-1.449978716591036
2003-09-03,-1.4706334389240332
2003-09-04,-1.4915459907435875
2003-09-05,-1.5127163720496988
2003-09-08,-1.5341445828423674
2003-09-09,-1.5558306231215933
2003-09-10,-1.5777744928873763
2003-09-11,-1.5999761921397164
2003-09-12,-1.622435720878614
2003-09-15,-1.6451530791040687
2003-09-16,-1.6681282668160804
2003-09-17,-1.6913612840146492
2003-09-18,-1.7148521306997755
2003-09-19,-1.738600806871459
2003-09-22,-1.7626073125296995
2003-09-23,-1.7868716476744972
2003-09-24,-1.8113938123058522
2003-09-25,-1.8361738064237645
2003-09-26,-1.8612116300282338
2003-09-29,-1.8865072831192604
2003-09-30,-1.912060765696844
2003-10-01,-2.5917778822159314
2003-10-02,-2.6169461202472886
2003-10-03,-2.641471284245862
2003-10-06,-2.665353374211652
2003-10-07,-2.6885923901446582
2003-10-08,-2.7111883320448804
2003-10-09,-2.733141199912319
2003-10-10,-2.754450993746974
2003-10-13,-2.775117713548845
2003-10-14,-2.7951413593179324
2003-10-15,-2.8145219310542364
2003-10-16,-2.8332594287577564
2003-10-17,-2.8513538524284927
2003-10-20,-2.8688052020664454
2003-10-21,-2.885613477671614
2003-10-22,-2.9017786792439995
2003-10-23,-2.917300806783601
2003-10-24,-2.9321798602904185
2003-10-27,-2.9464158397644526
2003-10-28,-2.9600087452057027
2003-10-29,-2.9729585766141695
2003-10-30,-2.9852653339898523
2003-10-31,-2.9969290173327514
2003-11-03,-3.007949626642867
2003-11-04,-3.0183271619201983
2003-11-05,-3.0280616231647466
2003-11-06,-3.0371530103765108
2003-11-07,-3.0456013235554913
2003-11-10,-3.053406562701688
2003-11-11,-3.060568727815101
2003-11-12,-3.0670878188957307
2003-11-13,-3.0729638359435762
2003-11-14,-3.078196778958638
2003-11-17,-3.0827866479409165
2003-11-18,-3.0867334428904107
2003-11-19,-3.090037163807122
2003-11-20,-3.0926978106910488
2003-11-21,-3.094715383542192
2003-11-24,-3.096089882360552
2003-11-25,-3.096821307146128
2003-11-26,-3.09690965789892
2003-11-27,-3.0963549346189283
2003-11-28,-3.095157137306153
2003-12-01,-3.093316265960594
2003-12-02,-3.0908323205822517
2003-12-03,-3.087705301171125
2003-12-04,-3.083935207727215
2003-12-05,-3.079522040250521
2003-12-08,-3.0744657987410435
2003-12-09,-3.0687664831987824
2003-12-10,-3.0624240936237372
2003-12-11,-3.055438630015909
2003-12-12,-3.0478100923752964
2003-12-15,-3.0395384807019
2003-12-16,-3.03062379499572
2003-12-17,-3.0210660352567564
2003-12-18,-3.0108652014850095
2003-12-19,-3.0000212936804784
2003-12-22,-2.9885343118431638
2003-12-23,-2.976404255973065
2003-12-24,-2.963631126070183
2003-12-25,-2.950214922134517
2003-12-26,-2.9361556441660674
2003-12-29,-2.921453292164834
2003-12-30,-2.906107866130817
2003-12-31,-2.8901193660640163
2004-01-01,-2.185278461472799
2004-01-02,-2.1687053874946542
2004-01-05,-2.152446684008712
2004-01-06,-2.1365023510149737
2004-01-07,-2.120872388513437
2004-01-08,-2.1055567965041035
2004-01-09,-2.090555574986973
2004-01-12,-2.075868723962045
2004-01-13,-2.0614962434293194
2004-01-14,-2.0474381333887965
2004-01-15,-2.0336943938404772
2004-01-16,-2.0202650247843597
2004-01-19,-2.0071500262204456
2004-01-20,-1.994349398148734
2004-01-21,-1.981863140569225
2004-01-22,-1.9696912534819189
2004-01-23,-1.9578337368868157
2004-01-26,-1.9462905907839148
2004-01-27,-1.935061815173217
2004-01-28,-1.924147410054722
2004-01-29,-1.9135473754284296
2004-01-30,-1.9032617112943402
2004-02-02,-1.8932904176524532
2004-02-03,-1.883633494502769
2004-02-04,-1.8742909418452878
2004-02-05,-1.865262759680009
2004-02-06,-1.8565489480069333
2004-02-09,-1.8481495068260603
2004-02-10,-1.84006443613739
2004-02-11,-1.8322937359409224
2004-02-12,-1.8248374062366575
2004-02-13,-1.8176954470245954
2004-02-16,-1.810867858304736
2004-02-17,-1.8043546400770794
2004-02-18,-1.7981557923416256
2004-02-19,-1.7922713150983745
2004-02-20,-1.786701208347326
2004-02-23,-1.7814454720884805
2004-02-24,-1.7765041063218376
2004-02-25,-1.7718771110473974
2004-02-26,-1.76756448626516
2004-02-27,-1.7635662319751255
2004-03-01,-1.7598823481772936
2004-03-02,-1.7565128348716645
2004-03-03,-1.753457692058238
2004-03-04,-1.7507169197370145
2004-03-05,-1.7482905179079935
2004-03-08,-1.7461784865711756
2004-03-09,-1.74438082572656
2004-03-10,-1.7428975353741476
2004-03-11,-1.7417286155139375
2004-03-12,-1.7408740661459305
2004-03-15,-1.7403338872701262
2004-03-16,-1.7401080788865244
2004-03-17,-1.7401966409951257
2004-03-18,-1.7405995735959294
2004-03-19,-1.7413168766889362
2004-03-22,-1.7423485502741454
2004-03-23,-1.7436945943515576
2004-03-24,-1.7453550089211725
2004-03-25,-1.7473297939829902
2004-03-26,-1.7496189495370105
2004-03-29,-1.7522224755832336
2004-03-30,-1.7551403721216594
2004-03-31,-1.758372639152288
2004-04-01,
2004-04-02,
2004-04-05,
2004-04-06,
2004-04-07,
2004-04-08,
2004-04-09,
2004-04-12,
2004-04-13,
2004-04-14,
2004-04-15,
2004-04-16,
2004-04-19,
2004-04-20,
2004-04-21,
2004-04-22,
2004-04-23,
2004-04-26,
2004-04-27,
2004-04-28,
2004-04-29,
2004-04-30,
2004-05-03,
2004-05-04,
2004-05-05,
2004-05-06,
2004-05-07,
2004-05-10,
2004-05-11,
2004-05-12,
2004-05-13,
2004-05-14,
2004-05-17,
2004-05-18,
2004-05-19,
2004-05-20,
2004-05-21,
2004-05-24,
2004-05-25,
2004-05-26,
2004-05-27,
2004-05-28,
2004-05-31,
2004-06-01,
2004-06-02,
2004-06-03,
2004-06-04,
2004-06-07,
2004-06-08,
2004-06-09,
2004-06-10,
2004-06-11,
2004-06-14,
2004-06-15,
2004-06-16,
2004-06-17,
2004-06-18,
2004-06-21,
2004-06-22,
2004-06-23,
2004-06-24,
2004-06-25,
2004-06-28,
2004-06-29,
2004-06-30,
2004-07-01,-1.9221419196502092
2004-07-02,-1.925718954314451
2004-07-05,-1.9293801230522676
2004-07-06,-1.9331254258636585
2004-07-07,-1.9369548627486242
2004-07-08,-1.9408684337071644
2004-07-09,-1.9448661387392794
2004-07-12,-1.9489479778449688
2004-07-13,-1.9531139510242328
2004-07-14,-1.9573640582770715
2004-07-15,-1.9616982996034846
2004-07-16,-1.9661166750034726
2004-07-19,-1.970619184477035
2004-07-20,-1.975205828024172
2004-07-21,-1.9798766056448838
2004-07-22,-1.98463151733917
2004-07-23,-1.9894705631070306
2004-07-26,-1.9943937429484664
2004-07-27,-1.9994010568634764
2004-07-28,-2.004492504852061
2004-07-29,-2.0096680869142203
2004-07-30,-2.014927803049954
2004-08-02,-2.0202716532592624
2004-08-03,-2.025699637542145
2004-08-04,-2.031211755898603
2004-08-05,-2.0368080083286353
2004-08-06,-2.042488394832242
2004-08-09,-2.0482529154094236
2004-08-10,-2.0541015700601797
2004-08-11,-2.06003435878451
2004-08-12,-2.0660512815824155
2004-08-13,-2.072152338453895
2004-08-16,-2.0783375293989494
2004-08-17,-2.084606854417579
2004-08-18,-2.090960313509782
2004-08-19,-2.0973979066755604
2004-08-20,-2.1039196339149133
2004-08-23,-2.110525495227841
2004-08-24,-2.1172154906143428
2004-08-25,-2.1239896200744193
2004-08-26,-2.1308478836080704
2004-08-27,-2.1377902812152962
2004-08-30,-2.1448168128960967
2004-08-31,-2.151927478650472
2004-09-01,-2.1591222784784216
2004-09-02,-2.1664012123799457
2004-09-03,-2.1737642803550443
2004-09-06,-2.181211482403718
2004-09-07,-2.188742818525966
2004-09-08,-2.1963582887217887
2004-09-09,-2.2040578929911856
2004-09-10,-2.2118416313341576
2004-09-13,-2.2197095037507037
2004-09-14,-2.227661510240825
2004-09-15,-2.2356976508045205
2004-09-16,-2.2438179254417907
2004-09-17,-2.2520223341526355
2004-09-20,-2.260310876937055
2004-09-21,-2.268683553795049
2004-09-22,-2.2771403647266175
2004-09-23,-2.2856813097317605
2004-09-24,-2.2943063888104787
2004-09-27,-2.303015601962771
2004-09-28,-2.311808949188638
2004-09-29,-2.3206864304880797
2004-09-30,-2.329648045861096
2004-10-01,-2.593979170287818
2004-10-04,-2.6027573403177695
2004-10-05,-2.6112679309310822
2004-10-06,-2.619510942127756
2004-10-07,-2.62748637390779
2004-10-08,-2.635194226271185
2004-10-11,-2.642634499217941
2004-10-12,-2.649807192748058
2004-10-13,-2.656712306861536
2004-10-14,-2.6633498415583743
2004-10-15,-2.669719796838574
2004-10-18,-2.675822172702134
2004-10-19,-2.6816569691490555
2004-10-20,-2.687224186179338
2004-10-21,-2.6925238237929805
2004-10-22,-2.6975558819899845
2004-10-25,-2.702320360770349
2004-10-26,-2.7068172601340748
2004-10-27,-2.711046580081161
2004-10-28,-2.7150083206116085
2004-10-29,-2.718702481725417
2004-11-01,-2.7221290634225856
2004-11-02,-2.7252880657031158
2004-11-03,-2.7281794885670068
2004-11-04,-2.730803332014258
2004-11-05,-2.733159596044871
2004-11-08,-2.735248280658844
2004-11-09,-2.7370693858561785
2004-11-10,-2.738622911636874
2004-11-11,-2.7399088580009296
2004-11-12,-2.7409272249483467
2004-11-15,-2.7416780124791242
2004-11-16,-2.742161220593263
2004-11-17,-2.7423768492907628
2004-11-18,-2.742324898571623
2004-11-19,-2.7420053684358443
2004-11-22,-2.741418258883426
2004-11-23,-2.7405635699143693
2004-11-24,-2.7394413015286734
2004-11-25,-2.738051453726338
2004-11-26,-2.7363940265073636
2004-11-29,-2.73446901987175
2004-11-30,-2.7322764338194974
2004-12-01,-2.7298162683506058
2004-12-02,-2.7270885234650746
2004-12-03,-2.7240931991629047
2004-12-06,-2.7208302954440953
2004-12-07,-2.717299812308647
2004-12-08,-2.71350174975656
2004-12-09,-2.709436107787833
2004-12-10,-2.7051028864024675
2004-12-13,-2.700502085600463
2004-12-14,-2.6956337053818187
2004-12-15,-2.6904977457465358
2004-12-16,-2.6850942066946133
2004-12-17,-2.679423088226052
2004-12-20,-2.673484390340852
2004-12-21,-2.667278113039012
2004-12-22,-2.6608042563205334
2004-12-23,-2.6540628201854157
2004-12-24,-2.6470538046336585
2004-12-27,-2.6397772096652625
2004-12-28,-2.632233035280227
2004-12-29,-2.624421281478553
2004-12-30,-2.616341948260239
2004-12-31,-2.6079950356252866
2005-01-03,-2.4531096880109198
2005-01-04,-2.4441555435504285
2005-01-05,-2.43513094955765
2005-01-06,-2.426035906032584
2005-01-07,-2.4168704129752303
2005-01-10,-2.40763447038559
2005-01-11,-2.398328078263662
2005-01-12,-2.3889512366094467
2005-01-13,-2.379503945422944
2005-01-14,-2.369986204704154
2005-01-17,-2.360398014453077
2005-01-18,-2.350739374669712
2005-01-19,-2.34101028535406
2005-01-20,-2.331210746506121
2005-01-21,-2.3213407581258947
2005-01-24,-2.3114003202133806
2005-01-25,-2.3013894327685795
2005-01-26,-2.291308095791491
2005-01-27,-2.281156309282115
2005-01-28,-2.270934073240452
2005-01-31,-2.2606413876665017
2005-02-01,-2.2502782525602636
2005-02-02,-2.2398446679217385
2005-02-03,-2.229340633750926
2005-02-04,-2.218766150047826
2005-02-07,-2.2081212168124393
2005-02-08,-2.1974058340447646
2005-02-09,-2.186620001744803
2005-02-10,-2.175763719912554
2005-02-11,-2.1648369885480174
2005-02-14,-2.153839807651194
2005-02-15,-2.1427721772220827
2005-02-16,-2.1316340972606844
2005-02-17,-2.1204255677669988
2005-02-18,-2.1091465887410257
2005-02-21,-2.097797160182765
2005-02-22,-2.0863772820922177
2005-02-23,-2.074886954469383
2005-02-24,-2.0633261773142606
2005-02-25,-2.051694950626851
2005-02-28,-2.039993274407154
2005-03-01,-2.0282211486551693
2005-03-02,-2.016378573370898
2005-03-03,-2.004465548554339
2005-03-04,-1.9924820742054927
2005-03-07,-1.980428150324359
2005-03-08,-1.9683037769109382
2005-03-09,-1.9561089539652299
2005-03-10,-1.9438436814872344
2005-03-11,-1.9315079594769515
2005-03-14,-1.9191017879343812
2005-03-15,-1.9066251668595238
2005-03-16,-1.8940780962523789
2005-03-17,-1.8814605761129468
2005-03-18,-1.8687726064412273
2005-03-21,-1.8560141872372204
2005-03-22,-1.8431853185009264
2005-03-23,-1.830286000232345
2005-03-24,-1.8173162324314762
2005-03-25,-1.80427601509832
2005-03-28,-1.7911653482328767
2005-03-29,-1.7779842318351458
2005-03-30,-1.7647326659051277
2005-03-31,-1.7514106504428222
2005-04-01,
2005-04-04,
2005-04-05,
2005-04-06,
2005-04-07,
2005-04-08,
2005-04-11,
2005-04-12,
2005-04-13,
2005-04-14,
2005-04-15,
2005-04-18,
2005-04-19,
2005-04-20,
2005-04-21,
2005-04-22,
2005-04-25,
2005-04-26,
2005-04-27,
2005-04-28,
2005-04-29,
2005-05-02,
2005-05-03,
2005-05-04,
2005-05-05,
2005-05-06,
2005-05-09,
2005-05-10,
2005-05-11,
2005-05-12,
2005-05-13,
2005-05-16,
2005-05-17,
2005-05-18,
2005-05-19,
2005-05-20,
2005-05-23,
2005-05-24,
2005-05-25,
2005-05-26,
2005-05-27,
2005-05-30,
2005-05-31,
2005-06-01,
2005-06-02,
2005-06-03,
2005-06-06,
2005-06-07,
2005-06-08,
2005-06-09,
2005-06-10,
2005-06-13,
2005-06-14,
2005-06-15,
2005-06-16,
2005-06-17,
2005-06-20,
2005-06-21,
2005-06-22,
2005-06-23,
2005-06-24,
2005-06-27,
2005-06-28,
2005-06-29,
2005-06-30,
2005-07-01,-1.4600767392328724
2005-07-04,-1.447407069849395
2005-07-05,-1.4350543638044693
2005-07-06,-1.4230186210980955
2005-07-07,-1.4112998417302736
2005-07-08,-1.3998980257010034
2005-07-11,-1.388813173010285
2005-07-12,-1.3780452836581187
2005-07-13,-1.367594357644504
2005-07-14,-1.3574603949694413
2005-07-15,-1.3476433956329303
2005-07-18,-1.338143359634971
2005-07-19,-1.3289602869755637
2005-07-20,-1.3200941776547084
2005-07-21,-1.3115450316724047
2005-07-22,-1.303312849028653
2005-07-25,-1.2953976297234528
2005-07-26,-1.2877993737568048
2005-07-27,-1.2805180811287085
2005-07-28,-1.273553751839164
2005-07-29,-1.2669063858881715
2005-08-01,-1.2605759832757306
2005-08-02,-1.2545625440018418
2005-08-03,-1.2488660680665045
2005-08-04,-1.2434865554697192
2005-08-05,-1.2384240062114857
2005-08-08,-1.2336784202918043
2005-08-09,-1.2292497977106744
2005-08-10,-1.2251381384680964
2005-08-11,-1.2213434425640703
2005-08-12,-1.2178657099985961
2005-08-15,-1.2147049407716737
2005-08-16,-1.211861134883303
2005-08-17,-1.2093342923334842
2005-08-18,-1.2071244131222174
2005-08-19,-1.2052314972495022
2005-08-22,-1.203655544715339
2005-08-23,-1.2023965555197276
2005-08-24,-1.201454529662668
2005-08-25,-1.2008294671441602
2005-08-26,-1.2005213679642042
2005-08-29,-1.2005302321228002
2005-08-30,-1.2008560596199478
2005-08-31,-1.2014988504556474
2005-09-01,-1.2024586046298988
2005-09-02,-1.203735322142702
2005-09-05,-1.205329002994057
2005-09-06,-1.2072396471839641
2005-09-07,-1.2094672547124228
2005-09-08,-1.2120118255794334
2005-09-09,-1.2148733597849959
2005-09-12,-1.2180518573291101
2005-09-13,-1.2215473182117762
2005-09-14,-1.225359742432994
2005-09-15,-1.229489129992764
2005-09-16,-1.2339354808910854
2005-09-19,-1.2386987951279589
2005-09-20,-1.2437790727033842
2005-09-21,-1.2491763136173613
2005-09-22,-1.2548905178698901
2005-09-23,-1.260921685460971
2005-09-26,-1.2672698163906035
2005-09-27,-1.273934910658788
2005-09-28,-1.2809169682655244
2005-09-29,-1.2882159892108125
2005-09-30,-1.2958319734946524
2005-10-03,-1.445958036459812
2005-10-04,-1.4541379306573665
2005-10-05,-1.4624427260820474
2005-10-06,-1.4708724227338543
2005-10-07,-1.4794270206127875
2005-10-10,-1.4881065197188466
2005-10-11,-1.4969109200520319
2005-10-12,-1.5058402216123434
2005-10-13,-1.5148944243997808
2005-10-14,-1.5240735284143445
2005-10-17,-1.5333775336560345
2005-10-18,-1.5428064401248505
2005-10-19,-1.5523602478207923
2005-10-20,-1.5620389567438606
2005-10-21,-1.5718425668940548
2005-10-24,-1.5817710782713754
2005-10-25,-1.591824490875822
2005-10-26,-1.6020028047073944
2005-10-27,-1.6123060197660932
2005-10-28,-1.6227341360519183
2005-10-31,-1.6332871535648692
2005-11-01,-1.6439650723049464
2005-11-02,-1.6547678922721496
2005-11-03,-1.665695613466479
2005-11-04,-1.6767482358879346
2005-11-07,-1.6879257595365162
2005-11-08,-1.6992281844122241
2005-11-09,-1.710655510515058
2005-11-10,-1.722207737845018
2005-11-11,-1.733884866402104
2005-11-14,-1.7456868961863163
2005-11-15,-1.7576138271976547
2005-11-16,-1.7696656594361193
2005-11-17,-1.78184239290171
2005-11-18,-1.7941440275944267
2005-11-21,-1.8065705635142695
2005-11-22,-1.8191220006612385
2005-11-23,-1.8317983390353336
2005-11-24,-1.844599578636555
2005-11-25,-1.8575257194649024
2005-11-28,-1.8705767615203759
2005-11-29,-1.8837527048029754
2005-11-30,-1.8970535493127012
2005-12-01,-1.910479295049553
2005-12-02,-1.924029942013531
2005-12-05,-1.9377054902046351
2005-12-06,-1.9515059396228653
2005-12-07,-1.9654312902682218
2005-12-08,-1.9794815421407044
2005-12-09,-1.9936566952403127
2005-12-12,-2.0079567495670476
2005-12-13,-2.0223817051209085
2005-12-14,-2.0369315619018957
2005-12-15,-2.0516063199100083
2005-12-16,-2.066405979145248
2005-12-19,-2.081330539607613
2005-12-20,-2.0963800012971046
2005-12-21,-2.1115543642137222
2005-12-22,-2.126853628357466
2005-12-23,-2.1422777937283355
2005-12-26,-2.157826860326332
2005-12-27,-2.173500828151454
2005-12-28,-2.189299697203702
2005-12-29,-2.2052234674830764
2005-12-30,-2.221272138989577
2006-01-02,-2.4944770754728607
2006-01-03,-2.510410448064651
2006-01-04,-2.5261036205146046
2006-01-05,-2.5415565928227215
2006-01-06,-2.5567693649890026
2006-01-09,-2.5717419370134467
2006-01-10,-2.5864743088960545
2006-01-11,-2.600966480636826
2006-01-12,-2.615218452235761
2006-01-13,-2.6292302236928595
2006-01-16,-2.6430017950081215
2006-01-17,-2.656533166181547
2006-01-18,-2.669824337213136
2006-01-19,-2.6828753081028887
2006-01-20,-2.695686078850805
2006-01-23,-2.7082566494568843
2006-01-24,-2.7205870199211275
2006-01-25,-2.7326771902435345
2006-01-26,-2.744527160424105
2006-01-27,-2.7561369304628385
2006-01-30,-2.767506500359736
2006-01-31,-2.778635870114797
2006-02-01,-2.7895250397280216
2006-02-02,-2.8001740091994094
2006-02-03,-2.810582778528961
2006-02-06,-2.8207513477166763
2006-02-07,-2.830679716762555
2006-02-08,-2.840367885666597
2006-02-09,-2.849815854428803
2006-02-10,-2.8590236230491723
2006-02-13,-2.867991191527705
2006-02-14,-2.8767185598644014
2006-02-15,-2.8852057280592613
2006-02-16,-2.8934526961122846
2006-02-17,-2.9014594640234717
2006-02-20,-2.9092260317928225
2006-02-21,-2.9167523994203366
2006-02-22,-2.924038566906014
2006-02-23,-2.9310845342498553
2006-02-24,-2.93789030145186
2006-02-27,-2.944455868512028
2006-02-28,-2.95078123543036
2006-03-01,-2.956866402206855
2006-03-02,-2.9627113688415143
2006-03-03,-2.968316135334337
2006-03-06,-2.9736807016853226
2006-03-07,-2.978805067894472
2006-03-08,-2.983689233961785
2006-03-09,-2.9883331998872618
2006-03-10,-2.9927369656709017
2006-03-13,-2.9969005313127055
2006-03-14,-3.000823896812673
2006-03-15,-3.0045070621708034
2006-03-16,-3.007950027387098
2006-03-17,-3.011152792461556
2006-03-20,-3.0141153573941772
2006-03-21,-3.0168377221849623
2006-03-22,-3.0193198868339106
2006-03-23,-3.0215618513410227
2006-03-24,-3.023563615706298
2006-03-27,-3.0253251799297374
2006-03-28,-3.02684654401134
2006-03-29,-3.028127707951106
2006-03-30,-3.029168671749036
2006-03-31,-3.029969435405129
2006-04-03,-2.9901401268600947
2006-04-04,-2.990517862209872
2006-04-05,-2.9907127693951696
2006-04-06,-2.9907248484159883
2006-04-07,-2.9905540992723267
2006-04-10,-2.9902005219641863
2006-04-11,-2.9896641164915656
2006-04-12,-2.988944882854466
2006-04-13,-2.9880428210528867
2006-04-14,-2.986957931086828
2006-04-17,-2.98569021295629
2006-04-18,-2.984239666661272
2006-04-19,-2.9826062922017744
2006-04-20,-2.9807900895777975
2006-04-21,-2.978791058789341
2006-04-24,-2.9766091998364055
2006-04-25,-2.97424451271899
2006-04-26,-2.9716969974370953
2006-04-27,-2.9689666539907207
2006-04-28,-2.9660534823798668
2006-05-01,-2.9629574826045335
2006-05-02,-2.9596786546647205
2006-05-03,-2.956216998560428
2006-05-04,-2.9525725142916563
2006-05-05,-2.948745201858405
2006-05-08,-2.9447350612606735
2006-05-09,-2.9405420924984633
2006-05-10,-2.9361662955717733
2006-05-11,-2.9316076704806036
2006-05-12,-2.926866217224955
2006-05-15,-2.921941935804826
2006-05-16,-2.916834826220218
2006-05-17,-2.9115448884711306
2006-05-18,-2.9060721225575636
2006-05-19,-2.900416528479517
2006-05-22,-2.894578106236991
2006-05-23,-2.8885568558299854
2006-05-24,-2.8823527772585003
2006-05-25,-2.8759658705225357
2006-05-26,-2.8693961356220914
2006-05-29,-2.8626435725571677
2006-05-30,-2.8557081813277647
2006-05-31,-2.848589961933882
2006-06-01,-2.84128891437552
2006-06-02,-2.833805038652678
2006-06-05,-2.826138334765357
2006-06-06,-2.818288802713556
2006-06-07,-2.810256442497276
2006-06-08,-2.8020412541165163
2006-06-09,-2.7936432375712767
2006-06-12,-2.7850623928615583
2006-06-13,-2.77629871998736
2006-06-14,-2.767352218948682
2006-06-15,-2.7582228897455248
2006-06-16,-2.748910732377888
2006-06-19,-2.7394157468457716
2006-06-20,-2.729737933149176
2006-06-21,-2.7198772912881006
2006-06-22,-2.7098338212625457
2006-06-23,-2.6996075230725114
2006-06-26,-2.6891983967179973
2006-06-27,-2.678606442199004
2006-06-28,-2.667831659515531
2006-06-29,-2.6568740486675786
2006-06-30,-2.6457336096551467
2006-07-03,-2.377496956354455
2006-07-04,-2.366355794800172
2006-07-05,-2.355396738868517
2006-07-06,-2.3446197885594895
2006-07-07,-2.3340249438730907
2006-07-10,-2.32361220480932
2006-07-11,-2.3133815713681773
2006-07-12,-2.303333043549663
2006-07-13,-2.2934666213537764
2006-07-14,-2.283782304780518
2006-07-17,-2.274280093829888
2006-07-18,-2.264959988501886
2006-07-19,-2.2558219887965123
2006-07-20,-2.2468660947137664
2006-07-21,-2.238092306253649
2006-07-24,-2.2295006234161594
2006-07-25,-2.2210910462012983
2006-07-26,-2.212863574609065
2006-07-27,-2.20481820863946
2006-07-28,-2.196954948292483
2006-07-31,-2.1892737935681343
2006-08-01,-2.1817747444664133
2006-08-02,-2.1744578009873208
2006-08-03,-2.1673229631308564
2006-08-04,-2.16037023089702
2006-08-07,-2.153599604285812
2006-08-08,-2.1470110832972322
2006-08-09,-2.1406046679312802
2006-08-10,-2.1343803581879564
2006-08-11,-2.128338154067261
2006-08-14,-2.1224780555691933
2006-08-15,-2.1168000626937538
2006-08-16,-2.1113041754409427
2006-08-17,-2.10599039381076
2006-08-18,-2.1008587178032045
2006-08-21,-2.095909147418278
2006-08-22,-2.091141682655979
2006-08-23,-2.0865563235163087
2006-08-24,-2.0821530699992663
2006-08-25,-2.077931922104852
2006-08-28,-2.073892879833066
2006-08-29,-2.0700359431839077
2006-08-30,-2.0663611121573777
2006-08-31,-2.062868386753476
2006-09-01,-2.0595577669722025
2006-09-04,-2.056429252813557
2006-09-05,-2.0534828442775392
2006-09-06,-2.05071854136415
2006-09-07,-2.048136344073389
2006-09-08,-2.045736252405256
2006-09-11,-2.0435182663597513
2006-09-12,-2.0414823859368743
2006-09-13,-2.0396286111366257
2006-09-14,-2.0379569419590053
2006-09-15,-2.036467378404013
2006-09-18,-2.035159920471649
2006-09-19,-2.0340345681619127
2006-09-20,-2.0330913214748048
2006-09-21,-2.032330180410325
2006-09-22,-2.0317511449684735
2006-09-25,-2.03135421514925
2006-09-26,-2.0311393909526543
2006-09-27,-2.0311066723786873
2006-09-28,-2.031256059427348
2006-09-29,-2.031587552098637
2006-10-02,-2.277653913612615
2006-10-03,-2.278000820990495
2006-10-04,-2.278181037452339
2006-10-05,-2.278194562998146
2006-10-06,-2.278041397627916
2006-10-09,-2.2777215413416494
2006-10-10,-2.2772349941393464
2006-10-11,-2.2765817560210064
2006-10-12,-2.2757618269866295
2006-10-13,-2.274775207036216
2006-10-16,-2.273621896169766
2006-10-17,-2.272301894387279
2006-10-18,-2.2708152016887557
2006-10-19,-2.269161818074195
2006-10-20,-2.2673417435435983
2006-10-23,-2.265354978096964
2006-10-24,-2.2632015217342936
2006-10-25,-2.2608813744555865
2006-10-26,-2.2583945362608424
2006-10-27,-2.255741007150062
2006-10-30,-2.2529207871232444
2006-10-31,-2.2499338761803904
2006-11-01,-2.2467802743214995
2006-11-02,-2.2434599815465717
2006-11-03,-2.2399729978556073
2006-11-06,-2.2363193232486065
2006-11-07,-2.2324989577255683
2006-11-08,-2.228511901286494
2006-11-09,-2.224358153931383
2006-11-10,-2.2200377156602347
2006-11-13,-2.21555058647305
2006-11-14,-2.2108967663698285
2006-11-15,-2.2060762553505704
2006-11-16,-2.2010890534152754
2006-11-17,-2.195935160563944
2006-11-20,-2.1906145767965755
2006-11-21,-2.1851273021131705
2006-11-22,-2.1794733365137287
2006-11-23,-2.1736526799982503
2006-11-24,-2.167665332566735
2006-11-27,-2.1615112942191828
2006-11-28,-2.155190564955594
2006-11-29,-2.148703144775969
2006-11-30,-2.1420490336803066
2006-12-01,-2.1352282316686075
2006-12-04,-2.128240738740872
2006-12-05,-2.1210865548971
2006-12-06,-2.113765680137291
2006-12-07,-2.106278114461445
2006-12-08,-2.0986238578695624
2006-12-11,-2.090802910361643
2006-12-12,-2.082815271937687
2006-12-13,-2.0746609425976943
2006-12-14,-2.066339922341665
2006-12-15,-2.0578522111695987
2006-12-18,-2.049197809081496
2006-12-19,-2.0403767160773563
2006-12-20,-2.0313889321571796
2006-12-21,-2.022234457320967
2006-12-22,-2.012913291568717
2006-12-25,-2.0034254349004303
2006-12-26,-1.993770887316107
2006-12-27,-1.983949648815747
2006-12-28,-1.9739617193993504
2006-12-29,-1.963807099066917
2007-01-01,-1.6079473019980812
2007-01-02,-1.5979501215463872
2007-01-03,-1.5882770718914696
2007-01-04,-1.5789281530333283
2007-01-05,-1.5699033649719634
2007-01-08,-1.5612027077073747
2007-01-09,-1.5528261812395623
2007-01-10,-1.544773785568526
2007-01-11,-1.5370455206942661
2007-01-12,-1.5296413866167826
2007-01-15,-1.5225613833360754
2007-01-16,-1.5158055108521444
2007-01-17,-1.5093737691649898
2007-01-18,-1.5032661582746114
2007-01-19,-1.4974826781810093
2007-01-22,-1.4920233288841835
2007-01-23,-1.486888110384134
2007-01-24,-1.4820770226808608
2007-01-25,-1.477590065774364
2007-01-26,-1.4734272396646433
2007-01-29,-1.469588544351699
2007-01-30,-1.466073979835531
2007-01-31,-1.4628835461161391
2007-02-01,-1.4600172431935237
2007-02-02,-1.4574750710676845
2007-02-05,-1.4552570297386216
2007-02-06,-1.453363119206335
2007-02-07,-1.4517933394708247
2007-02-08,-1.4505476905320906
2007-02-09,-1.449626172390133
2007-02-12,-1.4490287850449515
2007-02-13,-1.4487555284965463
2007-02-14,-1.4488064027449175
2007-02-15,-1.4491814077900649
2007-02-16,-1.4498805436319886
2007-02-19,-1.4509038102706886
2007-02-20,-1.452251207706165
2007-02-21,-1.4539227359384177
2007-02-22,-1.4559183949674466
2007-02-23,-1.4582381847932517
2007-02-26,-1.4608821054158332
2007-02-27,-1.463850156835191
2007-02-28,-1.467142339051325
2007-03-01,-1.4707586520642353
2007-03-02,-1.4746990958739221
2007-03-05,-1.478963670480385
2007-03-06,-1.4835523758836242
2007-03-07,-1.4884652120836397
2007-03-08,-1.4937021790804315
2007-03-09,-1.4992632768739997
2007-03-12,-1.505148505464344
2007-03-13,-1.5113578648514647
2007-03-14,-1.5178913550353617
2007-03-15,-1.5247489760160349
2007-03-16,-1.5319307277934846
2007-03-19,-1.5394366103677104
2007-03-20,-1.5472666237387127
2007-03-21,-1.555420767906491
2007-03-22,-1.5638990428710458
2007-03-23,-1.5727014486323767
2007-03-26,-1.5818279851904842
2007-03-27,-1.5912786525453677
2007-03-28,-1.6010534506970275
2007-03-29,-1.6111523796454637
2007-03-30,-1.6215754393906763
2007-04-02,-1.8488659104861154
2007-04-03,-1.8596296419377307
2007-04-04,-1.8704099142989725
2007-04-05,-1.8812067275698408
2007-04-06,-1.8920200817503356
2007-04-09,-1.902849976840457
2007-04-10,-1.9136964128402048
2007-04-11,-1.924559389749579
2007-04-12,-1.9354389075685798
2007-04-13,-1.9463349662972071
2007-04-16,-1.957247565935461
2007-04-17,-1.9681767064833413
2007-04-18,-1.9791223879408482
2007-04-19,-1.9900846103079814
2007-04-20,-2.001063373584741
2007-04-23,-2.012058677771128
2007-04-24,-2.0230705228671404
2007-04-25,-2.03409890887278
2007-04-26,-2.0451438357880454
2007-04-27,-2.0562053036129377
2007-04-30,-2.0672833123474565
2007-05-01,-2.0783778619916022
2007-05-02,-2.089488952545374
2007-05-03,-2.1006165840087725
2007-05-04,-2.111760756381797
2007-05-07,-2.1229214696644485
2007-05-08,-2.1340987238567264
2007-05-09,-2.1452925189586307
2007-05-10,-2.1565028549701615
2007-05-11,-2.167729731891319
2007-05-14,-2.1789731497221028
2007-05-15,-2.1902331084625133
2007-05-16,-2.2015096081125503
2007-05-17,-2.2128026486722137
2007-05-18,-2.2241122301415035
2007-05-21,-2.23543835252042
2007-05-22,-2.246781015808963
2007-05-23,-2.258140220007132
2007-05-24,-2.269515965114928
2007-05-25,-2.2809082511323506
2007-05-28,-2.2923170780593995
2007-05-29,-2.303742445896075
2007-05-30,-2.315184354642377
2007-05-31,-2.3266428042983054
2007-06-01,-2.3381177948638605
2007-06-04,-2.3496093263390416
2007-06-05,-2.3611173987238496
2007-06-06,-2.372642012018284
2007-06-07,-2.384183166222345
2007-06-08,-2.3957408613360327
2007-06-11,-2.4073150973593465
2007-06-12,-2.418905874292287
2007-06-13,-2.430513192134854
2007-06-14,-2.4421370508870472
2007-06-15,-2.453777450548867
2007-06-18,-2.465434391120314
2007-06-19,-2.477107872601387
2007-06-20,-2.488797894992086
2007-06-21,-2.5005044582924123
2007-06-22,-2.512227562502365
2007-06-25,-2.523967207621944
2007-06-26,-2.5357233936511494
2007-06-27,-2.5474961205899813
2007-06-28,-2.5592853884384397
2007-06-29,-2.571091197196525
2007-07-02,-2.9576939629700782
2007-07-03,-2.9690004950018114
2007-07-04,-2.979791209397566
2007-07-05,-2.9900661061573426
2007-07-06,-2.9998251852811406
2007-07-09,-3.00906844676896
2007-07-10,-3.017795890620801
2007-07-11,-3.026007516836664
2007-07-12,-3.0337033254165484
2007-07-13,-3.0408833163604547
2007-07-16,-3.0475474896683825
2007-07-17,-3.053695845340332
2007-07-18,-3.0593283833763025
2007-07-19,-3.064445103776295
2007-07-20,-3.0690460065403093
2007-07-23,-3.073131091668345
2007-07-24,-3.076700359160402
2007-07-25,-3.079753809016481
2007-07-26,-3.0822914412365816
2007-07-27,-3.084313255820704
2007-07-30,-3.085819252768848
2007-07-31,-3.0868094320810133
2007-08-01,-3.0872837937572
2007-08-02,-3.087242337797409
2007-08-03,-3.0866850642016392
2007-08-06,-3.085611972969891
2007-08-07,-3.0840230641021646
2007-08-08,-3.08191833759846
2007-08-09,-3.0792977934587764
2007-08-10,-3.076161431683115
2007-08-13,-3.0725092522714745
2007-08-14,-3.0683412552238565
2007-08-15,-3.0636574405402595
2007-08-16,-3.0584578082206844
2007-08-17,-3.0527423582651307
2007-08-20,-3.0465110906735986
2007-08-21,-3.0397640054460884
2007-08-22,-3.0325011025825996
2007-08-23,-3.0247223820831324
2007-08-24,-3.016427843947687
2007-08-27,-3.007617488176263
2007-08-28,-2.998291314768861
2007-08-29,-2.98844932372548
2007-08-30,-2.978091515046121
2007-08-31,-2.9672178887307834
2007-09-03,-2.955828444779468
2007-09-04,-2.9439231831921737
2007-09-05,-2.931502103968901
2007-09-06,-2.91856520710965
2007-09-07,-2.9051124926144207
2007-09-10,-2.891143960483213
2007-09-11,-2.8766596107160267
2007-09-12,-2.861659443312862
2007-09-13,-2.8461434582737195
2007-09-14,-2.830111655598598
2007-09-17,-2.813564035287498
2007-09-18,-2.7965005973404202
2007-09-19,-2.7789213417573637
2007-09-20,-2.7608262685383287
2007-09-21,-2.7422153776833156
2007-09-24,-2.723088669192324
2007-09-25,-2.7034461430653542
2007-09-26,-2.6832877993024056
2007-09-27,-2.662613637903479
2007-09-28,-2.641423658868574
2007-10-01,-2.0775061814502775
2007-10-02,-2.0563762049221737
2007-10-03,-2.035493172829714
2007-10-04,-2.0148570851729
2007-10-05,-1.99446794195173
2007-10-08,-1.9743257431662051
2007-10-09,-1.954430488816325
2007-10-10,-1.9347821789020898
2007-10-11,-1.9153808134234995
2007-10-12,-1.896226392380554
2007-10-15,-1.8773189157732533
2007-10-16,-1.858658383601597
2007-10-17,-1.840244795865586
2007-10-18,-1.8220781525652197
2007-10-19,-1.8041584537004982
2007-10-22,-1.7864856992714215
2007-10-23,-1.7690598892779896
2007-10-24,-1.7518810237202027
2007-10-25,-1.7349491025980606
2007-10-26,-1.7182641259115632
2007-10-29,-1.7018260936607106
2007-10-30,-1.6856350058455027
2007-10-31,-1.66969086246594
2007-11-01,-1.6539936635220218
2007-11-02,-1.6385434090137485
2007-11-05,-1.62334009894112
2007-11-06,-1.6083837333041362
2007-11-07,-1.5936743121027974
2007-11-08,-1.5792118353371034
2007-11-09,-1.5649963030070542
2007-11-12,-1.55102771511265
2007-11-13,-1.5373060716538902
2007-11-14,-1.5238313726307755
2007-11-15,-1.5106036180433056
2007-11-16,-1.4976228078914804
2007-11-19,-1.4848889421753002
2007-11-20,-1.4724020208947646
2007-11-21,-1.460162044049874
2007-11-22,-1.448169011640628
2007-11-23,-1.4364229236670272
2007-11-26,-1.4249237801290708
2007-11-27,-1.4136715810267595
2007-11-28,-1.402666326360093
2007-11-29,-1.3919080161290711
2007-11-30,-1.3813966503336943
2007-12-03,-1.371132228973962
2007-12-04,-1.3611147520498748
2007-12-05,-1.3513442195614322
2007-12-06,-1.3418206315086347
2007-12-07,-1.3325439878914818
2007-12-10,-1.3235142887099738
2007-12-11,-1.3147315339641106
2007-12-12,-1.3061957236538921
2007-12-13,-1.2979068577793187
2007-12-14,-1.2898649363403898
2007-12-17,-1.2820699593371059
2007-12-18,-1.2745219267694667
2007-12-19,-1.2672208386374726
2007-12-20,-1.260166694941123
2007-12-21,-1.2533594956804184
2007-12-24,-1.2467992408553585
2007-12-25,-1.2404859304659435
2007-12-26,-1.2344195645121734
2007-12-27,-1.2286001429940479
2007-12-28,-1.2230276659115675
2007-12-31,-1.2177021332647315
2008-01-01,-1.3827893772248097
2008-01-02,-1.3776454915529714
2008-01-03,-1.3725144405468117
2008-01-04,-1.3673962242063307
2008-01-07,-1.3622908425315283
2008-01-08,-1.3571982955224047
2008-01-09,-1.3521185831789595
2008-01-10,-1.347051705501193
2008-01-11,-1.3419976624891052
2008-01-14,-1.3369564541426961
2008-01-15,-1.3319280804619658
2008-01-16,-1.3269125414469138
2008-01-17,-1.3219098370975406
2008-01-18,-1.3169199674138459
2008-01-21,-1.31194293239583
2008-01-22,-1.3069787320434927
2008-01-23,-1.302027366356834
2008-01-24,-1.297088835335854
2008-01-25,-1.2921631389805528
2008-01-28,-1.28725027729093
2008-01-29,-1.282350250266986
2008-01-30,-1.2774630579087205
2008-01-31,-1.2725887002161338
2008-02-01,-1.2677271771892256
2008-02-04,-1.262878488827996
2008-02-05,-1.2580426351324452
2008-02-06,-1.253219616102573
2008-02-07,-1.2484094317383794
2008-02-08,-1.2436120820398644
2008-02-11,-1.2388275670070281
2008-02-12,-1.2340558866398705
2008-02-13,-1.2292970409383916
2008-02-14,-1.2245510299025912
2008-02-15,-1.2198178535324695
2008-02-18,-1.2150975118280265
2008-02-19,-1.210390004789262
2008-02-20,-1.2056953324161763
2008-02-21,-1.2010134947087692
2008-02-22,-1.1963444916670407
2008-02-25,-1.1916883232909907
2008-02-26,-1.1870449895806197
2008-02-27,-1.182414490535927
2008-02-28,-1.1777968261569132
2008-02-29,-1.173191996443578
2008-03-03,-1.1686000013959212
2008-03-04,-1.1640208410139432
2008-03-05,-1.1594545152976439
2008-03-06,-1.1549010242470232
2008-03-07,-1.150360367862081
2008-03-10,-1.1458325461428178
2008-03-11,-1.141317559089233
2008-03-12,-1.1368154067013267
2008-03-13,-1.1323260889790994
2008-03-14,-1.1278496059225505
2008-03-17,-1.1233859575316802
2008-03-18,-1.1189351438064887
2008-03-19,-1.114497164746976
2008-03-20,-1.1100720203531416
2008-03-21,-1.105659710624986
2008-03-24,-1.101260235562509
2008-03-25,-1.0968735951657107
2008-03-26,-1.0924997894345911
2008-03-27,-1.08813881836915
2008-03-28,-1.0837906819693877
2008-03-31,-1.0794553802353037
2008-04-01,-0.9929156514266264
2008-04-02,-0.9887228049070538
2008-04-03,-0.9846595789363135
2008-04-04,-0.9807259735144056
2008-04-07,-0.9769219886413303
2008-04-08,-0.9732476243170873
2008-04-09,-0.969702880541677
2008-04-10,-0.9662877573150989
2008-04-11,-0.9630022546373533
2008-04-14,-0.9598463725084401
2008-04-15,-0.9568201109283594
2008-04-16,-0.9539234698971111
2008-04-17,-0.9511564494146953
2008-04-18,-0.9485190494811119
2008-04-21,-0.946011270096361
2008-04-22,-0.9436331112604424
2008-04-23,-0.9413845729733563
2008-04-24,-0.9392656552351026
2008-04-25,-0.9372763580456814
2008-04-28,-0.9354166814050927
2008-04-29,-0.9336866253133363
2008-04-30,-0.9320861897704125
2008-05-01,-0.9306153747763211
2008-05-02,-0.929274180331062
2008-05-05,-0.9280626064346355
2008-05-06,-0.9269806530870414
2008-05-07,-0.9260283202882796
2008-05-08,-0.9252056080383504
2008-05-09,-0.9245125163372536
2008-05-12,-0.9239490451849892
2008-05-13,-0.9235151945815573
2008-05-14,-0.9232109645269578
2008-05-15,-0.9230363550211907
2008-05-16,-0.9229913660642561
2008-05-19,-0.923075997656154
2008-05-20,-0.9232902497968842
2008-05-21,-0.9236341224864469
2008-05-22,-0.924107615724842
2008-05-23,-0.9247107295120697
2008-05-26,-0.9254434638481297
2008-05-27,-0.9263058187330221
2008-05-28,-0.9272977941667471
2008-05-29,-0.9284193901493044
2008-05-30,-0.9296706066806941
2008-06-02,-0.9310514437609163
2008-06-03,-0.932561901389971
2008-06-04,-0.9342019795678581
2008-06-05,-0.9359716782945776
2008-06-06,-0.9378709975701296
2008-06-09,-0.939899937394514
2008-06-10,-0.9420584977677309
2008-06-11,-0.9443466786897802
2008-06-12,-0.946764480160662
2008-06-13,-0.9493119021803761
2008-06-16,-0.9519889447489227
2008-06-17,-0.9547956078663017
2008-06-18,-0.9577318915325133
2008-06-19,-0.9607977957475572
2008-06-20,-0.9639933205114335
2008-06-23,-0.9673184658241424
2008-06-24,-0.9707732316856836
2008-06-25,-0.9743576180960573
2008-06-26,-0.9780716250552635
2008-06-27,-0.9819152525633019
2008-06-30,-0.985888500620173
2008-07-01,-1.1324279933150347
2008-07-02,-1.1363981371897176
2008-07-03,-1.1402977210092238
2008-07-04,-1.1441267447735533
2008-07-07,-1.1478852084827063
2008-07-08,-1.1515731121366826
2008-07-09,-1.1551904557354822
2008-07-10,-1.158737239279105
2008-07-11,-1.1622134627675513
2008-07-14,-1.165619126200821
2008-07-15,-1.1689542295789142
2008-07-16,-1.1722187729018307
2008-07-17,-1.1754127561695704
2008-07-18,-1.1785361793821336
2008-07-21,-1.1815890425395201
2008-07-22,-1.18457134564173
2008-07-23,-1.1874830886887633
2008-07-24,-1.19032427168062
2008-07-25,-1.1930948946173
2008-07-28,-1.1957949574988032
2008-07-29,-1.1984244603251297
2008-07-30,-1.2009834030962798
2008-07-31,-1.2034717858122532
2008-08-01,-1.2058896084730502
2008-08-04,-1.2082368710786702
2008-08-05,-1.2105135736291137
2008-08-06,-1.2127197161243806
2008-08-07,-1.2148552985644707
2008-08-08,-1.2169203209493844
2008-08-11,-1.2189147832791214
2008-08-12,-1.2208386855536817
2008-08-13,-1.2226920277730653
2008-08-14,-1.2244748099372724
2008-08-15,-1.2261870320463026
2008-08-18,-1.2278286941001564
2008-08-19,-1.2293997960988337
2008-08-20,-1.230900338042334
2008-08-21,-1.232330319930658
2008-08-22,-1.233689741763805
2008-08-25,-1.2349786035417756
2008-08-26,-1.2361969052645696
2008-08-27,-1.237344646932187
2008-08-28,-1.2384218285446276
2008-08-29,-1.2394284501018915
2008-09-01,-1.240364511603979
2008-09-02,-1.2412300130508898
2008-09-03,-1.2420249544426238
2008-09-04,-1.2427493357791812
2008-09-05,-1.2434031570605621
2008-09-08,-1.2439864182867661
2008-09-09,-1.2444991194577937
2008-09-10,-1.2449412605736447
2008-09-11,-1.2453128416343189
2008-09-12,-1.2456138626398165
2008-09-15,-1.2458443235901375
2008-09-16,-1.246004224485282
2008-09-17,-1.2460935653252496
2008-09-18,-1.2461123461100407
2008-09-19,-1.2460605668396552
2008-09-22,-1.2459382275140929
2008-09-23,-1.2457453281333541
2008-09-24,-1.2454818686974387
2008-09-25,-1.2451478492063466
2008-09-26,-1.2447432696600778
2008-09-29,-1.2442681300586325
2008-09-30,-1.2437224304020105
2008-10-01,-0.9956406191954861
2008-10-02,-0.9952947393387215
2008-10-03,-0.9952192393369914
2008-10-06,-0.9954141191902954
2008-10-07,-0.9958793788986338
2008-10-08,-0.9966150184620062
2008-10-09,-0.9976210378804129
2008-10-10,-0.9988974371538539
2008-10-13,-1.0004442162823293
2008-10-14,-1.0022613752658387
2008-10-15,-1.0043489141043824
2008-10-16,-1.0067068327979602
2008-10-17,-1.0093351313465724
2008-10-20,-1.0122338097502188
2008-10-21,-1.0154028680088996
2008-10-22,-1.0188423061226144
2008-10-23,-1.0225521240913635
2008-10-24,-1.0265323219151468
2008-10-27,-1.0307828995939643
2008-10-28,-1.0353038571278161
2008-10-29,-1.0400951945167023
2008-10-30,-1.0451569117606225
2008-10-31,-1.050489008859577
2008-11-03,-1.0560914858135657
2008-11-04,-1.0619643426225889
2008-11-05,-1.068107579286646
2008-11-06,-1.0745211958057375
2008-11-07,-1.081205192179863
2008-11-10,-1.088159568409023
2008-11-11,-1.0953843244932173
2008-11-12,-1.1028794604324457
2008-11-13,-1.1106449762267083
2008-11-14,-1.118680871876005
2008-11-17,-1.1269871473803363
2008-11-18,-1.1355638027397017
2008-11-19,-1.1444108379541011
2008-11-20,-1.153528253023535
2008-11-21,-1.1629160479480032
2008-11-24,-1.1725742227275053
2008-11-25,-1.182502777362042
2008-11-26,-1.1927017118516126
2008-11-27,-1.2031710261962176
2008-11-28,-1.2139107203958568
2008-12-01,-1.2249207944505303
2008-12-02,-1.236201248360238
2008-12-03,-1.2477520821249801
2008-12-04,-1.259573295744756
2008-12-05,-1.2716648892195666
2008-12-08,-1.2840268625494111
2008-12-09,-1.29665921573429
2008-12-10,-1.3095619487742032
2008-12-11,-1.3227350616691504
2008-12-12,-1.336178554419132
2008-12-15,-1.349892427024148
2008-12-16,-1.363876679484198
2008-12-17,-1.3781313117992824
2008-12-18,-1.392656323969401
2008-12-19,-1.4074517159945537
2008-12-22,-1.4225174878747406
2008-12-23,-1.4378536396099617
2008-12-24,-1.4534601712002173
2008-12-25,-1.469337082645507
2008-12-26,-1.485484373945831
2008-12-29,-1.501902045101189
2008-12-30,-1.5185900961115817
2008-12-31,-1.5355485269770082
2009-01-01,-1.9304365015074214
2009-01-02,-1.9479383070651726
2009-01-05,-1.9651747071251995
2009-01-06,-1.9821457016875021
2009-01-07,-1.9988512907520808
2009-01-08,-2.0152914743189347
2009-01-09,-2.031466252388065
2009-01-12,-2.047375624959471
2009-01-13,-2.063019592033153
2009-01-14,-2.0783981536091103
2009-01-15,-2.0935113096873437
2009-01-16,-2.1083590602678526
2009-01-19,-2.122941405350638
2009-01-20,-2.1372583449356983
2009-01-21,-2.151309879023035
2009-01-22,-2.1650960076126475
2009-01-23,-2.1786167307045354
2009-01-26,-2.1918720482986997
2009-01-27,-2.2048619603951396
2009-01-28,-2.217586466993855
2009-01-29,-2.2300455680948463
2009-01-30,-2.2422392636981137
2009-02-02,-2.2541675538036565
2009-02-03,-2.2658304384114754
2009-02-04,-2.27722791752157
2009-02-05,-2.2883599911339405
2009-02-06,-2.299226659248587
2009-02-09,-2.3098279218655087
2009-02-10,-2.3201637789847065
2009-02-11,-2.3302342306061803
2009-02-12,-2.3400392767299296
2009-02-13,-2.349578917355955
2009-02-16,-2.358853152484256
2009-02-17,-2.367861982114833
2009-02-18,-2.376605406247686
2009-02-19,-2.385083424882814
2009-02-20,-2.3932960380202184
2009-02-23,-2.4012432456598987
2009-02-24,-2.4089250478018545
2009-02-25,-2.4163414444460862
2009-02-26,-2.423492435592594
2009-02-27,-2.4303780212413773
2009-03-02,-2.4369982013924365
2009-03-03,-2.4433529760457713
2009-03-04,-2.449442345201382
2009-03-05,-2.4552663088592683
2009-03-06,-2.460824867019431
2009-03-09,-2.4661180196818693
2009-03-10,-2.471145766846583
2009-03-11,-2.475908108513573
2009-03-12,-2.4804050446828385
2009-03-13,-2.4846365753543798
2009-03-16,-2.488602700528197
2009-03-17,-2.49230342020429
2009-03-18,-2.495738734382659
2009-03-19,-2.4989086430633036
2009-03-20,-2.501813146246224
2009-03-23,-2.50445224393142
2009-03-24,-2.5068259361188923
2009-03-25,-2.50893422280864
2009-03-26,-2.5107771040006637
2009-03-27,-2.512354579694963
2009-03-30,-2.513666649891538
2009-03-31,-2.5147133145903893
2009-04-01,-2.5639183480844556
2009-04-02,-2.5643614955323257
2009-04-03,-2.564478550599264
2009-04-06,-2.5642695132852715
2009-04-07,-2.5637343835903468
2009-04-08,-2.5628731615144904
2009-04-09,-2.5616858470577024
2009-04-10,-2.560172440219983
2009-04-13,-2.558332941001332
2009-04-14,-2.556167349401749
2009-04-15,-2.5536756654212347
2009-04-16,-2.5508578890597886
2009-04-17,-2.547714020317411
2009-04-20,-2.5442440591941016
2009-04-21,-2.5404480056898606
2009-04-22,-2.536325859804688
2009-04-23,-2.5318776215385843
2009-04-24,-2.5271032908915485
2009-04-27,-2.522002867863581
2009-04-28,-2.516576352454682
2009-04-29,-2.5108237446648514
2009-04-30,-2.504745044494089
2009-05-01,-2.498340251942395
2009-05-04,-2.4916093670097696
2009-05-05,-2.4845523896962125
2009-05-06,-2.4771693200017237
2009-05-07,-2.4694601579263034
2009-05-08,-2.461424903469951
2009-05-11,-2.4530635566326673
2009-05-12,-2.444376117414452
2009-05-13,-2.435362585815305
2009-05-14,-2.4260229618352267
2009-05-15,-2.4163572454742166
2009-05-18,-2.406365436732275
2009-05-19,-2.3960475356094015
2009-05-20,-2.3854035421055966
2009-05-21,-2.3744334562208596
2009-05-22,-2.3631372779551914
2009-05-25,-2.3515150073085915
2009-05-26,-2.33956664428106
2009-05-27,-2.327292188872597
2009-05-28,-2.314691641083202
2009-05-29,-2.3017650009128756
2009-06-01,-2.2885122683616177
2009-06-02,-2.274933443429428
2009-06-03,-2.2610285261163066
2009-06-04,-2.246797516422254
2009-06-05,-2.2322404143472694
2009-06-08,-2.217357219891353
2009-06-09,-2.2021479330545053
2009-06-10,-2.186612553836726
2009-06-11,-2.170751082238015
2009-06-12,-2.1545635182583722
2009-06-15,-2.138049861897798
2009-06-16,-2.121210113156292
2009-06-17,-2.1040442720338546
2009-06-18,-2.086552338530485
2009-06-19,-2.0687343126461846
2009-06-22,-2.050590194380952
2009-06-23,-2.032119983734788
2009-06-24,-2.0133236807076926
2009-06-25,-1.9942012852996653
2009-06-26,-1.9747527975107064
2009-06-29,-1.954978217340816
2009-06-30,-1.9348775447899937
2009-07-01,-1.224133294553184
2009-07-02,-1.2046510247243345
2009-07-03,-1.185803753560029
2009-07-06,-1.1675914810602679
2009-07-07,-1.150014207225051
2009-07-08,-1.1330719320543785
2009-07-09,-1.11676465554825
2009-07-10,-1.101092377706666
2009-07-13,-1.086055098529626
2009-07-14,-1.0716528180171305
2009-07-15,-1.0578855361691792
2009-07-16,-1.0447532529857722
2009-07-17,-1.0322559684669093
2009-07-20,-1.0203936826125908
2009-07-21,-1.0091663954228165
2009-07-22,-0.9985741068975864
2009-07-23,-0.9886168170369005
2009-07-24,-0.979294525840759
2009-07-27,-0.9706072333091618
2009-07-28,-0.9625549394421087
2009-07-29,-0.9551376442396
2009-07-30,-0.9483553477016355
2009-07-31,-0.9422080498282153
2009-08-03,-0.9366957506193392
2009-08-04,-0.9318184500750075
2009-08-05,-0.9275761481952198
2009-08-06,-0.9239688449799768
2009-08-07,-0.9209965404292777
2009-08-10,-0.918659234543123
2009-08-11,-0.9169569273215123
2009-08-12,-0.9158896187644463
2009-08-13,-0.9154573088719242
2009-08-14,-0.9156599976439466
2009-08-17,-0.9164976850805131
2009-08-18,-0.9179703711816238
2009-08-19,-0.920078055947279
2009-08-20,-0.9228207393774781
2009-08-21,-0.9261984214722216
2009-08-24,-0.9302111022315096
2009-08-25,-0.9348587816553415
2009-08-26,-0.9401414597437179
2009-08-27,-0.9460591364966384
2009-08-28,-0.9526118119141034
2009-08-31,-0.9597994859961123
2009-09-01,-0.9676221587426657
2009-09-02,-0.9760798301537634
2009-09-03,-0.9851725002294052
2009-09-04,-0.9949001689695913
2009-09-07,-1.0052628363743217
2009-09-08,-1.0162605024435962
2009-09-09,-1.027893167177415
2009-09-10,-1.0401608305757781
2009-09-11,-1.0530634926386855
2009-09-14,-1.0666011533661373
2009-09-15,-1.0807738127581332
2009-09-16,-1.0955814708146732
2009-09-17,-1.1110241275357577
2009-09-18,-1.1271017829213863
2009-09-21,-1.143814436971559
2009-09-22,-1.1611620896862762
2009-09-23,-1.1791447410655376
2009-09-24,-1.1977623911093433
2009-09-25,-1.2170150398176933
2009-09-28,-1.2369026871905875
2009-09-29,-1.2574253332280259
2009-09-30,-1.2785829779300086
2009-10-01,-2.203660714021945
2009-10-02,-2.2248438760171143
2009-10-05,-2.245417556640926
2009-10-06,-2.2653817558933804
2009-10-07,-2.284736473774477
2009-10-08,-2.303481710284216
2009-10-09,-2.3216174654225976
2009-10-12,-2.3391437391896215
2009-10-13,-2.356060531585288
2009-10-14,-2.372367842609597
2009-10-15,-2.388065672262548
2009-10-16,-2.4031540205441417
2009-10-19,-2.4176328874543778
2009-10-20,-2.431502272993256
2009-10-21,-2.444762177160777
2009-10-22,-2.4574125999569403
2009-10-23,-2.469453541381746
2009-10-26,-2.4808850014351944
2009-10-27,-2.4917069801172853
2009-10-28,-2.501919477428018
2009-10-29,-2.511522493367394
2009-10-30,-2.5205160279354115
2009-11-02,-2.528900081132072
2009-11-03,-2.536674652957375
2009-11-04,-2.54383974341132
2009-11-05,-2.550395352493908
2009-11-06,-2.5563414802051376
2009-11-09,-2.56167812654501
2009-11-10,-2.5664052915135254
2009-11-11,-2.5705229751106824
2009-11-12,-2.574031177336482
2009-11-13,-2.5769298981909246
2009-11-16,-2.5792191376740092
2009-11-17,-2.580898895785736
2009-11-18,-2.581969172526106
2009-11-19,-2.5824299678951177
2009-11-20,-2.582281281892772
2009-11-23,-2.5815231145190687
2009-11-24,-2.5801554657740082
2009-11-25,-2.5781783356575896
2009-11-26,-2.5755917241698136
2009-11-27,-2.5723956313106804
2009-11-30,-2.5685900570801894
2009-12-01,-2.5641750014783407
2009-12-02,-2.559150464505134
2009-12-03,-2.5535164461605704
2009-12-04,-2.5472729464446493
2009-12-07,-2.5404199653573705
2009-12-08,-2.532957502898734
2009-12-09,-2.5248855590687396
2009-12-10,-2.516204133867388
2009-12-11,-2.506913227294679
2009-12-14,-2.497012839350612
2009-12-15,-2.486502970035188
2009-12-16,-2.475383619348406
2009-12-17,-2.4636547872902663
2009-12-18,-2.451316473860769
2009-12-21,-2.4383686790599146
2009-12-22,-2.4248114028877024
2009-12-23,-2.4106446453441324
2009-12-24,-2.395868406429205
2009-12-25,-2.3804826861429205
2009-12-28,-2.3644874844852777
2009-12-29,-2.3478828014562776
2009-12-30,-2.33066863705592
2009-12-31,-2.312844991284205
2010-01-01,-1.4621736562836376
2010-01-04,-1.4437352899537816
2010-01-05,-1.4258677196603635
2010-01-06,-1.4085709454033832
2010-01-07,-1.391844967182841
2010-01-08,-1.3756897849987366
2010-01-11,-1.3601053988510698
2010-01-12,-1.3450918087398414
2010-01-13,-1.3306490146650503
2010-01-14,-1.3167770166266974
2010-01-15,-1.3034758146247822
2010-01-18,-1.290745408659305
2010-01-19,-1.2785857987302656
2010-01-20,-1.266996984837664
2010-01-21,-1.2559789669815005
2010-01-22,-1.2455317451617747
2010-01-25,-1.2356553193784867
2010-01-26,-1.2263496896316368
2010-01-27,-1.2176148559212245
2010-01-28,-1.2094508182472503
2010-01-29,-1.201857576609714
2010-02-01,-1.1948351310086154
2010-02-02,-1.1883834814439547
2010-02-03,-1.1825026279157318
2010-02-04,-1.177192570423947
2010-02-05,-1.1724533089685998
2010-02-08,-1.1682848435496906
2010-02-09,-1.1646871741672193
2010-02-10,-1.1616603008211859
2010-02-11,-1.1592042235115902
2010-02-12,-1.1573189422384325
2010-02-15,-1.1560044570017125
2010-02-16,-1.1552607678014306
2010-02-17,-1.1550878746375866
2010-02-18,-1.1554857775101803
2010-02-19,-1.156454476419212
2010-02-22,-1.1579939713646814
2010-02-23,-1.1601042623465887
2010-02-24,-1.1627853493649338
2010-02-25,-1.166037232419717
2010-02-26,-1.169859911510938
2010-03-01,-1.174253386638597
2010-03-02,-1.1792176578026936
2010-03-03,-1.1847527250032281
2010-03-04,-1.1908585882402005
2010-03-05,-1.197535247513611
2010-03-08,-1.204782702823459
2010-03-09,-1.2126009541697451
2010-03-10,-1.220990001552469
2010-03-11,-1.2299498449716308
2010-03-12,-1.2394804844272305
2010-03-15,-1.249581919919268
2010-03-16,-1.2602541514477434
2010-03-17,-1.2714971790126566
2010-03-18,-1.2833110026140078
2010-03-19,-1.2956956222517968
2010-03-22,-1.3086510379260237
2010-03-23,-1.3221772496366884
2010-03-24,-1.3362742573837911
2010-03-25,-1.3509420611673315
2010-03-26,-1.36618066098731
2010-03-29,-1.3819900568437262
2010-03-30,-1.3983702487365801
2010-03-31,-1.4153212366658723
2010-04-01,
2010-04-02,
2010-04-05,
2010-04-06,
2010-04-07,
2010-04-08,
2010-04-09,
2010-04-12,
2010-04-13,
2010-04-14,
2010-04-15,
2010-04-16,
2010-04-19,
2010-04-20,
2010-04-21,
2010-04-22,
2010-04-23,
2010-04-26,
2010-04-27,
2010-04-28,
2010-04-29,
2010-04-30,
2010-05-03,
2010-05-04,
2010-05-05,
2010-05-06,
2010-05-07,
2010-05-10,
2010-05-11,
2010-05-12,
2010-05-13,
2010-05-14,
2010-05-17,
2010-05-18,
2010-05-19,
2010-05-20,
2010-05-21,
2010-05-24,
2010-05-25,
2010-05-26,
2010-05-27,
2010-05-28,
2010-05-31,
2010-06-01,
2010-06-02,
2010-06-03,
2010-06-04,
2010-06-07,
2010-06-08,
2010-06-09,
2010-06-10,
2010-06-11,
2010-06-14,
2010-06-15,
2010-06-16,
2010-06-17,
2010-06-18,
2010-06-21,
2010-06-22,
2010-06-23,
2010-06-24,
2010-06-25,
2010-06-28,
2010-06-29,
2010-06-30,
2010-07-01,-2.1787437114851067
2010-07-02,-2.195243237865145
2010-07-05,-2.211251469809969
2010-07-06,-2.226768407319579
2010-07-07,-2.2417940503939735
2010-07-08,-2.256328399033154
2010-07-09,-2.2703714532371198
2010-07-12,-2.2839232130058713
2010-07-13,-2.2969836783394078
2010-07-14,-2.30955284923773
2010-07-15,-2.3216307257008375
2010-07-16,-2.333217307728731
2010-07-19,-2.3443125953214095
2010-07-20,-2.3549165884788734
2010-07-21,-2.3650292872011227
2010-07-22,-2.3746506914881578
2010-07-23,-2.3837808013399777
2010-07-26,-2.392419616756584
2010-07-27,-2.400567137737975
2010-07-28,-2.4082233642841517
2010-07-29,-2.415388296395114
2010-07-30,-2.4220619340708613
2010-08-02,-2.428244277311394
2010-08-03,-2.4339353261167127
2010-08-04,-2.4391350804868166
2010-08-05,-2.443843540421706
2010-08-06,-2.448060705921381
2010-08-09,-2.451786576985841
2010-08-10,-2.4550211536150868
2010-08-11,-2.4577644358091177
2010-08-12,-2.4600164235679345
2010-08-13,-2.4617771168915366
2010-08-16,-2.463046515779924
2010-08-17,-2.4638246202330967
2010-08-18,-2.464111430251055
2010-08-19,-2.463906945833799
2010-08-20,-2.463211166981328
2010-08-23,-2.462024093693643
2010-08-24,-2.460345725970743
2010-08-25,-2.4581760638126284
2010-08-26,-2.4555151072192998
2010-08-27,-2.452362856190756
2010-08-30,-2.448719310726998
2010-08-31,-2.4445844708280253
2010-09-01,-2.4399583364938384
2010-09-02,-2.4348409077244364
2010-09-03,-2.42923218451982
2010-09-06,-2.4231321668799897
2010-09-07,-2.416540854804944
2010-09-08,-2.4094582482946842
2010-09-09,-2.4018843473492097
2010-09-10,-2.3938191519685206
2010-09-13,-2.385262662152617
2010-09-14,-2.376214877901499
2010-09-15,-2.3666757992151664
2010-09-16,-2.356645426093619
2010-09-17,-2.3461237585368573
2010-09-20,-2.335110796544881
2010-09-21,-2.32360654011769
2010-09-22,-2.3116109892552843
2010-09-23,-2.2991241439576644
2010-09-24,-2.28614600422483
2010-09-27,-2.2726765700567806
2010-09-28,-2.258715841453517
2010-09-29,-2.244263818415039
2010-09-30,-2.229320500941346
2010-10-01,-1.6079848806026704
2010-10-04,-1.592893740286236
2010-10-05,-1.5781460715622744
2010-10-06,-1.5637418744307856
2010-10-07,-1.5496811488917697
2010-10-08,-1.5359638949452266
2010-10-11,-1.5225901125911563
2010-10-12,-1.5095598018295588
2010-10-13,-1.4968729626604342
2010-10-14,-1.4845295950837825
2010-10-15,-1.4725296990996035
2010-10-18,-1.4608732747078976
2010-10-19,-1.4495603219086644
2010-10-20,-1.438590840701904
2010-10-21,-1.4279648310876163
2010-10-22,-1.4176822930658017
2010-10-25,-1.4077432266364598
2010-10-26,-1.398147631799591
2010-10-27,-1.3888955085551946
2010-10-28,-1.3799868569032714
2010-10-29,-1.3714216768438208
2010-11-01,-1.3631999683768432
2010-11-02,-1.3553217315023385
2010-11-03,-1.3477869662203066
2010-11-04,-1.3405956725307473
2010-11-05,-1.333747850433661
2010-11-08,-1.3272434999290477
2010-11-09,-1.321082621016907
2010-11-10,-1.3152652136972394
2010-11-11,-1.3097912779700445
2010-11-12,-1.3046608138353224
2010-11-15,-1.2998738212930732
2010-11-16,-1.295430300343297
2010-11-17,-1.2913302509859934
2010-11-18,-1.2875736732211627
2010-11-19,-1.2841605670488048
2010-11-22,-1.28109093246892
2010-11-23,-1.2783647694815077
2010-11-24,-1.2759820780865683
2010-11-25,-1.273942858284102
2010-11-26,-1.2722471100741084
2010-11-29,-1.2708948334565875
2010-11-30,-1.2698860284315396
2010-12-01,-1.2692206949989644
2010-12-02,-1.2688988331588622
2010-12-03,-1.2689204429112328
2010-12-06,-1.2692855242560763
2010-12-07,-1.2699940771933926
2010-12-08,-1.2710461017231816
2010-12-09,-1.2724415978454435
2010-12-10,-1.2741805655601783
2010-12-13,-1.2762630048673862
2010-12-14,-1.2786889157670667
2010-12-15,-1.28145829825922
2010-12-16,-1.2845711523438461
2010-12-17,-1.288027478020945
2010-12-20,-1.2918272752905169
2010-12-21,-1.2959705441525617
2010-12-22,-1.3004572846070792
2010-12-23,-1.3052874966540697
2010-12-24,-1.3104611802935329
2010-12-27,-1.3159783355254688
2010-12-28,-1.3218389623498779
2010-12-29,-1.3280430607667597
2010-12-30,-1.3345906307761142
2010-12-31,-1.3414816723779417
2011-01-03,-1.85432079024631
2011-01-04,-1.861406014308283
2011-01-05,-1.868115870700607
2011-01-06,-1.8744503594232815
2011-01-07,-1.8804094804763072
2011-01-10,-1.8859932338596836
2011-01-11,-1.8912016195734112
2011-01-12,-1.8960346376174892
2011-01-13,-1.9004922879919184
2011-01-14,-1.9045745706966983
2011-01-17,-1.908281485731829
2011-01-18,-1.911613033097311
2011-01-19,-1.9145692127931433
2011-01-20,-1.9171500248193267
2011-01-21,-1.919355469175861
2011-01-24,-1.9211855458627463
2011-01-25,-1.9226402548799821
2011-01-26,-1.923719596227569
2011-01-27,-1.9244235699055068
2011-01-28,-1.9247521759137953
2011-01-31,-1.9247054142524347
2011-02-01,-1.924283284921425
2011-02-02,-1.9234857879207663
2011-02-03,-1.9223129232504583
2011-02-04,-1.9207646909105012
2011-02-07,-1.918841090900895
2011-02-08,-1.9165421232216395
2011-02-09,-1.913867787872735
2011-02-10,-1.9108180848541814
2011-02-11,-1.9073930141659787
2011-02-14,-1.9035925758081267
2011-02-15,-1.8994167697806257
2011-02-16,-1.8948655960834755
2011-02-17,-1.8899390547166761
2011-02-18,-1.8846371456802278
2011-02-21,-1.87895986897413
2011-02-22,-1.8729072245983833
2011-02-23,-1.8664792125529874
2011-02-24,-1.8596758328379426
2011-02-25,-1.8524970854532483
2011-02-28,-1.844942970398905
2011-03-01,-1.8370134876749127
2011-03-02,-1.828708637281271
2011-03-03,-1.8200284192179805
2011-03-04,-1.8109728334850406
2011-03-07,-1.8015418800824516
2011-03-08,-1.7917355590102135
2011-03-09,-1.7815538702683262
2011-03-10,-1.77099681385679
2011-03-11,-1.7600643897756045
2011-03-14,-1.7487565980247697
2011-03-15,-1.737073438604286
2011-03-16,-1.725014911514153
2011-03-17,-1.7125810167543711
2011-03-18,-1.6997717543249398
2011-03-21,-1.6865871242258594
2011-03-22,-1.6730271264571301
2011-03-23,-1.6590917610187514
2011-03-24,-1.6447810279107238
2011-03-25,-1.630094927133047
2011-03-28,-1.615033458685721
2011-03-29,-1.5995966225687457
2011-03-30,-1.5837844187821213
2011-03-31,-1.567596847325848
2011-04-01,-0.952813531565919
2011-04-04,-0.9369914286911025
2011-04-05,-0.921655347619301
2011-04-06,-0.9068052883505143
2011-04-07,-0.8924412508847427
2011-04-08,-0.8785632352219859
2011-04-11,-0.8651712413622441
2011-04-12,-0.8522652693055173
2011-04-13,-0.8398453190518054
2011-04-14,-0.8279113906011083
2011-04-15,-0.8164634839534263
2011-04-18,-0.8055015991087591
2011-04-19,-0.7950257360671069
2011-04-20,-0.7850358948284697
2011-04-21,-0.7755320753928474
2011-04-22,-0.7665142777602401
2011-04-25,-0.7579825019306476
2011-04-26,-0.7499367479040702
2011-04-27,-0.7423770156805076
2011-04-28,-0.73530330525996
2011-04-29,-0.7287156166424273
2011-05-02,-0.7226139498279096
2011-05-03,-0.7169983048164068
2011-05-04,-0.7118686816079189
2011-05-05,-0.707225080202446
2011-05-06,-0.703067500599988
2011-05-09,-0.6993959428005451
2011-05-10,-0.6962104068041169
2011-05-11,-0.6935108926107038
2011-05-12,-0.6912974002203055
2011-05-13,-0.6895699296329222
2011-05-16,-0.6883284808485539
2011-05-17,-0.6875730538672005
2011-05-18,-0.687303648688862
2011-05-19,-0.6875202653135385
2011-05-20,-0.6882229037412299
2011-05-23,-0.6894115639719361
2011-05-24,-0.6910862460056575
2011-05-25,-0.6932469498423937
2011-05-26,-0.6958936754821449
2011-05-27,-0.6990264229249109
2011-05-30,-0.702645192170692
2011-05-31,-0.7067499832194879
2011-06-01,-0.7113407960712989
2011-06-02,-0.7164176307261247
2011-06-03,-0.7219804871839655
2011-06-06,-0.7280293654448212
2011-06-07,-0.7345642655086918
2011-06-08,-0.7415851873755774
2011-06-09,-0.749092131045478
2011-06-10,-0.7570850965183935
2011-06-13,-0.7655640837943238
2011-06-14,-0.7745290928732693
2011-06-15,-0.7839801237552295
2011-06-16,-0.7939171764402048
2011-06-17,-0.8043402509281949
2011-06-20,-0.8152493472192001
2011-06-21,-0.8266444653132201
2011-06-22,-0.8385256052102551
2011-06-23,-0.850892766910305
2011-06-24,-0.8637459504133699
2011-06-27,-0.8770851557194497
2011-06-28,-0.8909103828285444
2011-06-29,-0.9052216317406541
2011-06-30,-0.9200189024557788
2011-07-01,-1.5603083940609974
2011-07-04,-1.574970276352992
2011-07-05,-1.5892423134569955
2011-07-06,-1.6031245053730077
2011-07-07,-1.6166168521010287
2011-07-08,-1.6297193536410584
2011-07-11,-1.642432009993097
2011-07-12,-1.6547548211571441
2011-07-13,-1.6666877871332002
2011-07-14,-1.678230907921265
2011-07-15,-1.6893841835213386
2011-07-18,-1.7001476139334208
2011-07-19,-1.710521199157512
2011-07-20,-1.7205049391936118
2011-07-21,-1.7300988340417203
2011-07-22,-1.7393028837018376
2011-07-25,-1.7481170881739638
2011-07-26,-1.7565414474580987
2011-07-27,-1.7645759615542425
2011-07-28,-1.7722206304623949
2011-07-29,-1.779475454182556
2011-08-01,-1.7863404327147259
2011-08-02,-1.7928155660589047
2011-08-03,-1.7989008542150922
2011-08-04,-1.8045962971832883
2011-08-05,-1.8099018949634933
2011-08-08,-1.8148176475557072
2011-08-09,-1.8193435549599297
2011-08-10,-1.823479617176161
2011-08-11,-1.827225834204401
2011-08-12,-1.8305822060446497
2011-08-15,-1.8335487326969073
2011-08-16,-1.8361254141611736
2011-08-17,-1.8383122504374487
2011-08-18,-1.8401092415257327
2011-08-19,-1.8415163874260252
2011-08-22,-1.8425336881383267
2011-08-23,-1.8431611436626367
2011-08-24,-1.8433987539989558
2011-08-25,-1.8432465191472833
2011-08-26,-1.84270443910762
2011-08-29,-1.841772513879965
2011-08-30,-1.840450743464319
2011-08-31,-1.8387391278606817
2011-09-01,-1.8366376670690532
2011-09-02,-1.8341463610894335
2011-09-05,-1.8312652099218225
2011-09-06,-1.8279942135662204
2011-09-07,-1.824333372022627
2011-09-08,-1.820282685291042
2011-09-09,-1.8158421533714661
2011-09-12,-1.811011776263899
2011-09-13,-1.8057915539683407
2011-09-14,-1.8001814864847911
2011-09-15,-1.79418157381325
2011-09-16,-1.787791815953718
2011-09-19,-1.7810122129061947
2011-09-20,-1.77384276467068
2011-09-21,-1.7662834712471742
2011-09-22,-1.7583343326356773
2011-09-23,-1.749995348836189
2011-09-26,-1.7412665198487094
2011-09-27,-1.7321478456732387
2011-09-28,-1.7226393263097766
2011-09-29,-1.7127409617583234
2011-09-30,-1.7024527520188788
2011-10-03,-1.3297971012458245
2011-10-04,-1.3190668890398738
2011-10-05,-1.3084487973235222
2011-10-06,-1.29794282609677
2011-10-07,-1.2875489753596172
2011-10-10,-1.2772672451120637
2011-10-11,-1.2670976353541095
2011-10-12,-1.2570401460857548
2011-10-13,-1.2470947773069991
2011-10-14,-1.237261529017843
2011-10-17,-1.227540401218286
2011-10-18,-1.2179313939083285
2011-10-19,-1.2084345070879703
2011-10-20,-1.1990497407572112
2011-10-21,-1.1897770949160515
2011-10-24,-1.1806165695644912
2011-10-25,-1.1715681647025304
2011-10-26,-1.1626318803301687
2011-10-27,-1.1538077164474063
2011-10-28,-1.1450956730542432
2011-10-31,-1.1364957501506796
2011-11-01,-1.1280079477367153
2011-11-02,-1.11963226581235
2011-11-03,-1.1113687043775844
2011-11-04,-1.103217263432418
2011-11-07,-1.095177942976851
2011-11-08,-1.087250743010883
2011-11-09,-1.0794356635345146
2011-11-10,-1.0717327045477456
2011-11-11,-1.0641418660505757
2011-11-14,-1.0566631480430053
2011-11-15,-1.049296550525034
2011-11-16,-1.0420420734966622
2011-11-17,-1.0348997169578897
2011-11-18,-1.0278694809087165
2011-11-21,-1.0209513653491427
2011-11-22,-1.014145370279168
2011-11-23,-1.0074514956987928
2011-11-24,-1.0008697416080168
2011-11-25,-0.9944001080068403
2011-11-28,-0.9880425948952629
2011-11-29,-0.981797202273285
2011-11-30,-0.9756639301409064
2011-12-01,-0.9696427784981271
2011-12-02,-0.9637337473449471
2011-12-05,-0.9579368366813664
2011-12-06,-0.952252046507385
2011-12-07,-0.946679376823003
2011-12-08,-0.9412188276282203
2011-12-09,-0.9358703989230369
2011-12-12,-0.9306340907074528
2011-12-13,-0.9255099029814681
2011-12-14,-0.9204978357450826
2011-12-15,-0.9155978889982965
2011-12-16,-0.9108100627411098
2011-12-19,-0.9061343569735223
2011-12-20,-0.9015707716955341
2011-12-21,-0.8971193069071453
2011-12-22,-0.8927799626083557
2011-12-23,-0.8885527387991656
2011-12-26,-0.8844376354795747
2011-12-27,-0.8804346526495832
2011-12-28,-0.8765437903091909
2011-12-29,-0.872765048458398
2011-12-30,-0.8690984270972044
2012-01-02,-0.8045153158045466
2012-01-03,-0.801159623789627
2012-01-04,-0.7980027406313822
2012-01-05,-0.795044666329812
2012-01-06,-0.7922854008849165
2012-01-09,-0.7897249442966957
2012-01-10,-0.7873632965651496
2012-01-11,-0.7852004576902782
2012-01-12,-0.7832364276720816
2012-01-13,-0.7814712065105596
2012-01-16,-0.7799047942057122
2012-01-17,-0.7785371907575396
2012-01-18,-0.7773683961660417
2012-01-19,-0.7763984104312185
2012-01-20,-0.77562723355307
2012-01-23,-0.7750548655315961
2012-01-24,-0.774681306366797
2012-01-25,-0.7745065560586726
2012-01-26,-0.7745306146072228
2012-01-27,-0.7747534820124478
2012-01-30,-0.7751751582743474
2012-01-31,-0.7757956433929217
2012-02-01,-0.7766149373681708
2012-02-02,-0.7776330402000945
2012-02-03,-0.7788499518886929
2012-02-06,-0.780265672433966
2012-02-07,-0.7818802018359139
2012-02-08,-0.7836935400945364
2012-02-09,-0.7857056872098336
2012-02-10,-0.7879166431818054
2012-02-13,-0.7903264080104521
2012-02-14,-0.7929349816957734
2012-02-15,-0.7957423642377693
2012-02-16,-0.79874855563644
2012-02-17,-0.8019535558917854
2012-02-20,-0.8053573650038055
2012-02-21,-0.8089599829725003
2012-02-22,-0.8127614097978697
2012-02-23,-0.8167616454799139
2012-02-24,-0.8209606900186327
2012-02-27,-0.8253585434140263
2012-02-28,-0.8299552056660945
2012-02-29,-0.8347506767748375
2012-03-01,-0.8397449567402551
2012-03-02,-0.8449380455623474
2012-03-05,-0.8503299432411144
2012-03-06,-0.8559206497765561
2012-03-07,-0.8617101651686726
2012-03-08,-0.8676984894174637
2012-03-09,-0.8738856225229295
2012-03-12,-0.88027156448507
2012-03-13,-0.8868563153038852
2012-03-14,-0.8936398749793751
2012-03-15,-0.9006222435115396
2012-03-16,-0.907803420900379
2012-03-19,-0.915183407145893
2012-03-20,-0.9227622022480817
2012-03-21,-0.930539806206945
2012-03-22,-0.9385162190224832
2012-03-23,-0.9466914406946958
2012-03-26,-0.9550654712235833
2012-03-27,-0.9636383106091455
2012-03-28,-0.9724099588513824
2012-03-29,-0.9813804159502939
2012-03-30,-0.9905496819058801
2012-04-02,-1.2467850988139557
2012-04-03,-1.2560013186446872
2012-04-04,-1.265065683493889
2012-04-05,-1.273978193361561
2012-04-06,-1.2827388482477038
2012-04-09,-1.2913476481523167
2012-04-10,-1.2998045930754
2012-04-11,-1.3081096830169539
2012-04-12,-1.316262917976978
2012-04-13,-1.3242642979554728
2012-04-16,-1.3321138229524379
2012-04-17,-1.3398114929678733
2012-04-18,-1.3473573080017793
2012-04-19,-1.3547512680541556
2012-04-20,-1.3619933731250022
2012-04-23,-1.3690836232143193
2012-04-24,-1.3760220183221068
2012-04-25,-1.382808558448365
2012-04-26,-1.3894432435930932
2012-04-27,-1.395926073756292
2012-04-30,-1.402257048937961
2012-05-01,-1.4084361691381009
2012-05-02,-1.4144634343567108
2012-05-03,-1.4203388445937912
2012-05-04,-1.426062399849342
2012-05-07,-1.4316341001233632
2012-05-08,-1.437053945415855
2012-05-09,-1.442321935726817
2012-05-10,-1.4474380710562496
2012-05-11,-1.4524023514041524
2012-05-14,-1.457214776770526
2012-05-15,-1.4618753471553696
2012-05-16,-1.4663840625586837
2012-05-17,-1.4707409229804682
2012-05-18,-1.4749459284207231
2012-05-21,-1.4789990788794487
2012-05-22,-1.4829003743566445
2012-05-23,-1.4866498148523106
2012-05-24,-1.4902474003664472
2012-05-25,-1.4936931308990542
2012-05-28,-1.4969870064501318
2012-05-29,-1.5001290270196797
2012-05-30,-1.5031191926076979
2012-05-31,-1.5059575032141865
2012-06-01,-1.5086439588391456
2012-06-04,-1.511178559482575
2012-06-05,-1.5135613051444752
2012-06-06,-1.5157921958248455
2012-06-07,-1.5178712315236862
2012-06-08,-1.5197984122409973
2012-06-11,-1.5215737379767789
2012-06-12,-1.5231972087310308
2012-06-13,-1.5246688245037534
2012-06-14,-1.5259885852949462
2012-06-15,-1.5271564911046094
2012-06-18,-1.528172541932743
2012-06-19,-1.529036737779347
2012-06-20,-1.5297490786444214
2012-06-21,-1.5303095645279665
2012-06-22,-1.5307181954299818
2012-06-25,-1.5309749713504675
2012-06-26,-1.5310798922894235
2012-06-27,-1.53103295824685
2012-06-28,-1.530834169222747
2012-06-29,-1.5304835252171145
2012-07-02,-1.5014379330580199
2012-07-03,-1.5008241232557653
2012-07-04,-1.5000990026384189
2012-07-05,-1.49926257120598
2012-07-06,-1.4983148289584491
2012-07-09,-1.497255775895826
2012-07-10,-1.4960854120181106
2012-07-11,-1.4948037373253031
2012-07-12,-1.4934107518174033
2012-07-13,-1.4919064554944115
2012-07-16,-1.4902908483563275
2012-07-17,-1.4885639304031513
2012-07-18,-1.4867257016348827
2012-07-19,-1.4847761620515223
2012-07-20,-1.4827153116530694
2012-07-23,-1.4805431504395243
2012-07-24,-1.4782596784108872
2012-07-25,-1.4758648955671578
2012-07-26,-1.4733588019083363
2012-07-27,-1.4707413974344228
2012-07-30,-1.4680126821454167
2012-07-31,-1.4651726560413187
2012-08-01,-1.4622213191221285
2012-08-02,-1.459158671387846
2012-08-03,-1.4559847128384713
2012-08-06,-1.4526994434740046
2012-08-07,-1.4493028632944456
2012-08-08,-1.4457949722997945
2012-08-09,-1.442175770490051
2012-08-10,-1.4384452578652156
2012-08-13,-1.4346034344252878
2012-08-14,-1.430650300170268
2012-08-15,-1.4265858551001558
2012-08-16,-1.4224100992149515
2012-08-17,-1.418123032514655
2012-08-20,-1.4137246549992664
2012-08-21,-1.4092149666687857
2012-08-22,-1.4045939675232126
2012-08-23,-1.3998616575625473
2012-08-24,-1.3950180367867901
2012-08-27,-1.3900631051959405
2012-08-28,-1.3849968627899987
2012-08-29,-1.3798193095689648
2012-08-30,-1.3745304455328387
2012-08-31,-1.3691302706816204
2012-09-03,-1.3636187850153099
2012-09-04,-1.3579959885339072
2012-09-05,-1.3522618812374125
2012-09-06,-1.3464164631258255
2012-09-07,-1.3404597341991462
2012-09-10,-1.3343916944573748
2012-09-11,-1.3282123439005113
2012-09-12,-1.3219216825285556
2012-09-13,-1.3155197103415075
2012-09-14,-1.3090064273393673
2012-09-17,-1.302381833522135
2012-09-18,-1.2956459288898106
2012-09-19,-1.288798713442394
2012-09-20,-1.281840187179885
2012-09-21,-1.274770350102284
2012-09-24,-1.267589202209591
2012-09-25,-1.2602967435018055
2012-09-26,-1.2528929739789278
2012-09-27,-1.245377893640958
2012-09-28,-1.2377515024878962
2012-10-01,-1.0641580398479102
2012-10-02,-1.0566581979226486
2012-10-03,-1.049278978131671
2012-10-04,-1.0420203804749777
2012-10-05,-1.0348824049525684
2012-10-08,-1.0278650515644436
2012-10-09,-1.0209683203106028
2012-10-10,-1.014192211191046
2012-10-11,-1.0075367242057731
2012-10-12,-1.0010018593547847
2012-10-15,-0.9945876166380804
2012-10-16,-0.9882939960556604
2012-10-17,-0.9821209976075241
2012-10-18,-0.9760686212936723
2012-10-19,-0.9701368671141045
2012-10-22,-0.9643257350688209
2012-10-23,-0.9586352251578214
2012-10-24,-0.9530653373811061
2012-10-25,-0.9476160717386749
2012-10-26,-0.9422874282305278
2012-10-29,-0.9370794068566649
2012-10-30,-0.9319920076170861
2012-10-31,-0.9270252305117915
2012-11-01,-0.922179075540781
2012-11-02,-0.9174535427040547
2012-11-05,-0.9128486320016125
2012-11-06,-0.9083643434334544
2012-11-07,-0.9040006769995804
2012-11-08,-0.8997576326999907
2012-11-09,-0.895635210534685
2012-11-12,-0.8916334105036635
2012-11-13,-0.8877522326069262
2012-11-14,-0.8839916768444729
2012-11-15,-0.8803517432163038
2012-11-16,-0.8768324317224189
2012-11-19,-0.8734337423628181
2012-11-20,-0.8701556751375015
2012-11-21,-0.8669982300464689
2012-11-22,-0.8639614070897206
2012-11-23,-0.8610452062672563
2012-11-26,-0.8582496275790762
2012-11-27,-0.8555746710251803
2012-11-28,-0.8530203366055684
2012-11-29,-0.8505866243202408
2012-11-30,-0.8482735341691973
2012-12-03,-0.8460810661524378
2012-12-04,-0.8440092202699626
2012-12-05,-0.8420579965217715
2012-12-06,-0.8402273949078645
2012-12-07,-0.8385174154282417
2012-12-10,-0.836928058082903
2012-12-11,-0.8354593228718484
2012-12-12,-0.834111209795078
2012-12-13,-0.8328837188525918
2012-12-14,-0.8317768500443897
2012-12-17,-0.8307906033704717
2012-12-18,-0.8299249788308378
2012-12-19,-0.8291799764254881
2012-12-20,-0.8285555961544226
2012-12-21,-0.8280518380176413
2012-12-24,-0.827668702015144
2012-12-25,-0.8274061881469308
2012-12-26,-0.8272642964130018
2012-12-27,-0.8272430268133569
2012-12-28,-0.8273423793479963
2012-12-31,-0.8275623540169197
2013-01-01,-0.8216239632583413
2013-01-02,-0.8221126921734632
2013-01-03,-0.822738909550399
2013-01-04,-0.8235026153891489
2013-01-07,-0.8244038096897128
2013-01-08,-0.8254424924520908
2013-01-09,-0.8266186636762828
2013-01-10,-0.8279323233622888
2013-01-11,-0.8293834715101088
2013-01-14,-0.830972108119743
2013-01-15,-0.8326982331911911
2013-01-16,-0.8345618467244532
2013-01-17,-0.8365629487195294
2013-01-18,-0.8387015391764195
2013-01-21,-0.8409776180951238
2013-01-22,-0.8433911854756421
2013-01-23,-0.8459422413179744
2013-01-24,-0.8486307856221207
2013-01-25,-0.851456818388081
2013-01-28,-0.8544203396158554
2013-01-29,-0.8575213493054438
2013-01-30,-0.8607598474568462
2013-01-31,-0.8641358340700627
2013-02-01,-0.8676493091450932
2013-02-04,-0.8713002726819377
2013-02-05,-0.8750887246805963
2013-02-06,-0.8790146651410689
2013-02-07,-0.8830780940633555
2013-02-08,-0.8872790114474561
2013-02-11,-0.8916174172933707
2013-02-12,-0.8960933116010995
2013-02-13,-0.9007066943706422
2013-02-14,-0.905457565601999
2013-02-15,-0.9103459252951698
2013-02-18,-0.9153717734501545
2013-02-19,-0.9205351100669534
2013-02-20,-0.9258359351455663
2013-02-21,-0.9312742486859932
2013-02-22,-0.9368500506882341
2013-02-25,-0.9425633411522891
2013-02-26,-0.9484141200781582
2013-02-27,-0.9544023874658412
2013-02-28,-0.9605281433153382
2013-03-01,-0.9667913876266493
2013-03-04,-0.9731921203997744
2013-03-05,-0.9797303416347136
2013-03-06,-0.9864060513314667
2013-03-07,-0.993219249490034
2013-03-08,-1.0001699361104153
2013-03-11,-1.0072581111926104
2013-03-12,-1.0144837747366198
2013-03-13,-1.021846926742443
2013-03-14,-1.0293475672100805
2013-03-15,-1.0369856961395318
2013-03-18,-1.0447613135307972
2013-03-19,-1.0526744193838766
2013-03-20,-1.0607250136987703
2013-03-21,-1.0689130964754776
2013-03-22,-1.0772386677139991
2013-03-25,-1.0857017274143348
2013-03-26,-1.0943022755764844
2013-03-27,-1.103040312200448
2013-03-28,-1.1119158372862257
2013-03-29,-1.1209288508338173
2013-04-01,
2013-04-02,
2013-04-03,
2013-04-04,
2013-04-05,
2013-04-08,
2013-04-09,
2013-04-10,
2013-04-11,
2013-04-12,
2013-04-15,
2013-04-16,
2013-04-17,
2013-04-18,
2013-04-19,
2013-04-22,
2013-04-23,
2013-04-24,
2013-04-25,
2013-04-26,
2013-04-29,
2013-04-30,
2013-05-01,
2013-05-02,
2013-05-03,
2013-05-06,
2013-05-07,
2013-05-08,
2013-05-09,
2013-05-10,
2013-05-13,
2013-05-14,
2013-05-15,
2013-05-16,
2013-05-17,
2013-05-20,
2013-05-21,
2013-05-22,
2013-05-23,
2013-05-24,
2013-05-27,
2013-05-28,
2013-05-29,
2013-05-30,
2013-05-31,
2013-06-03,
2013-06-04,
2013-06-05,
2013-06-06,
2013-06-07,
2013-06-10,
2013-06-11,
2013-06-12,
2013-06-13,
2013-06-14,
2013-06-17,
2013-06-18,
2013-06-19,
2013-06-20,
2013-06-21,
2013-06-24,
2013-06-25,
2013-06-26,
2013-06-27,
2013-06-28,
2013-07-01,
2013-07-02,
2013-07-03,
2013-07-04,
2013-07-05,
2013-07-08,
2013-07-09,
2013-07-10,
2013-07-11,
2013-07-12,
2013-07-15,
2013-07-16,
2013-07-17,
2013-07-18,
2013-07-19,
2013-07-22,
2013-07-23,
2013-07-24,
2013-07-25,
2013-07-26,
2013-07-29,
2013-07-30,
2013-07-31,
2013-08-01,
2013-08-02,
2013-08-05,
2013-08-06,
2013-08-07,
2013-08-08,
2013-08-09,
2013-08-12,
2013-08-13,
2013-08-14,
2013-08-15,
2013-08-16,
2013-08-19,
2013-08-20,
2013-08-21,
2013-08-22,
2013-08-23,
2013-08-26,
2013-08-27,
2013-08-28,
2013-08-29,
2013-08-30,
2013-09-02,
2013-09-03,
2013-09-04,
2013-09-05,
2013-09-06,
2013-09-09,
2013-09-10,
2013-09-11,
2013-09-12,
2013-09-13,
2013-09-16,
2013-09-17,
2013-09-18,
2013-09-19,
2013-09-20,
2013-09-23,
2013-09-24,
2013-09-25,
2013-09-26,
2013-09-27,
2013-09-30,
2013-10-01,-1.2922846008275453
2013-10-02,-1.3010634295699248
2013-10-03,-1.3097478729849574
2013-10-04,-1.318337931072643
2013-10-07,-1.3268336038329815
2013-10-08,-1.3352348912659728
2013-10-09,-1.3435417933716172
2013-10-10,-1.3517543101499143
2013-10-11,-1.3598724416008645
2013-10-14,-1.3678961877244675
2013-10-15,-1.3758255485207236
2013-10-16,-1.3836605239896325
2013-10-17,-1.3914011141311944
2013-10-18,-1.3990473189454091
2013-10-21,-1.4065991384322767
2013-10-22,-1.4140565725917973
2013-10-23,-1.421419621423971
2013-10-24,-1.4286882849287974
2013-10-25,-1.4358625631062767
2013-10-28,-1.442942455956409
2013-10-29,-1.4499279634791942
2013-10-30,-1.4568190856746324
2013-10-31,-1.4636158225427234
2013-11-01,-1.4703181740834674
2013-11-04,-1.4769261402968643
2013-11-05,-1.4834397211829142
2013-11-06,-1.489858916741617
2013-11-07,-1.4961837269729727
2013-11-08,-1.5024141518769814
2013-11-11,-1.5085501914536428
2013-11-12,-1.5145918457029572
2013-11-13,-1.5205391146249247
2013-11-14,-1.526391998219545
2013-11-15,-1.5321504964868182
2013-11-18,-1.5378146094267444
2013-11-19,-1.5433843370393234
2013-11-20,-1.5488596793245555
2013-11-21,-1.5542406362824404
2013-11-22,-1.5595272079129783
2013-11-25,-1.564719394216169
2013-11-26,-1.5698171951920128
2013-11-27,-1.5748206108405094
2013-11-28,-1.5797296411616588
2013-11-29,-1.5845442861554613
2013-12-02,-1.5892645458219168
2013-12-03,-1.5938904201610251
2013-12-04,-1.5984219091727863
2013-12-05,-1.6028590128572004
2013-12-06,-1.6072017312142675
2013-12-09,-1.6114500642439875
2013-12-10,-1.6156040119463606
2013-12-11,-1.6196635743213863
2013-12-12,-1.6236287513690653
2013-12-13,-1.6274995430893968
2013-12-16,-1.6312759494823814
2013-12-17,-1.634957970548019
2013-12-18,-1.6385456062863095
2013-12-19,-1.642038856697253
2013-12-20,-1.6454377217808491
2013-12-23,-1.6487422015370985
2013-12-24,-1.6519522959660007
2013-12-25,-1.6550680050675557
2013-12-26,-1.6580893288417637
2013-12-27,-1.6610162672886246
2013-12-30,-1.6638488204081385
2013-12-31,-1.6665869882003055
2014-01-01,-1.4561832311576395
2014-01-02,-1.4591214718711403
2014-01-03,-1.4622715526312968
2014-01-06,-1.4656334734381087
2014-01-07,-1.4692072342915763
2014-01-08,-1.4729928351916992
2014-01-09,-1.4769902761384779
2014-01-10,-1.481199557131912
2014-01-13,-1.4856206781720018
2014-01-14,-1.490253639258747
2014-01-15,-1.495098440392148
2014-01-16,-1.5001550815722042
2014-01-17,-1.505423562798916
2014-01-20,-1.5109038840722837
2014-01-21,-1.5165960453923066
2014-01-22,-1.5225000467589853
2014-01-23,-1.5286158881723193
2014-01-24,-1.534943569632309
2014-01-27,-1.5414830911389543
2014-01-28,-1.548234452692255
2014-01-29,-1.5551976542922112
2014-01-30,-1.562372695938823
2014-01-31,-1.5697595776320905
2014-02-03,-1.5773582993720134
2014-02-04,-1.585168861158592
2014-02-05,-1.5931912629918261
2014-02-06,-1.6014255048717156
2014-02-07,-1.6098715867982607
2014-02-10,-1.6185295087714615
2014-02-11,-1.6273992707913176
2014-02-12,-1.6364808728578295
2014-02-13,-1.645774314970997
2014-02-14,-1.6552795971308196
2014-02-17,-1.664996719337298
2014-02-18,-1.674925681590432
2014-02-19,-1.6850664838902216
2014-02-20,-1.6954191262366667
2014-02-21,-1.7059836086297675
2014-02-24,-1.7167599310695236
2014-02-25,-1.7277480935559353
2014-02-26,-1.7389480960890025
2014-02-27,-1.7503599386687254
2014-02-28,-1.7619836212951039
2014-03-03,-1.7738191439681377
2014-03-04,-1.7858665066878272
2014-03-05,-1.7981257094541723
2014-03-06,-1.8105967522671726
2014-03-07,-1.823279635126829
2014-03-10,-1.8361743580331404
2014-03-11,-1.8492809209861079
2014-03-12,-1.8625993239857306
2014-03-13,-1.8761295670320088
2014-03-14,-1.8898716501249426
2014-03-17,-1.9038255732645322
2014-03-18,-1.917991336450777
2014-03-19,-1.9323689396836776
2014-03-20,-1.9469583829632338
2014-03-21,-1.9617596662894452
2014-03-24,-1.9767727896623126
2014-03-25,-1.9919977530818354
2014-03-26,-2.007434556548013
2014-03-27,-2.0230832000608467
2014-03-28,-2.038943683620337
2014-03-31,-2.055016007226482
2014-04-01,-2.4784561446253375
2014-04-02,-2.4941166286995293
2014-04-03,-2.509403958789771
2014-04-04,-2.5243181348960624
2014-04-07,-2.538859157018403
2014-04-08,-2.5530270251567937
2014-04-09,-2.5668217393112345
2014-04-10,-2.5802432994817246
2014-04-11,-2.5932917056682645
2014-04-14,-2.6059669578708546
2014-04-15,-2.618269056089494
2014-04-16,-2.6301980003241834
2014-04-17,-2.6417537905749224
2014-04-18,-2.6529364268417113
2014-04-21,-2.6637459091245494
2014-04-22,-2.674182237423438
2014-04-23,-2.684245411738376
2014-04-24,-2.6939354320693636
2014-04-25,-2.7032522984164014
2014-04-28,-2.7121960107794885
2014-04-29,-2.720766569158626
2014-04-30,-2.7289639735538125
2014-05-01,-2.736788223965049
2014-05-02,-2.7442393203923356
2014-05-05,-2.7513172628356717
2014-05-06,-2.7580220512950575
2014-05-07,-2.764353685770493
2014-05-08,-2.7703121662619785
2014-05-09,-2.7758974927695133
2014-05-12,-2.781109665293098
2014-05-13,-2.785948683832733
2014-05-14,-2.790414548388417
2014-05-15,-2.7945072589601514
2014-05-16,-2.798226815547935
2014-05-19,-2.801573218151769
2014-05-20,-2.804546466771652
2014-05-21,-2.8071465614075852
2014-05-22,-2.8093735020595685
2014-05-23,-2.811227288727601
2014-05-26,-2.8127079214116835
2014-05-27,-2.8138154001118156
2014-05-28,-2.8145497248279976
2014-05-29,-2.814910895560229
2014-05-30,-2.8148989123085104
2014-06-02,-2.8145137750728417
2014-06-03,-2.813755483853223
2014-06-04,-2.8126240386496533
2014-06-05,-2.811119439462134
2014-06-06,-2.809241686290664
2014-06-09,-2.8069907791352438
2014-06-10,-2.804366717995874
2014-06-11,-2.801369502872553
2014-06-12,-2.7979991337652823
2014-06-13,-2.7942556106740613
2014-06-16,-2.79013893359889
2014-06-17,-2.7856491025397685
2014-06-18,-2.780786117496697
2014-06-19,-2.7755499784696744
2014-06-20,-2.7699406854587023
2014-06-23,-2.76395823846378
2014-06-24,-2.757602637484907
2014-06-25,-2.750873882522084
2014-06-26,-2.7437719735753108
2014-06-27,-2.7362969106445876
2014-06-30,-2.7284486937299137
2014-07-01,-2.390818826756629
2014-07-02,-2.3828140134148366
2014-07-03,-2.3749011914041396
2014-07-04,-2.367080360724538
2014-07-07,-2.3593515213760314
2014-07-08,-2.35171467335862
2014-07-09,-2.3441698166723035
2014-07-10,-2.336716951317082
2014-07-11,-2.329356077292956
2014-07-14,-2.322087194599925
2014-07-15,-2.314910303237989
2014-07-16,-2.3078254032071484
2014-07-17,-2.300832494507403
2014-07-18,-2.293931577138752
2014-07-21,-2.287122651101197
2014-07-22,-2.280405716394737
2014-07-23,-2.273780773019372
2014-07-24,-2.267247820975102
2014-07-25,-2.260806860261927
2014-07-28,-2.2544578908798476
2014-07-29,-2.2482009128288634
2014-07-30,-2.242035926108974
2014-07-31,-2.23596293072018
2014-08-01,-2.2299819266624805
2014-08-04,-2.224092913935877
2014-08-05,-2.218295892540368
2014-08-06,-2.2125908624759543
2014-08-07,-2.206977823742636
2014-08-08,-2.2014567763404127
2014-08-11,-2.196027720269284
2014-08-12,-2.1906906555292514
2014-08-13,-2.1854455821203134
2014-08-14,-2.1802925000424707
2014-08-15,-2.175231409295723
2014-08-18,-2.1702623098800706
2014-08-19,-2.1653852017955133
2014-08-20,-2.160600085042051
2014-08-21,-2.1559069596196836
2014-08-22,-2.1513058255284117
2014-08-25,-2.146796682768235
2014-08-26,-2.142379531339153
2014-08-27,-2.138054371241167
2014-08-28,-2.1338212024742753
2014-08-29,-2.1296800250384793
2014-09-01,-2.125630838933778
2014-09-02,-2.1216736441601722
2014-09-03,-2.117808440717661
2014-09-04,-2.114035228606246
2014-09-05,-2.1103540078259253
2014-09-08,-2.1067647783766996
2014-09-09,-2.1032675402585697
2014-09-10,-2.0998622934715345
2014-09-11,-2.0965490380155942
2014-09-12,-2.0933277738907496
2014-09-15,-2.090198501097
2014-09-16,-2.0871612196343454
2014-09-17,-2.084215929502786
2014-09-18,-2.0813626307023214
2014-09-19,-2.0786013232329523
2014-09-22,-2.0759320070946785
2014-09-23,-2.0733546822874995
2014-09-24,-2.070869348811416
2014-09-25,-2.0684760066664274
2014-09-26,-2.066174655852534
2014-09-29,-2.0639652963697355
2014-09-30,-2.0618479282180324
2014-10-01,-2.233223230120443
2014-10-02,-2.2310509458772354
2014-10-03,-2.2287317542114295
2014-10-06,-2.2262656551230244
2014-10-07,-2.22365264861202
2014-10-08,-2.2208927346784173
2014-10-09,-2.217985913322215
2014-10-10,-2.2149321845434136
2014-10-13,-2.2117315483420135
2014-10-14,-2.208384004718014
2014-10-15,-2.204889553671416
2014-10-16,-2.2012481952022185
2014-10-17,-2.197459929310422
2014-10-20,-2.1935247559960267
2014-10-21,-2.1894426752590324
2014-10-22,-2.1852136870994388
2014-10-23,-2.1808377915172463
2014-10-24,-2.1763149885124546
2014-10-27,-2.171645278085064
2014-10-28,-2.1668286602350744
2014-10-29,-2.161865134962486
2014-10-30,-2.1567547022672984
2014-10-31,-2.1514973621495117
2014-11-03,-2.1460931146091258
2014-11-04,-2.140541959646141
2014-11-05,-2.1348438972605575
2014-11-06,-2.1289989274523746
2014-11-07,-2.123007050221593
2014-11-10,-2.116868265568212
2014-11-11,-2.110582573492232
2014-11-12,-2.1041499739936533
2014-11-13,-2.097570467072475
2014-11-14,-2.090844052728698
2014-11-17,-2.083970730962322
2014-11-18,-2.076950501773347
2014-11-19,-2.069783365161773
2014-11-20,-2.0624693211276
2014-11-21,-2.0550083696708277
2014-11-24,-2.047400510791457
2014-11-25,-2.0396457444894867
2014-11-26,-2.0317440707649173
2014-11-27,-2.023695489617749
2014-11-28,-2.0155000010479815
2014-12-01,-2.0071576050556157
2014-12-02,-1.9986683016406501
2014-12-03,-1.9900320908030857
2014-12-04,-1.9812489725429225
2014-12-05,-1.97231894686016
2014-12-08,-1.9632420137547986
2014-12-09,-1.9540181732268382
2014-12-10,-1.9446474252762787
2014-12-11,-1.93512976990312
2014-12-12,-1.9254652071073626
2014-12-15,-1.9156537368890059
2014-12-16,-1.9056953592480503
2014-12-17,-1.8955900741844955
2014-12-18,-1.885337881698342
2014-12-19,-1.8749387817895893
2014-12-22,-1.8643927744582376
2014-12-23,-1.8536998597042869
2014-12-24,-1.8428600375277369
2014-12-25,-1.8318733079285883
2014-12-26,-1.8207396709068402
2014-12-29,-1.8094591264624933
2014-12-30,-1.7980316745955474
2014-12-31,-1.7864573153060026
2015-01-01,-1.4088387236592697
2015-01-02,-1.3971307774369583
2015-01-05,-1.3858024412892342
2015-01-06,-1.3748537152160973
2015-01-07,-1.3642845992175476
2015-01-08,-1.3540950932935851
2015-01-09,-1.3442851974442096
2015-01-12,-1.3348549116694215
2015-01-13,-1.3258042359692204
2015-01-14,-1.3171331703436064
2015-01-15,-1.3088417147925797
2015-01-16,-1.3009298693161402
2015-01-19,-1.2933976339142879
2015-01-20,-1.2862450085870227
2015-01-21,-1.2794719933343448
2015-01-22,-1.273078588156254
2015-01-23,-1.2670647930527503
2015-01-26,-1.261430608023834
2015-01-27,-1.2561760330695046
2015-01-28,-1.2513010681897625
2015-01-29,-1.2468057133846076
2015-01-30,-1.2426899686540398
2015-02-02,-1.2389538339980593
2015-02-03,-1.235597309416666
2015-02-04,-1.2326203949098598
2015-02-05,-1.2300230904776408
2015-02-06,-1.2278053961200088
2015-02-09,-1.2259673118369643
2015-02-10,-1.2245088376285067
2015-02-11,-1.2234299734946363
2015-02-12,-1.2227307194353534
2015-02-13,-1.2224110754506574
2015-02-16,-1.2224710415405486
2015-02-17,-1.2229106177050268
2015-02-18,-1.2237298039440925
2015-02-19,-1.2249286002577453
2015-02-20,-1.2265070066459853
2015-02-23,-1.2284650231088123
2015-02-24,-1.2308026496462265
2015-02-25,-1.2335198862582282
2015-02-26,-1.2366167329448168
2015-02-27,-1.2400931897059926
2015-03-02,-1.2439492565417556
2015-03-03,-1.2481849334521058
2015-03-04,-1.2528002204370432
2015-03-05,-1.2577951174965676
2015-03-06,-1.2631696246306794
2015-03-09,-1.2689237418393784
2015-03-10,-1.2750574691226644
2015-03-11,-1.2815708064805376
2015-03-12,-1.2884637539129982
2015-03-13,-1.2957363114200457
2015-03-16,-1.3033884790016805
2015-03-17,-1.3114202566579025
2015-03-18,-1.3198316443887115
2015-03-19,-1.3286226421941079
2015-03-20,-1.3377932500740914
2015-03-23,-1.347343468028662
2015-03-24,-1.35727329605782
2015-03-25,-1.367582734161565
2015-03-26,-1.3782717823398971
2015-03-27,-1.3893404405928165
2015-03-30,-1.400788708920323
2015-03-31,-1.4126165873224168
2015-04-01,-1.7048411862111592
2015-04-02,-1.7168309990786896
2015-04-03,-1.7287909438520952
2015-04-06,-1.740721020531376
2015-04-07,-1.752621229116532
2015-04-08,-1.7644915696075634
2015-04-09,-1.7763320420044697
2015-04-10,-1.7881426463072516
2015-04-13,-1.7999233825159087
2015-04-14,-1.811674250630441
2015-04-15,-1.8233952506508486
2015-04-16,-1.8350863825771313
2015-04-17,-1.8467476464092893
2015-04-20,-1.8583790421473227
2015-04-21,-1.869980569791231
2015-04-22,-1.881552229341015
2015-04-23,-1.893094020796674
2015-04-24,-1.9046059441582082
2015-04-27,-1.9160879994256177
2015-04-28,-1.9275401865989026
2015-04-29,-1.9389625056780626
2015-04-30,-1.9503549566630978
2015-05-01,-1.9617175395540083
2015-05-04,-1.9730502543507942
2015-05-05,-1.984353101053455
2015-05-06,-1.9956260796619913
2015-05-07,-2.0068691901764026
2015-05-08,-2.0180824325966897
2015-05-11,-2.0292658069228517
2015-05-12,-2.0404193131548887
2015-05-13,-2.0515429512928014
2015-05-14,-2.062636721336589
2015-05-15,-2.073700623286252
2015-05-18,-2.0847346571417904
2015-05-19,-2.0957388229032037
2015-05-20,-2.1067131205704923
2015-05-21,-2.1176575501436563
2015-05-22,-2.1285721116226957
2015-05-25,-2.1394568050076104
2015-05-26,-2.1503116302984
2015-05-27,-2.161136587495065
2015-05-28,-2.171931676597605
2015-05-29,-2.1826968976060206
2015-06-01,-2.193432250520311
2015-06-02,-2.204137735340477
2015-06-03,-2.2148133520665185
2015-06-04,-2.2254591006984348
2015-06-05,-2.2360749812362264
2015-06-08,-2.2466609936798934
2015-06-09,-2.2572171380294357
2015-06-10,-2.267743414284853
2015-06-11,-2.278239822446146
2015-06-12,-2.288706362513314
2015-06-15,-2.299143034486357
2015-06-16,-2.3095498383652755
2015-06-17,-2.319926774150069
2015-06-18,-2.330273841840738
2015-06-19,-2.340591041437282
2015-06-22,-2.3508783729397016
2015-06-23,-2.361135836347996
2015-06-24,-2.371363431662166
2015-06-25,-2.3815611588822114
2015-06-26,-2.3917290180081316
2015-06-29,-2.4018670090399272
2015-06-30,-2.411975131977598
2015-07-01,-2.5499229346346666
2015-07-02,-2.559643244509717
2015-07-03,-2.569158310247234
2015-07-06,-2.5784681318472176
2015-07-07,-2.587572709309668
2015-07-08,-2.5964720426345855
2015-07-09,-2.60516613182197
2015-07-10,-2.613654976871821
2015-07-13,-2.621938577784139
2015-07-14,-2.630016934558924
2015-07-15,-2.6378900471961755
2015-07-16,-2.645557915695894
2015-07-17,-2.653020540058079
2015-07-20,-2.660277920282731
2015-07-21,-2.66733005636985
2015-07-22,-2.6741769483194355
2015-07-23,-2.680818596131488
2015-07-24,-2.6872549998060076
2015-07-27,-2.693486159342994
2015-07-28,-2.699512074742447
2015-07-29,-2.705332746004367
2015-07-30,-2.7109481731287537
2015-07-31,-2.716358356115607
2015-08-03,-2.7215632949649273
2015-08-04,-2.7265629896767147
2015-08-05,-2.7313574402509686
2015-08-06,-2.7359466466876894
2015-08-07,-2.740330608986877
2015-08-10,-2.7445093271485317
2015-08-11,-2.7484828011726528
2015-08-12,-2.7522510310592407
2015-08-13,-2.755814016808296
2015-08-14,-2.7591717584198174
2015-08-17,-2.762324255893806
2015-08-18,-2.7652715092302618
2015-08-19,-2.768013518429184
2015-08-20,-2.770550283490573
2015-08-21,-2.7728818044144288
2015-08-24,-2.7750080812007516
2015-08-25,-2.7769291138495413
2015-08-26,-2.7786449023607975
2015-08-27,-2.780155446734521
2015-08-28,-2.781460746970711
2015-08-31,-2.7825608030693676
2015-09-01,-2.7834556150304914
2015-09-02,-2.784145182854082
2015-09-03,-2.7846295065401394
2015-09-04,-2.7849085860886635
2015-09-07,-2.7849824214996546
2015-09-08,-2.7848510127731125
2015-09-09,-2.784514359909037
2015-09-10,-2.7839724629074287
2015-09-11,-2.783225321768287
2015-09-14,-2.782272936491612
2015-09-15,-2.781115307077404
2015-09-16,-2.7797524335256627
2015-09-17,-2.7781843158363886
2015-09-18,-2.776410954009581
2015-09-21,-2.77443234804524
2015-09-22,-2.7722484979433664
2015-09-23,-2.769859403703959
2015-09-24,-2.767265065327019
2015-09-25,-2.7644654828125454
2015-09-28,-2.761460656160539
2015-09-29,-2.758250585370999
2015-09-30,-2.7548352704439263
2015-10-01,-2.5146311219068758
2015-10-02,-2.511131266244768
2015-10-05,-2.507752113985157
2015-10-06,-2.5044936651280443
2015-10-07,-2.501355919673429
2015-10-08,-2.4983388776213116
2015-10-09,-2.495442538971692
2015-10-12,-2.49266690372457
2015-10-13,-2.490011971879946
2015-10-14,-2.4874777434378195
2015-10-15,-2.485064218398191
2015-10-16,-2.48277139676106
2015-10-19,-2.480599278526427
2015-10-20,-2.4785478636942915
2015-10-21,-2.476617152264654
2015-10-22,-2.474807144237514
2015-10-23,-2.473117839612872
2015-10-26,-2.4715492383907276
2015-10-27,-2.4701013405710808
2015-10-28,-2.468774146153932
2015-10-29,-2.467567655139281
2015-10-30,-2.4664818675271274
2015-11-02,-2.465516783317472
2015-11-03,-2.4646724025103137
2015-11-04,-2.4639487251056535
2015-11-05,-2.4633457511034913
2015-11-06,-2.4628634805038265
2015-11-09,-2.4625019133066597
2015-11-10,-2.4622610495119903
2015-11-11,-2.462140889119819
2015-11-12,-2.4621414321301454
2015-11-13,-2.4622626785429693
2015-11-16,-2.462504628358291
2015-11-17,-2.4628672815761106
2015-11-18,-2.463350638196428
2015-11-19,-2.463954698219243
2015-11-20,-2.4646794616445558
2015-11-23,-2.4655249284723664
2015-11-24,-2.4664910987026745
2015-11-25,-2.4675779723354805
2015-11-26,-2.4687855493707844
2015-11-27,-2.470113829808586
2015-11-30,-2.471562813648885
2015-12-01,-2.4731325008916825
2015-12-02,-2.474822891536977
2015-12-03,-2.47663398558477
2015-12-04,-2.47856578303506
2015-12-07,-2.480618283887848
2015-12-08,-2.4827914881431337
2015-12-09,-2.485085395800917
2015-12-10,-2.4875000068611985
2015-12-11,-2.4900353213239774
2015-12-14,-2.4926913391892542
2015-12-15,-2.495468060457029
2015-12-16,-2.498365485127301
2015-12-17,-2.5013836132000713
2015-12-18,-2.504522444675339
2015-12-21,-2.5077819795531044
2015-12-22,-2.5111622178333675
2015-12-23,-2.514663159516129
2015-12-24,-2.5182848046013873
2015-12-25,-2.522027153089144
2015-12-28,-2.5258902049793983
2015-12-29,-2.52987396027215
2015-12-30,-2.5339784189673997
2015-12-31,-2.5382035810651473
2016-01-01,-2.814160884989193
2016-01-04,-2.818312292549994
2016-01-05,-2.822202382702117
2016-01-06,-2.8258311554455617
2016-01-07,-2.829198610780328
2016-01-08,-2.832304748706416
2016-01-11,-2.8351495692238258
2016-01-12,-2.837733072332557
2016-01-13,-2.84005525803261
2016-01-14,-2.8421161263239845
2016-01-15,-2.8439156772066805
2016-01-18,-2.8454539106806984
2016-01-19,-2.846730826746038
2016-01-20,-2.8477464254026987
2016-01-21,-2.8485007066506816
2016-01-22,-2.848993670489986
2016-01-25,-2.8492253169206117
2016-01-26,-2.8491956459425594
2016-01-27,-2.8489046575558286
2016-01-28,-2.8483523517604192
2016-01-29,-2.847538728556332
2016-02-01,-2.846463787943566
2016-02-02,-2.845127529922122
2016-02-03,-2.8435299544919994
2016-02-04,-2.8416710616531984
2016-02-05,-2.839550851405719
2016-02-08,-2.837169323749561
2016-02-09,-2.8345264786847255
2016-02-10,-2.831622316211211
2016-02-11,-2.828456836329018
2016-02-12,-2.825030039038147
2016-02-15,-2.8213419243385975
2016-02-16,-2.8173924922303697
2016-02-17,-2.8131817427134633
2016-02-18,-2.808709675787879
2016-02-19,-2.803976291453616
2016-02-22,-2.7989815897106745
2016-02-23,-2.793725570559055
2016-02-24,-2.788208233998757
2016-02-25,-2.7824295800297807
2016-02-26,-2.776389608652126
2016-02-29,-2.770088319865793
2016-03-01,-2.763525713670781
2016-03-02,-2.7567017900670914
2016-03-03,-2.749616549054723
2016-03-04,-2.7422699906336767
2016-03-07,-2.734662114803952
2016-03-08,-2.7267929215655484
2016-03-09,-2.7186624109184665
2016-03-10,-2.7102705828627065
2016-03-11,-2.7016174373982684
2016-03-14,-2.6927029745251514
2016-03-15,-2.6835271942433563
2016-03-16,-2.674090096552883
2016-03-17,-2.664391681453731
2016-03-18,-2.6544319489459007
2016-03-21,-2.6442108990293924
2016-03-22,-2.6337285317042056
2016-03-23,-2.62298484697034
2016-03-24,-2.6119798448277964
2016-03-25,-2.6007135252765745
2016-03-28,-2.589185888316674
2016-03-29,-2.577396933948095
2016-03-30,-2.565346662170838
2016-03-31,-2.5530350729849025
2016-04-01,-2.2094899214522705
2016-04-04,-2.197125828478719
2016-04-05,-2.1849705491262323
2016-04-06,-2.1730240833948073
2016-04-07,-2.161286431284446
2016-04-08,-2.149757592795148
2016-04-11,-2.138437567926913
2016-04-12,-2.127326356679741
2016-04-13,-2.1164239590536322
2016-04-14,-2.105730375048587
2016-04-15,-2.095245604664605
2016-04-18,-2.0849696479016853
2016-04-19,-2.0749025047598293
2016-04-20,-2.065044175239036
2016-04-21,-2.0553946593393064
2016-04-22,-2.0459539570606395
2016-04-25,-2.0367220684030363
2016-04-26,-2.0276989933664957
2016-04-27,-2.018884731951018
2016-04-28,-2.0102792841566037
2016-04-29,-2.001882649983253
2016-05-02,-1.993694829430965
2016-05-03,-1.9857158224997404
2016-05-04,-1.9779456291895785
2016-05-05,-1.9703842495004802
2016-05-06,-1.9630316834324448
2016-05-09,-1.9558879309854726
2016-05-10,-1.9489529921595636
2016-05-11,-1.9422268669547178
2016-05-12,-1.935709555370935
2016-05-13,-1.9294010574082154
2016-05-16,-1.923301373066559
2016-05-17,-1.9174105023459656
2016-05-18,-1.9117284452464354
2016-05-19,-1.9062552017679684
2016-05-20,-1.9009907719105643
2016-05-23,-1.8959351556742237
2016-05-24,-1.891088353058946
2016-05-25,-1.8864503640647314
2016-05-26,-1.88202118869158
2016-05-27,-1.877800826939492
2016-05-30,-1.873789278808467
2016-05-31,-1.8699865442985049
2016-06-01,-1.8663926234096062
2016-06-02,-1.8630075161417705
2016-06-03,-1.859831222494998
2016-06-06,-1.8568637424692886
2016-06-07,-1.8541050760646425
2016-06-08,-1.8515552232810593
2016-06-09,-1.8492141841185392
2016-06-10,-1.8470819585770826
2016-06-13,-1.8451585466566889
2016-06-14,-1.8434439483573584
2016-06-15,-1.841938163679091
2016-06-16,-1.8406411926218866
2016-06-17,-1.8395530351857456
2016-06-20,-1.8386736913706676
2016-06-21,-1.8380031611766527
2016-06-22,-1.837541444603701
2016-06-23,-1.8372885416518125
2016-06-24,-1.8372444523209872
2016-06-27,-1.837409176611225
2016-06-28,-1.8377827145225258
2016-06-29,-1.8383650660548898
2016-06-30,-1.839156231208317
2016-07-01,-2.1392505107368383
2016-07-04,-2.1400257900921185
2016-07-05,-2.1405915212217437
2016-07-06,-2.1409477041257112
2016-07-07,-2.141094338804022
2016-07-08,-2.141031425256677
2016-07-11,-2.140758963483676
2016-07-12,-2.1402769534850172
2016-07-13,-2.1395853952607027
2016-07-14,-2.1386842888107314
2016-07-15,-2.1375736341351033
2016-07-18,-2.1362534312338193
2016-07-19,-2.1347236801068785
2016-07-20,-2.132984380754281
2016-07-21,-2.1310355331760276
2016-07-22,-2.1288771373721174
2016-07-25,-2.1265091933425504
2016-07-26,-2.1239317010873267
2016-07-27,-2.121144660606447
2016-07-28,-2.1181480718999106
2016-07-29,-2.1149419349677174
2016-08-01,-2.1115262498098684
2016-08-02,-2.1079010164263625
2016-08-03,-2.1040662348172
2016-08-04,-2.1000219049823805
2016-08-05,-2.0957680269219052
2016-08-08,-2.091304600635773
2016-08-09,-2.0866316261239843
2016-08-10,-2.0817491033865396
2016-08-11,-2.076657032423438
2016-08-12,-2.07135541323468
2016-08-15,-2.065844245820265
2016-08-16,-2.060123530180194
2016-08-17,-2.054193266314466
2016-08-18,-2.0480534542230817
2016-08-19,-2.0417040939060414
2016-08-22,-2.035145185363344
2016-08-23,-2.0283767285949903
2016-08-24,-2.02139872360098
2016-08-25,-2.014211170381313
2016-08-26,-2.00681406893599
2016-08-29,-1.9992074192650102
2016-08-30,-1.991391221368374
2016-08-31,-1.983365475246081
2016-09-01,-1.9751301808981316
2016-09-02,-1.9666853383245257
2016-09-05,-1.9580309475252633
2016-09-06,-1.9491670085003445
2016-09-07,-1.940093521249769
2016-09-08,-1.930810485773537
2016-09-09,-1.9213179020716487
2016-09-12,-1.9116157701441037
2016-09-13,-1.9017040899909021
2016-09-14,-1.891582861612044
2016-09-15,-1.8812520850075296
2016-09-16,-1.8707117601773584
2016-09-19,-1.8599618871215309
2016-09-20,-1.8490024658400468
2016-09-21,-1.8378334963329062
2016-09-22,-1.826454978600109
2016-09-23,-1.8148669126416554
2016-09-26,-1.8030692984575454
2016-09-27,-1.7910621360477785
2016-09-28,-1.7788454254123554
2016-09-29,-1.7664191665512756
2016-09-30,-1.7537833594645393
2016-10-03,-1.2069062299201578
2016-10-04,-1.1944056342634588
2016-10-05,-1.1824474191134133
2016-10-06,-1.1710315844700216
2016-10-07,-1.1601581303332835
2016-10-10,-1.149827056703199
2016-10-11,-1.1400383635797682
2016-10-12,-1.1307920509629907
2016-10-13,-1.122088118852867
2016-10-14,-1.1139265672493972
2016-10-17,-1.1063073961525807
2016-10-18,-1.099230605562418
2016-10-19,-1.092696195478909
2016-10-20,-1.0867041659020533
2016-10-21,-1.0812545168318515
2016-10-24,-1.0763472482683032
2016-10-25,-1.0719823602114087
2016-10-26,-1.0681598526611675
2016-10-27,-1.0648797256175802
2016-10-28,-1.0621419790806466
2016-10-31,-1.0599466130503663
2016-11-01,-1.0582936275267398
2016-11-02,-1.057183022509767
2016-11-03,-1.0566147979994478
2016-11-04,-1.056588953995782
2016-11-07,-1.05710549049877
2016-11-08,-1.0581644075084118
2016-11-09,-1.059765705024707
2016-11-10,-1.0619093830476558
2016-11-11,-1.0645954415772585
2016-11-14,-1.0678238806135145
2016-11-15,-1.0715947001564243
2016-11-16,-1.0759079002059877
2016-11-17,-1.0807634807622046
2016-11-18,-1.0861614418250753
2016-11-21,-1.0921017833945996
2016-11-22,-1.0985845054707775
2016-11-23,-1.105609608053609
2016-11-24,-1.1131770911430943
2016-11-25,-1.121286954739233
2016-11-28,-1.1299391988420253
2016-11-29,-1.1391338234514714
2016-11-30,-1.148870828567571
2016-12-01,-1.1591502141903243
2016-12-02,-1.1699719803197313
2016-12-05,-1.1813361269557918
2016-12-06,-1.193242654098506
2016-12-07,-1.2056915617478736
2016-12-08,-1.2186828499038953
2016-12-09,-1.23221651856657
2016-12-12,-1.246292567735899
2016-12-13,-1.260910997411881
2016-12-14,-1.2760718075945172
2016-12-15,-1.2917749982838067
2016-12-16,-1.3080205694797498
2016-12-19,-1.3248085211823466
2016-12-20,-1.342138853391597
2016-12-21,-1.3600115661075012
2016-12-22,-1.378426659330059
2016-12-23,-1.39738413305927
2016-12-26,-1.416883987295135
2016-12-27,-1.4369262220376535
2016-12-28,-1.4575108372868257
2016-12-29,-1.4786378330426515
2016-12-30,-1.500307209305131
2017-01-02,
2017-01-03,
2017-01-04,
2017-01-05,
2017-01-06,
2017-01-09,
2017-01-10,
2017-01-11,
2017-01-12,
2017-01-13,
2017-01-16,
2017-01-17,
2017-01-18,
2017-01-19,
2017-01-20,
2017-01-23,
2017-01-24,
2017-01-25,
2017-01-26,
2017-01-27,
2017-01-30,
2017-01-31,
2017-02-01,
2017-02-02,
2017-02-03,
2017-02-06,
2017-02-07,
2017-02-08,
2017-02-09,
2017-02-10,
2017-02-13,
2017-02-14,
2017-02-15,
2017-02-16,
2017-02-17,
2017-02-20,
2017-02-21,
2017-02-22,
2017-02-23,
2017-02-24,
2017-02-27,
2017-02-28,
2017-03-01,
2017-03-02,
2017-03-03,
2017-03-06,
2017-03-07,
2017-03-08,
2017-03-09,
2017-03-10,
2017-03-13,
2017-03-14,
2017-03-15,
2017-03-16,
2017-03-17,
2017-03-20,
2017-03-21,
2017-03-22,
2017-03-23,
2017-03-24,
2017-03-27,
2017-03-28,
2017-03-29,
2017-03-30,
2017-03-31,
2017-04-03,
2017-04-04,
2017-04-05,
2017-04-06,
2017-04-07,
2017-04-10,
2017-04-11,
2017-04-12,
2017-04-13,
2017-04-14,
2017-04-17,
2017-04-18,
2017-04-19,
2017-04-20,
2017-04-21,
2017-04-24,
2017-04-25,
2017-04-26,
2017-04-27,
2017-04-28,
2017-05-01,
2017-05-02,
2017-05-03,
2017-05-04,
2017-05-05,
2017-05-08,
2017-05-09,
2017-05-10,
2017-05-11,
2017-05-12,
2017-05-15,
2017-05-16,
2017-05-17,
2017-05-18,
2017-05-19,
2017-05-22,
2017-05-23,
2017-05-24,
2017-05-25,
2017-05-26,
2017-05-29,
2017-05-30,
2017-05-31,
2017-06-01,
2017-06-02,
2017-06-05,
2017-06-06,
2017-06-07,
2017-06-08,
2017-06-09,
2017-06-12,
2017-06-13,
2017-06-14,
2017-06-15,
2017-06-16,
2017-06-19,
2017-06-20,
2017-06-21,
2017-06-22,
2017-06-23,
2017-06-26,
2017-06-27,
2017-06-28,
2017-06-29,
2017-06-30,
2017-07-03,-2.252844492377629
2017-07-04,-2.2745612354399167
2017-07-05,-2.2957829647953587
2017-07-06,-2.3165096804439558
2017-07-07,-2.3367413823857066
2017-07-10,-2.3564780706206125
2017-07-11,-2.3757197451486727
2017-07-12,-2.3944664059698875
2017-07-13,-2.4127180530842565
2017-07-14,-2.4304746864917806
2017-07-17,-2.447736306192459
2017-07-18,-2.464502912186292
2017-07-19,-2.480774504473279
2017-07-20,-2.496551083053421
2017-07-21,-2.5118326479267177
2017-07-24,-2.5266191990931683
2017-07-25,-2.540910736552774
2017-07-26,-2.554707260305534
2017-07-27,-2.5680087703514487
2017-07-28,-2.5808152666905175
2017-07-31,-2.5931267493227415
2017-08-01,-2.6049432182481196
2017-08-02,-2.6162646734666524
2017-08-03,-2.6270911149783394
2017-08-04,-2.637422542783181
2017-08-07,-2.6472589568811773
2017-08-08,-2.6566003572723282
2017-08-09,-2.6654467439566334
2017-08-10,-2.673798116934093
2017-08-11,-2.6816544762047076
2017-08-14,-2.6890158217684768
2017-08-15,-2.6958821536254
2017-08-16,-2.702253471775478
2017-08-17,-2.7081297762187106
2017-08-18,-2.7135110669550975
2017-08-21,-2.718397343984639
2017-08-22,-2.722788607307335
2017-08-23,-2.726684856923186
2017-08-24,-2.730086092832191
2017-08-25,-2.7329923150343505
2017-08-28,-2.7354035235296648
2017-08-29,-2.7373197183181333
2017-08-30,-2.738740899399757
2017-08-31,-2.7396670667745346
2017-09-01,-2.7400982204424666
2017-09-04,-2.7400343604035537
2017-09-05,-2.739475486657795
2017-09-06,-2.7384215992051906
2017-09-07,-2.736872698045741
2017-09-08,-2.734828783179446
2017-09-11,-2.7322898546063055
2017-09-12,-2.7292559123263196
2017-09-13,-2.725726956339488
2017-09-14,-2.7217029866458113
2017-09-15,-2.7171840032452885
2017-09-18,-2.712170006137921
2017-09-19,-2.7066609953237073
2017-09-20,-2.7006569708026484
2017-09-21,-2.6941579325747442
2017-09-22,-2.6871638806399942
2017-09-25,-2.6796748149983993
2017-09-26,-2.6716907356499586
2017-09-27,-2.663211642594672
2017-09-28,-2.6542375358325407
2017-09-29,-2.6447684153635636
2017-10-02,-2.0688265300008655
2017-10-03,-2.059171327787497
2017-10-04,-2.0498250575365824
2017-10-05,-2.040787719248122
2017-10-06,-2.0320593129221156
2017-10-09,-2.023639838558563
2017-10-10,-2.015529296157465
2017-10-11,-2.007727685718821
2017-10-12,-2.000235007242631
2017-10-13,-1.9930512607288948
2017-10-16,-1.9861764461776126
2017-10-17,-1.979610563588785
2017-10-18,-1.973353612962411
2017-10-19,-1.9674055942984912
2017-10-20,-1.9617665075970256
2017-10-23,-1.956436352858014
2017-10-24,-1.9514151300814566
2017-10-25,-1.946702839267353
2017-10-26,-1.9422994804157037
2017-10-27,-1.9382050535265083
2017-10-30,-1.934419558599767
2017-10-31,-1.9309429956354798
2017-11-01,-1.9277753646336466
2017-11-02,-1.9249166655942676
2017-11-03,-1.9223668985173425
2017-11-06,-1.9201260634028714
2017-11-07,-1.9181941602508545
2017-11-08,-1.9165711890612918
2017-11-09,-1.915257149834183
2017-11-10,-1.9142520425695284
2017-11-13,-1.9135558672673278
2017-11-14,-1.9131686239275811
2017-11-15,-1.9130903125502887
2017-11-16,-1.9133209331354504
2017-11-17,-1.9138604856830659
2017-11-20,-1.9147089701931357
2017-11-21,-1.9158663866656596
2017-11-22,-1.9173327351006373
2017-11-23,-1.9191080154980693
2017-11-24,-1.9211922278579552
2017-11-27,-1.9235853721802953
2017-11-28,-1.9262874484650894
2017-11-29,-1.9292984567123375
2017-11-30,-1.9326183969220398
2017-12-01,-1.936247269094196
2017-12-04,-1.9401850732288064
2017-12-05,-1.944431809325871
2017-12-06,-1.9489874773853892
2017-12-07,-1.9538520774073622
2017-12-08,-1.9590256093917886
2017-12-11,-1.9645080733386693
2017-12-12,-1.9702994692480043
2017-12-13,-1.976399797119793
2017-12-14,-1.9828090569540358
2017-12-15,-1.9895272487507332
2017-12-18,-1.996554372509884
2017-12-19,-2.003890428231489
2017-12-20,-2.011535415915548
2017-12-21,-2.019489335562062
2017-12-22,-2.027752187171029
2017-12-25,-2.0363239707424503
2017-12-26,-2.0452046862763256
2017-12-27,-2.054394333772655
2017-12-28,-2.063892913231439
2017-12-29,-2.0737004246526762
2018-01-01,
2018-01-02,
2018-01-03,
2018-01-04,
2018-01-05,
2018-01-08,
2018-01-09,
2018-01-10,
2018-01-11,
2018-01-12,
2018-01-15,
2018-01-16,
2018-01-17,
2018-01-18,
2018-01-19,
2018-01-22,
2018-01-23,
2018-01-24,
2018-01-25,
2018-01-26,
2018-01-29,
2018-01-30,
2018-01-31,
2018-02-01,
2018-02-02,
2018-02-05,
2018-02-06,
2018-02-07,
2018-02-08,
2018-02-09,
2018-02-12,
2018-02-13,
2018-02-14,
2018-02-15,
2018-02-16,
2018-02-19,
2018-02-20,
2018-02-21,
2018-02-22,
2018-02-23,
2018-02-26,
2018-02-27,
2018-02-28,
2018-03-01,
2018-03-02,
2018-03-05,
2018-03-06,
2018-03-07,
2018-03-08,
2018-03-09,
2018-03-12,
2018-03-13,
2018-03-14,
2018-03-15,
2018-03-16,
2018-03-19,
2018-03-20,
2018-03-21,
2018-03-22,
2018-03-23,
2018-03-26,
2018-03-27,
2018-03-28,
2018-03-29,
2018-03-30,
2018-04-02,-2.581527335138177
2018-04-03,-2.591245735389008
2018-04-04,-2.600566092506978
2018-04-05,-2.6094884064920865
2018-04-06,-2.618012677344334
2018-04-09,-2.626138905063721
2018-04-10,-2.6338670896502463
2018-04-11,-2.641197231103911
2018-04-12,-2.648129329424715
2018-04-13,-2.6546633846126575
2018-04-16,-2.6607993966677395
2018-04-17,-2.66653736558996
2018-04-18,-2.6718772913793196
2018-04-19,-2.6768191740358183
2018-04-20,-2.681363013559456
2018-04-23,-2.6855088099502327
2018-04-24,-2.6892565632081484
2018-04-25,-2.692606273333203
2018-04-26,-2.6955579403253966
2018-04-27,-2.6981115641847295
2018-04-30,-2.700267144911201
2018-05-01,-2.7020246825048115
2018-05-02,-2.703384176965561
2018-05-03,-2.70434562829345
2018-05-04,-2.704909036488478
2018-05-07,-2.705074401550644
2018-05-08,-2.7048417234799498
2018-05-09,-2.7042110022763945
2018-05-10,-2.7031822379399784
2018-05-11,-2.7017554304707008
2018-05-14,-2.699930579868562
2018-05-15,-2.697707686133563
2018-05-16,-2.6950867492657027
2018-05-17,-2.6920677692649813
2018-05-18,-2.688650746131399
2018-05-21,-2.6848356798649555
2018-05-22,-2.6806225704656512
2018-05-23,-2.676011417933486
2018-05-24,-2.6710022222684593
2018-05-25,-2.665594983470572
2018-05-28,-2.6597897015398235
2018-05-29,-2.653586376476214
2018-05-30,-2.646985008279744
2018-05-31,-2.6399855969504125
2018-06-01,-2.63258814248822
2018-06-04,-2.6247926448931667
2018-06-05,-2.6165991041652523
2018-06-06,-2.6080075203044766
2018-06-07,-2.5990178933108403
2018-06-08,-2.589630223184343
2018-06-11,-2.5798445099249845
2018-06-12,-2.569660753532765
2018-06-13,-2.5590789540076844
2018-06-14,-2.5480991113497433
2018-06-15,-2.536721225558941
2018-06-18,-2.5249452966352774
2018-06-19,-2.5127713245787526
2018-06-20,-2.5001993093893673
2018-06-21,-2.487229251067121
2018-06-22,-2.4738611496120133
2018-06-25,-2.460095005024045
2018-06-26,-2.4459308173032155
2018-06-27,-2.431368586449525
2018-06-28,-2.416408312462974
2018-06-29,-2.4010499953435613
2018-07-02,-1.7438556046095661
2018-07-03,-1.7286123347904567
2018-07-04,-1.7138821554045116
2018-07-05,-1.6996650664517308
2018-07-06,-1.685961067932114
2018-07-09,-1.6727701598456612
2018-07-10,-1.6600923421923728
2018-07-11,-1.6479276149722484
2018-07-12,-1.6362759781852885
2018-07-13,-1.6251374318314924
2018-07-16,-1.6145119759108608
2018-07-17,-1.604399610423393
2018-07-18,-1.5948003353690896
2018-07-19,-1.5857141507479504
2018-07-20,-1.5771410565599753
2018-07-23,-1.5690810528051644
2018-07-24,-1.5615341394835176
2018-07-25,-1.554500316595035
2018-07-26,-1.5479795841397166
2018-07-27,-1.5419719421175624
2018-07-30,-1.5364773905285725
2018-07-31,-1.5314959293727466
2018-08-01,-1.5270275586500848
2018-08-02,-1.5230722783605872
2018-08-03,-1.5196300885042537
2018-08-06,-1.5167009890810845
2018-08-07,-1.5142849800910796
2018-08-08,-1.5123820615342387
2018-08-09,-1.510992233410562
2018-08-10,-1.5101154957200495
2018-08-13,-1.509751848462701
2018-08-14,-1.5099012916385168
2018-08-15,-1.5105638252474969
2018-08-16,-1.511739449289641
2018-08-17,-1.5134281637649494
2018-08-20,-1.5156299686734218
2018-08-21,-1.5183448640150585
2018-08-22,-1.5215728497898593
2018-08-23,-1.5253139259978243
2018-08-24,-1.5295680926389534
2018-08-27,-1.5343353497132468
2018-08-28,-1.5396156972207042
2018-08-29,-1.545409135161326
2018-08-30,-1.551715663535112
2018-08-31,-1.558535282342062
2018-09-03,-1.565867991582176
2018-09-04,-1.5737137912554544
2018-09-05,-1.5820726813618968
2018-09-06,-1.5909446619015037
2018-09-07,-1.6003297328742745
2018-09-10,-1.6102278942802095
2018-09-11,-1.6206391461193088
2018-09-12,-1.6315634883915722
2018-09-13,-1.6430009210969998
2018-09-14,-1.6549514442355915
2018-09-17,-1.6674150578073472
2018-09-18,-1.6803917618122675
2018-09-19,-1.6938815562503515
2018-09-20,-1.7078844411216
2018-09-21,-1.7224004164260125
2018-09-24,-1.7374294821635894
2018-09-25,-1.7529716383343303
2018-09-26,-1.7690268849382353
2018-09-27,-1.7855952219753046
2018-09-28,-1.802676649445538
2018-10-01,-2.5610414651725377
2018-10-02,-2.5778462932605297
2018-10-03,-2.594128015137714
2018-10-04,-2.6098866308040902
2018-10-05,-2.625122140259658
2018-10-08,-2.639834543504417
2018-10-09,-2.6540238405383683
2018-10-10,-2.667690031361511
2018-10-11,-2.680833115973846
2018-10-12,-2.6934530943753723
2018-10-15,-2.7055499665660903
2018-10-16,-2.7171237325460003
2018-10-17,-2.728174392315102
2018-10-18,-2.738701945873395
2018-10-19,-2.74870639322088
2018-10-22,-2.758187734357557
2018-10-23,-2.7671459692834257
2018-10-24,-2.775581097998486
2018-10-25,-2.783493120502738
2018-10-26,-2.790882036796182
2018-10-29,-2.7977478468788175
2018-10-30,-2.8040905507506446
2018-10-31,-2.8099101484116638
2018-11-01,-2.8152066398618745
2018-11-02,-2.819980025101277
2018-11-05,-2.8242303041298715
2018-11-06,-2.8279574769476574
2018-11-07,-2.8311615435546353
2018-11-08,-2.833842503950805
2018-11-09,-2.8360003581361664
2018-11-12,-2.8376351061107195
2018-11-13,-2.838746747874464
2018-11-14,-2.839335283427401
2018-11-15,-2.839400712769529
2018-11-16,-2.838943035900849
2018-11-19,-2.837962252821361
2018-11-20,-2.8364583635310643
2018-11-21,-2.8344313680299593
2018-11-22,-2.8318812663180464
2018-11-23,-2.8288080583953255
2018-11-26,-2.8252117442617957
2018-11-27,-2.821092323917458
2018-11-28,-2.816449797362312
2018-11-29,-2.8112841645963575
2018-11-30,-2.8055954256195954
2018-12-03,-2.7993835804320244
2018-12-04,-2.7926486290336454
2018-12-05,-2.785390571424458
2018-12-06,-2.7776094076044626
2018-12-07,-2.769305137573659
2018-12-10,-2.7604777613320466
2018-12-11,-2.7511272788796264
2018-12-12,-2.741253690216398
2018-12-13,-2.730856995342361
2018-12-14,-2.719937194257516
2018-12-17,-2.7084942869618627
2018-12-18,-2.6965282734554012
2018-12-19,-2.6840391537381314
2018-12-20,-2.671026927810053
2018-12-21,-2.657491595671167
2018-12-24,-2.6434331573214727
2018-12-25,-2.6288516127609696
2018-12-26,-2.6137469619896585
2018-12-27,-2.598119205007539
2018-12-28,-2.5819683418146115
2018-12-31,-2.5652943724108757
2019-01-01,-2.0317432106851516
2019-01-02,-2.0142085762116846
2019-01-03,-1.9968737914922485
2019-01-04,-1.979738856526844
2019-01-07,-1.9628037713154705
2019-01-08,-1.9460685358581284
2019-01-09,-1.9295331501548179
2019-01-10,-1.9131976142055385
2019-01-11,-1.8970619280102905
2019-01-14,-1.8811260915690737
2019-01-15,-1.8653901048818884
2019-01-16,-1.8498539679487342
2019-01-17,-1.8345176807696117
2019-01-18,-1.8193812433445202
2019-01-21,-1.8044446556734601
2019-01-22,-1.7897079177564312
2019-01-23,-1.775171029593434
2019-01-24,-1.7608339911844677
2019-01-25,-1.746696802529533
2019-01-28,-1.7327594636286294
2019-01-29,-1.7190219744817574
2019-01-30,-1.7054843350889166
2019-01-31,-1.692146545450107
2019-02-01,-1.6790086055653288
2019-02-04,-1.666070515434582
2019-02-05,-1.6533322750578665
2019-02-06,-1.6407938844351824
2019-02-07,-1.6284553435665294
2019-02-08,-1.616316652451908
2019-02-11,-1.6043778110913176
2019-02-12,-1.5926388194847587
2019-02-13,-1.5810996776322312
2019-02-14,-1.569760385533735
2019-02-15,-1.55862094318927
2019-02-18,-1.5476813505988363
2019-02-19,-1.536941607762434
2019-02-20,-1.526401714680063
2019-02-21,-1.5160616713517234
2019-02-22,-1.505921477777415
2019-02-25,-1.495981133957138
2019-02-26,-1.4862406398908925
2019-02-27,-1.4766999955786781
2019-02-28,-1.467359201020495
2019-03-01,-1.4582182562163433
2019-03-04,-1.449277161166223
2019-03-05,-1.4405359158701339
2019-03-06,-1.4319945203280762
2019-03-07,-1.4236529745400497
2019-03-08,-1.4155112785060546
2019-03-11,-1.407569432226091
2019-03-12,-1.3998274357001583
2019-03-13,-1.3922852889282573
2019-03-14,-1.3849429919103875
2019-03-15,-1.377800544646549
2019-03-18,-1.370857947136742
2019-03-19,-1.364115199380966
2019-03-20,-1.3575723013792216
2019-03-21,-1.3512292531315084
2019-03-22,-1.3450860546378265
2019-03-25,-1.339142705898176
2019-03-26,-1.3333992069125566
2019-03-27,-1.327855557680969
2019-03-28,-1.3225117582034123
2019-03-29,-1.317367808479887
2019-04-01,-1.279191952870477
2019-04-02,-1.2745649205858238
2019-04-03,-1.2701788929095579
2019-04-04,-1.266033869841679
2019-04-05,-1.2621298513821873
2019-04-08,-1.2584668375310826
2019-04-09,-1.255044828288365
2019-04-10,-1.2518638236540345
2019-04-11,-1.2489238236280913
2019-04-12,-1.246224828210535
2019-04-15,-1.243766837401366
2019-04-16,-1.2415498512005838
2019-04-17,-1.2395738696081888
2019-04-18,-1.237838892624181
2019-04-19,-1.2363449202485604
2019-04-22,-1.2350919524813269
2019-04-23,-1.2340799893224803
2019-04-24,-1.233309030772021
2019-04-25,-1.2327790768299487
2019-04-26,-1.2324901274962634
2019-04-29,-1.2324421827709653
2019-04-30,-1.2326352426540543
2019-05-01,-1.2330693071455305
2019-05-02,-1.2337443762453937
2019-05-03,-1.234660449953644
2019-05-06,-1.2358175282702815
2019-05-07,-1.2372156111953059
2019-05-08,-1.2388546987287177
2019-05-09,-1.2407347908705164
2019-05-10,-1.242855887620702
2019-05-13,-1.2452179889792752
2019-05-14,-1.2478210949462352
2019-05-15,-1.2506652055215823
2019-05-16,-1.2537503207053167
2019-05-17,-1.257076440497438
2019-05-20,-1.2606435648979464
2019-05-21,-1.264451693906842
2019-05-22,-1.2685008275241247
2019-05-23,-1.2727909657497944
2019-05-24,-1.2773221085838513
2019-05-27,-1.2820942560262953
2019-05-28,-1.2871074080771263
2019-05-29,-1.2923615647363447
2019-05-30,-1.29785672600395
2019-05-31,-1.3035928918799424
2019-06-03,-1.3095700623643218
2019-06-04,-1.3157882374570884
2019-06-05,-1.3222474171582421
2019-06-06,-1.328947601467783
2019-06-07,-1.3358887903857108
2019-06-10,-1.343070983912026
2019-06-11,-1.350494182046728
2019-06-12,-1.3581583847898173
2019-06-13,-1.3660635921412936
2019-06-14,-1.3742098041011572
2019-06-17,-1.3825970206694076
2019-06-18,-1.3912252418460453
2019-06-19,-1.40009446763107
2019-06-20,-1.409204698024482
2019-06-21,-1.418555933026281
2019-06-24,-1.428148172636467
2019-06-25,-1.4379814168550402
2019-06-26,-1.4480556656820005
2019-06-27,-1.4583709191173477
2019-06-28,-1.4689271771610823
2019-07-01,-1.8388429265367114
2019-07-02,-1.8492154695609728
2019-07-03,-1.8593268878460425
2019-07-04,-1.8691771813919205
2019-07-05,-1.8787663501986067
2019-07-08,-1.8880943942661013
2019-07-09,-1.897161313594404
2019-07-10,-1.905967108183515
2019-07-11,-1.9145117780334344
2019-07-12,-1.9227953231441621
2019-07-15,-1.930817743515698
2019-07-16,-1.9385790391480422
2019-07-17,-1.9460792100411948
2019-07-18,-1.9533182561951554
2019-07-19,-1.9602961776099246
2019-07-22,-1.9670129742855018
2019-07-23,-1.9734686462218876
2019-07-24,-1.9796631934190814
2019-07-25,-1.9855966158770835
2019-07-26,-1.991268913595894
2019-07-29,-1.9966800865755128
2019-07-30,-2.0018301348159397
2019-07-31,-2.006719058317175
2019-08-01,-2.011346857079219
2019-08-02,-2.0157135311020706
2019-08-05,-2.019819080385731
2019-08-06,-2.023663504930199
2019-08-07,-2.027246804735476
2019-08-08,-2.030568979801561
2019-08-09,-2.033630030128454
2019-08-12,-2.036429955716156
2019-08-13,-2.0389687565646657
2019-08-14,-2.041246432673984
2019-08-15,-2.0432629840441106
2019-08-16,-2.045018410675045
2019-08-19,-2.046512712566788
2019-08-20,-2.0477458897193395
2019-08-21,-2.048717942132699
2019-08-22,-2.049428869806867
2019-08-23,-2.049878672741843
2019-08-26,-2.0500673509376273
2019-08-27,-2.0499949043942203
2019-08-28,-2.0496613331116214
2019-08-29,-2.0490666370898305
2019-08-30,-2.048210816328848
2019-09-02,-2.047093870828674
2019-09-03,-2.045715800589308
2019-09-04,-2.0440766056107504
2019-09-05,-2.0421762858930013
2019-09-06,-2.04001484143606
2019-09-09,-2.0375922722399276
2019-09-10,-2.034908578304603
2019-09-11,-2.031963759630087
2019-09-12,-2.0287578162163786
2019-09-13,-2.025290748063479
2019-09-16,-2.0215625551713883
2019-09-17,-2.017573237540105
2019-09-18,-2.01332279516963
2019-09-19,-2.0088112280599635
2019-09-20,-2.0040385362111053
2019-09-23,-1.9990047196230556
2019-09-24,-1.993709778295814
2019-09-25,-1.9881537122293806
2019-09-26,-1.9823365214237556
2019-09-27,-1.9762582058789389
2019-09-30,-1.9699187655949304
2019-10-01,-1.8200680925604515
2019-10-02,-1.8134037623039305
2019-10-03,-1.8066756668140886
2019-10-04,-1.799883806090926
2019-10-07,-1.7930281801344423
2019-10-08,-1.786108788944638
2019-10-09,-1.7791256325215128
2019-10-10,-1.7720787108650666
2019-10-11,-1.7649680239752998
2019-10-14,-1.757793571852212
2019-10-15,-1.7505553544958035
2019-10-16,-1.743253371906074
2019-10-17,-1.7358876240830239
2019-10-18,-1.7284581110266526
2019-10-21,-1.7209648327369609
2019-10-22,-1.7134077892139479
2019-10-23,-1.7057869804576145
2019-10-24,-1.69810240646796
2019-10-25,-1.6903540672449846
2019-10-28,-1.6825419627886884
2019-10-29,-1.6746660930990716
2019-10-30,-1.6667264581761336
2019-10-31,-1.658723058019875
2019-11-01,-1.6506558926302957
2019-11-04,-1.6425249620073952
2019-11-05,-1.634330266151174
2019-11-06,-1.626071805061632
2019-11-07,-1.6177495787387692
2019-11-08,-1.6093635871825855
2019-11-11,-1.600913830393081
2019-11-12,-1.5924003083702556
2019-11-13,-1.5838230211141096
2019-11-14,-1.5751819686246424
2019-11-15,-1.5664771509018545
2019-11-18,-1.5577085679457459
2019-11-19,-1.5488762197563164
2019-11-20,-1.5399801063335659
2019-11-21,-1.5310202276774947
2019-11-22,-1.5219965837881027
2019-11-25,-1.5129091746653895
2019-11-26,-1.5037580003093558
2019-11-27,-1.4945430607200014
2019-11-28,-1.485264355897326
2019-11-29,-1.4759218858413297
2019-12-02,-1.4665156505520125
2019-12-03,-1.4570456500293745
2019-12-04,-1.4475118842734158
2019-12-05,-1.437914353284136
2019-12-06,-1.4282530570615357
2019-12-09,-1.4185279956056145
2019-12-10,-1.4087391689163724
2019-12-11,-1.3988865769938092
2019-12-12,-1.3889702198379255
2019-12-13,-1.3789900974487208
2019-12-16,-1.3689462098261953
2019-12-17,-1.358838556970349
2019-12-18,-1.3486671388811817
2019-12-19,-1.3384319555586939
2019-12-20,-1.328133007002885
2019-12-23,-1.3177702932137552
2019-12-24,-1.3073438141913047
2019-12-25,-1.2968535699355335
2019-12-26,-1.2862995604464411
2019-12-27,-1.2756817857240281
2019-12-30,-1.265000245768294
2019-12-31,-1.2542549405792396
2020-01-01,-0.7210184709138356
2020-01-02,-0.7107193305672435
2020-01-03,-0.7010964136875484
2020-01-06,-0.69214972027475
2020-01-07,-0.6838792503288487
2020-01-08,-0.6762850038498442
2020-01-09,-0.6693669808377367
2020-01-10,-0.6631251812925261
2020-01-13,-0.6575596052142124
2020-01-14,-0.6526702526027955
2020-01-15,-0.6484571234582757
2020-01-16,-0.6449202177806528
2020-01-17,-0.6420595355699268
2020-01-20,-0.6398750768260977
2020-01-21,-0.6383668415491655
2020-01-22,-0.6375348297391301
2020-01-23,-0.6373790413959918
2020-01-24,-0.6378994765197503
2020-01-27,-0.6390961351104059
2020-01-28,-0.6409690171679582
2020-01-29,-0.6435181226924075
2020-01-30,-0.6467434516837537
2020-01-31,-0.6506450041419969
2020-02-03,-0.655222780067137
2020-02-04,-0.6604767794591739
2020-02-05,-0.6664070023181078
2020-02-06,-0.6730134486439386
2020-02-07,-0.6802961184366663
2020-02-10,-0.688255011696291
2020-02-11,-0.6968901284228125
2020-02-12,-0.706201468616231
2020-02-13,-0.7161890322765464
2020-02-14,-0.7268528194037587
2020-02-17,-0.7381928299978678
2020-02-18,-0.750209064058874
2020-02-19,-0.762901521586777
2020-02-20,-0.7762702025815771
2020-02-21,-0.7903151070432739
2020-02-24,-0.8050362349718677
2020-02-25,-0.8204335863673584
2020-02-26,-0.8365071612297461
2020-02-27,-0.8532569595590306
2020-02-28,-0.8706829813552122
2020-03-02,-0.8887852266182905
2020-03-03,-0.907563695348266
2020-03-04,-0.9270183875451381
2020-03-05,-0.9471493032089071
2020-03-06,-0.9679564423395732
2020-03-09,-0.9894398049371362
2020-03-10,-1.0115993910015961
2020-03-11,-1.034435200532953
2020-03-12,-1.0579472335312066
2020-03-13,-1.0821354899963573
2020-03-16,-1.1069999699284048
2020-03-17,-1.1325406733273493
2020-03-18,-1.1587576001931905
2020-03-19,-1.185650750525929
2020-03-20,-1.2132201243255643
2020-03-23,-1.2414657215920963
2020-03-24,-1.2703875423255255
2020-03-25,-1.2999855865258514
2020-03-26,-1.3302598541930744
2020-03-27,-1.3612103453271942
2020-03-30,-1.3928370599282107
2020-03-31,-1.4251399979961246
2020-04-01,-2.5693380632070286
2020-04-02,-2.6014150122660142
2020-04-03,-2.6325897488491754
2020-04-06,-2.6628622729565117
2020-04-07,-2.692232584588023
2020-04-08,-2.7207006837437095
2020-04-09,-2.748266570423571
2020-04-10,-2.7749302446276083
2020-04-13,-2.80069170635582
2020-04-14,-2.8255509556082075
2020-04-15,-2.84950799238477
2020-04-16,-2.8725628166855075
2020-04-17,-2.8947154285104206
2020-04-20,-2.9159658278595084
2020-04-21,-2.9363140147327718
2020-04-22,-2.95575998913021
2020-04-23,-2.9743037510518238
2020-04-24,-2.991945300497613
2020-04-27,-3.0086846374675766
2020-04-28,-3.024521761961716
2020-04-29,-3.0394566739800304
2020-04-30,-3.05348937352252
2020-05-01,-3.066619860589185
2020-05-04,-3.0788481351800248
2020-05-05,-3.09017419729504
2020-05-06,-3.1005980469342305
2020-05-07,-3.110119684097596
2020-05-08,-3.1187391087851366
2020-05-11,-3.1264563209968528
2020-05-12,-3.133271320732744
2020-05-13,-3.1391841079928104
2020-05-14,-3.144194682777052
2020-05-15,-3.1483030450854685
2020-05-18,-3.1515091949180603
2020-05-19,-3.1538131322748275
2020-05-20,-3.15521485715577
2020-05-21,-3.1557143695608874
2020-05-22,-3.15531166949018
2020-05-25,-3.154006756943648
2020-05-26,-3.1517996319212913
2020-05-27,-3.148690294423109
2020-05-28,-3.144678744449103
2020-05-29,-3.1397649819992717
2020-06-01,-3.1339490070736153
2020-06-02,-3.1272308196721346
2020-06-03,-3.119610419794829
2020-06-04,-3.1110878074416983
2020-06-05,-3.101662982612743
2020-06-08,-3.0913359453079625
2020-06-09,-3.0801066955273577
2020-06-10,-3.067975233270928
2020-06-11,-3.0549415585386734
2020-06-12,-3.041005671330594
2020-06-15,-3.0261675716466896
2020-06-16,-3.0104272594869608
2020-06-17,-2.993784734851407
2020-06-18,-2.976239997740028
2020-06-19,-2.957793048152825
2020-06-22,-2.9384438860897966
2020-06-23,-2.9181925115509433
2020-06-24,-2.8970389245362655
2020-06-25,-2.874983125045763
2020-06-26,-2.8520251130794354
2020-06-29,-2.8281648886372834
2020-06-30,-2.803402451719306
2020-07-01,-1.8501164773795564
2020-07-02,-1.8252438893011231
2020-07-03,-1.8007745042139103
2020-07-06,-1.7767083221179176
2020-07-07,-1.7530453430131454
2020-07-08,-1.7297855668995932
2020-07-09,-1.7069289937772611
2020-07-10,-1.6844756236461496
2020-07-13,-1.6624254565062582
2020-07-14,-1.6407784923575868
2020-07-15,-1.619534731200136
2020-07-16,-1.5986941730339053
2020-07-17,-1.5782568178588947
2020-07-20,-1.5582226656751044
2020-07-21,-1.5385917164825342
2020-07-22,-1.5193639702811848
2020-07-23,-1.500539427071055
2020-07-24,-1.4821180868521457
2020-07-27,-1.4640999496244569
2020-07-28,-1.446485015387988
2020-07-29,-1.4292732841427394
2020-07-30,-1.4124647558887111
2020-07-31,-1.396059430625903
2020-08-03,-1.380057308354315
2020-08-04,-1.3644583890739475
2020-08-05,-1.3492626727848003
2020-08-06,-1.334470159486873
2020-08-07,-1.320080849180166
2020-08-10,-1.3060947418646796
2020-08-11,-1.2925118375404132
2020-08-12,-1.279332136207367
2020-08-13,-1.2665556378655412
2020-08-14,-1.2541823425149354
2020-08-17,-1.24221225015555
2020-08-18,-1.2306453607873848
2020-08-19,-1.21948167441044
2020-08-20,-1.208721191024715
2020-08-21,-1.1983639106302106
2020-08-24,-1.1884098332269264
2020-08-25,-1.1788589588148624
2020-08-26,-1.1697112873940188
2020-08-27,-1.1609668189643954
2020-08-28,-1.152625553525992
2020-08-31,-1.144687491078809
2020-09-01,-1.1371526316228462
2020-09-02,-1.1300209751581036
2020-09-03,-1.1232925216845813
2020-09-04,-1.1169672712022793
2020-09-07,-1.1110452237111974
2020-09-08,-1.105526379211336
2020-09-09,-1.1004107377026946
2020-09-10,-1.0956982991852735
2020-09-11,-1.0913890636590726
2020-09-14,-1.087483031124092
2020-09-15,-1.0839802015803315
2020-09-16,-1.0808805750277914
2020-09-17,-1.0781841514664716
2020-09-18,-1.0758909308963718
2020-09-21,-1.0740009133174924
2020-09-22,-1.0725140987298334
2020-09-23,-1.0714304871333944
2020-09-24,-1.0707500785281756
2020-09-25,-1.0704728729141773
2020-09-28,-1.070598870291399
2020-09-29,-1.0711280706598412
2020-09-30,-1.0720604740195032
2020-10-01,-1.1535964284476063
2020-10-02,-1.1552247436247347
2020-10-05,-1.1571457676281092
2020-10-06,-1.1593595004577293
2020-10-07,-1.1618659421135953
2020-10-08,-1.1646650925957074
2020-10-09,-1.1677569519040651
2020-10-12,-1.1711415200386688
2020-10-13,-1.1748187969995183
2020-10-14,-1.178788782786614
2020-10-15,-1.1830514773999552
2020-10-16,-1.1876068808395424
2020-10-19,-1.1924549931053756
2020-10-20,-1.1975958141974545
2020-10-21,-1.2030293441157793
2020-10-22,-1.2087555828603502
2020-10-23,-1.2147745304311668
2020-10-26,-1.2210861868282294
2020-10-27,-1.2276905520515378
2020-10-28,-1.2345876261010922
2020-10-29,-1.2417774089768923
2020-10-30,-1.2492599006789384
2020-11-02,-1.2570351012072303
2020-11-03,-1.2651030105617682
2020-11-04,-1.273463628742552
2020-11-05,-1.2821169557495815
2020-11-06,-1.291062991582857
2020-11-09,-1.3003017362423785
2020-11-10,-1.3098331897281457
2020-11-11,-1.3196573520401589
2020-11-12,-1.329774223178418
2020-11-13,-1.340183803142923
2020-11-16,-1.3508860919336736
2020-11-17,-1.3618810895506703
2020-11-18,-1.373168795993913
2020-11-19,-1.3847492112634012
2020-11-20,-1.3966223353591356
2020-11-23,-1.408788168281116
2020-11-24,-1.421246710029342
2020-11-25,-1.433997960603814
2020-11-26,-1.447041920004532
2020-11-27,-1.4603785882314957
2020-11-30,-1.4740079652847053
2020-12-01,-1.4879300511641609
2020-12-02,-1.5021448458698623
2020-12-03,-1.5166523494018096
2020-12-04,-1.5314525617600028
2020-12-07,-1.5465454829444418
2020-12-08,-1.5619311129551268
2020-12-09,-1.5776094517920576
2020-12-10,-1.5935804994552343
2020-12-11,-1.6098442559446569
2020-12-14,-1.6264007212603253
2020-12-15,-1.6432498954022396
2020-12-16,-1.6603917783704
2020-12-17,-1.6778263701648062
2020-12-18,-1.6955536707854582
2020-12-21,-1.713573680232356
2020-12-22,-1.7318863985055
2020-12-23,-1.7504918256048896
2020-12-24,-1.769389961530525
2020-12-25,-1.7885808062824065
2020-12-28,-1.808064359860534
2020-12-29,-1.827840622264907
2020-12-30,-1.847909593495526
2020-12-31,-1.8682712735523912
2021-01-01,-2.3035910187629356
2021-01-04,-2.3245950553814994
2021-01-05,-2.345303290082919
2021-01-06,-2.365715722867194
2021-01-07,-2.3858323537343247
2021-01-08,-2.4056531826843113
2021-01-11,-2.4251782097171537
2021-01-12,-2.4444074348328515
2021-01-13,-2.4633408580314047
2021-01-14,-2.481978479312814
2021-01-15,-2.500320298677079
2021-01-18,-2.5183663161241996
2021-01-19,-2.5361165316541756
2021-01-20,-2.5535709452670075
2021-01-21,-2.5707295569626956
2021-01-22,-2.5875923667412386
2021-01-25,-2.6041593746026375
2021-01-26,-2.620430580546892
2021-01-27,-2.6364059845740027
2021-01-28,-2.6520855866839685
2021-01-29,-2.6674693868767902
2021-02-01,-2.6825573851524678
2021-02-02,-2.6973495815110007
2021-02-03,-2.7118459759523894
2021-02-04,-2.726046568476634
2021-02-05,-2.739951359083734
2021-02-08,-2.7535603477736896
2021-02-09,-2.766873534546501
2021-02-10,-2.7798909194021686
2021-02-11,-2.7926125023406914
2021-02-12,-2.80503828336207
2021-02-15,-2.817168262466304
2021-02-16,-2.8290024396533937
2021-02-17,-2.8405408149233393
2021-02-18,-2.8517833882761408
2021-02-19,-2.8627301597117976
2021-02-22,-2.87338112923031
2021-02-23,-2.8837362968316786
2021-02-24,-2.8937956625159025
2021-02-25,-2.903559226282982
2021-02-26,-2.9130269881329176
2021-03-01,-2.9221989480657085
2021-03-02,-2.931075106081355
2021-03-03,-2.9396554621798576
2021-03-04,-2.9479400163612155
2021-03-05,-2.955928768625429
2021-03-08,-2.9636217189724987
2021-03-09,-2.971018867402424
2021-03-10,-2.9781202139152048
2021-03-11,-2.9849257585108413
2021-03-12,-2.991435501189333
2021-03-15,-2.997649441950681
2021-03-16,-3.0035675807948845
2021-03-17,-3.009189917721944
2021-03-18,-3.0145164527318586
2021-03-19,-3.019547185824629
2021-03-22,-3.0242821170002556
2021-03-23,-3.0287212462587374
2021-03-24,-3.032864573600075
2021-03-25,-3.0367120990242684
2021-03-26,-3.040263822531317
2021-03-29,-3.043519744121222
2021-03-30,-3.0464798637939823
2021-03-31,-3.049144181549598
2021-04-01,-3.014926970228283
2021-04-02,-3.0170242216504057
2021-04-05,-3.0188866473613865
2021-04-06,-3.0205142473612256
2021-04-07,-3.021907021649923
2021-04-08,-3.0230649702274786
2021-04-09,-3.0239880930938923
2021-04-12,-3.024676390249164
2021-04-13,-3.0251298616932942
2021-04-14,-3.025348507426283
2021-04-15,-3.025332327448129
2021-04-16,-3.0250813217588344
2021-04-19,-3.024595490358397
2021-04-20,-3.0238748332468184
2021-04-21,-3.022919350424098
2021-04-22,-3.021729041890236
2021-04-23,-3.0203039076452316
2021-04-26,-3.018643947689086
2021-04-27,-3.016749162021798
2021-04-28,-3.014619550643369
2021-04-29,-3.0122551135537976
2021-04-30,-3.0096558507530844
2021-05-03,-3.0068217622412297
2021-05-04,-3.003752848018233
2021-05-05,-3.0004491080840947
2021-05-06,-2.9969105424388145
2021-05-07,-2.9931371510823928
2021-05-10,-2.989128934014829
2021-05-11,-2.984885891236124
2021-05-12,-2.9804080227462766
2021-05-13,-2.9756953285452874
2021-05-14,-2.9707478086331567
2021-05-17,-2.965565463009884
2021-05-18,-2.96014829167547
2021-05-19,-2.9544962946299136
2021-05-20,-2.9486094718732154
2021-05-21,-2.9424878234053757
2021-05-24,-2.9361313492263945
2021-05-25,-2.929540049336271
2021-05-26,-2.922713923735006
2021-05-27,-2.915652972422599
2021-05-28,-2.9083571953990504
2021-05-31,-2.90082659266436
2021-06-01,-2.893061164218528
2021-06-02,-2.885060910061554
2021-06-03,-2.876825830193438
2021-06-04,-2.8683559246141805
2021-06-07,-2.8596511933237814
2021-06-08,-2.8507116363222402
2021-06-09,-2.8415372536095576
2021-06-10,-2.832128045185733
2021-06-11,-2.8224840110507663
2021-06-14,-2.812605151204658
2021-06-15,-2.802491465647408
2021-06-16,-2.7921429543790164
2021-06-17,-2.7815596173994828
2021-06-18,-2.7707414547088076
2021-06-21,-2.7596884663069905
2021-06-22,-2.7484006521940314
2021-06-23,-2.736878012369931
2021-06-24,-2.725120546834688
2021-06-25,-2.713128255588304
2021-06-28,-2.700901138630778
2021-06-29,-2.6884391959621103
2021-06-30,-2.6757424275823003
2021-07-01,-2.3501875476751675
2021-07-02,-2.3376549691955884
2021-07-05,-2.3253254730835784
2021-07-06,-2.313199059339138
2021-07-07,-2.3012757279622673
2021-07-08,-2.289555478952966
2021-07-09,-2.2780383123112347
2021-07-12,-2.2667242280370727
2021-07-13,-2.2556132261304804
2021-07-14,-2.2447053065914577
2021-07-15,-2.234000469420005
2021-07-16,-2.223498714616121
2021-07-19,-2.2132000421798077
2021-07-20,-2.203104452111063
2021-07-21,-2.1932119444098883
2021-07-22,-2.1835225190762833
2021-07-23,-2.174036176110248
2021-07-26,-2.164752915511782
2021-07-27,-2.1556727372808857
2021-07-28,-2.146795641417559
2021-07-29,-2.138121627921802
2021-07-30,-2.1296506967936146
2021-08-02,-2.121382848032997
2021-08-03,-2.1133180816399486
2021-08-04,-2.1054563976144696
2021-08-05,-2.0977977959565606
2021-08-06,-2.090342276666221
2021-08-09,-2.0830898397434514
2021-08-10,-2.0760404851882512
2021-08-11,-2.0691942130006202
2021-08-12,-2.0625510231805593
2021-08-13,-2.056110915728068
2021-08-16,-2.049873890643146
2021-08-17,-2.0438399479257936
2021-08-18,-2.038009087576011
2021-08-19,-2.032381309593798
2021-08-20,-2.0269566139791544
2021-08-23,-2.0217350007320807
2021-08-24,-2.0167164698525766
2021-08-25,-2.0119010213406416
2021-08-26,-2.0072886551962767
2021-08-27,-2.002879371419481
2021-08-30,-1.9986731700102554
2021-08-31,-1.9946700509685993
2021-09-01,-1.9908700142945124
2021-09-02,-1.9872730599879955
2021-09-03,-1.9838791880490478
2021-09-06,-1.9806883984776702
2021-09-07,-1.9777006912738617
2021-09-08,-1.9749160664376233
2021-09-09,-1.972334523968954
2021-09-10,-1.9699560638678548
2021-09-13,-1.9677806861343248
2021-09-14,-1.9658083907683643
2021-09-15,-1.964039177769974
2021-09-16,-1.9624730471391527
2021-09-17,-1.9611099988759013
2021-09-20,-1.9599500329802195
2021-09-21,-1.9589931494521073
2021-09-22,-1.9582393482915645
2021-09-23,-1.9576886294985916
2021-09-24,-1.957340993073188
2021-09-27,-1.9571964390153542
2021-09-28,-1.95725496732509
2021-09-29,-1.9575165780023953
2021-09-30,-1.9579812710472702
2021-10-01,-2.1184644235725663
2021-10-04,-2.119115099432333
2021-10-05,-2.119748675739422
2021-10-06,-2.1203651524938336
2021-10-07,-2.1209645296955673
2021-10-08,-2.121546807344623
2021-10-11,-2.122111985441001
2021-10-12,-2.1226600639847018
2021-10-13,-2.1231910429757246
2021-10-14,-2.123704922414069
2021-10-15,-2.124201702299737
2021-10-18,-2.124681382632726
2021-10-19,-2.1251439634130382
2021-10-20,-2.125589444640672
2021-10-21,-2.1260178263156284
2021-10-22,-2.126429108437907
2021-10-25,-2.126823291007508
2021-10-26,-2.127200374024431
2021-10-27,-2.127560357488677
2021-10-28,-2.1279032414002446
2021-10-29,-2.1282290257591345
2021-11-01,-2.1285377105653467
2021-11-02,-2.1288292958188815
2021-11-03,-2.129103781519738
2021-11-04,-2.129361167667917
2021-11-05,-2.1296014542634185
2021-11-08,-2.129824641306242
2021-11-09,-2.130030728796388
2021-11-10,-2.1302197167338566
2021-11-11,-2.1303916051186467
2021-11-12,-2.1305463939507594
2021-11-15,-2.1306840832301948
2021-11-16,-2.130804672956952
2021-11-17,-2.1309081631310316
2021-11-18,-2.130994553752433
2021-11-19,-2.131063844821157
2021-11-22,-2.131116036337204
2021-11-23,-2.1311511283005724
2021-11-24,-2.131169120711263
2021-11-25,-2.1311700135692764
2021-11-26,-2.131153806874612
2021-11-29,-2.1311205006272695
2021-11-30,-2.13107009482725
2021-12-01,-2.131002589474552
2021-12-02,-2.1309179845691766
2021-12-03,-2.1308162801111235
2021-12-06,-2.1306974761003925
2021-12-07,-2.1305615725369837
2021-12-08,-2.1304085694208976
2021-12-09,-2.1302384667521332
2021-12-10,-2.1300512645306915
2021-12-13,-2.129846962756572
2021-12-14,-2.129625561429775
2021-12-15,-2.1293870605503
2021-12-16,-2.1291314601181472
2021-12-17,-2.128858760133317
2021-12-20,-2.1285689605958087
2021-12-21,-2.1282620615056227
2021-12-22,-2.127938062862759
2021-12-23,-2.1275969646672177
2021-12-24,-2.1272387669189987
2021-12-27,-2.126863469618102
2021-12-28,-2.1264710727645273
2021-12-29,-2.126061576358275
2021-12-30,-2.125634980399345
2021-12-31,-2.1251912848877375
2022-01-03,-2.2380772223735086
2022-01-04,-2.2374177558769563
2022-01-05,-2.2365740177938966
2022-01-06,-2.235546008124329
2022-01-07,-2.234333726868254
2022-01-10,-2.232937174025671
2022-01-11,-2.2313563495965805
2022-01-12,-2.2295912535809816
2022-01-13,-2.227641885978876
2022-01-14,-2.225508246790262
2022-01-17,-2.2231903360151404
2022-01-18,-2.2206881536535112
2022-01-19,-2.218001699705374
2022-01-20,-2.2151309741707292
2022-01-21,-2.212075977049577
2022-01-24,-2.208836708341917
2022-01-25,-2.2054131680477487
2022-01-26,-2.2018053561670734
2022-01-27,-2.1980132726998898
2022-01-28,-2.194036917646199
2022-01-31,-2.189876291006
2022-02-01,-2.1855313927792936
2022-02-02,-2.1810022229660793
2022-02-03,-2.1762887815663574
2022-02-04,-2.171391068580128
2022-02-07,-2.1663090840073904
2022-02-08,-2.1610428278481453
2022-02-09,-2.1555923001023927
2022-02-10,-2.149957500770132
2022-02-11,-2.1441384298513637
2022-02-14,-2.138135087346088
2022-02-15,-2.131947473254304
2022-02-16,-2.1255755875760127
2022-02-17,-2.1190194303112135
2022-02-18,-2.112279001459907
2022-02-21,-2.1053543010220923
2022-02-22,-2.09824532899777
2022-02-23,-2.09095208538694
2022-02-24,-2.083474570189602
2022-02-25,-2.0758127834057567
2022-02-28,-2.0679667250354035
2022-03-01,-2.0599363950785428
2022-03-02,-2.051721793535174
2022-03-03,-2.0433229204052976
2022-03-04,-2.0347397756889136
2022-03-07,-2.0259723593860217
2022-03-08,-2.0170206714966223
2022-03-09,-2.007884712020715
2022-03-10,-1.9985644809583003
2022-03-11,-1.9890599783093776
2022-03-14,-1.9793712040739473
2022-03-15,-1.9694981582520092
2022-03-16,-1.9594408408435635
2022-03-17,-1.9491992518486099
2022-03-18,-1.9387733912671485
2022-03-21,-1.9281632590991795
2022-03-22,-1.917368855344703
2022-03-23,-1.9063901800037186
2022-03-24,-1.8952272330762263
2022-03-25,-1.8838800145622265
2022-03-28,-1.872348524461719
2022-03-29,-1.8606327627747037
2022-03-30,-1.8487327295011806
2022-03-31,-1.8366484246411499
2022-04-01,-1.4262579004199423
2022-04-04,-1.4145650755130779
2022-04-05,-1.4032592548159413
2022-04-06,-1.3923404383285318
2022-04-07,-1.38180862605085
2022-04-08,-1.3716638179828953
2022-04-11,-1.3619060141246684
2022-04-12,-1.3525352144761689
2022-04-13,-1.3435514190373967
2022-04-14,-1.334954627808352
2022-04-15,-1.3267448407890348
2022-04-18,-1.318922057979445
2022-04-19,-1.3114862793795827
2022-04-20,-1.3044375049894477
2022-04-21,-1.2977757348090404
2022-04-22,-1.2915009688383603
2022-04-25,-1.2856132070774078
2022-04-26,-1.2801124495261826
2022-04-27,-1.274998696184685
2022-04-28,-1.270271947052915
2022-04-29,-1.265932202130872
2022-05-02,-1.2619794614185569
2022-05-03,-1.2584137249159688
2022-05-04,-1.2552349926231086
2022-05-05,-1.2524432645399755
2022-05-06,-1.25003854066657
2022-05-09,-1.248020821002892
2022-05-10,-1.2463901055489413
2022-05-11,-1.245146394304718
2022-05-12,-1.2442896872702225
2022-05-13,-1.2438199844454543
2022-05-16,-1.2437372858304134
2022-05-17,-1.2440415914251
2022-05-18,-1.244732901229514
2022-05-19,-1.2458112152436556
2022-05-20,-1.2472765334675244
2022-05-23,-1.2491288559011209
2022-05-24,-1.2513681825444447
2022-05-25,-1.2539945133974961
2022-05-26,-1.257007848460275
2022-05-27,-1.260408187732781
2022-05-30,-1.2641955312150146
2022-05-31,-1.2683698789069757
2022-06-01,-1.2729312308086642
2022-06-02,-1.2778795869200803
2022-06-03,-1.2832149472412238
2022-06-06,-1.2889373117720946
2022-06-07,-1.295046680512693
2022-06-08,-1.3015430534630188
2022-06-09,-1.308426430623072
2022-06-10,-1.3156968119928527
2022-06-13,-1.3233541975723608
2022-06-14,-1.3313985873615963
2022-06-15,-1.3398299813605594
2022-06-16,-1.3486483795692499
2022-06-17,-1.3578537819876677
2022-06-20,-1.3674461886158131
2022-06-21,-1.377425599453686
2022-06-22,-1.3877920145012863
2022-06-23,-1.398545433758614
2022-06-24,-1.4096858572256692
2022-06-27,-1.4212132849024517
2022-06-28,-1.4331277167889618
2022-06-29,-1.4454291528851992
2022-06-30,-1.4581175931911643
2022-07-01,-2.043719471331621
2022-07-04,-2.056183244576708
2022-07-05,-2.0682334593468816
2022-07-06,-2.079870115642142
2022-07-07,-2.0910932134624898
2022-07-08,-2.101902752807924
2022-07-11,-2.1122987336784447
2022-07-12,-2.1222811560740524
2022-07-13,-2.131850019994747
2022-07-14,-2.1410053254405286
2022-07-15,-2.149747072411397
2022-07-18,-2.158075260907352
2022-07-19,-2.165989890928394
2022-07-20,-2.1734909624745224
2022-07-21,-2.180578475545738
2022-07-22,-2.18725243014204
2022-07-25,-2.1935128262634294
2022-07-26,-2.199359663909905
2022-07-27,-2.204792943081468
2022-07-28,-2.2098126637781177
2022-07-29,-2.214418825999854
2022-08-01,-2.218611429746677
2022-08-02,-2.222390475018587
2022-08-03,-2.225755961815584
2022-08-04,-2.2287078901376676
2022-08-05,-2.2312462599848377
2022-08-08,-2.2333710713570953
2022-08-09,-2.235082324254439
2022-08-10,-2.2363800186768703
2022-08-11,-2.2372641546243877
2022-08-12,-2.2377347320969925
2022-08-15,-2.2377917510946834
2022-08-16,-2.237435211617462
2022-08-17,-2.236665113665327
2022-08-18,-2.2354814572382784
2022-08-19,-2.233884242336317
2022-08-22,-2.2318734689594426
2022-08-23,-2.229449137107655
2022-08-24,-2.2266112467809536
2022-08-25,-2.2233597979793394
2022-08-26,-2.219694790702812
2022-08-29,-2.2156162249513716
2022-08-30,-2.211124100725018
2022-08-31,-2.206218418023751
2022-09-01,-2.200899176847571
2022-09-02,-2.1951663771964776
2022-09-05,-2.189020019070471
2022-09-06,-2.1824601024695514
2022-09-07,-2.1754866273937186
2022-09-08,-2.168099593842973
2022-09-09,-2.1602990018173136
2022-09-12,-2.152084851316741
2022-09-13,-2.1434571423412554
2022-09-14,-2.134415874890857
2022-09-15,-2.124961048965545
2022-09-16,-2.1150926645653194
2022-09-19,-2.104810721690181
2022-09-20,-2.0941152203401296
2022-09-21,-2.083006160515165
2022-09-22,-2.071483542215287
2022-09-23,-2.059547365440496
2022-09-26,-2.0471976301907917
2022-09-27,-2.034434336466174
2022-09-28,-2.021257484266644
2022-09-29,-2.0076670735921995
2022-09-30,-1.993663104442843
2022-10-03,-1.3698332940777767
2022-10-04,-1.3556330589786925
2022-10-05,-1.341871924522091
2022-10-06,-1.3285498907079716
2022-10-07,-1.315666957536335
2022-10-10,-1.3032231250071806
2022-10-11,-1.2912183931205088
2022-10-12,-1.2796527618763194
2022-10-13,-1.2685262312746126
2022-10-14,-1.257838801315388
2022-10-17,-1.2475904719986461
2022-10-18,-1.2377812433243867
2022-10-19,-1.2284111152926098
2022-10-20,-1.2194800879033152
2022-10-21,-1.2109881611565032
2022-10-24,-1.2029353350521736
2022-10-25,-1.1953216095903265
2022-10-26,-1.1881469847709618
2022-10-27,-1.1814114605940798
2022-10-28,-1.17511503705968
2022-10-31,-1.1692577141677627
2022-11-01,-1.1638394919183281
2022-11-02,-1.1588603703113758
2022-11-03,-1.154320349346906
2022-11-04,-1.1502194290249186
2022-11-07,-1.1465576093454137
2022-11-08,-1.1433348903083913
2022-11-09,-1.1405512719138515
2022-11-10,-1.1382067541617942
2022-11-11,-1.136301337052219
2022-11-14,-1.1348350205851265
2022-11-15,-1.1338078047605167
2022-11-16,-1.133219689578389
2022-11-17,-1.133070675038744
2022-11-18,-1.1333607611415812
2022-11-21,-1.1340899478869013
2022-11-22,-1.1352582352747036
2022-11-23,-1.1368656233049883
2022-11-24,-1.1389121119777557
2022-11-25,-1.1413977012930054
2022-11-28,-1.1443223912507376
2022-11-29,-1.1476861818509523
2022-11-30,-1.1514890730936496
2022-12-01,-1.155731064978829
2022-12-02,-1.1604121575064912
2022-12-05,-1.1655323506766357
2022-12-06,-1.171091644489263
2022-12-07,-1.1770900389443724
2022-12-08,-1.1835275340419644
2022-12-09,-1.190404129782039
2022-12-12,-1.1977198261645958
2022-12-13,-1.2054746231896352
2022-12-14,-1.2136685208571572
2022-12-15,-1.2223015191671616
2022-12-16,-1.2313736181196484
2022-12-19,-1.2408848177146177
2022-12-20,-1.2508351179520694
2022-12-21,-1.2612245188320037
2022-12-22,-1.2720530203544205
2022-12-23,-1.2833206225193197
2022-12-26,-1.2950273253267013
2022-12-27,-1.3071731287765653
2022-12-28,-1.319758032868912
2022-12-29,-1.3327820376037411
2022-12-30,-1.3462451429810527
2023-01-02,-1.8844462093428285
2023-01-03,-1.8980427733057554
2023-01-04,-1.9113336952118156
2023-01-05,-1.9243189750610088
2023-01-06,-1.9369986128533352
2023-01-09,-1.9493726085887946
2023-01-10,-1.961440962267387
2023-01-11,-1.9732036738891123
2023-01-12,-1.984660743453971
2023-01-13,-1.9958121709619627
2023-01-16,-2.006657956413087
2023-01-17,-2.017198099807345
2023-01-18,-2.027432601144736
2023-01-19,-2.0373614604252595
2023-01-20,-2.0469846776489167
2023-01-23,-2.0563022528157067
2023-01-24,-2.06531418592563
2023-01-25,-2.074020476978686
2023-01-26,-2.082421125974875
2023-01-27,-2.0905161329141975
2023-01-30,-2.0983054977966527
2023-01-31,-2.105789220622241
2023-02-01,-2.1129673013909627
2023-02-02,-2.119839740102817
2023-02-03,-2.1264065367578047
2023-02-06,-2.1326676913559255
2023-02-07,-2.138623203897179
2023-02-08,-2.144273074381566
2023-02-09,-2.149617302809086
2023-02-10,-2.1546558891797387
2023-02-13,-2.1593888334935247
2023-02-14,-2.163816135750444
2023-02-15,-2.167937795950496
2023-02-16,-2.171753814093681
2023-02-17,-2.1752641901799996
2023-02-20,-2.178468924209451
2023-02-21,-2.1813680161820352
2023-02-22,-2.1839614660977524
2023-02-23,-2.1862492739566033
2023-02-24,-2.188231439758587
2023-02-27,-2.1899079635037033
2023-02-28,-2.191278845191953
2023-03-01,-2.1923440848233358
2023-03-02,-2.193103682397852
2023-03-03,-2.1935576379155006
2023-03-06,-2.1937059513762827
2023-03-07,-2.193548622780198
2023-03-08,-2.193085652127246
2023-03-09,-2.192317039417427
2023-03-10,-2.191242784650741
2023-03-13,-2.1898628878271884
2023-03-14,-2.188177348946769
2023-03-15,-2.1861861680094825
2023-03-16,-2.183889345015329
2023-03-17,-2.1812868799643086
2023-03-20,-2.178378772856421
2023-03-21,-2.1751650236916666
2023-03-22,-2.1716456324700455
2023-03-23,-2.1678205991915576
2023-03-24,-2.1636899238562024
2023-03-27,-2.1592536064639805
2023-03-28,-2.1545116470148913
2023-03-29,-2.1494640455089353
2023-03-30,-2.1441108019461126
2023-03-31,-2.138451916326423
2023-04-03,-1.6772685561949758
2023-04-04,-1.6716450041212894
2023-04-05,-1.666362427650473
2023-04-06,-1.6614208267825266
2023-04-07,-1.6568202015174502
2023-04-10,-1.6525605518552442
2023-04-11,-1.6486418777959084
2023-04-12,-1.6450641793394425
2023-04-13,-1.6418274564858468
2023-04-14,-1.6389317092351212
2023-04-17,-1.6363769375872659
2023-04-18,-1.6341631415422806
2023-04-19,-1.6322903211001654
2023-04-20,-1.6307584762609202
2023-04-21,-1.6295676070245453
2023-04-24,-1.6287177133910407
2023-04-25,-1.6282087953604059
2023-04-26,-1.6280408529326413
2023-04-27,-1.6282138861077469
2023-04-28,-1.6287278948857227
2023-05-01,-1.6295828792665685
2023-05-02,-1.6307788392502844
2023-05-03,-1.6323157748368704
2023-05-04,-1.6341936860263266
2023-05-05,-1.636412572818653
2023-05-08,-1.6389724352138495
2023-05-09,-1.6418732732119161
2023-05-10,-1.6451150868128528
2023-05-11,-1.6486978760166597
2023-05-12,-1.6526216408233365
2023-05-15,-1.6568863812328838
2023-05-16,-1.661492097245301
2023-05-17,-1.6664387888605883
2023-05-18,-1.6717264560787457
2023-05-19,-1.6773550988997734
2023-05-22,-1.683324717323671
2023-05-23,-1.689635311350439
2023-05-24,-1.6962868809800768
2023-05-25,-1.703279426212585
2023-05-26,-1.7106129470479632
2023-05-29,-1.7182874434862117
2023-05-30,-1.72630291552733
2023-05-31,-1.7346593631713187
2023-06-01,-1.7433567864181774
2023-06-02,-1.7523951852679063
2023-06-05,-1.7617745597205052
2023-06-06,-1.7714949097759745
2023-06-07,-1.7815562354343135
2023-06-08,-1.791958536695523
2023-06-09,-1.8027018135596025
2023-06-12,-1.8137860660265521
2023-06-13,-1.8252112940963718
2023-06-14,-1.8369774977690618
2023-06-15,-1.8490846770446216
2023-06-16,-1.861532831923052
2023-06-19,-1.8743219624043521
2023-06-20,-1.8874520684885225
2023-06-21,-1.900923150175563
2023-06-22,-1.9147352074654735
2023-06-23,-1.9288882403582543
2023-06-26,-1.9433822488539052
2023-06-27,-1.9582172329524261
2023-06-28,-1.9733931926538175
2023-06-29,-1.9889101279580785
2023-06-30,-2.00476803886521
2023-07-03,-2.565483472000379
2023-07-04,-2.5812498731095217
2023-07-05,-2.5965837888178056
2023-07-06,-2.611485219125231
2023-07-07,-2.625954164031797
2023-07-10,-2.639990623537505
2023-07-11,-2.6535945976423534
2023-07-12,-2.6667660863463434
2023-07-13,-2.6795050896494743
2023-07-14,-2.6918116075517466
2023-07-17,-2.70368564005316
2023-07-18,-2.7151271871537146
2023-07-19,-2.7261362488534107
2023-07-20,-2.7367128251522477
2023-07-21,-2.7468569160502256
2023-07-24,-2.7565685215473454
2023-07-25,-2.7658476416436057
2023-07-26,-2.774694276339008
2023-07-27,-2.783108425633551
2023-07-28,-2.791090089527235
2023-07-31,-2.7986392680200605
2023-08-01,-2.8057559611120273
2023-08-02,-2.812440168803135
2023-08-03,-2.818691891093384
2023-08-04,-2.824511127982774
2023-08-07,-2.8298978794713054
2023-08-08,-2.8348521455589784
2023-08-09,-2.8393739262457918
2023-08-10,-2.843463221531747
2023-08-11,-2.8471200314168432
2023-08-14,-2.8503443559010804
2023-08-15,-2.853136194984459
2023-08-16,-2.855495548666979
2023-08-17,-2.8574224169486397
2023-08-18,-2.858916799829442
2023-08-21,-2.8599786973093853
2023-08-22,-2.86060810938847
2023-08-23,-2.8608050360666955
2023-08-24,-2.8605694773440624
2023-08-25,-2.8599014332205708
2023-08-28,-2.85880090369622
2023-08-29,-2.857267888771011
2023-08-30,-2.8553023884449424
2023-08-31,-2.8529044027180155
2023-09-01,-2.8500739315902295
2023-09-04,-2.846810975061585
2023-09-05,-2.843115533132081
2023-09-06,-2.838987605801719
2023-09-07,-2.8344271930704976
2023-09-08,-2.829434294938418
2023-09-11,-2.824008911405479
2023-09-12,-2.8181510424716816
2023-09-13,-2.8118606881370254
2023-09-14,-2.80513784840151
2023-09-15,-2.7979825232651363
2023-09-18,-2.790394712727904
2023-09-19,-2.782374416789812
2023-09-20,-2.773921635450862
2023-09-21,-2.7650363687110526
2023-09-22,-2.755718616570385
2023-09-25,-2.745968379028858
2023-09-26,-2.735785656086472
2023-09-27,-2.725170447743228
2023-09-28,-2.7141227539991246
2023-09-29,-2.702642574854163
2023-10-02,
2023-10-03,
2023-10-04,
2023-10-05,
2023-10-06,
2023-10-09,
2023-10-10,
2023-10-11,
2023-10-12,
2023-10-13,
2023-10-16,
2023-10-17,
2023-10-18,
2023-10-19,
2023-10-20,
2023-10-23,
2023-10-24,
2023-10-25,
2023-10-26,
2023-10-27,
2023-10-30,
2023-10-31,
2023-11-01,
2023-11-02,
2023-11-03,
2023-11-06,
2023-11-07,
2023-11-08,
2023-11-09,
2023-11-10,
2023-11-13,
2023-11-14,
2023-11-15,
2023-11-16,
2023-11-17,
2023-11-20,
2023-11-21,
2023-11-22,
2023-11-23,
2023-11-24,
2023-11-27,
2023-11-28,
2023-11-29,
2023-11-30,
2023-12-01,
2023-12-04,
2023-12-05,
2023-12-06,
2023-12-07,
2023-12-08,
2023-12-11,
2023-12-12,
2023-12-13,
2023-12-14,
2023-12-15,
2023-12-18,
2023-12-19,
2023-12-20,
2023-12-21,
2023-12-22,
2023-12-25,
2023-12-26,
2023-12-27,
2023-12-28,
2023-12-29,
2024-01-01,
2024-01-02,
2024-01-03,
2024-01-04,
2024-01-05,
2024-01-08,
2024-01-09,
2024-01-10,
2024-01-11,
2024-01-12,
2024-01-15,
2024-01-16,
2024-01-17,
2024-01-18,
2024-01-19,
2024-01-22,
2024-01-23,
2024-01-24,
2024-01-25,
2024-01-26,
2024-01-29,
2024-01-30,
2024-01-31,
2024-02-01,
2024-02-02,
2024-02-05,
2024-02-06,
2024-02-07,
2024-02-08,
2024-02-09,
2024-02-12,
2024-02-13,
2024-02-14,
2024-02-15,
2024-02-16,
2024-02-19,
2024-02-20,
2024-02-21,
2024-02-22,
2024-02-23,
2024-02-26,
2024-02-27,
2024-02-28,
2024-02-29,
2024-03-01,
2024-03-04,
2024-03-05,
2024-03-06,
2024-03-07,
2024-03-08,
2024-03-11,
2024-03-12,
2024-03-13,
2024-03-14,
2024-03-15,
2024-03-18,
2024-03-19,
2024-03-20,
2024-03-21,
2024-03-22,
2024-03-25,
2024-03-26,
2024-03-27,
2024-03-28,
2024-03-29,
2024-04-01,
2024-04-02,
2024-04-03,
2024-04-04,
2024-04-05,
2024-04-08,
2024-04-09,
2024-04-10,
2024-04-11,
2024-04-12,
2024-04-15,
2024-04-16,
2024-04-17,
2024-04-18,
2024-04-19,
2024-04-22,
2024-04-23,
2024-04-24,
2024-04-25,
2024-04-26,
2024-04-29,
2024-04-30,
2024-05-01,
2024-05-02,
2024-05-03,
2024-05-06,
2024-05-07,
2024-05-08,
2024-05-09,
2024-05-10,
2024-05-13,
2024-05-14,
2024-05-15,
2024-05-16,
2024-05-17,
2024-05-20,
2024-05-21,
2024-05-22,
2024-05-23,
2024-05-24,
2024-05-27,
2024-05-28,
2024-05-29,
2024-05-30,
2024-05-31,
2024-06-03,
2024-06-04,
2024-06-05,
2024-06-06,
2024-06-07,
2024-06-10,
2024-06-11,
2024-06-12,
2024-06-13,
2024-06-14,
2024-06-17,
2024-06-18,
2024-06-19,
2024-06-20,
2024-06-21,
2024-06-24,
2024-06-25,
2024-06-26,
2024-06-27,
2024-06-28,
2024-07-01,
2024-07-02,
2024-07-03,
2024-07-04,
2024-07-05,
2024-07-08,
2024-07-09,
2024-07-10,
2024-07-11,
2024-07-12,
2024-07-15,
2024-07-16,
2024-07-17,
2024-07-18,
2024-07-19,
2024-07-22,
2024-07-23,
2024-07-24,
2024-07-25,
2024-07-26,
2024-07-29,
2024-07-30,
2024-07-31,
2024-08-01,
2024-08-02,
2024-08-05,
2024-08-06,
2024-08-07,
2024-08-08,
2024-08-09,
2024-08-12,
2024-08-13,
2024-08-14,
2024-08-15,
2024-08-16,
2024-08-19,
2024-08-20,
2024-08-21,
2024-08-22,
2024-08-23,
2024-08-26,
2024-08-27,
2024-08-28,
2024-08-29,
2024-08-30,
2024-09-02,
2024-09-03,
2024-09-04,
2024-09-05,
2024-09-06,
2024-09-09,
2024-09-10,
2024-09-11,
2024-09-12,
2024-09-13,
2024-09-16,
2024-09-17,
2024-09-18,
2024-09-19,
2024-09-20,
2024-09-23,
2024-09-24,
2024-09-25,
2024-09-26,
2024-09-27,
2024-09-30,
2024-10-01,-2.4444171890050255
2024-10-02,-2.432605019257012
2024-10-03,-2.420712849389445
2024-10-04,-2.408740679402325
2024-10-07,-2.3966885092956507
2024-10-08,-2.384556339069423
2024-10-09,-2.372344168723642
2024-10-10,-2.360051998258308
2024-10-11,-2.3476798276734194
2024-10-14,-2.335227656968978
2024-10-15,-2.322695486144983
2024-10-16,-2.3100833152014344
2024-10-17,-2.297391144138332
2024-10-18,-2.2846189729556765
2024-10-21,-2.271766801653467
2024-10-22,-2.2588346302317044
2024-10-23,-2.2458224586903883
2024-10-24,-2.2327302870295185
2024-10-25,-2.219558115249095
2024-10-28,-2.206305943349118
2024-10-29,-2.1929737713295876
2024-10-30,-2.179561599190504
2024-10-31,-2.1660694269318665
2024-11-01,-2.1524972545536754
2024-11-04,-2.138845082055931
2024-11-05,-2.125112909438633
2024-11-06,-2.1113007367017813
2024-11-07,-2.0974085638453763
2024-11-08,-2.0834363908694176
2024-11-11,-2.0693842177739055
2024-11-12,-2.05525204455884
2024-11-13,-2.041039871224221
2024-11-14,-2.026747697770048
2024-11-15,-2.0123755241963215
2024-11-18,-1.9979233505030418
2024-11-19,-1.9833911766902086
2024-11-20,-1.9687790027578218
2024-11-21,-1.9540868287058815
2024-11-22,-1.9393146545343876
2024-11-25,-1.92446248024334
2024-11-26,-1.9095303058327393
2024-11-27,-1.8945181313025847
2024-11-28,-1.8794259566528768
2024-11-29,-1.8642537818836153
2024-12-02,-1.8490016069948003
2024-12-03,-1.8336694319864315
2024-12-04,-1.8182572568585096
2024-12-05,-1.8027650816110339
2024-12-06,-1.7871929062440048
2024-12-09,-1.771540730757422
2024-12-10,-1.7558085551512859
2024-12-11,-1.7399963794255962
2024-12-12,-1.724104203580353
2024-12-13,-1.7081320276155563
2024-12-16,-1.6920798515312057
2024-12-17,-1.675947675327302
2024-12-18,-1.6597354990038446
2024-12-19,-1.6434433225608336
2024-12-20,-1.6270711459982694
2024-12-23,-1.6106189693161514
2024-12-24,-1.59408679251448
2024-12-25,-1.577474615593255
2024-12-26,-1.5607824385524762
2024-12-27,-1.5440102613921443
2024-12-30,-1.5271580841122587
2024-12-31,-1.5102259067128196
2025-01-01,-1.310149247557285
2025-01-02,-1.292788196872392
2025-01-03,-1.275609903569067
2025-01-06,-1.25861436764731
2025-01-07,-1.241801589107121
2025-01-08,-1.2251715679485002
2025-01-09,-1.2087243041714477
2025-01-10,-1.192459797775963
2025-01-13,-1.176378048762046
2025-01-14,-1.160479057129698
2025-01-15,-1.144762822878917
2025-01-16,-1.129229346009705
2025-01-17,-1.1138786265220606
2025-01-20,-1.098710664415984
2025-01-21,-1.0837254596914758
2025-01-22,-1.0689230123485358
2025-01-23,-1.0543033223871636
2025-01-24,-1.0398663898073597
2025-01-27,-1.025612214609124
2025-01-28,-1.0115407967924561
2025-01-29,-0.9976521363573562
2025-01-30,-0.9839462333038244
2025-01-31,-0.9704230876318608
2025-02-03,-0.9570826993414652
2025-02-04,-0.9439250684326377
2025-02-05,-0.9309501949053782
2025-02-06,-0.9181580787596868
2025-02-07,-0.9055487199955635
2025-02-10,-0.8931221186130083
2025-02-11,-0.8808782746120211
2025-02-12,-0.8688171879926019
2025-02-13,-0.8569388587547508
2025-02-14,-0.8452432868984678
2025-02-17,-0.833730472423753
2025-02-18,-0.8224004153306061
2025-02-19,-0.8112531156190274
2025-02-20,-0.8002885732890166
2025-02-21,-0.789506788340574
2025-02-24,-0.7789077607736994
2025-02-25,-0.768491490588393
2025-02-26,-0.7582579777846544
2025-02-27,-0.748207222362484
2025-02-28,-0.7383392243218818
2025-03-03,-0.7286539836628475
2025-03-04,-0.7191515003853813
2025-03-05,-0.7098317744894832
2025-03-06,-0.7006948059751532
2025-03-07,-0.6917405948423913
2025-03-10,-0.6829691410911973
2025-03-11,-0.6743804447215715
2025-03-12,-0.6659745057335138
2025-03-13,-0.6577513241270241
2025-03-14,-0.6497108999021024
2025-03-17,-0.6418532330587489
2025-03-18,-0.6341783235969634
2025-03-19,-0.626686171516746
2025-03-20,-0.6193767768180966
2025-03-21,-0.6122501395010154
2025-03-24,-0.6053062595655021
2025-03-25,-0.598545137011557
2025-03-26,-0.5919667718391799
2025-03-27,-0.5855711640483708
2025-03-28,-0.5793583136391299
2025-03-31,-0.573328220611457
2025-04-01,-0.7466687942285745
2025-04-02,-0.7408341292162192
2025-04-03,-0.7349221758276737
2025-04-04,-0.7289329340629377
2025-04-07,-0.7228664039220114
2025-04-08,-0.7167225854048946
2025-04-09,-0.7105014785115874
2025-04-10,-0.7042030832420899
2025-04-11,-0.6978273995964018
2025-04-14,-0.6913744275745235
2025-04-15,-0.6848441671764547
2025-04-16,-0.6782366184021955
2025-04-17,-0.6715517812517459
2025-04-18,-0.6647896557251058
2025-04-21,-0.6579502418222755
2025-04-22,-0.6510335395432546
2025-04-23,-0.6440395488880434
2025-04-24,-0.6369682698566418
2025-04-25,-0.6298197024490497
2025-04-28,-0.6225938466652673
2025-04-29,-0.6152907025052944
2025-04-30,-0.6079102699691311
2025-05-01,-0.6004525490567775
2025-05-02,-0.5929175397682334
2025-05-05,-0.5853052421034989
2025-05-06,-0.577615656062574
2025-05-07,-0.5698487816454587
2025-05-08,-0.562004618852153
2025-05-09,-0.554083167682657
2025-05-12,-0.5460844281369704
2025-05-13,-0.5380084002150936
2025-05-14,-0.5298550839170262
2025-05-15,-0.5216244792427684
2025-05-16,-0.5133165861923203
2025-05-19,-0.5049314047656818
2025-05-20,-0.4964689349628528
2025-05-21,-0.48792917678383346
2025-05-22,-0.47931213022862373
2025-05-23,-0.47061779529722353
2025-05-26,-0.461846171989633
2025-05-27,-0.45299726030585197
2025-05-28,-0.44407106024588067
2025-05-29,-0.43506757180971883
2025-05-30,-0.4259867949973667
2025-06-02,-0.416828729808824
2025-06-03,-0.4075933762440911
2025-06-04,-0.3982807343031676
2025-06-05,-0.3888908039860538
2025-06-06,-0.37942358529274955
2025-06-09,-0.36987907822325494
2025-06-10,-0.3602572827775699
2025-06-11,-0.3505581989556945
2025-06-12,-0.3407818267576286
2025-06-13,-0.3309281661833724
2025-06-16,-0.3209972172329257
2025-06-17,-0.31098897990628865
2025-06-18,-0.30090345420346115
2025-06-19,-0.2907406401244433
2025-06-20,-0.280500537669235
2025-06-23,-0.27018314683783634
2025-06-24,-0.2597884676302472
2025-06-25,-0.24931650004646772
2025-06-26,-0.2387672440864978
2025-06-27,-0.22814069975033752
2025-06-30,-0.21743686703798676
2025-07-01,0.10143104071630601
2025-07-02,0.11169920306513434
2025-07-03,0.12161775699377339
2025-07-04,0.13118670250222297
2025-07-07,0.14040603959048317
2025-07-08,0.149275768258554
2025-07-09,0.15779588850643544
2025-07-10,0.16596640033412746
2025-07-11,0.1737873037416301
2025-07-14,0.18125859872894332
2025-07-15,0.18838028529606715
2025-07-16,0.19515236344300163
2025-07-17,0.2015748331697467
2025-07-18,0.20764769447630238
2025-07-21,0.21337094736266865
2025-07-22,0.21874459182884554
2025-07-23,0.22376862787483304
2025-07-24,0.22844305550063115
2025-07-25,0.23276787470623983
2025-07-28,0.23674308549165918
2025-07-29,0.24036868785688909
2025-07-30,0.24364468180192964
2025-07-31,0.24657106732678077
2025-08-01,0.24914784443144253
2025-08-04,0.25137501311591487
2025-08-05,0.2532525733801978
2025-08-06,0.2547805252242914
2025-08-07,0.2559588686481956
2025-08-08,0.25678760365191033
2025-08-11,0.2572667302354358
2025-08-12,0.25739624839877173
2025-08-13,0.2571761581419184
2025-08-14,0.2566064594648756
2025-08-15,0.2556871523676434
2025-08-18,0.25441823685022186
2025-08-19,0.2527997129126109
2025-08-20,0.25083158055481053
2025-08-21,0.2485138397768208
2025-08-22,0.24584649057864164
2025-08-25,0.2428295329602731
2025-08-26,0.23946296692171518
2025-08-27,0.23574679246296787
2025-08-28,0.23168100958403115
2025-08-29,0.22726561828490507
2025-09-01,0.2225006185655896
2025-09-02,0.21738601042608466
2025-09-03,0.21192179386639037
2025-09-04,0.20610796888650673
2025-09-05,0.19994453548643365
2025-09-08,0.1934314936661712
2025-09-09,0.1865688434257194
2025-09-10,0.17935658476507813
2025-09-11,0.17179471768424753
2025-09-12,0.1638832421832275
2025-09-15,0.15562215826201803
2025-09-16,0.1470114659206192
2025-09-17,0.13805116515903101
2025-09-18,0.12874125597725342
2025-09-19,0.11908173837528643
2025-09-22,0.10907261235313007
2025-09-23,0.09871387791078431
2025-09-24,0.08800553504824918
2025-09-25,0.07694758376552455
2025-09-26,0.06554002406261059
2025-09-29,0.05378285593950724
2025-09-30,0.04167607939621451
2025-10-01,-0.2581164079641566
2025-10-02,-0.2705265307130677
2025-10-03,-0.28289039124740795
2025-10-06,-0.2952079895671772
2025-10-07,-0.30747932567237546
2025-10-08,-0.3197043995630028
2025-10-09,-0.33188321123905923
2025-10-10,-0.3440157607005446
2025-10-13,-0.35610204794745903
2025-10-14,-0.3681420729798025
2025-10-15,-0.38013583579757504
2025-10-16,-0.39208333640077664
2025-10-17,-0.4039845747894072
2025-10-20,-0.4158395509634669
2025-10-21,-0.4276482649229556
2025-10-22,-0.43941071666787335
2025-10-23,-0.4511269061982201
2025-10-24,-0.4627968335139959
2025-10-27,-0.47442049861520075
2025-10-28,-0.4859979015018347
2025-10-29,-0.4975290421738976
2025-10-30,-0.5090139206313895
2025-10-31,-0.5204525368743106
2025-11-03,-0.5318448909026606
2025-11-04,-0.5431909827164397
2025-11-05,-0.5544908123156479
2025-11-06,-0.565744379700285
2025-11-07,-0.5769516848703513
2025-11-10,-0.5881127278258466
2025-11-11,-0.5992275085667709
2025-11-12,-0.6102960270931241
2025-11-13,-0.6213182834049066
2025-11-14,-0.632294277502118
2025-11-17,-0.6432240093847584
2025-11-18,-0.654107479052828
2025-11-19,-0.6649446865063264
2025-11-20,-0.6757356317452541
2025-11-21,-0.6864803147696108
2025-11-24,-0.6971787355793964
2025-11-25,-0.7078308941746111
2025-11-26,-0.7184367905552549
2025-11-27,-0.7289964247213276
2025-11-28,-0.7395097966728295
2025-12-01,-0.7499769064097603
2025-12-02,-0.7603977539321202
2025-12-03,-0.7707723392399092
2025-12-04,-0.7811006623331271
2025-12-05,-0.7913827232117742
2025-12-08,-0.8016185218758503
2025-12-09,-0.8118080583253553
2025-12-10,-0.8219513325602895
2025-12-11,-0.8320483445806527
2025-12-12,-0.8420990943864449
2025-12-15,-0.8521035819776661
2025-12-16,-0.8620618073543165
2025-12-17,-0.8719737705163959
2025-12-18,-0.8818394714639043
2025-12-19,-0.8916589101968417
2025-12-22,-0.9014320867152081
2025-12-23,-0.9111590010190036
2025-12-24,-0.9208396531082281
2025-12-25,-0.9304740429828817
2025-12-26,-0.9400621706429644
2025-12-29,-0.9496040360884761
2025-12-30,-0.9590996393194169
2025-12-31,-0.9685489803357866
2026-01-01,-0.8789137504702057
2026-01-02,-0.891710198682871
2026-01-05,-0.9044574481146109
2026-01-06,-0.9171554987654251
2026-01-07,-0.929804350635314
2026-01-08,-0.9424040037242771
2026-01-09,-0.9549544580323146
2026-01-12,-0.9674557135594266
2026-01-13,-0.979907770305613
2026-01-14,-0.992310628270874
2026-01-15,-1.0046642874552094
2026-01-16,-1.0169687478586191
2026-01-19,-1.0292240094811032
2026-01-20,-1.041430072322662
2026-01-21,-1.053586936383295
2026-01-22,-1.0656946016630024
2026-01-23,-1.0777530681617846
2026-01-26,-1.0897623358796409
2026-01-27,-1.1017224048165717
2026-01-28,-1.113633274972577
2026-01-29,-1.1254949463476567
2026-01-30,-1.1373074189418109
2026-02-02,-1.1490706927550396
2026-02-03,-1.1607847677873426
2026-02-04,-1.17244964403872
2026-02-05,-1.1840653215091719
2026-02-06,-1.195631800198698
2026-02-09,-1.2071490801072988
2026-02-10,-1.2186171612349743
2026-02-11,-1.230036043581724
2026-02-12,-1.2414057271475478
2026-02-13,-1.2527262119324465
2026-02-16,-1.2639974979364195
2026-02-17,-1.275219585159467
2026-02-18,-1.2863924736015888
2026-02-19,-1.297516163262785
2026-02-20,-1.3085906541430559
2026-02-23,-1.319615946242401
2026-02-24,-1.3305920395608206
2026-02-25,-1.3415189340983145
2026-02-26,-1.352396629854883
2026-02-27,-1.363225126830526
2026-03-02,-1.3740044250252432
2026-03-03,-1.3847345244390352
2026-03-04,-1.3954154250719015
2026-03-05,-1.4060471269238421
2026-03-06,-1.416629629994857
2026-03-09,-1.4271629342849468
2026-03-10,-1.4376470397941108
2026-03-11,-1.4480819465223491
2026-03-12,-1.4584676544696622
2026-03-13,-1.4688041636360494
2026-03-16,-1.479091474021511
2026-03-17,-1.4893295856260473
2026-03-18,-1.499518498449658
2026-03-19,-1.509658212492343
2026-03-20,-1.5197487277541024
2026-03-23,-1.5297900442349364
2026-03-24,-1.5397821619348449
2026-03-25,-1.5497250808538277
2026-03-26,-1.5596188009918848
2026-03-27,-1.5694633223490166
2026-03-30,-1.5792586449252226
2026-03-31,-1.5890047687205033
2026-04-01,
2026-04-02,
2026-04-03,
2026-04-06,
2026-04-07,
2026-04-08,
2026-04-09,
2026-04-10,
2026-04-13,
2026-04-14,
2026-04-15,
2026-04-16,
2026-04-17,
2026-04-20,
2026-04-21,
2026-04-22,
2026-04-23,
2026-04-24,
2026-04-27,
2026-04-28,
2026-04-29,
2026-04-30,
2026-05-01,
2026-05-04,
2026-05-05,
2026-05-06,
2026-05-07,
2026-05-08,
2026-05-11,
2026-05-12,
2026-05-13,
2026-05-14,
2026-05-15,
2026-05-18,
2026-05-19,
2026-05-20,
2026-05-21,
2026-05-22,
2026-05-25,
2026-05-26,
2026-05-27,
2026-05-28,
2026-05-29,
2026-06-01,
2026-06-02,
2026-06-03,
2026-06-04,
2026-06-05,
2026-06-08,
2026-06-09,
2026-06-10,
2026-06-11,
2026-06-12,
2026-06-15,
2026-06-16,
2026-06-17,
2026-06-18,
2026-06-19,
2026-06-22,
2026-06-23,
2026-06-24,
2026-06-25,
2026-06-26,
2026-06-29,
2026-06-30,
