date,log_reer
1999-01-14,4.770887524213229
1999-01-15,4.773714572541859
1999-01-18,4.776110646036951
1999-01-19,4.778075744698505
1999-01-20,4.779609868526519
1999-01-21,4.780713017520995
1999-01-22,4.781385191681932
1999-01-25,4.78162639100933
1999-01-26,4.78143661550319
1999-01-27,4.780815865163511
1999-01-28,4.779764139990294
1999-01-29,4.778281439983537
1999-02-01,4.765940179994466
1999-02-02,4.764800076642934
1999-02-03,4.763668074844045
1999-02-04,4.7625441745978
1999-02-05,4.7614283759042
1999-02-08,4.760320678763243
1999-02-09,4.75922108317493
1999-02-10,4.758129589139262
1999-02-11,4.757046196656238
1999-02-12,4.7559709057258575
1999-02-15,4.754903716348122
1999-02-16,4.753844628523029
1999-02-17,4.752793642250581
1999-02-18,4.751750757530777
1999-02-19,4.750715974363618
1999-02-22,4.7496892927491015
1999-02-23,4.74867071268723
1999-02-24,4.747660234178002
1999-02-25,4.746657857221419
1999-02-26,4.745663581817479
1999-03-01,4.742160093402546
1999-03-02,4.741338009826573
1999-03-03,4.7405513851540135
1999-03-04,4.739800219384868
1999-03-05,4.7390845125191365
1999-03-08,4.738404264556818
1999-03-09,4.737759475497914
1999-03-10,4.737150145342424
1999-03-11,4.736576274090348
1999-03-12,4.736037861741686
1999-03-15,4.7355349082964375
1999-03-16,4.735067413754603
1999-03-17,4.734635378116183
1999-03-18,4.734238801381175
1999-03-19,4.733877683549583
1999-03-22,4.733552024621404
1999-03-23,4.733261824596639
1999-03-24,4.733007083475288
1999-03-25,4.73278780125735
1999-03-26,4.732603977942827
1999-03-29,4.732455613531718
1999-03-30,4.732342708024022
1999-03-31,4.73226526141974
1999-04-01,4.739159046706457
1999-04-02,4.739067742476799
1999-04-05,4.738929030250207
1999-04-06,4.738742910026684
1999-04-07,4.738509381806227
1999-04-08,4.738228445588837
1999-04-09,4.737900101374515
1999-04-12,4.73752434916326
1999-04-13,4.737101188955072
1999-04-14,4.736630620749951
1999-04-15,4.736112644547897
1999-04-16,4.735547260348911
1999-04-19,4.734934468152992
1999-04-20,4.7342742679601395
1999-04-21,4.7335666597703545
1999-04-22,4.732811643583637
1999-04-23,4.732009219399986
1999-04-26,4.731159387219403
1999-04-27,4.730262147041887
1999-04-28,4.729317498867438
1999-04-29,4.728325442696056
1999-04-30,4.727285978527741
1999-05-03,4.716284712903178
1999-05-04,4.7152288872632315
1999-05-05,4.714255863965978
1999-05-06,4.713365643011419
1999-05-07,4.712558224399553
1999-05-10,4.71183360813038
1999-05-11,4.711191794203901
1999-05-12,4.710632782620116
1999-05-13,4.710156573379024
1999-05-14,4.709763166480625
1999-05-17,4.709452561924921
1999-05-18,4.709224759711909
1999-05-19,4.709079759841591
1999-05-20,4.709017562313967
1999-05-21,4.709038167129037
1999-05-24,4.7091415742868
1999-05-25,4.7093277837872565
1999-05-26,4.709596795630406
1999-05-27,4.70994860981625
1999-05-28,4.710383226344788
1999-05-31,4.710900645216018
1999-06-01,4.7186982169058185
1999-06-02,4.71925700850413
1999-06-03,4.719801653269278
1999-06-04,4.720332151201264
1999-06-07,4.720848502300087
1999-06-08,4.721350706565748
1999-06-09,4.721838763998247
1999-06-10,4.722312674597583
1999-06-11,4.722772438363757
1999-06-14,4.723218055296768
1999-06-15,4.723649525396618
1999-06-16,4.724066848663304
1999-06-17,4.724470025096828
1999-06-18,4.72485905469719
1999-06-21,4.725233937464389
1999-06-22,4.725594673398426
1999-06-23,4.725941262499301
1999-06-24,4.726273704767013
1999-06-25,4.7265920002015624
1999-06-28,4.72689614880295
1999-06-29,4.727186150571175
1999-06-30,4.727462005506237
1999-07-01,4.719191340088882
1999-07-02,4.71954489357525
1999-07-05,4.719990292446086
1999-07-06,4.720527536701391
1999-07-07,4.721156626341163
1999-07-08,4.721877561365403
1999-07-09,4.722690341774112
1999-07-12,4.723594967567289
1999-07-13,4.724591438744933
1999-07-14,4.725679755307047
1999-07-15,4.726859917253627
1999-07-16,4.728131924584677
1999-07-19,4.729495777300194
1999-07-20,4.730951475400179
1999-07-21,4.732499018884632
1999-07-22,4.734138407753553
1999-07-23,4.735869642006943
1999-07-26,4.737692721644801
1999-07-27,4.739607646667126
1999-07-28,4.7416144170739205
1999-07-29,4.743713032865182
1999-07-30,4.745903494040912
1999-08-02,4.754533275493743
1999-08-03,4.7568285768186245
1999-08-04,4.75913687290819
1999-08-05,4.76145816376244
1999-08-06,4.7637924493813735
1999-08-09,4.766139729764991
1999-08-10,4.7685000049132915
1999-08-11,4.770873274826277
1999-08-12,4.773259539503946
1999-08-13,4.775658798946298
1999-08-16,4.778071053153335
1999-08-17,4.780496302125055
1999-08-18,4.78293454586146
1999-08-19,4.785385784362548
1999-08-20,4.78785001762832
1999-08-23,4.7903272456587755
1999-08-24,4.792817468453915
1999-08-25,4.7953206860137385
1999-08-26,4.797836898338246
1999-08-27,4.800366105427437
1999-08-30,4.802908307281312
1999-08-31,4.805463503899871
1999-09-01,4.817763563733144
1999-09-02,4.820223857105294
1999-09-03,4.822576252466351
1999-09-06,4.824820749816315
1999-09-07,4.826957349155186
1999-09-08,4.828986050482964
1999-09-09,4.830906853799649
1999-09-10,4.832719759105241
1999-09-13,4.83442476639974
1999-09-14,4.836021875683147
1999-09-15,4.837511086955461
1999-09-16,4.8388924002166815
1999-09-17,4.840165815466809
1999-09-20,4.841331332705844
1999-09-21,4.842388951933786
1999-09-22,4.843338673150634
1999-09-23,4.84418049635639
1999-09-24,4.844914421551054
1999-09-27,4.845540448734623
1999-09-28,4.846058577907101
1999-09-29,4.846468809068485
1999-09-30,4.846771142218777
1999-10-01,4.836646426009914
1999-10-04,4.836872456204307
1999-10-05,4.837120822637744
1999-10-06,4.837391525310224
1999-10-07,4.837684564221747
1999-10-08,4.837999939372313
1999-10-11,4.838337650761922
1999-10-12,4.838697698390574
1999-10-13,4.83908008225827
1999-10-14,4.839484802365007
1999-10-15,4.8399118587107886
1999-10-18,4.8403612512956125
1999-10-19,4.8408329801194805
1999-10-20,4.841327045182391
1999-10-21,4.841843446484344
1999-10-22,4.8423821840253405
1999-10-25,4.84294325780538
1999-10-26,4.843526667824462
1999-10-27,4.844132414082588
1999-10-28,4.844760496579757
1999-10-29,4.845410915315968
1999-11-01,4.846503734791948
1999-11-02,4.847160849579161
1999-11-03,4.847832903949935
1999-11-04,4.848519897904269
1999-11-05,4.849221831442163
1999-11-08,4.849938704563619
1999-11-09,4.850670517268634
1999-11-10,4.851417269557211
1999-11-11,4.852178961429348
1999-11-12,4.852955592885046
1999-11-15,4.853747163924305
1999-11-16,4.854553674547123
1999-11-17,4.855375124753503
1999-11-18,4.8562115145434435
1999-11-19,4.857062843916944
1999-11-22,4.857929112874006
1999-11-23,4.858810321414627
1999-11-24,4.85970646953881
1999-11-25,4.860617557246553
1999-11-26,4.861543584537857
1999-11-29,4.862484551412722
1999-11-30,4.863440457871147
1999-12-01,4.874039679350626
1999-12-02,4.87487232782798
1999-12-03,4.875608989438178
1999-12-06,4.8762496641812225
1999-12-07,4.876794352057113
1999-12-08,4.877243053065848
1999-12-09,4.877595767207429
1999-12-10,4.877852494481854
1999-12-13,4.878013234889126
1999-12-14,4.878077988429244
1999-12-15,4.878046755102205
1999-12-16,4.877919534908013
1999-12-17,4.8776963278466665
1999-12-20,4.8773771339181655
1999-12-21,4.8769619531225095
1999-12-22,4.876450785459699
1999-12-23,4.875843630929734
1999-12-24,4.8751404895326145
1999-12-27,4.87434136126834
1999-12-28,4.873446246136911
1999-12-29,4.8724551441383275
1999-12-30,4.8713680552725895
1999-12-31,4.870184979539697
2000-01-03,4.861018461193469
2000-01-04,4.859609124521708
2000-01-05,4.858191329263953
2000-01-06,4.856765075420203
2000-01-07,4.8553303629904585
2000-01-10,4.853887191974719
2000-01-11,4.8524355623729845
2000-01-12,4.850975474185256
2000-01-13,4.849506927411532
2000-01-14,4.848029922051814
2000-01-17,4.846544458106101
2000-01-18,4.845050535574393
2000-01-19,4.843548154456691
2000-01-20,4.842037314752994
2000-01-21,4.840518016463302
2000-01-24,4.838990259587615
2000-01-25,4.837454044125934
2000-01-26,4.835909370078259
2000-01-27,4.834356237444588
2000-01-28,4.832794646224922
2000-01-31,4.831224596419262
2000-02-01,4.81883954495005
2000-02-02,4.817399939923458
2000-02-03,4.816099238261929
2000-02-04,4.814937439965463
2000-02-07,4.813914545034059
2000-02-08,4.813030553467719
2000-02-09,4.8122854652664415
2000-02-10,4.811679280430226
2000-02-11,4.811211998959075
2000-02-14,4.8108836208529855
2000-02-15,4.81069414611196
2000-02-16,4.810643574735996
2000-02-17,4.810731906725096
2000-02-18,4.810959142079259
2000-02-21,4.811325280798484
2000-02-22,4.811830322882773
2000-02-23,4.8124742683321236
2000-02-24,4.813257117146538
2000-02-25,4.814178869326015
2000-02-28,4.815239524870554
2000-02-29,4.816439083780157
2000-03-01,4.830052340453464
2000-03-02,4.83125001991289
2000-03-03,4.83242330458096
2000-03-06,4.833572194457674
2000-03-07,4.8346966895430326
2000-03-08,4.835796789837036
2000-03-09,4.836872495339683
2000-03-10,4.837923806050974
2000-03-13,4.838950721970909
2000-03-14,4.839953243099489
2000-03-15,4.8409313694367135
2000-03-16,4.841885100982582
2000-03-17,4.842814437737094
2000-03-20,4.843719379700251
2000-03-21,4.8445999268720525
2000-03-22,4.845456079252497
2000-03-23,4.846287836841587
2000-03-24,4.8470951996393215
2000-03-27,4.847878167645699
2000-03-28,4.848636740860721
2000-03-29,4.849370919284388
2000-03-30,4.850080702916699
2000-03-31,4.850766091757654
2000-04-03,4.853729774904201
2000-04-04,4.854423754810375
2000-04-05,4.855051571465683
2000-04-06,4.855613224870127
2000-04-07,4.856108715023706
2000-04-10,4.856538041926419
2000-04-11,4.856901205578268
2000-04-12,4.857198205979251
2000-04-13,4.857429043129368
2000-04-14,4.857593717028621
2000-04-17,4.857692227677009
2000-04-18,4.857724575074531
2000-04-19,4.857690759221189
2000-04-20,4.857590780116981
2000-04-21,4.857424637761908
2000-04-24,4.85719233215597
2000-04-25,4.856893863299167
2000-04-26,4.856529231191498
2000-04-27,4.856098435832965
2000-04-28,4.8556014772235665
2000-05-01,4.847914350128396
2000-05-02,4.847456052518184
2000-05-03,4.847029128480598
2000-05-04,4.846633578015637
2000-05-05,4.846269401123303
2000-05-08,4.845936597803595
2000-05-09,4.845635168056512
2000-05-10,4.845365111882057
2000-05-11,4.845126429280226
2000-05-12,4.8449191202510224
2000-05-15,4.844743184794444
2000-05-16,4.844598622910492
2000-05-17,4.844485434599165
2000-05-18,4.844403619860465
2000-05-19,4.844353178694391
2000-05-22,4.844334111100943
2000-05-23,4.8443464170801205
2000-05-24,4.844390096631924
2000-05-25,4.844465149756354
2000-05-26,4.84457157645341
2000-05-29,4.844709376723091
2000-05-30,4.844878550565399
2000-05-31,4.845079097980332
2000-06-01,4.851098991132107
2000-06-02,4.851303915761103
2000-06-05,4.851471302168465
2000-06-06,4.851601150354191
2000-06-07,4.851693460318283
2000-06-08,4.85174823206074
2000-06-09,4.851765465581562
2000-06-12,4.85174516088075
2000-06-13,4.851687317958303
2000-06-14,4.851591936814222
2000-06-15,4.851459017448505
2000-06-16,4.851288559861154
2000-06-19,4.851080564052169
2000-06-20,4.850835030021548
2000-06-21,4.8505519577692935
2000-06-22,4.850231347295403
2000-06-23,4.849873198599879
2000-06-26,4.84947751168272
2000-06-27,4.849044286543926
2000-06-28,4.848573523183497
2000-06-29,4.848065221601434
2000-06-30,4.847519381797737
2000-07-03,4.8410822549787875
2000-07-04,4.840509524756564
2000-07-05,4.839975222243419
2000-07-06,4.839479347439352
2000-07-07,4.8390219003443615
2000-07-10,4.83860288095845
2000-07-11,4.8382222892816165
2000-07-12,4.83788012531386
2000-07-13,4.837576389055182
2000-07-14,4.8373110805055815
2000-07-17,4.837084199665059
2000-07-18,4.836895746533614
2000-07-19,4.836745721111247
2000-07-20,4.836634123397958
2000-07-21,4.836560953393746
2000-07-24,4.8365262110986125
2000-07-25,4.836529896512556
2000-07-26,4.836572009635579
2000-07-27,4.8366525504676785
2000-07-28,4.836771519008856
2000-07-31,4.8369289152591115
2000-08-01,4.837638756270996
2000-08-02,4.837843637297013
2000-08-03,4.83807460356009
2000-08-04,4.838331655060227
2000-08-07,4.838614791797425
2000-08-08,4.838924013771682
2000-08-09,4.8392593209829995
2000-08-10,4.839620713431378
2000-08-11,4.840008191116816
2000-08-14,4.840421754039315
2000-08-15,4.840861402198873
2000-08-16,4.841327135595492
2000-08-17,4.841818954229171
2000-08-18,4.842336858099911
2000-08-21,4.842880847207709
2000-08-22,4.843450921552569
2000-08-23,4.844047081134489
2000-08-24,4.84466932595347
2000-08-25,4.84531765600951
2000-08-28,4.845992071302611
2000-08-29,4.846692571832771
2000-08-30,4.847419157599993
2000-08-31,4.848171828604274
2000-09-01,4.855815744026193
2000-09-04,4.856606859691951
2000-09-05,4.857336167521043
2000-09-06,4.858003667513471
2000-09-07,4.858609359669234
2000-09-08,4.859153243988333
2000-09-11,4.859635320470766
2000-09-12,4.860055589116536
2000-09-13,4.860414049925641
2000-09-14,4.860710702898081
2000-09-15,4.860945548033857
2000-09-18,4.861118585332967
2000-09-19,4.861229814795414
2000-09-20,4.861279236421195
2000-09-21,4.8612668502103125
2000-09-22,4.861192656162765
2000-09-25,4.861056654278554
2000-09-26,4.860858844557677
2000-09-27,4.860599227000135
2000-09-28,4.860277801605929
2000-09-29,4.859894568375059
2000-10-02,4.853867920511574
2000-10-03,4.853456265685049
2000-10-04,4.853057767960101
2000-10-05,4.852672427336729
2000-10-06,4.852300243814934
2000-10-09,4.8519412173947165
2000-10-10,4.851595348076075
2000-10-11,4.85126263585901
2000-10-12,4.850943080743523
2000-10-13,4.850636682729612
2000-10-16,4.8503434418172775
2000-10-17,4.85006335800652
2000-10-18,4.84979643129734
2000-10-19,4.8495426616897355
2000-10-20,4.8493020491837076
2000-10-23,4.849074593779258
2000-10-24,4.848860295476384
2000-10-25,4.8486591542750865
2000-10-26,4.848471170175366
2000-10-27,4.848296343177223
2000-10-30,4.848134673280656
2000-10-31,4.847986160485666
2000-11-01,4.8553991037399165
2000-11-02,4.8551831374592895
2000-11-03,4.8548865605914475
2000-11-06,4.854509373136392
2000-11-07,4.854051575094123
2000-11-08,4.853513166464639
2000-11-09,4.852894147247941
2000-11-10,4.852194517444029
2000-11-13,4.8514142770529025
2000-11-14,4.850553426074562
2000-11-15,4.849611964509008
2000-11-16,4.848589892356239
2000-11-17,4.847487209616257
2000-11-20,4.84630391628906
2000-11-21,4.84504001237465
2000-11-22,4.843695497873025
2000-11-23,4.842270372784186
2000-11-24,4.8407646371081325
2000-11-27,4.839178290844865
2000-11-28,4.837511333994383
2000-11-29,4.835763766556688
2000-11-30,4.833935588531778
2000-12-01,4.8273699475465515
2000-12-04,4.8253446585943545
2000-12-05,4.823293763997901
2000-12-06,4.82121726375719
2000-12-07,4.819115157872221
2000-12-08,4.816987446342996
2000-12-11,4.814834129169513
2000-12-12,4.812655206351772
2000-12-13,4.810450677889774
2000-12-14,4.808220543783518
2000-12-15,4.805964804033006
2000-12-18,4.803683458638236
2000-12-19,4.801376507599208
2000-12-20,4.799043950915924
2000-12-21,4.796685788588381
2000-12-22,4.794302020616582
2000-12-25,4.791892647000526
2000-12-26,4.789457667740211
2000-12-27,4.78699708283564
2000-12-28,4.784510892286812
2000-12-29,4.781999096093725
2001-01-01,4.766619038838029
2001-01-02,4.7644281355249865
2001-01-03,4.762363087098214
2001-01-04,4.760423893557713
2001-01-05,4.758610554903482
2001-01-08,4.756923071135522
2001-01-09,4.755361442253833
2001-01-10,4.753925668258415
2001-01-11,4.7526157491492675
2001-01-12,4.7514316849263905
2001-01-15,4.750373475589785
2001-01-16,4.74944112113945
2001-01-17,4.748634621575385
2001-01-18,4.747953976897592
2001-01-19,4.747399187106069
2001-01-22,4.746970252200817
2001-01-23,4.746667172181835
2001-01-24,4.746489947049125
2001-01-25,4.746438576802685
2001-01-26,4.746513061442516
2001-01-29,4.746713400968618
2001-01-30,4.747039595380991
2001-01-31,4.747491644679633
2001-02-01,4.768235294996527
2001-02-02,4.7687638370899865
2001-02-05,4.769156331464253
2001-02-06,4.769412778119327
2001-02-07,4.76953317705521
2001-02-08,4.7695175282719
2001-02-09,4.769365831769398
2001-02-12,4.769078087547704
2001-02-13,4.768654295606817
2001-02-14,4.768094455946738
2001-02-15,4.767398568567467
2001-02-16,4.766566633469004
2001-02-19,4.765598650651349
2001-02-20,4.764494620114501
2001-02-21,4.763254541858461
2001-02-22,4.7618784158832295
2001-02-23,4.760366242188804
2001-02-26,4.758718020775189
2001-02-27,4.7569337516423795
2001-02-28,4.755013434790379
2001-03-01,4.739991913921067
2001-03-02,4.738172323311428
2001-03-05,4.7364025644296
2001-03-06,4.734682637275582
2001-03-07,4.733012541849373
2001-03-08,4.731392278150976
2001-03-09,4.729821846180387
2001-03-12,4.728301245937609
2001-03-13,4.726830477422641
2001-03-14,4.725409540635483
2001-03-15,4.724038435576135
2001-03-16,4.722717162244597
2001-03-19,4.721445720640869
2001-03-20,4.720224110764951
2001-03-21,4.719052332616843
2001-03-22,4.717930386196546
2001-03-23,4.716858271504058
2001-03-26,4.71583598853938
2001-03-27,4.714863537302512
2001-03-28,4.713940917793455
2001-03-29,4.713068130012207
2001-03-30,4.712245173958769
2001-04-02,4.710118627852721
2001-04-03,4.70938159446684
2001-04-04,4.708717467464783
2001-04-05,4.7081262468465495
2001-04-06,4.707607932612141
2001-04-09,4.707162524761555
2001-04-10,4.706790023294794
2001-04-11,4.706490428211857
2001-04-12,4.706263739512743
2001-04-13,4.706109957197454
2001-04-16,4.706029081265989
2001-04-17,4.706021111718347
2001-04-18,4.70608604855453
2001-04-19,4.7062238917745365
2001-04-20,4.706434641378367
2001-04-23,4.706718297366021
2001-04-24,4.707074859737499
2001-04-25,4.707504328492802
2001-04-26,4.708006703631928
2001-04-27,4.708581985154878
2001-04-30,4.709230173061653
2001-05-01,4.717253731472365
2001-05-02,4.717889538412758
2001-05-03,4.718502761854302
2001-05-04,4.719093401796997
2001-05-07,4.719661458240844
2001-05-08,4.7202069311858414
2001-05-09,4.72072982063199
2001-05-10,4.7212301265792895
2001-05-11,4.721707849027741
2001-05-14,4.722162987977343
2001-05-15,4.7225955434280955
2001-05-16,4.72300551538
2001-05-17,4.723392903833055
2001-05-18,4.723757708787262
2001-05-21,4.724099930242619
2001-05-22,4.724419568199128
2001-05-23,4.724716622656787
2001-05-24,4.724991093615598
2001-05-25,4.72524298107556
2001-05-28,4.725472285036673
2001-05-29,4.725679005498938
2001-05-30,4.7258631424623525
2001-05-31,4.726024695926919
2001-06-01,4.728305426810726
2001-06-04,4.728401416222192
2001-06-05,4.728441189844575
2001-06-06,4.728424747677876
2001-06-07,4.728352089722093
2001-06-08,4.728223215977229
2001-06-11,4.728038126443282
2001-06-12,4.727796821120254
2001-06-13,4.727499300008143
2001-06-14,4.727145563106949
2001-06-15,4.7267356104166725
2001-06-18,4.726269441937314
2001-06-19,4.725747057668873
2001-06-20,4.72516845761135
2001-06-21,4.724533641764744
2001-06-22,4.723842610129056
2001-06-25,4.723095362704285
2001-06-26,4.722291899490433
2001-06-27,4.721432220487497
2001-06-28,4.720516325695479
2001-06-29,4.719544215114379
2001-07-02,4.709385033516841
2001-07-03,4.708465955280255
2001-07-04,4.707609383069531
2001-07-05,4.706815316884669
2001-07-06,4.7060837567256675
2001-07-09,4.705414702592528
2001-07-10,4.70480815448525
2001-07-11,4.704264112403833
2001-07-12,4.703782576348278
2001-07-13,4.7033635463185846
2001-07-16,4.703007022314752
2001-07-17,4.702713004336781
2001-07-18,4.702481492384671
2001-07-19,4.702312486458424
2001-07-20,4.702205986558037
2001-07-23,4.702161992683512
2001-07-24,4.702180504834849
2001-07-25,4.702261523012046
2001-07-26,4.702405047215105
2001-07-27,4.702611077444026
2001-07-30,4.7028796136988085
2001-07-31,4.703210655979452
2001-08-01,4.707459106147389
2001-08-02,4.707848819542305
2001-08-03,4.708251808821568
2001-08-06,4.708668073985176
2001-08-07,4.70909761503313
2001-08-08,4.70954043196543
2001-08-09,4.709996524782077
2001-08-10,4.710465893483069
2001-08-13,4.710948538068407
2001-08-14,4.711444458538091
2001-08-15,4.711953654892121
2001-08-16,4.712476127130498
2001-08-17,4.71301187525322
2001-08-20,4.713560899260289
2001-08-21,4.714123199151703
2001-08-22,4.714698774927463
2001-08-23,4.715287626587569
2001-08-24,4.7158897541320215
2001-08-27,4.71650515756082
2001-08-28,4.717133836873964
2001-08-29,4.717775792071455
2001-08-30,4.7184310231532915
2001-08-31,4.719099530119474
2001-09-03,4.7263789596641415
2001-09-04,4.727082134225589
2001-09-05,4.727704433070376
2001-09-06,4.7282458561985035
2001-09-07,4.72870640360997
2001-09-10,4.729086075304777
2001-09-11,4.729384871282924
2001-09-12,4.72960279154441
2001-09-13,4.729739836089236
2001-09-14,4.729796004917403
2001-09-17,4.729771298028909
2001-09-18,4.729665715423755
2001-09-19,4.72947925710194
2001-09-20,4.729211923063466
2001-09-21,4.728863713308331
2001-09-24,4.728434627836537
2001-09-25,4.727924666648081
2001-09-26,4.727333829742967
2001-09-27,4.726662117121191
2001-09-28,4.725909528782755
2001-10-01,4.717623447041141
2001-10-02,4.71692288590343
2001-10-03,4.716246514980265
2001-10-04,4.715594334271645
2001-10-05,4.714966343777571
2001-10-08,4.714362543498043
2001-10-09,4.713782933433062
2001-10-10,4.713227513582626
2001-10-11,4.712696283946736
2001-10-12,4.7121892445253915
2001-10-15,4.711706395318593
2001-10-16,4.7112477363263405
2001-10-17,4.710813267548634
2001-10-18,4.710402988985473
2001-10-19,4.710016900636858
2001-10-22,4.70965500250279
2001-10-23,4.709317294583266
2001-10-24,4.709003776878289
2001-10-25,4.708714449387857
2001-10-26,4.708449312111972
2001-10-29,4.708208365050632
2001-10-30,4.707991608203839
2001-10-31,4.707799041571591
2001-11-01,4.716272321353905
2001-11-02,4.716015338120352
2001-11-05,4.715677401544478
2001-11-06,4.715258511626285
2001-11-07,4.714758668365771
2001-11-08,4.714177871762939
2001-11-09,4.7135161218177855
2001-11-12,4.712773418530313
2001-11-13,4.71194976190052
2001-11-14,4.711045151928408
2001-11-15,4.710059588613976
2001-11-16,4.708993071957224
2001-11-19,4.7078456019581525
2001-11-20,4.706617178616761
2001-11-21,4.705307801933049
2001-11-22,4.703917471907018
2001-11-23,4.7024461885386675
2001-11-26,4.700893951827997
2001-11-27,4.6992607617750055
2001-11-28,4.697546618379695
2001-11-29,4.695751521642065
2001-11-30,4.693875471562115
2001-12-03,4.6847947756873305
2001-12-04,4.682752222804217
2001-12-05,4.680717311099414
2001-12-06,4.678690040572923
2001-12-07,4.676670411224745
2001-12-10,4.674658423054877
2001-12-11,4.672654076063322
2001-12-12,4.670657370250078
2001-12-13,4.668668305615146
2001-12-14,4.666686882158525
2001-12-17,4.664713099880217
2001-12-18,4.66274695878022
2001-12-19,4.660788458858534
2001-12-20,4.65883760011516
2001-12-21,4.656894382550099
2001-12-24,4.654958806163348
2001-12-25,4.653030870954909
2001-12-26,4.651110576924783
2001-12-27,4.6491979240729675
2001-12-28,4.647292912399464
2001-12-31,4.645395541904272
2002-01-01,4.638987911521565
2002-01-02,4.637321147587271
2002-01-03,4.6357130247471385
2002-01-04,4.634163543001168
2002-01-07,4.632672702349359
2002-01-08,4.631240502791711
2002-01-09,4.629866944328226
2002-01-10,4.628552026958902
2002-01-11,4.627295750683739
2002-01-14,4.626098115502739
2002-01-15,4.6249591214159
2002-01-16,4.623878768423223
2002-01-17,4.622857056524707
2002-01-18,4.621893985720354
2002-01-21,4.620989556010162
2002-01-22,4.620143767394132
2002-01-23,4.6193566198722635
2002-01-24,4.618628113444556
2002-01-25,4.617958248111011
2002-01-28,4.617347023871628
2002-01-29,4.616794440726406
2002-01-30,4.616300498675345
2002-01-31,4.615865197718447
2002-02-01,4.617040950487846
2002-02-04,4.616661622535389
2002-02-05,4.616336125472622
2002-02-06,4.616064459299545
2002-02-07,4.615846624016158
2002-02-08,4.615682619622461
2002-02-11,4.615572446118454
2002-02-12,4.615516103504137
2002-02-13,4.61551359177951
2002-02-14,4.615564910944573
2002-02-15,4.615670060999326
2002-02-18,4.61582904194377
2002-02-19,4.6160418537779035
2002-02-20,4.616308496501726
2002-02-21,4.61662897011524
2002-02-22,4.617003274618443
2002-02-25,4.617431410011337
2002-02-26,4.61791337629392
2002-02-27,4.618449173466193
2002-02-28,4.619038801528157
2002-03-01,4.626265497090191
2002-03-04,4.626837149645332
2002-03-05,4.62736763670642
2002-03-06,4.627856958273455
2002-03-07,4.628305114346436
2002-03-08,4.6287121049253654
2002-03-11,4.629077930010242
2002-03-12,4.629402589601065
2002-03-13,4.629686083697834
2002-03-14,4.629928412300551
2002-03-15,4.630129575409215
2002-03-18,4.630289573023825
2002-03-19,4.630408405144383
2002-03-20,4.630486071770888
2002-03-21,4.63052257290334
2002-03-22,4.630517908541738
2002-03-25,4.6304720786860845
2002-03-26,4.630385083336376
2002-03-27,4.630256922492617
2002-03-28,4.630087596154803
2002-03-29,4.6298771043229365
2002-04-01,4.621575108342735
2002-04-02,4.621397464585452
2002-04-03,4.6212823954274445
2002-04-04,4.621229900868714
2002-04-05,4.62123998090926
2002-04-08,4.621312635549082
2002-04-09,4.6214478647881805
2002-04-10,4.621645668626555
2002-04-11,4.621906047064206
2002-04-12,4.622229000101133
2002-04-15,4.622614527737337
2002-04-16,4.623062629972816
2002-04-17,4.623573306807573
2002-04-18,4.624146558241605
2002-04-19,4.624782384274914
2002-04-22,4.625480784907499
2002-04-23,4.62624176013936
2002-04-24,4.627065309970497
2002-04-25,4.627951434400911
2002-04-26,4.628900133430601
2002-04-29,4.629911407059567
2002-04-30,4.63098525528781
2002-05-01,4.639566907143098
2002-05-02,4.640626276207121
2002-05-03,4.641658001195803
2002-05-06,4.642662082109143
2002-05-07,4.6436385189471405
2002-05-08,4.644587311709796
2002-05-09,4.645508460397109
2002-05-10,4.646401965009081
2002-05-13,4.64726782554571
2002-05-14,4.648106042006997
2002-05-15,4.648916614392943
2002-05-16,4.649699542703545
2002-05-17,4.650454826938806
2002-05-20,4.6511824670987245
2002-05-21,4.651882463183301
2002-05-22,4.652554815192536
2002-05-23,4.653199523126428
2002-05-24,4.653816586984979
2002-05-27,4.654406006768188
2002-05-28,4.654967782476054
2002-05-29,4.655501914108577
2002-05-30,4.65600840166576
2002-05-31,4.656487245147599
2002-06-03,4.6509650086889796
2002-06-04,4.651537641347662
2002-06-05,4.652164027347556
2002-06-06,4.65284416668866
2002-06-07,4.653578059370975
2002-06-10,4.6543657053945005
2002-06-11,4.655207104759237
2002-06-12,4.656102257465183
2002-06-13,4.65705116351234
2002-06-14,4.658053822900707
2002-06-17,4.659110235630285
2002-06-18,4.660220401701074
2002-06-19,4.661384321113073
2002-06-20,4.662601993866283
2002-06-21,4.663873419960703
2002-06-24,4.6651985993963345
2002-06-25,4.666577532173176
2002-06-26,4.668010218291228
2002-06-27,4.66949665775049
2002-06-28,4.671036850550964
2002-07-01,4.681847727562997
2002-07-02,4.683168468973824
2002-07-03,4.684423911672275
2002-07-04,4.68561405565835
2002-07-05,4.68673890093205
2002-07-08,4.687798447493373
2002-07-09,4.68879269534232
2002-07-10,4.689721644478891
2002-07-11,4.690585294903086
2002-07-12,4.691383646614906
2002-07-15,4.692116699614348
2002-07-16,4.692784453901416
2002-07-17,4.693386909476107
2002-07-18,4.693924066338422
2002-07-19,4.694395924488361
2002-07-22,4.694802483925924
2002-07-23,4.695143744651111
2002-07-24,4.695419706663922
2002-07-25,4.695630369964357
2002-07-26,4.695775734552416
2002-07-29,4.695855800428099
2002-07-30,4.695870567591406
2002-07-31,4.6958200360423366
2002-08-01,4.691451200641006
2002-08-02,4.691311522584383
2002-08-05,4.691153261744467
2002-08-06,4.690976418121257
2002-08-07,4.690780991714753
2002-08-08,4.690566982524955
2002-08-09,4.690334390551865
2002-08-12,4.69008321579548
2002-08-13,4.689813458255801
2002-08-14,4.689525117932829
2002-08-15,4.689218194826563
2002-08-16,4.6888926889370035
2002-08-19,4.688548600264149
2002-08-20,4.688185928808003
2002-08-21,4.687804674568562
2002-08-22,4.687404837545827
2002-08-23,4.686986417739799
2002-08-26,4.686549415150478
2002-08-27,4.686093829777862
2002-08-28,4.685619661621953
2002-08-29,4.68512691068275
2002-08-30,4.684615576960253
2002-09-02,4.685953407698312
2002-09-03,4.685352216913762
2002-09-04,4.684704985969776
2002-09-05,4.684011714866354
2002-09-06,4.683272403603495
2002-09-09,4.6824870521812
2002-09-10,4.6816556605994695
2002-09-11,4.680778228858302
2002-09-12,4.679854756957699
2002-09-13,4.67888524489766
2002-09-16,4.6778696926781835
2002-09-17,4.676808100299271
2002-09-18,4.675700467760923
2002-09-19,4.674546795063139
2002-09-20,4.673347082205919
2002-09-23,4.672101329189262
2002-09-24,4.670809536013169
2002-09-25,4.66947170267764
2002-09-26,4.668087829182674
2002-09-27,4.6666579155282735
2002-09-30,4.665181961714436
2002-10-01,4.653790805301859
2002-10-02,4.65247569337756
2002-10-03,4.651235116200211
2002-10-04,4.650069073769813
2002-10-07,4.648977566086366
2002-10-08,4.647960593149869
2002-10-09,4.647018154960323
2002-10-10,4.646150251517728
2002-10-11,4.645356882822083
2002-10-14,4.644638048873389
2002-10-15,4.643993749671646
2002-10-16,4.643423985216853
2002-10-17,4.642928755509011
2002-10-18,4.642508060548121
2002-10-21,4.642161900334179
2002-10-22,4.64189027486719
2002-10-23,4.641693184147151
2002-10-24,4.641570628174063
2002-10-25,4.641522606947925
2002-10-28,4.641549120468738
2002-10-29,4.6416501687365015
2002-10-30,4.641825751751216
2002-10-31,4.6420758695128805
2002-11-01,4.650995664529503
2002-11-04,4.651323682345566
2002-11-05,4.6516241461825425
2002-11-06,4.65189705604043
2002-11-07,4.652142411919231
2002-11-08,4.652360213818945
2002-11-11,4.65255046173957
2002-11-12,4.652713155681108
2002-11-13,4.65284829564356
2002-11-14,4.652955881626923
2002-11-15,4.653035913631199
2002-11-18,4.653088391656388
2002-11-19,4.653113315702489
2002-11-20,4.653110685769502
2002-11-21,4.6530805018574295
2002-11-22,4.653022763966268
2002-11-25,4.65293747209602
2002-11-26,4.652824626246684
2002-11-27,4.65268422641826
2002-11-28,4.652516272610749
2002-11-29,4.652320764824151
2002-12-02,4.646945169890028
2002-12-03,4.646771215961609
2002-12-04,4.646636230699287
2002-12-05,4.646540214103065
2002-12-06,4.646483166172941
2002-12-09,4.646465086908917
2002-12-10,4.6464859763109905
2002-12-11,4.646545834379163
2002-12-12,4.6466446611134335
2002-12-13,4.646782456513804
2002-12-16,4.646959220580271
2002-12-17,4.647174953312838
2002-12-18,4.647429654711504
2002-12-19,4.647723324776268
2002-12-20,4.648055963507131
2002-12-23,4.648427570904093
2002-12-24,4.648838146967153
2002-12-25,4.649287691696312
2002-12-26,4.64977620509157
2002-12-27,4.650303687152926
2002-12-30,4.65087013788038
2002-12-31,4.651475557273933
2003-01-01,4.659275474994366
2003-01-02,4.659846021630996
2003-01-03,4.660370743716764
2003-01-06,4.660849641251669
2003-01-07,4.661282714235711
2003-01-08,4.661669962668891
2003-01-09,4.6620113865512085
2003-01-10,4.662306985882663
2003-01-13,4.6625567606632545
2003-01-14,4.662760710892983
2003-01-15,4.6629188365718495
2003-01-16,4.6630311376998534
2003-01-17,4.663097614276994
2003-01-20,4.663118266303273
2003-01-21,4.663093093778688
2003-01-22,4.663022096703241
2003-01-23,4.66290527507693
2003-01-24,4.662742628899758
2003-01-27,4.662534158171723
2003-01-28,4.662279862892825
2003-01-29,4.661979743063064
2003-01-30,4.66163379868244
2003-01-31,4.661242029750954
2003-02-03,4.65438500633775
2003-02-04,4.653917173080324
2003-02-05,4.653484739070172
2003-02-06,4.6530877043072945
2003-02-07,4.652726068791692
2003-02-10,4.652399832523363
2003-02-11,4.65210899550231
2003-02-12,4.651853557728531
2003-02-13,4.651633519202026
2003-02-14,4.651448879922796
2003-02-17,4.651299639890841
2003-02-18,4.65118579910616
2003-02-19,4.651107357568754
2003-02-20,4.651064315278623
2003-02-21,4.651056672235765
2003-02-24,4.651084428440183
2003-02-25,4.651147583891875
2003-02-26,4.651246138590842
2003-02-27,4.651380092537083
2003-02-28,4.651549445730599
2003-03-03,4.656404196545944
2003-03-04,4.656567824004749
2003-03-05,4.6567000765977955
2003-03-06,4.656800954325084
2003-03-07,4.656870457186615
2003-03-10,4.656908585182388
2003-03-11,4.656915338312404
2003-03-12,4.656890716576662
2003-03-13,4.656834719975161
2003-03-14,4.656747348507904
2003-03-17,4.656628602174887
2003-03-18,4.656478480976114
2003-03-19,4.656296984911582
2003-03-20,4.656084113981293
2003-03-21,4.655839868185245
2003-03-24,4.65556424752344
2003-03-25,4.655257251995877
2003-03-26,4.654918881602557
2003-03-27,4.654549136343478
2003-03-28,4.654148016218642
2003-03-31,4.653715521228047
2003-04-01,4.648974462700753
2003-04-02,4.648556359920837
2003-04-03,4.648162939223888
2003-04-04,4.647794200609905
2003-04-07,4.647450144078888
2003-04-08,4.647130769630836
2003-04-09,4.6468360772657515
2003-04-10,4.646566066983632
2003-04-11,4.646320738784479
2003-04-14,4.646100092668292
2003-04-15,4.645904128635072
2003-04-16,4.645732846684817
2003-04-17,4.645586246817529
2003-04-18,4.6454643290332065
2003-04-21,4.64536709333185
2003-04-22,4.6452945397134595
2003-04-23,4.645246668178036
2003-04-24,4.645223478725577
2003-04-25,4.645224971356085
2003-04-28,4.645251146069559
2003-04-29,4.645302002866
2003-04-30,4.645377541745406
2003-05-01,4.650221555456471
2003-05-02,4.650287529399342
2003-05-05,4.650319256322709
2003-05-06,4.650316736226576
2003-05-07,4.650279969110939
2003-05-08,4.650208954975801
2003-05-09,4.65010369382116
2003-05-12,4.6499641856470175
2003-05-13,4.649790430453373
2003-05-14,4.649582428240226
2003-05-15,4.649340179007576
2003-05-16,4.6490636827554255
2003-05-19,4.648752939483772
2003-05-20,4.648407949192617
2003-05-21,4.648028711881959
2003-05-22,4.647615227551799
2003-05-23,4.647167496202137
2003-05-26,4.646685517832973
2003-05-27,4.646169292444306
2003-05-28,4.6456188200361375
2003-05-29,4.645034100608467
2003-05-30,4.644415134161294
2003-06-02,4.638148101481066
2003-06-03,4.6375025287217895
2003-06-04,4.636895702073087
2003-06-05,4.6363276215349565
2003-06-06,4.6357982871073995
2003-06-09,4.635307698790416
2003-06-10,4.6348558565840055
2003-06-11,4.634442760488169
2003-06-12,4.6340684105029055
2003-06-13,4.633732806628215
2003-06-16,4.633435948864098
2003-06-17,4.633177837210554
2003-06-18,4.632958471667584
2003-06-19,4.632777852235186
2003-06-20,4.632635978913362
2003-06-23,4.632532851702112
2003-06-24,4.6324684706014345
2003-06-25,4.6324428356113305
2003-06-26,4.6324559467318
2003-06-27,4.6325078039628425
2003-06-30,4.632598407304458
2003-07-01,4.635757721733816
2003-07-02,4.635873616505004
2003-07-03,4.635987304373643
2003-07-04,4.636098785339732
2003-07-07,4.636208059403272
2003-07-08,4.636315126564264
2003-07-09,4.6364199868227045
2003-07-10,4.636522640178597
2003-07-11,4.636623086631939
2003-07-14,4.636721326182732
2003-07-15,4.636817358830975
2003-07-16,4.636911184576669
2003-07-17,4.637002803419813
2003-07-18,4.637092215360409
2003-07-21,4.637179420398454
2003-07-22,4.637264418533951
2003-07-23,4.637347209766897
2003-07-24,4.637427794097294
2003-07-25,4.637506171525142
2003-07-28,4.6375823420504405
2003-07-29,4.63765630567319
2003-07-30,4.637728062393388
2003-07-31,4.637797612211038
2003-08-01,4.633879562825859
2003-08-04,4.634005061056668
2003-08-05,4.634182300992224
2003-08-06,4.634411282632525
2003-08-07,4.634692005977574
2003-08-08,4.635024471027369
2003-08-11,4.635408677781911
2003-08-12,4.635844626241198
2003-08-13,4.636332316405233
2003-08-14,4.636871748274014
2003-08-15,4.637462921847541
2003-08-18,4.638105837125814
2003-08-19,4.6388004941088345
2003-08-20,4.639546892796601
2003-08-21,4.6403450331891145
2003-08-22,4.641194915286374
2003-08-25,4.642096539088381
2003-08-26,4.6430499045951334
2003-08-27,4.644055011806633
2003-08-28,4.645111860722879
2003-08-29,4.64622045134387
2003-09-01,4.649521650713064
2003-09-02,4.65064945374668
2003-09-03,4.651797469866615
2003-09-04,4.65296569907287
2003-09-05,4.654154141365445
2003-09-08,4.655362796744339
2003-09-09,4.656591665209553
2003-09-10,4.657840746761086
2003-09-11,4.6591100413989395
2003-09-12,4.660399549123112
2003-09-15,4.661709269933605
2003-09-16,4.663039203830417
2003-09-17,4.664389350813549
2003-09-18,4.665759710883001
2003-09-19,4.667150284038772
2003-09-22,4.668561070280862
2003-09-23,4.669992069609274
2003-09-24,4.671443282024003
2003-09-25,4.672914707525053
2003-09-26,4.674406346112423
2003-09-29,4.675918197786112
2003-09-30,4.677450262546121
2003-10-01,4.686367959798915
2003-10-02,4.687787156268549
2003-10-03,4.689140761702635
2003-10-06,4.6904287761011725
2003-10-07,4.69165119946416
2003-10-08,4.6928080317916
2003-10-09,4.69389927308349
2003-10-10,4.694924923339831
2003-10-13,4.6958849825606235
2003-10-14,4.696779450745867
2003-10-15,4.697608327895561
2003-10-16,4.698371614009707
2003-10-17,4.699069309088304
2003-10-20,4.6997014131313515
2003-10-21,4.70026792613885
2003-10-22,4.7007688481108
2003-10-23,4.701204179047201
2003-10-24,4.7015739189480525
2003-10-27,4.701878067813356
2003-10-28,4.70211662564311
2003-10-29,4.702289592437315
2003-10-30,4.702396968195972
2003-10-31,4.702438752919079
2003-11-03,4.697036454267377
2003-11-04,4.6970031325830695
2003-11-05,4.696963866473762
2003-11-06,4.696918655939456
2003-11-07,4.696867500980149
2003-11-10,4.696810401595843
2003-11-11,4.696747357786537
2003-11-12,4.696678369552231
2003-11-13,4.696603436892926
2003-11-14,4.6965225598086215
2003-11-17,4.696435738299317
2003-11-18,4.696342972365013
2003-11-19,4.696244262005709
2003-11-20,4.696139607221405
2003-11-21,4.696029008012102
2003-11-24,4.695912464377799
2003-11-25,4.695789976318497
2003-11-26,4.695661543834195
2003-11-27,4.695527166924893
2003-11-28,4.695386845590591
2003-12-01,4.694459585742527
2003-12-02,4.694336889363215
2003-12-03,4.694218684221376
2003-12-04,4.694104970317008
2003-12-05,4.693995747650113
2003-12-08,4.69389101622069
2003-12-09,4.693790776028739
2003-12-10,4.69369502707426
2003-12-11,4.693603769357254
2003-12-12,4.693517002877719
2003-12-15,4.6934347276356565
2003-12-16,4.693356943631066
2003-12-17,4.693283650863948
2003-12-18,4.693214849334302
2003-12-19,4.6931505390421275
2003-12-22,4.693090719987426
2003-12-23,4.693035392170196
2003-12-24,4.692984555590439
2003-12-25,4.692938210248153
2003-12-26,4.69289635614334
2003-12-29,4.6928589932759985
2003-12-30,4.69282612164613
2003-12-31,4.692797741253733
2004-01-01,4.6929096497128056
2004-01-02,4.692887890691528
2004-01-05,4.692869347674576
2004-01-06,4.692854020661949
2004-01-07,4.692841909653648
2004-01-08,4.692833014649673
2004-01-09,4.692827335650023
2004-01-12,4.692824872654699
2004-01-13,4.6928256256636995
2004-01-14,4.692829594677026
2004-01-15,4.692836779694678
2004-01-16,4.692847180716656
2004-01-19,4.69286079774296
2004-01-20,4.692877630773589
2004-01-21,4.692897679808544
2004-01-22,4.692920944847824
2004-01-23,4.69294742589143
2004-01-26,4.692977122939361
2004-01-27,4.693010035991618
2004-01-28,4.693046165048201
2004-01-29,4.693085510109109
2004-01-30,4.693128071174342
2004-02-02,4.696239938912626
2004-02-03,4.6962481145392605
2004-02-04,4.696214111016015
2004-02-05,4.696137928342889
2004-02-06,4.696019566519883
2004-02-09,4.695859025546997
2004-02-10,4.69565630542423
2004-02-11,4.6954114061515835
2004-02-12,4.695124327729056
2004-02-13,4.6947950701566485
2004-02-16,4.6944236334343605
2004-02-17,4.694010017562192
2004-02-18,4.693554222540144
2004-02-19,4.693056248368215
2004-02-20,4.692516095046406
2004-02-23,4.691933762574717
2004-02-24,4.6913092509531475
2004-02-25,4.690642560181697
2004-02-26,4.689933690260367
2004-02-27,4.689182641189157
2004-03-01,4.681044467511358
2004-03-02,4.680406882980218
2004-03-03,4.679821477588454
2004-03-04,4.679288251336064
2004-03-05,4.678807204223047
2004-03-08,4.6783783362494065
2004-03-09,4.67800164741514
2004-03-10,4.677677137720248
2004-03-11,4.67740480716473
2004-03-12,4.677184655748587
2004-03-15,4.677016683471819
2004-03-16,4.676900890334425
2004-03-17,4.676837276336405
2004-03-18,4.67682584147776
2004-03-19,4.67686658575849
2004-03-22,4.676959509178594
2004-03-23,4.677104611738073
2004-03-24,4.677301893436925
2004-03-25,4.6775513542751535
2004-03-26,4.677852994252755
2004-03-29,4.678206813369732
2004-03-30,4.678612811626084
2004-03-31,4.67907098902181
2004-04-01,4.69387944445442
2004-04-02,4.694292567515452
2004-04-05,4.694585259078096
2004-04-06,4.694757519142349
2004-04-07,4.694809347708212
2004-04-08,4.694740744775685
2004-04-09,4.6945517103447685
2004-04-12,4.694242244415462
2004-04-13,4.693812346987766
2004-04-14,4.693262018061679
2004-04-15,4.692591257637203
2004-04-16,4.691800065714337
2004-04-19,4.6908884422930806
2004-04-20,4.6898563873734345
2004-04-21,4.688703900955399
2004-04-22,4.687430983038972
2004-04-23,4.6860376336241565
2004-04-26,4.68452385271095
2004-04-27,4.682889640299354
2004-04-28,4.6811349963893685
2004-04-29,4.679259920980993
2004-04-30,4.677264414074227
2004-05-03,4.653286448493326
2004-05-04,4.651234981735626
2004-05-05,4.649348745597055
2004-05-06,4.647627740077615
2004-05-07,4.646071965177304
2004-05-10,4.644681420896124
2004-05-11,4.643456107234073
2004-05-12,4.642396024191152
2004-05-13,4.64150117176736
2004-05-14,4.6407715499626985
2004-05-17,4.640207158777167
2004-05-18,4.639807998210765
2004-05-19,4.639574068263492
2004-05-20,4.63950536893535
2004-05-21,4.639601900226337
2004-05-24,4.639863662136454
2004-05-25,4.6402906546657015
2004-05-26,4.640882877814078
2004-05-27,4.641640331581584
2004-05-28,4.6425630159682205
2004-05-31,4.643650930973987
2004-06-01,4.662323491123946
2004-06-02,4.663453452192298
2004-06-03,4.664517189868875
2004-06-04,4.665514704153677
2004-06-07,4.666445995046702
2004-06-08,4.667311062547952
2004-06-09,4.668109906657427
2004-06-10,4.668842527375126
2004-06-11,4.66950892470105
2004-06-14,4.670109098635199
2004-06-15,4.6706430491775714
2004-06-16,4.6711107763281685
2004-06-17,4.67151228008699
2004-06-18,4.671847560454036
2004-06-21,4.672116617429307
2004-06-22,4.672319451012802
2004-06-23,4.672456061204522
2004-06-24,4.672526448004466
2004-06-25,4.672530611412634
2004-06-28,4.672468551429027
2004-06-29,4.672340268053645
2004-06-30,4.672145761286488
2004-07-01,4.667366060724981
2004-07-02,4.667095243452565
2004-07-05,4.666814339066667
2004-07-06,4.666523347567285
2004-07-07,4.666222268954421
2004-07-08,4.6659111032280745
2004-07-09,4.665589850388245
2004-07-12,4.665258510434932
2004-07-13,4.664917083368137
2004-07-14,4.66456556918786
2004-07-15,4.6642039678941
2004-07-16,4.663832279486857
2004-07-19,4.663450503966131
2004-07-20,4.663058641331923
2004-07-21,4.662656691584233
2004-07-22,4.662244654723059
2004-07-23,4.6618225307484025
2004-07-26,4.6613903196602635
2004-07-27,4.660948021458642
2004-07-28,4.660495636143538
2004-07-29,4.66003316371495
2004-07-30,4.659560604172881
2004-08-02,4.656135693079161
2004-08-03,4.655679509178923
2004-08-04,4.655249788033999
2004-08-05,4.654846529644391
2004-08-06,4.654469734010096
2004-08-09,4.6541194011311156
2004-08-10,4.65379553100745
2004-08-11,4.653498123639099
2004-08-12,4.653227179026062
2004-08-13,4.65298269716834
2004-08-16,4.652764678065932
2004-08-17,4.652573121718838
2004-08-18,4.652408028127059
2004-08-19,4.652269397290595
2004-08-20,4.652157229209444
2004-08-23,4.652071523883608
2004-08-24,4.652012281313087
2004-08-25,4.6519795014978795
2004-08-26,4.6519731844379875
2004-08-27,4.6519933301334095
2004-08-30,4.652039938584146
2004-08-31,4.652113009790197
2004-09-01,4.654012476025791
2004-09-02,4.654116113335337
2004-09-03,4.654223853993065
2004-09-06,4.654335697998973
2004-09-07,4.654451645353063
2004-09-08,4.654571696055334
2004-09-09,4.654695850105786
2004-09-10,4.65482410750442
2004-09-13,4.6549564682512345
2004-09-14,4.65509293234623
2004-09-15,4.655233499789406
2004-09-16,4.655378170580764
2004-09-17,4.655526944720304
2004-09-20,4.6556798222080245
2004-09-21,4.655836803043925
2004-09-22,4.655997887228008
2004-09-23,4.656163074760272
2004-09-24,4.656332365640717
2004-09-27,4.656505759869343
2004-09-28,4.65668325744615
2004-09-29,4.656864858371138
2004-09-30,4.657050562644308
2004-10-01,4.654224573568675
2004-10-04,4.654469110131657
2004-10-05,4.654759337178112
2004-10-06,4.655095254708041
2004-10-07,4.65547686272144
2004-10-08,4.655904161218313
2004-10-11,4.656377150198658
2004-10-12,4.656895829662475
2004-10-13,4.657460199609765
2004-10-14,4.658070260040526
2004-10-15,4.658726010954761
2004-10-18,4.659427452352468
2004-10-19,4.660174584233648
2004-10-20,4.660967406598299
2004-10-21,4.661805919446424
2004-10-22,4.662690122778021
2004-10-25,4.66362001659309
2004-10-26,4.664595600891632
2004-10-27,4.665616875673646
2004-10-28,4.6666838409391325
2004-10-29,4.667796496688091
2004-11-01,4.677389133322432
2004-11-02,4.678431349428569
2004-11-03,4.679410087509887
2004-11-04,4.680325347566384
2004-11-05,4.681177129598062
2004-11-08,4.68196543360492
2004-11-09,4.682690259586958
2004-11-10,4.683351607544176
2004-11-11,4.683949477476574
2004-11-12,4.684483869384152
2004-11-15,4.68495478326691
2004-11-16,4.685362219124849
2004-11-17,4.685706176957968
2004-11-18,4.685986656766267
2004-11-19,4.686203658549745
2004-11-22,4.686357182308404
2004-11-23,4.686447228042243
2004-11-24,4.6864737957512625
2004-11-25,4.686436885435461
2004-11-26,4.686336497094842
2004-11-29,4.686172630729401
2004-11-30,4.68594528633914
2004-12-01,4.6792854242338695
2004-12-02,4.679021625600239
2004-12-03,4.678772206295229
2004-12-06,4.67853716631884
2004-12-07,4.678316505671072
2004-12-08,4.678110224351924
2004-12-09,4.677918322361396
2004-12-10,4.677740799699489
2004-12-13,4.677577656366203
2004-12-14,4.677428892361537
2004-12-15,4.677294507685491
2004-12-16,4.677174502338066
2004-12-17,4.677068876319262
2004-12-20,4.676977629629078
2004-12-21,4.676900762267515
2004-12-22,4.676838274234572
2004-12-23,4.6767901655302495
2004-12-24,4.676756436154547
2004-12-27,4.676737086107466
2004-12-28,4.676732115389005
2004-12-29,4.676741523999165
2004-12-30,4.676765311937945
2004-12-31,4.676803479205346
2005-01-03,4.680596025152759
2005-01-04,4.680619865510852
2005-01-05,4.680609995193302
2005-01-06,4.680566414200105
2005-01-07,4.680489122531265
2005-01-10,4.68037812018678
2005-01-11,4.680233407166651
2005-01-12,4.680054983470877
2005-01-13,4.679842849099459
2005-01-14,4.679597004052396
2005-01-17,4.679317448329689
2005-01-18,4.6790041819313375
2005-01-19,4.678657204857341
2005-01-20,4.678276517107701
2005-01-21,4.677862118682415
2005-01-24,4.6774140095814865
2005-01-25,4.676932189804912
2005-01-26,4.676416659352694
2005-01-27,4.67586741822483
2005-01-28,4.675284466421323
2005-01-31,4.674667803942171
2005-02-01,4.670958255968745
2005-02-02,4.670283947603965
2005-02-03,4.6696182226869425
2005-02-04,4.6689610812176765
2005-02-07,4.668312523196168
2005-02-08,4.667672548622416
2005-02-09,4.6670411574964215
2005-02-10,4.666418349818183
2005-02-11,4.665804125587702
2005-02-14,4.665198484804978
2005-02-15,4.66460142747001
2005-02-16,4.664012953582799
2005-02-17,4.663433063143345
2005-02-18,4.662861756151648
2005-02-21,4.6622990326077085
2005-02-22,4.661744892511525
2005-02-23,4.661199335863099
2005-02-24,4.660662362662429
2005-02-25,4.660133972909517
2005-02-28,4.659614166604361
2005-03-01,4.660429874077444
2005-03-02,4.659977118934661
2005-03-03,4.659516150264224
2005-03-04,4.659046968066135
2005-03-07,4.658569572340391
2005-03-08,4.658083963086994
2005-03-09,4.657590140305943
2005-03-10,4.657088103997238
2005-03-11,4.65657785416088
2005-03-14,4.656059390796869
2005-03-15,4.655532713905203
2005-03-16,4.654997823485885
2005-03-17,4.654454719538912
2005-03-18,4.653903402064286
2005-03-21,4.653343871062007
2005-03-22,4.652776126532074
2005-03-23,4.652200168474487
2005-03-24,4.651615996889247
2005-03-25,4.6510236117763535
2005-03-28,4.650423013135806
2005-03-29,4.649814200967605
2005-03-30,4.649197175271751
2005-03-31,4.648571936048243
2005-04-01,4.643738397056323
2005-04-04,4.6430916218088605
2005-04-05,4.642491852898542
2005-04-06,4.641939090325367
2005-04-07,4.641433334089335
2005-04-08,4.640974584190446
2005-04-11,4.640562840628702
2005-04-12,4.6401981034041
2005-04-13,4.639880372516642
2005-04-14,4.639609647966328
2005-04-15,4.639385929753157
2005-04-18,4.63920921787713
2005-04-19,4.639079512338245
2005-04-20,4.6389968131365045
2005-04-21,4.638961120271907
2005-04-22,4.638972433744454
2005-04-25,4.6390307535541435
2005-04-26,4.639136079700977
2005-04-27,4.639288412184953
2005-04-28,4.639487751006074
2005-04-29,4.639734096164338
2005-05-02,4.64598349187577
2005-05-03,4.646232259772482
2005-05-04,4.646449778229381
2005-05-05,4.646636047246467
2005-05-06,4.64679106682374
2005-05-09,4.6469148369612
2005-05-10,4.647007357658846
2005-05-11,4.6470686289166805
2005-05-12,4.647098650734701
2005-05-13,4.647097423112909
2005-05-16,4.647064946051303
2005-05-17,4.647001219549885
2005-05-18,4.646906243608655
2005-05-19,4.64678001822761
2005-05-20,4.646622543406753
2005-05-23,4.6464338191460826
2005-05-24,4.646213845445599
2005-05-25,4.645962622305303
2005-05-26,4.645680149725194
2005-05-27,4.645366427705271
2005-05-30,4.645021456245536
2005-05-31,4.644645235345988
2005-06-01,4.645100807375268
2005-06-02,4.644651366572881
2005-06-03,4.644159955307468
2005-06-06,4.643626573579029
2005-06-07,4.643051221387564
2005-06-08,4.642433898733073
2005-06-09,4.641774605615557
2005-06-10,4.641073342035013
2005-06-13,4.640330107991445
2005-06-14,4.63954490348485
2005-06-15,4.638717728515229
2005-06-16,4.637848583082583
2005-06-17,4.636937467186911
2005-06-20,4.635984380828212
2005-06-21,4.634989324006488
2005-06-22,4.633952296721738
2005-06-23,4.632873298973962
2005-06-24,4.63175233076316
2005-06-27,4.630589392089331
2005-06-28,4.629384482952478
2005-06-29,4.628137603352598
2005-06-30,4.626848753289692
2005-07-01,4.618120038061804
2005-07-04,4.6167802213056754
2005-07-05,4.615494780725348
2005-07-06,4.6142637163208216
2005-07-07,4.613087028092095
2005-07-08,4.611964716039169
2005-07-11,4.610896780162044
2005-07-12,4.609883220460719
2005-07-13,4.6089240369351945
2005-07-14,4.60801922958547
2005-07-15,4.607168798411547
2005-07-18,4.6063727434134245
2005-07-19,4.605631064591102
2005-07-20,4.60494376194458
2005-07-21,4.604310835473859
2005-07-22,4.603732285178938
2005-07-25,4.603208111059818
2005-07-26,4.602738313116498
2005-07-27,4.602322891348979
2005-07-28,4.60196184575726
2005-07-29,4.601655176341342
2005-08-01,4.605255338412079
2005-08-02,4.605026643943965
2005-08-03,4.604799609705235
2005-08-04,4.604574235695889
2005-08-05,4.6043505219159275
2005-08-08,4.60412846836535
2005-08-09,4.603908075044158
2005-08-10,4.603689341952349
2005-08-11,4.6034722690899255
2005-08-12,4.603256856456886
2005-08-15,4.6030431040532305
2005-08-16,4.602831011878959
2005-08-17,4.602620579934072
2005-08-18,4.60241180821857
2005-08-19,4.602204696732453
2005-08-22,4.601999245475719
2005-08-23,4.60179545444837
2005-08-24,4.6015933236504045
2005-08-25,4.601392853081824
2005-08-26,4.601194042742628
2005-08-29,4.600996892632816
2005-08-30,4.6008014027523885
2005-08-31,4.600607573101345
2005-09-01,4.6051646538990045
2005-09-02,4.604906513261145
2005-09-05,4.6045911363807965
2005-09-06,4.60421852325796
2005-09-07,4.603788673892634
2005-09-08,4.603301588284819
2005-09-09,4.602757266434516
2005-09-12,4.602155708341724
2005-09-13,4.601496914006443
2005-09-14,4.600780883428673
2005-09-15,4.600007616608414
2005-09-16,4.599177113545666
2005-09-19,4.59828937424043
2005-09-20,4.597344398692705
2005-09-21,4.596342186902491
2005-09-22,4.595282738869788
2005-09-23,4.594166054594597
2005-09-26,4.592992134076916
2005-09-27,4.5917609773167465
2005-09-28,4.590472584314089
2005-09-29,4.5891269550689415
2005-09-30,4.587724089581306
2005-10-03,4.580375438608034
2005-10-04,4.578862802779493
2005-10-05,4.577367161506349
2005-10-06,4.575888514788605
2005-10-07,4.574426862626259
2005-10-10,4.572982205019311
2005-10-11,4.571554541967762
2005-10-12,4.570143873471611
2005-10-13,4.56875019953086
2005-10-14,4.567373520145506
2005-10-17,4.566013835315551
2005-10-18,4.564671145040994
2005-10-19,4.563345449321836
2005-10-20,4.562036748158077
2005-10-21,4.5607450415497155
2005-10-24,4.559470329496753
2005-10-25,4.558212611999188
2005-10-26,4.5569718890570226
2005-10-27,4.555748160670255
2005-10-28,4.554541426838887
2005-10-31,4.553351687562917
2005-11-01,4.5503868112515535
2005-11-02,4.54930544829274
2005-11-03,4.548262160517476
2005-11-04,4.547256947925763
2005-11-07,4.5462898105175995
2005-11-08,4.545360748292986
2005-11-09,4.544469761251923
2005-11-10,4.54361684939441
2005-11-11,4.542802012720447
2005-11-14,4.542025251230034
2005-11-15,4.541286564923172
2005-11-16,4.540585953799859
2005-11-17,4.539923417860097
2005-11-18,4.539298957103885
2005-11-21,4.538712571531222
2005-11-22,4.53816426114211
2005-11-23,4.537654025936548
2005-11-24,4.537181865914536
2005-11-25,4.536747781076075
2005-11-28,4.536351771421163
2005-11-29,4.535993836949801
2005-11-30,4.5356739776619905
2005-12-01,4.5349833356590725
2005-12-02,4.534744705718469
2005-12-05,4.534549229941524
2005-12-06,4.534396908328235
2005-12-07,4.534287740878605
2005-12-08,4.534221727592632
2005-12-09,4.534198868470316
2005-12-12,4.534219163511659
2005-12-13,4.534282612716659
2005-12-14,4.534389216085317
2005-12-15,4.534538973617632
2005-12-16,4.534731885313605
2005-12-19,4.534967951173236
2005-12-20,4.5352471711965245
2005-12-21,4.535569545383471
2005-12-22,4.535935073734074
2005-12-23,4.5363437562483355
2005-12-26,4.5367955929262545
2005-12-27,4.537290583767831
2005-12-28,4.537828728773065
2005-12-29,4.538410027941957
2005-12-30,4.5390344812745065
2006-01-02,4.548937760373851
2006-01-03,4.549533793193925
2006-01-04,4.550058251337867
2006-01-05,4.550511134805675
2006-01-06,4.550892443597351
2006-01-09,4.551202177712894
2006-01-10,4.551440337152305
2006-01-11,4.551606921915582
2006-01-12,4.551701932002726
2006-01-13,4.551725367413738
2006-01-16,4.551677228148617
2006-01-17,4.551557514207363
2006-01-18,4.551366225589977
2006-01-19,4.551103362296456
2006-01-20,4.550768924326804
2006-01-23,4.5503629116810185
2006-01-24,4.549885324359101
2006-01-25,4.549336162361049
2006-01-26,4.548715425686866
2006-01-27,4.548023114336549
2006-01-30,4.5472592283101
2006-01-31,4.546423767607517
2006-02-01,4.536213046305042
2006-02-02,4.535267887429449
2006-02-03,4.534375308594852
2006-02-06,4.533535309801248
2006-02-07,4.532747891048639
2006-02-08,4.532013052337025
2006-02-09,4.531330793666404
2006-02-10,4.530701115036779
2006-02-13,4.5301240164481476
2006-02-14,4.52959949790051
2006-02-15,4.529127559393868
2006-02-16,4.52870820092822
2006-02-17,4.5283414225035665
2006-02-20,4.528027224119907
2006-02-21,4.527765605777243
2006-02-22,4.527556567475573
2006-02-23,4.527400109214897
2006-02-24,4.527296230995216
2006-02-27,4.5272449328165285
2006-02-28,4.527246214678836
2006-03-01,4.532574046966864
2006-03-02,4.532600645786434
2006-03-03,4.532607006987918
2006-03-06,4.532593130571319
2006-03-07,4.532559016536636
2006-03-08,4.532504664883868
2006-03-09,4.532430075613016
2006-03-10,4.532335248724079
2006-03-13,4.532220184217059
2006-03-14,4.5320848820919535
2006-03-15,4.531929342348764
2006-03-16,4.531753564987491
2006-03-17,4.531557550008133
2006-03-20,4.53134129741069
2006-03-21,4.531104807195163
2006-03-22,4.530848079361553
2006-03-23,4.530571113909857
2006-03-24,4.530273910840077
2006-03-27,4.5299564701522135
2006-03-28,4.529618791846265
2006-03-29,4.529260875922232
2006-03-30,4.528882722380115
2006-03-31,4.528484331219914
2006-04-03,4.518862983822292
2006-04-04,4.518492694728309
2006-04-05,4.518233539635371
2006-04-06,4.51808551854348
2006-04-07,4.518048631452635
2006-04-10,4.518122878362836
2006-04-11,4.5183082592740815
2006-04-12,4.5186047741863735
2006-04-13,4.519012423099712
2006-04-14,4.519531206014095
2006-04-17,4.520161122929524
2006-04-18,4.520902173845999
2006-04-19,4.521754358763521
2006-04-20,4.522717677682087
2006-04-21,4.5237921306016995
2006-04-24,4.524977717522358
2006-04-25,4.526274438444062
2006-04-26,4.527682293366812
2006-04-27,4.529201282290607
2006-04-28,4.530831405215449
2006-05-01,4.548816466547138
2006-05-02,4.5502287058047655
2006-05-03,4.551539047862728
2006-05-04,4.552747492721025
2006-05-05,4.553854040379657
2006-05-08,4.554858690838623
2006-05-09,4.555761444097924
2006-05-10,4.55656230015756
2006-05-11,4.5572612590175305
2006-05-12,4.557858320677835
2006-05-15,4.558353485138475
2006-05-16,4.558746752399449
2006-05-17,4.559038122460757
2006-05-18,4.559227595322401
2006-05-19,4.559315170984378
2006-05-22,4.559300849446691
2006-05-23,4.559184630709339
2006-05-24,4.558966514772321
2006-05-25,4.5586465016356374
2006-05-26,4.558224591299288
2006-05-29,4.557700783763274
2006-05-30,4.5570750790275945
2006-05-31,4.556347477092249
2006-06-01,4.545905709648324
2006-06-02,4.545046288149852
2006-06-05,4.544194648794053
2006-06-06,4.54335079158093
2006-06-07,4.54251471651048
2006-06-08,4.541686423582705
2006-06-09,4.540865912797605
2006-06-12,4.540053184155179
2006-06-13,4.539248237655427
2006-06-14,4.53845107329835
2006-06-15,4.537661691083947
2006-06-16,4.536880091012218
2006-06-19,4.536106273083165
2006-06-20,4.5353402372967855
2006-06-21,4.53458198365308
2006-06-22,4.53383151215205
2006-06-23,4.533088822793694
2006-06-26,4.532353915578012
2006-06-27,4.531626790505006
2006-06-28,4.5309074475746725
2006-06-29,4.5301958867870145
2006-06-30,4.529492108142031
2006-07-03,4.52769305927985
2006-07-04,4.526987278407407
2006-07-05,4.526304855855417
2006-07-06,4.52564579162388
2006-07-07,4.525010085712795
2006-07-10,4.524397738122164
2006-07-11,4.523808748851985
2006-07-12,4.523243117902259
2006-07-13,4.522700845272986
2006-07-14,4.522181930964165
2006-07-17,4.521686374975798
2006-07-18,4.521214177307883
2006-07-19,4.520765337960421
2006-07-20,4.520339856933412
2006-07-21,4.519937734226855
2006-07-24,4.519558969840752
2006-07-25,4.5192035637751005
2006-07-26,4.518871516029903
2006-07-27,4.518562826605158
2006-07-28,4.518277495500865
2006-07-31,4.518015522717025
2006-08-01,4.520126368561556
2006-08-02,4.519901387928917
2006-08-03,4.519669292043254
2006-08-04,4.519430080904566
2006-08-07,4.519183754512854
2006-08-08,4.518930312868117
2006-08-09,4.518669755970356
2006-08-10,4.51840208381957
2006-08-11,4.518127296415759
2006-08-14,4.5178453937589245
2006-08-15,4.517556375849065
2006-08-16,4.517260242686181
2006-08-17,4.516956994270272
2006-08-18,4.516646630601339
2006-08-21,4.516329151679382
2006-08-22,4.5160045575044
2006-08-23,4.515672848076393
2006-08-24,4.515334023395361
2006-08-25,4.514988083461305
2006-08-28,4.514635028274225
2006-08-29,4.5142748578341205
2006-08-30,4.513907572140991
2006-08-31,4.513533171194837
2006-09-01,4.5135957288354245
2006-09-04,4.513163036166352
2006-09-05,4.512715501903498
2006-09-06,4.512253126046863
2006-09-07,4.511775908596446
2006-09-08,4.511283849552248
2006-09-11,4.510776948914268
2006-09-12,4.510255206682506
2006-09-13,4.509718622856963
2006-09-14,4.5091671974376375
2006-09-15,4.508600930424532
2006-09-18,4.508019821817643
2006-09-19,4.507423871616974
2006-09-20,4.506813079822523
2006-09-21,4.50618744643429
2006-09-22,4.505546971452277
2006-09-25,4.504891654876481
2006-09-26,4.504221496706903
2006-09-27,4.5035364969435445
2006-09-28,4.502836655586404
2006-09-29,4.502121972635482
2006-10-02,4.498051914164095
2006-10-03,4.497383732813372
2006-10-04,4.496743734450053
2006-10-05,4.496131919074138
2006-10-06,4.495548286685627
2006-10-09,4.494992837284518
2006-10-10,4.494465570870814
2006-10-11,4.493966487444513
2006-10-12,4.493495587005616
2006-10-13,4.493052869554122
2006-10-16,4.492638335090032
2006-10-17,4.492251983613346
2006-10-18,4.491893815124063
2006-10-19,4.491563829622184
2006-10-20,4.491262027107708
2006-10-23,4.490988407580636
2006-10-24,4.490742971040968
2006-10-25,4.490525717488703
2006-10-26,4.490336646923842
2006-10-27,4.490175759346384
2006-10-30,4.49004305475633
2006-10-31,4.48993853315368
2006-11-01,4.494046619984194
2006-11-02,4.493946483916031
2006-11-03,4.493822550394952
2006-11-06,4.4936748194209555
2006-11-07,4.493503290994043
2006-11-08,4.493307965114214
2006-11-09,4.49308884178147
2006-11-10,4.492845920995808
2006-11-13,4.49257920275723
2006-11-14,4.492288687065735
2006-11-15,4.491974373921325
2006-11-16,4.491636263323998
2006-11-17,4.491274355273754
2006-11-20,4.490888649770595
2006-11-21,4.490479146814518
2006-11-22,4.4900458464055255
2006-11-23,4.489588748543616
2006-11-24,4.4891078532287905
2006-11-27,4.488603160461049
2006-11-28,4.48807467024039
2006-11-29,4.487522382566816
2006-11-30,4.4869462974403245
2006-12-01,4.486699866267203
2006-12-04,4.486040280178617
2006-12-05,4.48534955641797
2006-12-06,4.484627694985258
2006-12-07,4.483874695880485
2006-12-08,4.4830905591036485
2006-12-11,4.482275284654749
2006-12-12,4.481428872533787
2006-12-13,4.480551322740761
2006-12-14,4.479642635275673
2006-12-15,4.478702810138522
2006-12-18,4.4777318473293075
2006-12-19,4.476729746848031
2006-12-20,4.475696508694691
2006-12-21,4.474632132869289
2006-12-22,4.4735366193718225
2006-12-25,4.472409968202294
2006-12-26,4.471252179360703
2006-12-27,4.470063252847049
2006-12-28,4.468843188661331
2006-12-29,4.4675919868035505
2007-01-01,4.460770608847262
2007-01-02,4.459637406228014
2007-01-03,4.458541832734157
2007-01-04,4.457483888365691
2007-01-05,4.456463573122617
2007-01-08,4.455480887004935
2007-01-09,4.454535830012643
2007-01-10,4.453628402145743
2007-01-11,4.452758603404234
2007-01-12,4.451926433788117
2007-01-15,4.451131893297391
2007-01-16,4.450374981932056
2007-01-17,4.449655699692112
2007-01-18,4.44897404657756
2007-01-19,4.448330022588399
2007-01-22,4.4477236277246295
2007-01-23,4.4471548619862515
2007-01-24,4.446623725373264
2007-01-25,4.446130217885669
2007-01-26,4.445674339523464
2007-01-29,4.445256090286652
2007-01-30,4.444875470175229
2007-01-31,4.444532479189199
2007-02-01,4.443003312160048
2007-02-02,4.442719999645327
2007-02-05,4.4425045407556185
2007-02-06,4.442356935490924
2007-02-07,4.442277183851243
2007-02-08,4.442265285836576
2007-02-09,4.442321241446923
2007-02-12,4.442445050682282
2007-02-13,4.442636713542655
2007-02-14,4.442896230028042
2007-02-15,4.443223600138443
2007-02-16,4.443618823873856
2007-02-19,4.444081901234283
2007-02-20,4.4446128322197245
2007-02-21,4.4452116168301785
2007-02-22,4.445878255065646
2007-02-23,4.446612746926128
2007-02-26,4.447415092411623
2007-02-27,4.448285291522131
2007-02-28,4.449223344257653
2007-03-01,4.461975139305838
2007-03-02,4.462799172979676
2007-03-05,4.463532779999594
2007-03-06,4.464175960365591
2007-03-07,4.464728714077666
2007-03-08,4.465191041135821
2007-03-09,4.465562941540055
2007-03-12,4.465844415290368
2007-03-13,4.46603546238676
2007-03-14,4.46613608282923
2007-03-15,4.46614627661778
2007-03-16,4.466066043752409
2007-03-19,4.465895384233118
2007-03-20,4.465634298059904
2007-03-21,4.4652827852327714
2007-03-22,4.464840845751716
2007-03-23,4.46430847961674
2007-03-26,4.463685686827843
2007-03-27,4.462972467385026
2007-03-28,4.462168821288287
2007-03-29,4.461274748537628
2007-03-30,4.460290249133047
2007-04-02,4.451724710227801
2007-04-03,4.4506011291286125
2007-04-04,4.449480079943903
2007-04-05,4.448361562673675
2007-04-06,4.4472455773179265
2007-04-09,4.446132123876658
2007-04-10,4.445021202349868
2007-04-11,4.443912812737559
2007-04-12,4.44280695503973
2007-04-13,4.441703629256381
2007-04-16,4.440602835387511
2007-04-17,4.439504573433122
2007-04-18,4.438408843393212
2007-04-19,4.437315645267782
2007-04-20,4.436224979056832
2007-04-23,4.435136844760362
2007-04-24,4.434051242378372
2007-04-25,4.432968171910861
2007-04-26,4.431887633357831
2007-04-27,4.43080962671928
2007-04-30,4.42973415199521
2007-05-01,4.428795318286565
2007-05-02,4.427816790923482
2007-05-03,4.42683937963216
2007-05-04,4.425863084412598
2007-05-07,4.424887905264798
2007-05-08,4.4239138421887585
2007-05-09,4.422940895184479
2007-05-10,4.421969064251961
2007-05-11,4.420998349391204
2007-05-14,4.420028750602207
2007-05-15,4.419060267884972
2007-05-16,4.418092901239497
2007-05-17,4.417126650665783
2007-05-18,4.41616151616383
2007-05-21,4.4151974977336375
2007-05-22,4.414234595375206
2007-05-23,4.413272809088535
2007-05-24,4.4123121388736255
2007-05-25,4.411352584730476
2007-05-28,4.410394146659088
2007-05-29,4.40943682465946
2007-05-30,4.408480618731594
2007-05-31,4.407525528875488
2007-06-01,4.403756338156062
2007-06-04,4.402750618870047
2007-06-05,4.401784008728492
2007-06-06,4.400856507731395
2007-06-07,4.399968115878756
2007-06-08,4.399118833170577
2007-06-11,4.3983086596068555
2007-06-12,4.397537595187592
2007-06-13,4.396805639912789
2007-06-14,4.396112793782444
2007-06-15,4.3954590567965575
2007-06-18,4.39484442895513
2007-06-19,4.394268910258161
2007-06-20,4.39373250070565
2007-06-21,4.393235200297599
2007-06-22,4.392777009034005
2007-06-25,4.392357926914871
2007-06-26,4.391977953940195
2007-06-27,4.3916370901099775
2007-06-28,4.39133533542422
2007-06-29,4.39107268988292
2007-07-02,4.385845702009021
2007-07-03,4.385730171522419
2007-07-04,4.385712486200744
2007-07-05,4.385792646043997
2007-07-06,4.385970651052178
2007-07-09,4.386246501225286
2007-07-10,4.386620196563323
2007-07-11,4.387091737066286
2007-07-12,4.387661122734178
2007-07-13,4.3883283535669975
2007-07-16,4.389093429564745
2007-07-17,4.389956350727419
2007-07-18,4.390917117055022
2007-07-19,4.391975728547552
2007-07-20,4.393132185205009
2007-07-23,4.394386487027395
2007-07-24,4.395738634014708
2007-07-25,4.397188626166949
2007-07-26,4.398736463484118
2007-07-27,4.400382145966215
2007-07-30,4.402125673613239
2007-07-31,4.4039670464251905
2007-08-01,4.4203055944935885
2007-08-02,4.422085896926894
2007-08-03,4.4237915976417055
2007-08-06,4.425422696638025
2007-08-07,4.426979193915852
2007-08-08,4.428461089475184
2007-08-09,4.429868383316025
2007-08-10,4.431201075438373
2007-08-13,4.432459165842227
2007-08-14,4.433642654527588
2007-08-15,4.434751541494458
2007-08-16,4.435785826742833
2007-08-17,4.436745510272717
2007-08-20,4.437630592084107
2007-08-21,4.438441072177003
2007-08-22,4.439176950551408
2007-08-23,4.439838227207319
2007-08-24,4.440424902144738
2007-08-27,4.4409369753636625
2007-08-28,4.441374446864096
2007-08-29,4.441737316646035
2007-08-30,4.442025584709482
2007-08-31,4.442239251054436
2007-09-03,4.439993369403103
2007-09-04,4.44009059334605
2007-09-05,4.440125116911515
2007-09-06,4.440096940099497
2007-09-07,4.440006062909997
2007-09-10,4.439852485343013
2007-09-11,4.439636207398547
2007-09-12,4.439357229076598
2007-09-13,4.439015550377167
2007-09-14,4.438611171300253
2007-09-17,4.438144091845856
2007-09-18,4.437614312013976
2007-09-19,4.437021831804614
2007-09-20,4.43636665121777
2007-09-21,4.435648770253442
2007-09-24,4.434868188911632
2007-09-25,4.434024907192339
2007-09-26,4.433118925095564
2007-09-27,4.432150242621305
2007-09-28,4.4311188597695645
2007-10-01,4.418292682111376
2007-10-02,4.417428053942364
2007-10-03,4.4166501743254
2007-10-04,4.415959043260488
2007-10-05,4.415354660747626
2007-10-08,4.414837026786815
2007-10-09,4.414406141378054
2007-10-10,4.414062004521344
2007-10-11,4.413804616216684
2007-10-12,4.413633976464075
2007-10-15,4.413550085263516
2007-10-16,4.4135529426150075
2007-10-17,4.41364254851855
2007-10-18,4.413818902974143
2007-10-19,4.414082005981786
2007-10-22,4.41443185754148
2007-10-23,4.414868457653224
2007-10-24,4.415391806317019
2007-10-25,4.416001903532864
2007-10-26,4.41669874930076
2007-10-29,4.417482343620707
2007-10-30,4.418352686492704
2007-10-31,4.419309777916752
2007-11-01,4.433701111893159
2007-11-02,4.434721717180847
2007-11-05,4.4356716405084855
2007-11-06,4.436550881876074
2007-11-07,4.437359441283611
2007-11-08,4.438097318731099
2007-11-09,4.438764514218537
2007-11-12,4.439361027745925
2007-11-13,4.439886859313261
2007-11-14,4.440342008920548
2007-11-15,4.440726476567785
2007-11-16,4.441040262254971
2007-11-19,4.441283365982107
2007-11-20,4.441455787749193
2007-11-21,4.4415575275562285
2007-11-22,4.441588585403214
2007-11-23,4.44154896129015
2007-11-26,4.441438655217035
2007-11-27,4.441257667183869
2007-11-28,4.441005997190654
2007-11-29,4.440683645237389
2007-11-30,4.440290611324073
2007-12-03,4.42746822500934
2007-12-04,4.427073214679581
2007-12-05,4.426768991601683
2007-12-06,4.426555555775646
2007-12-07,4.426432907201472
2007-12-10,4.426401045879159
2007-12-11,4.4264599718087085
2007-12-12,4.426609684990119
2007-12-13,4.426850185423392
2007-12-14,4.427181473108526
2007-12-17,4.427603548045522
2007-12-18,4.42811641023438
2007-12-19,4.4287200596751
2007-12-20,4.429414496367682
2007-12-21,4.430199720312125
2007-12-24,4.43107573150843
2007-12-25,4.432042529956596
2007-12-26,4.433100115656625
2007-12-27,4.434248488608516
2007-12-28,4.435487648812267
2007-12-31,4.436817596267881
2008-01-01,4.451597550545189
2008-01-02,4.452817887890087
2008-01-03,4.453961370020885
2008-01-04,4.455027996937582
2008-01-07,4.456017768640178
2008-01-08,4.456930685128674
2008-01-09,4.457766746403068
2008-01-10,4.458525952463361
2008-01-11,4.459208303309554
2008-01-14,4.459813798941646
2008-01-15,4.4603424393596365
2008-01-16,4.460794224563527
2008-01-17,4.461169154553316
2008-01-18,4.4614672293290045
2008-01-21,4.461688448890592
2008-01-22,4.461832813238079
2008-01-23,4.461900322371465
2008-01-24,4.46189097629075
2008-01-25,4.461804774995934
2008-01-28,4.461641718487018
2008-01-29,4.461401806764
2008-01-30,4.461085039826881
2008-01-31,4.460691417675662
2008-02-01,4.444720066654089
2008-02-04,4.444323625708797
2008-02-05,4.44404602855166
2008-02-06,4.443887275182677
2008-02-07,4.443847365601848
2008-02-08,4.443926299809173
2008-02-11,4.444124077804654
2008-02-12,4.444440699588288
2008-02-13,4.4448761651600766
2008-02-14,4.44543047452002
2008-02-15,4.4461036276681165
2008-02-18,4.446895624604368
2008-02-19,4.447806465328774
2008-02-20,4.448836149841334
2008-02-21,4.449984678142048
2008-02-22,4.4512520502309165
2008-02-25,4.45263826610794
2008-02-26,4.454143325773117
2008-02-27,4.455767229226448
2008-02-28,4.457509976467934
2008-02-29,4.459371567497574
2008-03-03,4.481983989834979
2008-03-04,4.48380192315657
2008-03-05,4.485457354981956
2008-03-06,4.4869502853111385
2008-03-07,4.488280714144117
2008-03-10,4.489448641480891
2008-03-11,4.490454067321461
2008-03-12,4.491296991665827
2008-03-13,4.49197741451399
2008-03-14,4.492495335865947
2008-03-17,4.492850755721702
2008-03-18,4.493043674081252
2008-03-19,4.4930740909445985
2008-03-20,4.492942006311741
2008-03-21,4.492647420182679
2008-03-24,4.492190332557413
2008-03-25,4.491570743435942
2008-03-26,4.490788652818269
2008-03-27,4.489844060704391
2008-03-28,4.488736967094309
2008-03-31,4.487467371988023
2008-04-01,4.47092813666907
2008-04-02,4.469601171515491
2008-04-03,4.46831424251071
2008-04-04,4.467067349654726
2008-04-07,4.465860492947541
2008-04-08,4.464693672389153
2008-04-09,4.463566887979563
2008-04-10,4.462480139718771
2008-04-11,4.461433427606777
2008-04-14,4.460426751643581
2008-04-15,4.459460111829182
2008-04-16,4.4585335081635815
2008-04-17,4.457646940646779
2008-04-18,4.456800409278774
2008-04-21,4.455993914059567
2008-04-22,4.455227454989158
2008-04-23,4.454501032067546
2008-04-24,4.453814645294733
2008-04-25,4.453168294670717
2008-04-28,4.452561980195499
2008-04-29,4.4519957018690794
2008-04-30,4.451469459691457
2008-05-01,4.4573599060941715
2008-05-02,4.456834523140461
2008-05-05,4.456269963261865
2008-05-06,4.455666226458383
2008-05-07,4.455023312730015
2008-05-08,4.454341222076761
2008-05-09,4.453619954498621
2008-05-12,4.452859509995596
2008-05-13,4.4520598885676845
2008-05-14,4.451221090214887
2008-05-15,4.450343114937205
2008-05-16,4.449425962734636
2008-05-19,4.44846963360718
2008-05-20,4.44747412755484
2008-05-21,4.446439444577614
2008-05-22,4.445365584675501
2008-05-23,4.444252547848502
2008-05-26,4.443100334096618
2008-05-27,4.441908943419848
2008-05-28,4.440678375818192
2008-05-29,4.43940863129165
2008-05-30,4.438099709840222
2008-06-02,4.429597831700226
2008-06-03,4.428239646432181
2008-06-04,4.426935569433181
2008-06-05,4.425685600703226
2008-06-06,4.424489740242317
2008-06-09,4.423347988050452
2008-06-10,4.422260344127633
2008-06-11,4.421226808473859
2008-06-12,4.42024738108913
2008-06-13,4.419322061973446
2008-06-16,4.418450851126808
2008-06-17,4.417633748549215
2008-06-18,4.416870754240667
2008-06-19,4.416161868201164
2008-06-20,4.415507090430706
2008-06-23,4.414906420929294
2008-06-24,4.414359859696927
2008-06-25,4.413867406733605
2008-06-26,4.413429062039328
2008-06-27,4.413044825614096
2008-06-30,4.4127146974579095
2008-07-01,4.416586435288457
2008-07-02,4.416332510117871
2008-07-03,4.416076677934522
2008-07-04,4.415818938738412
2008-07-07,4.41555929252954
2008-07-08,4.415297739307905
2008-07-09,4.4150342790735095
2008-07-10,4.414768911826352
2008-07-11,4.414501637566432
2008-07-14,4.41423245629375
2008-07-15,4.413961368008306
2008-07-16,4.413688372710101
2008-07-17,4.413413470399133
2008-07-18,4.413136661075404
2008-07-21,4.412857944738912
2008-07-22,4.412577321389659
2008-07-23,4.4122947910276435
2008-07-24,4.4120103536528665
2008-07-25,4.411724009265328
2008-07-28,4.411435757865027
2008-07-29,4.411145599451964
2008-07-30,4.410853534026139
2008-07-31,4.410559561587553
2008-08-01,4.402039479066806
2008-08-04,4.401825088298937
2008-08-05,4.401720365209912
2008-08-06,4.401725309799733
2008-08-07,4.4018399220684
2008-08-08,4.402064202015912
2008-08-11,4.40239814964227
2008-08-12,4.402841764947473
2008-08-13,4.403395047931521
2008-08-14,4.404057998594415
2008-08-15,4.404830616936154
2008-08-18,4.405712902956739
2008-08-19,4.4067048566561695
2008-08-20,4.407806478034445
2008-08-21,4.409017767091566
2008-08-22,4.4103387238275324
2008-08-25,4.411769348242344
2008-08-26,4.413309640336002
2008-08-27,4.414959600108505
2008-08-28,4.416719227559852
2008-08-29,4.4185885226900465
2008-09-01,4.419693646768239
2008-09-02,4.42169285745216
2008-09-03,4.423802268865921
2008-09-04,4.426021881009521
2008-09-05,4.428351693882959
2008-09-08,4.430791707486237
2008-09-09,4.433341921819353
2008-09-10,4.436002336882308
2008-09-11,4.4387729526751025
2008-09-12,4.441653769197735
2008-09-15,4.444644786450207
2008-09-16,4.447746004432519
2008-09-17,4.4509574231446685
2008-09-18,4.454279042586657
2008-09-19,4.457710862758485
2008-09-22,4.461252883660152
2008-09-23,4.464905105291657
2008-09-24,4.468667527653002
2008-09-25,4.4725401507441855
2008-09-26,4.476522974565208
2008-09-29,4.480615999116069
2008-09-30,4.4848192243967695
2008-10-01,4.503586051331679
2008-10-02,4.507647436941083
2008-10-03,4.511644322410681
2008-10-06,4.515576707740472
2008-10-07,4.519444592930456
2008-10-08,4.523247977980633
2008-10-09,4.526986862891004
2008-10-10,4.530661247661567
2008-10-13,4.534271132292324
2008-10-14,4.537816516783274
2008-10-15,4.541297401134417
2008-10-16,4.5447137853457535
2008-10-17,4.548065669417283
2008-10-20,4.551353053349006
2008-10-21,4.554575937140922
2008-10-22,4.557734320793031
2008-10-23,4.560828204305333
2008-10-24,4.563857587677829
2008-10-27,4.566822470910517
2008-10-28,4.569722854003399
2008-10-29,4.5725587369564735
2008-10-30,4.575330119769742
2008-10-31,4.578037002443203
2008-11-03,4.5771218914229115
2008-11-04,4.580131754042493
2008-11-05,4.583112739367954
2008-11-06,4.586064847399295
2008-11-07,4.588988078136515
2008-11-10,4.591882431579614
2008-11-11,4.594747907728593
2008-11-12,4.59758450658345
2008-11-13,4.6003922281441865
2008-11-14,4.603171072410803
2008-11-17,4.605921039383298
2008-11-18,4.608642129061673
2008-11-19,4.611334341445927
2008-11-20,4.61399767653606
2008-11-21,4.616632134332073
2008-11-24,4.6192377148339645
2008-11-25,4.621814418041735
2008-11-26,4.624362243955385
2008-11-27,4.626881192574915
2008-11-28,4.629371263900324
2008-12-01,4.636519338989096
2008-12-02,4.638582601646379
2008-12-03,4.640568958238085
2008-12-04,4.642478408764215
2008-12-05,4.644310953224768
2008-12-08,4.6460665916197454
2008-12-09,4.647745323949145
2008-12-10,4.64934715021297
2008-12-11,4.650872070411217
2008-12-12,4.652320084543888
2008-12-15,4.6536911926109825
2008-12-16,4.654985394612501
2008-12-17,4.656202690548443
2008-12-18,4.657343080418808
2008-12-19,4.658406564223596
2008-12-22,4.659393141962808
2008-12-23,4.660302813636444
2008-12-24,4.661135579244504
2008-12-25,4.661891438786987
2008-12-26,4.662570392263893
2008-12-29,4.663172439675223
2008-12-30,4.663697581020976
2008-12-31,4.664145816301153
2009-01-01,4.660345406980684
2009-01-02,4.660701471243956
2009-01-05,4.661025391955238
2009-01-06,4.661317169114527
2009-01-07,4.661576802721824
2009-01-08,4.661804292777131
2009-01-09,4.661999639280445
2009-01-12,4.662162842231768
2009-01-13,4.6622939016311
2009-01-14,4.662392817478439
2009-01-15,4.662459589773787
2009-01-16,4.662494218517144
2009-01-19,4.662496703708509
2009-01-20,4.662467045347882
2009-01-21,4.662405243435264
2009-01-22,4.662311297970654
2009-01-23,4.662185208954052
2009-01-26,4.66202697638546
2009-01-27,4.661836600264874
2009-01-28,4.661614080592298
2009-01-29,4.66135941736773
2009-01-30,4.66107261059117
2009-02-02,4.667362296578942
2009-02-03,4.6668729227999695
2009-02-04,4.666245020603434
2009-02-05,4.665478589989331
2009-02-06,4.6645736309576655
2009-02-09,4.663530143508433
2009-02-10,4.6623481276416365
2009-02-11,4.661027583357275
2009-02-12,4.659568510655348
2009-02-13,4.657970909535857
2009-02-16,4.6562347799988
2009-02-17,4.654360122044178
2009-02-18,4.652346935671991
2009-02-19,4.650195220882239
2009-02-20,4.647904977674922
2009-02-23,4.64547620605004
2009-02-24,4.642908906007593
2009-02-25,4.64020307754758
2009-02-26,4.6373587206700035
2009-02-27,4.634375835374861
2009-03-02,4.615669679004233
2009-03-03,4.612912955458118
2009-03-04,4.610237157195622
2009-03-05,4.6076422842167455
2009-03-06,4.605128336521488
2009-03-09,4.602695314109849
2009-03-10,4.600343216981829
2009-03-11,4.598072045137428
2009-03-12,4.595881798576647
2009-03-13,4.593772477299484
2009-03-16,4.59174408130594
2009-03-17,4.589796610596016
2009-03-18,4.587930065169711
2009-03-19,4.586144445027024
2009-03-20,4.584439750167957
2009-03-23,4.582815980592508
2009-03-24,4.581273136300679
2009-03-25,4.579811217292469
2009-03-26,4.578430223567877
2009-03-27,4.577130155126905
2009-03-30,4.575911011969552
2009-03-31,4.574772794095818
2009-04-01,4.575415606445816
2009-04-02,4.574418119823294
2009-04-03,4.573480439168364
2009-04-06,4.572602564481027
2009-04-07,4.571784495761284
2009-04-08,4.571026233009132
2009-04-09,4.570327776224573
2009-04-10,4.569689125407607
2009-04-13,4.569110280558235
2009-04-14,4.5685912416764545
2009-04-15,4.568132008762267
2009-04-16,4.567732581815672
2009-04-17,4.567392960836671
2009-04-20,4.567113145825261
2009-04-21,4.566893136781445
2009-04-22,4.566732933705222
2009-04-23,4.5666325365965905
2009-04-24,4.566591945455553
2009-04-27,4.566611160282107
2009-04-28,4.566690181076255
2009-04-29,4.5668290078379945
2009-04-30,4.567027640567328
2009-05-01,4.575643368752912
2009-05-04,4.575865885566338
2009-05-05,4.5760401738916485
2009-05-06,4.576166233728843
2009-05-07,4.576244065077923
2009-05-08,4.576273667938887
2009-05-11,4.576255042311735
2009-05-12,4.576188188196468
2009-05-13,4.576073105593086
2009-05-14,4.575909794501588
2009-05-15,4.575698254921975
2009-05-18,4.575438486854247
2009-05-19,4.5751304902984025
2009-05-20,4.574774265254443
2009-05-21,4.574369811722368
2009-05-22,4.573917129702178
2009-05-25,4.573416219193872
2009-05-26,4.57286708019745
2009-05-27,4.572269712712914
2009-05-28,4.571624116740262
2009-05-29,4.570930292279494
2009-06-01,4.5609711576821255
2009-06-02,4.560333606967931
2009-06-03,4.559766828808931
2009-06-04,4.559270823205123
2009-06-05,4.55884559015651
2009-06-08,4.558491129663091
2009-06-09,4.558207441724865
2009-06-10,4.557994526341833
2009-06-11,4.557852383513995
2009-06-12,4.5577810132413505
2009-06-15,4.557780415523901
2009-06-16,4.557850590361643
2009-06-17,4.557991537754581
2009-06-18,4.558203257702711
2009-06-19,4.558485750206036
2009-06-22,4.558839015264555
2009-06-23,4.559263052878267
2009-06-24,4.559757863047174
2009-06-25,4.560323445771273
2009-06-26,4.560959801050567
2009-06-29,4.561666928885054
2009-06-30,4.562444829274735
2009-07-01,4.574384812588316
2009-07-02,4.575135080242598
2009-07-03,4.575823841429977
2009-07-06,4.576451096150453
2009-07-07,4.577016844404027
2009-07-08,4.577521086190697
2009-07-09,4.5779638215104645
2009-07-10,4.57834505036333
2009-07-13,4.578664772749292
2009-07-14,4.578922988668351
2009-07-15,4.579119698120507
2009-07-16,4.57925490110576
2009-07-17,4.5793285976241105
2009-07-20,4.579340787675559
2009-07-21,4.579291471260103
2009-07-22,4.579180648377745
2009-07-23,4.5790083190284845
2009-07-24,4.578774483212321
2009-07-27,4.578479140929254
2009-07-28,4.578122292179285
2009-07-29,4.577703936962412
2009-07-30,4.577224075278637
2009-07-31,4.576682707127959
2009-08-03,4.563702192030014
2009-08-04,4.5631364875514295
2009-08-05,4.5626653698420885
2009-08-06,4.562288838901989
2009-08-07,4.562006894731133
2009-08-10,4.561819537329519
2009-08-11,4.561726766697148
2009-08-12,4.561728582834019
2009-08-13,4.561824985740134
2009-08-14,4.562015975415489
2009-08-17,4.562301551860089
2009-08-18,4.56268171507393
2009-08-19,4.563156465057015
2009-08-20,4.563725801809341
2009-08-21,4.564389725330911
2009-08-24,4.565148235621724
2009-08-25,4.566001332681778
2009-08-26,4.566949016511075
2009-08-27,4.567991287109615
2009-08-28,4.569128144477397
2009-08-31,4.570359588614423
2009-09-01,4.583679065615985
2009-09-02,4.584881627109608
2009-09-03,4.586020993322691
2009-09-04,4.587097164255232
2009-09-07,4.588110139907232
2009-09-08,4.589059920278691
2009-09-09,4.58994650536961
2009-09-10,4.590769895179986
2009-09-11,4.591530089709822
2009-09-14,4.592227088959117
2009-09-15,4.592860892927871
2009-09-16,4.593431501616084
2009-09-17,4.593938915023755
2009-09-18,4.5943831331508855
2009-09-21,4.594764155997475
2009-09-22,4.5950819835635235
2009-09-23,4.595336615849031
2009-09-24,4.595528052853997
2009-09-25,4.595656294578422
2009-09-28,4.595721341022306
2009-09-29,4.595723192185649
2009-09-30,4.595661848068451
2009-10-01,4.588597490749615
2009-10-02,4.588495964989609
2009-10-05,4.588417452867336
2009-10-06,4.588361954382798
2009-10-07,4.588329469535992
2009-10-08,4.58831999832692
2009-10-09,4.588333540755581
2009-10-12,4.588370096821976
2009-10-13,4.588429666526104
2009-10-14,4.588512249867965
2009-10-15,4.58861784684756
2009-10-16,4.588746457464889
2009-10-19,4.58889808171995
2009-10-20,4.589072719612745
2009-10-21,4.589270371143274
2009-10-22,4.589491036311536
2009-10-23,4.589734715117531
2009-10-26,4.590001407561259
2009-10-27,4.590291113642722
2009-10-28,4.590603833361917
2009-10-29,4.590939566718847
2009-10-30,4.591298313713509
2009-11-02,4.595542697312579
2009-11-03,4.595915351537386
2009-11-04,4.596260720276871
2009-11-05,4.596578803531035
2009-11-06,4.596869601299876
2009-11-09,4.5971331135833955
2009-11-10,4.597369340381594
2009-11-11,4.59757828169447
2009-11-12,4.597759937522024
2009-11-13,4.597914307864256
2009-11-16,4.598041392721167
2009-11-17,4.598141192092756
2009-11-18,4.598213705979022
2009-11-19,4.598258934379968
2009-11-20,4.598276877295591
2009-11-23,4.598267534725893
2009-11-24,4.598230906670872
2009-11-25,4.59816699313053
2009-11-26,4.598075794104866
2009-11-27,4.59795730959388
2009-11-30,4.597811539597572
2009-12-01,4.597634653993444
2009-12-02,4.597454037935969
2009-12-03,4.597250812999899
2009-12-04,4.5970249791852345
2009-12-07,4.596776536491974
2009-12-08,4.596505484920118
2009-12-09,4.596211824469666
2009-12-10,4.595895555140619
2009-12-11,4.595556676932977
2009-12-14,4.59519518984674
2009-12-15,4.594811093881907
2009-12-16,4.594404389038479
2009-12-17,4.593975075316455
2009-12-18,4.593523152715836
2009-12-21,4.593048621236622
2009-12-22,4.592551480878812
2009-12-23,4.592031731642407
2009-12-24,4.5914893735274065
2009-12-25,4.59092440653381
2009-12-28,4.590336830661619
2009-12-29,4.589726645910833
2009-12-30,4.589093852281451
2009-12-31,4.588438449773474
2010-01-01,4.579947949833473
2010-01-04,4.579284328947264
2010-01-05,4.5786996710744265
2010-01-06,4.578193976214959
2010-01-07,4.5777672443688635
2010-01-08,4.577419475536138
2010-01-11,4.577150669716784
2010-01-12,4.5769608269108
2010-01-13,4.576849947118188
2010-01-14,4.576818030338947
2010-01-15,4.576865076573076
2010-01-18,4.576991085820576
2010-01-19,4.577196058081447
2010-01-20,4.577479993355689
2010-01-21,4.577842891643302
2010-01-22,4.578284752944286
2010-01-25,4.57880557725864
2010-01-26,4.579405364586366
2010-01-27,4.5800841149274625
2010-01-28,4.58084182828193
2010-01-29,4.581678504649768
2010-02-01,4.592949998396933
2010-02-02,4.593843113846438
2010-02-03,4.594667923395177
2010-02-04,4.595424427043151
2010-02-05,4.596112624790359
2010-02-08,4.596732516636801
2010-02-09,4.597284102582479
2010-02-10,4.597767382627391
2010-02-11,4.598182356771538
2010-02-12,4.598529025014919
2010-02-15,4.598807387357535
2010-02-16,4.5990174437993865
2010-02-17,4.599159194340472
2010-02-18,4.5992326389807925
2010-02-19,4.599237777720347
2010-02-22,4.599174610559136
2010-02-23,4.59904313749716
2010-02-24,4.5988433585344195
2010-02-25,4.598575273670913
2010-02-26,4.5982388829066405
2010-03-01,4.598502986594622
2010-03-02,4.598092158843234
2010-03-03,4.59762241348397
2010-03-04,4.597093750516829
2010-03-05,4.596506169941812
2010-03-08,4.595859671758918
2010-03-09,4.595154255968147
2010-03-10,4.5943899225694995
2010-03-11,4.593566671562975
2010-03-12,4.592684502948574
2010-03-15,4.591743416726296
2010-03-16,4.590743412896142
2010-03-17,4.589684491458111
2010-03-18,4.588566652412203
2010-03-19,4.5873898957584185
2010-03-22,4.586154221496757
2010-03-23,4.5848596296272195
2010-03-24,4.583506120149805
2010-03-25,4.582093693064513
2010-03-26,4.580622348371345
2010-03-29,4.5790920860703
2010-03-30,4.577502906161379
2010-03-31,4.57585480864458
2010-04-01,4.556864023628532
2010-04-02,4.555229233361939
2010-04-05,4.553744259550003
2010-04-06,4.552409102192724
2010-04-07,4.551223761290104
2010-04-08,4.550188236842141
2010-04-09,4.549302528848836
2010-04-12,4.548566637310188
2010-04-13,4.547980562226197
2010-04-14,4.547544303596864
2010-04-15,4.54725786142219
2010-04-16,4.547121235702172
2010-04-19,4.547134426436812
2010-04-20,4.54729743362611
2010-04-21,4.547610257270065
2010-04-22,4.5480728973686775
2010-04-23,4.5486853539219485
2010-04-26,4.549447626929877
2010-04-27,4.550359716392462
2010-04-28,4.5514216223097055
2010-04-29,4.552633344681606
2010-04-30,4.553994883508165
2010-05-03,4.5709032729691605
2010-05-04,4.572441586300433
2010-05-05,4.573934888382656
2010-05-06,4.575383179215828
2010-05-07,4.576786458799953
2010-05-10,4.578144727135027
2010-05-11,4.579457984221052
2010-05-12,4.580726230058027
2010-05-13,4.5819494646459535
2010-05-14,4.58312768798483
2010-05-17,4.584260900074657
2010-05-18,4.585349100915435
2010-05-19,4.586392290507163
2010-05-20,4.587390468849842
2010-05-21,4.588343635943471
2010-05-24,4.589251791788051
2010-05-25,4.590114936383582
2010-05-26,4.590933069730062
2010-05-27,4.591706191827495
2010-05-28,4.592434302675876
2010-05-31,4.593117402275209
2010-06-01,4.589940838734336
2010-06-02,4.590556125863142
2010-06-03,4.591177615786396
2010-06-04,4.591805308504095
2010-06-07,4.592439204016241
2010-06-08,4.593079302322832
2010-06-09,4.593725603423869
2010-06-10,4.594378107319353
2010-06-11,4.5950368140092825
2010-06-14,4.595701723493658
2010-06-15,4.596372835772479
2010-06-16,4.597050150845747
2010-06-17,4.59773366871346
2010-06-18,4.598423389375619
2010-06-21,4.599119312832225
2010-06-22,4.599821439083276
2010-06-23,4.600529768128774
2010-06-24,4.601244299968717
2010-06-25,4.601965034603106
2010-06-28,4.602691972031942
2010-06-29,4.603425112255223
2010-06-30,4.604164455272951
2010-07-01,4.605469585211558
2010-07-02,4.60621438246257
2010-07-05,4.606958431152419
2010-07-06,4.607701731281107
2010-07-07,4.608444282848633
2010-07-08,4.609186085854997
2010-07-09,4.6099271403002
2010-07-12,4.61066744618424
2010-07-13,4.611407003507119
2010-07-14,4.612145812268835
2010-07-15,4.61288387246939
2010-07-16,4.613621184108783
2010-07-19,4.6143577471870145
2010-07-20,4.615093561704083
2010-07-21,4.615828627659991
2010-07-22,4.616562945054736
2010-07-23,4.61729651388832
2010-07-26,4.618029334160742
2010-07-27,4.618761405872002
2010-07-28,4.6194927290221
2010-07-29,4.620223303611036
2010-07-30,4.62095312963881
2010-08-02,4.623690056307709
2010-08-03,4.624393442987044
2010-08-04,4.625071138879102
2010-08-05,4.625723143983882
2010-08-06,4.626349458301386
2010-08-09,4.6269500818316125
2010-08-10,4.627525014574562
2010-08-11,4.628074256530234
2010-08-12,4.628597807698629
2010-08-13,4.629095668079747
2010-08-16,4.629567837673586
2010-08-17,4.63001431648015
2010-08-18,4.630435104499436
2010-08-19,4.630830201731444
2010-08-20,4.631199608176176
2010-08-23,4.63154332383363
2010-08-24,4.631861348703807
2010-08-25,4.632153682786707
2010-08-26,4.63242032608233
2010-08-27,4.632661278590675
2010-08-30,4.632876540311743
2010-08-31,4.633066111245534
2010-09-01,4.630584740645337
2010-09-02,4.630755790262296
2010-09-03,4.630934009349702
2010-09-06,4.631119397907554
2010-09-07,4.631311955935851
2010-09-08,4.631511683434594
2010-09-09,4.631718580403784
2010-09-10,4.631932646843419
2010-09-13,4.6321538827535
2010-09-14,4.632382288134027
2010-09-15,4.632617862985
2010-09-16,4.6328606073064185
2010-09-17,4.633110521098284
2010-09-20,4.633367604360594
2010-09-21,4.633631857093351
2010-09-22,4.633903279296554
2010-09-23,4.6341818709702025
2010-09-24,4.634467632114297
2010-09-27,4.634760562728837
2010-09-28,4.635060662813823
2010-09-29,4.635367932369255
2010-09-30,4.635682371395133
2010-10-01,4.639687584583187
2010-10-04,4.639982251338325
2010-10-05,4.640234661661977
2010-10-06,4.640444815554143
2010-10-07,4.640612713014821
2010-10-08,4.6407383540440135
2010-10-11,4.640821738641719
2010-10-12,4.640862866807939
2010-10-13,4.640861738542671
2010-10-14,4.6408183538459165
2010-10-15,4.640732712717676
2010-10-18,4.640604815157949
2010-10-19,4.640434661166735
2010-10-20,4.640222250744034
2010-10-21,4.639967583889847
2010-10-22,4.639670660604174
2010-10-25,4.639331480887013
2010-10-26,4.638950044738366
2010-10-27,4.638526352158233
2010-10-28,4.638060403146613
2010-10-29,4.637552197703506
2010-11-01,4.633642242428465
2010-11-02,4.633120195323599
2010-11-03,4.632601541994161
2010-11-04,4.63208628244015
2010-11-05,4.631574416661566
2010-11-08,4.631065944658411
2010-11-09,4.630560866430683
2010-11-10,4.630059181978382
2010-11-11,4.629560891301509
2010-11-12,4.6290659944000625
2010-11-15,4.628574491274044
2010-11-16,4.6280863819234535
2010-11-17,4.627601666348291
2010-11-18,4.627120344548555
2010-11-19,4.626642416524247
2010-11-22,4.626167882275366
2010-11-23,4.625696741801913
2010-11-24,4.625228995103887
2010-11-25,4.624764642181289
2010-11-26,4.624303683034118
2010-11-29,4.623846117662375
2010-11-30,4.62339194606606
2010-12-01,4.6218866206451485
2010-12-02,4.621470641246766
2010-12-03,4.621069861235201
2010-12-06,4.620684280610451
2010-12-07,4.620313899372516
2010-12-08,4.619958717521398
2010-12-09,4.619618735057095
2010-12-10,4.619293951979609
2010-12-13,4.618984368288937
2010-12-14,4.618689983985082
2010-12-15,4.618410799068042
2010-12-16,4.618146813537818
2010-12-17,4.61789802739441
2010-12-20,4.617664440637817
2010-12-21,4.61744605326804
2010-12-22,4.617242865285079
2010-12-23,4.617054876688933
2010-12-24,4.616882087479604
2010-12-27,4.61672449765709
2010-12-28,4.616582107221392
2010-12-29,4.6164549161725095
2010-12-30,4.616342924510443
2010-12-31,4.616246132235192
2011-01-03,4.61847341184604
2011-01-04,4.618370749863118
2011-01-05,4.618254789536991
2011-01-06,4.6181255308676565
2011-01-07,4.617982973855116
2011-01-10,4.6178271184993696
2011-01-11,4.617657964800416
2011-01-12,4.617475512758256
2011-01-13,4.61727976237289
2011-01-14,4.617070713644318
2011-01-17,4.616848366572539
2011-01-18,4.616612721157553
2011-01-19,4.6163637773993615
2011-01-20,4.616101535297963
2011-01-21,4.615825994853358
2011-01-24,4.615537156065547
2011-01-25,4.61523501893453
2011-01-26,4.614919583460305
2011-01-27,4.614590849642875
2011-01-28,4.614248817482238
2011-01-31,4.6138934869783945
2011-02-01,4.611850820761966
2011-02-02,4.6114741305449405
2011-02-03,4.611107810400292
2011-02-04,4.610751860328021
2011-02-07,4.610406280328126
2011-02-08,4.6100710704006085
2011-02-09,4.6097462305454675
2011-02-10,4.609431760762703
2011-02-11,4.609127661052317
2011-02-14,4.608833931414306
2011-02-15,4.6085505718486734
2011-02-16,4.6082775823554165
2011-02-17,4.608014962934537
2011-02-18,4.607762713586035
2011-02-21,4.607520834309909
2011-02-22,4.60728932510616
2011-02-23,4.607068185974788
2011-02-24,4.606857416915794
2011-02-25,4.606657017929176
2011-02-28,4.606466989014935
2011-03-01,4.612420413582338
2011-03-02,4.612202463994329
2011-03-03,4.611922789898192
2011-03-04,4.611581391293928
2011-03-07,4.611178268181536
2011-03-08,4.610713420561018
2011-03-09,4.610186848432371
2011-03-10,4.609598551795598
2011-03-11,4.6089485306506965
2011-03-14,4.6082367849976675
2011-03-15,4.607463314836512
2011-03-16,4.606628120167228
2011-03-17,4.605731200989817
2011-03-18,4.604772557304279
2011-03-21,4.603752189110613
2011-03-22,4.602670096408819
2011-03-23,4.601526279198899
2011-03-24,4.6003207374808515
2011-03-25,4.599053471254676
2011-03-28,4.597724480520373
2011-03-29,4.596333765277943
2011-03-30,4.5948813255273855
2011-03-31,4.5933671612687
2011-04-01,4.576861235280232
2011-04-04,4.575263760571473
2011-04-05,4.573794784565226
2011-04-06,4.572454307261491
2011-04-07,4.571242328660269
2011-04-08,4.570158848761558
2011-04-11,4.569203867565359
2011-04-12,4.568377385071672
2011-04-13,4.567679401280498
2011-04-14,4.567109916191836
2011-04-15,4.566668929805685
2011-04-18,4.566356442122046
2011-04-19,4.56617245314092
2011-04-20,4.5661169628623055
2011-04-21,4.566189971286203
2011-04-22,4.566391478412613
2011-04-25,4.566721484241534
2011-04-26,4.567179988772968
2011-04-27,4.567766992006914
2011-04-28,4.568482493943371
2011-04-29,4.5693264945823415
2011-05-02,4.582254192917424
2011-05-03,4.583150760251867
2011-05-04,4.584015600094792
2011-05-05,4.5848487124462
2011-05-06,4.58565009730609
2011-05-09,4.586419754674463
2011-05-10,4.587157684551318
2011-05-11,4.587863886936657
2011-05-12,4.588538361830477
2011-05-13,4.589181109232781
2011-05-16,4.589792129143567
2011-05-17,4.590371421562836
2011-05-18,4.590918986490587
2011-05-19,4.5914348239268215
2011-05-20,4.591918933871538
2011-05-23,4.592371316324737
2011-05-24,4.592791971286419
2011-05-25,4.593180898756584
2011-05-26,4.593538098735231
2011-05-27,4.593863571222361
2011-05-30,4.594157316217973
2011-05-31,4.594419333722068
2011-06-01,4.591165785682164
2011-06-02,4.5914076256945595
2011-06-03,4.591661015706772
2011-06-06,4.5919259557188035
2011-06-07,4.592202445730653
2011-06-08,4.592490485742319
2011-06-09,4.592790075753803
2011-06-10,4.593101215765106
2011-06-13,4.593423905776226
2011-06-14,4.593758145787164
2011-06-15,4.59410393579792
2011-06-16,4.594461275808493
2011-06-17,4.594830165818885
2011-06-20,4.595210605829093
2011-06-21,4.595602595839121
2011-06-22,4.596006135848966
2011-06-23,4.596421225858628
2011-06-24,4.596847865868108
2011-06-27,4.597286055877407
2011-06-28,4.597735795886523
2011-06-29,4.598197085895457
2011-06-30,4.5986699259042085
2011-07-01,4.598070118462844
2011-07-04,4.5986051951922615
2011-07-05,4.599167892451644
2011-07-06,4.59975821024099
2011-07-07,4.600376148560301
2011-07-08,4.601021707409576
2011-07-11,4.601694886788815
2011-07-12,4.602395686698019
2011-07-13,4.6031241071371864
2011-07-14,4.6038801481063185
2011-07-15,4.604663809605414
2011-07-18,4.605475091634474
2011-07-19,4.606313994193499
2011-07-20,4.607180517282488
2011-07-21,4.608074660901441
2011-07-22,4.608996425050358
2011-07-25,4.60994580972924
2011-07-26,4.610922814938085
2011-07-27,4.6119274406768955
2011-07-28,4.61295968694567
2011-07-29,4.614019553744408
2011-08-01,4.617871189631
2011-08-02,4.618855181877288
2011-08-03,4.619830243156703
2011-08-04,4.620796373469243
2011-08-05,4.621753572814908
2011-08-08,4.6227018411937
2011-08-09,4.623641178605617
2011-08-10,4.624571585050659
2011-08-11,4.625493060528828
2011-08-12,4.626405605040121
2011-08-15,4.62730921858454
2011-08-16,4.6282039011620855
2011-08-17,4.629089652772756
2011-08-18,4.629966473416552
2011-08-19,4.630834363093474
2011-08-22,4.631693321803521
2011-08-23,4.632543349546694
2011-08-24,4.633384446322992
2011-08-25,4.634216612132416
2011-08-26,4.6350398469749665
2011-08-29,4.6358541508506415
2011-08-30,4.636659523759442
2011-08-31,4.637455965701369
2011-09-01,4.639675781085047
2011-09-02,4.640471754702742
2011-09-05,4.641240395009668
2011-09-06,4.641981702005826
2011-09-07,4.642695675691216
2011-09-08,4.6433823160658365
2011-09-09,4.644041623129689
2011-09-12,4.644673596882773
2011-09-13,4.645278237325087
2011-09-14,4.645855544456634
2011-09-15,4.646405518277412
2011-09-16,4.646928158787421
2011-09-19,4.6474234659866624
2011-09-20,4.647891439875134
2011-09-21,4.648332080452838
2011-09-22,4.6487453877197735
2011-09-23,4.64913136167594
2011-09-26,4.649490002321338
2011-09-27,4.649821309655968
2011-09-28,4.650125283679829
2011-09-29,4.650401924392921
2011-09-30,4.650651231795245
2011-10-03,4.651616313895514
2011-10-04,4.651808792439703
2011-10-05,4.651961205241689
2011-10-06,4.6520735523014745
2011-10-07,4.652145833619056
2011-10-10,4.652178049194437
2011-10-11,4.652170199027615
2011-10-12,4.65212228311859
2011-10-13,4.6520343014673635
2011-10-14,4.651906254073935
2011-10-17,4.651738140938304
2011-10-18,4.65152996206047
2011-10-19,4.651281717440435
2011-10-20,4.650993407078197
2011-10-21,4.650665030973757
2011-10-24,4.650296589127114
2011-10-25,4.64988808153827
2011-10-26,4.649439508207223
2011-10-27,4.648950869133974
2011-10-28,4.648422164318522
2011-10-31,4.647853393760869
2011-11-01,4.641455146648608
2011-11-02,4.640909575950526
2011-11-03,4.640399596476952
2011-11-04,4.6399252082278855
2011-11-07,4.639486411203327
2011-11-08,4.639083205403276
2011-11-09,4.638715590827733
2011-11-10,4.638383567476698
2011-11-11,4.638087135350171
2011-11-14,4.637826294448151
2011-11-15,4.637601044770639
2011-11-16,4.637411386317635
2011-11-17,4.637257319089139
2011-11-18,4.63713884308515
2011-11-21,4.63705595830567
2011-11-22,4.637008664750696
2011-11-23,4.636996962420231
2011-11-24,4.637020851314274
2011-11-25,4.637080331432824
2011-11-28,4.637175402775882
2011-11-29,4.637306065343448
2011-11-30,4.637472319135521
2011-12-01,4.639762823482456
2011-12-02,4.639974313644907
2011-12-05,4.640195448953228
2011-12-06,4.640426229407419
2011-12-07,4.64066665500748
2011-12-08,4.64091672575341
2011-12-09,4.641176441645211
2011-12-12,4.641445802682881
2011-12-13,4.641724808866421
2011-12-14,4.642013460195831
2011-12-15,4.642311756671111
2011-12-16,4.64261969829226
2011-12-19,4.64293728505928
2011-12-20,4.643264516972169
2011-12-21,4.643601394030928
2011-12-22,4.6439479162355575
2011-12-23,4.644304083586056
2011-12-26,4.644669896082425
2011-12-27,4.6450453537246625
2011-12-28,4.645430456512771
2011-12-29,4.64582520444675
2011-12-30,4.646229597526597
2012-01-02,4.653293815147595
2012-01-03,4.653634887595017
2012-01-04,4.653902994264145
2012-01-05,4.654098135154977
2012-01-06,4.654220310267514
2012-01-09,4.6542695196017565
2012-01-10,4.654245763157704
2012-01-11,4.654149040935356
2012-01-12,4.653979352934712
2012-01-13,4.6537366991557745
2012-01-16,4.653421079598541
2012-01-17,4.653032494263012
2012-01-18,4.652570943149189
2012-01-19,4.6520364262570695
2012-01-20,4.651428943586656
2012-01-23,4.650748495137947
2012-01-24,4.6499950809109425
2012-01-25,4.649168700905643
2012-01-26,4.648269355122049
2012-01-27,4.647297043560159
2012-01-30,4.646251766219974
2012-01-31,4.645133523101495
2012-02-01,4.642361121087349
2012-02-02,4.641054266400777
2012-02-03,4.639688490157586
2012-02-06,4.638263792357778
2012-02-07,4.636780173001352
2012-02-08,4.635237632088308
2012-02-09,4.633636169618645
2012-02-10,4.631975785592366
2012-02-13,4.630256480009468
2012-02-14,4.628478252869953
2012-02-15,4.626641104173819
2012-02-16,4.624745033921068
2012-02-17,4.622790042111698
2012-02-20,4.620776128745711
2012-02-21,4.618703293823106
2012-02-22,4.616571537343884
2012-02-23,4.614380859308043
2012-02-24,4.612131259715585
2012-02-27,4.609822738566508
2012-02-28,4.607455295860814
2012-02-29,4.605028931598501
2012-03-01,4.5881115962672805
2012-03-02,4.585865583813263
2012-03-05,4.583745877186934
2012-03-06,4.581752476388294
2012-03-07,4.579885381417342
2012-03-08,4.578144592274079
2012-03-09,4.5765301089585035
2012-03-12,4.575041931470618
2012-03-13,4.573680059810419
2012-03-14,4.57244449397791
2012-03-15,4.571335233973089
2012-03-16,4.570352279795958
2012-03-19,4.569495631446514
2012-03-20,4.568765288924759
2012-03-21,4.568161252230692
2012-03-22,4.567683521364314
2012-03-23,4.567332096325624
2012-03-26,4.567106977114623
2012-03-27,4.567008163731311
2012-03-28,4.567035656175687
2012-03-29,4.567189454447751
2012-03-30,4.567469558547504
2012-04-02,4.574793656860386
2012-04-03,4.575263868830202
2012-04-04,4.575778529988704
2012-04-05,4.576337640335892
2012-04-06,4.576941199871767
2012-04-09,4.5775892085963275
2012-04-10,4.578281666509575
2012-04-11,4.579018573611508
2012-04-12,4.579799929902128
2012-04-13,4.580625735381434
2012-04-16,4.581495990049427
2012-04-17,4.582410693906105
2012-04-18,4.583369846951471
2012-04-19,4.584373449185522
2012-04-20,4.58542150060826
2012-04-23,4.586514001219683
2012-04-24,4.587650951019794
2012-04-25,4.588832350008591
2012-04-26,4.590058198186074
2012-04-27,4.591328495552243
2012-04-30,4.592643242107099
2012-05-01,4.600141523869484
2012-05-02,4.601349135788855
2012-05-03,4.602523354818275
2012-05-04,4.603664180957745
2012-05-07,4.604771614207264
2012-05-08,4.605845654566834
2012-05-09,4.606886302036453
2012-05-10,4.607893556616122
2012-05-11,4.608867418305841
2012-05-14,4.609807887105609
2012-05-15,4.610714963015427
2012-05-16,4.611588646035295
2012-05-17,4.612428936165212
2012-05-18,4.61323583340518
2012-05-21,4.6140093377551965
2012-05-22,4.614749449215263
2012-05-23,4.615456167785379
2012-05-24,4.616129493465546
2012-05-25,4.616769426255761
2012-05-28,4.617375966156027
2012-05-29,4.617949113166342
2012-05-30,4.6184888672867075
2012-05-31,4.618995228517122
2012-06-01,4.618132256181532
2012-06-04,4.618628722153065
2012-06-05,4.619103641151811
2012-06-06,4.61955701317777
2012-06-07,4.619988838230944
2012-06-08,4.620399116311333
2012-06-11,4.620787847418934
2012-06-12,4.621155031553751
2012-06-13,4.62150066871578
2012-06-14,4.621824758905023
2012-06-15,4.6221273021214815
2012-06-18,4.622408298365153
2012-06-19,4.622667747636039
2012-06-20,4.622905649934138
2012-06-21,4.623122005259452
2012-06-22,4.6233168136119795
2012-06-25,4.623490074991721
2012-06-26,4.623641789398676
2012-06-27,4.6237719568328455
2012-06-28,4.623880577294228
2012-06-29,4.623967650782826
2012-07-02,4.623204038245713
2012-07-03,4.623257238935412
2012-07-04,4.62330109227699
2012-07-05,4.623335598270447
2012-07-06,4.623360756915784
2012-07-09,4.623376568213001
2012-07-10,4.623383032162097
2012-07-11,4.623380148763071
2012-07-12,4.6233679180159255
2012-07-13,4.623346339920659
2012-07-16,4.623315414477272
2012-07-17,4.623275141685764
2012-07-18,4.623225521546136
2012-07-19,4.623166554058386
2012-07-20,4.623098239222517
2012-07-23,4.623020577038526
2012-07-24,4.622933567506415
2012-07-25,4.622837210626183
2012-07-26,4.62273150639783
2012-07-27,4.622616454821357
2012-07-30,4.622492055896763
2012-07-31,4.622358309624048
2012-08-01,4.621714343734196
2012-08-02,4.621574647955547
2012-08-03,4.621432128557309
2012-08-06,4.621286785539483
2012-08-07,4.6211386189020685
2012-08-08,4.620987628645064
2012-08-09,4.620833814768472
2012-08-10,4.620677177272292
2012-08-13,4.620517716156521
2012-08-14,4.620355431421163
2012-08-15,4.620190323066216
2012-08-16,4.62002239109168
2012-08-17,4.619851635497555
2012-08-20,4.619678056283841
2012-08-21,4.619501653450539
2012-08-22,4.619322426997648
2012-08-23,4.619140376925168
2012-08-24,4.6189555032331
2012-08-27,4.6187678059214425
2012-08-28,4.618577284990197
2012-08-29,4.618383940439362
2012-08-30,4.618187772268938
2012-08-31,4.617988780478926
2012-09-03,4.6194058759394085
2012-09-04,4.619145479563486
2012-09-05,4.6188567745326825
2012-09-06,4.618539760846997
2012-09-07,4.61819443850643
2012-09-10,4.617820807510983
2012-09-11,4.617418867860653
2012-09-12,4.616988619555443
2012-09-13,4.61653006259535
2012-09-14,4.616043196980376
2012-09-17,4.615528022710522
2012-09-18,4.614984539785785
2012-09-19,4.614412748206167
2012-09-20,4.613812647971668
2012-09-21,4.613184239082288
2012-09-24,4.612527521538025
2012-09-25,4.611842495338882
2012-09-26,4.611129160484857
2012-09-27,4.610387516975951
2012-09-28,4.609617564812163
2012-10-01,4.607986995037804
2012-10-02,4.607281512512463
2012-10-03,4.606564687304102
2012-10-04,4.605836519412722
2012-10-05,4.605097008838322
2012-10-08,4.6043461555809015
2012-10-09,4.603583959640461
2012-10-10,4.6028104210170016
2012-10-11,4.602025539710522
2012-10-12,4.601229315721022
2012-10-15,4.600421749048502
2012-10-16,4.599602839692963
2012-10-17,4.598772587654404
2012-10-18,4.597930992932825
2012-10-19,4.597078055528226
2012-10-22,4.596213775440607
2012-10-23,4.595338152669968
2012-10-24,4.59445118721631
2012-10-25,4.593552879079632
2012-10-26,4.592643228259933
2012-10-29,4.591722234757215
2012-10-30,4.590789898571478
2012-10-31,4.58984621970272
2012-11-01,4.59093564325724
2012-11-02,4.589899145718811
2012-11-05,4.588824582264267
2012-11-06,4.587711952893607
2012-11-07,4.586561257606831
2012-11-08,4.58537249640394
2012-11-09,4.584145669284933
2012-11-12,4.58288077624981
2012-11-13,4.581577817298571
2012-11-14,4.580236792431217
2012-11-15,4.578857701647746
2012-11-16,4.5774405449481606
2012-11-19,4.57598532233246
2012-11-20,4.5744920338006425
2012-11-21,4.57296067935271
2012-11-22,4.571391258988661
2012-11-23,4.569783772708497
2012-11-26,4.568138220512218
2012-11-27,4.566454602399822
2012-11-28,4.564732918371311
2012-11-29,4.562973168426684
2012-11-30,4.561175352565941
2012-12-03,4.561069289006649
2012-12-04,4.559080013798002
2012-12-05,4.557024768099322
2012-12-06,4.55490355191061
2012-12-07,4.552716365231864
2012-12-10,4.550463208063086
2012-12-11,4.548144080404273
2012-12-12,4.545758982255428
2012-12-13,4.543307913616551
2012-12-14,4.54079087448764
2012-12-17,4.538207864868696
2012-12-18,4.535558884759719
2012-12-19,4.5328439341607085
2012-12-20,4.530063013071665
2012-12-21,4.527216121492589
2012-12-24,4.52430325942348
2012-12-25,4.5213244268643376
2012-12-26,4.518279623815162
2012-12-27,4.515168850275954
2012-12-28,4.511992106246712
2012-12-31,4.508749391727437
2013-01-01,4.497265412222034
2013-01-02,4.49428399934392
2013-01-03,4.491342146857059
2013-01-04,4.4884398547614515
2013-01-07,4.485577123057098
2013-01-08,4.482753951743997
2013-01-09,4.479970340822151
2013-01-10,4.477226290291558
2013-01-11,4.474521800152218
2013-01-14,4.471856870404132
2013-01-15,4.4692315010472985
2013-01-16,4.46664569208172
2013-01-17,4.464099443507394
2013-01-18,4.461592755324322
2013-01-21,4.4591256275325035
2013-01-22,4.456698060131938
2013-01-23,4.454310053122627
2013-01-24,4.451961606504568
2013-01-25,4.449652720277763
2013-01-28,4.4473833944422125
2013-01-29,4.4451536289979146
2013-01-30,4.442963423944871
2013-01-31,4.44081277928308
2013-02-01,4.435906546958029
2013-02-04,4.43357080201931
2013-02-05,4.4313270590529905
2013-02-06,4.42917531805907
2013-02-07,4.427115579037548
2013-02-08,4.425147841988426
2013-02-11,4.423272106911702
2013-02-12,4.421488373807377
2013-02-13,4.419796642675451
2013-02-14,4.418196913515924
2013-02-15,4.416689186328796
2013-02-18,4.415273461114067
2013-02-19,4.413949737871738
2013-02-20,4.412718016601806
2013-02-21,4.411578297304274
2013-02-22,4.410530579979142
2013-02-25,4.409574864626407
2013-02-26,4.408711151246072
2013-02-27,4.407939439838136
2013-02-28,4.407259730402599
2013-03-01,4.416708022215647
2013-03-04,4.416095066162043
2013-03-05,4.415428875448302
2013-03-06,4.4147094500744215
2013-03-07,4.4139367900404025
2013-03-08,4.413110895346246
2013-03-11,4.41223176599195
2013-03-12,4.411299401977517
2013-03-13,4.4103138033029445
2013-03-14,4.409274969968234
2013-03-15,4.408182901973385
2013-03-18,4.4070375993183974
2013-03-19,4.405839062003272
2013-03-20,4.404587290028007
2013-03-21,4.403282283392605
2013-03-22,4.401924042097064
2013-03-25,4.400512566141384
2013-03-26,4.399047855525566
2013-03-27,4.39752991024961
2013-03-28,4.395958730313516
2013-03-29,4.394334315717283
2013-04-01,4.388526420458492
2013-04-02,4.386928313692311
2013-04-03,4.385333492631943
2013-04-04,4.383741957277385
2013-04-05,4.382153707628639
2013-04-08,4.3805687436857035
2013-04-09,4.378987065448579
2013-04-10,4.377408672917266
2013-04-11,4.375833566091764
2013-04-12,4.374261744972072
2013-04-15,4.372693209558192
2013-04-16,4.371127959850123
2013-04-17,4.369565995847866
2013-04-18,4.368007317551419
2013-04-19,4.366451924960783
2013-04-22,4.364899818075959
2013-04-23,4.363350996896945
2013-04-24,4.361805461423743
2013-04-25,4.360263211656352
2013-04-26,4.358724247594772
2013-04-29,4.357188569239002
2013-04-30,4.3556561765890445
2013-05-01,4.342018764517162
2013-05-02,4.340697118277958
2013-05-03,4.339516449833082
2013-05-06,4.338476759182533
2013-05-07,4.337578046326311
2013-05-08,4.336820311264418
2013-05-09,4.336203553996853
2013-05-10,4.3357277745236145
2013-05-13,4.335392972844704
2013-05-14,4.335199148960122
2013-05-15,4.335146302869867
2013-05-16,4.335234434573939
2013-05-17,4.33546354407234
2013-05-20,4.335833631365068
2013-05-21,4.336344696452124
2013-05-22,4.336996739333507
2013-05-23,4.337789760009218
2013-05-24,4.338723758479257
2013-05-27,4.339798734743623
2013-05-28,4.341014688802318
2013-05-29,4.3423716206553395
2013-05-30,4.343869530302689
2013-05-31,4.345508417744366
2013-06-03,4.3697678839940055
2013-06-04,4.3716652543504475
2013-06-05,4.373413150041926
2013-06-06,4.375011571068439
2013-06-07,4.376460517429989
2013-06-10,4.3777599891265755
2013-06-11,4.378909986158198
2013-06-12,4.379910508524857
2013-06-13,4.380761556226552
2013-06-14,4.381463129263282
2013-06-17,4.382015227635049
2013-06-18,4.3824178513418515
2013-06-19,4.382671000383691
2013-06-20,4.382774674760566
2013-06-21,4.382728874472478
2013-06-24,4.382533599519425
2013-06-25,4.382188849901409
2013-06-26,4.381694625618429
2013-06-27,4.3810509266704845
2013-06-28,4.380257753057577
2013-07-01,4.362997347638225
2013-07-02,4.362250825858361
2013-07-03,4.361577476453302
2013-07-04,4.360977299423051
2013-07-05,4.360450294767606
2013-07-08,4.359996462486968
2013-07-09,4.3596158025811365
2013-07-10,4.359308315050111
2013-07-11,4.3590739998938925
2013-07-12,4.358912857112481
2013-07-15,4.358824886705876
2013-07-16,4.358810088674077
2013-07-17,4.358868463017085
2013-07-18,4.3590000097349
2013-07-19,4.359204728827521
2013-07-22,4.359482620294949
2013-07-23,4.3598336841371825
2013-07-24,4.360257920354224
2013-07-25,4.360755328946071
2013-07-26,4.3613259099127255
2013-07-29,4.361969663254186
2013-07-30,4.362686588970454
2013-07-31,4.363476687061528
2013-08-01,4.376873215286757
2013-08-02,4.377700266077119
2013-08-05,4.378451857625331
2013-08-06,4.379127989931393
2013-08-07,4.379728662995306
2013-08-08,4.380253876817069
2013-08-09,4.380703631396682
2013-08-12,4.381077926734146
2013-08-13,4.3813767628294595
2013-08-14,4.381600139682623
2013-08-15,4.381748057293637
2013-08-16,4.381820515662502
2013-08-19,4.381817514789217
2013-08-20,4.381739054673782
2013-08-21,4.381585135316198
2013-08-22,4.381355756716463
2013-08-23,4.381050918874579
2013-08-26,4.380670621790546
2013-08-27,4.380214865464362
2013-08-28,4.3796836498960285
2013-08-29,4.379076975085546
2013-08-30,4.378394841032914
2013-09-02,4.3676968914232575
2013-09-03,4.366955692930744
2013-09-04,4.366266965111679
2013-09-05,4.365630707966062
2013-09-06,4.365046921493894
2013-09-09,4.364515605695174
2013-09-10,4.3640367605699035
2013-09-11,4.363610386118081
2013-09-12,4.363236482339707
2013-09-13,4.362915049234783
2013-09-16,4.362646086803306
2013-09-17,4.362429595045278
2013-09-18,4.362265573960698
2013-09-19,4.362154023549568
2013-09-20,4.3620949438118855
2013-09-23,4.362088334747652
2013-09-24,4.362134196356867
2013-09-25,4.36223252863953
2013-09-26,4.362383331595643
2013-09-27,4.362586605225204
2013-09-30,4.362842349528213
2013-10-01,4.370478191341855
2013-10-02,4.3707199098103064
2013-10-03,4.370921933073052
2013-10-04,4.371084261130092
2013-10-07,4.371206893981427
2013-10-08,4.371289831627055
2013-10-09,4.371333074066978
2013-10-10,4.371336621301195
2013-10-11,4.371300473329707
2013-10-14,4.371224630152512
2013-10-15,4.371109091769612
2013-10-16,4.370953858181006
2013-10-17,4.370758929386695
2013-10-18,4.370524305386677
2013-10-21,4.370249986180955
2013-10-22,4.369935971769526
2013-10-23,4.369582262152392
2013-10-24,4.369188857329552
2013-10-25,4.368755757301005
2013-10-28,4.368282962066754
2013-10-29,4.367770471626796
2013-10-30,4.367218285981133
2013-10-31,4.3666264051297645
2013-11-01,4.365987389916232
2013-11-04,4.365247720840356
2013-11-05,4.364460108846354
2013-11-06,4.363624553934224
2013-11-07,4.362741056103968
2013-11-08,4.361809615355585
2013-11-11,4.360830231689074
2013-11-12,4.359802905104437
2013-11-13,4.358727635601673
2013-11-14,4.3576044231807805
2013-11-15,4.356433267841762
2013-11-18,4.355214169584617
2013-11-19,4.353947128409343
2013-11-20,4.352632144315944
2013-11-21,4.351269217304417
2013-11-22,4.349858347374764
2013-11-25,4.348399534526983
2013-11-26,4.346892778761075
2013-11-27,4.34533808007704
2013-11-28,4.343735438474878
2013-11-29,4.3420848539545895
2013-12-02,4.331419605964109
2013-12-03,4.329866476982353
2013-12-04,4.328381540664602
2013-12-05,4.326964797010858
2013-12-06,4.3256162460211165
2013-12-09,4.324335887695382
2013-12-10,4.323123722033651
2013-12-11,4.321979749035926
2013-12-12,4.320903968702207
2013-12-13,4.319896381032492
2013-12-16,4.318956986026782
2013-12-17,4.318085783685078
2013-12-18,4.317282774007379
2013-12-19,4.316547956993684
2013-12-20,4.315881332643995
2013-12-23,4.3152829009583105
2013-12-24,4.314752661936631
2013-12-25,4.314290615578957
2013-12-26,4.313896761885289
2013-12-27,4.313571100855625
2013-12-30,4.313313632489966
2013-12-31,4.313124356788313
2014-01-01,4.315083799947528
2014-01-02,4.31500674974768
2014-01-03,4.314968467905737
2014-01-06,4.314968954421696
2014-01-07,4.315008209295558
2014-01-08,4.3150862325273245
2014-01-09,4.315203024116994
2014-01-10,4.315358584064567
2014-01-13,4.315552912370043
2014-01-14,4.315786009033423
2014-01-15,4.316057874054706
2014-01-16,4.316368507433892
2014-01-17,4.316717909170982
2014-01-20,4.317106079265975
2014-01-21,4.317533017718871
2014-01-22,4.317998724529671
2014-01-23,4.318503199698374
2014-01-24,4.31904644322498
2014-01-27,4.31962845510949
2014-01-28,4.320249235351904
2014-01-29,4.32090878395222
2014-01-30,4.32160710091044
2014-01-31,4.322344186226563
2014-02-03,4.330627196140023
2014-02-04,4.331458715809238
2014-02-05,4.332229523422538
2014-02-06,4.332939618979922
2014-02-07,4.33358900248139
2014-02-10,4.334177673926943
2014-02-11,4.33470563331658
2014-02-12,4.335172880650302
2014-02-13,4.335579415928108
2014-02-14,4.335925239149999
2014-02-17,4.336210350315974
2014-02-18,4.336434749426034
2014-02-19,4.336598436480178
2014-02-20,4.336701411478406
2014-02-21,4.336743674420719
2014-02-24,4.336725225307116
2014-02-25,4.3366460641375975
2014-02-26,4.336506190912163
2014-02-27,4.336305605630814
2014-02-28,4.336044308293549
2014-03-03,4.328616604826344
2014-03-04,4.328351874794417
2014-03-05,4.3281290903431175
2014-03-06,4.327948251472445
2014-03-07,4.327809358182398
2014-03-10,4.327712410472978
2014-03-11,4.327657408344185
2014-03-12,4.327644351796018
2014-03-13,4.327673240828479
2014-03-14,4.327744075441565
2014-03-17,4.327856855635279
2014-03-18,4.328011581409619
2014-03-19,4.328208252764585
2014-03-20,4.328446869700179
2014-03-21,4.328727432216398
2014-03-24,4.329049940313245
2014-03-25,4.329414393990718
2014-03-26,4.3298207932488175
2014-03-27,4.330269138087544
2014-03-28,4.330759428506897
2014-03-31,4.331291664506877
2014-04-01,4.335617775275932
2014-04-02,4.3361572990661585
2014-04-03,4.3366882642287585
2014-04-04,4.337210670763732
2014-04-07,4.337724518671081
2014-04-08,4.338229807950803
2014-04-09,4.3387265386029
2014-04-10,4.339214710627371
2014-04-11,4.339694324024217
2014-04-14,4.3401653787934364
2014-04-15,4.340627874935031
2014-04-16,4.341081812448999
2014-04-17,4.341527191335341
2014-04-18,4.341964011594057
2014-04-21,4.3423922732251485
2014-04-22,4.342811976228614
2014-04-23,4.343223120604453
2014-04-24,4.343625706352666
2014-04-25,4.344019733473254
2014-04-28,4.344405201966216
2014-04-29,4.344782111831552
2014-04-30,4.345150463069263
2014-05-01,4.346439030688255
2014-05-02,4.346778727092963
2014-05-05,4.347098327292295
2014-05-06,4.347397831286251
2014-05-07,4.347677239074832
2014-05-08,4.347936550658036
2014-05-09,4.3481757660358635
2014-05-12,4.348394885208315
2014-05-13,4.348593908175391
2014-05-14,4.34877283493709
2014-05-15,4.348931665493414
2014-05-16,4.349070399844361
2014-05-19,4.349189037989932
2014-05-20,4.3492875799301265
2014-05-21,4.349366025664946
2014-05-22,4.349424375194388
2014-05-23,4.349462628518454
2014-05-26,4.3494807856371445
2014-05-27,4.349478846550459
2014-05-28,4.3494568112583964
2014-05-29,4.349414679760959
2014-05-30,4.349352452058144
2014-06-02,4.348321010633897
2014-06-03,4.348225622169923
2014-06-04,4.348121089336271
2014-06-05,4.348007412132939
2014-06-06,4.3478845905599295
2014-06-09,4.347752624617241
2014-06-10,4.347611514304874
2014-06-11,4.347461259622828
2014-06-12,4.347301860571103
2014-06-13,4.3471333171497
2014-06-16,4.346955629358617
2014-06-17,4.346768797197856
2014-06-18,4.346572820667416
2014-06-19,4.346367699767297
2014-06-20,4.3461534344975
2014-06-23,4.345930024858024
2014-06-24,4.34569747084887
2014-06-25,4.345455772470036
2014-06-26,4.345204929721524
2014-06-27,4.344944942603332
2014-06-30,4.344675811115462
2014-07-01,4.342334165976256
2014-07-02,4.3420960525775705
2014-07-03,4.341873903737092
2014-07-04,4.34166771945482
2014-07-07,4.341477499730757
2014-07-08,4.341303244564899
2014-07-09,4.341144953957248
2014-07-10,4.3410026279078044
2014-07-11,4.340876266416568
2014-07-14,4.340765869483538
2014-07-15,4.340671437108715
2014-07-16,4.340592969292099
2014-07-17,4.34053046603369
2014-07-18,4.340483927333488
2014-07-21,4.340453353191493
2014-07-22,4.340438743607705
2014-07-23,4.340440098582124
2014-07-24,4.340457418114749
2014-07-25,4.340490702205582
2014-07-28,4.340539950854621
2014-07-29,4.340605164061868
2014-07-30,4.340686341827322
2014-07-31,4.340783484150982
2014-08-01,4.348229476562391
2014-08-04,4.348272592550537
2014-08-05,4.348234945560973
2014-08-06,4.3481165355937
2014-08-07,4.347917362648719
2014-08-08,4.347637426726028
2014-08-11,4.347276727825627
2014-08-12,4.346835265947518
2014-08-13,4.346313041091699
2014-08-14,4.345710053258172
2014-08-15,4.345026302446935
2014-08-18,4.344261788657989
2014-08-19,4.343416511891334
2014-08-20,4.342490472146969
2014-08-21,4.341483669424896
2014-08-22,4.340396103725113
2014-08-25,4.339227775047622
2014-08-26,4.3379786833924205
2014-08-27,4.33664882875951
2014-08-28,4.335238211148892
2014-08-29,4.333746830560563
2014-09-01,4.321400701728929
2014-09-02,4.319960728518993
2014-09-03,4.318581464593973
2014-09-04,4.317262909953872
2014-09-05,4.316005064598687
2014-09-08,4.3148079285284195
2014-09-09,4.3136715017430705
2014-09-10,4.312595784242638
2014-09-11,4.311580776027123
2014-09-12,4.310626477096526
2014-09-15,4.309732887450846
2014-09-16,4.308900007090083
2014-09-17,4.308127836014237
2014-09-18,4.30741637422331
2014-09-19,4.306765621717299
2014-09-22,4.306175578496206
2014-09-23,4.30564624456003
2014-09-24,4.305177619908772
2014-09-25,4.304769704542431
2014-09-26,4.304422498461007
2014-09-29,4.304136001664501
2014-09-30,4.303910214152912
2014-10-01,4.319155272424962
2014-10-02,4.318877832303338
2014-10-03,4.318480852972557
2014-10-06,4.317964334432618
2014-10-07,4.317328276683525
2014-10-08,4.316572679725274
2014-10-09,4.315697543557866
2014-10-10,4.314702868181303
2014-10-13,4.313588653595583
2014-10-14,4.312354899800707
2014-10-15,4.311001606796673
2014-10-16,4.309528774583484
2014-10-17,4.307936403161138
2014-10-20,4.306224492529635
2014-10-21,4.304393042688976
2014-10-22,4.302442053639161
2014-10-23,4.300371525380188
2014-10-24,4.29818145791206
2014-10-27,4.295871851234775
2014-10-28,4.293442705348334
2014-10-29,4.290894020252736
2014-10-30,4.288225795947982
2014-10-31,4.285438032434071
2014-11-03,4.2634539725400495
2014-11-04,4.260235976800416
2014-11-05,4.257143383452677
2014-11-06,4.254176192496832
2014-11-07,4.25133440393288
2014-11-10,4.248618017760823
2014-11-11,4.24602703398066
2014-11-12,4.243561452592391
2014-11-13,4.2412212735960155
2014-11-14,4.239006496991534
2014-11-17,4.236917122778947
2014-11-18,4.234953150958255
2014-11-19,4.233114581529455
2014-11-20,4.2314014144925505
2014-11-21,4.229813649847539
2014-11-24,4.228351287594423
2014-11-25,4.2270143277332
2014-11-26,4.225802770263871
2014-11-27,4.224716615186437
2014-11-28,4.223755862500896
2014-12-01,4.224205201382993
2014-12-02,4.223559594473893
2014-12-03,4.222994772215387
2014-12-04,4.222510734607473
2014-12-05,4.222107481650153
2014-12-08,4.221785013343425
2014-12-09,4.22154332968729
2014-12-10,4.221382430681749
2014-12-11,4.221302316326801
2014-12-12,4.221302986622445
2014-12-15,4.2213844415686825
2014-12-16,4.221546681165513
2014-12-17,4.221789705412937
2014-12-18,4.222113514310954
2014-12-19,4.222518107859563
2014-12-22,4.223003486058766
2014-12-23,4.223569648908562
2014-12-24,4.224216596408951
2014-12-25,4.224944328559933
2014-12-26,4.225752845361507
2014-12-29,4.226642146813675
2014-12-30,4.227612232916436
2014-12-31,4.22866310366979
2015-01-01,4.241282318989665
2015-01-02,4.242411341334955
2015-01-05,4.243486291739589
2015-01-06,4.244507170203567
2015-01-07,4.245473976726891
2015-01-08,4.24638671130956
2015-01-09,4.247245373951573
2015-01-12,4.248049964652932
2015-01-13,4.248800483413635
2015-01-14,4.249496930233683
2015-01-15,4.250139305113076
2015-01-16,4.250727608051814
2015-01-19,4.251261839049896
2015-01-20,4.251741998107323
2015-01-21,4.2521680852240955
2015-01-22,4.252540100400212
2015-01-23,4.2528580436356735
2015-01-26,4.253121914930481
2015-01-27,4.253331714284632
2015-01-28,4.2534874416981285
2015-01-29,4.253589097170969
2015-01-30,4.253636680703155
2015-02-02,4.250086084069043
2015-02-03,4.2500667812946515
2015-02-04,4.250035312995184
2015-02-05,4.249991679170641
2015-02-06,4.249935879821023
2015-02-09,4.249867914946329
2015-02-10,4.24978778454656
2015-02-11,4.249695488621715
2015-02-12,4.249591027171794
2015-02-13,4.249474400196799
2015-02-16,4.249345607696727
2015-02-17,4.249204649671579
2015-02-18,4.249051526121357
2015-02-19,4.248886237046059
2015-02-20,4.248708782445685
2015-02-23,4.248519162320236
2015-02-24,4.2483173766697115
2015-02-25,4.248103425494111
2015-02-26,4.247877308793435
2015-02-27,4.2476390265676836
2015-03-02,4.2453050818621865
2015-03-03,4.245093375672879
2015-03-04,4.244897643067743
2015-03-05,4.244717884046779
2015-03-06,4.244554098609987
2015-03-09,4.244406286757367
2015-03-10,4.244274448488918
2015-03-11,4.244158583804641
2015-03-12,4.2440586927045345
2015-03-13,4.243974775188601
2015-03-16,4.243906831256839
2015-03-17,4.243854860909249
2015-03-18,4.24381886414583
2015-03-19,4.2437988409665826
2015-03-20,4.243794791371507
2015-03-23,4.243806715360604
2015-03-24,4.243834612933872
2015-03-25,4.2438784840913115
2015-03-26,4.243938328832923
2015-03-27,4.244014147158706
2015-03-30,4.24410593906866
2015-03-31,4.244213704562787
2015-04-01,4.248811400025431
2015-04-02,4.248895535589959
2015-04-03,4.248940067640716
2015-04-06,4.248944996177703
2015-04-07,4.24891032120092
2015-04-08,4.248836042710365
2015-04-09,4.24872216070604
2015-04-10,4.248568675187945
2015-04-13,4.2483755861560795
2015-04-14,4.248142893610443
2015-04-15,4.247870597551036
2015-04-16,4.247558697977859
2015-04-17,4.247207194890911
2015-04-20,4.246816088290193
2015-04-21,4.246385378175704
2015-04-22,4.245915064547445
2015-04-23,4.245405147405416
2015-04-24,4.244855626749615
2015-04-27,4.244266502580045
2015-04-28,4.243637774896704
2015-04-29,4.242969443699592
2015-04-30,4.24226150898871
2015-05-01,4.239712090891547
2015-05-04,4.238909810133371
2015-05-05,4.238088383899988
2015-05-06,4.237247812191398
2015-05-07,4.236388095007601
2015-05-08,4.235509232348597
2015-05-11,4.234611224214386
2015-05-12,4.233694070604969
2015-05-13,4.232757771520344
2015-05-14,4.231802326960512
2015-05-15,4.230827736925474
2015-05-18,4.229834001415229
2015-05-19,4.228821120429776
2015-05-20,4.227789093969117
2015-05-21,4.2267379220332515
2015-05-22,4.225667604622179
2015-05-25,4.2245781417359
2015-05-26,4.223469533374413
2015-05-27,4.222341779537719
2015-05-28,4.221194880225819
2015-05-29,4.220028835438711
2015-06-01,4.211624389730118
2015-06-02,4.210565645542187
2015-06-03,4.209579475143988
2015-06-04,4.20866587853552
2015-06-05,4.207824855716785
2015-06-08,4.207056406687782
2015-06-09,4.206360531448511
2015-06-10,4.205737229998972
2015-06-11,4.205186502339164
2015-06-12,4.20470834846909
2015-06-15,4.2043027683887475
2015-06-16,4.203969762098136
2015-06-17,4.203709329597258
2015-06-18,4.203521470886112
2015-06-19,4.203406185964697
2015-06-22,4.203363474833014
2015-06-23,4.203393337491065
2015-06-24,4.203495773938846
2015-06-25,4.20367078417636
2015-06-26,4.203918368203606
2015-06-29,4.204238526020584
2015-06-30,4.204631257627294
2015-07-01,4.20966262734918
2015-07-02,4.210122088558181
2015-07-03,4.210595936249151
2015-07-06,4.211084170422089
2015-07-07,4.211586791076998
2015-07-08,4.212103798213875
2015-07-09,4.212635191832722
2015-07-10,4.213180971933537
2015-07-13,4.213741138516322
2015-07-14,4.214315691581075
2015-07-15,4.214904631127798
2015-07-16,4.21550795715649
2015-07-17,4.216125669667151
2015-07-20,4.216757768659781
2015-07-21,4.21740425413438
2015-07-22,4.2180651260909485
2015-07-23,4.218740384529486
2015-07-24,4.219430029449993
2015-07-27,4.220134060852469
2015-07-28,4.220852478736913
2015-07-29,4.221585283103327
2015-07-30,4.22233247395171
2015-07-31,4.223094051282062
2015-08-03,4.22231295055023
2015-08-04,4.223201816027308
2015-08-05,4.224129681853684
2015-08-06,4.225096548029358
2015-08-07,4.226102414554329
2015-08-10,4.227147281428598
2015-08-11,4.228231148652164
2015-08-12,4.229354016225029
2015-08-13,4.2305158841471915
2015-08-14,4.231716752418651
2015-08-17,4.232956621039409
2015-08-18,4.234235490009464
2015-08-19,4.235553359328818
2015-08-20,4.236910228997468
2015-08-21,4.238306099015417
2015-08-24,4.239740969382662
2015-08-25,4.2412148400992065
2015-08-26,4.242727711165048
2015-08-27,4.244279582580187
2015-08-28,4.245870454344624
2015-08-31,4.2475003264583595
2015-09-01,4.258403418468359
2015-09-02,4.259916779392145
2015-09-03,4.261350486615913
2015-09-04,4.262704540139664
2015-09-07,4.263978939963398
2015-09-08,4.265173686087113
2015-09-09,4.266288778510812
2015-09-10,4.267324217234492
2015-09-11,4.268280002258155
2015-09-14,4.2691561335818005
2015-09-15,4.2699526112054285
2015-09-16,4.270669435129038
2015-09-17,4.271306605352631
2015-09-18,4.271864121876206
2015-09-21,4.2723419846997635
2015-09-22,4.272740193823303
2015-09-23,4.273058749246825
2015-09-24,4.2732976509703295
2015-09-25,4.273456898993817
2015-09-28,4.273536493317287
2015-09-29,4.2735364339407385
2015-09-30,4.273456720864172
2015-10-01,4.26875013120716
2015-10-02,4.268567597971309
2015-10-05,4.268361898276192
2015-10-06,4.268133032121808
2015-10-07,4.267880999508157
2015-10-08,4.267605800435239
2015-10-09,4.267307434903054
2015-10-12,4.266985902911602
2015-10-13,4.266641204460884
2015-10-14,4.2662733395508985
2015-10-15,4.265882308181646
2015-10-16,4.265468110353127
2015-10-19,4.2650307460653405
2015-10-20,4.264570215318288
2015-10-21,4.264086518111967
2015-10-22,4.263579654446381
2015-10-23,4.263049624321527
2015-10-26,4.262496427737406
2015-10-27,4.261920064694018
2015-10-28,4.261320535191364
2015-10-29,4.260697839229442
2015-10-30,4.260051976808254
2015-11-02,4.253379761558806
2015-11-03,4.25273508812122
2015-11-04,4.252146628644619
2015-11-05,4.251614383129004
2015-11-06,4.251138351574374
2015-11-09,4.250718533980731
2015-11-10,4.250354930348072
2015-11-11,4.2500475406764
2015-11-12,4.249796364965713
2015-11-13,4.249601403216012
2015-11-16,4.249462655427296
2015-11-17,4.2493801215995655
2015-11-18,4.249353801732822
2015-11-19,4.2493836958270625
2015-11-20,4.24946980388229
2015-11-23,4.249612125898502
2015-11-24,4.249810661875701
2015-11-25,4.2500654118138845
2015-11-26,4.250376375713055
2015-11-27,4.250743553573209
2015-11-30,4.25116694539435
2015-12-01,4.250412138395659
2015-12-02,4.250910674753239
2015-12-03,4.251469846536893
2015-12-04,4.25208965374662
2015-12-07,4.25277009638242
2015-12-08,4.253511174444293
2015-12-09,4.25431288793224
2015-12-10,4.255175236846261
2015-12-11,4.256098221186355
2015-12-14,4.257081840952522
2015-12-15,4.258126096144762
2015-12-16,4.259230986763076
2015-12-17,4.260396512807463
2015-12-18,4.261622674277924
2015-12-21,4.262909471174458
2015-12-22,4.264256903497065
2015-12-23,4.265664971245746
2015-12-24,4.2671336744205
2015-12-25,4.268663013021327
2015-12-28,4.270252987048228
2015-12-29,4.271903596501202
2015-12-30,4.273614841380249
2015-12-31,4.27538672168537
2016-01-01,4.286618697998291
2016-01-04,4.288571517031308
2016-01-05,4.290470114058414
2016-01-06,4.292314489079612
2016-01-07,4.294104642094898
2016-01-08,4.295840573104275
2016-01-11,4.2975222821077415
2016-01-12,4.2991497691052984
2016-01-13,4.3007230340969445
2016-01-14,4.302242077082681
2016-01-15,4.303706898062508
2016-01-18,4.3051174970364245
2016-01-19,4.306473874004431
2016-01-20,4.3077760289665274
2016-01-21,4.309023961922714
2016-01-22,4.31021767287299
2016-01-25,4.311357161817356
2016-01-26,4.312442428755812
2016-01-27,4.313473473688358
2016-01-28,4.314450296614995
2016-01-29,4.31537289753572
2016-02-01,4.314306105508793
2016-02-02,4.315146651112359
2016-02-03,4.315959363404676
2016-02-04,4.316744242385742
2016-02-05,4.317501288055558
2016-02-08,4.318230500414124
2016-02-09,4.318931879461441
2016-02-10,4.319605425197508
2016-02-11,4.320251137622324
2016-02-12,4.320869016735891
2016-02-15,4.321459062538207
2016-02-16,4.322021275029274
2016-02-17,4.322555654209092
2016-02-18,4.323062200077659
2016-02-19,4.323540912634976
2016-02-22,4.323991791881043
2016-02-23,4.32441483781586
2016-02-24,4.324810050439427
2016-02-25,4.325177429751745
2016-02-26,4.325516975752812
2016-02-29,4.3258286884426305
2016-03-01,4.322456458176426
2016-03-02,4.322733864409497
2016-03-03,4.323029482660425
2016-03-04,4.323343312929211
2016-03-07,4.323675355215854
2016-03-08,4.324025609520354
2016-03-09,4.3243940758427115
2016-03-10,4.3247807541829255
2016-03-11,4.325185644540998
2016-03-14,4.325608746916926
2016-03-15,4.3260500613107125
2016-03-16,4.326509587722356
2016-03-17,4.3269873261518565
2016-03-18,4.327483276599214
2016-03-21,4.327997439064429
2016-03-22,4.328529813547501
2016-03-23,4.32908040004843
2016-03-24,4.329649198567217
2016-03-25,4.330236209103861
2016-03-28,4.330841431658362
2016-03-29,4.33146486623072
2016-03-30,4.3321065128209355
2016-03-31,4.332766371429008
2016-04-01,4.335310974741625
2016-04-04,4.33605046553098
2016-04-05,4.336786798328911
2016-04-06,4.337519973135416
2016-04-07,4.338249989950497
2016-04-08,4.338976848774152
2016-04-11,4.339700549606383
2016-04-12,4.340421092447189
2016-04-13,4.341138477296569
2016-04-14,4.341852704154525
2016-04-15,4.342563773021056
2016-04-18,4.3432716838961625
2016-04-19,4.343976436779843
2016-04-20,4.3446780316721
2016-04-21,4.345376468572931
2016-04-22,4.346071747482337
2016-04-25,4.346763868400319
2016-04-26,4.347452831326875
2016-04-27,4.348138636262006
2016-04-28,4.348821283205713
2016-04-29,4.349500772157995
2016-05-02,4.346220817824997
2016-05-03,4.346912485079362
2016-05-04,4.347650230943638
2016-05-05,4.348434055417825
2016-05-06,4.349263958501923
2016-05-09,4.350139940195931
2016-05-10,4.351062000499851
2016-05-11,4.352030139413681
2016-05-12,4.3530443569374215
2016-05-13,4.354104653071074
2016-05-16,4.3552110278146365
2016-05-17,4.356363481168111
2016-05-18,4.357562013131496
2016-05-19,4.358806623704791
2016-05-20,4.360097312887997
2016-05-23,4.361434080681114
2016-05-24,4.362816927084142
2016-05-25,4.364245852097082
2016-05-26,4.365720855719932
2016-05-27,4.367241937952692
2016-05-30,4.3688090987953645
2016-05-31,4.370422338247947
2016-06-01,4.378746427663824
2016-06-02,4.380369032145503
2016-06-03,4.381954923046368
2016-06-06,4.383504100366418
2016-06-07,4.385016564105654
2016-06-08,4.386492314264075
2016-06-09,4.387931350841682
2016-06-10,4.3893336738384745
2016-06-13,4.390699283254453
2016-06-14,4.392028179089617
2016-06-15,4.393320361343966
2016-06-16,4.3945758300175015
2016-06-17,4.395794585110222
2016-06-20,4.396976626622129
2016-06-21,4.39812195455322
2016-06-22,4.399230568903498
2016-06-23,4.400302469672961
2016-06-24,4.40133765686161
2016-06-27,4.402336130469444
2016-06-28,4.403297890496464
2016-06-29,4.40422293694267
2016-06-30,4.405111269808061
2016-07-01,4.402906865949196
2016-07-04,4.403800686576732
2016-07-05,4.404696155247961
2016-07-06,4.405593271962883
2016-07-07,4.4064920367215
2016-07-08,4.407392449523809
2016-07-11,4.408294510369812
2016-07-12,4.409198219259508
2016-07-13,4.410103576192898
2016-07-14,4.411010581169981
2016-07-15,4.411919234190758
2016-07-18,4.412829535255228
2016-07-19,4.413741484363391
2016-07-20,4.414655081515248
2016-07-21,4.415570326710798
2016-07-22,4.416487219950042
2016-07-25,4.417405761232979
2016-07-26,4.418325950559609
2016-07-27,4.419247787929933
2016-07-28,4.420171273343951
2016-07-29,4.421096406801661
2016-08-01,4.4263339077207835
2016-08-02,4.42713202955223
2016-08-03,4.427882081409495
2016-08-04,4.428584063292576
2016-08-05,4.429237975201475
2016-08-08,4.429843817136191
2016-08-09,4.430401589096724
2016-08-10,4.430911291083074
2016-08-11,4.431372923095242
2016-08-12,4.431786485133226
2016-08-15,4.4321519771970275
2016-08-16,4.432469399286647
2016-08-17,4.432738751402082
2016-08-18,4.432960033543336
2016-08-19,4.4331332457104065
2016-08-22,4.433258387903294
2016-08-23,4.433335460121999
2016-08-24,4.433364462366521
2016-08-25,4.43334539463686
2016-08-26,4.433278256933017
2016-08-29,4.433163049254991
2016-08-30,4.432999771602781
2016-08-31,4.4327884239763895
2016-09-01,4.428278883925521
2016-09-02,4.428007849384371
2016-09-05,4.4277369896117635
2016-09-06,4.427466304607698
2016-09-07,4.427195794372175
2016-09-08,4.4269254589051945
2016-09-09,4.4266552982067555
2016-09-12,4.426385312276859
2016-09-13,4.426115501115505
2016-09-14,4.425845864722693
2016-09-15,4.4255764030984235
2016-09-16,4.425307116242696
2016-09-19,4.4250380041555095
2016-09-20,4.424769066836867
2016-09-21,4.424500304286766
2016-09-22,4.424231716505207
2016-09-23,4.42396330349219
2016-09-26,4.423695065247716
2016-09-27,4.423427001771783
2016-09-28,4.4231591130643935
2016-09-29,4.422891399125546
2016-09-30,4.42262385995524
2016-10-03,4.425357106578858
2016-10-04,4.425036198157413
2016-10-05,4.424674477354466
2016-10-06,4.424271944170017
2016-10-07,4.423828598604065
2016-10-10,4.423344440656613
2016-10-11,4.422819470327656
2016-10-12,4.422253687617199
2016-10-13,4.421647092525239
2016-10-14,4.420999685051777
2016-10-17,4.420311465196813
2016-10-18,4.419582432960347
2016-10-19,4.418812588342379
2016-10-20,4.418001931342908
2016-10-21,4.417150461961936
2016-10-24,4.416258180199461
2016-10-25,4.415325086055484
2016-10-26,4.414351179530005
2016-10-27,4.413336460623023
2016-10-28,4.412280929334541
2016-10-31,4.411184585664555
2016-11-01,4.414108191730227
2016-11-02,4.412935422408329
2016-11-03,4.411675350904589
2016-11-04,4.410327977219007
2016-11-07,4.408893301351584
2016-11-08,4.407371323302318
2016-11-09,4.40576204307121
2016-11-10,4.404065460658261
2016-11-11,4.40228157606347
2016-11-14,4.400410389286837
2016-11-15,4.398451900328363
2016-11-16,4.396406109188046
2016-11-17,4.394273015865887
2016-11-18,4.392052620361887
2016-11-21,4.389744922676045
2016-11-22,4.387349922808361
2016-11-23,4.384867620758835
2016-11-24,4.382298016527467
2016-11-25,4.379641110114258
2016-11-28,4.376896901519206
2016-11-29,4.374065390742313
2016-11-30,4.371146577783579
2016-12-01,4.349762789973959
2016-12-02,4.346897666721963
2016-12-05,4.344173535358548
2016-12-06,4.341590395883715
2016-12-07,4.339148248297462
2016-12-08,4.336847092599791
2016-12-09,4.3346869287907
2016-12-12,4.33266775687019
2016-12-13,4.330789576838262
2016-12-14,4.329052388694914
2016-12-15,4.327456192440148
2016-12-16,4.326000988073963
2016-12-19,4.3246867755963585
2016-12-20,4.3235135550073345
2016-12-21,4.322481326306892
2016-12-22,4.321590089495031
2016-12-23,4.3208398445717515
2016-12-26,4.320230591537052
2016-12-27,4.319762330390934
2016-12-28,4.3194350611333965
2016-12-29,4.319248783764441
2016-12-30,4.319203498284066
2017-01-02,4.329324156791632
2017-01-03,4.329436321521968
2017-01-04,4.329564944574432
2017-01-05,4.329710025949026
2017-01-06,4.3298715656457505
2017-01-09,4.330049563664603
2017-01-10,4.330244020005585
2017-01-11,4.330454934668697
2017-01-12,4.330682307653938
2017-01-13,4.330926138961308
2017-01-16,4.331186428590808
2017-01-17,4.331463176542437
2017-01-18,4.331756382816195
2017-01-19,4.332066047412083
2017-01-20,4.332392170330101
2017-01-23,4.332734751570247
2017-01-24,4.333093791132523
2017-01-25,4.333469289016928
2017-01-26,4.333861245223463
2017-01-27,4.334269659752127
2017-01-30,4.33469453260292
2017-01-31,4.335135863775843
2017-02-01,4.339005705214062
2017-02-02,4.339478232041521
2017-02-03,4.339919717251883
2017-02-06,4.340330160845147
2017-02-07,4.3407095628213135
2017-02-08,4.341057923180382
2017-02-09,4.341375241922353
2017-02-10,4.341661519047226
2017-02-13,4.341916754555001
2017-02-14,4.342140948445679
2017-02-15,4.342334100719259
2017-02-16,4.3424962113757415
2017-02-17,4.342627280415126
2017-02-20,4.3427273078374125
2017-02-21,4.342796293642602
2017-02-22,4.342834237830693
2017-02-23,4.342841140401687
2017-02-24,4.3428170013555825
2017-02-27,4.34276182069238
2017-02-28,4.342675598412081
2017-03-01,4.336420442510693
2017-03-02,4.336364851996448
2017-03-03,4.33635563957439
2017-03-06,4.336392805244519
2017-03-07,4.336476349006835
2017-03-08,4.336606270861338
2017-03-09,4.33678257080803
2017-03-10,4.337005248846907
2017-03-13,4.3372743049779725
2017-03-14,4.337589739201224
2017-03-15,4.337951551516664
2017-03-16,4.3383597419242905
2017-03-17,4.338814310424104
2017-03-20,4.339315257016105
2017-03-21,4.339862581700293
2017-03-22,4.3404562844766685
2017-03-23,4.341096365345232
2017-03-24,4.341782824305981
2017-03-27,4.342515661358918
2017-03-28,4.343294876504042
2017-03-29,4.344120469741354
2017-03-30,4.344992441070852
2017-03-31,4.345910790492538
2017-04-03,4.3590152367130415
2017-04-04,4.360004581744512
2017-04-05,4.3608738351665
2017-04-06,4.361622996979005
2017-04-07,4.362252067182027
2017-04-10,4.3627610457755654
2017-04-11,4.3631499327596215
2017-04-12,4.363418728134195
2017-04-13,4.363567431899285
2017-04-14,4.3635960440548915
2017-04-17,4.3635045646010155
2017-04-18,4.363292993537657
2017-04-19,4.362961330864815
2017-04-20,4.36250957658249
2017-04-21,4.361937730690682
2017-04-24,4.361245793189392
2017-04-25,4.360433764078618
2017-04-26,4.359501643358361
2017-04-27,4.358449431028621
2017-04-28,4.357277127089398
2017-05-01,4.343152675980106
2017-05-02,4.342084879334251
2017-05-03,4.341073108258808
2017-05-04,4.340117362753776
2017-05-05,4.339217642819155
2017-05-08,4.338373948454945
2017-05-09,4.337586279661147
2017-05-10,4.336854636437759
2017-05-11,4.336179018784784
2017-05-12,4.335559426702219
2017-05-15,4.334995860190065
2017-05-16,4.334488319248323
2017-05-17,4.334036803876992
2017-05-18,4.333641314076073
2017-05-19,4.333301849845564
2017-05-22,4.333018411185467
2017-05-23,4.332790998095781
2017-05-24,4.332619610576506
2017-05-25,4.332504248627643
2017-05-26,4.332444912249191
2017-05-29,4.3324416014411495
2017-05-30,4.33249431620352
2017-05-31,4.332603056536301
2017-06-01,4.341884084254999
2017-06-02,4.3420043858908475
2017-06-05,4.342072733900116
2017-06-06,4.3420891282828045
2017-06-07,4.342053569038913
2017-06-08,4.341966056168441
2017-06-09,4.341826589671389
2017-06-12,4.341635169547757
2017-06-13,4.341391795797545
2017-06-14,4.341096468420753
2017-06-15,4.340749187417381
2017-06-16,4.340349952787428
2017-06-19,4.339898764530896
2017-06-20,4.339395622647784
2017-06-21,4.338840527138092
2017-06-22,4.338233478001818
2017-06-23,4.3375744752389656
2017-06-26,4.336863518849533
2017-06-27,4.3361006088335206
2017-06-28,4.3352857451909275
2017-06-29,4.334418927921754
2017-06-30,4.333500157026001
2017-07-03,4.323119269784912
2017-07-04,4.322173294602922
2017-07-05,4.321298293738528
2017-07-06,4.320494267191731
2017-07-07,4.319761214962531
2017-07-10,4.319099137050928
2017-07-11,4.318508033456921
2017-07-12,4.317987904180512
2017-07-13,4.317538749221699
2017-07-14,4.317160568580483
2017-07-17,4.316853362256864
2017-07-18,4.316617130250841
2017-07-19,4.316451872562416
2017-07-20,4.316357589191586
2017-07-21,4.316334280138355
2017-07-24,4.3163819454027195
2017-07-25,4.316500584984681
2017-07-26,4.316690198884239
2017-07-27,4.316950787101394
2017-07-28,4.317282349636145
2017-07-31,4.317684886488495
2017-08-01,4.3277405734724965
2017-08-02,4.3281229327130335
2017-08-03,4.328455314908504
2017-08-04,4.328737720058909
2017-08-07,4.328970148164247
2017-08-08,4.32915259922452
2017-08-09,4.329285073239728
2017-08-10,4.329367570209869
2017-08-11,4.3294000901349445
2017-08-14,4.329382633014954
2017-08-15,4.329315198849898
2017-08-16,4.329197787639775
2017-08-17,4.329030399384587
2017-08-18,4.328813034084333
2017-08-21,4.328545691739014
2017-08-22,4.328228372348628
2017-08-23,4.327861075913177
2017-08-24,4.327443802432659
2017-08-25,4.326976551907076
2017-08-28,4.326459324336427
2017-08-29,4.325892119720711
2017-08-30,4.3252749380599305
2017-08-31,4.324607779354084
2017-09-01,4.319028917654985
2017-09-04,4.318249341397413
2017-09-05,4.3174756232761275
2017-09-06,4.316707763291126
2017-09-07,4.315945761442411
2017-09-08,4.31518961772998
2017-09-11,4.314439332153834
2017-09-12,4.313694904713975
2017-09-13,4.3129563354104
2017-09-14,4.31222362424311
2017-09-15,4.311496771212106
2017-09-18,4.310775776317387
2017-09-19,4.3100606395589525
2017-09-20,4.309351360936804
2017-09-21,4.308647940450941
2017-09-22,4.307950378101363
2017-09-25,4.307258673888069
2017-09-26,4.3065728278110615
2017-09-27,4.305892839870339
2017-09-28,4.305218710065901
2017-09-29,4.304550438397749
2017-10-02,4.301702645136426
2017-10-03,4.301103012506123
2017-10-04,4.30053605107139
2017-10-05,4.3000017608322265
2017-10-06,4.2995001417886325
2017-10-09,4.299031193940609
2017-10-10,4.298594917288155
2017-10-11,4.298191311831271
2017-10-12,4.297820377569956
2017-10-13,4.297482114504212
2017-10-16,4.297176522634038
2017-10-17,4.296903601959433
2017-10-18,4.296663352480397
2017-10-19,4.296455774196932
2017-10-20,4.2962808671090364
2017-10-23,4.296138631216711
2017-10-24,4.296029066519956
2017-10-25,4.29595217301877
2017-10-26,4.295907950713153
2017-10-27,4.295896399603107
2017-10-30,4.295917519688631
2017-10-31,4.295971310969724
2017-11-01,4.299501608555864
2017-11-02,4.2995779616677305
2017-11-03,4.2996442054148005
2017-11-06,4.2997003397970746
2017-11-07,4.299746364814553
2017-11-08,4.299782280467235
2017-11-09,4.29980808675512
2017-11-10,4.2998237836782085
2017-11-13,4.299829371236501
2017-11-14,4.2998248494299975
2017-11-15,4.299810218258697
2017-11-16,4.299785477722601
2017-11-17,4.299750627821708
2017-11-20,4.299705668556019
2017-11-21,4.299650599925533
2017-11-22,4.299585421930251
2017-11-23,4.299510134570173
2017-11-24,4.299424737845299
2017-11-27,4.299329231755628
2017-11-28,4.299223616301161
2017-11-29,4.299107891481897
2017-11-30,4.298982057297837
2017-12-01,4.29750910556843
2017-12-04,4.29737377898402
2017-12-05,4.297245542866381
2017-12-06,4.297124397215515
2017-12-07,4.29701034203142
2017-12-08,4.296903377314098
2017-12-11,4.296803503063548
2017-12-12,4.296710719279769
2017-12-13,4.296625025962763
2017-12-14,4.296546423112528
2017-12-15,4.296474910729066
2017-12-18,4.296410488812376
2017-12-19,4.296353157362458
2017-12-20,4.296302916379312
2017-12-21,4.296259765862938
2017-12-22,4.296223705813336
2017-12-25,4.296194736230506
2017-12-26,4.296172857114448
2017-12-27,4.296158068465162
2017-12-28,4.296150370282648
2017-12-29,4.296149762566906
2018-01-01,4.294136851710387
2018-01-02,4.294171623917936
2018-01-03,4.294235249299488
2018-01-04,4.29432772785504
2018-01-05,4.294449059584594
2018-01-08,4.294599244488149
2018-01-09,4.294778282565704
2018-01-10,4.294986173817261
2018-01-11,4.2952229182428185
2018-01-12,4.2954885158423775
2018-01-15,4.2957829666159375
2018-01-16,4.296106270563499
2018-01-17,4.296458427685061
2018-01-18,4.296839437980624
2018-01-19,4.297249301450188
2018-01-22,4.297688018093753
2018-01-23,4.298155587911319
2018-01-24,4.298652010902886
2018-01-25,4.2991772870684555
2018-01-26,4.299731416408025
2018-01-29,4.300314398921595
2018-01-30,4.300926234609166
2018-01-31,4.301566923470739
2018-02-01,4.304535662635333
2018-02-02,4.3053099983497125
2018-02-05,4.306088696437562
2018-02-06,4.306871756898881
2018-02-07,4.307659179733669
2018-02-08,4.308450964941928
2018-02-09,4.309247112523656
2018-02-12,4.310047622478854
2018-02-13,4.310852494807523
2018-02-14,4.31166172950966
2018-02-15,4.312475326585267
2018-02-16,4.313293286034345
2018-02-19,4.314115607856892
2018-02-20,4.314942292052909
2018-02-21,4.315773338622395
2018-02-22,4.316608747565352
2018-02-23,4.317448518881778
2018-02-26,4.318292652571674
2018-02-27,4.3191411486350395
2018-02-28,4.319994007071875
2018-03-01,4.326939184210946
2018-03-02,4.32764596873773
2018-03-05,4.3282802461455665
2018-03-06,4.3288420164344545
2018-03-07,4.329331279604395
2018-03-08,4.3297480356553875
2018-03-09,4.3300922845874315
2018-03-12,4.330364026400527
2018-03-13,4.330563261094676
2018-03-14,4.330689988669876
2018-03-15,4.330744209126129
2018-03-16,4.330725922463434
2018-03-19,4.33063512868179
2018-03-20,4.330471827781198
2018-03-21,4.330236019761659
2018-03-22,4.329927704623172
2018-03-23,4.329546882365737
2018-03-26,4.329093552989353
2018-03-27,4.328567716494022
2018-03-28,4.327969372879743
2018-03-29,4.327298522146515
2018-03-30,4.326555164294341
2018-04-02,4.317456983268617
2018-04-03,4.316635350324894
2018-04-04,4.315846800121483
2018-04-05,4.315091332658383
2018-04-06,4.314368947935595
2018-04-09,4.313679645953118
2018-04-10,4.313023426710953
2018-04-11,4.312400290209099
2018-04-12,4.311810236447555
2018-04-13,4.311253265426324
2018-04-16,4.310729377145404
2018-04-17,4.3102385716047955
2018-04-18,4.309780848804498
2018-04-19,4.309356208744512
2018-04-20,4.308964651424837
2018-04-23,4.3086061768454735
2018-04-24,4.3082807850064215
2018-04-25,4.307988475907681
2018-04-26,4.3077292495492525
2018-04-27,4.307503105931135
2018-04-30,4.3073100450533275
2018-05-01,4.308064136641628
2018-05-02,4.307935330481389
2018-05-03,4.307823785156018
2018-05-04,4.307729500665513
2018-05-07,4.307652477009873
2018-05-08,4.307592714189101
2018-05-09,4.307550212203195
2018-05-10,4.307524971052154
2018-05-11,4.30751699073598
2018-05-14,4.307526271254673
2018-05-15,4.307552812608232
2018-05-16,4.3075966147966565
2018-05-17,4.307657677819948
2018-05-18,4.307736001678105
2018-05-21,4.30783158637113
2018-05-22,4.30794443189902
2018-05-23,4.308074538261776
2018-05-24,4.308221905459399
2018-05-25,4.308386533491888
2018-05-28,4.308568422359243
2018-05-29,4.308767572061464
2018-05-30,4.308983982598552
2018-05-31,4.3092176539705065
2018-06-01,4.311625725272696
2018-06-04,4.311892016196641
2018-06-05,4.312149767532297
2018-06-06,4.312398979279666
2018-06-07,4.312639651438747
2018-06-08,4.312871784009541
2018-06-11,4.313095376992047
2018-06-12,4.313310430386266
2018-06-13,4.313516944192196
2018-06-14,4.313714918409839
2018-06-15,4.313904353039194
2018-06-18,4.314085248080262
2018-06-19,4.314257603533042
2018-06-20,4.314421419397534
2018-06-21,4.314576695673739
2018-06-22,4.314723432361656
2018-06-25,4.3148616294612845
2018-06-26,4.314991286972626
2018-06-27,4.31511240489568
2018-06-28,4.315224983230446
2018-06-29,4.3153290219769245
2018-07-02,4.312419450470325
2018-07-03,4.312540132531042
2018-07-04,4.312690338365113
2018-07-05,4.312870067972537
2018-07-06,4.313079321353315
2018-07-09,4.3133180985074455
2018-07-10,4.3135863994349295
2018-07-11,4.3138842241357676
2018-07-12,4.314211572609959
2018-07-13,4.314568444857503
2018-07-16,4.314954840878401
2018-07-17,4.315370760672652
2018-07-18,4.315816204240257
2018-07-19,4.316291171581215
2018-07-20,4.316795662695526
2018-07-23,4.31732967758319
2018-07-24,4.317893216244209
2018-07-25,4.31848627867858
2018-07-26,4.319108864886305
2018-07-27,4.319760974867384
2018-07-30,4.320442608621815
2018-07-31,4.3211537661496005
2018-08-01,4.328458841246015
2018-08-02,4.329119548196325
2018-08-03,4.329732484330637
2018-08-06,4.330297649648952
2018-08-07,4.3308150441512705
2018-08-08,4.331284667837591
2018-08-09,4.331706520707915
2018-08-10,4.332080602762241
2018-08-13,4.33240691400057
2018-08-14,4.3326854544229025
2018-08-15,4.332916224029238
2018-08-16,4.333099222819576
2018-08-17,4.333234450793917
2018-08-20,4.333321907952261
2018-08-21,4.333361594294607
2018-08-22,4.333353509820957
2018-08-23,4.333297654531309
2018-08-24,4.333194028425665
2018-08-27,4.333042631504023
2018-08-28,4.332843463766384
2018-08-29,4.3325965252127485
2018-08-30,4.332301815843115
2018-08-31,4.331959335657484
2018-09-03,4.325887854051227
2018-09-04,4.3254608417899085
2018-09-05,4.325055605919142
2018-09-06,4.32467214643893
2018-09-07,4.32431046334927
2018-09-10,4.3239705566501625
2018-09-11,4.323652426341607
2018-09-12,4.323356072423606
2018-09-13,4.323081494896157
2018-09-14,4.322828693759261
2018-09-17,4.322597669012918
2018-09-18,4.322388420657127
2018-09-19,4.32220094869189
2018-09-20,4.322035253117205
2018-09-21,4.321891333933073
2018-09-24,4.321769191139494
2018-09-25,4.321668824736467
2018-09-26,4.321590234723994
2018-09-27,4.321533421102074
2018-09-28,4.321498383870705
2018-10-01,4.323641821572905
2018-10-02,4.323622248319095
2018-10-03,4.3235946329774
2018-10-04,4.323558975547822
2018-10-05,4.323515276030359
2018-10-08,4.323463534425012
2018-10-09,4.323403750731781
2018-10-10,4.3233359249506655
2018-10-11,4.323260057081666
2018-10-12,4.323176147124782
2018-10-15,4.323084195080014
2018-10-16,4.322984200947362
2018-10-17,4.322876164726825
2018-10-18,4.322760086418405
2018-10-19,4.3226359660221005
2018-10-22,4.322503803537911
2018-10-23,4.322363598965838
2018-10-24,4.322215352305881
2018-10-25,4.322059063558039
2018-10-26,4.321894732722313
2018-10-29,4.321722359798704
2018-10-30,4.32154194478721
2018-10-31,4.321353487687832
2018-11-01,4.319449562317139
2018-11-02,4.3192564947841525
2018-11-05,4.319075790686682
2018-11-06,4.318907450024727
2018-11-07,4.318751472798288
2018-11-08,4.318607859007365
2018-11-09,4.318476608651956
2018-11-12,4.318357721732064
2018-11-13,4.318251198247687
2018-11-14,4.318157038198826
2018-11-15,4.318075241585479
2018-11-16,4.318005808407649
2018-11-19,4.317948738665335
2018-11-20,4.317904032358535
2018-11-21,4.3178716894872515
2018-11-22,4.3178517100514835
2018-11-23,4.317844094051232
2018-11-26,4.317848841486494
2018-11-27,4.317865952357273
2018-11-28,4.317895426663568
2018-11-29,4.317937264405377
2018-11-30,4.317991465582703
2018-12-03,4.315169085869856
2018-12-04,4.315291808213754
2018-12-05,4.315467518545239
2018-12-06,4.315696216864311
2018-12-07,4.315977903170971
2018-12-10,4.316312577465219
2018-12-11,4.316700239747054
2018-12-12,4.317140890016477
2018-12-13,4.317634528273487
2018-12-14,4.3181811545180855
2018-12-17,4.318780768750271
2018-12-18,4.319433370970044
2018-12-19,4.320138961177405
2018-12-20,4.320897539372353
2018-12-21,4.3217091055548895
2018-12-24,4.322573659725013
2018-12-25,4.3234912018827245
2018-12-26,4.324461732028023
2018-12-27,4.325485250160909
2018-12-28,4.326561756281383
2018-12-31,4.327691250389445
2019-01-01,4.33993295911192
2019-01-02,4.3409305160737
2019-01-03,4.34184597243167
2019-01-04,4.342679328185827
2019-01-07,4.343430583336174
2019-01-08,4.344099737882708
2019-01-09,4.34468679182543
2019-01-10,4.345191745164342
2019-01-11,4.3456145978994405
2019-01-14,4.345955350030728
2019-01-15,4.346214001558204
2019-01-16,4.346390552481868
2019-01-17,4.34648500280172
2019-01-18,4.346497352517761
2019-01-21,4.34642760162999
2019-01-22,4.346275750138407
2019-01-23,4.346041798043013
2019-01-24,4.345725745343807
2019-01-25,4.345327592040789
2019-01-28,4.34484733813396
2019-01-29,4.344284983623318
2019-01-30,4.343640528508865
2019-01-31,4.3429139727906
2019-02-01,4.333362176978053
2019-02-04,4.332454141563018
2019-02-05,4.331568025503333
2019-02-06,4.330703828799
2019-02-07,4.329861551450019
2019-02-08,4.32904119345639
2019-02-11,4.328242754818112
2019-02-12,4.327466235535186
2019-02-13,4.326711635607612
2019-02-14,4.3259789550353895
2019-02-15,4.325268193818518
2019-02-18,4.3245793519569995
2019-02-19,4.323912429450831
2019-02-20,4.323267426300015
2019-02-21,4.322644342504551
2019-02-22,4.322043178064439
2019-02-25,4.321463932979678
2019-02-26,4.320906607250269
2019-02-27,4.320371200876211
2019-02-28,4.319857713857505
2019-03-01,4.320046445846877
2019-03-04,4.3195890458239035
2019-03-05,4.31914240545734
2019-03-06,4.3187065247471885
2019-03-07,4.318281403693448
2019-03-08,4.317867042296119
2019-03-11,4.3174634405552
2019-03-12,4.317070598470694
2019-03-13,4.316688516042597
2019-03-14,4.316317193270913
2019-03-15,4.315956630155639
2019-03-18,4.315606826696776
2019-03-19,4.315267782894324
2019-03-20,4.314939498748283
2019-03-21,4.314621974258654
2019-03-22,4.314315209425436
2019-03-25,4.314019204248629
2019-03-26,4.313733958728233
2019-03-27,4.313459472864247
2019-03-28,4.313195746656674
2019-03-29,4.3129427801055105
2019-04-01,4.308352881486242
2019-04-02,4.308185562727435
2019-04-03,4.308082122700266
2019-04-04,4.308042561404733
2019-04-05,4.308066878840838
2019-04-08,4.308155075008581
2019-04-09,4.308307149907961
2019-04-10,4.3085231035389775
2019-04-11,4.308802935901633
2019-04-12,4.309146646995925
2019-04-15,4.309554236821855
2019-04-16,4.310025705379422
2019-04-17,4.310561052668627
2019-04-18,4.311160278689469
2019-04-19,4.311823383441949
2019-04-22,4.312550366926065
2019-04-23,4.3133412291418205
2019-04-24,4.314195970089212
2019-04-25,4.315114589768242
2019-04-26,4.316097088178909
2019-04-29,4.317143465321213
2019-04-30,4.3182537211951555
2019-05-01,4.3266588363780105
2019-05-02,4.327757895887619
2019-05-03,4.328832929631935
2019-05-06,4.3298839376109575
2019-05-07,4.330910919824687
2019-05-08,4.331913876273123
2019-05-09,4.3328928069562656
2019-05-10,4.333847711874116
2019-05-13,4.334778591026672
2019-05-14,4.335685444413936
2019-05-15,4.3365682720359064
2019-05-16,4.3374270738925835
2019-05-17,4.338261849983968
2019-05-20,4.339072600310058
2019-05-21,4.339859324870856
2019-05-22,4.34062202366636
2019-05-23,4.341360696696572
2019-05-24,4.34207534396149
2019-05-27,4.3427659654611155
2019-05-28,4.343432561195447
2019-05-29,4.344075131164486
2019-05-30,4.344693675368231
2019-05-31,4.345288193806684
2019-06-03,4.347023366528642
2019-06-04,4.347630769035947
2019-06-05,4.348189507476422
2019-06-06,4.348699581850069
2019-06-07,4.349160992156888
2019-06-10,4.349573738396876
2019-06-11,4.349937820570037
2019-06-12,4.350253238676369
2019-06-13,4.350519992715872
2019-06-14,4.3507380826885464
2019-06-17,4.350907508594393
2019-06-18,4.351028270433409
2019-06-19,4.351100368205597
2019-06-20,4.351123801910957
2019-06-21,4.351098571549487
2019-06-24,4.351024677121189
2019-06-25,4.350902118626062
2019-06-26,4.350730896064107
2019-06-27,4.350511009435322
2019-06-28,4.350242458739709
2019-07-01,4.340338508314707
2019-07-02,4.340135070108319
2019-07-03,4.340004032619405
2019-07-04,4.339945395847965
2019-07-05,4.339959159794
2019-07-08,4.340045324457509
2019-07-09,4.3402038898384925
2019-07-10,4.34043485593695
2019-07-11,4.340738222752882
2019-07-12,4.341113990286288
2019-07-15,4.341562158537168
2019-07-16,4.342082727505523
2019-07-17,4.342675697191352
2019-07-18,4.343341067594655
2019-07-19,4.344078838715433
2019-07-22,4.344889010553684
2019-07-23,4.345771583109411
2019-07-24,4.346726556382611
2019-07-25,4.347753930373286
2019-07-26,4.348853705081435
2019-07-29,4.350025880507059
2019-07-30,4.351270456650156
2019-07-31,4.352587433510728
2019-08-01,4.36733470125395
2019-08-02,4.368700834218341
2019-08-05,4.369980569042804
2019-08-06,4.371173905727337
2019-08-07,4.372280844271942
2019-08-08,4.373301384676617
2019-08-09,4.374235526941363
2019-08-12,4.375083271066179
2019-08-13,4.375844617051067
2019-08-14,4.376519564896026
2019-08-15,4.377108114601055
2019-08-16,4.377610266166155
2019-08-19,4.378026019591326
2019-08-20,4.378355374876567
2019-08-21,4.3785983320218795
2019-08-22,4.378754891027263
2019-08-23,4.378825051892718
2019-08-26,4.3788088146182425
2019-08-27,4.378706179203838
2019-08-28,4.3785171456495044
2019-08-29,4.378241713955242
2019-08-30,4.37787988412105
2019-09-02,4.370888186007144
2019-09-03,4.370412855858972
2019-09-04,4.369931767725994
2019-09-05,4.369444921608211
2019-09-06,4.36895231750562
2019-09-09,4.368453955418223
2019-09-10,4.36794983534602
2019-09-11,4.36743995728901
2019-09-12,4.366924321247194
2019-09-13,4.366402927220572
2019-09-16,4.365875775209143
2019-09-17,4.365342865212908
2019-09-18,4.364804197231866
2019-09-19,4.364259771266018
2019-09-20,4.3637095873153635
2019-09-23,4.363153645379903
2019-09-24,4.362591945459636
2019-09-25,4.362024487554562
2019-09-26,4.3614512716646825
2019-09-27,4.360872297789996
2019-09-30,4.360287565930503
2019-10-01,4.35932639825945
2019-10-02,4.3587869610294865
2019-10-03,4.3582472294708765
2019-10-04,4.357707203583621
2019-10-07,4.357166883367718
2019-10-08,4.356626268823169
2019-10-09,4.356085359949973
2019-10-10,4.355544156748132
2019-10-11,4.355002659217643
2019-10-14,4.354460867358508
2019-10-15,4.3539187811707265
2019-10-16,4.353376400654299
2019-10-17,4.352833725809225
2019-10-18,4.352290756635504
2019-10-21,4.351747493133137
2019-10-22,4.351203935302123
2019-10-23,4.350660083142462
2019-10-24,4.350115936654156
2019-10-25,4.3495714958372025
2019-10-28,4.349026760691603
2019-10-29,4.3484817312173565
2019-10-30,4.347936407414464
2019-10-31,4.347390789282925
2019-11-01,4.345900684150656
2019-11-04,4.345314947699228
2019-11-05,4.344741378919434
2019-11-06,4.344179977811272
2019-11-07,4.343630744374744
2019-11-08,4.343093678609849
2019-11-11,4.3425687805165865
2019-11-12,4.342056050094958
2019-11-13,4.341555487344961
2019-11-14,4.341067092266599
2019-11-15,4.340590864859869
2019-11-18,4.340126805124772
2019-11-19,4.339674913061308
2019-11-20,4.339235188669477
2019-11-21,4.33880763194928
2019-11-22,4.338392242900715
2019-11-25,4.337989021523783
2019-11-26,4.337597967818485
2019-11-27,4.337219081784819
2019-11-28,4.3368523634227865
2019-11-29,4.336497812732388
2019-12-02,4.337813170107417
2019-12-03,4.337476937989887
2019-12-04,4.337131293909106
2019-12-05,4.336776237865073
2019-12-06,4.336411769857787
2019-12-09,4.33603788988725
2019-12-10,4.33565459795346
2019-12-11,4.335261894056418
2019-12-12,4.334859778196125
2019-12-13,4.334448250372579
2019-12-16,4.334027310585781
2019-12-17,4.333596958835731
2019-12-18,4.333157195122428
2019-12-19,4.3327080194458745
2019-12-20,4.332249431806068
2019-12-23,4.33178143220301
2019-12-24,4.331304020636699
2019-12-25,4.330817197107136
2019-12-26,4.330320961614321
2019-12-27,4.329815314158254
2019-12-30,4.329300254738936
2019-12-31,4.328775783356364
2020-01-01,4.325056852347619
2020-01-02,4.324573897125506
2020-01-03,4.324118657707722
2020-01-06,4.323691134094265
2020-01-07,4.323291326285136
2020-01-08,4.3229192342803335
2020-01-09,4.322574858079859
2020-01-10,4.322258197683712
2020-01-13,4.3219692530918925
2020-01-14,4.3217080243044
2020-01-15,4.321474511321236
2020-01-16,4.321268714142399
2020-01-17,4.3210906327678895
2020-01-20,4.320940267197708
2020-01-21,4.320817617431854
2020-01-22,4.3207226834703265
2020-01-23,4.320655465313127
2020-01-24,4.320615962960256
2020-01-27,4.320604176411711
2020-01-28,4.320620105667494
2020-01-29,4.320663750727605
2020-01-30,4.320735111592043
2020-01-31,4.320834188260809
2020-02-03,4.317039884584789
2020-02-04,4.317281479332838
2020-02-05,4.317618857484877
2020-02-06,4.318052019040908
2020-02-07,4.31858096400093
2020-02-10,4.319205692364943
2020-02-11,4.319926204132948
2020-02-12,4.320742499304943
2020-02-13,4.32165457788093
2020-02-14,4.322662439860909
2020-02-17,4.323766085244878
2020-02-18,4.324965514032838
2020-02-19,4.32626072622479
2020-02-20,4.327651721820733
2020-02-21,4.329138500820667
2020-02-24,4.330721063224592
2020-02-25,4.332399409032509
2020-02-26,4.334173538244417
2020-02-27,4.336043450860316
2020-02-28,4.338009146880206
2020-03-02,4.351815437902152
2020-03-03,4.353621573225645
2020-03-04,4.355359771669104
2020-03-05,4.357030033232527
2020-03-06,4.358632357915915
2020-03-09,4.360166745719268
2020-03-10,4.361633196642586
2020-03-11,4.363031710685869
2020-03-12,4.364362287849117
2020-03-13,4.36562492813233
2020-03-16,4.366819631535507
2020-03-17,4.36794639805865
2020-03-18,4.3690052277017575
2020-03-19,4.36999612046483
2020-03-20,4.370919076347867
2020-03-23,4.37177409535087
2020-03-24,4.372561177473837
2020-03-25,4.373280322716768
2020-03-26,4.373931531079665
2020-03-27,4.374514802562527
2020-03-30,4.375030137165354
2020-03-31,4.375477534888145
2020-04-01,4.370961507627608
2020-04-02,4.37133384510714
2020-04-03,4.371699059223449
2020-04-06,4.372057149976533
2020-04-07,4.372408117366394
2020-04-08,4.372751961393031
2020-04-09,4.373088682056443
2020-04-10,4.373418279356632
2020-04-13,4.373740753293597
2020-04-14,4.374056103867337
2020-04-15,4.374364331077855
2020-04-16,4.374665434925148
2020-04-17,4.374959415409216
2020-04-20,4.375246272530061
2020-04-21,4.375526006287682
2020-04-22,4.375798616682079
2020-04-23,4.376064103713252
2020-04-24,4.3763224673812005
2020-04-27,4.3765737076859255
2020-04-28,4.376817824627427
2020-04-29,4.377054818205703
2020-04-30,4.377284688420757
2020-05-01,4.381165581110596
2020-05-04,4.381341303958809
2020-05-05,4.381459395810463
2020-05-06,4.381519856665556
2020-05-07,4.3815226865240895
2020-05-08,4.381467885386062
2020-05-11,4.381355453251476
2020-05-12,4.381185390120328
2020-05-13,4.380957695992621
2020-05-14,4.380672370868354
2020-05-15,4.380329414747528
2020-05-18,4.379928827630141
2020-05-19,4.3794706095161935
2020-05-20,4.378954760405686
2020-05-21,4.378381280298619
2020-05-22,4.377750169194992
2020-05-25,4.377061427094805
2020-05-26,4.3763150539980575
2020-05-27,4.375511049904751
2020-05-28,4.374649414814884
2020-05-29,4.373730148728456
2020-06-01,4.36486069872495
2020-06-02,4.36397402570757
2020-06-03,4.363133172342933
2020-06-04,4.362338138631041
2020-06-05,4.361588924571892
2020-06-08,4.360885530165487
2020-06-09,4.360227955411826
2020-06-10,4.359616200310909
2020-06-11,4.359050264862735
2020-06-12,4.358530149067306
2020-06-15,4.35805585292462
2020-06-16,4.357627376434679
2020-06-17,4.357244719597481
2020-06-18,4.356907882413027
2020-06-19,4.356616864881317
2020-06-22,4.3563716670023505
2020-06-23,4.356172288776127
2020-06-24,4.356018730202649
2020-06-25,4.355910991281914
2020-06-26,4.355849072013923
2020-06-29,4.355832972398677
2020-06-30,4.355862692436173
2020-07-01,4.361502819309247
2020-07-02,4.361553736627583
2020-07-03,4.361583315908371
2020-07-06,4.361591557151613
2020-07-07,4.361578460357307
2020-07-08,4.361544025525455
2020-07-09,4.361488252656056
2020-07-10,4.361411141749109
2020-07-13,4.361312692804616
2020-07-14,4.361192905822576
2020-07-15,4.361051780802989
2020-07-16,4.360889317745855
2020-07-17,4.360705516651174
2020-07-20,4.360500377518946
2020-07-21,4.360273900349171
2020-07-22,4.3600260851418495
2020-07-23,4.359756931896981
2020-07-24,4.359466440614565
2020-07-27,4.359154611294602
2020-07-28,4.358821443937092
2020-07-29,4.358466938542036
2020-07-30,4.358091095109432
2020-07-31,4.357693913639282
2020-08-03,4.354658630551852
2020-08-04,4.354210057772176
2020-08-05,4.353771290721252
2020-08-06,4.35334232939908
2020-08-07,4.352923173805663
2020-08-10,4.352513823940998
2020-08-11,4.352114279805087
2020-08-12,4.351724541397929
2020-08-13,4.351344608719525
2020-08-14,4.350974481769873
2020-08-17,4.350614160548974
2020-08-18,4.350263645056829
2020-08-19,4.349922935293437
2020-08-20,4.349592031258799
2020-08-21,4.349270932952913
2020-08-24,4.348959640375781
2020-08-25,4.348658153527402
2020-08-26,4.3483664724077755
2020-08-27,4.348084597016903
2020-08-28,4.347812527354783
2020-08-31,4.347550263421417
2020-09-01,4.347702459937151
2020-09-02,4.347465454369344
2020-09-03,4.3472324260654025
2020-09-04,4.34700337502533
2020-09-07,4.346778301249125
2020-09-08,4.346557204736788
2020-09-09,4.346340085488318
2020-09-10,4.346126943503717
2020-09-11,4.345917778782983
2020-09-14,4.345712591326117
2020-09-15,4.345511381133118
2020-09-16,4.345314148203988
2020-09-17,4.345120892538725
2020-09-18,4.34493161413733
2020-09-21,4.344746312999803
2020-09-22,4.344564989126144
2020-09-23,4.344387642516352
2020-09-24,4.3442142731704285
2020-09-25,4.344044881088372
2020-09-28,4.343879466270184
2020-09-29,4.343718028715863
2020-09-30,4.343560568425411
2020-10-01,4.343989885299507
2020-10-02,4.3438331397864705
2020-10-05,4.343673131786983
2020-10-06,4.343509861301045
2020-10-07,4.343343328328655
2020-10-08,4.343173532869814
2020-10-09,4.343000474924522
2020-10-12,4.342824154492778
2020-10-13,4.342644571574583
2020-10-14,4.342461726169937
2020-10-15,4.34227561827884
2020-10-16,4.342086247901292
2020-10-19,4.341893615037292
2020-10-20,4.341697719686841
2020-10-21,4.341498561849939
2020-10-22,4.341296141526585
2020-10-23,4.3410904587167805
2020-10-26,4.340881513420524
2020-10-27,4.340669305637817
2020-10-28,4.340453835368659
2020-10-29,4.3402351026130495
2020-10-30,4.340013107370988
2020-11-02,4.340796024983836
2020-11-03,4.340542638395279
2020-11-04,4.340271849505177
2020-11-05,4.339983658313531
2020-11-06,4.3396780648203395
2020-11-09,4.339355069025604
2020-11-10,4.339014670929324
2020-11-11,4.3386568705315
2020-11-12,4.33828166783213
2020-11-13,4.337889062831217
2020-11-16,4.337479055528759
2020-11-17,4.337051645924756
2020-11-18,4.336606834019208
2020-11-19,4.336144619812116
2020-11-20,4.33566500330348
2020-11-23,4.335167984493299
2020-11-24,4.334653563381573
2020-11-25,4.334121739968302
2020-11-26,4.333572514253488
2020-11-27,4.333005886237128
2020-11-30,4.3324218559192245
2020-12-01,4.328998800195228
2020-12-02,4.328467525195892
2020-12-03,4.327954109328021
2020-12-04,4.327458552591616
2020-12-07,4.326980854986676
2020-12-08,4.326521016513201
2020-12-09,4.3260790371711915
2020-12-10,4.325654916960647
2020-12-11,4.325248655881568
2020-12-14,4.324860253933954
2020-12-15,4.324489711117805
2020-12-16,4.324137027433122
2020-12-17,4.323802202879904
2020-12-18,4.323485237458151
2020-12-21,4.323186131167862
2020-12-22,4.32290488400904
2020-12-23,4.322641495981682
2020-12-24,4.322395967085789
2020-12-25,4.322168297321363
2020-12-28,4.321958486688401
2020-12-29,4.321766535186904
2020-12-30,4.321592442816873
2020-12-31,4.321436209578306
2021-01-01,4.325140058147373
2021-01-04,4.32495745271274
2021-01-05,4.324743794436963
2021-01-06,4.324499083320045
2021-01-07,4.324223319361985
2021-01-08,4.323916502562782
2021-01-11,4.3235786329224375
2021-01-12,4.323209710440951
2021-01-13,4.322809735118321
2021-01-14,4.3223787069545505
2021-01-15,4.321916625949637
2021-01-18,4.321423492103581
2021-01-19,4.320899305416384
2021-01-20,4.320344065888044
2021-01-21,4.319757773518561
2021-01-22,4.3191404283079375
2021-01-25,4.318492030256171
2021-01-26,4.317812579363262
2021-01-27,4.3171020756292116
2021-01-28,4.316360519054018
2021-01-29,4.315587909637683
2021-02-01,4.313313697225617
2021-02-02,4.3124574195281635
2021-02-03,4.311588709503608
2021-02-04,4.310707567151952
2021-02-05,4.3098139924731935
2021-02-08,4.308907985467332
2021-02-09,4.30798954613437
2021-02-10,4.307058674474306
2021-02-11,4.30611537048714
2021-02-12,4.305159634172871
2021-02-15,4.304191465531502
2021-02-16,4.30321086456303
2021-02-17,4.302217831267456
2021-02-18,4.301212365644781
2021-02-19,4.300194467695003
2021-02-22,4.299164137418124
2021-02-23,4.298121374814143
2021-02-24,4.2970661798830605
2021-02-25,4.295998552624876
2021-02-26,4.294918493039589
2021-03-01,4.292214898301706
2021-03-02,4.291274628090614
2021-03-03,4.290344080635723
2021-03-04,4.289423255937034
2021-03-05,4.288512153994548
2021-03-08,4.287610774808263
2021-03-09,4.286719118378179
2021-03-10,4.285837184704298
2021-03-11,4.284964973786619
2021-03-12,4.284102485625142
2021-03-15,4.283249720219866
2021-03-16,4.282406677570792
2021-03-17,4.281573357677921
2021-03-18,4.280749760541251
2021-03-19,4.279935886160783
2021-03-22,4.2791317345365165
2021-03-23,4.278337305668453
2021-03-24,4.27755259955659
2021-03-25,4.276777616200929
2021-03-26,4.2760123556014715
2021-03-29,4.275256817758215
2021-03-30,4.27451100267116
2021-03-31,4.273774910340307
2021-04-01,4.272633690990215
2021-04-02,4.271889881559844
2021-04-05,4.2711616490726
2021-04-06,4.270448993528485
2021-04-07,4.269751914927498
2021-04-08,4.269070413269637
2021-04-09,4.268404488554905
2021-04-12,4.267754140783301
2021-04-13,4.267119369954824
2021-04-14,4.266500176069475
2021-04-15,4.265896559127254
2021-04-16,4.265308519128161
2021-04-19,4.264736056072195
2021-04-20,4.264179169959357
2021-04-21,4.263637860789647
2021-04-22,4.263112128563065
2021-04-23,4.26260197327961
2021-04-26,4.2621073949392825
2021-04-27,4.261628393542083
2021-04-28,4.2611649690880125
2021-04-29,4.260717121577069
2021-04-30,4.260284851009253
2021-05-03,4.260864917171666
2021-05-04,4.260431752759666
2021-05-05,4.260001960113909
2021-05-06,4.2595755392343975
2021-05-07,4.259152490121129
2021-05-10,4.258732812774105
2021-05-11,4.258316507193325
2021-05-12,4.2579035733787896
2021-05-13,4.257494011330498
2021-05-14,4.25708782104845
2021-05-17,4.256685002532647
2021-05-18,4.256285555783088
2021-05-19,4.255889480799773
2021-05-20,4.255496777582702
2021-05-21,4.255107446131875
2021-05-24,4.254721486447292
2021-05-25,4.254338898528954
2021-05-26,4.25395968237686
2021-05-27,4.25358383799101
2021-05-28,4.253211365371404
2021-05-31,4.2528422645180415
2021-06-01,4.249988882317468
2021-06-02,4.249673854646176
2021-06-03,4.249392904341294
2021-06-04,4.249146031402822
2021-06-07,4.248933235830762
2021-06-08,4.248754517625113
2021-06-09,4.248609876785874
2021-06-10,4.248499313313046
2021-06-11,4.24842282720663
2021-06-14,4.248380418466623
2021-06-15,4.248372087093028
2021-06-16,4.248397833085844
2021-06-17,4.248457656445069
2021-06-18,4.248551557170706
2021-06-21,4.248679535262754
2021-06-22,4.248841590721213
2021-06-23,4.249037723546082
2021-06-24,4.249267933737362
2021-06-25,4.249532221295053
2021-06-28,4.249830586219154
2021-06-29,4.250163028509666
2021-06-30,4.25052954816659
2021-07-01,4.254856972923442
2021-07-02,4.255242866844447
2021-07-05,4.255614057663124
2021-07-06,4.255970545379473
2021-07-07,4.256312329993492
2021-07-08,4.2566394115051835
2021-07-09,4.256951789914545
2021-07-12,4.257249465221579
2021-07-13,4.257532437426285
2021-07-14,4.257800706528662
2021-07-15,4.25805427252871
2021-07-16,4.25829313542643
2021-07-19,4.258517295221821
2021-07-20,4.2587267519148835
2021-07-21,4.258921505505618
2021-07-22,4.259101555994023
2021-07-23,4.2592669033801
2021-07-26,4.259417547663848
2021-07-27,4.259553488845268
2021-07-28,4.2596747269243584
2021-07-29,4.2597812619011215
2021-07-30,4.259873093775555
2021-08-02,4.2595666158773815
2021-08-03,4.25963380684741
2021-08-04,4.259691060015363
2021-08-05,4.259738375381238
2021-08-06,4.259775752945036
2021-08-09,4.259803192706759
2021-08-10,4.259820694666404
2021-08-11,4.259828258823973
2021-08-12,4.259825885179465
2021-08-13,4.25981357373288
2021-08-16,4.25979132448422
2021-08-17,4.259759137433481
2021-08-18,4.259717012580667
2021-08-19,4.259664949925776
2021-08-20,4.259602949468809
2021-08-23,4.259531011209764
2021-08-24,4.2594491351486425
2021-08-25,4.259357321285445
2021-08-26,4.259255569620171
2021-08-27,4.25914388015282
2021-08-30,4.259022252883392
2021-08-31,4.2588906878118875
2021-09-01,4.2631139025462375
2021-09-02,4.2629082417760715
2021-09-03,4.262638423109321
2021-09-06,4.2623044465459845
2021-09-07,4.2619063120860625
2021-09-08,4.261444019729557
2021-09-09,4.260917569476465
2021-09-10,4.260326961326788
2021-09-13,4.259672195280526
2021-09-14,4.258953271337679
2021-09-15,4.258170189498247
2021-09-16,4.25732294976223
2021-09-17,4.256411552129627
2021-09-20,4.25543599660044
2021-09-21,4.254396283174668
2021-09-22,4.25329241185231
2021-09-23,4.252124382633367
2021-09-24,4.25089219551784
2021-09-27,4.2495958505057265
2021-09-28,4.248235347597029
2021-09-29,4.246810686791745
2021-09-30,4.245321868089877
2021-10-01,4.234503191208396
2021-10-04,4.232931681715731
2021-10-05,4.2314155905954465
2021-10-06,4.229954917847544
2021-10-07,4.228549663472023
2021-10-08,4.227199827468883
2021-10-11,4.225905409838125
2021-10-12,4.224666410579748
2021-10-13,4.223482829693752
2021-10-14,4.222354667180137
2021-10-15,4.221281923038904
2021-10-18,4.220264597270052
2021-10-19,4.219302689873582
2021-10-20,4.218396200849493
2021-10-21,4.217545130197784
2021-10-22,4.216749477918459
2021-10-25,4.216009244011513
2021-10-26,4.215324428476949
2021-10-27,4.214695031314767
2021-10-28,4.214121052524965
2021-10-29,4.213602492107546
2021-11-01,4.214565010888419
2021-11-02,4.214155826085007
2021-11-03,4.213779546612082
2021-11-04,4.213436172469646
2021-11-05,4.213125703657698
2021-11-08,4.212848140176238
2021-11-09,4.212603482025266
2021-11-10,4.212391729204781
2021-11-11,4.212212881714786
2021-11-12,4.212066939555277
2021-11-15,4.211953902726258
2021-11-16,4.211873771227725
2021-11-17,4.211826545059681
2021-11-18,4.211812224222125
2021-11-19,4.2118308087150576
2021-11-22,4.211882298538478
2021-11-23,4.211966693692386
2021-11-24,4.2120839941767825
2021-11-25,4.212234199991666
2021-11-26,4.212417311137039
2021-11-29,4.212633327612899
2021-11-30,4.2128822494192475
2021-12-01,4.2195532391862125
2021-12-02,4.2197802401260605
2021-12-03,4.219964668222696
2021-12-06,4.220106523476119
2021-12-07,4.220205805886328
2021-12-08,4.220262515453324
2021-12-09,4.220276652177109
2021-12-10,4.220248216057679
2021-12-13,4.220177207095038
2021-12-14,4.220063625289183
2021-12-15,4.219907470640115
2021-12-16,4.219708743147835
2021-12-17,4.219467442812341
2021-12-20,4.219183569633635
2021-12-21,4.218857123611716
2021-12-22,4.218488104746584
2021-12-23,4.218076513038239
2021-12-24,4.217622348486682
2021-12-27,4.217125611091911
2021-12-28,4.216586300853928
2021-12-29,4.216004417772732
2021-12-30,4.215379961848322
2021-12-31,4.2147129330807
2022-01-03,4.208032354524393
2022-01-04,4.207285046028535
2022-01-05,4.2065676117534485
2022-01-06,4.205880051699132
2022-01-07,4.205222365865585
2022-01-10,4.204594554252809
2022-01-11,4.203996616860804
2022-01-12,4.20342855368957
2022-01-13,4.2028903647391065
2022-01-14,4.202382050009414
2022-01-17,4.201903609500491
2022-01-18,4.201455043212339
2022-01-19,4.201036351144958
2022-01-20,4.200647533298347
2022-01-21,4.200288589672507
2022-01-24,4.199959520267437
2022-01-25,4.199660325083138
2022-01-26,4.19939100411961
2022-01-27,4.199151557376852
2022-01-28,4.198941984854865
2022-01-31,4.198762286553649
2022-02-01,4.204137883654062
2022-02-02,4.203930367007294
2022-02-03,4.203672648998222
2022-02-04,4.203364729626851
2022-02-07,4.203006608893179
2022-02-08,4.202598286797205
2022-02-09,4.20213976333893
2022-02-10,4.201631038518354
2022-02-11,4.201072112335476
2022-02-14,4.200462984790298
2022-02-15,4.1998036558828185
2022-02-16,4.199094125613038
2022-02-17,4.198334393980955
2022-02-18,4.197524460986573
2022-02-21,4.196664326629889
2022-02-22,4.195753990910903
2022-02-23,4.194793453829617
2022-02-24,4.19378271538603
2022-02-25,4.192721775580141
2022-02-28,4.191610634411951
2022-03-01,4.193245023135603
2022-03-02,4.1921663148142825
2022-03-03,4.191018761241633
2022-03-04,4.189802362417655
2022-03-07,4.188517118342348
2022-03-08,4.187163029015713
2022-03-09,4.185740094437749
2022-03-10,4.184248314608457
2022-03-11,4.182687689527836
2022-03-14,4.1810582191958865
2022-03-15,4.179359903612608
2022-03-16,4.177592742778001
2022-03-17,4.175756736692065
2022-03-18,4.173851885354801
2022-03-21,4.1718781887662075
2022-03-22,4.169835646926286
2022-03-23,4.167724259835036
2022-03-24,4.165544027492457
2022-03-25,4.16329494989855
2022-03-28,4.160977027053313
2022-03-29,4.158590258956749
2022-03-30,4.156134645608855
2022-03-31,4.153610187009633
2022-04-01,4.134997902171536
2022-04-04,4.132291759386582
2022-04-05,4.129719758986324
2022-04-06,4.127281900970763
2022-04-07,4.124978185339899
2022-04-08,4.12280861209373
2022-04-11,4.120773181232258
2022-04-12,4.118871892755483
2022-04-13,4.117104746663404
2022-04-14,4.115471742956022
2022-04-15,4.1139728816333365
2022-04-18,4.112608162695348
2022-04-19,4.111377586142055
2022-04-20,4.110281151973458
2022-04-21,4.109318860189559
2022-04-22,4.108490710790355
2022-04-25,4.107796703775849
2022-04-26,4.107236839146038
2022-04-27,4.106811116900925
2022-04-28,4.106519537040508
2022-04-29,4.1063620995647865
2022-05-02,4.123075823094219
2022-05-03,4.122967880275
2022-05-04,4.122774230859811
2022-05-05,4.1224948748486545
2022-05-06,4.122129812241528
2022-05-09,4.121679043038434
2022-05-10,4.12114256723937
2022-05-11,4.120520384844338
2022-05-12,4.119812495853337
2022-05-13,4.119018900266367
2022-05-16,4.118139598083427
2022-05-17,4.11717458930452
2022-05-18,4.116123873929643
2022-05-19,4.114987451958798
2022-05-20,4.113765323391983
2022-05-23,4.1124574882292
2022-05-24,4.111063946470448
2022-05-25,4.109584698115728
2022-05-26,4.108019743165038
2022-05-27,4.106369081618379
2022-05-30,4.104632713475752
2022-05-31,4.1028106387371555
2022-06-01,4.088101275471771
2022-06-02,4.086266813403732
2022-06-03,4.084505670602218
2022-06-06,4.082817847067231
2022-06-07,4.081203342798768
2022-06-08,4.079662157796832
2022-06-09,4.078194292061422
2022-06-10,4.076799745592537
2022-06-13,4.075478518390179
2022-06-14,4.074230610454346
2022-06-15,4.073056021785039
2022-06-16,4.071954752382258
2022-06-17,4.070926802246002
2022-06-20,4.069972171376272
2022-06-21,4.069090859773068
2022-06-22,4.06828286743639
2022-06-23,4.067548194366238
2022-06-24,4.066886840562611
2022-06-27,4.066298806025511
2022-06-28,4.065784090754936
2022-06-29,4.065342694750886
2022-06-30,4.0649746180133635
2022-07-01,4.066785887748148
2022-07-04,4.066528764512301
2022-07-05,4.066323311581653
2022-07-06,4.066169528956201
2022-07-07,4.066067416635948
2022-07-08,4.066016974620893
2022-07-11,4.066018202911036
2022-07-12,4.066071101506377
2022-07-13,4.066175670406916
2022-07-14,4.066331909612653
2022-07-15,4.066539819123587
2022-07-18,4.06679939893972
2022-07-19,4.067110649061051
2022-07-20,4.067473569487579
2022-07-21,4.067888160219306
2022-07-22,4.068354421256231
2022-07-25,4.068872352598354
2022-07-26,4.069441954245675
2022-07-27,4.070063226198194
2022-07-28,4.07073616845591
2022-07-29,4.071460781018825
2022-08-01,4.084520806282341
2022-08-02,4.085132673359289
2022-08-03,4.08564762750317
2022-08-04,4.086065668713984
2022-08-05,4.0863867969917305
2022-08-08,4.086611012336409
2022-08-09,4.086738314748021
2022-08-10,4.086768704226564
2022-08-11,4.086702180772042
2022-08-12,4.086538744384451
2022-08-15,4.086278395063792
2022-08-16,4.085921132810067
2022-08-17,4.085466957623274
2022-08-18,4.084915869503414
2022-08-19,4.084267868450485
2022-08-22,4.083522954464491
2022-08-23,4.082681127545428
2022-08-24,4.081742387693298
2022-08-25,4.080706734908101
2022-08-26,4.0795741691898355
2022-08-29,4.078344690538503
2022-08-30,4.077018298954104
2022-08-31,4.075594994436637
2022-09-01,4.061182629936432
2022-09-02,4.059647091301923
2022-09-05,4.058165332276646
2022-09-06,4.056737352860599
2022-09-07,4.0553631530537855
2022-09-08,4.054042732856202
2022-09-09,4.052776092267851
2022-09-12,4.05156323128873
2022-09-13,4.050404149918842
2022-09-14,4.049298848158185
2022-09-15,4.048247326006759
2022-09-16,4.0472495834645645
2022-09-19,4.046305620531602
2022-09-20,4.045415437207871
2022-09-21,4.044579033493371
2022-09-22,4.043796409388103
2022-09-23,4.043067564892066
2022-09-26,4.042392500005262
2022-09-27,4.041771214727688
2022-09-28,4.041203709059346
2022-09-29,4.0406899830002345
2022-09-30,4.040230036550356
2022-10-03,4.040159547447582
2022-10-04,4.03978836537653
2022-10-05,4.039471509353198
2022-10-06,4.0392089793775865
2022-10-07,4.039000775449696
2022-10-10,4.038846897569527
2022-10-11,4.038747345737078
2022-10-12,4.03870211995235
2022-10-13,4.038711220215343
2022-10-14,4.038774646526058
2022-10-17,4.038892398884492
2022-10-18,4.039064477290648
2022-10-19,4.039290881744525
2022-10-20,4.039571612246122
2022-10-21,4.039906668795441
2022-10-24,4.040296051392479
2022-10-25,4.04073976003724
2022-10-26,4.041237794729721
2022-10-27,4.041790155469922
2022-10-28,4.042396842257845
2022-10-31,4.043057855093489
2022-11-01,4.04457002023736
2022-11-02,4.045292232862324
2022-11-03,4.046053834632676
2022-11-04,4.046854825548418
2022-11-07,4.047695205609548
2022-11-08,4.048574974816066
2022-11-09,4.049494133167975
2022-11-10,4.050452680665271
2022-11-11,4.051450617307956
2022-11-14,4.05248794309603
2022-11-15,4.053564658029493
2022-11-16,4.054680762108344
2022-11-17,4.055836255332585
2022-11-18,4.0570311377022135
2022-11-21,4.058265409217231
2022-11-22,4.059539069877637
2022-11-23,4.060852119683433
2022-11-24,4.062204558634617
2022-11-25,4.06359638673119
2022-11-28,4.065027603973151
2022-11-29,4.066498210360502
2022-11-30,4.06800820589324
2022-12-01,4.074622864233298
2022-12-02,4.0761487154026295
2022-12-05,4.077651033063164
2022-12-06,4.079129817214901
2022-12-07,4.080585067857842
2022-12-08,4.082016784991986
2022-12-09,4.083424968617335
2022-12-12,4.084809618733885
2022-12-13,4.086170735341639
2022-12-14,4.087508318440597
2022-12-15,4.088822368030757
2022-12-16,4.090112884112122
2022-12-19,4.091379866684689
2022-12-20,4.09262331574846
2022-12-21,4.093843231303434
2022-12-22,4.095039613349611
2022-12-23,4.096212461886991
2022-12-26,4.097361776915576
2022-12-27,4.098487558435362
2022-12-28,4.099589806446353
2022-12-29,4.100668520948547
2022-12-30,4.101723701941944
2023-01-02,4.107355020365828
2023-01-03,4.108305995572199
2023-01-04,4.109176298500342
2023-01-05,4.109965929150256
2023-01-06,4.110674887521942
2023-01-09,4.111303173615398
2023-01-10,4.111850787430625
2023-01-11,4.112317728967624
2023-01-12,4.112703998226395
2023-01-13,4.113009595206935
2023-01-16,4.1132345199092475
2023-01-17,4.1133787723333315
2023-01-18,4.113442352479186
2023-01-19,4.113425260346812
2023-01-20,4.113327495936209
2023-01-23,4.113149059247378
2023-01-24,4.112889950280318
2023-01-25,4.112550169035028
2023-01-26,4.11212971551151
2023-01-27,4.111628589709763
2023-01-30,4.111046791629788
2023-01-31,4.110384321271583
2023-02-01,4.100779840419464
2023-02-02,4.099997422056026
2023-02-03,4.099250042229226
2023-02-06,4.098537700939064
2023-02-07,4.09786039818554
2023-02-08,4.0972181339686555
2023-02-09,4.096610908288409
2023-02-10,4.0960387211448
2023-02-13,4.09550157253783
2023-02-14,4.094999462467498
2023-02-15,4.0945323909338045
2023-02-16,4.094100357936749
2023-02-17,4.093703363476331
2023-02-20,4.093341407552553
2023-02-21,4.093014490165412
2023-02-22,4.09272261131491
2023-02-23,4.092465771001046
2023-02-24,4.09224396922382
2023-02-27,4.092057205983233
2023-02-28,4.091905481279283
2023-03-01,4.093599495599585
2023-03-02,4.093504017687211
2023-03-03,4.093414528094909
2023-03-06,4.093331026822678
2023-03-07,4.093253513870519
2023-03-08,4.093181989238431
2023-03-09,4.093116452926414
2023-03-10,4.0930569049344685
2023-03-13,4.093003345262593
2023-03-14,4.0929557739107905
2023-03-15,4.092914190879058
2023-03-16,4.092878596167397
2023-03-17,4.092848989775807
2023-03-20,4.092825371704289
2023-03-21,4.092807741952842
2023-03-22,4.092796100521466
2023-03-23,4.09279044741016
2023-03-24,4.092790782618927
2023-03-27,4.092797106147764
2023-03-28,4.092809417996674
2023-03-29,4.092827718165653
2023-03-30,4.092852006654705
2023-03-31,4.092882283463827
2023-04-03,4.097287112752687
2023-04-04,4.0972710902511285
2023-04-05,4.097197340349439
2023-04-06,4.097065863047619
2023-04-07,4.096876658345668
2023-04-10,4.096629726243585
2023-04-11,4.096325066741373
2023-04-12,4.095962679839029
2023-04-13,4.095542565536554
2023-04-14,4.095064723833947
2023-04-17,4.094529154731211
2023-04-18,4.093935858228342
2023-04-19,4.093284834325344
2023-04-20,4.092576083022213
2023-04-21,4.091809604318953
2023-04-24,4.090985398215561
2023-04-25,4.090103464712038
2023-04-26,4.089163803808384
2023-04-27,4.088166415504599
2023-04-28,4.087111299800683
2023-05-01,4.081332798881912
2023-05-02,4.080375329253836
2023-05-03,4.079428079653375
2023-05-04,4.07849105008053
2023-05-05,4.0775642405353
2023-05-08,4.076647651017686
2023-05-09,4.075741281527688
2023-05-10,4.074845132065306
2023-05-11,4.07395920263054
2023-05-12,4.07308349322339
2023-05-15,4.072218003843855
2023-05-16,4.071362734491936
2023-05-17,4.0705176851676335
2023-05-18,4.069682855870946
2023-05-19,4.0688582466018755
2023-05-22,4.068043857360419
2023-05-23,4.06723968814658
2023-05-24,4.066445738960356
2023-05-25,4.065662009801748
2023-05-26,4.064888500670756
2023-05-29,4.06412521156738
2023-05-30,4.06337214249162
2023-05-31,4.062629293443475
2023-06-01,4.059659825743012
2023-06-02,4.058932647582878
2023-06-05,4.058244221602255
2023-06-06,4.057594547801141
2023-06-07,4.056983626179538
2023-06-08,4.056411456737446
2023-06-09,4.055878039474863
2023-06-12,4.05538337439179
2023-06-13,4.054927461488228
2023-06-14,4.054510300764177
2023-06-15,4.054131892219634
2023-06-16,4.053792235854603
2023-06-19,4.053491331669081
2023-06-20,4.05322917966307
2023-06-21,4.053005779836568
2023-06-22,4.052821132189578
2023-06-23,4.052675236722097
2023-06-26,4.052568093434126
2023-06-27,4.052499702325666
2023-06-28,4.052470063396716
2023-06-29,4.052479176647275
2023-06-30,4.052527042077346
2023-07-03,4.059424554856335
2023-07-04,4.059464988717698
2023-07-05,4.059455114182768
2023-07-06,4.059394931251545
2023-07-07,4.05928443992403
2023-07-10,4.059123640200222
2023-07-11,4.058912532080121
2023-07-12,4.058651115563728
2023-07-13,4.058339390651041
2023-07-14,4.057977357342062
2023-07-17,4.05756501563679
2023-07-18,4.057102365535226
2023-07-19,4.056589407037368
2023-07-20,4.056026140143218
2023-07-21,4.055412564852775
2023-07-24,4.054748681166039
2023-07-25,4.054034489083011
2023-07-26,4.05326998860369
2023-07-27,4.052455179728076
2023-07-28,4.051590062456169
2023-07-31,4.05067463678797
2023-08-01,4.044311748594349
2023-08-02,4.043449876179711
2023-08-03,4.042607888539753
2023-08-04,4.041785785674477
2023-08-07,4.040983567583882
2023-08-08,4.0402012342679665
2023-08-09,4.039438785726733
2023-08-10,4.03869622196018
2023-08-11,4.037973542968308
2023-08-14,4.037270748751116
2023-08-15,4.036587839308606
2023-08-16,4.035924814640776
2023-08-17,4.035281674747627
2023-08-18,4.034658419629159
2023-08-21,4.034055049285372
2023-08-22,4.033471563716265
2023-08-23,4.03290796292184
2023-08-24,4.032364246902095
2023-08-25,4.031840415657031
2023-08-28,4.031336469186648
2023-08-29,4.030852407490946
2023-08-30,4.030388230569924
2023-08-31,4.0299439384235844
2023-09-01,4.029655635519193
2023-09-04,4.029212538568258
2023-09-05,4.028791171787729
2023-09-06,4.028391535177607
2023-09-07,4.028013628737891
2023-09-08,4.027657452468581
2023-09-11,4.027323006369678
2023-09-12,4.027010290441182
2023-09-13,4.026719304683092
2023-09-14,4.026450049095408
2023-09-15,4.026202523678131
2023-09-18,4.02597672843126
2023-09-19,4.025772663354795
2023-09-20,4.025590328448737
2023-09-21,4.025429723713086
2023-09-22,4.02529084914784
2023-09-25,4.025173704753001
2023-09-26,4.02507829052857
2023-09-27,4.0250046064745435
2023-09-28,4.024952652590924
2023-09-29,4.024922428877711
2023-10-02,4.029320682406643
2023-10-03,4.029277630732637
2023-10-04,4.029199634857303
2023-10-05,4.0290866947806405
2023-10-06,4.028938810502652
2023-10-09,4.028755982023334
2023-10-10,4.02853820934269
2023-10-11,4.028285492460717
2023-10-12,4.027997831377418
2023-10-13,4.02767522609279
2023-10-16,4.0273176766068355
2023-10-17,4.026925182919553
2023-10-18,4.026497745030942
2023-10-19,4.026035362941005
2023-10-20,4.025538036649738
2023-10-23,4.025005766157146
2023-10-24,4.024438551463225
2023-10-25,4.0238363925679765
2023-10-26,4.023199289471401
2023-10-27,4.022527242173497
2023-10-30,4.021820250674266
2023-10-31,4.021078314973708
2023-11-01,4.010738422775329
2023-11-02,4.010045393855923
2023-11-03,4.009436215918996
2023-11-06,4.008910888964549
2023-11-07,4.008469412992581
2023-11-08,4.008111788003094
2023-11-09,4.0078380139960865
2023-11-10,4.007648090971559
2023-11-13,4.00754201892951
2023-11-14,4.007519797869942
2023-11-15,4.007581427792854
2023-11-16,4.0077269086982446
2023-11-17,4.0079562405861155
2023-11-20,4.008269423456466
2023-11-21,4.008666457309296
2023-11-22,4.009147342144606
2023-11-23,4.009712077962396
2023-11-24,4.010360664762666
2023-11-27,4.0110931025454155
2023-11-28,4.0119093913106445
2023-11-29,4.012809531058354
2023-11-30,4.013793521788543
2023-12-01,4.027559698110616
2023-12-04,4.028597622532507
2023-12-05,4.029554780058256
2023-12-06,4.030431170687863
2023-12-07,4.031226794421327
2023-12-08,4.0319416512586495
2023-12-11,4.032575741199829
2023-12-12,4.033129064244867
2023-12-13,4.033601620393762
2023-12-14,4.033993409646515
2023-12-15,4.034304432003125
2023-12-18,4.0345346874635934
2023-12-19,4.03468417602792
2023-12-20,4.034752897696103
2023-12-21,4.034740852468145
2023-12-22,4.034648040344044
2023-12-25,4.034474461323801
2023-12-26,4.0342201154074155
2023-12-27,4.033885002594888
2023-12-28,4.033469122886217
2023-12-29,4.0329724762814045
2024-01-01,4.026854694656401
2024-01-02,4.026323429290342
2024-01-03,4.02578810218953
2024-01-04,4.025248713353966
2024-01-05,4.024705262783649
2024-01-08,4.0241577504785795
2024-01-09,4.023606176438758
2024-01-10,4.023050540664183
2024-01-11,4.022490843154856
2024-01-12,4.021927083910776
2024-01-15,4.021359262931943
2024-01-16,4.0207873802183585
2024-01-17,4.020211435770021
2024-01-18,4.019631429586931
2024-01-19,4.019047361669088
2024-01-22,4.018459232016492
2024-01-23,4.017867040629144
2024-01-24,4.017270787507044
2024-01-25,4.0166704726501905
2024-01-26,4.016066096058585
2024-01-29,4.0154576577322265
2024-01-30,4.0148451576711155
2024-01-31,4.014228595875252
2024-02-01,4.010877588584975
2024-02-02,4.010229813473261
2024-02-05,4.009613993783365
2024-02-06,4.009030129515287
2024-02-07,4.0084782206690255
2024-02-08,4.007958267244583
2024-02-09,4.007470269241958
2024-02-12,4.007014226661151
2024-02-13,4.006590139502162
2024-02-14,4.00619800776499
2024-02-15,4.005837831449637
2024-02-16,4.005509610556101
2024-02-19,4.005213345084384
2024-02-20,4.004949035034484
2024-02-21,4.004716680406401
2024-02-22,4.004516281200137
2024-02-23,4.004347837415691
2024-02-26,4.004211349053062
2024-02-27,4.004106816112251
2024-02-28,4.004034238593258
2024-02-29,4.003993616496083
2024-03-01,4.008860175704209
2024-03-04,4.008816984097712
2024-03-05,4.0087392675600775
2024-03-06,4.008627026091304
2024-03-07,4.0084802596913915
2024-03-08,4.008298968360341
2024-03-11,4.008083152098151
2024-03-12,4.007832810904823
2024-03-13,4.007547944780355
2024-03-14,4.007228553724749
2024-03-15,4.0068746377380045
2024-03-18,4.006486196820121
2024-03-19,4.006063230971098
2024-03-20,4.005605740190938
2024-03-21,4.005113724479638
2024-03-22,4.0045871838372
2024-03-25,4.004026118263622
2024-03-26,4.003430527758906
2024-03-27,4.002800412323051
2024-03-28,4.002135771956057
2024-03-29,4.001436606657926
2024-04-01,3.9986656378456042
2024-04-02,3.997959360837768
2024-04-03,3.9972471474954903
2024-04-04,3.9965289978187717
2024-04-05,3.9958049118076113
2024-04-08,3.99507488946201
2024-04-09,3.9943389307819674
2024-04-10,3.9935970357674835
2024-04-11,3.9928492044185586
2024-04-12,3.9920954367351924
2024-04-15,3.9913357327173844
2024-04-16,3.9905700923651355
2024-04-17,3.9897985156784457
2024-04-18,3.989021002657314
2024-04-19,3.9882375533017416
2024-04-22,3.9874481676117277
2024-04-23,3.9866528455872725
2024-04-24,3.985851587228376
2024-04-25,3.9850443925350385
2024-04-26,3.9842312615072597
2024-04-29,3.9834121941450396
2024-04-30,3.982587190448378
2024-05-01,3.979008710385343
2024-05-02,3.978239895102397
2024-05-03,3.9774970767401685
2024-05-06,3.9767802552986575
2024-05-07,3.9760894307778636
2024-05-08,3.975424603177787
2024-05-09,3.974785772498428
2024-05-10,3.9741729387397866
2024-05-13,3.9735861019018626
2024-05-14,3.973025261984656
2024-05-15,3.972490418988167
2024-05-16,3.971981572912395
2024-05-17,3.9714987237573403
2024-05-20,3.9710418715230036
2024-05-21,3.970611016209384
2024-05-22,3.9702061578164813
2024-05-23,3.9698272963442967
2024-05-24,3.9694744317928294
2024-05-27,3.9691475641620793
2024-05-28,3.968846693452047
2024-05-29,3.9685718196627318
2024-05-30,3.968322942794134
2024-05-31,3.9681000628462537
2024-06-03,3.9695176552265914
2024-06-04,3.9693011418113477
2024-06-05,3.9690945304620984
2024-06-06,3.968897821178843
2024-06-07,3.968711013961581
2024-06-10,3.968534108810313
2024-06-11,3.9683671057250396
2024-06-12,3.9682100047057594
2024-06-13,3.9680628057524734
2024-06-14,3.9679255088651812
2024-06-17,3.967798114043883
2024-06-18,3.9676806212885785
2024-06-19,3.9675730305992682
2024-06-20,3.9674753419759514
2024-06-21,3.967387555418629
2024-06-24,3.9673096709273
2024-06-25,3.9672416885019652
2024-06-26,3.9671836081426246
2024-06-27,3.9671354298492774
2024-06-28,3.9670971536219244
2024-07-01,3.9566136203163556
2024-07-02,3.9567152595987194
2024-07-03,3.9569432113472374
2024-07-04,3.95729747556191
2024-07-05,3.957778052242737
2024-07-08,3.9583849413897187
2024-07-09,3.9591181430028546
2024-07-10,3.9599776570821446
2024-07-11,3.9609634836275895
2024-07-12,3.962075622639188
2024-07-15,3.963314074116942
2024-07-16,3.9646788380608498
2024-07-17,3.966169914470912
2024-07-18,3.9677873033471287
2024-07-19,3.9695310046895
2024-07-22,3.9714010184980255
2024-07-23,3.9733973447727053
2024-07-24,3.9755199835135397
2024-07-25,3.9777689347205283
2024-07-26,3.9801441983936714
2024-07-29,3.982645774532969
2024-07-30,3.9852736631384214
2024-07-31,3.9880278642100278
2024-08-01,4.011408922244378
2024-08-02,4.014304597019919
2024-08-05,4.017084500599705
2024-08-06,4.019748632983737
2024-08-07,4.022296994172016
2024-08-08,4.024729584164539
2024-08-09,4.027046402961307
2024-08-12,4.0292474505623215
2024-08-13,4.031332726967581
2024-08-14,4.033302232177086
2024-08-15,4.035155966190837
2024-08-16,4.0368939290088335
2024-08-19,4.038516120631075
2024-08-20,4.040022541057563
2024-08-21,4.041413190288296
2024-08-22,4.042688068323273
2024-08-23,4.043847175162497
2024-08-26,4.044890510805967
2024-08-27,4.045818075253682
2024-08-28,4.046629868505643
2024-08-29,4.047325890561849
2024-08-30,4.047906141422301
2024-09-02,4.046695544422293
2024-09-03,4.04707804972689
2024-09-04,4.047356462592116
2024-09-05,4.0475307830179705
2024-09-06,4.0476010110044545
2024-09-09,4.047567146551566
2024-09-10,4.047429189659307
2024-09-11,4.047187140327677
2024-09-12,4.046840998556675
2024-09-13,4.0463907643463015
2024-09-16,4.045836437696558
2024-09-17,4.045178018607442
2024-09-18,4.044415507078956
2024-09-19,4.043548903111097
2024-09-20,4.042578206703868
2024-09-23,4.0415034178572675
2024-09-24,4.040324536571295
2024-09-25,4.039041562845952
2024-09-26,4.037654496681237
2024-09-27,4.036163338077151
2024-09-30,4.034568087033695
2024-10-01,4.021195773152613
2024-10-02,4.019690941956287
2024-10-03,4.018232854047956
2024-10-04,4.016821509427622
2024-10-07,4.015456908095283
2024-10-08,4.0141390500509395
2024-10-09,4.012867935294591
2024-10-10,4.011643563826239
2024-10-11,4.0104659356458825
2024-10-14,4.0093350507535215
2024-10-15,4.008250909149156
2024-10-16,4.007213510832786
2024-10-17,4.0062228558044115
2024-10-18,4.005278944064033
2024-10-21,4.00438177561165
2024-10-22,4.003531350447263
2024-10-23,4.002727668570871
2024-10-24,4.0019707299824745
2024-10-25,4.001260534682074
2024-10-28,4.000597082669669
2024-10-29,3.9999803739452595
2024-10-30,3.9994104085088455
2024-10-31,3.9988871863604274
2024-11-01,3.9969346188761814
2024-11-04,3.9964886721016426
2024-11-05,3.9961186363520746
2024-11-06,3.995824511627478
2024-11-07,3.995606297927852
2024-11-08,3.995463995253198
2024-11-11,3.9953976036035153
2024-11-12,3.9954071229788037
2024-11-13,3.9954925533790635
2024-11-14,3.995653894804294
2024-11-15,3.9958911472544965
2024-11-18,3.99620431072967
2024-11-19,3.9965933852298146
2024-11-20,3.9970583707549308
2024-11-21,3.997599267305018
2024-11-22,3.998216074880076
2024-11-25,3.9989087934801058
2024-11-26,3.9996774231051067
2024-11-27,4.000521963755079
2024-11-28,4.001442415430023
2024-11-29,4.002438778129938
2024-12-02,4.015569291395742
2024-12-03,4.016511883779769
2024-12-04,4.017373534537704
2024-12-05,4.018154243669546
2024-12-06,4.018854011175296
2024-12-09,4.019472837054955
2024-12-10,4.0200107213085206
2024-12-11,4.020467663935995
2024-12-12,4.020843664937377
2024-12-13,4.021138724312667
2024-12-16,4.021352842061865
2024-12-17,4.021486018184971
2024-12-18,4.021538252681985
2024-12-19,4.021509545552907
2024-12-20,4.021399896797736
2024-12-23,4.021209306416474
2024-12-24,4.02093777440912
2024-12-25,4.020585300775673
2024-12-26,4.020151885516135
2024-12-27,4.019637528630504
2024-12-30,4.019042230118782
2024-12-31,4.018365989980968
2025-01-01,4.004050810307592
2025-01-02,4.003406761506786
2025-01-03,4.002842924722821
2025-01-06,4.0023592999557005
2025-01-07,4.0019558872054235
2025-01-08,4.001632686471988
2025-01-09,4.001389697755397
2025-01-10,4.001226921055648
2025-01-13,4.001144356372742
2025-01-14,4.00114200370668
2025-01-15,4.00121986305746
2025-01-16,4.001377934425084
2025-01-17,4.00161621780955
2025-01-20,4.00193471321086
2025-01-21,4.002333420629013
2025-01-22,4.002812340064008
2025-01-23,4.003371471515846
2025-01-24,4.004010814984528
2025-01-27,4.004730370470052
2025-01-28,4.00553013797242
2025-01-29,4.006410117491631
2025-01-30,4.007370309027685
2025-01-31,4.008410712580582
2025-02-03,4.019339893549496
2025-02-04,4.020588513308091
2025-02-05,4.021797044920081
2025-02-06,4.0229654883854655
2025-02-07,4.024093843704245
2025-02-10,4.025182110876419
2025-02-11,4.026230289901988
2025-02-12,4.02723838078095
2025-02-13,4.028206383513308
2025-02-14,4.029134298099061
2025-02-17,4.030022124538208
2025-02-18,4.03086986283075
2025-02-19,4.031677512976686
2025-02-20,4.032445074976017
2025-02-21,4.033172548828742
2025-02-24,4.0338599345348625
2025-02-25,4.034507232094377
2025-02-26,4.035114441507287
2025-02-27,4.035681562773591
2025-02-28,4.03620859589329
2025-03-03,4.030985615859742
2025-03-04,4.031490724831466
2025-03-05,4.032037185657683
2025-03-06,4.032624998338393
2025-03-07,4.033254162873594
2025-03-10,4.033924679263288
2025-03-11,4.034636547507476
2025-03-12,4.035389767606155
2025-03-13,4.036184339559327
2025-03-14,4.037020263366991
2025-03-17,4.0378975390291485
2025-03-18,4.038816166545798
2025-03-19,4.039776145916941
2025-03-20,4.040777477142575
2025-03-21,4.041820160222702
2025-03-24,4.0429041951573215
2025-03-25,4.044029581946434
2025-03-26,4.045196320590039
2025-03-27,4.046404411088136
2025-03-28,4.047653853440726
2025-03-31,4.048944647647808
2025-04-01,4.06080650118585
2025-04-02,4.061984585660625
2025-04-03,4.063069160642309
2025-04-04,4.064060226130901
2025-04-07,4.064957782126402
2025-04-08,4.065761828628811
2025-04-09,4.066472365638129
2025-04-10,4.0670893931543555
2025-04-11,4.06761291117749
2025-04-14,4.068042919707533
2025-04-15,4.0683794187444855
2025-04-16,4.068622408288346
2025-04-17,4.068771888339114
2025-04-18,4.068827858896792
2025-04-21,4.068790319961377
2025-04-22,4.068659271532872
2025-04-23,4.068434713611274
2025-04-24,4.068116646196586
2025-04-25,4.067705069288805
2025-04-28,4.067199982887933
2025-04-29,4.06660138699397
2025-04-30,4.065909281606915
2025-05-01,4.055448006082975
2025-05-02,4.054689076251896
2025-05-05,4.053956831469884
2025-05-06,4.05325127173694
2025-05-07,4.052572397053064
2025-05-08,4.051920207418254
2025-05-09,4.051294702832513
2025-05-12,4.0506958832958375
2025-05-13,4.050123748808231
2025-05-14,4.049578299369691
2025-05-15,4.049059534980219
2025-05-16,4.048567455639814
2025-05-19,4.048102061348477
2025-05-20,4.047663352106206
2025-05-21,4.047251327913004
2025-05-22,4.046865988768869
2025-05-23,4.046507334673801
2025-05-26,4.046175365627801
2025-05-27,4.045870081630867
2025-05-28,4.045591482683002
2025-05-29,4.045339568784204
2025-05-30,4.045114339934473
2025-06-02,4.049774973387756
2025-06-03,4.04952994205625
2025-06-04,4.049247877660596
2025-06-05,4.0489287802007965
2025-06-06,4.048572649676851
2025-06-09,4.04817948608876
2025-06-10,4.047749289436522
2025-06-11,4.047282059720139
2025-06-12,4.04677779693961
2025-06-13,4.046236501094935
2025-06-16,4.045658172186114
2025-06-17,4.045042810213147
2025-06-18,4.044390415176034
2025-06-19,4.043700987074775
2025-06-20,4.04297452590937
2025-06-23,4.042211031679819
2025-06-24,4.041410504386122
2025-06-25,4.04057294402828
2025-06-26,4.039698350606291
2025-06-27,4.038786724120156
2025-06-30,4.0378380645698755
2025-07-01,4.031093300929889
2025-07-02,4.030228390821136
2025-07-03,4.029398550816801
2025-07-04,4.0286037809168835
2025-07-07,4.027844081121384
2025-07-08,4.027119451430305
2025-07-09,4.026429891843643
2025-07-10,4.025775402361399
2025-07-11,4.025155982983574
2025-07-14,4.024571633710168
2025-07-15,4.024022354541179
2025-07-16,4.023508145476609
2025-07-17,4.023029006516458
2025-07-18,4.022584937660724
2025-07-21,4.02217593890941
2025-07-22,4.021802010262513
2025-07-23,4.0214631517200345
2025-07-24,4.021159363281975
2025-07-25,4.0208906449483335
2025-07-28,4.020656996719111
2025-07-29,4.020458418594306
2025-07-30,4.02029491057392
2025-07-31,4.0201664726579525
2025-08-01,4.023903635221938
2025-08-04,4.023791164229592
2025-08-05,4.023668482228978
2025-08-06,4.023535589220097
2025-08-07,4.023392485202947
2025-08-08,4.023239170177528
2025-08-11,4.023075644143843
2025-08-12,4.02290190710189
2025-08-13,4.022717959051668
2025-08-14,4.022523799993179
2025-08-15,4.022319429926421
2025-08-18,4.022104848851396
2025-08-19,4.021880056768103
2025-08-20,4.021645053676541
2025-08-21,4.021399839576712
2025-08-22,4.021144414468615
2025-08-25,4.02087877835225
2025-08-26,4.020602931227617
2025-08-27,4.020316873094716
2025-08-28,4.020020603953547
2025-08-29,4.0197141238041105
2025-09-01,4.02039339683956
2025-09-02,4.020069515965039
2025-09-03,4.01972405032108
2025-09-04,4.019356999907681
2025-09-05,4.018968364724844
2025-09-08,4.018558144772569
2025-09-09,4.018126340050854
2025-09-10,4.0176729505597
2025-09-11,4.017197976299108
2025-09-12,4.0167014172690765
2025-09-15,4.016183273469607
2025-09-16,4.015643544900698
2025-09-17,4.01508223156235
2025-09-18,4.014499333454564
2025-09-19,4.013894850577339
2025-09-22,4.013268782930674
2025-09-23,4.012621130514572
2025-09-24,4.01195189332903
2025-09-25,4.011261071374049
2025-09-26,4.0105486646496304
2025-09-29,4.009814673155772
2025-09-30,4.009059096892475
2025-10-01,4.007326492348771
2025-10-02,4.006574425066791
2025-10-03,4.005813661925453
2025-10-06,4.005044202924752
2025-10-07,4.004266048064689
2025-10-08,4.003479197345266
2025-10-09,4.002683650766482
2025-10-10,4.001879408328335
2025-10-13,4.001066470030828
2025-10-14,4.000244835873959
2025-10-15,3.9994145058577297
2025-10-16,3.9985754799821382
2025-10-17,3.9977277582471857
2025-10-20,3.9968713406528718
2025-10-21,3.9960062271991967
2025-10-22,3.9951324178861602
2025-10-23,3.9942499127137623
2025-10-24,3.9933587116820033
2025-10-27,3.992458814790883
2025-10-28,3.991550222040401
2025-10-29,3.990632933430558
2025-10-30,3.9897069489613535
2025-10-31,3.9887722686327876
2025-11-03,3.9860562828885406
2025-11-04,3.9849854847945063
2025-11-05,3.9839287712225535
2025-11-06,3.982886142172682
2025-11-07,3.981857597644893
2025-11-10,3.980843137639185
2025-11-11,3.979842762155559
2025-11-12,3.9788564711940144
2025-11-13,3.9778842647545516
2025-11-14,3.9769261428371707
2025-11-17,3.975982105441871
2025-11-18,3.975052152568653
2025-11-19,3.9741362842175167
2025-11-20,3.9732345003884624
2025-11-21,3.9723468010814895
2025-11-24,3.971473186296598
2025-11-25,3.970613656033789
2025-11-26,3.9697682102930605
2025-11-27,3.968936849074414
2025-11-28,3.9681195723778497
2025-12-01,3.9675135562924164
2025-12-02,3.9668241263456023
2025-12-03,3.9661436944297845
2025-12-04,3.9654722605449635
2025-12-05,3.964809824691139
2025-12-08,3.9641563868683116
2025-12-09,3.9635119470764812
2025-12-10,3.962876505315647
2025-12-11,3.9622500615858103
2025-12-12,3.9616326158869697
2025-12-15,3.9610241682191263
2025-12-16,3.9604247185822796
2025-12-17,3.9598342669764297
2025-12-18,3.9592528134015765
2025-12-19,3.95868035785772
2025-12-22,3.9581169003448604
2025-12-23,3.9575624408629975
2025-12-24,3.9570169794121313
2025-12-25,3.9564805159922622
2025-12-26,3.9559530506033895
2025-12-29,3.9554345832455136
2025-12-30,3.9549251139186348
2025-12-31,3.9544246426227527
2026-01-01,3.9532187434408534
2026-01-02,3.952723502939225
2026-01-05,3.952246834894712
2026-01-06,3.951788739307315
2026-01-07,3.951349216177033
2026-01-08,3.950928265503867
2026-01-09,3.9505258872878164
2026-01-12,3.950142081528881
2026-01-13,3.9497768482270614
2026-01-14,3.949430187382357
2026-01-15,3.9491020989947687
2026-01-16,3.9487925830642956
2026-01-19,3.9485016395909383
2026-01-20,3.948229268574696
2026-01-21,3.9479754700155696
2026-01-22,3.9477402439135587
2026-01-23,3.947523590268663
2026-01-26,3.947325509080883
2026-01-27,3.9471460003502186
2026-01-28,3.94698506407667
2026-01-29,3.946842700260236
2026-01-30,3.9467189089009187
2026-02-02,3.9504704160238195
2026-02-03,3.950319082687451
2026-02-04,3.950132156807136
2026-02-05,3.949909638382876
2026-02-06,3.9496515274146686
2026-02-09,3.949357823902516
2026-02-10,3.949028527846417
2026-02-11,3.9486636392463716
2026-02-12,3.948263158102381
2026-02-13,3.9478270844144436
2026-02-16,3.9473554181825605
2026-02-17,3.946848159406731
2026-02-18,3.9463053080869557
2026-02-19,3.9457268642232344
2026-02-20,3.9451128278155667
2026-02-23,3.944463198863953
2026-02-24,3.9437779773683936
2026-02-25,3.943057163328888
2026-02-26,3.942300756745436
2026-02-27,3.9415087576180383
2026-03-02,3.937569996163991
2026-03-03,3.936827352936568
2026-03-04,3.9360944225465806
2026-03-05,3.935371204994028
2026-03-06,3.9346577002789105
2026-03-09,3.9339539084012283
2026-03-10,3.9332598293609813
2026-03-11,3.9325754631581695
2026-03-12,3.931900809792793
2026-03-13,3.9312358692648517
2026-03-16,3.9305806415743456
2026-03-17,3.9299351267212748
2026-03-18,3.9292993247056387
2026-03-19,3.9286732355274383
2026-03-20,3.9280568591866727
2026-03-23,3.9274501956833427
2026-03-24,3.9268532450174476
2026-03-25,3.9262660071889877
2026-03-26,3.9256884821979634
2026-03-27,3.925120670044374
2026-03-30,3.9245625707282197
2026-03-31,3.9240141842495007
2026-04-01,3.9212650431724727
2026-04-02,3.920763541591428
2026-04-03,3.9202992120706233
2026-04-06,3.9198720546100576
2026-04-07,3.9194820692097316
2026-04-08,3.919129255869645
2026-04-09,3.918813614589798
2026-04-10,3.9185351453701904
2026-04-13,3.9182938482108223
2026-04-14,3.9180897231116933
2026-04-15,3.917922770072804
2026-04-16,3.917792989094154
2026-04-17,3.9177003801757437
2026-04-20,3.917644943317573
2026-04-21,3.9176266785196416
2026-04-22,3.9176455857819494
2026-04-23,3.917701665104497
2026-04-24,3.9177949164872836
2026-04-27,3.91792533993031
2026-04-28,3.918092935433576
2026-04-29,3.9182977029970814
2026-04-30,3.918539642620826
2026-05-01,3.927393278738337
2026-05-04,3.9268697505181165
2026-05-05,3.9263870188447347
2026-05-06,3.925945083718192
2026-05-07,3.9255439451384877
2026-05-08,3.9251836031056224
2026-05-11,3.9248640576195957
2026-05-12,3.924585308680408
2026-05-13,3.9243473562880586
2026-05-14,3.9241502004425484
2026-05-15,3.9239938411438766
2026-05-18,3.923878278392044
2026-05-19,3.9238035121870496
2026-05-20,3.9237695425288943
2026-05-21,3.923776369417578
2026-05-22,3.9238239928531002
2026-05-25,3.923912412835461
2026-05-26,3.924041629364661
2026-05-27,3.9242116424406994
2026-05-28,3.9244224520635766
2026-05-29,3.924674058233293
2026-06-01,
2026-06-02,
2026-06-03,
2026-06-04,
2026-06-05,
2026-06-08,
2026-06-09,
2026-06-10,
2026-06-11,
2026-06-12,
2026-06-15,
2026-06-16,
2026-06-17,
2026-06-18,
2026-06-19,
2026-06-22,
2026-06-23,
2026-06-24,
2026-06-25,
2026-06-26,
2026-06-29,
2026-06-30,
