date,log_rgdp
1999-01-14,13.092190782731905
1999-01-15,13.091929877696058
1999-01-18,13.091675501996168
1999-01-19,13.091427655632234
1999-01-20,13.091186338604256
1999-01-21,13.090951550912234
1999-01-22,13.090723292556168
1999-01-25,13.090501563536058
1999-01-26,13.090286363851904
1999-01-27,13.090077693503707
1999-01-28,13.089875552491465
1999-01-29,13.08967994081518
1999-02-01,13.089490858474852
1999-02-02,13.08930830547048
1999-02-03,13.089132281802062
1999-02-04,13.088962787469603
1999-02-05,13.088799822473097
1999-02-08,13.08864338681255
1999-02-09,13.088493480487958
1999-02-10,13.088350103499321
1999-02-11,13.088213255846641
1999-02-12,13.088082937529919
1999-02-15,13.087959148549151
1999-02-16,13.08784188890434
1999-02-17,13.087731158595485
1999-02-18,13.087626957622586
1999-02-19,13.087529285985642
1999-02-22,13.087438143684656
1999-02-23,13.087353530719625
1999-02-24,13.087275447090551
1999-02-25,13.087203892797433
1999-02-26,13.08713886784027
1999-03-01,13.087080372219065
1999-03-02,13.087028405933815
1999-03-03,13.08698296898452
1999-03-04,13.086944061371183
1999-03-05,13.086911683093803
1999-03-08,13.086885834152376
1999-03-09,13.086866514546907
1999-03-10,13.086853724277395
1999-03-11,13.086847463343839
1999-03-12,13.086847731746237
1999-03-15,13.086854529484592
1999-03-16,13.086867856558904
1999-03-17,13.086887712969173
1999-03-18,13.086914098715397
1999-03-19,13.086947013797577
1999-03-22,13.086986458215712
1999-03-23,13.087032431969805
1999-03-24,13.087084935059853
1999-03-25,13.087143967485858
1999-03-26,13.087209529247819
1999-03-29,13.087281620345736
1999-03-30,13.087360240779608
1999-03-31,13.087445390549439
1999-04-01,13.090738265893089
1999-04-02,13.0908159577609
1999-04-05,13.090893766868545
1999-04-06,13.090971693216026
1999-04-07,13.091049736803347
1999-04-08,13.091127897630503
1999-04-09,13.091206175697497
1999-04-12,13.091284571004326
1999-04-13,13.091363083550993
1999-04-14,13.091441713337497
1999-04-15,13.091520460363837
1999-04-16,13.091599324630016
1999-04-19,13.091678306136028
1999-04-20,13.09175740488188
1999-04-21,13.091836620867568
1999-04-22,13.091915954093093
1999-04-23,13.091995404558455
1999-04-26,13.092074972263653
1999-04-27,13.092154657208688
1999-04-28,13.092234459393561
1999-04-29,13.09231437881827
1999-04-30,13.092394415482815
1999-05-03,13.092474569387198
1999-05-04,13.092554840531417
1999-05-05,13.092635228915473
1999-05-06,13.092715734539366
1999-05-07,13.092796357403095
1999-05-10,13.092877097506662
1999-05-11,13.092957954850066
1999-05-12,13.093038929433307
1999-05-13,13.093120021256384
1999-05-14,13.093201230319297
1999-05-17,13.093282556622048
1999-05-18,13.093364000164636
1999-05-19,13.09344556094706
1999-05-20,13.093527238969322
1999-05-21,13.09360903423142
1999-05-24,13.093690946733355
1999-05-25,13.093772976475126
1999-05-26,13.093855123456736
1999-05-27,13.093937387678181
1999-05-28,13.094019769139463
1999-05-31,13.094102267840583
1999-06-01,13.094184883781539
1999-06-02,13.09426761696233
1999-06-03,13.094350467382961
1999-06-04,13.094433435043427
1999-06-07,13.094516519943731
1999-06-08,13.09459972208387
1999-06-09,13.094683041463847
1999-06-10,13.094766478083661
1999-06-11,13.094850031943311
1999-06-14,13.0949337030428
1999-06-15,13.095017491382123
1999-06-16,13.095101396961285
1999-06-17,13.095185419780282
1999-06-18,13.095269559839117
1999-06-21,13.09535381713779
1999-06-22,13.095438191676298
1999-06-23,13.095522683454643
1999-06-24,13.095607292472826
1999-06-25,13.095692018730844
1999-06-28,13.0957768622287
1999-06-29,13.095861822966393
1999-06-30,13.095946900943922
1999-07-01,13.09713655150838
1999-07-02,13.097219047075452
1999-07-05,13.097300133828856
1999-07-06,13.097379811768594
1999-07-07,13.097458080894663
1999-07-08,13.097534941207066
1999-07-09,13.0976103927058
1999-07-12,13.097684435390867
1999-07-13,13.097757069262268
1999-07-14,13.097828294320001
1999-07-15,13.097898110564065
1999-07-16,13.097966517994463
1999-07-19,13.098033516611194
1999-07-20,13.098099106414256
1999-07-21,13.098163287403652
1999-07-22,13.09822605957938
1999-07-23,13.098287422941441
1999-07-26,13.098347377489834
1999-07-27,13.09840592322456
1999-07-28,13.098463060145617
1999-07-29,13.098518788253008
1999-07-30,13.098573107546732
1999-08-02,13.098626018026788
1999-08-03,13.098677519693176
1999-08-04,13.098727612545897
1999-08-05,13.098776296584951
1999-08-06,13.098823571810337
1999-08-09,13.098869438222057
1999-08-10,13.098913895820107
1999-08-11,13.098956944604492
1999-08-12,13.098998584575208
1999-08-13,13.099038815732257
1999-08-16,13.099077638075638
1999-08-17,13.099115051605352
1999-08-18,13.0991510563214
1999-08-19,13.09918565222378
1999-08-20,13.09921883931249
1999-08-23,13.099250617587536
1999-08-24,13.099280987048912
1999-08-25,13.099309947696621
1999-08-26,13.099337499530664
1999-08-27,13.099363642551038
1999-08-30,13.099388376757746
1999-08-31,13.099411702150785
1999-09-01,13.099433618730158
1999-09-02,13.099454126495864
1999-09-03,13.099473225447902
1999-09-06,13.099490915586271
1999-09-07,13.099507196910974
1999-09-08,13.09952206942201
1999-09-09,13.099535533119377
1999-09-10,13.099547588003079
1999-09-13,13.099558234073111
1999-09-14,13.099567471329475
1999-09-15,13.099575299772175
1999-09-16,13.099581719401206
1999-09-17,13.099586730216568
1999-09-20,13.099590332218265
1999-09-21,13.099592525406292
1999-09-22,13.099593309780653
1999-09-23,13.099592685341348
1999-09-24,13.099590652088374
1999-09-27,13.099587210021731
1999-09-28,13.099582359141422
1999-09-29,13.099576099447447
1999-09-30,13.099568430939803
1999-10-01,13.095334827980805
1999-10-04,13.095330162087807
1999-10-05,13.095329907623123
1999-10-06,13.095334064586751
1999-10-07,13.095342632978694
1999-10-08,13.095355612798949
1999-10-11,13.095373004047518
1999-10-12,13.0953948067244
1999-10-13,13.095421020829596
1999-10-14,13.095451646363104
1999-10-15,13.095486683324925
1999-10-18,13.095526131715062
1999-10-19,13.095569991533509
1999-10-20,13.095618262780272
1999-10-21,13.095670945455346
1999-10-22,13.095728039558736
1999-10-25,13.095789545090437
1999-10-26,13.095855462050451
1999-10-27,13.09592579043878
1999-10-28,13.096000530255422
1999-10-29,13.096079681500377
1999-11-01,13.096163244173646
1999-11-02,13.096251218275228
1999-11-03,13.096343603805122
1999-11-04,13.096440400763331
1999-11-05,13.096541609149853
1999-11-08,13.096647228964688
1999-11-09,13.096757260207836
1999-11-10,13.096871702879298
1999-11-11,13.096990556979073
1999-11-12,13.09711382250716
1999-11-15,13.097241499463562
1999-11-16,13.097373587848276
1999-11-17,13.097510087661306
1999-11-18,13.097650998902646
1999-11-19,13.0977963215723
1999-11-22,13.097946055670269
1999-11-23,13.09810020119655
1999-11-24,13.098258758151145
1999-11-25,13.098421726534053
1999-11-26,13.098589106345274
1999-11-29,13.098760897584809
1999-11-30,13.098937100252655
1999-12-01,13.099117714348818
1999-12-02,13.099302739873291
1999-12-03,13.099492176826079
1999-12-06,13.09968602520718
1999-12-07,13.099884285016595
1999-12-08,13.100086956254323
1999-12-09,13.100294038920364
1999-12-10,13.100505533014719
1999-12-13,13.100721438537386
1999-12-14,13.100941755488366
1999-12-15,13.101166483867662
1999-12-16,13.101395623675268
1999-12-17,13.101629174911189
1999-12-20,13.101867137575423
1999-12-21,13.10210951166797
1999-12-22,13.102356297188832
1999-12-23,13.102607494138006
1999-12-24,13.102863102515492
1999-12-27,13.103123122321295
1999-12-28,13.103387553555407
1999-12-29,13.103656396217835
1999-12-30,13.103929650308576
1999-12-31,13.10420731582763
2000-01-03,13.10977958585513
2000-01-04,13.110063039292244
2000-01-05,13.110343529573761
2000-01-06,13.110621056699683
2000-01-07,13.110895620670007
2000-01-10,13.111167221484736
2000-01-11,13.111435859143867
2000-01-12,13.111701533647402
2000-01-13,13.11196424499534
2000-01-14,13.112223993187682
2000-01-17,13.112480778224425
2000-01-18,13.112734600105574
2000-01-19,13.112985458831124
2000-01-20,13.11323335440108
2000-01-21,13.113478286815438
2000-01-24,13.113720256074199
2000-01-25,13.113959262177364
2000-01-26,13.114195305124932
2000-01-27,13.114428384916904
2000-01-28,13.114658501553278
2000-01-31,13.114885655034056
2000-02-01,13.115109845359237
2000-02-02,13.115331072528821
2000-02-03,13.11554933654281
2000-02-04,13.1157646374012
2000-02-07,13.115976975103996
2000-02-08,13.116186349651194
2000-02-09,13.116392761042796
2000-02-10,13.1165962092788
2000-02-11,13.11679669435921
2000-02-14,13.11699421628402
2000-02-15,13.117188775053235
2000-02-16,13.117380370666853
2000-02-17,13.117569003124874
2000-02-18,13.1177546724273
2000-02-21,13.117937378574126
2000-02-22,13.118117121565358
2000-02-23,13.118293901400992
2000-02-24,13.118467718081032
2000-02-25,13.118638571605473
2000-02-28,13.118806461974318
2000-02-29,13.118971389187566
2000-03-01,13.119133353245216
2000-03-02,13.119292354147271
2000-03-03,13.11944839189373
2000-03-06,13.11960146648459
2000-03-07,13.119751577919855
2000-03-08,13.119898726199525
2000-03-09,13.120042911323596
2000-03-10,13.120184133292069
2000-03-13,13.120322392104947
2000-03-14,13.12045768776223
2000-03-15,13.120590020263915
2000-03-16,13.120719389610002
2000-03-17,13.120845795800493
2000-03-20,13.12096923883539
2000-03-21,13.121089718714687
2000-03-22,13.121207235438389
2000-03-23,13.121321789006492
2000-03-24,13.121433379419
2000-03-27,13.121542006675913
2000-03-28,13.121647670777227
2000-03-29,13.121750371722944
2000-03-30,13.121850109513067
2000-03-31,13.121946884147592
2000-04-03,13.12104590576797
2000-04-04,13.121138167145077
2000-04-05,13.121228878420364
2000-04-06,13.121318039593833
2000-04-07,13.121405650665478
2000-04-10,13.121491711635306
2000-04-11,13.121576222503311
2000-04-12,13.121659183269497
2000-04-13,13.121740593933863
2000-04-14,13.121820454496408
2000-04-17,13.121898764957134
2000-04-18,13.121975525316039
2000-04-19,13.122050735573122
2000-04-20,13.122124395728386
2000-04-21,13.12219650578183
2000-04-24,13.122267065733453
2000-04-25,13.122336075583256
2000-04-26,13.12240353533124
2000-04-27,13.122469444977401
2000-04-28,13.122533804521744
2000-05-01,13.122596613964266
2000-05-02,13.122657873304966
2000-05-03,13.122717582543848
2000-05-04,13.12277574168091
2000-05-05,13.12283235071615
2000-05-08,13.12288740964957
2000-05-09,13.12294091848117
2000-05-10,13.12299287721095
2000-05-11,13.123043285838909
2000-05-12,13.123092144365048
2000-05-15,13.123139452789365
2000-05-16,13.123185211111863
2000-05-17,13.123229419332542
2000-05-18,13.1232720774514
2000-05-19,13.123313185468437
2000-05-22,13.123352743383654
2000-05-23,13.123390751197052
2000-05-24,13.123427208908627
2000-05-25,13.123462116518384
2000-05-26,13.123495474026319
2000-05-29,13.123527281432436
2000-05-30,13.12355753873673
2000-05-31,13.123586245939205
2000-06-01,13.12361340303986
2000-06-02,13.123639010038694
2000-06-05,13.123663066935707
2000-06-06,13.123685573730901
2000-06-07,13.123706530424274
2000-06-08,13.123725937015827
2000-06-09,13.12374379350556
2000-06-12,13.123760099893472
2000-06-13,13.123774856179564
2000-06-14,13.123788062363836
2000-06-15,13.123799718446287
2000-06-16,13.123809824426917
2000-06-19,13.123818380305728
2000-06-20,13.12382538608272
2000-06-21,13.12383084175789
2000-06-22,13.12383474733124
2000-06-23,13.123837102802769
2000-06-26,13.123837908172478
2000-06-27,13.123837163440367
2000-06-28,13.123834868606435
2000-06-29,13.123831023670684
2000-06-30,13.123825628633112
2000-07-03,13.120934264097443
2000-07-04,13.120929866042871
2000-07-05,13.120928015073122
2000-07-06,13.120928711188197
2000-07-07,13.120931954388093
2000-07-10,13.120937744672812
2000-07-11,13.120946082042352
2000-07-12,13.120956966496713
2000-07-13,13.1209703980359
2000-07-14,13.120986376659905
2000-07-17,13.121004902368734
2000-07-18,13.121025975162386
2000-07-19,13.121049595040859
2000-07-20,13.121075762004153
2000-07-21,13.12110447605227
2000-07-24,13.12113573718521
2000-07-25,13.12116954540297
2000-07-26,13.121205900705556
2000-07-27,13.121244803092962
2000-07-28,13.12128625256519
2000-07-31,13.12133024912224
2000-08-01,13.121376792764112
2000-08-02,13.121425883490806
2000-08-03,13.121477521302323
2000-08-04,13.121531706198661
2000-08-07,13.12158843817982
2000-08-08,13.121647717245803
2000-08-09,13.121709543396609
2000-08-10,13.121773916632236
2000-08-11,13.121840836952686
2000-08-14,13.121910304357957
2000-08-15,13.12198231884805
2000-08-16,13.122056880422965
2000-08-17,13.122133989082704
2000-08-18,13.122213644827262
2000-08-21,13.122295847656645
2000-08-22,13.12238059757085
2000-08-23,13.122467894569875
2000-08-24,13.122557738653724
2000-08-25,13.122650129822393
2000-08-28,13.122745068075886
2000-08-29,13.1228425534142
2000-08-30,13.122942585837338
2000-08-31,13.123045165345296
2000-09-01,13.123150291938078
2000-09-04,13.12325796561568
2000-09-05,13.123368186378105
2000-09-06,13.123480954225354
2000-09-07,13.123596269157423
2000-09-08,13.123714131174314
2000-09-11,13.123834540276029
2000-09-12,13.123957496462564
2000-09-13,13.124082999733922
2000-09-14,13.124211050090102
2000-09-15,13.124341647531104
2000-09-18,13.12447479205693
2000-09-19,13.124610483667576
2000-09-20,13.124748722363044
2000-09-21,13.124889508143335
2000-09-22,13.125032841008448
2000-09-25,13.125178720958383
2000-09-26,13.12532714799314
2000-09-27,13.12547812211272
2000-09-28,13.12563164331712
2000-09-29,13.125787711606344
2000-10-02,13.128485810405735
2000-10-03,13.128643365643827
2000-10-04,13.128799860745968
2000-10-05,13.128955295712156
2000-10-06,13.129109670542391
2000-10-09,13.129262985236675
2000-10-10,13.129415239795005
2000-10-11,13.129566434217383
2000-10-12,13.12971656850381
2000-10-13,13.129865642654282
2000-10-16,13.130013656668803
2000-10-17,13.130160610547371
2000-10-18,13.130306504289987
2000-10-19,13.130451337896648
2000-10-20,13.13059511136736
2000-10-23,13.130737824702118
2000-10-24,13.130879477900923
2000-10-25,13.131020070963775
2000-10-26,13.131159603890676
2000-10-27,13.131298076681624
2000-10-30,13.131435489336619
2000-10-31,13.131571841855662
2000-11-01,13.131707134238752
2000-11-02,13.13184136648589
2000-11-03,13.131974538597076
2000-11-06,13.13210665057231
2000-11-07,13.132237702411588
2000-11-08,13.132367694114917
2000-11-09,13.132496625682291
2000-11-10,13.132624497113714
2000-11-13,13.132751308409185
2000-11-14,13.132877059568703
2000-11-15,13.133001750592268
2000-11-16,13.13312538147988
2000-11-17,13.13324795223154
2000-11-20,13.133369462847249
2000-11-21,13.133489913327002
2000-11-22,13.133609303670806
2000-11-23,13.133727633878657
2000-11-24,13.133844903950553
2000-11-27,13.1339611138865
2000-11-28,13.134076263686492
2000-11-29,13.134190353350531
2000-11-30,13.134303382878619
2000-12-01,13.134415352270754
2000-12-04,13.134526261526936
2000-12-05,13.134636110647167
2000-12-06,13.134744899631444
2000-12-07,13.13485262847977
2000-12-08,13.134959297192141
2000-12-11,13.135064905768562
2000-12-12,13.135169454209029
2000-12-13,13.135272942513543
2000-12-14,13.135375370682107
2000-12-15,13.135476738714717
2000-12-18,13.135577046611374
2000-12-19,13.135676294372079
2000-12-20,13.135774481996831
2000-12-21,13.135871609485632
2000-12-22,13.135967676838478
2000-12-25,13.136062684055373
2000-12-26,13.136156631136316
2000-12-27,13.136249518081305
2000-12-28,13.136341344890342
2000-12-29,13.136432111563428
2001-01-01,13.138016003487918
2001-01-02,13.138102527466671
2001-01-03,13.13818586888705
2001-01-04,13.138266027749047
2001-01-05,13.138343004052668
2001-01-08,13.138416797797912
2001-01-09,13.138487408984778
2001-01-10,13.138554837613267
2001-01-11,13.138619083683377
2001-01-12,13.13868014719511
2001-01-15,13.138738028148465
2001-01-16,13.138792726543441
2001-01-17,13.13884424238004
2001-01-18,13.138892575658263
2001-01-19,13.138937726378106
2001-01-22,13.138979694539573
2001-01-23,13.139018480142662
2001-01-24,13.139054083187371
2001-01-25,13.139086503673704
2001-01-26,13.13911574160166
2001-01-29,13.139141796971238
2001-01-30,13.139164669782438
2001-01-31,13.13918436003526
2001-02-01,13.139200867729704
2001-02-02,13.13921419286577
2001-02-05,13.13922433544346
2001-02-06,13.139231295462771
2001-02-07,13.139235072923704
2001-02-08,13.13923566782626
2001-02-09,13.139233080170438
2001-02-12,13.139227309956238
2001-02-13,13.13921835718366
2001-02-14,13.139206221852705
2001-02-15,13.139190903963371
2001-02-16,13.13917240351566
2001-02-19,13.139150720509573
2001-02-20,13.139125854945107
2001-02-21,13.139097806822262
2001-02-22,13.13906657614104
2001-02-23,13.13903216290144
2001-02-26,13.138994567103463
2001-02-27,13.13895378874711
2001-02-28,13.138909827832377
2001-03-01,13.138862684359266
2001-03-02,13.138812358327778
2001-03-05,13.138758849737911
2001-03-06,13.138702158589668
2001-03-07,13.138642284883046
2001-03-08,13.138579228618047
2001-03-09,13.138512989794672
2001-03-12,13.138443568412915
2001-03-13,13.138370964472784
2001-03-14,13.138295177974273
2001-03-15,13.138216208917386
2001-03-16,13.138134057302121
2001-03-19,13.138048723128477
2001-03-20,13.137960206396457
2001-03-21,13.137868507106058
2001-03-22,13.137773625257282
2001-03-23,13.137675560850127
2001-03-26,13.137574313884596
2001-03-27,13.137469884360685
2001-03-28,13.137362272278398
2001-03-29,13.137251477637733
2001-03-30,13.137137500438689
2001-04-02,13.135484149639016
2001-04-03,13.135365989412765
2001-04-04,13.135246828717687
2001-04-05,13.135126667553779
2001-04-06,13.135005505921042
2001-04-09,13.134883343819476
2001-04-10,13.134760181249082
2001-04-11,13.134636018209857
2001-04-12,13.134510854701803
2001-04-13,13.134384690724922
2001-04-16,13.13425752627921
2001-04-17,13.13412936136467
2001-04-18,13.134000195981299
2001-04-19,13.133870030129101
2001-04-20,13.133738863808073
2001-04-23,13.133606697018216
2001-04-24,13.13347352975953
2001-04-25,13.133339362032016
2001-04-26,13.133204193835672
2001-04-27,13.133068025170498
2001-04-30,13.132930856036497
2001-05-01,13.132792686433664
2001-05-02,13.132653516362005
2001-05-03,13.132513345821515
2001-05-04,13.132372174812197
2001-05-07,13.13223000333405
2001-05-08,13.132086831387072
2001-05-09,13.131942658971266
2001-05-10,13.131797486086631
2001-05-11,13.131651312733167
2001-05-14,13.131504138910875
2001-05-15,13.131355964619752
2001-05-16,13.131206789859801
2001-05-17,13.13105661463102
2001-05-18,13.130905438933413
2001-05-21,13.130753262766973
2001-05-22,13.130600086131706
2001-05-23,13.130445909027609
2001-05-24,13.130290731454684
2001-05-25,13.13013455341293
2001-05-28,13.129977374902346
2001-05-29,13.129819195922932
2001-05-30,13.12966001647469
2001-05-31,13.129499836557619
2001-06-01,13.129338656171718
2001-06-04,13.12917647531699
2001-06-05,13.129013293993431
2001-06-06,13.128849112201044
2001-06-07,13.128683929939829
2001-06-08,13.128517747209782
2001-06-11,13.128350564010908
2001-06-12,13.128182380343205
2001-06-13,13.128013196206672
2001-06-14,13.127843011601309
2001-06-15,13.127671826527118
2001-06-18,13.127499640984098
2001-06-19,13.12732645497225
2001-06-20,13.127152268491571
2001-06-21,13.126977081542064
2001-06-22,13.126800894123727
2001-06-25,13.126623706236563
2001-06-26,13.126445517880569
2001-06-27,13.126266329055746
2001-06-28,13.126086139762092
2001-06-29,13.12590494999961
2001-07-02,13.123409401319293
2001-07-03,13.123229496639677
2001-07-04,13.123051877511756
2001-07-05,13.122876543935531
2001-07-06,13.122703495911
2001-07-09,13.122532733438165
2001-07-10,13.122364256517024
2001-07-11,13.122198065147579
2001-07-12,13.122034159329829
2001-07-13,13.121872539063773
2001-07-16,13.121713204349414
2001-07-17,13.121556155186749
2001-07-18,13.121401391575779
2001-07-19,13.121248913516505
2001-07-20,13.121098721008924
2001-07-23,13.120950814053039
2001-07-24,13.12080519264885
2001-07-25,13.120661856796355
2001-07-26,13.120520806495556
2001-07-27,13.120382041746453
2001-07-30,13.120245562549043
2001-07-31,13.120111368903329
2001-08-01,13.11997946080931
2001-08-02,13.119849838266985
2001-08-03,13.119722501276357
2001-08-06,13.119597449837423
2001-08-07,13.119474683950184
2001-08-08,13.11935420361464
2001-08-09,13.119236008830791
2001-08-10,13.119120099598637
2001-08-13,13.119006475918178
2001-08-14,13.118895137789416
2001-08-15,13.118786085212347
2001-08-16,13.118679318186974
2001-08-17,13.118574836713297
2001-08-20,13.118472640791312
2001-08-21,13.118372730421024
2001-08-22,13.118275105602432
2001-08-23,13.118179766335533
2001-08-24,13.11808671262033
2001-08-27,13.117995944456823
2001-08-28,13.11790746184501
2001-08-29,13.117821264784894
2001-08-30,13.117737353276471
2001-08-31,13.117655727319743
2001-09-03,13.117576386914712
2001-09-04,13.117499332061373
2001-09-05,13.117424562759732
2001-09-06,13.117352079009784
2001-09-07,13.117281880811532
2001-09-10,13.117213968164975
2001-09-11,13.117148341070113
2001-09-12,13.117084999526947
2001-09-13,13.117023943535475
2001-09-14,13.116965173095698
2001-09-17,13.116908688207616
2001-09-18,13.11685448887123
2001-09-19,13.116802575086538
2001-09-20,13.116752946853541
2001-09-21,13.11670560417224
2001-09-24,13.116660547042635
2001-09-25,13.116617775464723
2001-09-26,13.116577289438506
2001-09-27,13.116539088963986
2001-09-28,13.11650317404116
2001-10-01,13.117292632253402
2001-10-02,13.117260595580877
2001-10-03,13.11722964207103
2001-10-04,13.117199771723863
2001-10-05,13.117170984539374
2001-10-08,13.117143280517565
2001-10-09,13.117116659658436
2001-10-10,13.117091121961984
2001-10-11,13.117066667428213
2001-10-12,13.11704329605712
2001-10-15,13.117021007848708
2001-10-16,13.116999802802972
2001-10-17,13.116979680919917
2001-10-18,13.11696064219954
2001-10-19,13.116942686641844
2001-10-22,13.116925814246827
2001-10-23,13.116910025014487
2001-10-24,13.116895318944827
2001-10-25,13.116881696037847
2001-10-26,13.116869156293546
2001-10-29,13.116857699711924
2001-10-30,13.11684732629298
2001-10-31,13.116838036036716
2001-11-01,13.116829828943132
2001-11-02,13.116822705012225
2001-11-05,13.116816664243999
2001-11-06,13.116811706638451
2001-11-07,13.116807832195583
2001-11-08,13.116805040915393
2001-11-09,13.116803332797883
2001-11-12,13.116802707843052
2001-11-13,13.1168031660509
2001-11-14,13.116804707421426
2001-11-15,13.116807331954634
2001-11-16,13.11681103965052
2001-11-19,13.116815830509083
2001-11-20,13.116821704530327
2001-11-21,13.11682866171425
2001-11-22,13.116836702060851
2001-11-23,13.116845825570133
2001-11-26,13.116856032242092
2001-11-27,13.11686732207673
2001-11-28,13.116879695074049
2001-11-29,13.116893151234047
2001-11-30,13.116907690556724
2001-12-03,13.11692331304208
2001-12-04,13.116940018690114
2001-12-05,13.116957807500828
2001-12-06,13.11697667947422
2001-12-07,13.116996634610292
2001-12-10,13.117017672909045
2001-12-11,13.117039794370474
2001-12-12,13.117062998994584
2001-12-13,13.117087286781372
2001-12-14,13.11711265773084
2001-12-17,13.117139111842986
2001-12-18,13.117166649117813
2001-12-19,13.117195269555317
2001-12-20,13.117224973155501
2001-12-21,13.117255759918365
2001-12-24,13.117287629843908
2001-12-25,13.117320582932129
2001-12-26,13.117354619183029
2001-12-27,13.117389738596609
2001-12-28,13.117425941172868
2001-12-31,13.117463226911806
2002-01-01,13.117518730150161
2002-01-02,13.117559425788022
2002-01-03,13.117601249133946
2002-01-04,13.117644200187938
2002-01-07,13.117688278949995
2002-01-08,13.11773348542012
2002-01-09,13.11777981959831
2002-01-10,13.117827281484567
2002-01-11,13.11787587107889
2002-01-14,13.117925588381281
2002-01-15,13.117976433391735
2002-01-16,13.118028406110259
2002-01-17,13.118081506536846
2002-01-18,13.118135734671503
2002-01-21,13.118191090514223
2002-01-22,13.11824757406501
2002-01-23,13.118305185323864
2002-01-24,13.118363924290785
2002-01-25,13.118423790965771
2002-01-28,13.118484785348825
2002-01-29,13.118546907439944
2002-01-30,13.11861015723913
2002-01-31,13.118674534746381
2002-02-01,13.1187400399617
2002-02-04,13.118806672885084
2002-02-05,13.118874433516536
2002-02-06,13.118943321856053
2002-02-07,13.119013337903636
2002-02-08,13.119084481659286
2002-02-11,13.119156753123002
2002-02-12,13.119230152294785
2002-02-13,13.119304679174634
2002-02-14,13.11938033376255
2002-02-15,13.11945711605853
2002-02-18,13.119535026062579
2002-02-19,13.119614063774694
2002-02-20,13.119694229194874
2002-02-21,13.11977552232312
2002-02-22,13.119857943159435
2002-02-25,13.119941491703814
2002-02-26,13.12002616795626
2002-02-27,13.120111971916772
2002-02-28,13.12019890358535
2002-03-01,13.120286962961996
2002-03-04,13.120376150046708
2002-03-05,13.120466464839485
2002-03-06,13.120557907340329
2002-03-07,13.120650477549239
2002-03-08,13.120744175466216
2002-03-11,13.120839001091259
2002-03-12,13.120934954424367
2002-03-13,13.121032035465543
2002-03-14,13.121130244214786
2002-03-15,13.121229580672093
2002-03-18,13.12133004483747
2002-03-19,13.12143163671091
2002-03-20,13.121534356292416
2002-03-21,13.121638203581991
2002-03-22,13.12174317857963
2002-03-25,13.121849281285337
2002-03-26,13.121956511699109
2002-03-27,13.122064869820948
2002-03-28,13.122174355650854
2002-03-29,13.122284969188826
2002-04-01,13.12384519985042
2002-04-02,13.123954256534159
2002-04-03,13.124062347751694
2002-04-04,13.124169473503025
2002-04-05,13.12427563378815
2002-04-08,13.12438082860707
2002-04-09,13.124485057959784
2002-04-10,13.124588321846295
2002-04-11,13.1246906202666
2002-04-12,13.124791953220699
2002-04-15,13.124892320708595
2002-04-16,13.124991722730284
2002-04-17,13.12509015928577
2002-04-18,13.12518763037505
2002-04-19,13.125284135998125
2002-04-22,13.125379676154994
2002-04-23,13.12547425084566
2002-04-24,13.125567860070118
2002-04-25,13.125660503828374
2002-04-26,13.125752182120424
2002-04-29,13.125842894946269
2002-04-30,13.125932642305909
2002-05-01,13.126021424199344
2002-05-02,13.126109240626572
2002-05-03,13.126196091587598
2002-05-06,13.126281977082417
2002-05-07,13.126366897111033
2002-05-08,13.126450851673443
2002-05-09,13.126533840769648
2002-05-10,13.126615864399646
2002-05-13,13.126696922563442
2002-05-14,13.126777015261032
2002-05-15,13.126856142492416
2002-05-16,13.126934304257595
2002-05-17,13.12701150055657
2002-05-20,13.12708773138934
2002-05-21,13.127162996755905
2002-05-22,13.127237296656265
2002-05-23,13.127310631090419
2002-05-24,13.12738300005837
2002-05-27,13.127454403560114
2002-05-28,13.127524841595653
2002-05-29,13.127594314164988
2002-05-30,13.127662821268117
2002-05-31,13.127730362905043
2002-06-03,13.127796939075761
2002-06-04,13.127862549780275
2002-06-05,13.127927195018586
2002-06-06,13.12799087479069
2002-06-07,13.12805358909659
2002-06-10,13.128115337936284
2002-06-11,13.128176121309773
2002-06-12,13.128235939217058
2002-06-13,13.128294791658137
2002-06-14,13.128352678633012
2002-06-17,13.128409600141682
2002-06-18,13.128465556184146
2002-06-19,13.128520546760404
2002-06-20,13.128574571870459
2002-06-21,13.12862763151431
2002-06-24,13.128679725691953
2002-06-25,13.128730854403392
2002-06-26,13.128781017648627
2002-06-27,13.128830215427657
2002-06-28,13.12887844774048
2002-07-01,13.128368841193936
2002-07-02,13.128415222177615
2002-07-03,13.128461433462702
2002-07-04,13.128507475049192
2002-07-05,13.128553346937085
2002-07-08,13.128599049126384
2002-07-09,13.128644581617086
2002-07-10,13.128689944409194
2002-07-11,13.128735137502705
2002-07-12,13.128780160897621
2002-07-15,13.128825014593941
2002-07-16,13.128869698591664
2002-07-17,13.128914212890795
2002-07-18,13.128958557491327
2002-07-19,13.129002732393264
2002-07-22,13.129046737596607
2002-07-23,13.129090573101353
2002-07-24,13.129134238907504
2002-07-25,13.129177735015059
2002-07-26,13.129221061424019
2002-07-29,13.129264218134383
2002-07-30,13.12930720514615
2002-07-31,13.129350022459322
2002-08-01,13.1293926700739
2002-08-02,13.12943514798988
2002-08-05,13.129477456207265
2002-08-06,13.129519594726055
2002-08-07,13.12956156354625
2002-08-08,13.129603362667849
2002-08-09,13.129644992090851
2002-08-12,13.129686451815259
2002-08-13,13.129727741841071
2002-08-14,13.129768862168287
2002-08-15,13.129809812796907
2002-08-16,13.129850593726932
2002-08-19,13.12989120495836
2002-08-20,13.129931646491194
2002-08-21,13.129971918325433
2002-08-22,13.130012020461075
2002-08-23,13.130051952898121
2002-08-26,13.130091715636572
2002-08-27,13.130131308676427
2002-08-28,13.130170732017687
2002-08-29,13.13020998566035
2002-08-30,13.13024906960442
2002-09-02,13.130287983849891
2002-09-03,13.130326728396769
2002-09-04,13.13036530324505
2002-09-05,13.130403708394736
2002-09-06,13.130441943845826
2002-09-09,13.13048000959832
2002-09-10,13.13051790565222
2002-09-11,13.130555632007523
2002-09-12,13.13059318866423
2002-09-13,13.130630575622343
2002-09-16,13.130667792881859
2002-09-17,13.130704840442778
2002-09-18,13.130741718305105
2002-09-19,13.130778426468833
2002-09-20,13.130814964933966
2002-09-23,13.130851333700505
2002-09-24,13.130887532768448
2002-09-25,13.130923562137795
2002-09-26,13.130959421808546
2002-09-27,13.1309951117807
2002-09-30,13.13103063205426
2002-10-01,13.131523302754294
2002-10-02,13.131557853568493
2002-10-03,13.131591604621924
2002-10-04,13.131624555914593
2002-10-07,13.131656707446494
2002-10-08,13.13168805921763
2002-10-09,13.131718611228
2002-10-10,13.131748363477605
2002-10-11,13.131777315966444
2002-10-14,13.131805468694518
2002-10-15,13.131832821661824
2002-10-16,13.131859374868366
2002-10-17,13.131885128314142
2002-10-18,13.131910081999154
2002-10-21,13.1319342359234
2002-10-22,13.131957590086877
2002-10-23,13.131980144489592
2002-10-24,13.13200189913154
2002-10-25,13.132022854012721
2002-10-28,13.132043009133138
2002-10-29,13.13206236449279
2002-10-30,13.132080920091674
2002-10-31,13.132098675929795
2002-11-01,13.13211563200715
2002-11-04,13.132131788323738
2002-11-05,13.13214714487956
2002-11-06,13.132161701674617
2002-11-07,13.13217545870891
2002-11-08,13.132188415982434
2002-11-11,13.132200573495194
2002-11-12,13.13221193124719
2002-11-13,13.132222489238417
2002-11-14,13.132232247468881
2002-11-15,13.132241205938579
2002-11-18,13.13224936464751
2002-11-19,13.132256723595676
2002-11-20,13.132263282783077
2002-11-21,13.132269042209712
2002-11-22,13.132274001875581
2002-11-25,13.132278161780684
2002-11-26,13.132281521925021
2002-11-27,13.132284082308594
2002-11-28,13.1322858429314
2002-11-29,13.132286803793441
2002-12-02,13.132286964894718
2002-12-03,13.132286326235226
2002-12-04,13.13228488781497
2002-12-05,13.132282649633948
2002-12-06,13.132279611692162
2002-12-09,13.132275773989608
2002-12-10,13.13227113652629
2002-12-11,13.132265699302206
2002-12-12,13.132259462317355
2002-12-13,13.132252425571739
2002-12-16,13.132244589065358
2002-12-17,13.132235952798212
2002-12-18,13.132226516770299
2002-12-19,13.13221628098162
2002-12-20,13.132205245432177
2002-12-23,13.132193410121968
2002-12-24,13.132180775050992
2002-12-25,13.132167340219251
2002-12-26,13.132153105626744
2002-12-27,13.132138071273472
2002-12-30,13.132122237159434
2002-12-31,13.13210560328463
2003-01-01,13.129946471163471
2003-01-02,13.129930779808202
2003-01-03,13.129917375534342
2003-01-06,13.129906258341892
2003-01-07,13.129897428230853
2003-01-08,13.129890885201224
2003-01-09,13.129886629253006
2003-01-10,13.1298846603862
2003-01-13,13.129884978600801
2003-01-14,13.129887583896815
2003-01-15,13.129892476274238
2003-01-16,13.129899655733073
2003-01-17,13.129909122273316
2003-01-20,13.129920875894973
2003-01-21,13.129934916598037
2003-01-22,13.129951244382514
2003-01-23,13.1299698592484
2003-01-24,13.129990761195696
2003-01-27,13.130013950224404
2003-01-28,13.130039426334521
2003-01-29,13.13006718952605
2003-01-30,13.130097239798989
2003-01-31,13.130129577153337
2003-02-03,13.130164201589096
2003-02-04,13.130201113106267
2003-02-05,13.130240311704847
2003-02-06,13.130281797384837
2003-02-07,13.130325570146239
2003-02-10,13.130371629989051
2003-02-11,13.130419976913274
2003-02-12,13.130470610918906
2003-02-13,13.130523532005949
2003-02-14,13.130578740174402
2003-02-17,13.130636235424266
2003-02-18,13.130696017755541
2003-02-19,13.130758087168225
2003-02-20,13.130822443662321
2003-02-21,13.130889087237826
2003-02-24,13.130958017894743
2003-02-25,13.131029235633068
2003-02-26,13.131102740452807
2003-02-27,13.131178532353953
2003-02-28,13.131256611336513
2003-03-03,13.13133697740048
2003-03-04,13.131419630545858
2003-03-05,13.131504570772648
2003-03-06,13.131591798080848
2003-03-07,13.131681312470459
2003-03-10,13.13177311394148
2003-03-11,13.13186720249391
2003-03-12,13.13196357812775
2003-03-13,13.132062240843004
2003-03-14,13.132163190639666
2003-03-17,13.132266427517738
2003-03-18,13.132371951477221
2003-03-19,13.132479762518116
2003-03-20,13.13258986064042
2003-03-21,13.132702245844134
2003-03-24,13.13281691812926
2003-03-25,13.132933877495795
2003-03-26,13.133053123943741
2003-03-27,13.133174657473097
2003-03-28,13.133298478083864
2003-03-31,13.13342458577604
2003-04-01,13.135999384104554
2003-04-02,13.136124544400433
2003-04-03,13.13624844552281
2003-04-04,13.136371087471687
2003-04-07,13.136492470247063
2003-04-08,13.13661259384894
2003-04-09,13.136731458277314
2003-04-10,13.136849063532189
2003-04-11,13.136965409613563
2003-04-14,13.137080496521437
2003-04-15,13.13719432425581
2003-04-16,13.137306892816682
2003-04-17,13.137418202204055
2003-04-18,13.137528252417926
2003-04-21,13.137637043458296
2003-04-22,13.137744575325167
2003-04-23,13.137850848018536
2003-04-24,13.137955861538405
2003-04-25,13.138059615884774
2003-04-28,13.13816211105764
2003-04-29,13.13826334705701
2003-04-30,13.138363323882876
2003-05-01,13.138462041535242
2003-05-02,13.138559500014107
2003-05-05,13.138655699319472
2003-05-06,13.138750639451336
2003-05-07,13.138844320409701
2003-05-08,13.138936742194565
2003-05-09,13.139027904805927
2003-05-12,13.139117808243789
2003-05-13,13.139206452508152
2003-05-14,13.139293837599013
2003-05-15,13.139379963516372
2003-05-16,13.139464830260232
2003-05-19,13.139548437830591
2003-05-20,13.13963078622745
2003-05-21,13.139711875450809
2003-05-22,13.139791705500667
2003-05-23,13.139870276377023
2003-05-26,13.13994758807988
2003-05-27,13.140023640609236
2003-05-28,13.140098433965091
2003-05-29,13.140171968147445
2003-05-30,13.1402442431563
2003-06-02,13.140315258991654
2003-06-03,13.140385015653507
2003-06-04,13.14045351314186
2003-06-05,13.140520751456712
2003-06-06,13.140586730598063
2003-06-09,13.140651450565914
2003-06-10,13.140714911360265
2003-06-11,13.140777112981114
2003-06-12,13.140838055428462
2003-06-13,13.14089773870231
2003-06-16,13.14095616280266
2003-06-17,13.141013327729507
2003-06-18,13.141069233482854
2003-06-19,13.1411238800627
2003-06-20,13.141177267469045
2003-06-23,13.141229395701892
2003-06-24,13.141280264761235
2003-06-25,13.141329874647079
2003-06-26,13.141378225359423
2003-06-27,13.141425316898266
2003-06-30,13.141471149263609
2003-07-01,13.13943499764234
2003-07-02,13.139480540390702
2003-07-03,13.139527728046977
2003-07-04,13.139576560611165
2003-07-07,13.139627038083264
2003-07-08,13.139679160463276
2003-07-09,13.139732927751199
2003-07-10,13.139788339947035
2003-07-11,13.139845397050784
2003-07-14,13.139904099062445
2003-07-15,13.139964445982018
2003-07-16,13.140026437809503
2003-07-17,13.140090074544903
2003-07-18,13.140155356188211
2003-07-21,13.140222282739435
2003-07-22,13.14029085419857
2003-07-23,13.140361070565616
2003-07-24,13.140432931840575
2003-07-25,13.140506438023447
2003-07-28,13.14058158911423
2003-07-29,13.140658385112927
2003-07-30,13.140736826019536
2003-07-31,13.140816911834056
2003-08-01,13.14089864255649
2003-08-04,13.140982018186836
2003-08-05,13.141067038725094
2003-08-06,13.141153704171263
2003-08-07,13.141242014525346
2003-08-08,13.141331969787341
2003-08-11,13.141423569957247
2003-08-12,13.141516815035066
2003-08-13,13.141611705020798
2003-08-14,13.141708239914443
2003-08-15,13.141806419716
2003-08-18,13.141906244425467
2003-08-19,13.142007714042848
2003-08-20,13.142110828568141
2003-08-21,13.142215588001347
2003-08-22,13.142321992342465
2003-08-25,13.142430041591494
2003-08-26,13.142539735748437
2003-08-27,13.142651074813292
2003-08-28,13.142764058786058
2003-08-29,13.142878687666737
2003-09-01,13.14299496145533
2003-09-02,13.143112880151833
2003-09-03,13.143232443756249
2003-09-04,13.143353652268578
2003-09-05,13.143476505688819
2003-09-08,13.143601004016972
2003-09-09,13.143727147253038
2003-09-10,13.143854935397016
2003-09-11,13.143984368448905
2003-09-12,13.144115446408708
2003-09-15,13.144248169276421
2003-09-16,13.14438253705205
2003-09-17,13.144518549735588
2003-09-18,13.14465620732704
2003-09-19,13.144795509826404
2003-09-22,13.14493645723368
2003-09-23,13.145079049548869
2003-09-24,13.14522328677197
2003-09-25,13.145369168902983
2003-09-26,13.145516695941907
2003-09-29,13.145665867888745
2003-09-30,13.145816684743496
2003-10-01,13.147420258990369
2003-10-02,13.147572366424455
2003-10-03,13.147724119529967
2003-10-06,13.147875518306902
2003-10-07,13.148026562755263
2003-10-08,13.148177252875046
2003-10-09,13.148327588666254
2003-10-10,13.148477570128886
2003-10-13,13.148627197262943
2003-10-14,13.148776470068423
2003-10-15,13.14892538854533
2003-10-16,13.149073952693659
2003-10-17,13.149222162513412
2003-10-20,13.149370018004591
2003-10-21,13.149517519167194
2003-10-22,13.14966466600122
2003-10-23,13.14981145850667
2003-10-24,13.149957896683548
2003-10-27,13.150103980531847
2003-10-28,13.15024971005157
2003-10-29,13.15039508524272
2003-10-30,13.150540106105291
2003-10-31,13.150684772639288
2003-11-03,13.150829084844709
2003-11-04,13.150973042721555
2003-11-05,13.151116646269825
2003-11-06,13.151259895489519
2003-11-07,13.151402790380638
2003-11-10,13.151545330943181
2003-11-11,13.151687517177146
2003-11-12,13.151829349082538
2003-11-13,13.151970826659355
2003-11-14,13.152111949907594
2003-11-17,13.152252718827258
2003-11-18,13.152393133418347
2003-11-19,13.15253319368086
2003-11-20,13.152672899614796
2003-11-21,13.152812251220158
2003-11-24,13.152951248496944
2003-11-25,13.153089891445154
2003-11-26,13.153228180064788
2003-11-27,13.153366114355848
2003-11-28,13.15350369431833
2003-12-01,13.153640919952236
2003-12-02,13.153777791257568
2003-12-03,13.153914308234324
2003-12-04,13.154050470882504
2003-12-05,13.15418627920211
2003-12-08,13.154321733193138
2003-12-09,13.15445683285559
2003-12-10,13.154591578189468
2003-12-11,13.15472596919477
2003-12-12,13.154860005871496
2003-12-15,13.154993688219646
2003-12-16,13.15512701623922
2003-12-17,13.155259989930219
2003-12-18,13.155392609292642
2003-12-19,13.15552487432649
2003-12-22,13.155656785031761
2003-12-23,13.155788341408458
2003-12-24,13.155919543456578
2003-12-25,13.156050391176123
2003-12-26,13.156180884567092
2003-12-29,13.156311023629485
2003-12-30,13.156440808363303
2003-12-31,13.156570238768545
2004-01-01,13.15798419796927
2004-01-02,13.158113070806557
2004-01-05,13.158239754618672
2004-01-06,13.15836424940561
2004-01-07,13.158486555167377
2004-01-08,13.158606671903968
2004-01-09,13.158724599615386
2004-01-12,13.158840338301632
2004-01-13,13.158953887962701
2004-01-14,13.159065248598598
2004-01-15,13.159174420209322
2004-01-16,13.15928140279487
2004-01-19,13.159386196355246
2004-01-20,13.159488800890447
2004-01-21,13.159589216400475
2004-01-22,13.159687442885328
2004-01-23,13.159783480345009
2004-01-26,13.159877328779515
2004-01-27,13.159968988188847
2004-01-28,13.160058458573006
2004-01-29,13.160145739931991
2004-01-30,13.160230832265803
2004-02-02,13.160313735574439
2004-02-03,13.160394449857904
2004-02-04,13.160472975116193
2004-02-05,13.160549311349309
2004-02-06,13.16062345855725
2004-02-09,13.160695416740019
2004-02-10,13.160765185897613
2004-02-11,13.160832766030035
2004-02-12,13.16089815713728
2004-02-13,13.160961359219353
2004-02-16,13.161022372276253
2004-02-17,13.161081196307979
2004-02-18,13.16113783131453
2004-02-19,13.161192277295909
2004-02-20,13.161244534252113
2004-02-23,13.161294602183142
2004-02-24,13.161342481089
2004-02-25,13.161388170969682
2004-02-26,13.16143167182519
2004-02-27,13.161472983655525
2004-03-01,13.161512106460686
2004-03-02,13.161549040240674
2004-03-03,13.161583784995488
2004-03-04,13.161616340725127
2004-03-05,13.161646707429593
2004-03-08,13.161674885108885
2004-03-09,13.161700873763003
2004-03-10,13.161724673391948
2004-03-11,13.161746283995718
2004-03-12,13.161765705574316
2004-03-15,13.16178293812774
2004-03-16,13.161797981655988
2004-03-17,13.161810836159063
2004-03-18,13.161821501636965
2004-03-19,13.161829978089694
2004-03-22,13.161836265517248
2004-03-23,13.161840363919628
2004-03-24,13.161842273296834
2004-03-25,13.161841993648867
2004-03-26,13.161839524975726
2004-03-29,13.161834867277411
2004-03-30,13.161828020553923
2004-03-31,13.16181898480526
2004-04-01,13.15922425065327
2004-04-02,13.1592145066119
2004-04-05,13.159206243302995
2004-04-06,13.159199460726555
2004-04-07,13.159194158882581
2004-04-08,13.159190337771072
2004-04-09,13.15918799739203
2004-04-12,13.159187137745453
2004-04-13,13.159187758831342
2004-04-14,13.159189860649695
2004-04-15,13.159193443200515
2004-04-16,13.1591985064838
2004-04-19,13.159205050499551
2004-04-20,13.159213075247768
2004-04-21,13.159222580728452
2004-04-22,13.159233566941598
2004-04-23,13.159246033887213
2004-04-26,13.159259981565292
2004-04-27,13.159275409975836
2004-04-28,13.159292319118846
2004-04-29,13.159310708994322
2004-04-30,13.159330579602264
2004-05-03,13.159351930942671
2004-05-04,13.159374763015544
2004-05-05,13.159399075820883
2004-05-06,13.159424869358686
2004-05-07,13.159452143628956
2004-05-10,13.159480898631692
2004-05-11,13.159511134366893
2004-05-12,13.159542850834558
2004-05-13,13.15957604803469
2004-05-14,13.159610725967289
2004-05-17,13.159646884632352
2004-05-18,13.159684524029881
2004-05-19,13.159723644159875
2004-05-20,13.159764245022336
2004-05-21,13.159806326617261
2004-05-24,13.159849888944652
2004-05-25,13.15989493200451
2004-05-26,13.159941455796833
2004-05-27,13.15998946032162
2004-05-28,13.160038945578874
2004-05-31,13.160089911568594
2004-06-01,13.160142358290779
2004-06-02,13.16019628574543
2004-06-03,13.160251693932546
2004-06-04,13.160308582852128
2004-06-07,13.160366952504175
2004-06-08,13.160426802888688
2004-06-09,13.160488134005668
2004-06-10,13.160550945855112
2004-06-11,13.160615238437021
2004-06-14,13.160681011751398
2004-06-15,13.160748265798238
2004-06-16,13.160817000577545
2004-06-17,13.160887216089318
2004-06-18,13.160958912333557
2004-06-21,13.16103208931026
2004-06-22,13.16110674701943
2004-06-23,13.161182885461065
2004-06-24,13.161260504635164
2004-06-25,13.16133960454173
2004-06-28,13.161420185180763
2004-06-29,13.16150224655226
2004-06-30,13.161585788656224
2004-07-01,13.16426981391174
2004-07-02,13.164351403112294
2004-07-05,13.164430846901768
2004-07-06,13.164508145280163
2004-07-07,13.164583298247475
2004-07-08,13.164656305803708
2004-07-09,13.164727167948863
2004-07-12,13.164795884682935
2004-07-13,13.164862456005928
2004-07-14,13.164926881917841
2004-07-15,13.164989162418673
2004-07-16,13.165049297508425
2004-07-19,13.165107287187098
2004-07-20,13.16516313145469
2004-07-21,13.165216830311202
2004-07-22,13.165268383756633
2004-07-23,13.165317791790985
2004-07-26,13.165365054414256
2004-07-27,13.165410171626446
2004-07-28,13.165453143427557
2004-07-29,13.165493969817588
2004-07-30,13.16553265079654
2004-08-02,13.16556918636441
2004-08-03,13.1656035765212
2004-08-04,13.165635821266909
2004-08-05,13.165665920601539
2004-08-06,13.16569387452509
2004-08-09,13.165719683037558
2004-08-10,13.165743346138948
2004-08-11,13.165764863829256
2004-08-12,13.165784236108486
2004-08-13,13.165801462976635
2004-08-16,13.165816544433703
2004-08-17,13.165829480479692
2004-08-18,13.1658402711146
2004-08-19,13.165848916338428
2004-08-20,13.165855416151176
2004-08-23,13.165859770552844
2004-08-24,13.16586197954343
2004-08-25,13.165862043122939
2004-08-26,13.165859961291366
2004-08-27,13.165855734048712
2004-08-30,13.16584936139498
2004-08-31,13.165840843330166
2004-09-01,13.165830179854273
2004-09-02,13.1658173709673
2004-09-03,13.165802416669246
2004-09-06,13.165785316960111
2004-09-07,13.165766071839897
2004-09-08,13.165744681308603
2004-09-09,13.165721145366229
2004-09-10,13.165695464012773
2004-09-13,13.165667637248239
2004-09-14,13.165637665072623
2004-09-15,13.165605547485928
2004-09-16,13.165571284488152
2004-09-17,13.165534876079297
2004-09-20,13.165496322259362
2004-09-21,13.165455623028345
2004-09-22,13.16541277838625
2004-09-23,13.165367788333073
2004-09-24,13.165320652868816
2004-09-27,13.16527137199348
2004-09-28,13.165219945707063
2004-09-29,13.165166374009566
2004-09-30,13.165110656900989
2004-10-01,13.161830959286613
2004-10-04,13.161775390164273
2004-10-05,13.161722114439248
2004-10-06,13.161671132111541
2004-10-07,13.16162244318115
2004-10-08,13.161576047648076
2004-10-11,13.16153194551232
2004-10-12,13.161490136773878
2004-10-13,13.161450621432754
2004-10-14,13.161413399488948
2004-10-15,13.161378470942457
2004-10-18,13.161345835793282
2004-10-19,13.161315494041427
2004-10-20,13.161287445686884
2004-10-21,13.161261690729662
2004-10-22,13.161238229169754
2004-10-25,13.161217061007164
2004-10-26,13.16119818624189
2004-10-27,13.161181604873933
2004-10-28,13.161167316903292
2004-10-29,13.161155322329968
2004-11-01,13.161145621153961
2004-11-02,13.16113821337527
2004-11-03,13.161133098993897
2004-11-04,13.161130278009841
2004-11-05,13.1611297504231
2004-11-08,13.161131516233675
2004-11-09,13.16113557544157
2004-11-10,13.16114192804678
2004-11-11,13.161150574049305
2004-11-12,13.161161513449148
2004-11-15,13.161174746246308
2004-11-16,13.161190272440784
2004-11-17,13.161208092032577
2004-11-18,13.161228205021688
2004-11-19,13.161250611408114
2004-11-22,13.161275311191856
2004-11-23,13.161302304372917
2004-11-24,13.161331590951294
2004-11-25,13.161363170926986
2004-11-26,13.161397044299996
2004-11-29,13.161433211070323
2004-11-30,13.161471671237965
2004-12-01,13.161512424802925
2004-12-02,13.161555471765203
2004-12-03,13.161600812124796
2004-12-06,13.161648445881706
2004-12-07,13.161698373035932
2004-12-08,13.161750593587476
2004-12-09,13.161805107536335
2004-12-10,13.161861914882511
2004-12-13,13.161921015626005
2004-12-14,13.161982409766816
2004-12-15,13.162046097304943
2004-12-16,13.162112078240385
2004-12-17,13.162180352573145
2004-12-20,13.162250920303222
2004-12-21,13.162323781430615
2004-12-22,13.162398935955325
2004-12-23,13.162476383877353
2004-12-24,13.162556125196696
2004-12-27,13.162638159913357
2004-12-28,13.162722488027333
2004-12-29,13.162809109538626
2004-12-30,13.162898024447237
2004-12-31,13.162989232753164
2005-01-03,13.164183201116455
2005-01-04,13.164280453493012
2005-01-05,13.16437853461466
2005-01-06,13.164477444481395
2005-01-07,13.164577183093222
2005-01-10,13.164677750450135
2005-01-11,13.164779146552137
2005-01-12,13.164881371399229
2005-01-13,13.16498442499141
2005-01-14,13.165088307328679
2005-01-17,13.165193018411037
2005-01-18,13.165298558238483
2005-01-19,13.165404926811018
2005-01-20,13.165512124128641
2005-01-21,13.165620150191355
2005-01-24,13.165729004999156
2005-01-25,13.165838688552046
2005-01-26,13.165949200850026
2005-01-27,13.166060541893094
2005-01-28,13.16617271168125
2005-01-31,13.166285710214495
2005-02-01,13.166399537492829
2005-02-02,13.166514193516253
2005-02-03,13.166629678284764
2005-02-04,13.166745991798365
2005-02-07,13.166863134057055
2005-02-08,13.166981105060833
2005-02-09,13.1670999048097
2005-02-10,13.167219533303655
2005-02-11,13.1673399905427
2005-02-14,13.167461276526833
2005-02-15,13.167583391256056
2005-02-16,13.167706334730367
2005-02-17,13.167830106949765
2005-02-18,13.167954707914253
2005-02-21,13.16808013762383
2005-02-22,13.168206396078498
2005-02-23,13.168333483278252
2005-02-24,13.168461399223096
2005-02-25,13.168590143913027
2005-02-28,13.168719717348049
2005-03-01,13.168850119528159
2005-03-02,13.168981350453357
2005-03-03,13.169113410123645
2005-03-04,13.16924629853902
2005-03-07,13.169380015699485
2005-03-08,13.16951456160504
2005-03-09,13.16964993625568
2005-03-10,13.169786139651412
2005-03-11,13.169923171792233
2005-03-14,13.170061032678142
2005-03-15,13.170199722309139
2005-03-16,13.170339240685225
2005-03-17,13.170479587806401
2005-03-18,13.170620763672664
2005-03-21,13.170762768284018
2005-03-22,13.17090560164046
2005-03-23,13.17104926374199
2005-03-24,13.171193754588609
2005-03-25,13.171339074180317
2005-03-28,13.171485222517113
2005-03-29,13.171632199598998
2005-03-30,13.171780005425973
2005-03-31,13.171928639998034
2005-04-01,13.172741619519831
2005-04-04,13.172888642709006
2005-04-05,13.17303552520585
2005-04-06,13.173182267010368
2005-04-07,13.173328868122557
2005-04-08,13.173475328542418
2005-04-11,13.173621648269949
2005-04-12,13.17376782730515
2005-04-13,13.173913865648025
2005-04-14,13.17405976329857
2005-04-15,13.174205520256788
2005-04-18,13.174351136522676
2005-04-19,13.174496612096235
2005-04-20,13.174641946977465
2005-04-21,13.174787141166366
2005-04-22,13.17493219466294
2005-04-25,13.175077107467185
2005-04-26,13.1752218795791
2005-04-27,13.175366510998687
2005-04-28,13.175511001725946
2005-04-29,13.175655351760875
2005-05-02,13.175799561103478
2005-05-03,13.17594362975375
2005-05-04,13.176087557711694
2005-05-05,13.17623134497731
2005-05-06,13.176374991550595
2005-05-09,13.176518497431553
2005-05-10,13.176661862620183
2005-05-11,13.176805087116485
2005-05-12,13.176948170920456
2005-05-13,13.1770911140321
2005-05-16,13.177233916451414
2005-05-17,13.1773765781784
2005-05-18,13.177519099213058
2005-05-19,13.177661479555386
2005-05-20,13.177803719205386
2005-05-23,13.177945818163057
2005-05-24,13.1780877764284
2005-05-25,13.178229594001413
2005-05-26,13.1783712708821
2005-05-27,13.178512807070456
2005-05-30,13.178654202566484
2005-05-31,13.178795457370184
2005-06-01,13.178936571481554
2005-06-02,13.179077544900597
2005-06-03,13.17921837762731
2005-06-06,13.179359069661695
2005-06-07,13.17949962100375
2005-06-08,13.179640031653477
2005-06-09,13.179780301610876
2005-06-10,13.179920430875947
2005-06-13,13.180060419448688
2005-06-14,13.1802002673291
2005-06-15,13.180339974517185
2005-06-16,13.18047954101294
2005-06-17,13.180618966816366
2005-06-20,13.180758251927465
2005-06-21,13.180897396346234
2005-06-22,13.181036400072676
2005-06-23,13.181175263106788
2005-06-24,13.18131398544857
2005-06-27,13.181452567098026
2005-06-28,13.181591008055152
2005-06-29,13.18172930831995
2005-06-30,13.181867467892419
2005-07-01,13.18293221808342
2005-07-04,13.18306673108509
2005-07-05,13.183199829403442
2005-07-06,13.183331513038477
2005-07-07,13.183461781990193
2005-07-08,13.183590636258593
2005-07-11,13.183718075843677
2005-07-12,13.183844100745441
2005-07-13,13.183968710963889
2005-07-14,13.18409190649902
2005-07-15,13.184213687350834
2005-07-18,13.18433405351933
2005-07-19,13.184453005004508
2005-07-20,13.18457054180637
2005-07-21,13.184686663924913
2005-07-22,13.18480137136014
2005-07-25,13.18491466411205
2005-07-26,13.185026542180642
2005-07-27,13.185137005565917
2005-07-28,13.185246054267873
2005-07-29,13.185353688286513
2005-08-01,13.185459907621837
2005-08-02,13.185564712273843
2005-08-03,13.18566810224253
2005-08-04,13.185770077527902
2005-08-05,13.185870638129956
2005-08-08,13.185969784048691
2005-08-09,13.18606751528411
2005-08-10,13.186163831836211
2005-08-11,13.186258733704996
2005-08-12,13.186352220890463
2005-08-15,13.186444293392613
2005-08-16,13.186534951211446
2005-08-17,13.18662419434696
2005-08-18,13.186712022799158
2005-08-19,13.186798436568038
2005-08-22,13.186883435653602
2005-08-23,13.186967020055848
2005-08-24,13.187049189774775
2005-08-25,13.187129944810387
2005-08-26,13.18720928516268
2005-08-29,13.187287210831657
2005-08-30,13.187363721817317
2005-08-31,13.18743881811966
2005-09-01,13.187512499738682
2005-09-02,13.18758476667439
2005-09-05,13.18765561892678
2005-09-06,13.187725056495854
2005-09-07,13.187793079381608
2005-09-08,13.187859687584046
2005-09-09,13.187924881103166
2005-09-12,13.18798865993897
2005-09-13,13.188051024091456
2005-09-14,13.188111973560625
2005-09-15,13.188171508346477
2005-09-16,13.18822962844901
2005-09-19,13.188286333868227
2005-09-20,13.188341624604126
2005-09-21,13.188395500656709
2005-09-22,13.188447962025974
2005-09-23,13.188499008711922
2005-09-26,13.188548640714552
2005-09-27,13.188596858033865
2005-09-28,13.188643660669861
2005-09-29,13.188689048622539
2005-09-30,13.188733021891899
2005-10-03,13.188087737092728
2005-10-04,13.188130469384276
2005-10-05,13.188172720633851
2005-10-06,13.188214490841455
2005-10-07,13.188255780007085
2005-10-10,13.188296588130742
2005-10-11,13.188336915212426
2005-10-12,13.188376761252137
2005-10-13,13.188416126249876
2005-10-14,13.188455010205642
2005-10-17,13.188493413119435
2005-10-18,13.188531334991255
2005-10-19,13.188568775821102
2005-10-20,13.188605735608977
2005-10-21,13.188642214354878
2005-10-24,13.188678212058807
2005-10-25,13.188713728720764
2005-10-26,13.188748764340747
2005-10-27,13.188783318918757
2005-10-28,13.188817392454794
2005-10-31,13.18885098494886
2005-11-01,13.188884096400953
2005-11-02,13.18891672681107
2005-11-03,13.188948876179218
2005-11-04,13.188980544505391
2005-11-07,13.189011731789591
2005-11-08,13.18904243803182
2005-11-09,13.189072663232075
2005-11-10,13.189102407390358
2005-11-11,13.189131670506667
2005-11-14,13.189160452581003
2005-11-15,13.189188753613367
2005-11-16,13.189216573603758
2005-11-17,13.189243912552177
2005-11-18,13.189270770458622
2005-11-21,13.189297147323094
2005-11-22,13.189323043145594
2005-11-23,13.18934845792612
2005-11-24,13.189373391664676
2005-11-25,13.189397844361256
2005-11-28,13.189421816015866
2005-11-29,13.189445306628501
2005-11-30,13.189468316199164
2005-12-01,13.189490844727853
2005-12-02,13.189512892214571
2005-12-05,13.189534458659315
2005-12-06,13.189555544062086
2005-12-07,13.189576148422885
2005-12-08,13.189596271741712
2005-12-09,13.189615914018564
2005-12-12,13.189635075253445
2005-12-13,13.189653755446352
2005-12-14,13.189671954597287
2005-12-15,13.18968967270625
2005-12-16,13.189706909773237
2005-12-19,13.189723665798255
2005-12-20,13.189739940781298
2005-12-21,13.189755734722368
2005-12-22,13.189771047621466
2005-12-23,13.18978587947859
2005-12-26,13.189800230293743
2005-12-27,13.189814100066922
2005-12-28,13.189827488798128
2005-12-29,13.189840396487362
2005-12-30,13.189852823134624
2006-01-02,13.189194694498347
2006-01-03,13.189207110871665
2006-01-04,13.189219998013012
2006-01-05,13.189233355922388
2006-01-06,13.189247184599793
2006-01-09,13.189261484045229
2006-01-10,13.189276254258694
2006-01-11,13.189291495240187
2006-01-12,13.18930720698971
2006-01-13,13.189323389507264
2006-01-16,13.189340042792844
2006-01-17,13.189357166846456
2006-01-18,13.189374761668097
2006-01-19,13.189392827257768
2006-01-20,13.189411363615468
2006-01-23,13.189430370741196
2006-01-24,13.189449848634954
2006-01-25,13.189469797296743
2006-01-26,13.18949021672656
2006-01-27,13.189511106924407
2006-01-30,13.189532467890283
2006-01-31,13.189554299624188
2006-02-01,13.189576602126124
2006-02-02,13.189599375396089
2006-02-03,13.18962261943408
2006-02-06,13.189646334240106
2006-02-07,13.189670519814158
2006-02-08,13.18969517615624
2006-02-09,13.18972030326635
2006-02-10,13.18974590114449
2006-02-13,13.189771969790662
2006-02-14,13.189798509204861
2006-02-15,13.18982551938709
2006-02-16,13.189853000337349
2006-02-17,13.189880952055637
2006-02-20,13.189909374541955
2006-02-21,13.1899382677963
2006-02-22,13.189967631818677
2006-02-23,13.189997466609082
2006-02-24,13.190027772167516
2006-02-27,13.190058548493981
2006-02-28,13.190089795588475
2006-03-01,13.190121513450999
2006-03-02,13.19015370208155
2006-03-03,13.190186361480132
2006-03-06,13.190219491646744
2006-03-07,13.190253092581385
2006-03-08,13.190287164284054
2006-03-09,13.190321706754755
2006-03-10,13.190356719993483
2006-03-13,13.190392204000242
2006-03-14,13.19042815877503
2006-03-15,13.190464584317846
2006-03-16,13.190501480628694
2006-03-17,13.190538847707568
2006-03-20,13.190576685554474
2006-03-21,13.19061499416941
2006-03-22,13.190653773552373
2006-03-23,13.190693023703368
2006-03-24,13.19073274462239
2006-03-27,13.190772936309443
2006-03-28,13.190813598764525
2006-03-29,13.190854731987635
2006-03-30,13.190896335978776
2006-03-31,13.190938410737946
2006-04-03,13.19179622793116
2006-04-04,13.191838086170044
2006-04-05,13.191879257120615
2006-04-06,13.191919740782872
2006-04-07,13.191959537156814
2006-04-10,13.19199864624244
2006-04-11,13.192037068039754
2006-04-12,13.192074802548753
2006-04-13,13.192111849769438
2006-04-14,13.192148209701807
2006-04-17,13.192183882345864
2006-04-18,13.192218867701605
2006-04-19,13.192253165769031
2006-04-20,13.192286776548144
2006-04-21,13.192319700038944
2006-04-24,13.192351936241428
2006-04-25,13.192383485155597
2006-04-26,13.192414346781453
2006-04-27,13.192444521118993
2006-04-28,13.192474008168219
2006-05-01,13.19250280792913
2006-05-02,13.19253092040173
2006-05-03,13.192558345586013
2006-05-04,13.192585083481982
2006-05-05,13.192611134089637
2006-05-08,13.192636497408976
2006-05-09,13.192661173440003
2006-05-10,13.192685162182714
2006-05-11,13.19270846363711
2006-05-12,13.192731077803193
2006-05-15,13.192753004680963
2006-05-16,13.192774244270417
2006-05-17,13.192794796571556
2006-05-18,13.192814661584382
2006-05-19,13.192833839308893
2006-05-22,13.19285232974509
2006-05-23,13.192870132892972
2006-05-24,13.19288724875254
2006-05-25,13.192903677323793
2006-05-26,13.192919418606733
2006-05-29,13.192934472601356
2006-05-30,13.192948839307668
2006-05-31,13.192962518725663
2006-06-01,13.192975510855344
2006-06-02,13.192987815696712
2006-06-05,13.192999433249765
2006-06-06,13.193010363514505
2006-06-07,13.19302060649093
2006-06-08,13.193030162179038
2006-06-09,13.193039030578834
2006-06-12,13.193047211690315
2006-06-13,13.193054705513482
2006-06-14,13.193061512048335
2006-06-15,13.193067631294872
2006-06-16,13.193073063253095
2006-06-19,13.193077807923006
2006-06-20,13.1930818653046
2006-06-21,13.19308523539788
2006-06-22,13.193087918202847
2006-06-23,13.193089913719499
2006-06-26,13.193091221947837
2006-06-27,13.19309184288786
2006-06-28,13.193091776539568
2006-06-29,13.193091022902962
2006-06-30,13.193089581978043
2006-07-03,13.190355751938963
2006-07-04,13.190356816695688
2006-07-05,13.190361074422377
2006-07-06,13.190368525119025
2006-07-07,13.190379168785634
2006-07-10,13.190393005422205
2006-07-11,13.190410035028737
2006-07-12,13.190430257605229
2006-07-13,13.190453673151683
2006-07-14,13.190480281668098
2006-07-17,13.190510083154473
2006-07-18,13.19054307761081
2006-07-19,13.190579265037107
2006-07-20,13.190618645433366
2006-07-21,13.190661218799585
2006-07-24,13.190706985135765
2006-07-25,13.190755944441907
2006-07-26,13.19080809671801
2006-07-27,13.190863441964073
2006-07-28,13.190921980180097
2006-07-31,13.190983711366082
2006-08-01,13.191048635522028
2006-08-02,13.191116752647936
2006-08-03,13.191188062743805
2006-08-04,13.191262565809634
2006-08-07,13.191340261845424
2006-08-08,13.191421150851175
2006-08-09,13.191505232826888
2006-08-10,13.19159250777256
2006-08-11,13.191682975688195
2006-08-14,13.19177663657379
2006-08-15,13.191873490429346
2006-08-16,13.191973537254864
2006-08-17,13.192076777050342
2006-08-18,13.19218320981578
2006-08-21,13.19229283555118
2006-08-22,13.192405654256543
2006-08-23,13.192521665931864
2006-08-24,13.192640870577147
2006-08-25,13.192763268192392
2006-08-28,13.192888858777597
2006-08-29,13.193017642332762
2006-08-30,13.19314961885789
2006-08-31,13.193284788352978
2006-09-01,13.193423150818028
2006-09-04,13.193564706253037
2006-09-05,13.193709454658007
2006-09-06,13.19385739603294
2006-09-07,13.194008530377832
2006-09-08,13.194162857692687
2006-09-11,13.194320377977501
2006-09-12,13.194481091232278
2006-09-13,13.194644997457015
2006-09-14,13.194812096651713
2006-09-15,13.19498238881637
2006-09-18,13.195155873950991
2006-09-19,13.195332552055572
2006-09-20,13.195512423130115
2006-09-21,13.195695487174618
2006-09-22,13.19588174418908
2006-09-25,13.196071194173506
2006-09-26,13.19626383712789
2006-09-27,13.196459673052239
2006-09-28,13.196658701946546
2006-09-29,13.196860923810815
2006-10-02,13.20034567295209
2006-10-03,13.200549622610959
2006-10-04,13.200752107094464
2006-10-05,13.20095312640261
2006-10-06,13.201152680535394
2006-10-09,13.201350769492816
2006-10-10,13.201547393274875
2006-10-11,13.201742551881575
2006-10-12,13.201936245312913
2006-10-13,13.202128473568889
2006-10-16,13.202319236649503
2006-10-17,13.202508534554756
2006-10-18,13.202696367284648
2006-10-19,13.202882734839177
2006-10-20,13.203067637218346
2006-10-23,13.203251074422154
2006-10-24,13.203433046450598
2006-10-25,13.203613553303683
2006-10-26,13.203792594981405
2006-10-27,13.203970171483766
2006-10-30,13.204146282810765
2006-10-31,13.204320928962401
2006-11-01,13.204494109938679
2006-11-02,13.204665825739593
2006-11-03,13.204836076365146
2006-11-06,13.205004861815338
2006-11-07,13.205172182090168
2006-11-08,13.205338037189636
2006-11-09,13.205502427113743
2006-11-10,13.20566535186249
2006-11-13,13.205826811435873
2006-11-14,13.205986805833895
2006-11-15,13.206145335056556
2006-11-16,13.206302399103855
2006-11-17,13.206457997975793
2006-11-20,13.20661213167237
2006-11-21,13.206764800193584
2006-11-22,13.206916003539439
2006-11-23,13.207065741709929
2006-11-24,13.20721401470506
2006-11-27,13.207360822524828
2006-11-28,13.207506165169235
2006-11-29,13.207650042638281
2006-11-30,13.207792454931965
2006-12-01,13.207933402050289
2006-12-04,13.20807288399325
2006-12-05,13.208210900760848
2006-12-06,13.208347452353086
2006-12-07,13.208482538769964
2006-12-08,13.208616160011479
2006-12-11,13.208748316077632
2006-12-12,13.208879006968424
2006-12-13,13.209008232683855
2006-12-14,13.209135993223923
2006-12-15,13.209262288588631
2006-12-18,13.209387118777977
2006-12-19,13.209510483791961
2006-12-20,13.209632383630584
2006-12-21,13.209752818293845
2006-12-22,13.209871787781745
2006-12-25,13.209989292094283
2006-12-26,13.210105331231459
2006-12-27,13.210219905193275
2006-12-28,13.210333013979728
2006-12-29,13.21044465759082
2007-01-01,13.210458739381101
2007-01-02,13.210567589142387
2007-01-03,13.210675110229229
2007-01-04,13.210781302641625
2007-01-05,13.210886166379577
2007-01-08,13.210989701443085
2007-01-09,13.211091907832147
2007-01-10,13.211192785546764
2007-01-11,13.211292334586938
2007-01-12,13.211390554952665
2007-01-15,13.211487446643948
2007-01-16,13.211583009660789
2007-01-17,13.211677244003182
2007-01-18,13.211770149671132
2007-01-19,13.211861726664637
2007-01-22,13.211951974983698
2007-01-23,13.212040894628313
2007-01-24,13.212128485598484
2007-01-25,13.21221474789421
2007-01-26,13.212299681515491
2007-01-29,13.212383286462329
2007-01-30,13.212465562734721
2007-01-31,13.212546510332668
2007-02-01,13.21262612925617
2007-02-02,13.21270441950523
2007-02-05,13.212781381079841
2007-02-06,13.21285701398001
2007-02-07,13.212931318205735
2007-02-08,13.213004293757013
2007-02-09,13.213075940633848
2007-02-12,13.213146258836238
2007-02-13,13.213215248364182
2007-02-14,13.213282909217684
2007-02-15,13.21334924139674
2007-02-16,13.213414244901351
2007-02-19,13.213477919731517
2007-02-20,13.21354026588724
2007-02-21,13.213601283368517
2007-02-22,13.213660972175349
2007-02-23,13.213719332307736
2007-02-26,13.213776363765678
2007-02-27,13.213832066549177
2007-02-28,13.21388644065823
2007-03-01,13.21393948609284
2007-03-02,13.213991202853004
2007-03-05,13.214041590938724
2007-03-06,13.214090650349998
2007-03-07,13.214138381086828
2007-03-08,13.214184783149214
2007-03-09,13.214229856537155
2007-03-12,13.214273601250651
2007-03-13,13.214316017289702
2007-03-14,13.214357104654308
2007-03-15,13.21439686334447
2007-03-16,13.214435293360188
2007-03-19,13.214472394701462
2007-03-20,13.214508167368288
2007-03-21,13.214542611360672
2007-03-22,13.21457572667861
2007-03-23,13.214607513322104
2007-03-26,13.214637971291154
2007-03-27,13.214667100585759
2007-03-28,13.214694901205918
2007-03-29,13.214721373151633
2007-03-30,13.214746516422903
2007-04-02,13.215189667407142
2007-04-03,13.215211557681245
2007-04-04,13.215231523632626
2007-04-05,13.215249565261285
2007-04-06,13.215265682567223
2007-04-09,13.215279875550436
2007-04-10,13.21529214421093
2007-04-11,13.215302488548698
2007-04-12,13.215310908563746
2007-04-13,13.215317404256071
2007-04-16,13.215321975625674
2007-04-17,13.215324622672556
2007-04-18,13.215325345396714
2007-04-19,13.21532414379815
2007-04-20,13.215321017876864
2007-04-23,13.215315967632856
2007-04-24,13.215308993066126
2007-04-25,13.215300094176673
2007-04-26,13.215289270964497
2007-04-27,13.2152765234296
2007-04-30,13.21526185157198
2007-05-01,13.215245255391638
2007-05-02,13.215226734888574
2007-05-03,13.215206290062788
2007-05-04,13.21518392091428
2007-05-07,13.215159627443049
2007-05-08,13.215133409649095
2007-05-09,13.215105267532419
2007-05-10,13.215075201093022
2007-05-11,13.2150432103309
2007-05-14,13.215009295246059
2007-05-15,13.214973455838495
2007-05-16,13.214935692108208
2007-05-17,13.214896004055198
2007-05-18,13.214854391679467
2007-05-21,13.214810854981014
2007-05-22,13.214765393959837
2007-05-23,13.21471800861594
2007-05-24,13.21466869894932
2007-05-25,13.214617464959977
2007-05-28,13.214564306647912
2007-05-29,13.214509224013124
2007-05-30,13.214452217055614
2007-05-31,13.214393285775383
2007-06-01,13.214332430172428
2007-06-04,13.214269650246752
2007-06-05,13.214204945998354
2007-06-06,13.214138317427233
2007-06-07,13.21406976453339
2007-06-08,13.213999287316824
2007-06-11,13.213926885777537
2007-06-12,13.213852559915527
2007-06-13,13.213776309730795
2007-06-14,13.213698135223341
2007-06-15,13.213618036393164
2007-06-18,13.213536013240265
2007-06-19,13.213452065764644
2007-06-20,13.2133661939663
2007-06-21,13.213278397845235
2007-06-22,13.213188677401446
2007-06-25,13.213097032634936
2007-06-26,13.213003463545704
2007-06-27,13.212907970133749
2007-06-28,13.212810552399072
2007-06-29,13.212711210341672
2007-07-02,13.209215262644987
2007-07-03,13.209116893932649
2007-07-04,13.209021422888096
2007-07-05,13.208928849511327
2007-07-06,13.208839173802343
2007-07-09,13.208752395761142
2007-07-10,13.208668515387725
2007-07-11,13.208587532682094
2007-07-12,13.208509447644245
2007-07-13,13.208434260274181
2007-07-16,13.208361970571902
2007-07-17,13.208292578537407
2007-07-18,13.208226084170695
2007-07-19,13.20816248747177
2007-07-20,13.208101788440626
2007-07-23,13.208043987077268
2007-07-24,13.207989083381694
2007-07-25,13.207937077353904
2007-07-26,13.207887968993898
2007-07-27,13.207841758301676
2007-07-30,13.20779844527724
2007-07-31,13.207758029920585
2007-08-01,13.207720512231717
2007-08-02,13.207685892210632
2007-08-03,13.207654169857332
2007-08-06,13.207625345171815
2007-08-07,13.207599418154084
2007-08-08,13.207576388804135
2007-08-09,13.207556257121972
2007-08-10,13.207539023107593
2007-08-13,13.207524686760998
2007-08-14,13.207513248082186
2007-08-15,13.207504707071159
2007-08-16,13.207499063727916
2007-08-17,13.207496318052458
2007-08-20,13.207496470044784
2007-08-21,13.207499519704895
2007-08-22,13.207505467032789
2007-08-23,13.207514312028467
2007-08-24,13.207526054691929
2007-08-27,13.207540695023177
2007-08-28,13.207558233022208
2007-08-29,13.207578668689022
2007-08-30,13.207602002023622
2007-08-31,13.207628233026007
2007-09-03,13.207657361696175
2007-09-04,13.207689388034126
2007-09-05,13.207724312039863
2007-09-06,13.207762133713384
2007-09-07,13.20780285305469
2007-09-10,13.207846470063778
2007-09-11,13.207892984740651
2007-09-12,13.207942397085308
2007-09-13,13.20799470709775
2007-09-14,13.208049914777975
2007-09-17,13.208108020125986
2007-09-18,13.20816902314178
2007-09-19,13.208232923825358
2007-09-20,13.208299722176722
2007-09-21,13.208369418195868
2007-09-24,13.2084420118828
2007-09-25,13.208517503237514
2007-09-26,13.208595892260014
2007-09-27,13.208677178950298
2007-09-28,13.208761363308367
2007-10-01,13.211483910009422
2007-10-02,13.211568851256425
2007-10-03,13.211652971149213
2007-10-04,13.211736269687789
2007-10-05,13.211818746872147
2007-10-08,13.211900402702293
2007-10-09,13.211981237178223
2007-10-10,13.21206125029994
2007-10-11,13.212140442067442
2007-10-12,13.212218812480728
2007-10-15,13.2122963615398
2007-10-16,13.212373089244657
2007-10-17,13.2124489955953
2007-10-18,13.212524080591729
2007-10-19,13.212598344233943
2007-10-22,13.212671786521941
2007-10-23,13.212744407455727
2007-10-24,13.212816207035296
2007-10-25,13.212887185260652
2007-10-26,13.212957342131793
2007-10-29,13.213026677648719
2007-10-30,13.21309519181143
2007-10-31,13.213162884619926
2007-11-01,13.21322975607421
2007-11-02,13.213295806174278
2007-11-05,13.21336103492013
2007-11-06,13.213425442311769
2007-11-07,13.213489028349192
2007-11-08,13.213551793032403
2007-11-09,13.213613736361397
2007-11-12,13.213674858336176
2007-11-13,13.213735158956743
2007-11-14,13.213794638223094
2007-11-15,13.21385329613523
2007-11-16,13.213911132693152
2007-11-19,13.213968147896859
2007-11-20,13.214024341746352
2007-11-21,13.21407971424163
2007-11-22,13.214134265382693
2007-11-23,13.214187995169542
2007-11-26,13.214240903602176
2007-11-27,13.214292990680596
2007-11-28,13.2143442564048
2007-11-29,13.214394700774792
2007-11-30,13.214444323790566
2007-12-03,13.214493125452128
2007-12-04,13.214541105759475
2007-12-05,13.214588264712607
2007-12-06,13.214634602311524
2007-12-07,13.214680118556227
2007-12-10,13.214724813446715
2007-12-11,13.214768686982989
2007-12-12,13.214811739165047
2007-12-13,13.214853969992891
2007-12-14,13.21489537946652
2007-12-17,13.214935967585937
2007-12-18,13.214975734351137
2007-12-19,13.215014679762124
2007-12-20,13.215052803818894
2007-12-21,13.215090106521451
2007-12-24,13.215126587869793
2007-12-25,13.21516224786392
2007-12-26,13.215197086503835
2007-12-27,13.215231103789533
2007-12-28,13.215264299721017
2007-12-31,13.215296674298285
2008-01-01,13.21588011442614
2008-01-02,13.215910522670816
2008-01-03,13.215939300502916
2008-01-04,13.215966447922435
2008-01-07,13.215991964929378
2008-01-08,13.216015851523741
2008-01-09,13.216038107705527
2008-01-10,13.216058733474734
2008-01-11,13.216077728831364
2008-01-14,13.216095093775413
2008-01-15,13.216110828306887
2008-01-16,13.21612493242578
2008-01-17,13.216137406132097
2008-01-18,13.216148249425833
2008-01-21,13.216157462306992
2008-01-22,13.216165044775574
2008-01-23,13.216170996831575
2008-01-24,13.216175318474999
2008-01-25,13.216178009705846
2008-01-28,13.216179070524113
2008-01-29,13.216178500929802
2008-01-30,13.216176300922914
2008-01-31,13.216172470503446
2008-02-01,13.2161670096714
2008-02-04,13.216159918426776
2008-02-05,13.216151196769573
2008-02-06,13.216140844699792
2008-02-07,13.216128862217435
2008-02-08,13.216115249322497
2008-02-11,13.216100006014981
2008-02-12,13.216083132294887
2008-02-13,13.216064628162215
2008-02-14,13.216044493616964
2008-02-15,13.216022728659135
2008-02-18,13.215999333288728
2008-02-19,13.215974307505743
2008-02-20,13.215947651310179
2008-02-21,13.215919364702037
2008-02-22,13.215889447681317
2008-02-25,13.215857900248018
2008-02-26,13.215824722402141
2008-02-27,13.215789914143686
2008-02-28,13.215753475472651
2008-02-29,13.21571540638904
2008-03-03,13.21567570689285
2008-03-04,13.215634376984081
2008-03-05,13.215591416662734
2008-03-06,13.215546825928808
2008-03-07,13.215500604782305
2008-03-10,13.215452753223223
2008-03-11,13.215403271251564
2008-03-12,13.215352158867324
2008-03-13,13.215299416070508
2008-03-14,13.215245042861113
2008-03-17,13.215189039239139
2008-03-18,13.215131405204588
2008-03-19,13.215072140757457
2008-03-20,13.215011245897749
2008-03-21,13.214948720625463
2008-03-24,13.214884564940597
2008-03-25,13.214818778843155
2008-03-26,13.214751362333132
2008-03-27,13.214682315410533
2008-03-28,13.214611638075354
2008-03-31,13.214539330327598
2008-04-01,13.21437892993318
2008-04-02,13.21430348417594
2008-04-03,13.214226530821795
2008-04-04,13.214148069870745
2008-04-07,13.214068101322791
2008-04-08,13.213986625177933
2008-04-09,13.213903641436168
2008-04-10,13.213819150097498
2008-04-11,13.213733151161925
2008-04-14,13.213645644629446
2008-04-15,13.213556630500062
2008-04-16,13.213466108773773
2008-04-17,13.21337407945058
2008-04-18,13.21328054253048
2008-04-21,13.213185498013477
2008-04-22,13.21308894589957
2008-04-23,13.212990886188756
2008-04-24,13.212891318881038
2008-04-25,13.212790243976414
2008-04-28,13.212687661474886
2008-04-29,13.212583571376454
2008-04-30,13.212477973681116
2008-05-01,13.212370868388874
2008-05-02,13.212262255499725
2008-05-05,13.212152135013673
2008-05-06,13.212040506930716
2008-05-07,13.211927371250853
2008-05-08,13.211812727974086
2008-05-09,13.211696577100414
2008-05-12,13.211578918629836
2008-05-13,13.211459752562355
2008-05-14,13.211339078897968
2008-05-15,13.211216897636676
2008-05-16,13.211093208778479
2008-05-19,13.210968012323379
2008-05-20,13.210841308271371
2008-05-21,13.210713096622461
2008-05-22,13.210583377376643
2008-05-23,13.210452150533923
2008-05-26,13.210319416094297
2008-05-27,13.210185174057766
2008-05-28,13.21004942442433
2008-05-29,13.20991216719399
2008-05-30,13.209773402366745
2008-06-02,13.209633129942594
2008-06-03,13.209491349921539
2008-06-04,13.209348062303578
2008-06-05,13.209203267088713
2008-06-06,13.209056964276943
2008-06-09,13.208909153868268
2008-06-10,13.208759835862688
2008-06-11,13.208609010260203
2008-06-12,13.208456677060813
2008-06-13,13.208302836264519
2008-06-16,13.208147487871319
2008-06-17,13.207990631881215
2008-06-18,13.207832268294204
2008-06-19,13.20767239711029
2008-06-20,13.207511018329471
2008-06-23,13.207348131951747
2008-06-24,13.207183737977118
2008-06-25,13.207017836405585
2008-06-26,13.206850427237146
2008-06-27,13.206681510471801
2008-06-30,13.206511086109554
2008-07-01,13.207420286360305
2008-07-02,13.207248009472742
2008-07-03,13.207072782627087
2008-07-04,13.206894605823337
2008-07-07,13.206713479061493
2008-07-08,13.206529402341557
2008-07-09,13.206342375663528
2008-07-10,13.206152399027404
2008-07-11,13.20595947243319
2008-07-14,13.205763595880878
2008-07-15,13.205564769370476
2008-07-16,13.205362992901978
2008-07-17,13.20515826647539
2008-07-18,13.204950590090705
2008-07-21,13.20473996374793
2008-07-22,13.204526387447059
2008-07-23,13.204309861188095
2008-07-24,13.204090384971039
2008-07-25,13.20386795879589
2008-07-28,13.203642582662646
2008-07-29,13.203414256571309
2008-07-30,13.203182980521879
2008-07-31,13.202948754514354
2008-08-01,13.202711578548737
2008-08-04,13.202471452625026
2008-08-05,13.202228376743223
2008-08-06,13.201982350903325
2008-08-07,13.201733375105336
2008-08-08,13.20148144934925
2008-08-11,13.201226573635074
2008-08-12,13.200968747962802
2008-08-13,13.200707972332438
2008-08-14,13.20044424674398
2008-08-15,13.20017757119743
2008-08-18,13.199907945692786
2008-08-19,13.199635370230048
2008-08-20,13.199359844809218
2008-08-21,13.199081369430294
2008-08-22,13.198799944093276
2008-08-25,13.198515568798165
2008-08-26,13.198228243544959
2008-08-27,13.197937968333662
2008-08-28,13.19764474316427
2008-08-29,13.197348568036785
2008-09-01,13.197049442951208
2008-09-02,13.196747367907536
2008-09-03,13.19644234290577
2008-09-04,13.196134367945913
2008-09-05,13.195823443027962
2008-09-08,13.195509568151916
2008-09-09,13.195192743317778
2008-09-10,13.194872968525546
2008-09-11,13.194550243775222
2008-09-12,13.194224569066803
2008-09-15,13.19389594440029
2008-09-16,13.193564369775686
2008-09-17,13.193229845192986
2008-09-18,13.192892370652194
2008-09-19,13.192551946153309
2008-09-22,13.19220857169633
2008-09-23,13.191862247281259
2008-09-24,13.191512972908093
2008-09-25,13.191160748576834
2008-09-26,13.19080557428748
2008-09-29,13.190447450040036
2008-09-30,13.190086375834497
2008-10-01,13.191137102271506
2008-10-02,13.190768179010032
2008-10-03,13.190394356650717
2008-10-06,13.190015635193559
2008-10-07,13.18963201463856
2008-10-08,13.18924349498572
2008-10-09,13.188850076235036
2008-10-10,13.188451758386512
2008-10-13,13.188048541440146
2008-10-14,13.187640425395939
2008-10-15,13.18722741025389
2008-10-16,13.186809496013998
2008-10-17,13.186386682676266
2008-10-20,13.18595897024069
2008-10-21,13.185526358707275
2008-10-22,13.185088848076017
2008-10-23,13.184646438346919
2008-10-24,13.184199129519977
2008-10-27,13.183746921595194
2008-10-28,13.18328981457257
2008-10-29,13.182827808452103
2008-10-30,13.182360903233796
2008-10-31,13.181889098917647
2008-11-03,13.181412395503655
2008-11-04,13.180930792991823
2008-11-05,13.180444291382148
2008-11-06,13.179952890674631
2008-11-07,13.179456590869274
2008-11-10,13.178955391966074
2008-11-11,13.178449293965032
2008-11-12,13.17793829686615
2008-11-13,13.177422400669425
2008-11-14,13.176901605374859
2008-11-17,13.17637591098245
2008-11-18,13.175845317492202
2008-11-19,13.17530982490411
2008-11-20,13.174769433218177
2008-11-21,13.174224142434403
2008-11-24,13.173673952552786
2008-11-25,13.173118863573327
2008-11-26,13.172558875496028
2008-11-27,13.171993988320887
2008-11-28,13.171424202047904
2008-12-01,13.170849516677078
2008-12-02,13.170269932208413
2008-12-03,13.169685448641903
2008-12-04,13.169096065977554
2008-12-05,13.168501784215362
2008-12-08,13.16790260335533
2008-12-09,13.167298523397454
2008-12-10,13.166689544341738
2008-12-11,13.16607566618818
2008-12-12,13.16545688893678
2008-12-15,13.164833212587538
2008-12-16,13.164204637140454
2008-12-17,13.16357116259553
2008-12-18,13.162932788952762
2008-12-19,13.162289516212155
2008-12-22,13.161641344373704
2008-12-23,13.160988273437413
2008-12-24,13.16033030340328
2008-12-25,13.159667434271304
2008-12-26,13.158999666041488
2008-12-29,13.158326998713829
2008-12-30,13.157649432288329
2008-12-31,13.156966966764987
2009-01-01,13.143299565100914
2009-01-02,13.14260451281657
2009-01-05,13.141923253013475
2009-01-06,13.141255785691634
2009-01-07,13.140602110851043
2009-01-08,13.139962228491704
2009-01-09,13.139336138613615
2009-01-12,13.138723841216779
2009-01-13,13.138125336301192
2009-01-14,13.137540623866856
2009-01-15,13.136969703913774
2009-01-16,13.136412576441941
2009-01-19,13.13586924145136
2009-01-20,13.13533969894203
2009-01-21,13.13482394891395
2009-01-22,13.134321991367123
2009-01-23,13.133833826301545
2009-01-26,13.13335945371722
2009-01-27,13.132898873614147
2009-01-28,13.132452085992323
2009-01-29,13.132019090851752
2009-01-30,13.131599888192431
2009-02-02,13.131194478014361
2009-02-03,13.130802860317543
2009-02-04,13.130425035101975
2009-02-05,13.13006100236766
2009-02-06,13.129710762114595
2009-02-09,13.129374314342781
2009-02-10,13.12905165905222
2009-02-11,13.128742796242907
2009-02-12,13.128447725914848
2009-02-13,13.12816644806804
2009-02-16,13.127898962702481
2009-02-17,13.127645269818174
2009-02-18,13.12740536941512
2009-02-19,13.127179261493316
2009-02-20,13.126966946052763
2009-02-23,13.126768423093461
2009-02-24,13.12658369261541
2009-02-25,13.12641275461861
2009-02-26,13.126255609103062
2009-02-27,13.126112256068765
2009-03-02,13.125982695515718
2009-03-03,13.125866927443925
2009-03-04,13.12576495185338
2009-03-05,13.12567676874409
2009-03-06,13.125602378116048
2009-03-09,13.125541779969257
2009-03-10,13.125494974303718
2009-03-11,13.12546196111943
2009-03-12,13.125442740416394
2009-03-13,13.12543731219461
2009-03-16,13.125445676454076
2009-03-17,13.125467833194792
2009-03-18,13.12550378241676
2009-03-19,13.12555352411998
2009-03-20,13.125617058304451
2009-03-23,13.125694384970172
2009-03-24,13.125785504117145
2009-03-25,13.125890415745369
2009-03-26,13.126009119854844
2009-03-27,13.12614161644557
2009-03-30,13.126287905517549
2009-03-31,13.126447987070778
2009-04-01,13.138973690551166
2009-04-02,13.13914071375038
2009-04-03,13.139303561099474
2009-04-06,13.139462232598447
2009-04-07,13.139616728247303
2009-04-08,13.139767048046036
2009-04-09,13.13991319199465
2009-04-10,13.140055160093143
2009-04-13,13.140192952341517
2009-04-14,13.14032656873977
2009-04-15,13.140456009287902
2009-04-16,13.140581273985916
2009-04-17,13.140702362833808
2009-04-20,13.140819275831582
2009-04-21,13.140932012979235
2009-04-22,13.141040574276767
2009-04-23,13.14114495972418
2009-04-24,13.141245169321472
2009-04-27,13.141341203068645
2009-04-28,13.141433060965698
2009-04-29,13.141520743012629
2009-04-30,13.141604249209442
2009-05-01,13.141683579556133
2009-05-04,13.141758734052706
2009-05-05,13.141829712699158
2009-05-06,13.141896515495489
2009-05-07,13.141959142441701
2009-05-08,13.142017593537792
2009-05-11,13.142071868783765
2009-05-12,13.142121968179616
2009-05-13,13.142167891725347
2009-05-14,13.142209639420958
2009-05-15,13.142247211266449
2009-05-18,13.14228060726182
2009-05-19,13.14230982740707
2009-05-20,13.142334871702202
2009-05-21,13.142355740147213
2009-05-22,13.142372432742103
2009-05-25,13.142384949486873
2009-05-26,13.142393290381523
2009-05-27,13.142397455426053
2009-05-28,13.142397444620464
2009-05-29,13.142393257964754
2009-06-01,13.142384895458925
2009-06-02,13.142372357102975
2009-06-03,13.142355642896904
2009-06-04,13.142334752840714
2009-06-05,13.142309686934404
2009-06-08,13.142280445177972
2009-06-09,13.142247027571422
2009-06-10,13.14220943411475
2009-06-11,13.14216766480796
2009-06-12,13.14212171965105
2009-06-15,13.14207159864402
2009-06-16,13.142017301786867
2009-06-17,13.141958829079597
2009-06-18,13.141896180522204
2009-06-19,13.141829356114693
2009-06-22,13.141758355857062
2009-06-23,13.141683179749311
2009-06-24,13.141603827791439
2009-06-25,13.141520299983448
2009-06-26,13.141432596325336
2009-06-29,13.141340716817103
2009-06-30,13.141244661458751
2009-07-01,13.134465851386876
2009-07-02,13.134372290896966
2009-07-03,13.134283882470946
2009-07-06,13.134200626108814
2009-07-07,13.134122521810573
2009-07-08,13.13404956957622
2009-07-09,13.133981769405757
2009-07-10,13.133919121299183
2009-07-13,13.133861625256497
2009-07-14,13.133809281277701
2009-07-15,13.133762089362794
2009-07-16,13.133720049511776
2009-07-17,13.133683161724647
2009-07-20,13.133651426001407
2009-07-21,13.133624842342057
2009-07-22,13.133603410746595
2009-07-23,13.133587131215021
2009-07-24,13.133576003747338
2009-07-27,13.133570028343545
2009-07-28,13.13356920500364
2009-07-29,13.133573533727624
2009-07-30,13.133583014515496
2009-07-31,13.133597647367258
2009-08-03,13.133617432282911
2009-08-04,13.133642369262452
2009-08-05,13.133672458305881
2009-08-06,13.133707699413199
2009-08-07,13.133748092584407
2009-08-10,13.133793637819505
2009-08-11,13.133844335118491
2009-08-12,13.133900184481366
2009-08-13,13.13396118590813
2009-08-14,13.134027339398784
2009-08-17,13.134098644953326
2009-08-18,13.134175102571758
2009-08-19,13.134256712254079
2009-08-20,13.13434347400029
2009-08-21,13.134435387810388
2009-08-24,13.134532453684375
2009-08-25,13.134634671622253
2009-08-26,13.134742041624019
2009-08-27,13.134854563689675
2009-08-28,13.13497223781922
2009-08-31,13.135095064012654
2009-09-01,13.135223042269978
2009-09-02,13.13535617259119
2009-09-03,13.13549445497629
2009-09-04,13.135637889425281
2009-09-07,13.13578647593816
2009-09-08,13.135940214514928
2009-09-09,13.136099105155585
2009-09-10,13.136263147860133
2009-09-11,13.136432342628568
2009-09-14,13.136606689460894
2009-09-15,13.136786188357108
2009-09-16,13.136970839317211
2009-09-17,13.137160642341204
2009-09-18,13.137355597429085
2009-09-21,13.137555704580857
2009-09-22,13.137760963796516
2009-09-23,13.137971375076065
2009-09-24,13.138186938419503
2009-09-25,13.13840765382683
2009-09-28,13.138633521298045
2009-09-29,13.13886454083315
2009-09-30,13.139100712432146
2009-10-01,13.143682338277186
2009-10-02,13.143922834253535
2009-10-05,13.14416250254335
2009-10-06,13.144401343146633
2009-10-07,13.14463935606338
2009-10-08,13.144876541293593
2009-10-09,13.145112898837272
2009-10-12,13.145348428694417
2009-10-13,13.14558313086503
2009-10-14,13.145817005349105
2009-10-15,13.146050052146649
2009-10-16,13.146282271257657
2009-10-19,13.146513662682134
2009-10-20,13.146744226420074
2009-10-21,13.146973962471481
2009-10-22,13.147202870836354
2009-10-23,13.147430951514693
2009-10-26,13.147658204506497
2009-10-27,13.147884629811768
2009-10-28,13.148110227430504
2009-10-29,13.148334997362706
2009-10-30,13.148558939608375
2009-11-02,13.14878205416751
2009-11-03,13.14900434104011
2009-11-04,13.149225800226176
2009-11-05,13.149446431725709
2009-11-06,13.149666235538707
2009-11-09,13.149885211665172
2009-11-10,13.150103360105101
2009-11-11,13.150320680858497
2009-11-12,13.15053717392536
2009-11-13,13.150752839305687
2009-11-16,13.150967676999482
2009-11-17,13.15118168700674
2009-11-18,13.151394869327467
2009-11-19,13.151607223961658
2009-11-20,13.151818750909316
2009-11-23,13.15202945017044
2009-11-24,13.15223932174503
2009-11-25,13.152448365633086
2009-11-26,13.152656581834608
2009-11-27,13.152863970349594
2009-11-30,13.153070531178047
2009-12-01,13.153276264319967
2009-12-02,13.153481169775352
2009-12-03,13.153685247544203
2009-12-04,13.153888497626522
2009-12-07,13.154090920022304
2009-12-08,13.154292514731553
2009-12-09,13.154493281754268
2009-12-10,13.154693221090449
2009-12-11,13.154892332740095
2009-12-14,13.155090616703209
2009-12-15,13.155288072979788
2009-12-16,13.155484701569833
2009-12-17,13.155680502473343
2009-12-18,13.15587547569032
2009-12-21,13.156069621220762
2009-12-22,13.156262939064671
2009-12-23,13.156455429222046
2009-12-24,13.156647091692886
2009-12-25,13.156837926477191
2009-12-28,13.157027933574964
2009-12-29,13.157217112986203
2009-12-30,13.157405464710907
2009-12-31,13.157592988749077
2010-01-01,13.156953534366675
2010-01-04,13.157146399492689
2010-01-05,13.157339599132094
2010-01-06,13.157533133284888
2010-01-07,13.157727001951072
2010-01-08,13.157921205130645
2010-01-11,13.15811574282361
2010-01-12,13.158310615029963
2010-01-13,13.158505821749706
2010-01-14,13.158701362982839
2010-01-15,13.158897238729363
2010-01-18,13.159093448989276
2010-01-19,13.15928999376258
2010-01-20,13.159486873049271
2010-01-21,13.159684086849355
2010-01-22,13.159881635162826
2010-01-25,13.160079517989688
2010-01-26,13.16027773532994
2010-01-27,13.160476287183583
2010-01-28,13.160675173550613
2010-01-29,13.160874394431035
2010-02-01,13.161073949824846
2010-02-02,13.161273839732049
2010-02-03,13.161474064152639
2010-02-04,13.16167462308662
2010-02-05,13.161875516533991
2010-02-08,13.162076744494751
2010-02-09,13.162278306968902
2010-02-10,13.162480203956441
2010-02-11,13.162682435457372
2010-02-12,13.162885001471691
2010-02-15,13.163087901999402
2010-02-16,13.1632911370405
2010-02-17,13.16349470659499
2010-02-18,13.16369861066287
2010-02-19,13.16390284924414
2010-02-22,13.164107422338798
2010-02-23,13.164312329946847
2010-02-24,13.164517572068286
2010-02-25,13.164723148703114
2010-02-26,13.164929059851334
2010-03-01,13.16513530551294
2010-03-02,13.165341885687939
2010-03-03,13.165548800376326
2010-03-04,13.165756049578105
2010-03-05,13.165963633293272
2010-03-08,13.16617155152183
2010-03-09,13.166379804263777
2010-03-10,13.166588391519113
2010-03-11,13.16679731328784
2010-03-12,13.167006569569958
2010-03-15,13.167216160365465
2010-03-16,13.16742608567436
2010-03-17,13.167636345496646
2010-03-18,13.167846939832323
2010-03-19,13.16805786868139
2010-03-22,13.168269132043845
2010-03-23,13.16848072991969
2010-03-24,13.168692662308926
2010-03-25,13.16890492921155
2010-03-26,13.169117530627565
2010-03-29,13.169330466556971
2010-03-30,13.169543736999765
2010-03-31,13.16975734195595
2010-04-01,13.169630509608147
2010-04-02,13.169841963711946
2010-04-05,13.170054223826423
2010-04-06,13.170267289951578
2010-04-07,13.170481162087412
2010-04-08,13.170695840233924
2010-04-09,13.170911324391115
2010-04-12,13.171127614558985
2010-04-13,13.171344710737532
2010-04-14,13.17156261292676
2010-04-15,13.171781321126664
2010-04-16,13.172000835337249
2010-04-19,13.17222115555851
2010-04-20,13.172442281790453
2010-04-21,13.172664214033071
2010-04-22,13.172886952286369
2010-04-23,13.173110496550347
2010-04-26,13.173334846825002
2010-04-27,13.173560003110335
2010-04-28,13.173785965406347
2010-04-29,13.174012733713038
2010-04-30,13.174240308030408
2010-05-03,13.174468688358457
2010-05-04,13.174697874697184
2010-05-05,13.17492786704659
2010-05-06,13.175158665406672
2010-05-07,13.175390269777434
2010-05-10,13.175622680158876
2010-05-11,13.175855896550996
2010-05-12,13.176089918953794
2010-05-13,13.176324747367271
2010-05-14,13.176560381791425
2010-05-17,13.17679682222626
2010-05-18,13.177034068671773
2010-05-19,13.177272121127963
2010-05-20,13.177510979594834
2010-05-21,13.17775064407238
2010-05-24,13.177991114560609
2010-05-25,13.178232391059513
2010-05-26,13.178474473569098
2010-05-27,13.17871736208936
2010-05-28,13.1789610566203
2010-05-31,13.179205557161922
2010-06-01,13.17945086371422
2010-06-02,13.179696976277196
2010-06-03,13.179943894850851
2010-06-04,13.180191619435185
2010-06-07,13.180440150030197
2010-06-08,13.18068948663589
2010-06-09,13.18093962925226
2010-06-10,13.181190577879308
2010-06-11,13.181442332517033
2010-06-14,13.181694893165439
2010-06-15,13.181948259824523
2010-06-16,13.182202432494286
2010-06-17,13.182457411174727
2010-06-18,13.182713195865848
2010-06-21,13.182969786567645
2010-06-22,13.183227183280122
2010-06-23,13.183485386003278
2010-06-24,13.183744394737111
2010-06-25,13.184004209481625
2010-06-28,13.184264830236815
2010-06-29,13.184526257002686
2010-06-30,13.184788489779233
2010-07-01,13.189903441478327
2010-07-02,13.190156589239333
2010-07-05,13.190403831410286
2010-07-06,13.19064516799119
2010-07-07,13.19088059898204
2010-07-08,13.191110124382842
2010-07-09,13.19133374419359
2010-07-12,13.191551458414288
2010-07-13,13.191763267044935
2010-07-14,13.19196917008553
2010-07-15,13.192169167536074
2010-07-16,13.192363259396567
2010-07-19,13.192551445667007
2010-07-20,13.192733726347397
2010-07-21,13.192910101437736
2010-07-22,13.193080570938024
2010-07-23,13.19324513484826
2010-07-26,13.193403793168445
2010-07-27,13.193556545898577
2010-07-28,13.19370339303866
2010-07-29,13.19384433458869
2010-07-30,13.19397937054867
2010-08-02,13.194108500918597
2010-08-03,13.194231725698474
2010-08-04,13.1943490448883
2010-08-05,13.194460458488075
2010-08-06,13.194565966497798
2010-08-09,13.19466556891747
2010-08-10,13.19475926574709
2010-08-11,13.194847056986658
2010-08-12,13.194928942636176
2010-08-13,13.195004922695643
2010-08-16,13.195074997165058
2010-08-17,13.195139166044422
2010-08-18,13.195197429333735
2010-08-19,13.195249787032996
2010-08-20,13.195296239142206
2010-08-23,13.195336785661365
2010-08-24,13.195371426590471
2010-08-25,13.195400161929527
2010-08-26,13.195422991678532
2010-08-27,13.195439915837486
2010-08-30,13.195450934406388
2010-08-31,13.195456047385239
2010-09-01,13.195455254774037
2010-09-02,13.195448556572787
2010-09-03,13.195435952781484
2010-09-06,13.195417443400128
2010-09-07,13.195393028428724
2010-09-08,13.195362707867266
2010-09-09,13.195326481715759
2010-09-10,13.195284349974198
2010-09-13,13.195236312642587
2010-09-14,13.195182369720925
2010-09-15,13.195122521209212
2010-09-16,13.195056767107447
2010-09-17,13.194985107415631
2010-09-20,13.194907542133762
2010-09-21,13.194824071261845
2010-09-22,13.194734694799875
2010-09-23,13.194639412747852
2010-09-24,13.19453822510578
2010-09-27,13.194431131873657
2010-09-28,13.194318133051482
2010-09-29,13.194199228639254
2010-09-30,13.194074418636976
2010-10-01,13.190627519073999
2010-10-04,13.190495466686984
2010-10-05,13.190362077505288
2010-10-06,13.190227351528906
2010-10-07,13.19009128875784
2010-10-08,13.18995388919209
2010-10-11,13.189815152831656
2010-10-12,13.189675079676537
2010-10-13,13.189533669726735
2010-10-14,13.189390922982248
2010-10-15,13.189246839443078
2010-10-18,13.189101419109223
2010-10-19,13.188954661980684
2010-10-20,13.18880656805746
2010-10-21,13.188657137339552
2010-10-22,13.188506369826962
2010-10-25,13.188354265519687
2010-10-26,13.188200824417725
2010-10-27,13.188046046521082
2010-10-28,13.187889931829753
2010-10-29,13.187732480343742
2010-11-01,13.187573692063046
2010-11-02,13.187413566987663
2010-11-03,13.187252105117599
2010-11-04,13.187089306452851
2010-11-05,13.186925170993417
2010-11-08,13.1867596987393
2010-11-09,13.186592889690498
2010-11-10,13.186424743847013
2010-11-11,13.186255261208842
2010-11-12,13.18608444177599
2010-11-15,13.18591228554845
2010-11-16,13.185738792526228
2010-11-17,13.185563962709322
2010-11-18,13.18538779609773
2010-11-19,13.185210292691457
2010-11-22,13.185031452490497
2010-11-23,13.184851275494854
2010-11-24,13.184669761704527
2010-11-25,13.184486911119516
2010-11-26,13.18430272373982
2010-11-29,13.18411719956544
2010-11-30,13.183930338596376
2010-12-01,13.183742140832628
2010-12-02,13.183552606274196
2010-12-03,13.18336173492108
2010-12-06,13.183169526773279
2010-12-07,13.182975981830795
2010-12-08,13.182781100093626
2010-12-09,13.182584881561773
2010-12-10,13.182387326235235
2010-12-13,13.182188434114014
2010-12-14,13.181988205198108
2010-12-15,13.181786639487518
2010-12-16,13.181583736982244
2010-12-17,13.181379497682286
2010-12-20,13.181173921587645
2010-12-21,13.180967008698317
2010-12-22,13.180758759014308
2010-12-23,13.180549172535613
2010-12-24,13.180338249262235
2010-12-27,13.180125989194172
2010-12-28,13.179912392331424
2010-12-29,13.179697458673992
2010-12-30,13.179481188221878
2010-12-31,13.179263580975078
2011-01-03,13.176732405102243
2011-01-04,13.176508580261936
2011-01-05,13.176286716624107
2011-01-06,13.17606681418875
2011-01-07,13.175848872955871
2011-01-10,13.175632892925465
2011-01-11,13.175418874097534
2011-01-12,13.175206816472079
2011-01-13,13.174996720049098
2011-01-14,13.17478858482859
2011-01-17,13.17458241081056
2011-01-18,13.174378197995004
2011-01-19,13.174175946381922
2011-01-20,13.173975655971315
2011-01-21,13.173777326763185
2011-01-24,13.173580958757528
2011-01-25,13.173386551954346
2011-01-26,13.17319410635364
2011-01-27,13.173003621955408
2011-01-28,13.17281509875965
2011-01-31,13.172628536766368
2011-02-01,13.17244393597556
2011-02-02,13.172261296387228
2011-02-03,13.17208061800137
2011-02-04,13.171901900817987
2011-02-07,13.17172514483708
2011-02-08,13.171550350058647
2011-02-09,13.17137751648269
2011-02-10,13.171206644109207
2011-02-11,13.171037732938197
2011-02-14,13.170870782969665
2011-02-15,13.170705794203606
2011-02-16,13.170542766640022
2011-02-17,13.170381700278915
2011-02-18,13.170222595120281
2011-02-21,13.170065451164122
2011-02-22,13.169910268410437
2011-02-23,13.169757046859228
2011-02-24,13.169605786510495
2011-02-25,13.169456487364235
2011-02-28,13.169309149420451
2011-03-01,13.169163772679141
2011-03-02,13.169020357140306
2011-03-03,13.168878902803947
2011-03-04,13.168739409670062
2011-03-07,13.168601877738652
2011-03-08,13.168466307009718
2011-03-09,13.168332697483258
2011-03-10,13.168201049159272
2011-03-11,13.168071362037763
2011-03-14,13.167943636118727
2011-03-15,13.167817871402166
2011-03-16,13.167694067888082
2011-03-17,13.167572225576471
2011-03-18,13.167452344467335
2011-03-21,13.167334424560673
2011-03-22,13.167218465856488
2011-03-23,13.167104468354777
2011-03-24,13.16699243205554
2011-03-25,13.166882356958778
2011-03-28,13.166774243064493
2011-03-29,13.166668090372681
2011-03-30,13.166563898883345
2011-03-31,13.166461668596483
2011-04-01,13.16269009196256
2011-04-04,13.162598482808361
2011-04-05,13.162513990983056
2011-04-06,13.16243661648664
2011-04-07,13.162366359319115
2011-04-08,13.162303219480483
2011-04-11,13.16224719697074
2011-04-12,13.162198291789888
2011-04-13,13.16215650393793
2011-04-14,13.16212183341486
2011-04-15,13.162094280220682
2011-04-18,13.162073844355396
2011-04-19,13.162060525819
2011-04-20,13.162054324611494
2011-04-21,13.162055240732881
2011-04-22,13.162063274183158
2011-04-25,13.162078424962326
2011-04-26,13.162100693070386
2011-04-27,13.162130078507335
2011-04-28,13.162166581273176
2011-04-29,13.162210201367909
2011-05-02,13.162260938791533
2011-05-03,13.162318793544047
2011-05-04,13.162383765625453
2011-05-05,13.16245585503575
2011-05-06,13.162535061774937
2011-05-09,13.162621385843018
2011-05-10,13.162714827239986
2011-05-11,13.162815385965848
2011-05-12,13.1629230620206
2011-05-13,13.163037855404243
2011-05-16,13.163159766116777
2011-05-17,13.163288794158202
2011-05-18,13.163424939528518
2011-05-19,13.163568202227726
2011-05-20,13.163718582255823
2011-05-23,13.163876079612812
2011-05-24,13.164040694298693
2011-05-25,13.164212426313465
2011-05-26,13.164391275657128
2011-05-27,13.164577242329681
2011-05-30,13.164770326331126
2011-05-31,13.164970527661461
2011-06-01,13.165177846320688
2011-06-02,13.165392282308806
2011-06-03,13.165613835625814
2011-06-06,13.165842506271714
2011-06-07,13.166078294246505
2011-06-08,13.166321199550188
2011-06-09,13.16657122218276
2011-06-10,13.166828362144225
2011-06-13,13.16709261943458
2011-06-14,13.167363994053826
2011-06-15,13.167642486001963
2011-06-16,13.167928095278992
2011-06-17,13.168220821884912
2011-06-20,13.168520665819722
2011-06-21,13.168827627083424
2011-06-22,13.169141705676015
2011-06-23,13.1694629015975
2011-06-24,13.169791214847875
2011-06-27,13.170126645427139
2011-06-28,13.170469193335297
2011-06-29,13.170818858572344
2011-06-30,13.171175641138284
2011-07-01,13.180430888289951
2011-07-04,13.180783924141926
2011-07-05,13.181131609585815
2011-07-06,13.181473944621622
2011-07-07,13.181810929249341
2011-07-08,13.182142563468977
2011-07-11,13.182468847280528
2011-07-12,13.182789780683994
2011-07-13,13.183105363679374
2011-07-14,13.183415596266672
2011-07-15,13.183720478445883
2011-07-18,13.184020010217008
2011-07-19,13.18431419158005
2011-07-20,13.184603022535008
2011-07-21,13.184886503081879
2011-07-22,13.185164633220666
2011-07-25,13.185437412951368
2011-07-26,13.185704842273985
2011-07-27,13.185966921188518
2011-07-28,13.186223649694966
2011-07-29,13.186475027793328
2011-08-01,13.186721055483606
2011-08-02,13.1869617327658
2011-08-03,13.187197059639908
2011-08-04,13.18742703610593
2011-08-05,13.18765166216387
2011-08-08,13.187870937813724
2011-08-09,13.188084863055492
2011-08-10,13.188293437889175
2011-08-11,13.188496662314776
2011-08-12,13.188694536332289
2011-08-15,13.188887059941719
2011-08-16,13.189074233143064
2011-08-17,13.189256055936323
2011-08-18,13.189432528321499
2011-08-19,13.189603650298588
2011-08-22,13.189769421867593
2011-08-23,13.189929843028514
2011-08-24,13.19008491378135
2011-08-25,13.1902346341261
2011-08-26,13.190379004062766
2011-08-29,13.190518023591347
2011-08-30,13.190651692711842
2011-08-31,13.190780011424254
2011-09-01,13.19090297972858
2011-09-02,13.191020597624822
2011-09-05,13.191132865112978
2011-09-06,13.191239782193051
2011-09-07,13.191341348865038
2011-09-08,13.19143756512894
2011-09-09,13.191528430984757
2011-09-12,13.19161394643249
2011-09-13,13.191694111472138
2011-09-14,13.1917689261037
2011-09-15,13.19183839032718
2011-09-16,13.191902504142572
2011-09-19,13.19196126754988
2011-09-20,13.192014680549104
2011-09-21,13.19206274314024
2011-09-22,13.192105455323295
2011-09-23,13.192142817098263
2011-09-26,13.192174828465149
2011-09-27,13.192201489423947
2011-09-28,13.192222799974662
2011-09-29,13.192238760117291
2011-09-30,13.192249369851835
2011-10-03,13.185915287402572
2011-10-04,13.185924116104385
2011-10-05,13.185936433268834
2011-10-06,13.185952238895924
2011-10-07,13.18597153298565
2011-10-10,13.185994315538014
2011-10-11,13.186020586553017
2011-10-12,13.186050346030658
2011-10-13,13.186083593970936
2011-10-14,13.186120330373853
2011-10-17,13.186160555239407
2011-10-18,13.1862042685676
2011-10-19,13.186251470358432
2011-10-20,13.1863021606119
2011-10-21,13.186356339328006
2011-10-24,13.186414006506752
2011-10-25,13.186475162148133
2011-10-26,13.186539806252155
2011-10-27,13.186607938818813
2011-10-28,13.186679559848109
2011-10-31,13.186754669340045
2011-11-01,13.186833267294617
2011-11-02,13.186915353711829
2011-11-03,13.187000928591678
2011-11-04,13.187089991934164
2011-11-07,13.187182543739288
2011-11-08,13.187278584007052
2011-11-09,13.187378112737452
2011-11-10,13.187481129930491
2011-11-11,13.187587635586167
2011-11-14,13.187697629704482
2011-11-15,13.187811112285436
2011-11-16,13.187928083329027
2011-11-17,13.188048542835256
2011-11-18,13.188172490804122
2011-11-21,13.188299927235628
2011-11-22,13.18843085212977
2011-11-23,13.18856526548655
2011-11-24,13.18870316730597
2011-11-25,13.188844557588027
2011-11-28,13.188989436332722
2011-11-29,13.189137803540055
2011-11-30,13.189289659210026
2011-12-01,13.189445003342636
2011-12-02,13.189603835937882
2011-12-05,13.189766156995768
2011-12-06,13.18993196651629
2011-12-07,13.190101264499452
2011-12-08,13.19027405094525
2011-12-09,13.190450325853687
2011-12-12,13.190630089224763
2011-12-13,13.190813341058476
2011-12-14,13.191000081354828
2011-12-15,13.191190310113816
2011-12-16,13.191384027335443
2011-12-19,13.19158123301971
2011-12-20,13.191781927166613
2011-12-21,13.191986109776153
2011-12-22,13.192193780848333
2011-12-23,13.192404940383149
2011-12-26,13.192619588380605
2011-12-27,13.192837724840698
2011-12-28,13.193059349763429
2011-12-29,13.193284463148798
2011-12-30,13.193513064996806
2012-01-02,13.200266126118438
2012-01-03,13.200492442149093
2012-01-04,13.200712983899756
2012-01-05,13.200927751370427
2012-01-06,13.201136744561108
2012-01-09,13.201339963471796
2012-01-10,13.201537408102494
2012-01-11,13.201729078453202
2012-01-12,13.201914974523916
2012-01-13,13.20209509631464
2012-01-16,13.202269443825374
2012-01-17,13.202438017056116
2012-01-18,13.202600816006866
2012-01-19,13.202757840677625
2012-01-20,13.202909091068394
2012-01-23,13.20305456717917
2012-01-24,13.203194269009956
2012-01-25,13.203328196560749
2012-01-26,13.203456349831553
2012-01-27,13.203578728822364
2012-01-30,13.203695333533185
2012-01-31,13.203806163964014
2012-02-01,13.203911220114852
2012-02-02,13.2040105019857
2012-02-03,13.204104009576556
2012-02-06,13.204191742887419
2012-02-07,13.204273701918293
2012-02-08,13.204349886669174
2012-02-09,13.204420297140066
2012-02-10,13.204484933330965
2012-02-13,13.204543795241873
2012-02-14,13.20459688287279
2012-02-15,13.204644196223716
2012-02-16,13.204685735294651
2012-02-17,13.204721500085594
2012-02-20,13.204751490596546
2012-02-21,13.204775706827508
2012-02-22,13.204794148778477
2012-02-23,13.204806816449455
2012-02-24,13.204813709840442
2012-02-27,13.204814828951438
2012-02-28,13.204810173782443
2012-02-29,13.204799744333457
2012-03-01,13.20478354060448
2012-03-02,13.20476156259551
2012-03-05,13.20473381030655
2012-03-06,13.204700283737598
2012-03-07,13.204660982888656
2012-03-08,13.204615907759722
2012-03-09,13.204565058350797
2012-03-12,13.20450843466188
2012-03-13,13.204446036692973
2012-03-14,13.204377864444075
2012-03-15,13.204303917915183
2012-03-16,13.204224197106303
2012-03-19,13.20413870201743
2012-03-20,13.204047432648567
2012-03-21,13.203950388999711
2012-03-22,13.203847571070865
2012-03-23,13.203738978862027
2012-03-26,13.203624612373199
2012-03-27,13.20350447160438
2012-03-28,13.203378556555567
2012-03-29,13.203246867226765
2012-03-30,13.203109403617972
2012-04-02,13.198009847324915
2012-04-03,13.197867875381146
2012-04-04,13.197727169382391
2012-04-05,13.19758772932865
2012-04-06,13.197449555219924
2012-04-09,13.197312647056213
2012-04-10,13.197177004837517
2012-04-11,13.197042628563837
2012-04-12,13.19690951823517
2012-04-13,13.19677767385152
2012-04-16,13.196647095412883
2012-04-17,13.19651778291926
2012-04-18,13.196389736370653
2012-04-19,13.196262955767061
2012-04-20,13.196137441108485
2012-04-23,13.196013192394922
2012-04-24,13.195890209626375
2012-04-25,13.195768492802841
2012-04-26,13.195648041924324
2012-04-27,13.195528856990821
2012-04-30,13.195410938002333
2012-05-01,13.195294284958859
2012-05-02,13.195178897860401
2012-05-03,13.195064776706957
2012-05-04,13.194951921498529
2012-05-07,13.194840332235113
2012-05-08,13.194730008916714
2012-05-09,13.19462095154333
2012-05-10,13.19451316011496
2012-05-11,13.194406634631605
2012-05-14,13.194301375093266
2012-05-15,13.19419738149994
2012-05-16,13.19409465385163
2012-05-17,13.193993192148335
2012-05-18,13.193892996390055
2012-05-21,13.193794066576789
2012-05-22,13.193696402708538
2012-05-23,13.193600004785301
2012-05-24,13.19350487280708
2012-05-25,13.193411006773873
2012-05-28,13.193318406685682
2012-05-29,13.193227072542506
2012-05-30,13.193137004344344
2012-05-31,13.193048202091196
2012-06-01,13.192960665783064
2012-06-04,13.192874395419947
2012-06-05,13.192789391001844
2012-06-06,13.192705652528756
2012-06-07,13.192623180000684
2012-06-08,13.192541973417624
2012-06-11,13.19246203277958
2012-06-12,13.192383358086554
2012-06-13,13.19230594933854
2012-06-14,13.19222980653554
2012-06-15,13.192154929677557
2012-06-18,13.192081318764588
2012-06-19,13.192008973796634
2012-06-20,13.191937894773694
2012-06-21,13.19186808169577
2012-06-22,13.19179953456286
2012-06-25,13.191732253374964
2012-06-26,13.191666238132084
2012-06-27,13.191601488834218
2012-06-28,13.191538005481368
2012-06-29,13.191475788073532
2012-07-02,13.191737192023817
2012-07-03,13.191677048614798
2012-07-04,13.191617713259584
2012-07-05,13.191559185958171
2012-07-06,13.191501466710564
2012-07-09,13.191444555516759
2012-07-10,13.191388452376755
2012-07-11,13.191333157290556
2012-07-12,13.191278670258159
2012-07-13,13.191224991279565
2012-07-16,13.191172120354775
2012-07-17,13.191120057483788
2012-07-18,13.191068802666603
2012-07-19,13.191018355903221
2012-07-20,13.190968717193643
2012-07-23,13.190919886537868
2012-07-24,13.190871863935897
2012-07-25,13.190824649387727
2012-07-26,13.19077824289336
2012-07-27,13.190732644452797
2012-07-30,13.190687854066038
2012-07-31,13.19064387173308
2012-08-01,13.190600697453926
2012-08-02,13.190558331228576
2012-08-03,13.190516773057027
2012-08-06,13.190476022939283
2012-08-07,13.19043608087534
2012-08-08,13.190396946865201
2012-08-09,13.190358620908865
2012-08-10,13.190321103006333
2012-08-13,13.190284393157604
2012-08-14,13.190248491362677
2012-08-15,13.190213397621553
2012-08-16,13.190179111934233
2012-08-17,13.190145634300714
2012-08-20,13.190112964721001
2012-08-21,13.190081103195089
2012-08-22,13.19005004972298
2012-08-23,13.190019804304676
2012-08-24,13.189990366940172
2012-08-27,13.189961737629474
2012-08-28,13.189933916372578
2012-08-29,13.189906903169485
2012-08-30,13.189880698020193
2012-08-31,13.189855300924707
2012-09-03,13.189830711883022
2012-09-04,13.189806930895141
2012-09-05,13.189783957961064
2012-09-06,13.189761793080788
2012-09-07,13.189740436254317
2012-09-10,13.189719887481647
2012-09-11,13.189700146762782
2012-09-12,13.18968121409772
2012-09-13,13.189663089486459
2012-09-14,13.189645772929001
2012-09-17,13.189629264425347
2012-09-18,13.189613563975497
2012-09-19,13.18959867157945
2012-09-20,13.189584587237205
2012-09-21,13.189571310948764
2012-09-24,13.189558842714124
2012-09-25,13.189547182533289
2012-09-26,13.189536330406257
2012-09-27,13.189526286333027
2012-09-28,13.1895170503136
2012-10-01,13.18787131249657
2012-10-02,13.187866051828191
2012-10-03,13.187863830760607
2012-10-04,13.187864649293816
2012-10-05,13.187868507427822
2012-10-08,13.187875405162622
2012-10-09,13.187885342498216
2012-10-10,13.187898319434607
2012-10-11,13.187914335971792
2012-10-12,13.187933392109771
2012-10-15,13.187955487848546
2012-10-16,13.187980623188114
2012-10-17,13.188008798128479
2012-10-18,13.188040012669639
2012-10-19,13.188074266811592
2012-10-22,13.188111560554342
2012-10-23,13.188151893897885
2012-10-24,13.188195266842225
2012-10-25,13.188241679387358
2012-10-26,13.188291131533287
2012-10-29,13.18834362328001
2012-10-30,13.188399154627529
2012-10-31,13.188457725575843
2012-11-01,13.188519336124951
2012-11-02,13.188583986274853
2012-11-05,13.188651676025552
2012-11-06,13.188722405377044
2012-11-07,13.188796174329333
2012-11-08,13.188872982882415
2012-11-09,13.188952831036294
2012-11-12,13.189035718790967
2012-11-13,13.189121646146434
2012-11-14,13.189210613102697
2012-11-15,13.189302619659754
2012-11-16,13.189397665817607
2012-11-19,13.189495751576253
2012-11-20,13.189596876935695
2012-11-21,13.189701041895932
2012-11-22,13.189808246456964
2012-11-23,13.18991849061879
2012-11-26,13.190031774381413
2012-11-27,13.19014809774483
2012-11-28,13.190267460709041
2012-11-29,13.190389863274047
2012-11-30,13.190515305439849
2012-12-03,13.190643787206445
2012-12-04,13.190775308573837
2012-12-05,13.190909869542022
2012-12-06,13.191047470111004
2012-12-07,13.191188110280779
2012-12-10,13.19133179005135
2012-12-11,13.191478509422716
2012-12-12,13.191628268394876
2012-12-13,13.191781066967831
2012-12-14,13.191936905141583
2012-12-17,13.192095782916128
2012-12-18,13.192257700291467
2012-12-19,13.192422657267603
2012-12-20,13.192590653844533
2012-12-21,13.192761690022259
2012-12-24,13.192935765800778
2012-12-25,13.193112881180094
2012-12-26,13.193293036160203
2012-12-27,13.193476230741107
2012-12-28,13.193662464922806
2012-12-31,13.1938517387053
2013-01-01,13.196667701829993
2013-01-02,13.196865417825165
2013-01-03,13.197062526638993
2013-01-04,13.197259028271477
2013-01-07,13.197454922722613
2013-01-08,13.197650209992407
2013-01-09,13.197844890080855
2013-01-10,13.198038962987958
2013-01-11,13.198232428713718
2013-01-14,13.198425287258132
2013-01-15,13.198617538621201
2013-01-16,13.198809182802925
2013-01-17,13.199000219803304
2013-01-18,13.19919064962234
2013-01-21,13.19938047226003
2013-01-22,13.199569687716375
2013-01-23,13.199758295991375
2013-01-24,13.199946297085031
2013-01-25,13.200133690997342
2013-01-28,13.200320477728308
2013-01-29,13.200506657277929
2013-01-30,13.200692229646206
2013-01-31,13.200877194833138
2013-02-01,13.201061552838725
2013-02-04,13.201245303662967
2013-02-05,13.201428447305863
2013-02-06,13.201610983767416
2013-02-07,13.201792913047624
2013-02-08,13.201974235146487
2013-02-11,13.202154950064006
2013-02-12,13.202335057800179
2013-02-13,13.202514558355007
2013-02-14,13.202693451728491
2013-02-15,13.202871737920631
2013-02-18,13.203049416931425
2013-02-19,13.203226488760874
2013-02-20,13.203402953408979
2013-02-21,13.203578810875738
2013-02-22,13.203754061161154
2013-02-25,13.203928704265225
2013-02-26,13.20410274018795
2013-02-27,13.204276168929331
2013-02-28,13.204448990489366
2013-03-01,13.204621204868058
2013-03-04,13.204792812065405
2013-03-05,13.204963812081406
2013-03-06,13.205134204916062
2013-03-07,13.205303990569375
2013-03-08,13.205473169041342
2013-03-11,13.205641740331965
2013-03-12,13.205809704441242
2013-03-13,13.205977061369175
2013-03-14,13.206143811115762
2013-03-15,13.206309953681005
2013-03-18,13.206475489064905
2013-03-19,13.206640417267458
2013-03-20,13.206804738288668
2013-03-21,13.206968452128532
2013-03-22,13.20713155878705
2013-03-25,13.207294058264225
2013-03-26,13.207455950560055
2013-03-27,13.20761723567454
2013-03-28,13.20777791360768
2013-03-29,13.207937984359475
2013-04-01,13.207808808544323
2013-04-02,13.207965638447646
2013-04-03,13.208122287969543
2013-04-04,13.20827875711001
2013-04-05,13.208435045869052
2013-04-08,13.208591154246665
2013-04-09,13.20874708224285
2013-04-10,13.208902829857609
2013-04-11,13.209058397090939
2013-04-12,13.209213783942841
2013-04-15,13.209368990413315
2013-04-16,13.209524016502362
2013-04-17,13.209678862209982
2013-04-18,13.209833527536174
2013-04-19,13.209988012480938
2013-04-22,13.210142317044275
2013-04-23,13.210296441226184
2013-04-24,13.210450385026665
2013-04-25,13.210604148445718
2013-04-26,13.210757731483344
2013-04-29,13.210911134139543
2013-04-30,13.211064356414314
2013-05-01,13.211217398307657
2013-05-02,13.211370259819573
2013-05-03,13.21152294095006
2013-05-06,13.21167544169912
2013-05-07,13.211827762066752
2013-05-08,13.211979902052958
2013-05-09,13.212131861657735
2013-05-10,13.212283640881084
2013-05-13,13.212435239723007
2013-05-14,13.2125866581835
2013-05-15,13.212737896262567
2013-05-16,13.212888953960206
2013-05-17,13.213039831276417
2013-05-20,13.2131905282112
2013-05-21,13.213341044764556
2013-05-22,13.213491380936485
2013-05-23,13.213641536726985
2013-05-24,13.213791512136059
2013-05-27,13.213941307163704
2013-05-28,13.214090921809921
2013-05-29,13.214240356074713
2013-05-30,13.214389609958074
2013-05-31,13.21453868346001
2013-06-03,13.214687576580516
2013-06-04,13.214836289319596
2013-06-05,13.214984821677248
2013-06-06,13.215133173653472
2013-06-07,13.215281345248268
2013-06-10,13.215429336461638
2013-06-11,13.21557714729358
2013-06-12,13.215724777744093
2013-06-13,13.215872227813179
2013-06-14,13.216019497500836
2013-06-17,13.216166586807068
2013-06-18,13.216313495731871
2013-06-19,13.216460224275245
2013-06-20,13.216606772437194
2013-06-21,13.216753140217714
2013-06-24,13.216899327616806
2013-06-25,13.21704533463447
2013-06-26,13.217191161270708
2013-06-27,13.217336807525518
2013-06-28,13.217482273398899
2013-07-01,13.219307578871165
2013-07-02,13.219448171987437
2013-07-03,13.219586274023362
2013-07-04,13.219721884978938
2013-07-05,13.219855004854164
2013-07-08,13.219985633649044
2013-07-09,13.220113771363573
2013-07-10,13.220239417997755
2013-07-11,13.220362573551586
2013-07-12,13.220483238025071
2013-07-15,13.220601411418206
2013-07-16,13.220717093730993
2013-07-17,13.22083028496343
2013-07-18,13.22094098511552
2013-07-19,13.22104919418726
2013-07-22,13.221154912178653
2013-07-23,13.221258139089697
2013-07-24,13.221358874920393
2013-07-25,13.221457119670738
2013-07-26,13.221552873340736
2013-07-29,13.221646135930385
2013-07-30,13.221736907439686
2013-07-31,13.221825187868637
2013-08-01,13.22191097721724
2013-08-02,13.221994275485494
2013-08-05,13.2220750826734
2013-08-06,13.222153398780959
2013-08-07,13.222229223808167
2013-08-08,13.222302557755027
2013-08-09,13.222373400621539
2013-08-12,13.222441752407702
2013-08-13,13.222507613113516
2013-08-14,13.222570982738981
2013-08-15,13.222631861284098
2013-08-16,13.222690248748867
2013-08-19,13.222746145133286
2013-08-20,13.222799550437358
2013-08-21,13.22285046466108
2013-08-22,13.222898887804455
2013-08-23,13.222944819867479
2013-08-26,13.222988260850157
2013-08-27,13.223029210752484
2013-08-28,13.223067669574464
2013-08-29,13.223103637316093
2013-08-30,13.223137113977376
2013-09-02,13.22316809955831
2013-09-03,13.223196594058894
2013-09-04,13.22322259747913
2013-09-05,13.22324610981902
2013-09-06,13.223267131078558
2013-09-09,13.223285661257748
2013-09-10,13.22330170035659
2013-09-11,13.223315248375084
2013-09-12,13.223326305313227
2013-09-13,13.223334871171023
2013-09-16,13.22334094594847
2013-09-17,13.22334452964557
2013-09-18,13.22334562226232
2013-09-19,13.22334422379872
2013-09-20,13.223340334254774
2013-09-23,13.223333953630478
2013-09-24,13.223325081925834
2013-09-25,13.22331371914084
2013-09-26,13.223299865275498
2013-09-27,13.223283520329808
2013-09-30,13.22326468430377
2013-10-01,13.21946532274007
2013-10-02,13.219446709652471
2013-10-03,13.219430810583662
2013-10-04,13.21941762553364
2013-10-07,13.21940715450241
2013-10-08,13.219399397489966
2013-10-09,13.21939435449631
2013-10-10,13.219392025521445
2013-10-11,13.21939241056537
2013-10-14,13.219395509628082
2013-10-15,13.219401322709583
2013-10-16,13.219409849809875
2013-10-17,13.219421090928954
2013-10-18,13.21943504606682
2013-10-21,13.219451715223478
2013-10-22,13.219471098398923
2013-10-23,13.219493195593158
2013-10-24,13.219518006806181
2013-10-25,13.219545532037994
2013-10-28,13.219575771288596
2013-10-29,13.219608724557986
2013-10-30,13.219644391846165
2013-10-31,13.219682773153133
2013-11-01,13.21972386847889
2013-11-04,13.219767677823436
2013-11-05,13.21981420118677
2013-11-06,13.219863438568895
2013-11-07,13.219915389969806
2013-11-08,13.219970055389508
2013-11-11,13.220027434827998
2013-11-12,13.220087528285278
2013-11-13,13.220150335761346
2013-11-14,13.220215857256203
2013-11-15,13.220284092769848
2013-11-18,13.220355042302284
2013-11-19,13.220428705853507
2013-11-20,13.22050508342352
2013-11-21,13.22058417501232
2013-11-22,13.220665980619911
2013-11-25,13.22075050024629
2013-11-26,13.220837733891457
2013-11-27,13.220927681555414
2013-11-28,13.22102034323816
2013-11-29,13.221115718939696
2013-12-02,13.22121380866002
2013-12-03,13.221314612399132
2013-12-04,13.221418130157033
2013-12-05,13.221524361933724
2013-12-06,13.221633307729203
2013-12-09,13.22174496754347
2013-12-10,13.221859341376527
2013-12-11,13.221976429228373
2013-12-12,13.222096231099009
2013-12-13,13.222218746988432
2013-12-16,13.222343976896644
2013-12-17,13.222471920823645
2013-12-18,13.222602578769436
2013-12-19,13.222735950734016
2013-12-20,13.222872036717384
2013-12-23,13.22301083671954
2013-12-24,13.223152350740486
2013-12-25,13.223296578780221
2013-12-26,13.223443520838744
2013-12-27,13.223593176916058
2013-12-30,13.22374554701216
2013-12-31,13.22390063112705
2014-01-01,13.230183060532939
2014-01-02,13.23033970598962
2014-01-03,13.230490267577622
2014-01-06,13.230634745296946
2014-01-07,13.230773139147596
2014-01-08,13.230905449129567
2014-01-09,13.23103167524286
2014-01-10,13.231151817487477
2014-01-13,13.231265875863418
2014-01-14,13.23137385037068
2014-01-15,13.231475741009266
2014-01-16,13.231571547779176
2014-01-17,13.231661270680407
2014-01-20,13.231744909712962
2014-01-21,13.23182246487684
2014-01-22,13.23189393617204
2014-01-23,13.231959323598565
2014-01-24,13.23201862715641
2014-01-27,13.23207184684558
2014-01-28,13.232118982666071
2014-01-29,13.232160034617888
2014-01-30,13.232195002701024
2014-01-31,13.232223886915486
2014-02-03,13.23224668726127
2014-02-04,13.232263403738378
2014-02-05,13.232274036346807
2014-02-06,13.23227858508656
2014-02-07,13.232277049957634
2014-02-10,13.232269430960033
2014-02-11,13.232255728093754
2014-02-12,13.2322359413588
2014-02-13,13.232210070755167
2014-02-14,13.232178116282856
2014-02-17,13.232140077941871
2014-02-18,13.232095955732206
2014-02-19,13.232045749653865
2014-02-20,13.231989459706847
2014-02-21,13.231927085891153
2014-02-24,13.23185862820678
2014-02-25,13.23178408665373
2014-02-26,13.231703461232005
2014-02-27,13.231616751941601
2014-02-28,13.231523958782521
2014-03-03,13.231425081754763
2014-03-04,13.231320120858328
2014-03-05,13.231209076093217
2014-03-06,13.231091947459428
2014-03-07,13.230968734956962
2014-03-10,13.230839438585818
2014-03-11,13.230704058346
2014-03-12,13.230562594237501
2014-03-13,13.230415046260328
2014-03-14,13.230261414414477
2014-03-17,13.230101698699947
2014-03-18,13.229935899116743
2014-03-19,13.229764015664859
2014-03-20,13.2295860483443
2014-03-21,13.229401997155064
2014-03-24,13.22921186209715
2014-03-25,13.229015643170559
2014-03-26,13.228813340375291
2014-03-27,13.228604953711347
2014-03-28,13.228390483178725
2014-03-31,13.228169928777424
2014-04-01,13.221049984088793
2014-04-02,13.220830728597537
2014-04-03,13.220615369142386
2014-04-04,13.22040390572334
2014-04-07,13.220196338340397
2014-04-08,13.21999266699356
2014-04-09,13.219792891682829
2014-04-10,13.219597012408203
2014-04-11,13.21940502916968
2014-04-14,13.219216941967264
2014-04-15,13.219032750800952
2014-04-16,13.218852455670746
2014-04-17,13.218676056576642
2014-04-18,13.218503553518646
2014-04-21,13.218334946496753
2014-04-22,13.218170235510966
2014-04-23,13.218009420561282
2014-04-24,13.217852501647705
2014-04-25,13.217699478770232
2014-04-28,13.217550351928864
2014-04-29,13.217405121123601
2014-04-30,13.217263786354444
2014-05-01,13.217126347621392
2014-05-02,13.216992804924443
2014-05-05,13.2168631582636
2014-05-06,13.216737407638862
2014-05-07,13.216615553050227
2014-05-08,13.2164975944977
2014-05-09,13.216383531981275
2014-05-12,13.216273365500957
2014-05-13,13.216167095056743
2014-05-14,13.216064720648635
2014-05-15,13.21596624227663
2014-05-16,13.215871659940731
2014-05-19,13.215780973640937
2014-05-20,13.215694183377249
2014-05-21,13.215611289149663
2014-05-22,13.215532290958185
2014-05-23,13.21545718880281
2014-05-26,13.215385982683541
2014-05-27,13.215318672600377
2014-05-28,13.215255258553317
2014-05-29,13.215195740542361
2014-05-30,13.215140118567511
2014-06-02,13.215088392628767
2014-06-03,13.215040562726127
2014-06-04,13.214996628859591
2014-06-05,13.214956591029162
2014-06-06,13.214920449234837
2014-06-09,13.214888203476615
2014-06-10,13.2148598537545
2014-06-11,13.21483540006849
2014-06-12,13.214814842418585
2014-06-13,13.214798180804783
2014-06-16,13.214785415227087
2014-06-17,13.214776545685497
2014-06-18,13.21477157218001
2014-06-19,13.21477049471063
2014-06-20,13.214773313277353
2014-06-23,13.214780027880183
2014-06-24,13.214790638519116
2014-06-25,13.214805145194156
2014-06-26,13.214823547905299
2014-06-27,13.214845846652546
2014-06-30,13.2148720414359
2014-07-01,13.21701036499123
2014-07-02,13.217040873848385
2014-07-03,13.217072256664741
2014-07-04,13.217104513440301
2014-07-07,13.217137644175063
2014-07-08,13.217171648869027
2014-07-09,13.217206527522194
2014-07-10,13.217242280134563
2014-07-11,13.217278906706136
2014-07-14,13.217316407236911
2014-07-15,13.217354781726888
2014-07-16,13.217394030176068
2014-07-17,13.21743415258445
2014-07-18,13.217475148952037
2014-07-21,13.217517019278825
2014-07-22,13.217559763564815
2014-07-23,13.217603381810008
2014-07-24,13.217647874014403
2014-07-25,13.217693240178003
2014-07-28,13.217739480300803
2014-07-29,13.217786594382806
2014-07-30,13.217834582424013
2014-07-31,13.217883444424421
2014-08-01,13.217933180384033
2014-08-04,13.217983790302847
2014-08-05,13.218035274180865
2014-08-06,13.218087632018083
2014-08-07,13.218140863814506
2014-08-08,13.21819496957013
2014-08-11,13.218249949284957
2014-08-12,13.218305802958987
2014-08-13,13.21836253059222
2014-08-14,13.218420132184654
2014-08-15,13.218478607736293
2014-08-18,13.218537957247133
2014-08-19,13.218598180717176
2014-08-20,13.218659278146422
2014-08-21,13.21872124953487
2014-08-22,13.21878409488252
2014-08-25,13.218847814189374
2014-08-26,13.218912407455429
2014-08-27,13.218977874680688
2014-08-28,13.21904421586515
2014-08-29,13.219111431008812
2014-09-01,13.21917952011168
2014-09-02,13.219248483173748
2014-09-03,13.21931832019502
2014-09-04,13.219389031175496
2014-09-05,13.219460616115171
2014-09-08,13.219533075014052
2014-09-09,13.219606407872133
2014-09-10,13.219680614689418
2014-09-11,13.219755695465906
2014-09-12,13.219831650201595
2014-09-15,13.219908478896489
2014-09-16,13.219986181550583
2014-09-17,13.22006475816388
2014-09-18,13.220144208736382
2014-09-19,13.220224533268086
2014-09-22,13.220305731758991
2014-09-23,13.2203878042091
2014-09-24,13.22047075061841
2014-09-25,13.220554570986923
2014-09-26,13.22063926531464
2014-09-29,13.220724833601558
2014-09-30,13.22081127584768
2014-10-01,13.219830279064892
2014-10-02,13.219919941072801
2014-10-03,13.220011948883293
2014-10-06,13.220106302496372
2014-10-07,13.220203001912035
2014-10-08,13.220302047130282
2014-10-09,13.220403438151113
2014-10-10,13.22050717497453
2014-10-13,13.220613257600531
2014-10-14,13.220721686029117
2014-10-15,13.220832460260286
2014-10-16,13.220945580294043
2014-10-17,13.221061046130382
2014-10-20,13.221178857769306
2014-10-21,13.221299015210814
2014-10-22,13.221421518454909
2014-10-23,13.221546367501587
2014-10-24,13.22167356235085
2014-10-27,13.221803103002697
2014-10-28,13.221934989457129
2014-10-29,13.222069221714145
2014-10-30,13.222205799773747
2014-10-31,13.222344723635933
2014-11-03,13.222485993300703
2014-11-04,13.222629608768058
2014-11-05,13.222775570037998
2014-11-06,13.222923877110523
2014-11-07,13.223074529985631
2014-11-10,13.223227528663326
2014-11-11,13.223382873143604
2014-11-12,13.223540563426466
2014-11-13,13.223700599511915
2014-11-14,13.223862981399947
2014-11-17,13.224027709090564
2014-11-18,13.224194782583766
2014-11-19,13.22436420187955
2014-11-20,13.224535966977921
2014-11-21,13.224710077878877
2014-11-24,13.224886534582417
2014-11-25,13.225065337088543
2014-11-26,13.225246485397252
2014-11-27,13.225429979508545
2014-11-28,13.225615819422424
2014-12-01,13.225804005138887
2014-12-02,13.225994536657934
2014-12-03,13.226187413979567
2014-12-04,13.226382637103784
2014-12-05,13.226580206030587
2014-12-08,13.226780120759972
2014-12-09,13.226982381291943
2014-12-10,13.2271869876265
2014-12-11,13.227393939763639
2014-12-12,13.227603237703363
2014-12-15,13.227814881445672
2014-12-16,13.228028870990567
2014-12-17,13.228245206338046
2014-12-18,13.22846388748811
2014-12-19,13.228684914440757
2014-12-22,13.22890828719599
2014-12-23,13.229134005753806
2014-12-24,13.22936207011421
2014-12-25,13.229592480277196
2014-12-26,13.229825236242766
2014-12-29,13.230060338010922
2014-12-30,13.230297785581662
2014-12-31,13.230537578954987
2015-01-01,13.235049799616199
2015-01-02,13.235295749397617
2015-01-05,13.235537942935299
2015-01-06,13.23577638022924
2015-01-07,13.236011061279443
2015-01-08,13.23624198608591
2015-01-09,13.236469154648637
2015-01-12,13.236692566967626
2015-01-13,13.236912223042879
2015-01-14,13.23712812287439
2015-01-15,13.237340266462166
2015-01-16,13.237548653806202
2015-01-19,13.2377532849065
2015-01-20,13.23795415976306
2015-01-21,13.238151278375883
2015-01-22,13.238344640744966
2015-01-23,13.23853424687031
2015-01-26,13.238720096751917
2015-01-27,13.238902190389787
2015-01-28,13.239080527783917
2015-01-29,13.23925510893431
2015-01-30,13.239425933840964
2015-02-02,13.23959300250388
2015-02-03,13.239756314923058
2015-02-04,13.239915871098498
2015-02-05,13.2400716710302
2015-02-06,13.240223714718164
2015-02-09,13.240372002162388
2015-02-10,13.240516533362875
2015-02-11,13.240657308319625
2015-02-12,13.240794327032635
2015-02-13,13.240927589501906
2015-02-16,13.24105709572744
2015-02-17,13.241182845709236
2015-02-18,13.241304839447293
2015-02-19,13.241423076941613
2015-02-20,13.241537558192194
2015-02-23,13.241648283199037
2015-02-24,13.241755251962141
2015-02-25,13.241858464481508
2015-02-26,13.241957920757137
2015-02-27,13.242053620789026
2015-03-02,13.242145564577179
2015-03-03,13.242233752121592
2015-03-04,13.242318183422267
2015-03-05,13.242398858479206
2015-03-06,13.242475777292404
2015-03-09,13.242548939861864
2015-03-10,13.242618346187587
2015-03-11,13.242683996269571
2015-03-12,13.242745890107818
2015-03-13,13.242804027702325
2015-03-16,13.242858409053095
2015-03-17,13.242909034160126
2015-03-18,13.24295590302342
2015-03-19,13.242999015642974
2015-03-20,13.243038372018791
2015-03-23,13.24307397215087
2015-03-24,13.243105816039211
2015-03-25,13.243133903683812
2015-03-26,13.243158235084676
2015-03-27,13.243178810241803
2015-03-30,13.24319562915519
2015-03-31,13.24320869182484
2015-04-01,13.240508547895244
2015-04-02,13.24051791816585
2015-04-03,13.240527495456933
2015-04-06,13.240537279768493
2015-04-07,13.240547271100532
2015-04-08,13.240557469453048
2015-04-09,13.240567874826041
2015-04-10,13.240578487219514
2015-04-13,13.240589306633463
2015-04-14,13.24060033306789
2015-04-15,13.240611566522794
2015-04-16,13.240623006998177
2015-04-17,13.240634654494036
2015-04-20,13.240646509010375
2015-04-21,13.24065857054719
2015-04-22,13.240670839104483
2015-04-23,13.240683314682254
2015-04-24,13.240695997280502
2015-04-27,13.240708886899228
2015-04-28,13.240721983538432
2015-04-29,13.240735287198113
2015-04-30,13.240748797878272
2015-05-01,13.24076251557891
2015-05-04,13.240776440300023
2015-05-05,13.240790572041615
2015-05-06,13.240804910803686
2015-05-07,13.240819456586232
2015-05-08,13.240834209389257
2015-05-11,13.24084916921276
2015-05-12,13.24086433605674
2015-05-13,13.240879709921199
2015-05-14,13.240895290806135
2015-05-15,13.240911078711548
2015-05-18,13.240927073637438
2015-05-19,13.240943275583808
2015-05-20,13.240959684550655
2015-05-21,13.240976300537978
2015-05-22,13.240993123545781
2015-05-25,13.24101015357406
2015-05-26,13.241027390622817
2015-05-27,13.241044834692053
2015-05-28,13.241062485781764
2015-05-29,13.241080343891955
2015-06-01,13.241098409022623
2015-06-02,13.241116681173768
2015-06-03,13.241135160345392
2015-06-04,13.241153846537493
2015-06-05,13.241172739750072
2015-06-08,13.241191839983127
2015-06-09,13.241211147236662
2015-06-10,13.241230661510674
2015-06-11,13.241250382805163
2015-06-12,13.241270311120129
2015-06-15,13.241290446455574
2015-06-16,13.241310788811496
2015-06-17,13.241331338187896
2015-06-18,13.241352094584775
2015-06-19,13.241373058002129
2015-06-22,13.241394228439962
2015-06-23,13.241415605898274
2015-06-24,13.241437190377061
2015-06-25,13.241458981876328
2015-06-26,13.241480980396071
2015-06-29,13.241503185936292
2015-06-30,13.241525598496992
2015-07-01,13.242259291983224
2015-07-02,13.242280789735071
2015-07-03,13.242301508378514
2015-07-06,13.242321447913554
2015-07-07,13.242340608340193
2015-07-08,13.242358989658426
2015-07-09,13.242376591868258
2015-07-10,13.242393414969687
2015-07-13,13.242409458962712
2015-07-14,13.242424723847334
2015-07-15,13.242439209623553
2015-07-16,13.242452916291368
2015-07-17,13.24246584385078
2015-07-20,13.242477992301792
2015-07-21,13.242489361644397
2015-07-22,13.242499951878601
2015-07-23,13.242509763004403
2015-07-24,13.2425187950218
2015-07-27,13.242527047930794
2015-07-28,13.242534521731386
2015-07-29,13.242541216423573
2015-07-30,13.242547132007358
2015-07-31,13.242552268482742
2015-08-03,13.24255662584972
2015-08-04,13.242560204108296
2015-08-05,13.24256300325847
2015-08-06,13.242565023300239
2015-08-07,13.242566264233606
2015-08-10,13.242566726058568
2015-08-11,13.24256640877513
2015-08-12,13.242565312383286
2015-08-13,13.24256343688304
2015-08-14,13.242560782274392
2015-08-17,13.242557348557341
2015-08-18,13.242553135731885
2015-08-19,13.242548143798029
2015-08-20,13.242542372755768
2015-08-21,13.242535822605102
2015-08-24,13.242528493346036
2015-08-25,13.242520384978565
2015-08-26,13.242511497502692
2015-08-27,13.242501830918416
2015-08-28,13.242491385225737
2015-08-31,13.242480160424654
2015-09-01,13.242468156515168
2015-09-02,13.242455373497279
2015-09-03,13.242441811370988
2015-09-04,13.242427470136292
2015-09-07,13.242412349793195
2015-09-08,13.242396450341694
2015-09-09,13.24237977178179
2015-09-10,13.242362314113482
2015-09-11,13.242344077336773
2015-09-14,13.242325061451659
2015-09-15,13.242305266458143
2015-09-16,13.242284692356224
2015-09-17,13.2422633391459
2015-09-18,13.242241206827174
2015-09-21,13.242218295400045
2015-09-22,13.242194604864514
2015-09-23,13.24217013522058
2015-09-24,13.24214488646824
2015-09-25,13.2421188586075
2015-09-28,13.242092051638355
2015-09-29,13.242064465560809
2015-09-30,13.24203610037486
2015-10-01,13.239680082348613
2015-10-02,13.239653364742043
2015-10-05,13.239629073823256
2015-10-06,13.239607209592252
2015-10-07,13.239587772049033
2015-10-08,13.239570761193596
2015-10-09,13.239556177025941
2015-10-12,13.23954401954607
2015-10-13,13.239534288753983
2015-10-14,13.239526984649679
2015-10-15,13.239522107233157
2015-10-16,13.23951965650442
2015-10-19,13.239519632463464
2015-10-20,13.239522035110294
2015-10-21,13.239526864444905
2015-10-22,13.239534120467301
2015-10-23,13.239543803177478
2015-10-26,13.23955591257544
2015-10-27,13.239570448661185
2015-10-28,13.239587411434712
2015-10-29,13.239606800896023
2015-10-30,13.239628617045119
2015-11-02,13.239652859881996
2015-11-03,13.239679529406656
2015-11-04,13.2397086256191
2015-11-05,13.239740148519328
2015-11-06,13.239774098107338
2015-11-09,13.239810474383132
2015-11-10,13.239849277346709
2015-11-11,13.23989050699807
2015-11-12,13.239934163337212
2015-11-13,13.239980246364139
2015-11-16,13.240028756078848
2015-11-17,13.240079692481341
2015-11-18,13.240133055571619
2015-11-19,13.240188845349678
2015-11-20,13.24024706181552
2015-11-23,13.240307704969146
2015-11-24,13.240370774810556
2015-11-25,13.240436271339748
2015-11-26,13.240504194556724
2015-11-27,13.240574544461483
2015-11-30,13.240647321054025
2015-12-01,13.24072252433435
2015-12-02,13.240800154302459
2015-12-03,13.24088021095835
2015-12-04,13.240962694302025
2015-12-07,13.241047604333483
2015-12-08,13.241134941052724
2015-12-09,13.24122470445975
2015-12-10,13.241316894554558
2015-12-11,13.241411511337148
2015-12-14,13.241508554807522
2015-12-15,13.24160802496568
2015-12-16,13.241709921811621
2015-12-17,13.241814245345346
2015-12-18,13.241920995566852
2015-12-21,13.242030172476143
2015-12-22,13.242141776073217
2015-12-23,13.242255806358074
2015-12-24,13.242372263330713
2015-12-25,13.242491146991137
2015-12-28,13.242612457339343
2015-12-29,13.242736194375333
2015-12-30,13.242862358099107
2015-12-31,13.242990948510663
2016-01-01,13.246895729033653
2016-01-04,13.247025904700111
2016-01-05,13.247153223286004
2016-01-06,13.247277684791333
2016-01-07,13.247399289216098
2016-01-08,13.2475180365603
2016-01-11,13.247633926823935
2016-01-12,13.247746960007008
2016-01-13,13.247857136109516
2016-01-14,13.247964455131461
2016-01-15,13.24806891707284
2016-01-18,13.248170521933657
2016-01-19,13.24826926971391
2016-01-20,13.248365160413597
2016-01-21,13.248458194032722
2016-01-22,13.24854837057128
2016-01-25,13.248635690029277
2016-01-26,13.248720152406708
2016-01-27,13.248801757703575
2016-01-28,13.248880505919878
2016-01-29,13.248956397055617
2016-02-01,13.249029431110792
2016-02-02,13.249099608085402
2016-02-03,13.249166927979449
2016-02-04,13.24923139079293
2016-02-05,13.249292996525849
2016-02-08,13.249351745178203
2016-02-09,13.249407636749993
2016-02-10,13.249460671241218
2016-02-11,13.24951084865188
2016-02-12,13.249558168981977
2016-02-15,13.249602632231511
2016-02-16,13.24964423840048
2016-02-17,13.249682987488885
2016-02-18,13.249718879496726
2016-02-19,13.249751914424003
2016-02-22,13.249782092270715
2016-02-23,13.249809413036864
2016-02-24,13.249833876722448
2016-02-25,13.249855483327469
2016-02-26,13.249874232851925
2016-02-29,13.249890125295817
2016-03-01,13.249903160659144
2016-03-02,13.249913338941907
2016-03-03,13.249920660144108
2016-03-04,13.249925124265742
2016-03-07,13.249926731306815
2016-03-08,13.24992548126732
2016-03-09,13.249921374147263
2016-03-10,13.249914409946642
2016-03-11,13.249904588665457
2016-03-14,13.249891910303708
2016-03-15,13.249876374861394
2016-03-16,13.249857982338517
2016-03-17,13.249836732735075
2016-03-18,13.24981262605107
2016-03-21,13.249785662286499
2016-03-22,13.249755841441365
2016-03-23,13.249723163515666
2016-03-24,13.249687628509403
2016-03-25,13.249649236422577
2016-03-28,13.249607987255185
2016-03-29,13.24956388100723
2016-03-30,13.249516917678712
2016-03-31,13.249467097269628
2016-04-01,13.246458358581105
2016-04-04,13.24640702296146
2016-04-05,13.246357029211817
2016-04-06,13.246308377332177
2016-04-07,13.24626106732254
2016-04-08,13.246215099182905
2016-04-11,13.246170472913272
2016-04-12,13.246127188513642
2016-04-13,13.246085245984014
2016-04-14,13.246044645324389
2016-04-15,13.246005386534765
2016-04-18,13.245967469615145
2016-04-19,13.245930894565527
2016-04-20,13.24589566138591
2016-04-21,13.245861770076298
2016-04-22,13.245829220636688
2016-04-25,13.245798013067079
2016-04-26,13.245768147367473
2016-04-27,13.24573962353787
2016-04-28,13.24571244157827
2016-04-29,13.245686601488671
2016-05-02,13.245662103269074
2016-05-03,13.245638946919481
2016-05-04,13.24561713243989
2016-05-05,13.245596659830301
2016-05-06,13.245577529090715
2016-05-09,13.245559740221132
2016-05-10,13.24554329322155
2016-05-11,13.245528188091972
2016-05-12,13.245514424832395
2016-05-13,13.245502003442821
2016-05-16,13.24549092392325
2016-05-17,13.24548118627368
2016-05-18,13.245472790494114
2016-05-19,13.24546573658455
2016-05-20,13.245460024544988
2016-05-23,13.245455654375428
2016-05-24,13.245452626075872
2016-05-25,13.245450939646318
2016-05-26,13.245450595086766
2016-05-27,13.245451592397217
2016-05-30,13.24545393157767
2016-05-31,13.245457612628124
2016-06-01,13.245462635548582
2016-06-02,13.245469000339043
2016-06-03,13.245476706999506
2016-06-06,13.245485755529971
2016-06-07,13.245496145930439
2016-06-08,13.24550787820091
2016-06-09,13.245520952341382
2016-06-10,13.245535368351856
2016-06-13,13.245551126232334
2016-06-14,13.245568225982813
2016-06-15,13.245586667603297
2016-06-16,13.245606451093781
2016-06-17,13.245627576454268
2016-06-20,13.245650043684758
2016-06-21,13.24567385278525
2016-06-22,13.245699003755744
2016-06-23,13.245725496596242
2016-06-24,13.24575333130674
2016-06-27,13.245782507887244
2016-06-28,13.245813026337748
2016-06-29,13.245844886658254
2016-06-30,13.245878088848764
2016-07-01,13.247204973334753
2016-07-04,13.247238514653946
2016-07-05,13.247271576626675
2016-07-06,13.247304159252941
2016-07-07,13.247336262532745
2016-07-08,13.247367886466083
2016-07-11,13.24739903105296
2016-07-12,13.247429696293374
2016-07-13,13.247459882187323
2016-07-14,13.24748958873481
2016-07-15,13.247518815935834
2016-07-18,13.247547563790395
2016-07-19,13.247575832298493
2016-07-20,13.247603621460128
2016-07-21,13.247630931275298
2016-07-22,13.247657761744007
2016-07-25,13.247684112866251
2016-07-26,13.247709984642032
2016-07-27,13.24773537707135
2016-07-28,13.247760290154206
2016-07-29,13.247784723890598
2016-08-01,13.247808678280528
2016-08-02,13.247832153323992
2016-08-03,13.247855149020996
2016-08-04,13.247877665371535
2016-08-05,13.247899702375612
2016-08-08,13.247921260033225
2016-08-09,13.247942338344375
2016-08-10,13.247962937309062
2016-08-11,13.247983056927286
2016-08-12,13.248002697199047
2016-08-15,13.248021858124343
2016-08-16,13.248040539703178
2016-08-17,13.248058741935548
2016-08-18,13.248076464821455
2016-08-19,13.248093708360901
2016-08-22,13.248110472553883
2016-08-23,13.2481267574004
2016-08-24,13.248142562900455
2016-08-25,13.248157889054047
2016-08-26,13.248172735861177
2016-08-29,13.248187103321841
2016-08-30,13.248200991436043
2016-08-31,13.248214400203784
2016-09-01,13.24822732962506
2016-09-02,13.248239779699873
2016-09-05,13.248251750428222
2016-09-06,13.24826324181011
2016-09-07,13.248274253845532
2016-09-08,13.248284786534493
2016-09-09,13.248294839876989
2016-09-12,13.248304413873024
2016-09-13,13.248313508522594
2016-09-14,13.248322123825702
2016-09-15,13.248330259782346
2016-09-16,13.248337916392527
2016-09-19,13.248345093656246
2016-09-20,13.2483517915735
2016-09-21,13.248358010144292
2016-09-22,13.24836374936862
2016-09-23,13.248369009246487
2016-09-26,13.248373789777888
2016-09-27,13.248378090962827
2016-09-28,13.248381912801303
2016-09-29,13.248385255293316
2016-09-30,13.248388118438866
2016-10-03,13.246859803352997
2016-10-04,13.246863903927592
2016-10-05,13.246869684603865
2016-10-06,13.246877145381815
2016-10-07,13.246886286261441
2016-10-10,13.246897107242747
2016-10-11,13.246909608325728
2016-10-12,13.246923789510385
2016-10-13,13.24693965079672
2016-10-14,13.246957192184734
2016-10-17,13.246976413674423
2016-10-18,13.24699731526579
2016-10-19,13.247019896958834
2016-10-20,13.247044158753555
2016-10-21,13.247070100649953
2016-10-24,13.247097722648029
2016-10-25,13.24712702474778
2016-10-26,13.24715800694921
2016-10-27,13.247190669252316
2016-10-28,13.2472250116571
2016-10-31,13.24726103416356
2016-11-01,13.247298736771699
2016-11-02,13.247338119481514
2016-11-03,13.247379182293006
2016-11-04,13.247421925206176
2016-11-07,13.247466348221021
2016-11-08,13.247512451337546
2016-11-09,13.247560234555745
2016-11-10,13.247609697875623
2016-11-11,13.247660841297177
2016-11-14,13.24771366482041
2016-11-15,13.247768168445319
2016-11-16,13.247824352171905
2016-11-17,13.24788221600017
2016-11-18,13.247941759930109
2016-11-21,13.248002983961726
2016-11-22,13.248065888095022
2016-11-23,13.248130472329994
2016-11-24,13.248196736666642
2016-11-25,13.248264681104969
2016-11-28,13.24833430564497
2016-11-29,13.248405610286651
2016-11-30,13.248478595030008
2016-12-01,13.248553259875044
2016-12-02,13.248629604821755
2016-12-05,13.248707629870143
2016-12-06,13.248787335020209
2016-12-07,13.248868720271952
2016-12-08,13.248951785625373
2016-12-09,13.249036531080469
2016-12-12,13.249122956637244
2016-12-13,13.249211062295695
2016-12-14,13.249300848055823
2016-12-15,13.249392313917628
2016-12-16,13.249485459881111
2016-12-19,13.249580285946271
2016-12-20,13.249676792113108
2016-12-21,13.249774978381621
2016-12-22,13.249874844751814
2016-12-23,13.249976391223681
2016-12-26,13.250079617797228
2016-12-27,13.25018452447245
2016-12-28,13.25029111124935
2016-12-29,13.250399378127925
2016-12-30,13.25050932510818
2017-01-02,13.252477842575404
2017-01-03,13.252588512130623
2017-01-04,13.252698224159133
2017-01-05,13.25280697866093
2017-01-06,13.252914775636016
2017-01-09,13.253021615084393
2017-01-10,13.253127497006057
2017-01-11,13.253232421401009
2017-01-12,13.253336388269252
2017-01-13,13.253439397610784
2017-01-16,13.253541449425603
2017-01-17,13.253642543713712
2017-01-18,13.25374268047511
2017-01-19,13.253841859709798
2017-01-20,13.253940081417774
2017-01-23,13.254037345599038
2017-01-24,13.254133652253591
2017-01-25,13.254229001381434
2017-01-26,13.254323392982565
2017-01-27,13.254416827056986
2017-01-30,13.254509303604696
2017-01-31,13.254600822625694
2017-02-01,13.25469138411998
2017-02-02,13.254780988087557
2017-02-03,13.254869634528422
2017-02-06,13.254957323442575
2017-02-07,13.255044054830018
2017-02-08,13.25512982869075
2017-02-09,13.25521464502477
2017-02-10,13.25529850383208
2017-02-13,13.255381405112677
2017-02-14,13.255463348866565
2017-02-15,13.255544335093742
2017-02-16,13.255624363794206
2017-02-17,13.25570343496796
2017-02-20,13.255781548615003
2017-02-21,13.255858704735337
2017-02-22,13.255934903328956
2017-02-23,13.256010144395866
2017-02-24,13.256084427936065
2017-02-27,13.256157753949553
2017-02-28,13.25623012243633
2017-03-01,13.256301533396394
2017-03-02,13.256371986829748
2017-03-03,13.256441482736392
2017-03-06,13.256510021116323
2017-03-07,13.256577601969544
2017-03-08,13.256644225296055
2017-03-09,13.256709891095854
2017-03-10,13.256774599368942
2017-03-13,13.256838350115318
2017-03-14,13.256901143334984
2017-03-15,13.25696297902794
2017-03-16,13.257023857194183
2017-03-17,13.257083777833715
2017-03-20,13.257142740946536
2017-03-21,13.257200746532646
2017-03-22,13.257257794592045
2017-03-23,13.257313885124734
2017-03-24,13.25736901813071
2017-03-27,13.257423193609977
2017-03-28,13.25747641156253
2017-03-29,13.257528671988375
2017-03-30,13.257579974887507
2017-03-31,13.25763032025993
2017-04-03,13.25565514668443
2017-04-04,13.255706452800904
2017-04-05,13.255759677188138
2017-04-06,13.255814819846135
2017-04-07,13.255871880774896
2017-04-10,13.255930859974416
2017-04-11,13.2559917574447
2017-04-12,13.256054573185747
2017-04-13,13.256119307197554
2017-04-14,13.256185959480124
2017-04-17,13.256254530033457
2017-04-18,13.256325018857552
2017-04-19,13.256397425952409
2017-04-20,13.25647175131803
2017-04-21,13.25654799495441
2017-04-24,13.256626156861554
2017-04-25,13.25670623703946
2017-04-26,13.256788235488129
2017-04-27,13.25687215220756
2017-04-28,13.256957987197751
2017-05-01,13.257045740458707
2017-05-02,13.257135411990424
2017-05-03,13.257227001792904
2017-05-04,13.257320509866144
2017-05-05,13.257415936210148
2017-05-08,13.257513280824915
2017-05-09,13.257612543710442
2017-05-10,13.257713724866733
2017-05-11,13.257816824293785
2017-05-12,13.257921841991601
2017-05-15,13.258028777960178
2017-05-16,13.258137632199517
2017-05-17,13.258248404709619
2017-05-18,13.258361095490482
2017-05-19,13.258475704542109
2017-05-22,13.258592231864498
2017-05-23,13.258710677457648
2017-05-24,13.25883104132156
2017-05-25,13.258953323456234
2017-05-26,13.259077523861672
2017-05-29,13.259203642537871
2017-05-30,13.259331679484832
2017-05-31,13.259461634702557
2017-06-01,13.259593508191042
2017-06-02,13.25972729995029
2017-06-05,13.259863009980302
2017-06-06,13.260000638281074
2017-06-07,13.26014018485261
2017-06-08,13.260281649694907
2017-06-09,13.260425032807966
2017-06-12,13.260570334191787
2017-06-13,13.260717553846371
2017-06-14,13.260866691771717
2017-06-15,13.261017747967825
2017-06-16,13.261170722434695
2017-06-19,13.261325615172328
2017-06-20,13.261482426180724
2017-06-21,13.26164115545988
2017-06-22,13.2618018030098
2017-06-23,13.261964368830482
2017-06-26,13.262128852921926
2017-06-27,13.262295255284132
2017-06-28,13.2624635759171
2017-06-29,13.26263381482083
2017-06-30,13.262805971995322
2017-07-03,13.265956375335373
2017-07-04,13.266128141312903
2017-07-05,13.266297597822708
2017-07-06,13.26646474486479
2017-07-07,13.266629582439146
2017-07-10,13.266792110545778
2017-07-11,13.266952329184685
2017-07-12,13.267110238355865
2017-07-13,13.267265838059323
2017-07-14,13.267419128295055
2017-07-17,13.267570109063064
2017-07-18,13.267718780363348
2017-07-19,13.267865142195905
2017-07-20,13.268009194560738
2017-07-21,13.268150937457849
2017-07-24,13.268290370887232
2017-07-25,13.268427494848892
2017-07-26,13.268562309342828
2017-07-27,13.268694814369038
2017-07-28,13.268825009927523
2017-07-31,13.268952896018284
2017-08-01,13.26907847264132
2017-08-02,13.269201739796632
2017-08-03,13.269322697484219
2017-08-04,13.269441345704081
2017-08-07,13.269557684456219
2017-08-08,13.26967171374063
2017-08-09,13.269783433557318
2017-08-10,13.269892843906282
2017-08-11,13.26999994478752
2017-08-14,13.270104736201034
2017-08-15,13.270207218146824
2017-08-16,13.270307390624888
2017-08-17,13.270405253635227
2017-08-18,13.270500807177843
2017-08-21,13.270594051252733
2017-08-22,13.270684985859898
2017-08-23,13.27077361099934
2017-08-24,13.270859926671056
2017-08-25,13.270943932875047
2017-08-28,13.271025629611314
2017-08-29,13.271105016879856
2017-08-30,13.271182094680674
2017-08-31,13.271256863013766
2017-09-01,13.271329321879135
2017-09-04,13.271399471276778
2017-09-05,13.271467311206697
2017-09-06,13.27153284166889
2017-09-07,13.27159606266336
2017-09-08,13.271656974190105
2017-09-11,13.271715576249123
2017-09-12,13.27177186884042
2017-09-13,13.271825851963989
2017-09-14,13.271877525619836
2017-09-15,13.271926889807956
2017-09-18,13.271973944528353
2017-09-19,13.272018689781024
2017-09-20,13.27206112556597
2017-09-21,13.272101251883194
2017-09-22,13.272139068732692
2017-09-25,13.272174576114464
2017-09-26,13.272207774028512
2017-09-27,13.272238662474836
2017-09-28,13.272267241453434
2017-09-29,13.272293510964309
2017-10-02,13.271208604344062
2017-10-03,13.271231830014178
2017-10-04,13.271254321311263
2017-10-05,13.271276078235315
2017-10-06,13.271297100786335
2017-10-09,13.271317388964322
2017-10-10,13.271336942769278
2017-10-11,13.2713557622012
2017-10-12,13.27137384726009
2017-10-13,13.271391197945949
2017-10-16,13.271407814258774
2017-10-17,13.271423696198568
2017-10-18,13.271438843765328
2017-10-19,13.271453256959056
2017-10-20,13.271466935779753
2017-10-23,13.271479880227416
2017-10-24,13.271492090302047
2017-10-25,13.271503566003647
2017-10-26,13.271514307332213
2017-10-27,13.271524314287747
2017-10-30,13.271533586870248
2017-10-31,13.271542125079717
2017-11-01,13.271549928916155
2017-11-02,13.271556998379559
2017-11-03,13.271563333469931
2017-11-06,13.271568934187272
2017-11-07,13.271573800531579
2017-11-08,13.271577932502854
2017-11-09,13.271581330101098
2017-11-10,13.271583993326308
2017-11-13,13.271585922178486
2017-11-14,13.271587116657631
2017-11-15,13.271587576763745
2017-11-16,13.271587302496826
2017-11-17,13.271586293856874
2017-11-20,13.27158455084389
2017-11-21,13.271582073457873
2017-11-22,13.271578861698826
2017-11-23,13.271574915566744
2017-11-24,13.271570235061631
2017-11-27,13.271564820183485
2017-11-28,13.271558670932308
2017-11-29,13.271551787308097
2017-11-30,13.271544169310854
2017-12-01,13.271535816940577
2017-12-04,13.271526730197271
2017-12-05,13.27151690908093
2017-12-06,13.271506353591558
2017-12-07,13.271495063729153
2017-12-08,13.271483039493717
2017-12-11,13.271470280885246
2017-12-12,13.271456787903745
2017-12-13,13.271442560549211
2017-12-14,13.271427598821644
2017-12-15,13.271411902721045
2017-12-18,13.271395472247413
2017-12-19,13.271378307400749
2017-12-20,13.271360408181053
2017-12-21,13.271341774588326
2017-12-22,13.271322406622565
2017-12-25,13.27130230428377
2017-12-26,13.271281467571946
2017-12-27,13.271259896487086
2017-12-28,13.271237591029196
2017-12-29,13.271214551198273
2018-01-01,13.269369032818616
2018-01-02,13.269347111946425
2018-01-03,13.269327044405994
2018-01-04,13.269308830197328
2018-01-05,13.269292469320423
2018-01-08,13.26927796177528
2018-01-09,13.269265307561902
2018-01-10,13.269254506680285
2018-01-11,13.26924555913043
2018-01-12,13.26923846491234
2018-01-15,13.269233224026012
2018-01-16,13.269229836471446
2018-01-17,13.269228302248642
2018-01-18,13.269228621357602
2018-01-19,13.269230793798323
2018-01-22,13.269234819570807
2018-01-23,13.269240698675056
2018-01-24,13.269248431111064
2018-01-25,13.269258016878837
2018-01-26,13.269269455978373
2018-01-29,13.26928274840967
2018-01-30,13.26929789417273
2018-01-31,13.269314893267554
2018-02-01,13.269333745694139
2018-02-02,13.269354451452488
2018-02-05,13.269377010542598
2018-02-06,13.269401422964473
2018-02-07,13.269427688718109
2018-02-08,13.269455807803508
2018-02-09,13.26948578022067
2018-02-12,13.269517605969595
2018-02-13,13.269551285050282
2018-02-14,13.26958681746273
2018-02-15,13.269624203206943
2018-02-16,13.269663442282917
2018-02-19,13.269704534690655
2018-02-20,13.269747480430155
2018-02-21,13.269792279501418
2018-02-22,13.269838931904443
2018-02-23,13.269887437639232
2018-02-26,13.269937796705783
2018-02-27,13.269990009104097
2018-02-28,13.270044074834173
2018-03-01,13.270099993896011
2018-03-02,13.270157766289612
2018-03-05,13.270217392014978
2018-03-06,13.270278871072104
2018-03-07,13.270342203460993
2018-03-08,13.270407389181646
2018-03-09,13.27047442823406
2018-03-12,13.270543320618238
2018-03-13,13.270614066334177
2018-03-14,13.270686665381879
2018-03-15,13.270761117761346
2018-03-16,13.270837423472573
2018-03-19,13.270915582515563
2018-03-20,13.270995594890318
2018-03-21,13.271077460596834
2018-03-22,13.271161179635111
2018-03-23,13.271246752005153
2018-03-26,13.271334177706956
2018-03-27,13.271423456740523
2018-03-28,13.271514589105852
2018-03-29,13.271607574802944
2018-03-30,13.271702413831798
2018-04-02,13.274968772044566
2018-04-03,13.27506281537068
2018-04-04,13.275154209662286
2018-04-05,13.27524295491939
2018-04-06,13.27532905114199
2018-04-09,13.275412498330082
2018-04-10,13.275493296483672
2018-04-11,13.275571445602758
2018-04-12,13.275646945687336
2018-04-13,13.275719796737413
2018-04-16,13.275789998752984
2018-04-17,13.27585755173405
2018-04-18,13.275922455680611
2018-04-19,13.275984710592668
2018-04-20,13.276044316470221
2018-04-23,13.27610127331327
2018-04-24,13.276155581121813
2018-04-25,13.276207239895852
2018-04-26,13.276256249635386
2018-04-27,13.276302610340414
2018-04-30,13.276346322010939
2018-05-01,13.27638738464696
2018-05-02,13.276425798248475
2018-05-03,13.276461562815486
2018-05-04,13.276494678347992
2018-05-07,13.276525144845994
2018-05-08,13.276552962309491
2018-05-09,13.276578130738484
2018-05-10,13.276600650132973
2018-05-11,13.276620520492957
2018-05-14,13.276637741818435
2018-05-15,13.276652314109409
2018-05-16,13.276664237365878
2018-05-17,13.276673511587843
2018-05-18,13.276680136775303
2018-05-21,13.27668411292826
2018-05-22,13.27668544004671
2018-05-23,13.276684118130657
2018-05-24,13.276680147180098
2018-05-25,13.276673527195037
2018-05-28,13.276664258175469
2018-05-29,13.276652340121396
2018-05-30,13.27663777303282
2018-05-31,13.276620556909739
2018-06-01,13.276600691752153
2018-06-04,13.276578177560062
2018-06-05,13.276553014333468
2018-06-06,13.276525202072367
2018-06-07,13.276494740776764
2018-06-08,13.276461630446654
2018-06-11,13.276425871082042
2018-06-12,13.276387462682923
2018-06-13,13.276346405249301
2018-06-14,13.276302698781173
2018-06-15,13.276256343278542
2018-06-18,13.276207338741404
2018-06-19,13.276155685169764
2018-06-20,13.276101382563617
2018-06-21,13.276044430922967
2018-06-22,13.275984830247813
2018-06-25,13.275922580538152
2018-06-26,13.275857681793989
2018-06-27,13.275790134015319
2018-06-28,13.275719937202146
2018-06-29,13.275647091354468
2018-07-02,13.272772727666164
2018-07-03,13.272698559415394
2018-07-04,13.272625717796037
2018-07-05,13.272554202808095
2018-07-06,13.272484014451566
2018-07-09,13.272415152726449
2018-07-10,13.272347617632745
2018-07-11,13.272281409170454
2018-07-12,13.272216527339577
2018-07-13,13.272152972140113
2018-07-16,13.272090743572061
2018-07-17,13.272029841635424
2018-07-18,13.2719702663302
2018-07-19,13.271912017656389
2018-07-20,13.27185509561399
2018-07-23,13.271799500203004
2018-07-24,13.271745231423433
2018-07-25,13.271692289275274
2018-07-26,13.27164067375853
2018-07-27,13.271590384873196
2018-07-30,13.271541422619277
2018-07-31,13.271493786996771
2018-08-01,13.271447478005678
2018-08-02,13.271402495645999
2018-08-03,13.271358839917733
2018-08-06,13.27131651082088
2018-08-07,13.271275508355439
2018-08-08,13.27123583252141
2018-08-09,13.271197483318797
2018-08-10,13.271160460747597
2018-08-13,13.27112476480781
2018-08-14,13.271090395499435
2018-08-15,13.271057352822474
2018-08-16,13.271025636776926
2018-08-17,13.27099524736279
2018-08-20,13.27096618458007
2018-08-21,13.270938448428762
2018-08-22,13.270912038908866
2018-08-23,13.270886956020384
2018-08-24,13.270863199763316
2018-08-27,13.27084077013766
2018-08-28,13.270819667143417
2018-08-29,13.270799890780587
2018-08-30,13.270781441049172
2018-08-31,13.270764317949169
2018-09-03,13.270748521480579
2018-09-04,13.270734051643402
2018-09-05,13.270720908437639
2018-09-06,13.270709091863289
2018-09-07,13.270698601920351
2018-09-10,13.270689438608827
2018-09-11,13.270681601928716
2018-09-12,13.270675091880019
2018-09-13,13.270669908462734
2018-09-14,13.270666051676862
2018-09-17,13.270663521522405
2018-09-18,13.27066231799936
2018-09-19,13.270662441107728
2018-09-20,13.270663890847509
2018-09-21,13.270666667218704
2018-09-24,13.270670770221312
2018-09-25,13.270676199855332
2018-09-26,13.270682956120766
2018-09-27,13.270691039017613
2018-09-28,13.270700448545874
2018-10-01,13.271546378850507
2018-10-02,13.271557088285574
2018-10-03,13.271567933665123
2018-10-04,13.271578914989151
2018-10-05,13.271590032257661
2018-10-08,13.27160128547065
2018-10-09,13.271612674628122
2018-10-10,13.271624199730072
2018-10-11,13.271635860776502
2018-10-12,13.271647657767414
2018-10-15,13.271659590702805
2018-10-16,13.271671659582678
2018-10-17,13.27168386440703
2018-10-18,13.271696205175864
2018-10-19,13.271708681889178
2018-10-22,13.271721294546971
2018-10-23,13.271734043149246
2018-10-24,13.271746927696
2018-10-25,13.271759948187237
2018-10-26,13.271773104622952
2018-10-29,13.271786397003147
2018-10-30,13.271799825327824
2018-10-31,13.271813389596982
2018-11-01,13.27182708981062
2018-11-02,13.271840925968737
2018-11-05,13.271854898071334
2018-11-06,13.271869006118413
2018-11-07,13.271883250109973
2018-11-08,13.271897630046011
2018-11-09,13.271912145926532
2018-11-12,13.271926797751533
2018-11-13,13.271941585521013
2018-11-14,13.271956509234974
2018-11-15,13.271971568893415
2018-11-16,13.271986764496338
2018-11-19,13.27200209604374
2018-11-20,13.272017563535623
2018-11-21,13.272033166971987
2018-11-22,13.27204890635283
2018-11-23,13.272064781678154
2018-11-26,13.272080792947959
2018-11-27,13.272096940162244
2018-11-28,13.272113223321009
2018-11-29,13.272129642424256
2018-11-30,13.272146197471981
2018-12-03,13.272162888464187
2018-12-04,13.272179715400876
2018-12-05,13.272196678282043
2018-12-06,13.272213777107691
2018-12-07,13.27223101187782
2018-12-10,13.272248382592428
2018-12-11,13.272265889251518
2018-12-12,13.272283531855086
2018-12-13,13.272301310403137
2018-12-14,13.272319224895668
2018-12-17,13.272337275332678
2018-12-18,13.27235546171417
2018-12-19,13.272373784040141
2018-12-20,13.272392242310593
2018-12-21,13.272410836525527
2018-12-24,13.27242956668494
2018-12-25,13.272448432788833
2018-12-26,13.272467434837207
2018-12-27,13.272486572830061
2018-12-28,13.272505846767396
2018-12-31,13.27252525664921
2019-01-01,13.272209399075555
2019-01-02,13.272230192165829
2019-01-03,13.272251621713009
2019-01-04,13.272273687717098
2019-01-07,13.272296390178091
2019-01-08,13.272319729095992
2019-01-09,13.272343704470801
2019-01-10,13.272368316302515
2019-01-11,13.272393564591136
2019-01-14,13.272419449336665
2019-01-15,13.2724459705391
2019-01-16,13.27247312819844
2019-01-17,13.27250092231469
2019-01-18,13.272529352887844
2019-01-21,13.272558419917907
2019-01-22,13.272588123404875
2019-01-23,13.272618463348751
2019-01-24,13.272649439749532
2019-01-25,13.272681052607222
2019-01-28,13.272713301921817
2019-01-29,13.27274618769332
2019-01-30,13.272779709921728
2019-01-31,13.272813868607045
2019-02-01,13.272848663749267
2019-02-04,13.272884095348397
2019-02-05,13.272920163404434
2019-02-06,13.272956867917376
2019-02-07,13.272994208887226
2019-02-08,13.273032186313982
2019-02-11,13.273070800197646
2019-02-12,13.273110050538216
2019-02-13,13.273149937335692
2019-02-14,13.273190460590076
2019-02-15,13.273231620301367
2019-02-18,13.273273416469564
2019-02-19,13.273315849094667
2019-02-20,13.273358918176678
2019-02-21,13.273402623715596
2019-02-22,13.273446965711418
2019-02-25,13.27349194416415
2019-02-26,13.273537559073787
2019-02-27,13.273583810440332
2019-02-28,13.273630698263784
2019-03-01,13.273678222544142
2019-03-04,13.273726383281405
2019-03-05,13.273775180475576
2019-03-06,13.273824614126655
2019-03-07,13.27387468423464
2019-03-08,13.273925390799532
2019-03-11,13.27397673382133
2019-03-12,13.274028713300035
2019-03-13,13.274081329235647
2019-03-14,13.274134581628166
2019-03-15,13.274188470477592
2019-03-18,13.274242995783924
2019-03-19,13.274298157547163
2019-03-20,13.274353955767308
2019-03-21,13.27441039044436
2019-03-22,13.27446746157832
2019-03-25,13.274525169169186
2019-03-26,13.274583513216959
2019-03-27,13.274642493721638
2019-03-28,13.274702110683224
2019-03-29,13.274762364101717
2019-04-01,13.27582271638957
2019-04-02,13.275881866161068
2019-04-03,13.27594021259598
2019-04-04,13.275997755694306
2019-04-05,13.276054495456043
2019-04-08,13.276110431881193
2019-04-09,13.276165564969757
2019-04-10,13.276219894721734
2019-04-11,13.276273421137125
2019-04-12,13.276326144215927
2019-04-15,13.276378063958143
2019-04-16,13.276429180363772
2019-04-17,13.276479493432815
2019-04-18,13.276529003165269
2019-04-19,13.276577709561137
2019-04-22,13.276625612620418
2019-04-23,13.276672712343112
2019-04-24,13.276719008729218
2019-04-25,13.276764501778738
2019-04-26,13.27680919149167
2019-04-29,13.276853077868017
2019-04-30,13.276896160907777
2019-05-01,13.276938440610948
2019-05-02,13.276979916977533
2019-05-03,13.277020590007531
2019-05-06,13.277060459700941
2019-05-07,13.277099526057766
2019-05-08,13.277137789078003
2019-05-09,13.277175248761653
2019-05-10,13.277211905108715
2019-05-13,13.277247758119191
2019-05-14,13.27728280779308
2019-05-15,13.277317054130382
2019-05-16,13.277350497131097
2019-05-17,13.277383136795224
2019-05-20,13.277414973122765
2019-05-21,13.277446006113719
2019-05-22,13.277476235768086
2019-05-23,13.277505662085867
2019-05-24,13.277534285067059
2019-05-27,13.277562104711665
2019-05-28,13.277589121019684
2019-05-29,13.277615333991116
2019-05-30,13.27764074362596
2019-05-31,13.277665349924218
2019-06-03,13.27768915288589
2019-06-04,13.277712152510974
2019-06-05,13.27773434879947
2019-06-06,13.277755741751381
2019-06-07,13.277776331366704
2019-06-10,13.277796117645439
2019-06-11,13.277815100587588
2019-06-12,13.27783328019315
2019-06-13,13.277850656462125
2019-06-14,13.277867229394513
2019-06-17,13.277882998990314
2019-06-18,13.277897965249528
2019-06-19,13.277912128172154
2019-06-20,13.277925487758194
2019-06-21,13.277938044007648
2019-06-24,13.277949796920513
2019-06-25,13.277960746496792
2019-06-26,13.277970892736484
2019-06-27,13.277980235639589
2019-06-28,13.277988775206106
2019-07-01,13.282380828131696
2019-07-02,13.282381627502954
2019-07-03,13.282375607231142
2019-07-04,13.282362767316261
2019-07-05,13.282343107758313
2019-07-08,13.282316628557295
2019-07-09,13.28228332971321
2019-07-10,13.282243211226053
2019-07-11,13.28219627309583
2019-07-12,13.282142515322537
2019-07-15,13.282081937906176
2019-07-16,13.282014540846745
2019-07-17,13.281940324144248
2019-07-18,13.28185928779868
2019-07-19,13.281771431810045
2019-07-22,13.281676756178339
2019-07-23,13.281575260903566
2019-07-24,13.281466945985724
2019-07-25,13.281351811424813
2019-07-26,13.281229857220833
2019-07-29,13.281101083373784
2019-07-30,13.280965489883666
2019-07-31,13.280823076750481
2019-08-01,13.280673843974226
2019-08-02,13.280517791554903
2019-08-05,13.280354919492511
2019-08-06,13.280185227787051
2019-08-07,13.280008716438521
2019-08-08,13.279825385446923
2019-08-09,13.279635234812256
2019-08-12,13.279438264534521
2019-08-13,13.279234474613716
2019-08-14,13.279023865049844
2019-08-15,13.2788064358429
2019-08-16,13.27858218699289
2019-08-19,13.278351118499812
2019-08-20,13.278113230363664
2019-08-21,13.277868522584447
2019-08-22,13.277616995162163
2019-08-23,13.277358648096808
2019-08-26,13.277093481388386
2019-08-27,13.276821495036893
2019-08-28,13.276542689042333
2019-08-29,13.276257063404705
2019-08-30,13.275964618124007
2019-09-02,13.27566535320024
2019-09-03,13.275359268633405
2019-09-04,13.275046364423503
2019-09-05,13.27472664057053
2019-09-06,13.274400097074489
2019-09-09,13.274066733935378
2019-09-10,13.2737265511532
2019-09-11,13.273379548727952
2019-09-12,13.273025726659636
2019-09-13,13.272665084948251
2019-09-16,13.272297623593799
2019-09-17,13.271923342596276
2019-09-18,13.271542241955686
2019-09-19,13.271154321672025
2019-09-20,13.270759581745297
2019-09-23,13.2703580221755
2019-09-24,13.269949642962635
2019-09-25,13.2695344441067
2019-09-26,13.269112425607696
2019-09-27,13.268683587465624
2019-09-30,13.268247929680484
2019-10-01,13.257335538702305
2019-10-02,13.256900666311004
2019-10-03,13.256473398956611
2019-10-04,13.256053736639128
2019-10-07,13.255641679358552
2019-10-08,13.255237227114883
2019-10-09,13.254840379908124
2019-10-10,13.254451137738272
2019-10-11,13.254069500605329
2019-10-14,13.253695468509294
2019-10-15,13.253329041450169
2019-10-16,13.252970219427949
2019-10-17,13.25261900244264
2019-10-18,13.252275390494237
2019-10-21,13.251939383582744
2019-10-22,13.25161098170816
2019-10-23,13.251290184870482
2019-10-24,13.250976993069713
2019-10-25,13.250671406305853
2019-10-28,13.250373424578902
2019-10-29,13.250083047888857
2019-10-30,13.249800276235723
2019-10-31,13.249525109619494
2019-11-01,13.249257548040175
2019-11-04,13.248997591497766
2019-11-05,13.248745239992262
2019-11-06,13.248500493523668
2019-11-07,13.248263352091982
2019-11-08,13.248033815697205
2019-11-11,13.247811884339336
2019-11-12,13.247597558018375
2019-11-13,13.247390836734322
2019-11-14,13.247191720487178
2019-11-15,13.247000209276942
2019-11-18,13.246816303103614
2019-11-19,13.246640001967194
2019-11-20,13.246471305867683
2019-11-21,13.24631021480508
2019-11-22,13.246156728779384
2019-11-25,13.246010847790599
2019-11-26,13.24587257183872
2019-11-27,13.24574190092375
2019-11-28,13.245618835045688
2019-11-29,13.245503374204535
2019-12-02,13.24539551840029
2019-12-03,13.245295267632953
2019-12-04,13.245202621902525
2019-12-05,13.245117581209005
2019-12-06,13.245040145552393
2019-12-09,13.244970314932688
2019-12-10,13.244908089349893
2019-12-11,13.244853468804006
2019-12-12,13.244806453295027
2019-12-13,13.244767042822957
2019-12-16,13.244735237387795
2019-12-17,13.24471103698954
2019-12-18,13.244694441628194
2019-12-19,13.244685451303758
2019-12-20,13.244684066016228
2019-12-23,13.244690285765607
2019-12-24,13.244704110551895
2019-12-25,13.24472554037509
2019-12-26,13.244754575235195
2019-12-27,13.244791215132206
2019-12-30,13.244835460066128
2019-12-31,13.244887310036956
2020-01-01,13.263644204993792
2020-01-02,13.263685857373908
2020-01-03,13.263708792433976
2020-01-06,13.263713010173996
2020-01-07,13.263698510593969
2020-01-08,13.263665293693894
2020-01-09,13.263613359473771
2020-01-10,13.2635427079336
2020-01-13,13.263453339073381
2020-01-14,13.263345252893116
2020-01-15,13.263218449392802
2020-01-16,13.26307292857244
2020-01-17,13.262908690432031
2020-01-20,13.262725734971573
2020-01-21,13.26252406219107
2020-01-22,13.262303672090516
2020-01-23,13.262064564669915
2020-01-24,13.261806739929268
2020-01-27,13.261530197868572
2020-01-28,13.261234938487828
2020-01-29,13.260920961787036
2020-01-30,13.260588267766197
2020-01-31,13.26023685642531
2020-02-03,13.259866727764376
2020-02-04,13.259477881783393
2020-02-05,13.259070318482362
2020-02-06,13.258644037861284
2020-02-07,13.258199039920159
2020-02-10,13.257735324658984
2020-02-11,13.257252892077764
2020-02-12,13.256751742176494
2020-02-13,13.256231874955178
2020-02-14,13.255693290413813
2020-02-17,13.2551359885524
2020-02-18,13.25455996937094
2020-02-19,13.253965232869433
2020-02-20,13.253351779047877
2020-02-21,13.252719607906274
2020-02-24,13.252068719444623
2020-02-25,13.251399113662924
2020-02-26,13.250710790561177
2020-02-27,13.250003750139381
2020-02-28,13.24927799239754
2020-03-02,13.24853351733565
2020-03-03,13.247770324953711
2020-03-04,13.246988415251726
2020-03-05,13.246187788229692
2020-03-06,13.245368443887612
2020-03-09,13.244530382225483
2020-03-10,13.243673603243307
2020-03-11,13.242798106941082
2020-03-12,13.24190389331881
2020-03-13,13.24099096237649
2020-03-16,13.240059314114122
2020-03-17,13.239108948531706
2020-03-18,13.238139865629243
2020-03-19,13.237152065406733
2020-03-20,13.236145547864174
2020-03-23,13.235120313001568
2020-03-24,13.234076360818914
2020-03-25,13.233013691316211
2020-03-26,13.231932304493462
2020-03-27,13.230832200350664
2020-03-30,13.22971337888782
2020-03-31,13.228575840104925
2020-04-01,13.19359815683828
2020-04-02,13.192471225215241
2020-04-03,13.191373618072102
2020-04-06,13.190305335408862
2020-04-07,13.189266377225525
2020-04-08,13.188256743522087
2020-04-09,13.18727643429855
2020-04-10,13.186325449554914
2020-04-13,13.185403789291179
2020-04-14,13.184511453507344
2020-04-15,13.183648442203411
2020-04-16,13.182814755379377
2020-04-17,13.182010393035245
2020-04-20,13.181235355171014
2020-04-21,13.180489641786682
2020-04-22,13.179773252882251
2020-04-23,13.17908618845772
2020-04-24,13.178428448513092
2020-04-27,13.177800033048364
2020-04-28,13.177200942063536
2020-04-29,13.176631175558608
2020-04-30,13.176090733533583
2020-05-01,13.175579615988456
2020-05-04,13.175097822923231
2020-05-05,13.174645354337907
2020-05-06,13.174222210232482
2020-05-07,13.17382839060696
2020-05-08,13.173463895461337
2020-05-11,13.173128724795616
2020-05-12,13.172822878609795
2020-05-13,13.172546356903874
2020-05-14,13.172299159677854
2020-05-15,13.172081286931736
2020-05-18,13.171892738665518
2020-05-19,13.1717335148792
2020-05-20,13.171603615572783
2020-05-21,13.171503040746266
2020-05-22,13.171431790399652
2020-05-25,13.171389864532935
2020-05-26,13.171377263146121
2020-05-27,13.171393986239208
2020-05-28,13.171440033812196
2020-05-29,13.171515405865083
2020-06-01,13.171620102397872
2020-06-02,13.171754123410562
2020-06-03,13.171917468903152
2020-06-04,13.172110138875642
2020-06-05,13.172332133328032
2020-06-08,13.172583452260325
2020-06-09,13.172864095672518
2020-06-10,13.17317406356461
2020-06-11,13.173513355936604
2020-06-12,13.1738819727885
2020-06-15,13.174279914120294
2020-06-16,13.17470717993199
2020-06-17,13.175163770223588
2020-06-18,13.175649684995085
2020-06-19,13.176164924246484
2020-06-22,13.176709487977782
2020-06-23,13.177283376188981
2020-06-24,13.177886588880082
2020-06-25,13.178519126051082
2020-06-26,13.179180987701983
2020-06-29,13.179872173832786
2020-06-30,13.18059268444349
2020-07-01,13.20734332908935
2020-07-02,13.208074415593849
2020-07-03,13.20879811464998
2020-07-06,13.20951442625774
2020-07-07,13.210223350417134
2020-07-08,13.21092488712816
2020-07-09,13.211619036390816
2020-07-10,13.212305798205106
2020-07-13,13.212985172571026
2020-07-14,13.213657159488577
2020-07-15,13.21432175895776
2020-07-16,13.214978970978576
2020-07-17,13.215628795551021
2020-07-20,13.2162712326751
2020-07-21,13.21690628235081
2020-07-22,13.217533944578152
2020-07-23,13.218154219357125
2020-07-24,13.218767106687729
2020-07-27,13.219372606569966
2020-07-28,13.219970719003832
2020-07-29,13.220561443989332
2020-07-30,13.221144781526464
2020-07-31,13.221720731615227
2020-08-03,13.22228929425562
2020-08-04,13.222850469447646
2020-08-05,13.223404257191305
2020-08-06,13.223950657486593
2020-08-07,13.224489670333515
2020-08-10,13.225021295732066
2020-08-11,13.22554553368225
2020-08-12,13.226062384184067
2020-08-13,13.226571847237514
2020-08-14,13.227073922842592
2020-08-17,13.227568610999304
2020-08-18,13.228055911707646
2020-08-19,13.22853582496762
2020-08-20,13.229008350779225
2020-08-21,13.229473489142462
2020-08-24,13.229931240057331
2020-08-25,13.230381603523831
2020-08-26,13.230824579541963
2020-08-27,13.231260168111726
2020-08-28,13.231688369233122
2020-08-31,13.232109182906148
2020-09-01,13.232522609130807
2020-09-02,13.232928647907098
2020-09-03,13.233327299235018
2020-09-04,13.233718563114572
2020-09-07,13.234102439545756
2020-09-08,13.234478928528574
2020-09-09,13.234848030063022
2020-09-10,13.2352097441491
2020-09-11,13.235564070786813
2020-09-14,13.235911009976157
2020-09-15,13.23625056171713
2020-09-16,13.236582726009736
2020-09-17,13.236907502853974
2020-09-18,13.237224892249843
2020-09-21,13.237534894197346
2020-09-22,13.237837508696478
2020-09-23,13.238132735747241
2020-09-24,13.238420575349638
2020-09-25,13.238701027503666
2020-09-28,13.238974092209325
2020-09-29,13.239239769466616
2020-09-30,13.239498059275538
2020-10-01,13.235344613761402
2020-10-02,13.235594196661475
2020-10-05,13.235842460101066
2020-10-06,13.236089404080177
2020-10-07,13.236335028598806
2020-10-08,13.236579333656953
2020-10-09,13.23682231925462
2020-10-12,13.237063985391803
2020-10-13,13.237304332068508
2020-10-14,13.237543359284729
2020-10-15,13.237781067040471
2020-10-16,13.23801745533573
2020-10-19,13.238252524170507
2020-10-20,13.238486273544805
2020-10-21,13.23871870345862
2020-10-22,13.238949813911955
2020-10-23,13.239179604904807
2020-10-26,13.23940807643718
2020-10-27,13.23963522850907
2020-10-28,13.239861061120479
2020-10-29,13.240085574271406
2020-10-30,13.240308767961853
2020-11-02,13.240530642191818
2020-11-03,13.240751196961302
2020-11-04,13.240970432270304
2020-11-05,13.241188348118826
2020-11-06,13.241404944506865
2020-11-09,13.241620221434424
2020-11-10,13.2418341789015
2020-11-11,13.242046816908095
2020-11-12,13.242258135454211
2020-11-13,13.242468134539843
2020-11-16,13.242676814164996
2020-11-17,13.242884174329665
2020-11-18,13.243090215033856
2020-11-19,13.243294936277563
2020-11-20,13.243498338060789
2020-11-23,13.243700420383535
2020-11-24,13.243901183245798
2020-11-25,13.244100626647581
2020-11-26,13.244298750588882
2020-11-27,13.244495555069703
2020-11-30,13.244691040090041
2020-12-01,13.244885205649899
2020-12-02,13.245078051749275
2020-12-03,13.24526957838817
2020-12-04,13.245459785566583
2020-12-07,13.245648673284515
2020-12-08,13.245836241541966
2020-12-09,13.246022490338936
2020-12-10,13.246207419675423
2020-12-11,13.24639102955143
2020-12-14,13.246573319966956
2020-12-15,13.246754290922
2020-12-16,13.246933942416563
2020-12-17,13.247112274450645
2020-12-18,13.247289287024245
2020-12-21,13.247464980137364
2020-12-22,13.247639353790001
2020-12-23,13.247812407982156
2020-12-24,13.247984142713833
2020-12-25,13.248154557985025
2020-12-28,13.248323653795739
2020-12-29,13.248491430145968
2020-12-30,13.24865788703572
2020-12-31,13.248823024464986
2021-01-01,13.248674023777886
2021-01-04,13.24884201991521
2021-01-05,13.249009074909551
2021-01-06,13.249175188760907
2021-01-07,13.249340361469274
2021-01-08,13.249504593034658
2021-01-11,13.249667883457056
2021-01-12,13.249830232736468
2021-01-13,13.249991640872894
2021-01-14,13.250152107866334
2021-01-15,13.250311633716791
2021-01-18,13.25047021842426
2021-01-19,13.250627861988743
2021-01-20,13.250784564410242
2021-01-21,13.250940325688754
2021-01-22,13.251095145824282
2021-01-25,13.251249024816822
2021-01-26,13.251401962666378
2021-01-27,13.251553959372947
2021-01-28,13.251705014936531
2021-01-29,13.25185512935713
2021-02-01,13.252004302634743
2021-02-02,13.25215253476937
2021-02-03,13.252299825761012
2021-02-04,13.252446175609668
2021-02-05,13.252591584315338
2021-02-08,13.252736051878024
2021-02-09,13.252879578297723
2021-02-10,13.253022163574435
2021-02-11,13.253163807708164
2021-02-12,13.253304510698905
2021-02-15,13.253444272546663
2021-02-16,13.253583093251432
2021-02-17,13.253720972813218
2021-02-18,13.253857911232018
2021-02-19,13.253993908507832
2021-02-22,13.254128964640659
2021-02-23,13.254263079630501
2021-02-24,13.254396253477358
2021-02-25,13.254528486181231
2021-02-26,13.254659777742116
2021-03-01,13.254790128160016
2021-03-02,13.25491953743493
2021-03-03,13.255048005566858
2021-03-04,13.255175532555802
2021-03-05,13.255302118401758
2021-03-08,13.25542776310473
2021-03-09,13.255552466664716
2021-03-10,13.255676229081716
2021-03-11,13.255799050355732
2021-03-12,13.255920930486761
2021-03-15,13.256041869474805
2021-03-16,13.256161867319861
2021-03-17,13.256280924021933
2021-03-18,13.256399039581021
2021-03-19,13.256516213997122
2021-03-22,13.256632447270237
2021-03-23,13.256747739400366
2021-03-24,13.256862090387509
2021-03-25,13.256975500231668
2021-03-26,13.25708796893284
2021-03-29,13.257199496491028
2021-03-30,13.257310082906228
2021-03-31,13.257419728178444
2021-04-01,13.258282787259901
2021-04-02,13.258387833902535
2021-04-05,13.258490895429793
2021-04-06,13.258591971841671
2021-04-07,13.258691063138174
2021-04-08,13.258788169319299
2021-04-09,13.258883290385047
2021-04-12,13.258976426335417
2021-04-13,13.259067577170411
2021-04-14,13.259156742890028
2021-04-15,13.259243923494266
2021-04-16,13.259329118983128
2021-04-19,13.259412329356612
2021-04-20,13.259493554614721
2021-04-21,13.259572794757451
2021-04-22,13.259650049784804
2021-04-23,13.25972531969678
2021-04-26,13.259798604493378
2021-04-27,13.2598699041746
2021-04-28,13.259939218740445
2021-04-29,13.260006548190912
2021-04-30,13.260071892526001
2021-05-03,13.260135251745714
2021-05-04,13.26019662585005
2021-05-05,13.260256014839008
2021-05-06,13.26031341871259
2021-05-07,13.260368837470795
2021-05-10,13.26042227111362
2021-05-11,13.260473719641071
2021-05-12,13.260523183053143
2021-05-13,13.260570661349838
2021-05-14,13.260616154531156
2021-05-17,13.260659662597098
2021-05-18,13.260701185547662
2021-05-19,13.260740723382847
2021-05-20,13.260778276102657
2021-05-21,13.260813843707089
2021-05-24,13.260847426196145
2021-05-25,13.260879023569823
2021-05-26,13.260908635828123
2021-05-27,13.260936262971047
2021-05-28,13.260961904998592
2021-05-31,13.260985561910761
2021-06-01,13.261007233707554
2021-06-02,13.261026920388968
2021-06-03,13.261044621955005
2021-06-04,13.261060338405665
2021-06-07,13.261074069740948
2021-06-08,13.261085815960854
2021-06-09,13.261095577065383
2021-06-10,13.261103353054535
2021-06-11,13.261109143928309
2021-06-14,13.261112949686707
2021-06-15,13.261114770329726
2021-06-16,13.261114605857369
2021-06-17,13.261112456269634
2021-06-18,13.261108321566523
2021-06-21,13.261102201748034
2021-06-22,13.261094096814167
2021-06-23,13.261084006764925
2021-06-24,13.261071931600304
2021-06-25,13.261057871320306
2021-06-28,13.26104182592493
2021-06-29,13.261023795414179
2021-06-30,13.26100377978805
2021-07-01,13.257363166138212
2021-07-02,13.25734455902833
2021-07-05,13.257329012205505
2021-07-06,13.257316525669737
2021-07-07,13.257307099421023
2021-07-08,13.257300733459367
2021-07-09,13.257297427784767
2021-07-12,13.257297182397224
2021-07-13,13.257299997296736
2021-07-14,13.257305872483306
2021-07-15,13.25731480795693
2021-07-16,13.257326803717612
2021-07-19,13.25734185976535
2021-07-20,13.257359976100144
2021-07-21,13.257381152721996
2021-07-22,13.257405389630902
2021-07-23,13.257432686826867
2021-07-26,13.257463044309887
2021-07-27,13.257496462079963
2021-07-28,13.257532940137095
2021-07-29,13.257572478481285
2021-07-30,13.25761507711253
2021-08-02,13.257660736030832
2021-08-03,13.25770945523619
2021-08-04,13.257761234728603
2021-08-05,13.257816074508074
2021-08-06,13.257873974574602
2021-08-09,13.257934934928185
2021-08-10,13.257998955568825
2021-08-11,13.25806603649652
2021-08-12,13.258136177711274
2021-08-13,13.258209379213083
2021-08-16,13.258285641001947
2021-08-17,13.25836496307787
2021-08-18,13.258447345440848
2021-08-19,13.258532788090882
2021-08-20,13.258621291027973
2021-08-23,13.258712854252119
2021-08-24,13.258807477763323
2021-08-25,13.258905161561582
2021-08-26,13.259005905646898
2021-08-27,13.25910971001927
2021-08-30,13.2592165746787
2021-08-31,13.259326499625185
2021-09-01,13.259439484858726
2021-09-02,13.259555530379325
2021-09-03,13.259674636186979
2021-09-06,13.25979680228169
2021-09-07,13.259922028663457
2021-09-08,13.260050315332279
2021-09-09,13.26018166228816
2021-09-10,13.260316069531095
2021-09-13,13.260453537061087
2021-09-14,13.260594064878136
2021-09-15,13.260737652982241
2021-09-16,13.260884301373402
2021-09-17,13.26103401005162
2021-09-20,13.261186779016894
2021-09-21,13.261342608269224
2021-09-22,13.261501497808611
2021-09-23,13.261663447635055
2021-09-24,13.261828457748555
2021-09-27,13.26199652814911
2021-09-28,13.262167658836722
2021-09-29,13.26234184981139
2021-09-30,13.262519101073115
2021-10-01,13.267446068321195
2021-10-04,13.267622900562499
2021-10-05,13.267796253496325
2021-10-06,13.267966127122673
2021-10-07,13.268132521441544
2021-10-08,13.268295436452936
2021-10-11,13.268454872156852
2021-10-12,13.268610828553289
2021-10-13,13.26876330564225
2021-10-14,13.26891230342373
2021-10-15,13.269057821897736
2021-10-18,13.269199861064262
2021-10-19,13.269338420923312
2021-10-20,13.269473501474883
2021-10-21,13.269605102718975
2021-10-22,13.269733224655592
2021-10-25,13.26985786728473
2021-10-26,13.26997903060639
2021-10-27,13.270096714620573
2021-10-28,13.270210919327278
2021-10-29,13.270321644726506
2021-11-01,13.270428890818255
2021-11-02,13.270532657602526
2021-11-03,13.270632945079322
2021-11-04,13.270729753248638
2021-11-05,13.270823082110477
2021-11-08,13.270912931664839
2021-11-09,13.270999301911722
2021-11-10,13.271082192851127
2021-11-11,13.271161604483057
2021-11-12,13.271237536807506
2021-11-15,13.271309989824479
2021-11-16,13.271378963533975
2021-11-17,13.271444457935992
2021-11-18,13.27150647303053
2021-11-19,13.271565008817593
2021-11-22,13.271620065297178
2021-11-23,13.271671642469284
2021-11-24,13.271719740333912
2021-11-25,13.271764358891064
2021-11-26,13.271805498140738
2021-11-29,13.271843158082934
2021-11-30,13.271877338717651
2021-12-01,13.271908040044892
2021-12-02,13.271935262064655
2021-12-03,13.27195900477694
2021-12-06,13.271979268181747
2021-12-07,13.271996052279077
2021-12-08,13.272009357068928
2021-12-09,13.272019182551302
2021-12-10,13.2720255287262
2021-12-13,13.272028395593619
2021-12-14,13.27202778315356
2021-12-15,13.272023691406023
2021-12-16,13.272016120351008
2021-12-17,13.272005069988516
2021-12-20,13.271990540318546
2021-12-21,13.271972531341099
2021-12-22,13.271951043056175
2021-12-23,13.271926075463773
2021-12-24,13.271897628563892
2021-12-27,13.271865702356534
2021-12-28,13.271830296841697
2021-12-29,13.271791412019384
2021-12-30,13.271749047889593
2021-12-31,13.271703204452324
2022-01-03,13.267081064981648
2022-01-04,13.267033199653822
2022-01-05,13.26698833307869
2022-01-06,13.266946465256252
2022-01-07,13.26690759618651
2022-01-10,13.26687172586946
2022-01-11,13.266838854305107
2022-01-12,13.266808981493446
2022-01-13,13.26678210743448
2022-01-14,13.26675823212821
2022-01-17,13.266737355574632
2022-01-18,13.266719477773748
2022-01-19,13.266704598725559
2022-01-20,13.266692718430065
2022-01-21,13.266683836887264
2022-01-24,13.266677954097158
2022-01-25,13.266675070059746
2022-01-26,13.266675184775027
2022-01-27,13.266678298243004
2022-01-28,13.266684410463675
2022-01-31,13.26669352143704
2022-02-01,13.266705631163099
2022-02-02,13.266720739641851
2022-02-03,13.266738846873299
2022-02-04,13.266759952857441
2022-02-07,13.266784057594277
2022-02-08,13.266811161083808
2022-02-09,13.266841263326032
2022-02-10,13.266874364320952
2022-02-11,13.266910464068564
2022-02-14,13.266949562568872
2022-02-15,13.266991659821873
2022-02-16,13.267036755827569
2022-02-17,13.26708485058596
2022-02-18,13.267135944097044
2022-02-21,13.267190036360821
2022-02-22,13.267247127377294
2022-02-23,13.267307217146461
2022-02-24,13.267370305668322
2022-02-25,13.267436392942878
2022-02-28,13.267505478970127
2022-03-01,13.267577563750072
2022-03-02,13.26765264728271
2022-03-03,13.267730729568042
2022-03-04,13.26781181060607
2022-03-07,13.26789589039679
2022-03-08,13.267982968940204
2022-03-09,13.268073046236314
2022-03-10,13.268166122285118
2022-03-11,13.268262197086615
2022-03-14,13.268361270640808
2022-03-15,13.268463342947694
2022-03-16,13.268568414007275
2022-03-17,13.268676483819549
2022-03-18,13.268787552384518
2022-03-21,13.268901619702183
2022-03-22,13.26901868577254
2022-03-23,13.269138750595591
2022-03-24,13.269261814171337
2022-03-25,13.269387876499778
2022-03-28,13.269516937580912
2022-03-29,13.269648997414741
2022-03-30,13.269784056001264
2022-03-31,13.269922113340481
2022-04-01,13.274213548130191
2022-04-04,13.274349444334304
2022-04-05,13.274482350744337
2022-04-06,13.274612267360293
2022-04-07,13.274739194182171
2022-04-08,13.27486313120997
2022-04-11,13.274984078443694
2022-04-12,13.275102035883338
2022-04-13,13.275217003528905
2022-04-14,13.275328981380394
2022-04-15,13.275437969437803
2022-04-18,13.275543967701136
2022-04-19,13.27564697617039
2022-04-20,13.27574699484557
2022-04-21,13.275844023726668
2022-04-22,13.275938062813688
2022-04-25,13.276029112106633
2022-04-26,13.276117171605497
2022-04-27,13.276202241310285
2022-04-28,13.276284321220995
2022-04-29,13.276363411337627
2022-05-02,13.27643951166018
2022-05-03,13.276512622188656
2022-05-04,13.276582742923054
2022-05-05,13.276649873863374
2022-05-06,13.276714015009617
2022-05-09,13.27677516636178
2022-05-10,13.276833327919867
2022-05-11,13.276888499683876
2022-05-12,13.276940681653807
2022-05-13,13.27698987382966
2022-05-16,13.277036076211434
2022-05-17,13.277079288799131
2022-05-18,13.27711951159275
2022-05-19,13.277156744592292
2022-05-20,13.277190987797754
2022-05-23,13.27722224120914
2022-05-24,13.277250504826448
2022-05-25,13.277275778649676
2022-05-26,13.277298062678828
2022-05-27,13.277317356913901
2022-05-30,13.277333661354898
2022-05-31,13.277346976001816
2022-06-01,13.277357300854655
2022-06-02,13.277364635913418
2022-06-03,13.277368981178101
2022-06-06,13.277370336648708
2022-06-07,13.277368702325237
2022-06-08,13.277364078207688
2022-06-09,13.27735646429606
2022-06-10,13.277345860590355
2022-06-13,13.277332267090571
2022-06-14,13.27731568379671
2022-06-15,13.277296110708772
2022-06-16,13.277273547826754
2022-06-17,13.27724799515066
2022-06-20,13.277219452680487
2022-06-21,13.277187920416235
2022-06-22,13.277153398357907
2022-06-23,13.2771158865055
2022-06-24,13.277075384859018
2022-06-27,13.277031893418455
2022-06-28,13.276985412183814
2022-06-29,13.276935941155097
2022-06-30,13.2768834803323
2022-07-01,13.27335261281728
2022-07-04,13.273299891254881
2022-07-05,13.273249058586096
2022-07-06,13.273200114810924
2022-07-07,13.273153059929365
2022-07-08,13.273107893941422
2022-07-11,13.273064616847089
2022-07-12,13.273023228646371
2022-07-13,13.272983729339266
2022-07-14,13.272946118925775
2022-07-15,13.272910397405898
2022-07-18,13.272876564779633
2022-07-19,13.272844621046982
2022-07-20,13.272814566207943
2022-07-21,13.27278640026252
2022-07-22,13.272760123210709
2022-07-25,13.27273573505251
2022-07-26,13.272713235787927
2022-07-27,13.272692625416957
2022-07-28,13.2726739039396
2022-07-29,13.272657071355855
2022-08-01,13.272642127665724
2022-08-02,13.272629072869208
2022-08-03,13.272617906966305
2022-08-04,13.272608629957015
2022-08-05,13.272601241841338
2022-08-08,13.272595742619275
2022-08-09,13.272592132290825
2022-08-10,13.272590410855988
2022-08-11,13.272590578314766
2022-08-12,13.272592634667156
2022-08-15,13.27259657991316
2022-08-16,13.272602414052777
2022-08-17,13.272610137086007
2022-08-18,13.27261974901285
2022-08-19,13.272631249833308
2022-08-22,13.27264463954738
2022-08-23,13.272659918155064
2022-08-24,13.272677085656362
2022-08-25,13.272696142051272
2022-08-26,13.272717087339798
2022-08-29,13.272739921521936
2022-08-30,13.272764644597686
2022-08-31,13.272791256567052
2022-09-01,13.27281975743003
2022-09-02,13.27285014718662
2022-09-05,13.272882425836826
2022-09-06,13.272916593380645
2022-09-07,13.272952649818077
2022-09-08,13.272990595149121
2022-09-09,13.27303042937378
2022-09-12,13.273072152492052
2022-09-13,13.273115764503938
2022-09-14,13.273161265409437
2022-09-15,13.273208655208549
2022-09-16,13.273257933901274
2022-09-19,13.273309101487614
2022-09-20,13.273362157967567
2022-09-21,13.273417103341131
2022-09-22,13.273473937608312
2022-09-23,13.273532660769105
2022-09-26,13.27359327282351
2022-09-27,13.27365577377153
2022-09-28,13.273720163613163
2022-09-29,13.27378644234841
2022-09-30,13.273854609977269
2022-10-03,13.274712602588803
2022-10-04,13.274784565916367
2022-10-05,13.274857358256364
2022-10-06,13.274930979608799
2022-10-07,13.275005429973671
2022-10-10,13.275080709350977
2022-10-11,13.27515681774072
2022-10-12,13.275233755142901
2022-10-13,13.275311521557516
2022-10-14,13.275390116984568
2022-10-17,13.275469541424055
2022-10-18,13.275549794875978
2022-10-19,13.275630877340339
2022-10-20,13.275712788817135
2022-10-21,13.275795529306366
2022-10-24,13.275879098808034
2022-10-25,13.275963497322138
2022-10-26,13.276048724848678
2022-10-27,13.276134781387654
2022-10-28,13.276221666939067
2022-10-31,13.276309381502914
2022-11-01,13.2763979250792
2022-11-02,13.27648729766792
2022-11-03,13.276577499269077
2022-11-04,13.27666852988267
2022-11-07,13.276760389508699
2022-11-08,13.276853078147163
2022-11-09,13.276946595798064
2022-11-10,13.2770409424614
2022-11-11,13.277136118137173
2022-11-14,13.277232122825383
2022-11-15,13.277328956526029
2022-11-16,13.27742661923911
2022-11-17,13.277525110964627
2022-11-18,13.27762443170258
2022-11-21,13.27772458145297
2022-11-22,13.277825560215796
2022-11-23,13.277927367991058
2022-11-24,13.278030004778756
2022-11-25,13.27813347057889
2022-11-28,13.27823776539146
2022-11-29,13.278342889216466
2022-11-30,13.278448842053908
2022-12-01,13.278555623903786
2022-12-02,13.278663234766102
2022-12-05,13.27877167464085
2022-12-06,13.278880943528039
2022-12-07,13.27899104142766
2022-12-08,13.279101968339718
2022-12-09,13.279213724264213
2022-12-12,13.279326309201146
2022-12-13,13.279439723150512
2022-12-14,13.279553966112315
2022-12-15,13.279669038086555
2022-12-16,13.27978493907323
2022-12-19,13.279901669072341
2022-12-20,13.280019228083887
2022-12-21,13.280137616107872
2022-12-22,13.280256833144291
2022-12-23,13.280376879193147
2022-12-26,13.280497754254439
2022-12-27,13.280619458328166
2022-12-28,13.28074199141433
2022-12-29,13.28086535351293
2022-12-30,13.280989544623965
2023-01-02,13.282919732692994
2023-01-03,13.28304301766989
2023-01-04,13.283164567500206
2023-01-05,13.283284382183945
2023-01-06,13.283402461721108
2023-01-09,13.283518806111692
2023-01-10,13.2836334153557
2023-01-11,13.283746289453129
2023-01-12,13.283857428403982
2023-01-13,13.283966832208256
2023-01-16,13.284074500865954
2023-01-17,13.284180434377074
2023-01-18,13.284284632741615
2023-01-19,13.28438709595958
2023-01-20,13.284487824030967
2023-01-23,13.284586816955777
2023-01-24,13.28468407473401
2023-01-25,13.284779597365665
2023-01-26,13.28487338485074
2023-01-27,13.284965437189241
2023-01-30,13.285055754381164
2023-01-31,13.285144336426509
2023-02-01,13.285231183325275
2023-02-02,13.285316295077465
2023-02-03,13.285399671683077
2023-02-06,13.285481313142112
2023-02-07,13.28556121945457
2023-02-08,13.28563939062045
2023-02-09,13.285715826639752
2023-02-10,13.285790527512477
2023-02-13,13.285863493238624
2023-02-14,13.285934723818194
2023-02-15,13.286004219251186
2023-02-16,13.286071979537601
2023-02-17,13.286138004677438
2023-02-20,13.286202294670698
2023-02-21,13.28626484951738
2023-02-22,13.286325669217486
2023-02-23,13.286384753771014
2023-02-24,13.286442103177963
2023-02-27,13.286497717438335
2023-02-28,13.28655159655213
2023-03-01,13.286603740519348
2023-03-02,13.286654149339988
2023-03-03,13.28670282301405
2023-03-06,13.286749761541536
2023-03-07,13.286794964922443
2023-03-08,13.286838433156772
2023-03-09,13.286880166244526
2023-03-10,13.2869201641857
2023-03-13,13.286958426980298
2023-03-14,13.286994954628318
2023-03-15,13.287029747129761
2023-03-16,13.287062804484625
2023-03-17,13.287094126692914
2023-03-20,13.287123713754623
2023-03-21,13.287151565669756
2023-03-22,13.28717768243831
2023-03-23,13.287202064060288
2023-03-24,13.287224710535689
2023-03-27,13.28724562186451
2023-03-28,13.287264798046756
2023-03-29,13.287282239082424
2023-03-30,13.287297944971513
2023-03-31,13.287311915714026
2023-04-03,13.288527101767334
2023-04-04,13.288535893480248
2023-04-05,13.288541241310137
2023-04-06,13.288543145257004
2023-04-07,13.288541605320848
2023-04-10,13.28853662150167
2023-04-11,13.28852819379947
2023-04-12,13.288516322214248
2023-04-13,13.288501006746001
2023-04-14,13.288482247394732
2023-04-17,13.288460044160441
2023-04-18,13.288434397043128
2023-04-19,13.288405306042792
2023-04-20,13.288372771159432
2023-04-21,13.288336792393052
2023-04-24,13.288297369743647
2023-04-25,13.28825450321122
2023-04-26,13.288208192795771
2023-04-27,13.288158438497298
2023-04-28,13.288105240315804
2023-05-01,13.288048598251287
2023-05-02,13.287988512303746
2023-05-03,13.287924982473184
2023-05-04,13.2878580087596
2023-05-05,13.28778759116299
2023-05-08,13.287713729683361
2023-05-09,13.287636424320707
2023-05-10,13.287555675075032
2023-05-11,13.287471481946334
2023-05-12,13.287383844934613
2023-05-15,13.287292764039869
2023-05-16,13.287198239262104
2023-05-17,13.287100270601314
2023-05-18,13.286998858057503
2023-05-19,13.28689400163067
2023-05-22,13.286785701320813
2023-05-23,13.286673957127933
2023-05-24,13.28655876905203
2023-05-25,13.286440137093107
2023-05-26,13.28631806125116
2023-05-29,13.286192541526189
2023-05-30,13.286063577918197
2023-05-31,13.285931170427183
2023-06-01,13.285795319053145
2023-06-02,13.285656023796085
2023-06-05,13.285513284656002
2023-06-06,13.285367101632897
2023-06-07,13.285217474726768
2023-06-08,13.285064403937618
2023-06-09,13.284907889265444
2023-06-12,13.284747930710248
2023-06-13,13.28458452827203
2023-06-14,13.284417681950789
2023-06-15,13.284247391746524
2023-06-16,13.284073657659238
2023-06-19,13.283896479688929
2023-06-20,13.283715857835597
2023-06-21,13.283531792099243
2023-06-22,13.283344282479867
2023-06-23,13.283153328977466
2023-06-26,13.282958931592045
2023-06-27,13.2827610903236
2023-06-28,13.282559805172133
2023-06-29,13.282355076137643
2023-06-30,13.282146903220129
2023-07-03,13.276339744148975
2023-07-04,13.27613263167887
2023-07-05,13.275930023539194
2023-07-06,13.27573191972995
2023-07-07,13.275538320251133
2023-07-10,13.275349225102747
2023-07-11,13.275164634284792
2023-07-12,13.274984547797267
2023-07-13,13.27480896564017
2023-07-14,13.274637887813507
2023-07-17,13.27447131431727
2023-07-18,13.274309245151464
2023-07-19,13.274151680316088
2023-07-20,13.273998619811143
2023-07-21,13.273850063636626
2023-07-24,13.273706011792541
2023-07-25,13.273566464278884
2023-07-26,13.27343142109566
2023-07-27,13.273300882242863
2023-07-28,13.273174847720497
2023-07-31,13.27305331752856
2023-08-01,13.272936291667055
2023-08-02,13.272823770135979
2023-08-03,13.272715752935333
2023-08-04,13.272612240065117
2023-08-07,13.27251323152533
2023-08-08,13.272418727315975
2023-08-09,13.272328727437047
2023-08-10,13.272243231888552
2023-08-11,13.272162240670486
2023-08-14,13.272085753782848
2023-08-15,13.272013771225643
2023-08-16,13.271946292998866
2023-08-17,13.27188331910252
2023-08-18,13.271824849536603
2023-08-21,13.271770884301116
2023-08-22,13.271721423396059
2023-08-23,13.271676466821432
2023-08-24,13.271636014577236
2023-08-25,13.271600066663469
2023-08-28,13.271568623080132
2023-08-29,13.271541683827225
2023-08-30,13.271519248904749
2023-08-31,13.271501318312701
2023-09-01,13.271487892051084
2023-09-04,13.271478970119897
2023-09-05,13.271474552519141
2023-09-06,13.271474639248813
2023-09-07,13.271479230308916
2023-09-08,13.27148832569945
2023-09-11,13.271501925420413
2023-09-12,13.271520029471805
2023-09-13,13.271542637853628
2023-09-14,13.271569750565881
2023-09-15,13.271601367608563
2023-09-18,13.271637488981677
2023-09-19,13.27167811468522
2023-09-20,13.271723244719192
2023-09-21,13.271772879083594
2023-09-22,13.271827017778426
2023-09-25,13.271885660803688
2023-09-26,13.271948808159381
2023-09-27,13.272016459845503
2023-09-28,13.272088615862057
2023-09-29,13.272165276209039
2023-10-02,13.276796417910012
2023-10-03,13.27687562388231
2023-10-04,13.276952871149492
2023-10-05,13.27702815971156
2023-10-06,13.277101489568512
2023-10-09,13.27717286072035
2023-10-10,13.277242273167074
2023-10-11,13.277309726908681
2023-10-12,13.277375221945174
2023-10-13,13.277438758276553
2023-10-16,13.277500335902817
2023-10-17,13.277559954823966
2023-10-18,13.277617615039999
2023-10-19,13.277673316550919
2023-10-20,13.277727059356723
2023-10-23,13.277778843457412
2023-10-24,13.277828668852987
2023-10-25,13.277876535543445
2023-10-26,13.27792244352879
2023-10-27,13.27796639280902
2023-10-30,13.278008383384135
2023-10-31,13.278048415254135
2023-11-01,13.27808648841902
2023-11-02,13.27812260287879
2023-11-03,13.278156758633447
2023-11-06,13.278188955682987
2023-11-07,13.278219194027413
2023-11-08,13.278247473666724
2023-11-09,13.278273794600919
2023-11-10,13.278298156830001
2023-11-13,13.278320560353967
2023-11-14,13.278341005172818
2023-11-15,13.278359491286555
2023-11-16,13.278376018695177
2023-11-17,13.278390587398682
2023-11-20,13.278403197397076
2023-11-21,13.278413848690352
2023-11-22,13.278422541278514
2023-11-23,13.278429275161562
2023-11-24,13.278434050339493
2023-11-27,13.278436866812312
2023-11-28,13.278437724580014
2023-11-29,13.278436623642602
2023-11-30,13.278433564000075
2023-12-01,13.278428545652433
2023-12-04,13.278421568599676
2023-12-05,13.278412632841805
2023-12-06,13.278401738378818
2023-12-07,13.278388885210717
2023-12-08,13.2783740733375
2023-12-11,13.27835730275917
2023-12-12,13.278338573475724
2023-12-13,13.278317885487162
2023-12-14,13.278295238793486
2023-12-15,13.278270633394696
2023-12-18,13.27824406929079
2023-12-19,13.278215546481771
2023-12-20,13.278185064967635
2023-12-21,13.278152624748385
2023-12-22,13.27811822582402
2023-12-25,13.27808186819454
2023-12-26,13.278043551859946
2023-12-27,13.278003276820236
2023-12-28,13.277961043075413
2023-12-29,13.277916850625473
2024-01-01,13.276026766162666
2024-01-02,13.275981275525945
2024-01-03,13.275936445407558
2024-01-04,13.275892275807506
2024-01-05,13.275848766725785
2024-01-08,13.2758059181624
2024-01-09,13.275763730117347
2024-01-10,13.275722202590629
2024-01-11,13.275681335582243
2024-01-12,13.275641129092193
2024-01-15,13.275601583120475
2024-01-16,13.275562697667091
2024-01-17,13.275524472732041
2024-01-18,13.275486908315324
2024-01-19,13.27545000441694
2024-01-22,13.27541376103689
2024-01-23,13.275378178175176
2024-01-24,13.275343255831793
2024-01-25,13.275308994006744
2024-01-26,13.27527539270003
2024-01-29,13.275242451911648
2024-01-30,13.275210171641602
2024-01-31,13.275178551889887
2024-02-01,13.275147592656507
2024-02-02,13.27511729394146
2024-02-05,13.275087655744747
2024-02-06,13.275058678066367
2024-02-07,13.275030360906323
2024-02-08,13.27500270426461
2024-02-09,13.27497570814123
2024-02-12,13.274949372536186
2024-02-13,13.274923697449475
2024-02-14,13.274898682881098
2024-02-15,13.274874328831054
2024-02-16,13.274850635299345
2024-02-19,13.274827602285967
2024-02-20,13.274805229790925
2024-02-21,13.274783517814214
2024-02-22,13.274762466355838
2024-02-23,13.274742075415798
2024-02-26,13.274722344994089
2024-02-27,13.274703275090713
2024-02-28,13.274684865705673
2024-02-29,13.274667116838966
2024-03-01,13.27465002849059
2024-03-04,13.274633600660552
2024-03-05,13.274617833348845
2024-03-06,13.274602726555472
2024-03-07,13.274588280280433
2024-03-08,13.274574494523726
2024-03-11,13.274561369285355
2024-03-12,13.274548904565316
2024-03-13,13.274537100363611
2024-03-14,13.274525956680241
2024-03-15,13.274515473515203
2024-03-18,13.2745056508685
2024-03-19,13.27449648874013
2024-03-20,13.274487987130094
2024-03-21,13.27448014603839
2024-03-22,13.274472965465021
2024-03-25,13.274466445409987
2024-03-26,13.274460585873284
2024-03-27,13.274455386854916
2024-03-28,13.274450848354881
2024-03-29,13.27444697037318
2024-04-01,13.273738909925765
2024-04-02,13.273737354178152
2024-04-03,13.273737460146293
2024-04-04,13.273739227830188
2024-04-05,13.273742657229837
2024-04-08,13.27374774834524
2024-04-09,13.273754501176398
2024-04-10,13.27376291572331
2024-04-11,13.273772991985975
2024-04-12,13.273784729964396
2024-04-15,13.273798129658571
2024-04-16,13.273813191068498
2024-04-17,13.273829914194183
2024-04-18,13.273848299035619
2024-04-19,13.27386834559281
2024-04-22,13.273890053865754
2024-04-23,13.273913423854454
2024-04-24,13.273938455558907
2024-04-25,13.273965148979116
2024-04-26,13.273993504115078
2024-04-29,13.274023520966793
2024-04-30,13.274055199534263
2024-05-01,13.274088539817487
2024-05-02,13.274123541816467
2024-05-03,13.2741602055312
2024-05-06,13.274198530961685
2024-05-07,13.274238518107927
2024-05-08,13.274280166969923
2024-05-09,13.274323477547672
2024-05-10,13.274368449841175
2024-05-13,13.274415083850434
2024-05-14,13.274463379575446
2024-05-15,13.274513337016211
2024-05-16,13.274564956172732
2024-05-17,13.274618237045006
2024-05-20,13.274673179633034
2024-05-21,13.274729783936817
2024-05-22,13.274788049956355
2024-05-23,13.274847977691644
2024-05-24,13.274909567142691
2024-05-27,13.27497281830949
2024-05-28,13.275037731192043
2024-05-29,13.275104305790352
2024-05-30,13.275172542104412
2024-05-31,13.27524244013423
2024-06-03,13.275313999879799
2024-06-04,13.275387221341123
2024-06-05,13.275462104518203
2024-06-06,13.275538649411034
2024-06-07,13.275616856019623
2024-06-10,13.275696724343963
2024-06-11,13.275778254384058
2024-06-12,13.275861446139908
2024-06-13,13.275946299611512
2024-06-14,13.276032814798869
2024-06-17,13.276120991701982
2024-06-18,13.276210830320847
2024-06-19,13.276302330655467
2024-06-20,13.276395492705841
2024-06-21,13.276490316471971
2024-06-24,13.276586801953853
2024-06-25,13.276684949151491
2024-06-26,13.276784758064881
2024-06-27,13.276886228694027
2024-06-28,13.276989361038925
2024-07-01,13.278819126798583
2024-07-02,13.278921567167748
2024-07-03,13.279023241634224
2024-07-04,13.27912415019801
2024-07-05,13.279224292859107
2024-07-08,13.279323669617511
2024-07-09,13.279422280473229
2024-07-10,13.279520125426254
2024-07-11,13.27961720447659
2024-07-12,13.279713517624236
2024-07-15,13.279809064869193
2024-07-16,13.27990384621146
2024-07-17,13.279997861651035
2024-07-18,13.280091111187922
2024-07-19,13.280183594822118
2024-07-22,13.280275312553623
2024-07-23,13.28036626438244
2024-07-24,13.280456450308566
2024-07-25,13.280545870332002
2024-07-26,13.280634524452749
2024-07-29,13.280722412670805
2024-07-30,13.280809534986172
2024-07-31,13.280895891398849
2024-08-01,13.280981481908835
2024-08-02,13.28106630651613
2024-08-05,13.281150365220737
2024-08-06,13.281233658022655
2024-08-07,13.28131618492188
2024-08-08,13.281397945918417
2024-08-09,13.281478941012265
2024-08-12,13.28155917020342
2024-08-13,13.281638633491887
2024-08-14,13.281717330877665
2024-08-15,13.28179526236075
2024-08-16,13.281872427941149
2024-08-19,13.281948827618855
2024-08-20,13.282024461393872
2024-08-21,13.282099329266199
2024-08-22,13.282173431235837
2024-08-23,13.282246767302782
2024-08-26,13.28231933746704
2024-08-27,13.282391141728606
2024-08-28,13.282462180087483
2024-08-29,13.282532452543672
2024-08-30,13.282601959097168
2024-09-02,13.282670699747975
2024-09-03,13.282738674496093
2024-09-04,13.282805883341519
2024-09-05,13.282872326284258
2024-09-06,13.282938003324304
2024-09-09,13.283002914461662
2024-09-10,13.283067059696329
2024-09-11,13.283130439028307
2024-09-12,13.283193052457593
2024-09-13,13.283254899984192
2024-09-16,13.283315981608098
2024-09-17,13.283376297329315
2024-09-18,13.283435847147842
2024-09-19,13.28349463106368
2024-09-20,13.283552649076828
2024-09-23,13.283609901187287
2024-09-24,13.283666387395053
2024-09-25,13.28372210770013
2024-09-26,13.28377706210252
2024-09-27,13.283831250602217
2024-09-30,13.283884673199225
2024-10-01,13.283117290377199
2024-10-02,13.283170310959205
2024-10-03,13.2832236954289
2024-10-04,13.283277443786282
2024-10-07,13.283331556031355
2024-10-08,13.283386032164115
2024-10-09,13.283440872184563
2024-10-10,13.2834960760927
2024-10-11,13.283551643888526
2024-10-14,13.28360757557204
2024-10-15,13.283663871143242
2024-10-16,13.283720530602132
2024-10-17,13.283777553948712
2024-10-18,13.28383494118298
2024-10-21,13.283892692304935
2024-10-22,13.28395080731458
2024-10-23,13.284009286211914
2024-10-24,13.284068128996935
2024-10-25,13.284127335669645
2024-10-28,13.284186906230044
2024-10-29,13.284246840678131
2024-10-30,13.284307139013906
2024-10-31,13.284367801237371
2024-11-01,13.284428827348522
2024-11-04,13.284490217347363
2024-11-05,13.284551971233892
2024-11-06,13.28461408900811
2024-11-07,13.284676570670017
2024-11-08,13.284739416219612
2024-11-11,13.284802625656894
2024-11-12,13.284866198981867
2024-11-13,13.284930136194527
2024-11-14,13.284994437294875
2024-11-15,13.285059102282911
2024-11-18,13.285124131158637
2024-11-19,13.285189523922051
2024-11-20,13.285255280573153
2024-11-21,13.285321401111945
2024-11-22,13.285387885538425
2024-11-25,13.285454733852593
2024-11-26,13.285521946054448
2024-11-27,13.285589522143994
2024-11-28,13.285657462121225
2024-11-29,13.285725765986149
2024-12-02,13.285794433738758
2024-12-03,13.285863465379057
2024-12-04,13.285932860907044
2024-12-05,13.28600262032272
2024-12-06,13.286072743626082
2024-12-09,13.286143230817135
2024-12-10,13.286214081895876
2024-12-11,13.286285296862305
2024-12-12,13.286356875716423
2024-12-13,13.28642881845823
2024-12-16,13.286501125087725
2024-12-17,13.286573795604907
2024-12-18,13.28664683000978
2024-12-19,13.28672022830234
2024-12-20,13.286793990482588
2024-12-23,13.286868116550526
2024-12-24,13.28694260650615
2024-12-25,13.287017460349464
2024-12-26,13.287092678080468
2024-12-27,13.287168259699158
2024-12-30,13.287244205205537
2024-12-31,13.287320514599605
2025-01-01,13.288055673379805
2025-01-02,13.288134166634707
2025-01-03,13.288212083822703
2025-01-06,13.288289424943791
2025-01-07,13.288366189997971
2025-01-08,13.288442378985245
2025-01-09,13.288517991905609
2025-01-10,13.288593028759065
2025-01-13,13.288667489545615
2025-01-14,13.288741374265257
2025-01-15,13.28881468291799
2025-01-16,13.288887415503815
2025-01-17,13.288959572022733
2025-01-20,13.289031152474745
2025-01-21,13.289102156859848
2025-01-22,13.289172585178042
2025-01-23,13.28924243742933
2025-01-24,13.289311713613708
2025-01-27,13.28938041373118
2025-01-28,13.289448537781745
2025-01-29,13.2895160857654
2025-01-30,13.28958305768215
2025-01-31,13.28964945353199
2025-02-03,13.289715273314922
2025-02-04,13.289780517030946
2025-02-05,13.289845184680065
2025-02-06,13.289909276262273
2025-02-07,13.289972791777576
2025-02-10,13.29003573122597
2025-02-11,13.290098094607457
2025-02-12,13.290159881922035
2025-02-13,13.290221093169706
2025-02-14,13.290281728350468
2025-02-17,13.290341787464325
2025-02-18,13.290401270511271
2025-02-19,13.290460177491312
2025-02-20,13.290518508404443
2025-02-21,13.290576263250667
2025-02-24,13.290633442029984
2025-02-25,13.290690044742393
2025-02-26,13.290746071387893
2025-02-27,13.290801521966488
2025-02-28,13.290856396478173
2025-03-03,13.290910694922951
2025-03-04,13.29096441730082
2025-03-05,13.291017563611783
2025-03-06,13.291070133855838
2025-03-07,13.291122128032985
2025-03-10,13.291173546143224
2025-03-11,13.291224388186555
2025-03-12,13.291274654162978
2025-03-13,13.291324344072494
2025-03-14,13.291373457915101
2025-03-17,13.291421995690802
2025-03-18,13.291469957399595
2025-03-19,13.29151734304148
2025-03-20,13.291564152616456
2025-03-21,13.291610386124526
2025-03-24,13.291656043565688
2025-03-25,13.29170112493994
2025-03-26,13.291745630247288
2025-03-27,13.291789559487725
2025-03-28,13.291832912661256
2025-03-31,13.291875689767878
2025-04-01,13.292956248404824
2025-04-02,13.292995766322937
2025-04-03,13.293033250366213
2025-04-04,13.293068700534652
2025-04-07,13.293102116828255
2025-04-08,13.293133499247022
2025-04-09,13.293162847790951
2025-04-10,13.293190162460043
2025-04-11,13.293215443254297
2025-04-14,13.293238690173716
2025-04-15,13.293259903218297
2025-04-16,13.293279082388041
2025-04-17,13.29329622768295
2025-04-18,13.29331133910302
2025-04-21,13.293324416648254
2025-04-22,13.293335460318652
2025-04-23,13.293344470114212
2025-04-24,13.293351446034935
2025-04-25,13.293356388080822
2025-04-28,13.293359296251872
2025-04-29,13.293360170548084
2025-04-30,13.29335901096946
2025-05-01,13.293355817515998
2025-05-02,13.293350590187702
2025-05-05,13.293343328984566
2025-05-06,13.293334033906595
2025-05-07,13.293322704953786
2025-05-08,13.293309342126141
2025-05-09,13.29329394542366
2025-05-12,13.29327651484634
2025-05-13,13.293257050394184
2025-05-14,13.293235552067191
2025-05-15,13.293212019865361
2025-05-16,13.293186453788694
2025-05-19,13.293158853837191
2025-05-20,13.29312922001085
2025-05-21,13.293097552309675
2025-05-22,13.29306385073366
2025-05-23,13.293028115282809
2025-05-26,13.292990345957122
2025-05-27,13.292950542756596
2025-05-28,13.292908705681235
2025-05-29,13.292864834731038
2025-05-30,13.292818929906002
2025-06-02,13.29277099120613
2025-06-03,13.29272101863142
2025-06-04,13.292669012181875
2025-06-05,13.292614971857493
2025-06-06,13.292558897658273
2025-06-09,13.292500789584217
2025-06-10,13.292440647635322
2025-06-11,13.292378471811594
2025-06-12,13.292314262113026
2025-06-13,13.292248018539622
2025-06-16,13.292179741091381
2025-06-17,13.292109429768304
2025-06-18,13.292037084570389
2025-06-19,13.291962705497637
2025-06-20,13.29188629255005
2025-06-23,13.291807845727625
2025-06-24,13.291727365030363
2025-06-25,13.291644850458264
2025-06-26,13.291560302011328
2025-06-27,13.291473719689556
2025-06-30,13.291385103492946
2025-07-01,13.288574767419437
2025-07-02,13.28848726606909
2025-07-03,13.288401539953913
2025-07-04,13.288317589073904
2025-07-07,13.288235413429062
2025-07-08,13.28815501301939
2025-07-09,13.288076387844885
2025-07-10,13.28799953790555
2025-07-11,13.287924463201385
2025-07-14,13.287851163732388
2025-07-15,13.287779639498558
2025-07-16,13.287709890499897
2025-07-17,13.287641916736405
2025-07-18,13.287575718208082
2025-07-21,13.287511294914927
2025-07-22,13.287448646856939
2025-07-23,13.287387774034123
2025-07-24,13.287328676446473
2025-07-25,13.287271354093992
2025-07-28,13.28721580697668
2025-07-29,13.287162035094537
2025-07-30,13.287110038447564
2025-07-31,13.287059817035757
2025-08-01,13.287011370859119
2025-08-04,13.28696469991765
2025-08-05,13.28691980421135
2025-08-06,13.286876683740218
2025-08-07,13.286835338504256
2025-08-08,13.286795768503461
2025-08-11,13.286757973737835
2025-08-12,13.286721954207378
2025-08-13,13.286687709912089
2025-08-14,13.28665524085197
2025-08-15,13.286624547027017
2025-08-18,13.286595628437235
2025-08-19,13.28656848508262
2025-08-20,13.286543116963175
2025-08-21,13.286519524078898
2025-08-22,13.286497706429788
2025-08-25,13.286477664015848
2025-08-26,13.286459396837078
2025-08-27,13.286442904893475
2025-08-28,13.286428188185042
2025-08-29,13.286415246711776
2025-09-01,13.286404080473678
2025-09-02,13.28639468947075
2025-09-03,13.28638707370299
2025-09-04,13.286381233170399
2025-09-05,13.286377167872978
2025-09-08,13.286374877810724
2025-09-09,13.286374362983638
2025-09-10,13.286375623391722
2025-09-11,13.286378659034973
2025-09-12,13.286383469913394
2025-09-15,13.286390056026983
2025-09-16,13.286398417375741
2025-09-17,13.286408553959667
2025-09-18,13.286420465778763
2025-09-19,13.286434152833026
2025-09-22,13.286449615122457
2025-09-23,13.286466852647058
2025-09-24,13.286485865406828
2025-09-25,13.286506653401766
2025-09-26,13.286529216631873
2025-09-29,13.286553555097148
2025-09-30,13.286579668797591
2025-10-01,13.287450278541106
2025-10-02,13.287478781672887
2025-10-03,13.287507899000834
2025-10-06,13.287537630524952
2025-10-07,13.287567976245235
2025-10-08,13.287598936161688
2025-10-09,13.287630510274308
2025-10-10,13.287662698583098
2025-10-13,13.287695501088054
2025-10-14,13.28772891778918
2025-10-15,13.287762948686472
2025-10-16,13.287797593779933
2025-10-17,13.287832853069562
2025-10-20,13.287868726555358
2025-10-21,13.287905214237323
2025-10-22,13.287942316115457
2025-10-23,13.287980032189758
2025-10-24,13.288018362460226
2025-10-27,13.288057306926863
2025-10-28,13.288096865589669
2025-10-29,13.288137038448642
2025-10-30,13.288177825503784
2025-10-31,13.288219226755093
2025-11-03,13.28826124220257
2025-11-04,13.288303871846216
2025-11-05,13.288347115686028
2025-11-06,13.28839097372201
2025-11-07,13.288435445954159
2025-11-10,13.288480532382478
2025-11-11,13.288526233006962
2025-11-12,13.288572547827616
2025-11-13,13.288619476844438
2025-11-14,13.288667020057428
2025-11-17,13.288715177466585
2025-11-18,13.288763949071912
2025-11-19,13.288813334873405
2025-11-20,13.288863334871067
2025-11-21,13.288913949064897
2025-11-24,13.288965177454894
2025-11-25,13.289017020041062
2025-11-26,13.289069476823395
2025-11-27,13.289122547801897
2025-11-28,13.289176232976567
2025-12-01,13.289230532347405
2025-12-02,13.289285445914413
2025-12-03,13.289340973677586
2025-12-04,13.289397115636929
2025-12-05,13.289453871792439
2025-12-08,13.289511242144117
2025-12-09,13.289569226691963
2025-12-10,13.289627825435979
2025-12-11,13.289687038376162
2025-12-12,13.28974686551251
2025-12-15,13.28980730684503
2025-12-16,13.289868362373717
2025-12-17,13.289930032098571
2025-12-18,13.289992316019594
2025-12-19,13.290055214136785
2025-12-22,13.290118726450144
2025-12-23,13.29018285295967
2025-12-24,13.290247593665365
2025-12-25,13.290312948567228
2025-12-26,13.29037891766526
2025-12-29,13.290445500959459
2025-12-30,13.290512698449826
2025-12-31,13.29058051013636
2026-01-01,13.291966829061979
2026-01-02,13.29199624271006
2026-01-05,13.292026309541368
2026-01-06,13.292057029555906
2026-01-07,13.292088402753675
2026-01-08,13.292120429134673
2026-01-09,13.2921531086989
2026-01-12,13.292186441446356
2026-01-13,13.292220427377043
2026-01-14,13.292255066490958
2026-01-15,13.292290358788103
2026-01-16,13.292326304268478
2026-01-19,13.292362902932082
2026-01-20,13.292400154778916
2026-01-21,13.292438059808978
2026-01-22,13.292476618022272
2026-01-23,13.292515829418793
2026-01-26,13.292555693998546
2026-01-27,13.292596211761525
2026-01-28,13.292637382707737
2026-01-29,13.292679206837176
2026-01-30,13.292721684149846
2026-02-02,13.292764814645745
2026-02-03,13.292808598324873
2026-02-04,13.292853035187232
2026-02-05,13.292898125232819
2026-02-06,13.292943868461636
2026-02-09,13.292990264873684
2026-02-10,13.29303731446896
2026-02-11,13.293085017247463
2026-02-12,13.2931333732092
2026-02-13,13.293182382354164
2026-02-16,13.293232044682357
2026-02-17,13.293282360193782
2026-02-18,13.293333328888433
2026-02-19,13.293384950766317
2026-02-20,13.293437225827429
2026-02-23,13.29349015407177
2026-02-24,13.293543735499341
2026-02-25,13.293597970110142
2026-02-26,13.29365285790417
2026-02-27,13.29370839888143
2026-03-02,13.293764593041919
2026-03-03,13.293821440385637
2026-03-04,13.293878940912585
2026-03-05,13.293937094622763
2026-03-06,13.293995901516169
2026-03-09,13.294055361592806
2026-03-10,13.294115474852672
2026-03-11,13.294176241295768
2026-03-12,13.294237660922091
2026-03-13,13.294299733731647
2026-03-16,13.29436245972443
2026-03-17,13.294425838900443
2026-03-18,13.294489871259685
2026-03-19,13.294554556802158
2026-03-20,13.29461989552786
2026-03-23,13.294685887436792
2026-03-24,13.294752532528952
2026-03-25,13.294819830804341
2026-03-26,13.294887782262961
2026-03-27,13.294956386904811
2026-03-30,13.29502564472989
2026-03-31,13.295095555738198
2026-04-01,
2026-04-02,
2026-04-03,
2026-04-06,
2026-04-07,
2026-04-08,
2026-04-09,
2026-04-10,
2026-04-13,
2026-04-14,
2026-04-15,
2026-04-16,
2026-04-17,
2026-04-20,
2026-04-21,
2026-04-22,
2026-04-23,
2026-04-24,
2026-04-27,
2026-04-28,
2026-04-29,
2026-04-30,
2026-05-01,
2026-05-04,
2026-05-05,
2026-05-06,
2026-05-07,
2026-05-08,
2026-05-11,
2026-05-12,
2026-05-13,
2026-05-14,
2026-05-15,
2026-05-18,
2026-05-19,
2026-05-20,
2026-05-21,
2026-05-22,
2026-05-25,
2026-05-26,
2026-05-27,
2026-05-28,
2026-05-29,
2026-06-01,
2026-06-02,
2026-06-03,
2026-06-04,
2026-06-05,
2026-06-08,
2026-06-09,
2026-06-10,
2026-06-11,
2026-06-12,
2026-06-15,
2026-06-16,
2026-06-17,
2026-06-18,
2026-06-19,
2026-06-22,
2026-06-23,
2026-06-24,
2026-06-25,
2026-06-26,
2026-06-29,
2026-06-30,
