date,other_pct
1999-01-14,-7.129286928887117
1999-01-15,-6.949346174345733
1999-01-18,-6.76149068524003
1999-01-19,-6.565720461570011
1999-01-20,-6.362035503335674
1999-01-21,-6.150435810537022
1999-01-22,-5.930921383174052
1999-01-25,-5.703492221246766
1999-01-26,-5.4681483247551625
1999-01-27,-5.224889693699243
1999-01-28,-4.973716328079005
1999-01-29,-4.714628227894451
1999-02-01,-5.100224131511235
1999-02-02,-4.99415921508184
1999-02-03,-4.885244994209291
1999-02-04,-4.773481468893587
1999-02-05,-4.658868639134729
1999-02-08,-4.541406504932718
1999-02-09,-4.4210950662875526
1999-02-10,-4.297934323199232
1999-02-11,-4.1719242756677595
1999-02-12,-4.043064923693132
1999-02-15,-3.91135626727535
1999-02-16,-3.776798306414414
1999-02-17,-3.6393910411103243
1999-02-18,-3.4991344713630803
1999-02-19,-3.356028597172682
1999-02-22,-3.2100734185391304
1999-02-23,-3.061268935462424
1999-02-24,-2.909615147942564
1999-02-25,-2.7551120559795494
1999-02-26,-2.5977596595733816
1999-03-01,-0.10570493484619803
1999-03-02,0.00913700316770849
1999-03-03,0.09951505237002367
1999-03-04,0.16542921276074773
1999-03-05,0.20687948433988057
1999-03-08,0.22386586710742207
1999-03-09,0.21638836106337234
1999-03-10,0.18444696620773132
1999-03-11,0.1280416825404992
1999-03-12,0.04717251006167572
1999-03-15,-0.058160551228738866
1999-03-16,-0.18795750133074485
1999-03-17,-0.34221834024434195
1999-03-18,-0.5209430679695306
1999-03-19,-0.7241316845063102
1999-03-22,-0.9517841898546808
1999-03-23,-1.2039005840146426
1999-03-24,-1.4804808669861964
1999-03-25,-1.7815250387693407
1999-03-26,-2.1070330993640765
1999-03-29,-2.4570050487704034
1999-03-30,-2.8314408869883225
1999-03-31,-3.230340614017832
1999-04-01,-8.439026189547299
1999-04-02,-8.84905127264375
1999-04-05,-9.226494022275503
1999-04-06,-9.571354438442555
1999-04-07,-9.883632521144907
1999-04-08,-10.163328270382559
1999-04-09,-10.410441686155513
1999-04-12,-10.624972768463767
1999-04-13,-10.806921517307321
1999-04-14,-10.956287932686177
1999-04-15,-11.073072014600331
1999-04-16,-11.157273763049787
1999-04-19,-11.208893178034543
1999-04-20,-11.2279302595546
1999-04-21,-11.214385007609957
1999-04-22,-11.168257422200615
1999-04-23,-11.089547503326573
1999-04-26,-10.978255250987832
1999-04-27,-10.83438066518439
1999-04-28,-10.65792374591625
1999-04-29,-10.44888449318341
1999-04-30,-10.20726290698587
1999-05-03,-7.420451028306878
1999-05-04,-7.131597071641748
1999-05-05,-6.841150407481453
1999-05-06,-6.5491110358259945
1999-05-07,-6.255478956675369
1999-05-10,-5.960254170029581
1999-05-11,-5.663436675888626
1999-05-12,-5.365026474252508
1999-05-13,-5.065023565121224
1999-05-14,-4.763427948494775
1999-05-17,-4.460239624373162
1999-05-18,-4.155458592756383
1999-05-19,-3.8490848536444404
1999-05-20,-3.541118407037332
1999-05-21,-3.2315592529350594
1999-05-24,-2.9204073913376214
1999-05-25,-2.607662822245019
1999-05-26,-2.2933255456572517
1999-05-27,-1.97739556157432
1999-05-28,-1.6598728699962226
1999-05-31,-1.340757470922961
1999-06-01,1.0508832774409376
1999-06-02,1.3326482407799216
1999-06-03,1.590047702097118
1999-06-04,1.8230816613925271
1999-06-07,2.031750118666149
1999-06-08,2.2160530739179833
1999-06-09,2.375990527148031
1999-06-10,2.5115624783562907
1999-06-11,2.6227689275427633
1999-06-14,2.7096098747074486
1999-06-15,2.772085319850347
1999-06-16,2.8101952629714573
1999-06-17,2.823939704070781
1999-06-18,2.813318643148317
1999-06-21,2.778332080204066
1999-06-22,2.7189800152380275
1999-06-23,2.635262448250202
1999-06-24,2.527179379240589
1999-06-25,2.3947308082091885
1999-06-28,2.2379167351560008
1999-06-29,2.056737160081026
1999-06-30,1.8511920829842636
1999-07-01,-1.4713940373682912
1999-07-02,-1.687251788803858
1999-07-05,-1.8890567125564417
1999-07-06,-2.0768088086260423
1999-07-07,-2.25050807701266
1999-07-08,-2.4101545177162946
1999-07-09,-2.5557481307369465
1999-07-12,-2.687288916074615
1999-07-13,-2.804776873729301
1999-07-14,-2.9082120037010037
1999-07-15,-2.997594305989724
1999-07-16,-3.0729237805954606
1999-07-19,-3.134200427518215
1999-07-20,-3.181424246757986
1999-07-21,-3.214595238314774
1999-07-22,-3.233713402188579
1999-07-23,-3.238778738379401
1999-07-26,-3.2297912468872405
1999-07-27,-3.206750927712097
1999-07-28,-3.16965778085397
1999-07-29,-3.1185118063128607
1999-07-30,-3.0533130040887677
1999-08-02,-1.8266240494849093
1999-08-03,-1.7475734717047486
1999-08-04,-1.6687239460515029
1999-08-05,-1.5900754725251725
1999-08-06,-1.5116280511257565
1999-08-09,-1.4333816818532559
1999-08-10,-1.35533636470767
1999-08-11,-1.2774920996889991
1999-08-12,-1.1998488867972432
1999-08-13,-1.1224067260324022
1999-08-16,-1.0451656173944763
1999-08-17,-0.9681255608834652
1999-08-18,-0.891286556499369
1999-08-19,-0.814648604242188
1999-08-20,-0.7382117041119219
1999-08-23,-0.6619758561085707
1999-08-24,-0.5859410602321344
1999-08-25,-0.5101073164826133
1999-08-26,-0.43447462486000676
1999-08-27,-0.35904298536431545
1999-08-30,-0.28381239799553915
1999-08-31,-0.20878286275367763
1999-09-01,0.15368913895954017
1999-09-02,0.22474335853641303
1999-09-03,0.29202331457521236
1999-09-06,0.35552900707593793
1999-09-07,0.41526043603859003
1999-09-08,0.47121760146316843
1999-09-09,0.5234005033496733
1999-09-10,0.5718091416981044
1999-09-13,0.6164435165084621
1999-09-14,0.657303627780746
1999-09-15,0.6943894755149564
1999-09-16,0.7277010597110932
1999-09-17,0.7572383803691564
1999-09-20,0.783001437489146
1999-09-21,0.8049902310710618
1999-09-22,0.8232047611149041
1999-09-23,0.8376450276206729
1999-09-24,0.848311030588368
1999-09-27,0.8552027700179895
1999-09-28,0.8583202459095374
1999-09-29,0.8576634582630117
1999-09-30,0.8532324070784123
1999-10-01,0.5866340180957951
1999-10-04,0.5774157399389153
1999-10-05,0.5675752276203367
1999-10-06,0.5571124811400595
1999-10-07,0.5460275004980837
1999-10-08,0.5343202856944091
1999-10-11,0.521990836729036
1999-10-12,0.5090391536019641
1999-10-13,0.4954652363131936
1999-10-14,0.48126908486272446
1999-10-15,0.4664506992505566
1999-10-18,0.4510100794766901
1999-10-19,0.4349472255411249
1999-10-20,0.4182621374438611
1999-10-21,0.4009548151848986
1999-10-22,0.3830252587642374
1999-10-25,0.3644734681818776
1999-10-26,0.34529944343781904
1999-10-27,0.32550318453206195
1999-10-28,0.30508469146460604
1999-10-29,0.28404396423545164
1999-11-01,-0.21513888978814316
1999-11-02,-0.23044596953225877
1999-11-03,-0.2403818476928574
1999-11-04,-0.24494652426993904
1999-11-05,-0.24413999926350372
1999-11-08,-0.2379622726735514
1999-11-09,-0.2264133445000821
1999-11-10,-0.20949321474309585
1999-11-11,-0.18720188340259264
1999-11-12,-0.15953935047857243
1999-11-15,-0.12650561597103524
1999-11-16,-0.08810067987998112
1999-11-17,-0.04432454220540992
1999-11-18,0.004822797052678143
1999-11-19,0.05934133789428314
1999-11-22,0.11923108031940527
1999-11-23,0.18449202432804426
1999-11-24,0.25512416992020015
1999-11-25,0.3311275170958733
1999-11-26,0.4125020658550632
1999-11-29,0.49924781619777003
1999-11-30,0.5913647681239941
1999-12-01,2.5909276869446964
1999-12-02,2.6674520847944168
1999-12-03,2.727251342354104
1999-12-06,2.770325459623759
1999-12-07,2.796674436603382
1999-12-08,2.806298273292973
1999-12-09,2.799196969692532
1999-12-10,2.7753705258020576
1999-12-13,2.734818941621552
1999-12-14,2.6775422171510135
1999-12-15,2.603540352390443
1999-12-16,2.51281334733984
1999-12-17,2.405361201999205
1999-12-20,2.2811839163685375
1999-12-21,2.1402814904478378
1999-12-22,1.9826539242371062
1999-12-23,1.808301217736342
1999-12-24,1.6172233709455452
1999-12-27,1.4094203838647168
1999-12-28,1.1848922564938558
1999-12-29,0.9436389888329628
1999-12-30,0.6856605808820369
1999-12-31,0.4109570326410792
2000-01-03,-3.2506239430176382
2000-01-04,-3.544110530401035
2000-01-05,-3.811899903443412
2000-01-06,-4.053992062144768
2000-01-07,-4.2703870065051035
2000-01-10,-4.461084736524418
2000-01-11,-4.626085252202713
2000-01-12,-4.765388553539986
2000-01-13,-4.87899464053624
2000-01-14,-4.966903513191472
2000-01-17,-5.029115171505684
2000-01-18,-5.065629615478876
2000-01-19,-5.076446845111047
2000-01-20,-5.0615668604021975
2000-01-21,-5.020989661352328
2000-01-24,-4.9547152479614365
2000-01-25,-4.8627436202295256
2000-01-26,-4.745074778156594
2000-01-27,-4.601708721742641
2000-01-28,-4.4326454509876685
2000-01-31,-4.237884965891675
2000-02-01,-1.3493743330299832
2000-02-02,-1.1396019592531945
2000-02-03,-0.9405149111366304
2000-02-04,-0.7521131886802916
2000-02-07,-0.5743967918841778
2000-02-08,-0.40736572074828925
2000-02-09,-0.25101997527262554
2000-02-10,-0.10535955545718703
2000-02-11,0.02961553869802644
2000-02-14,0.1539053071930149
2000-02-15,0.26750975002777827
2000-02-16,0.3704288672023167
2000-02-17,0.4626626587166298
2000-02-18,0.5442111245707182
2000-02-21,0.6150742647645813
2000-02-22,0.6752520792982194
2000-02-23,0.7247445681716324
2000-02-24,0.7635517313848202
2000-02-25,0.7916735689377832
2000-02-28,0.8091100808305209
2000-02-29,0.8158612670630339
2000-03-01,0.08824528585625357
2000-03-02,0.08397440849674487
2000-03-03,0.07902469412476906
2000-03-06,0.07339614274032624
2000-03-07,0.06708875434341632
2000-03-08,0.06010252893403936
2000-03-09,0.05243746651219535
2000-03-10,0.04409356707788426
2000-03-13,0.03507083063110612
2000-03-14,0.025369257171860914
2000-03-15,0.014988846700148656
2000-03-16,0.003929599215969325
2000-03-17,-0.0078084852806770515
2000-03-20,-0.02022540678979052
2000-03-21,-0.03332116531137101
2000-03-22,-0.047095760845418576
2000-03-23,-0.06154919339193319
2000-03-24,-0.07668146295091491
2000-03-27,-0.09249256952236365
2000-03-28,-0.10898251310627943
2000-03-29,-0.1261512937026623
2000-03-30,-0.14399891131151224
2000-03-31,-0.1625253659328292
2000-04-03,-0.36806186397863067
2000-04-04,-0.38826594706511564
2000-04-05,-0.406588027859234
2000-04-06,-0.4230281063609857
2000-04-07,-0.43758618257037074
2000-04-10,-0.45026225648738916
2000-04-11,-0.4610563281120409
2000-04-12,-0.469968397444326
2000-04-13,-0.47699846448424443
2000-04-14,-0.48214652923179624
2000-04-17,-0.4854125916869814
2000-04-18,-0.4867966518497999
2000-04-19,-0.48629870972025174
2000-04-20,-0.48391876529833694
2000-04-21,-0.4796568185840555
2000-04-24,-0.4735128695774074
2000-04-25,-0.4654869182783926
2000-04-26,-0.4555789646870112
2000-04-27,-0.44378900880326316
2000-04-28,-0.43011705062714845
2000-05-01,-0.38079099367685953
2000-05-02,-0.3662389167149437
2000-05-03,-0.35065994580718274
2000-05-04,-0.3340540809535767
2000-05-05,-0.3164213221541255
2000-05-08,-0.2977616694088292
2000-05-09,-0.27807512271768786
2000-05-10,-0.2573616820807013
2000-05-11,-0.23562134749786973
2000-05-12,-0.21285411896919298
2000-05-15,-0.1890599964946712
2000-05-16,-0.16423898007430426
2000-05-17,-0.13839106970809223
2000-05-18,-0.11151626539603504
2000-05-19,-0.08361456713813281
2000-05-22,-0.05468597493438547
2000-05-23,-0.024730488784793045
2000-05-24,0.006251891310644589
2000-05-25,0.038261165351927265
2000-05-26,0.07129733333905501
2000-05-29,0.10536039527202791
2000-05-30,0.14045035115084598
2000-05-31,0.17656720097550904
2000-06-01,0.7880273699957563
2000-06-02,0.8208581541779377
2000-06-05,0.8476876267822235
2000-06-06,0.8685157878086139
2000-06-07,0.8833426372571088
2000-06-08,0.8921681751277082
2000-06-09,0.8949924014204121
2000-06-12,0.8918153161352206
2000-06-13,0.8826369192721336
2000-06-14,0.8674572108311511
2000-06-15,0.8462761908122732
2000-06-16,0.8190938592154998
2000-06-19,0.7859102160408309
2000-06-20,0.7467252612882666
2000-06-21,0.7015389949578068
2000-06-22,0.6503514170494514
2000-06-23,0.5931625275632006
2000-06-26,0.5299723264990546
2000-06-27,0.46078081385701264
2000-06-28,0.3855879896370755
2000-06-29,0.304393853839243
2000-06-30,0.21719840646351474
2000-07-03,-0.7801230742733555
2000-07-04,-0.8720468627298318
2000-07-05,-0.9582597397866076
2000-07-06,-1.0387617054436826
2000-07-07,-1.1135527597010568
2000-07-10,-1.1826329025587305
2000-07-11,-1.2460021340167033
2000-07-12,-1.3036604540749757
2000-07-13,-1.3556078627335473
2000-07-14,-1.401844359992418
2000-07-17,-1.4423699458515882
2000-07-18,-1.4771846203110577
2000-07-19,-1.5062883833708265
2000-07-20,-1.5296812350308944
2000-07-21,-1.5473631752912618
2000-07-24,-1.5593342041519285
2000-07-25,-1.5655943216128945
2000-07-26,-1.5661435276741598
2000-07-27,-1.5609818223357244
2000-07-28,-1.5501092055975882
2000-07-31,-1.5335256774597514
2000-08-01,-1.2922904359749983
2000-08-02,-1.2696745292184728
2000-08-03,-1.2447985083266517
2000-08-04,-1.217662373299535
2000-08-07,-1.1882661241371228
2000-08-08,-1.1566097608394146
2000-08-09,-1.1226932834064112
2000-08-10,-1.0865166918381117
2000-08-11,-1.0480799861345171
2000-08-14,-1.0073831662956265
2000-08-15,-0.9644262323214403
2000-08-16,-0.9192091842119585
2000-08-17,-0.8717320219671811
2000-08-18,-0.821994745587108
2000-08-21,-0.7699973550717395
2000-08-22,-0.7157398504210752
2000-08-23,-0.6592222316351154
2000-08-24,-0.6004444987138597
2000-08-25,-0.5394066516573086
2000-08-28,-0.4761086904654619
2000-08-29,-0.4105506151383195
2000-08-30,-0.34273242567588136
2000-08-31,-0.27265412207814776
2000-09-01,0.49853503544609046
2000-09-04,0.570992153442099
2000-09-05,0.6366785985836558
2000-09-06,0.6955943708707605
2000-09-07,0.7477394703034133
2000-09-08,0.793113896881614
2000-09-11,0.8317176506053628
2000-09-12,0.8635507314746597
2000-09-13,0.8886131394895045
2000-09-14,0.9069048746498973
2000-09-15,0.9184259369558383
2000-09-18,0.9231763264073273
2000-09-19,0.9211560430043643
2000-09-20,0.9123650867469492
2000-09-21,0.8968034576350823
2000-09-22,0.8744711556687633
2000-09-25,0.8453681808479924
2000-09-26,0.8094945331727695
2000-09-27,0.7668502126430947
2000-09-28,0.7174352192589678
2000-09-29,0.6612495530203891
2000-10-02,-0.925478342825627
2000-10-03,-0.9727943174297145
2000-10-04,-1.0073315793218147
2000-10-05,-1.0290901285019272
2000-10-06,-1.0380699649700524
2000-10-09,-1.0342710887261903
2000-10-10,-1.0176934997703406
2000-10-11,-0.9883371981025038
2000-10-12,-0.9462021837226794
2000-10-13,-0.8912884566308676
2000-10-16,-0.8235960168270685
2000-10-17,-0.743124864311282
2000-10-18,-0.649874999083508
2000-10-19,-0.5438464211437467
2000-10-20,-0.42503913049199815
2000-10-23,-0.29345312712826177
2000-10-24,-0.14908841105253834
2000-10-25,0.008055017735172365
2000-10-26,0.1779771592348709
2000-10-27,0.3606780134465566
2000-10-30,0.5561575803702292
2000-10-31,0.7644158600058905
2000-11-01,3.333968458706396
2000-11-02,3.538610056854816
2000-11-03,3.7268562608040074
2000-11-06,3.8987070705539706
2000-11-07,4.054162486104706
2000-11-08,4.193222507456213
2000-11-09,4.315887134608491
2000-11-10,4.4221563675615405
2000-11-13,4.512030206315362
2000-11-14,4.585508650869956
2000-11-15,4.642591701225322
2000-11-16,4.683279357381459
2000-11-17,4.707571619338368
2000-11-20,4.715468487096049
2000-11-21,4.706969960654502
2000-11-22,4.682076040013726
2000-11-23,4.640786725173722
2000-11-24,4.5831020161344895
2000-11-27,4.50902191289603
2000-11-28,4.418546415458341
2000-11-29,4.311675523821424
2000-11-30,4.188409237985278
2000-12-01,2.308860593666691
2000-12-04,2.1682310727093745
2000-12-05,2.033284267022274
2000-12-06,1.9040201766053921
2000-12-07,1.7804388014587267
2000-12-08,1.6625401415822787
2000-12-11,1.5503241969760477
2000-12-12,1.443790967640034
2000-12-13,1.3429404535742375
2000-12-14,1.2477726547786583
2000-12-15,1.158287571253296
2000-12-18,1.074485202998151
2000-12-19,0.9963655500132234
2000-12-20,0.9239286122985129
2000-12-21,0.8571743898540195
2000-12-22,0.7961028826797432
2000-12-25,0.7407140907756843
2000-12-26,0.6910080141418424
2000-12-27,0.6469846527782179
2000-12-28,0.6086440066848104
2000-12-29,0.5759860758616204
2001-01-01,1.2358546115181377
2001-01-02,1.2081689479896167
2001-01-03,1.1774271655678978
2001-01-04,1.1436292642529815
2001-01-05,1.1067752440448673
2001-01-08,1.0668651049435551
2001-01-09,1.023898846949045
2001-01-10,0.9778764700613375
2001-01-11,0.9287979742804321
2001-01-12,0.8766633596063288
2001-01-15,0.8214726260390278
2001-01-16,0.7632257735785289
2001-01-17,0.7019228022248324
2001-01-18,0.6375637119779379
2001-01-19,0.5701485028378458
2001-01-22,0.4996771748045559
2001-01-23,0.42614972787806826
2001-01-24,0.3495661620583826
2001-01-25,0.2699264773454994
2001-01-26,0.18723067373941837
2001-01-29,0.1014787512401395
2001-01-30,0.012670709847662831
2001-01-31,-0.07919345043801163
2001-02-01,-1.1746841027633241
2001-02-02,-1.2729474931482512
2001-02-05,-1.3603159528624016
2001-02-06,-1.4367894819057758
2001-02-07,-1.5023680802783739
2001-02-08,-1.5570517479801957
2001-02-09,-1.6008404850112412
2001-02-12,-1.6337342913715105
2001-02-13,-1.6557331670610036
2001-02-14,-1.6668371120797205
2001-02-15,-1.667046126427661
2001-02-16,-1.6563602101048254
2001-02-19,-1.6347793631112135
2001-02-20,-1.6023035854468253
2001-02-21,-1.558932877111661
2001-02-22,-1.5046672381057202
2001-02-23,-1.4395066684290037
2001-02-26,-1.3634511680815102
2001-02-27,-1.2765007370632409
2001-02-28,-1.1786553753741953
2001-03-01,0.48242182977696957
2001-03-02,0.5709317122709783
2001-03-05,0.6490966660227941
2001-03-06,0.7169166910324168
2001-03-07,0.7743917872998468
2001-03-08,0.8215219548250837
2001-03-09,0.8583071936081277
2001-03-12,0.8847475036489787
2001-03-13,0.9008428849476366
2001-03-14,0.9065933375041018
2001-03-15,0.9019988613183739
2001-03-16,0.887059456390453
2001-03-19,0.8617751227203392
2001-03-20,0.8261458603080325
2001-03-21,0.7801716691535328
2001-03-22,0.7238525492568401
2001-03-23,0.6571885006179544
2001-03-26,0.5801795232368758
2001-03-27,0.49282561711360423
2001-03-28,0.3951267822481398
2001-03-29,0.28708301864048247
2001-03-30,0.16869432629063175
2001-04-02,-1.368729602730355
2001-04-03,-1.4957816900103627
2001-04-04,-1.6150220710453809
2001-04-05,-1.7264507458354084
2001-04-06,-1.8300677143804465
2001-04-09,-1.9258729766804943
2001-04-10,-2.0138665327355523
2001-04-11,-2.09404838254562
2001-04-12,-2.166418526110698
2001-04-13,-2.230976963430786
2001-04-16,-2.2877236945058836
2001-04-17,-2.3366587193359916
2001-04-18,-2.377782037921109
2001-04-19,-2.4110936502612375
2001-04-20,-2.4365935563563754
2001-04-23,-2.454281756206523
2001-04-24,-2.464158249811681
2001-04-25,-2.466223037171849
2001-04-26,-2.4604761182870267
2001-04-27,-2.446917493157215
2001-04-30,-2.4255471617824127
2001-05-01,-1.9830196772328592
2001-05-02,-1.9545769782518376
2001-05-03,-1.9243360494209087
2001-05-04,-1.8922968907400726
2001-05-07,-1.8584595022093293
2001-05-08,-1.822823883828679
2001-05-09,-1.7853900355981214
2001-05-10,-1.7461579575176565
2001-05-11,-1.7051276495872845
2001-05-14,-1.6622991118070052
2001-05-15,-1.6176723441768188
2001-05-16,-1.5712473466967252
2001-05-17,-1.5230241193667244
2001-05-18,-1.4730026621868162
2001-05-21,-1.421182975157001
2001-05-22,-1.3675650582772787
2001-05-23,-1.3121489115476492
2001-05-24,-1.2549345349681122
2001-05-25,-1.1959219285386684
2001-05-28,-1.1351110922593173
2001-05-29,-1.072502026130059
2001-05-30,-1.0080947301508933
2001-05-31,-0.9418892043218206
2001-06-01,0.11323985607499074
2001-06-04,0.17646139440688188
2001-06-05,0.2284241672317817
2001-06-06,0.26912817454968974
2001-06-07,0.2985734163606063
2001-06-08,0.3167598926645314
2001-06-11,0.32368760346146486
2001-06-12,0.3193565487514068
2001-06-13,0.30376672853435716
2001-06-14,0.276918142810316
2001-06-15,0.23881079157928328
2001-06-18,0.18944467484125896
2001-06-19,0.12881979259624318
2001-06-20,0.05693614484423573
2001-06-21,-0.026206268414763118
2001-06-22,-0.1206074471807537
2001-06-25,-0.22626739145373562
2001-06-26,-0.3431861012337093
2001-06-27,-0.4713635765206743
2001-06-28,-0.6107998173146312
2001-06-29,-0.7614948236155793
2001-07-02,-2.7481209771979516
2001-07-03,-2.890257184787446
2001-07-04,-3.019937363240673
2001-07-05,-3.1371615125576335
2001-07-06,-3.2419296327383273
2001-07-09,-3.3342417237827537
2001-07-10,-3.414097785690914
2001-07-11,-3.4814978184628074
2001-07-12,-3.5364418220984337
2001-07-13,-3.5789297965977935
2001-07-16,-3.608961741960887
2001-07-17,-3.6265376581877127
2001-07-18,-3.6316575452782724
2001-07-19,-3.624321403232565
2001-07-20,-3.604529232050591
2001-07-23,-3.57228103173235
2001-07-24,-3.5275768022778426
2001-07-25,-3.470416543687068
2001-07-26,-3.4008002559600268
2001-07-27,-3.318727939096719
2001-07-30,-3.2241995930971443
2001-07-31,-3.1172152179613026
2001-08-01,-2.1518230036717068
2001-08-02,-2.0358238194898584
2001-08-03,-1.9180727943429607
2001-08-06,-1.798569928231014
2001-08-07,-1.6773152211540174
2001-08-08,-1.5543086731119722
2001-08-09,-1.4295502841048777
2001-08-10,-1.3030400541327336
2001-08-13,-1.1747779831955403
2001-08-14,-1.0447640712932982
2001-08-15,-0.9129983184260065
2001-08-16,-0.7794807245936656
2001-08-17,-0.6442112897962756
2001-08-20,-0.5071900140338359
2001-08-21,-0.3684168973063474
2001-08-22,-0.2278919396138097
2001-08-23,-0.08561514095622269
2001-08-24,0.05841349866641388
2001-08-27,0.20419397925409943
2001-08-28,0.351726300806834
2001-08-29,0.5010104633246178
2001-08-30,0.6520464668074516
2001-08-31,0.8048343112553339
2001-09-03,1.5302063703531419
2001-09-04,1.701835581625313
2001-09-05,1.867373365944784
2001-09-06,2.0268197233115544
2001-09-07,2.1801746537256244
2001-09-10,2.3274381571869944
2001-09-11,2.468610233695664
2001-09-12,2.603690883251633
2001-09-13,2.7326801058549015
2001-09-14,2.85557790150547
2001-09-17,2.9723842702033383
2001-09-18,3.0830992119485057
2001-09-19,3.187722726740973
2001-09-20,3.28625481458074
2001-09-21,3.378695475467807
2001-09-24,3.4650447094021732
2001-09-25,3.545302516383839
2001-09-26,3.619468896412805
2001-09-27,3.6875438494890704
2001-09-28,3.7495273756126353
2001-10-01,3.9345773466803498
2001-10-02,3.977066866351388
2001-10-03,4.013444080327497
2001-10-04,4.043708988608675
2001-10-05,4.067861591194923
2001-10-08,4.085901888086241
2001-10-09,4.097829879282627
2001-10-10,4.103645564784085
2001-10-11,4.103348944590611
2001-10-12,4.096940018702206
2001-10-15,4.084418787118873
2001-10-16,4.065785249840607
2001-10-17,4.041039406867412
2001-10-18,4.010181258199287
2001-10-19,3.973210803836231
2001-10-22,3.930128043778245
2001-10-23,3.8809329780253283
2001-10-24,3.8256256065774816
2001-10-25,3.7642059294347043
2001-10-26,3.696673946596997
2001-10-29,3.623029658064359
2001-10-30,3.5432730638367906
2001-10-31,3.457404163914292
2001-11-01,3.140974205118005
2001-11-02,3.04089247498874
2001-11-05,2.93689118423934
2001-11-06,2.8289703328698046
2001-11-07,2.7171299208801343
2001-11-08,2.6013699482703294
2001-11-09,2.4816904150403896
2001-11-12,2.3580913211903147
2001-11-13,2.230572666720105
2001-11-14,2.0991344516297596
2001-11-15,1.96377667591928
2001-11-16,1.8244993395886653
2001-11-19,1.6813024426379155
2001-11-20,1.534185985067031
2001-11-21,1.3831499668760114
2001-11-22,1.2281943880648567
2001-11-23,1.0693192486335672
2001-11-26,0.9065245485821429
2001-11-27,0.7398102879105832
2001-11-28,0.5691764666188892
2001-11-29,0.39462308470705976
2001-11-30,0.21615014217509554
2001-12-03,-0.7952931113400601
2001-12-04,-0.9794275612151746
2001-12-05,-1.156618600520348
2001-12-06,-1.3268662292555795
2001-12-07,-1.4901704474208697
2001-12-10,-1.6465312550162183
2001-12-11,-1.7959486520416252
2001-12-12,-1.9384226384970908
2001-12-13,-2.0739532143826147
2001-12-14,-2.202540379698197
2001-12-17,-2.3241841344438376
2001-12-18,-2.438884478619537
2001-12-19,-2.5466414122252945
2001-12-20,-2.6474549352611105
2001-12-21,-2.7413250477269853
2001-12-24,-2.8282517496229183
2001-12-25,-2.9082350409489095
2001-12-26,-2.9812749217049594
2001-12-27,-3.0473713918910676
2001-12-28,-3.1065244515072346
2001-12-31,-3.1587341005534597
2002-01-01,-3.7982502283963933
2002-01-02,-3.8270188923533897
2002-01-03,-3.8432261764412115
2002-01-04,-3.8468720806598578
2002-01-07,-3.837956605009329
2002-01-08,-3.8164797494896248
2002-01-09,-3.7824415141007455
2002-01-10,-3.735841898842691
2002-01-11,-3.6766809037154613
2002-01-14,-3.6049585287190564
2002-01-15,-3.520674773853476
2002-01-16,-3.4238296391187206
2002-01-17,-3.31442312451479
2002-01-18,-3.192455230041684
2002-01-21,-3.057925955699403
2002-01-22,-2.9108353014879467
2002-01-23,-2.7511832674073156
2002-01-24,-2.5789698534575085
2002-01-25,-2.3941950596385264
2002-01-28,-2.1968588859503697
2002-01-29,-1.9869613323930373
2002-01-30,-1.7645023989665294
2002-01-31,-1.5294820856708466
2002-02-01,1.5174110582852844
2002-02-04,1.7769369017359016
2002-02-05,2.011269641497549
2002-02-06,2.220409277570226
2002-02-07,2.4043558099539335
2002-02-08,2.563109238648672
2002-02-11,2.6966695636544395
2002-02-12,2.805036784971238
2002-02-13,2.8882109025990665
2002-02-14,2.946191916537926
2002-02-15,2.978979826787815
2002-02-18,2.986574633348734
2002-02-19,2.968976336220684
2002-02-20,2.9261849354036635
2002-02-21,2.8582004308976736
2002-02-22,2.765022822702714
2002-02-25,2.646652110818785
2002-02-26,2.5030882952458855
2002-02-27,2.334331375984016
2002-02-28,2.1403813530331774
2002-03-01,-1.0588162021607335
2002-03-04,-1.2496612500895705
2002-03-05,-1.4226436062902845
2002-03-06,-1.5777632707628753
2002-03-07,-1.715020243507343
2002-03-08,-1.8344145245236874
2002-03-11,-1.9359461138119083
2002-03-12,-2.0196150113720064
2002-03-13,-2.0854212172039808
2002-03-14,-2.1333647313078323
2002-03-15,-2.16344555368356
2002-03-18,-2.175663684331165
2002-03-19,-2.170019123250647
2002-03-20,-2.146511870442005
2002-03-21,-2.10514192590524
2002-03-22,-2.045909289640352
2002-03-25,-1.968813961647341
2002-03-26,-1.8738559419262062
2002-03-27,-1.7610352304769488
2002-03-28,-1.6303518272995676
2002-03-29,-1.4818057323940634
2002-04-01,1.001431773528606
2002-04-02,1.147721493220594
2002-04-03,1.2814561817270158
2002-04-04,1.4026358390478721
2002-04-05,1.511260465183163
2002-04-08,1.6073300601328875
2002-04-09,1.6908446238970467
2002-04-10,1.76180415647564
2002-04-11,1.8202086578686676
2002-04-12,1.8660581280761295
2002-04-15,1.8993525670980256
2002-04-16,1.920091974934356
2002-04-17,1.9282763515851205
2002-04-18,1.9239056970503194
2002-04-19,1.9069800113299527
2002-04-22,1.8774992944240199
2002-04-23,1.8354635463325217
2002-04-24,1.7808727670554576
2002-04-25,1.7137269565928277
2002-04-26,1.6340261149446322
2002-04-29,1.5417702421108712
2002-04-30,1.4369593380915437
2002-05-01,-0.14201361843761662
2002-05-02,-0.2491235227551496
2002-05-03,-0.3510802629333616
2002-05-06,-0.4478838389722526
2002-05-07,-0.5395342508718226
2002-05-08,-0.6260314986320717
2002-05-09,-0.7073755822529998
2002-05-10,-0.783566501734607
2002-05-13,-0.8546042570768931
2002-05-14,-0.9204888482798583
2002-05-15,-0.9812202753435025
2002-05-16,-1.0367985382678258
2002-05-17,-1.087223637052828
2002-05-20,-1.1324955716985095
2002-05-21,-1.1726143422048696
2002-05-22,-1.207579948571909
2002-05-23,-1.2373923907996272
2002-05-24,-1.2620516688880246
2002-05-27,-1.2815577828371012
2002-05-28,-1.2959107326468566
2002-05-29,-1.3051105183172909
2002-05-30,-1.3091571398484043
2002-05-31,-1.308050597240197
2002-06-03,-0.8028697559360346
2002-06-04,-0.7963473820829984
2002-06-05,-0.7905012971365835
2002-06-06,-0.78533150109679
2002-06-07,-0.7808379939636179
2002-06-10,-0.7770207757370672
2002-06-11,-0.7738798464171379
2002-06-12,-0.7714152060038301
2002-06-13,-0.7696268544971436
2002-06-14,-0.7685147918970786
2002-06-17,-0.768079018203635
2002-06-18,-0.7683195334168128
2002-06-19,-0.769236337536612
2002-06-20,-0.7708294305630327
2002-06-21,-0.7730988124960746
2002-06-24,-0.7760444833357381
2002-06-25,-0.7796664430820229
2002-06-26,-0.7839646917349291
2002-06-27,-0.7889392292944568
2002-06-28,-0.7945900557606058
2002-07-01,-0.9266814729663087
2002-07-02,-0.9312605427901905
2002-07-03,-0.9349168429833712
2002-07-04,-0.9376503735458508
2002-07-05,-0.9394611344776291
2002-07-08,-0.9403491257787063
2002-07-09,-0.9403143474490824
2002-07-10,-0.9393567994887573
2002-07-11,-0.937476481897731
2002-07-12,-0.9346733946760035
2002-07-15,-0.930947537823575
2002-07-16,-0.9262989113404452
2002-07-17,-0.9207275152266142
2002-07-18,-0.9142333494820821
2002-07-19,-0.9068164141068489
2002-07-22,-0.8984767091009145
2002-07-23,-0.8892142344642788
2002-07-24,-0.8790289901969421
2002-07-25,-0.8679209762989042
2002-07-26,-0.8558901927701651
2002-07-29,-0.8429366396107248
2002-07-30,-0.8290603168205835
2002-07-31,-0.8142612243997409
2002-08-01,-1.5779441332265687
2002-08-02,-1.550812413585789
2002-08-05,-1.5129854664490257
2002-08-06,-1.4644632918162785
2002-08-07,-1.4052458896875473
2002-08-08,-1.3353332600628323
2002-08-09,-1.2547254029421335
2002-08-12,-1.163422318325451
2002-08-13,-1.0614240062127844
2002-08-14,-0.9487304666041341
2002-08-15,-0.8253416994994998
2002-08-16,-0.6912577048988818
2002-08-19,-0.5464784828022797
2002-08-20,-0.3910040332096941
2002-08-21,-0.22483435612112462
2002-08-22,-0.047969451536570895
2002-08-23,0.13959068054396623
2002-08-26,0.3378460401204872
2002-08-27,0.5467966271929927
2002-08-28,0.7664424417614812
2002-08-29,0.9967834838259537
2002-08-30,1.2378197533864108
2002-09-02,4.235870888803055
2002-09-03,4.473961960670576
2002-09-04,4.686425393203632
2002-09-05,4.873261186402224
2002-09-06,5.034469340266351
2002-09-09,5.170049854796013
2002-09-10,5.280002729991211
2002-09-11,5.3643279658519445
2002-09-12,5.423025562378214
2002-09-13,5.4560955195700185
2002-09-16,5.463537837427358
2002-09-17,5.445352515950233
2002-09-18,5.401539555138645
2002-09-19,5.332098954992591
2002-09-20,5.2370307155120726
2002-09-23,5.1163348366970895
2002-09-24,4.970011318547643
2002-09-25,4.798060161063731
2002-09-26,4.600481364245355
2002-09-27,4.377274928092514
2002-09-30,4.128440852605209
2002-10-01,0.5448215570334376
2002-10-02,0.310609379202728
2002-10-03,0.09278050229162127
2002-10-04,-0.10866507369988399
2002-10-07,-0.2937273487717863
2002-10-08,-0.4624063229240867
2002-10-09,-0.6147019961567848
2002-10-10,-0.7506143684698807
2002-10-11,-0.8701434398633742
2002-10-14,-0.9732892103372657
2002-10-15,-1.0600516798915547
2002-10-16,-1.1304308485262415
2002-10-17,-1.184426716241326
2002-10-18,-1.2220392830368085
2002-10-21,-1.2432685489126887
2002-10-22,-1.2481145138689664
2002-10-23,-1.236577177905642
2002-10-24,-1.2086565410227152
2002-10-25,-1.1643526032201863
2002-10-28,-1.1036653644980552
2002-10-29,-1.026594824856322
2002-10-30,-0.9331409842949862
2002-10-31,-0.8233038428140482
2002-11-01,1.6285708512884376
2002-11-04,1.7548407435644087
2002-11-05,1.869139091201474
2002-11-06,1.971465894199633
2002-11-07,2.061821152558886
2002-11-08,2.140204866279233
2002-11-11,2.206617035360674
2002-11-12,2.2610576598032086
2002-11-13,2.3035267396068377
2002-11-14,2.3340242747715605
2002-11-15,2.352550265297377
2002-11-18,2.359104711184287
2002-11-19,2.3536876124322914
2002-11-20,2.3362989690413896
2002-11-21,2.3069387810115822
2002-11-22,2.2656070483428685
2002-11-25,2.2123037710352484
2002-11-26,2.1470289490887224
2002-11-27,2.0697825825032905
2002-11-28,1.9805646712789522
2002-11-29,1.8793752154157082
2002-12-02,0.8561688095675628
2002-12-03,0.7485825961579315
2002-12-04,0.6414274879998121
2002-12-05,0.5347034850932049
2002-12-06,0.42841058743810934
2002-12-09,0.32254879503452627
2002-12-10,0.21711810788245503
2002-12-11,0.11211852598189595
2002-12-12,0.007550049332848835
2002-12-13,-0.09658732206468629
2002-12-16,-0.20029358821070933
2002-12-17,-0.30356874910522025
2002-12-18,-0.4064128047482193
2002-12-19,-0.5088257551397061
2002-12-20,-0.6108076002796808
2002-12-23,-0.7123583401681438
2002-12-24,-0.8134779748050944
2002-12-25,-0.914166504190533
2002-12-26,-1.0144239283244598
2002-12-27,-1.1142502472068747
2002-12-30,-1.213645460837777
2002-12-31,-1.3126095692171678
2003-01-01,-2.043849101689421
2003-01-02,-2.1304895097951095
2003-01-03,-2.2095213664928637
2003-01-06,-2.2809446717826836
2003-01-07,-2.344759425664569
2003-01-08,-2.4009656281385205
2003-01-09,-2.449563279204537
2003-01-10,-2.4905523788626196
2003-01-13,-2.5239329271127677
2003-01-14,-2.5497049239549816
2003-01-15,-2.567868369389261
2003-01-16,-2.578423263415606
2003-01-17,-2.5813696060340168
2003-01-20,-2.576707397244493
2003-01-21,-2.5644366370470353
2003-01-22,-2.544557325441643
2003-01-23,-2.5170694624283163
2003-01-24,-2.481973048007055
2003-01-27,-2.4392680821778603
2003-01-28,-2.38895456494073
2003-01-29,-2.3310324962956663
2003-01-30,-2.2655018762426677
2003-01-31,-2.1923627047817353
2003-02-03,-1.8055470628079127
2003-02-04,-1.7071301787416717
2003-02-05,-1.6031562919083864
2003-02-06,-1.493625402308057
2003-02-07,-1.3785375099406836
2003-02-10,-1.257892614806266
2003-02-11,-1.1316907169048043
2003-02-12,-0.9999318162362986
2003-02-13,-0.8626159128007487
2003-02-14,-0.7197430065981548
2003-02-17,-0.5713130976285167
2003-02-18,-0.41732618589183473
2003-02-19,-0.2577822713881084
2003-02-20,-0.09268135411733791
2003-02-21,0.0779765659204763
2003-02-24,0.2541914887253349
2003-02-25,0.4359634142972372
2003-02-26,0.6232923426361842
2003-02-27,0.8161782737421751
2003-02-28,1.0146212076152097
2003-03-03,3.128251806567426
2003-03-04,3.3014699997878267
2003-03-05,3.4536207322856973
2003-03-06,3.5847040040610363
2003-03-07,3.6947198151138445
2003-03-10,3.7836681654441215
2003-03-11,3.8515490550518674
2003-03-12,3.898362483937082
2003-03-13,3.924108452099766
2003-03-14,3.9287869595399187
2003-03-17,3.9123980062575403
2003-03-18,3.8749415922526307
2003-03-19,3.8164177175251903
2003-03-20,3.7368263820752188
2003-03-21,3.6361675859027165
2003-03-24,3.5144413290076826
2003-03-25,3.371647611390118
2003-03-26,3.207786433050022
2003-03-27,3.022857793987395
2003-03-28,2.8168616942022373
2003-03-31,2.5897981336945484
2003-04-01,-0.9423551443700289
2003-04-02,-1.1575340110335335
2003-04-03,-1.351039405913514
2003-04-04,-1.5228713290099702
2003-04-07,-1.673029780322903
2003-04-08,-1.8015147598523118
2003-04-09,-1.9083262675981965
2003-04-10,-1.9934643035605573
2003-04-11,-2.056928867739394
2003-04-14,-2.0987199601347073
2003-04-15,-2.1188375807464963
2003-04-16,-2.1172817295747617
2003-04-17,-2.094052406619503
2003-04-18,-2.04914961188072
2003-04-21,-1.9825733453584138
2003-04-22,-1.8943236070525833
2003-04-23,-1.784400396963229
2003-04-24,-1.6528037150903507
2003-04-25,-1.4995335614339482
2003-04-28,-1.3245899359940223
2003-04-29,-1.1279728387705727
2003-04-30,-0.9096822697635982
2003-05-01,2.3286676280078424
2003-05-02,2.5530581113025983
2003-05-05,2.761875037101611
2003-05-06,2.9551184054048814
2003-05-07,3.1327882162124094
2003-05-08,3.2948844695241952
2003-05-09,3.4414071653402383
2003-05-12,3.5723563036605386
2003-05-13,3.687731884485097
2003-05-14,3.7875339078139127
2003-05-15,3.8717623736469857
2003-05-16,3.9404172819843164
2003-05-19,3.9934986328259052
2003-05-20,4.031006426171751
2003-05-21,4.052940662021854
2003-05-22,4.059301340376216
2003-05-23,4.050088461234834
2003-05-26,4.02530202459771
2003-05-27,3.9849420304648433
2003-05-28,3.9290084788362343
2003-05-29,3.8575013697118834
2003-05-30,3.7704207030917893
2003-06-02,2.8178746219880164
2003-06-03,2.704792687809177
2003-06-04,2.586171339953802
2003-06-05,2.462010578421893
2003-06-06,2.332310403213448
2003-06-09,2.1970708143284687
2003-06-10,2.056291811766954
2003-06-11,1.9099733955289044
2003-06-12,1.75811556561432
2003-06-13,1.6007183220232002
2003-06-16,1.4377816647555457
2003-06-17,1.269305593811356
2003-06-18,1.0952901091906315
2003-06-19,0.9157352108933717
2003-06-20,0.7306408989195775
2003-06-23,0.5400071732692476
2003-06-24,0.3438340339423833
2003-06-25,0.14212148093898347
2003-06-26,-0.0651304857409507
2003-06-27,-0.27792186609742076
2003-06-30,-0.4962526601304249
2003-07-01,-2.1670399140281185
2003-07-02,-2.359506478246637
2003-07-03,-2.540036373557572
2003-07-04,-2.7086295999609242
2003-07-07,-2.8652861574566932
2003-07-08,-3.0100060460448796
2003-07-09,-3.142789265725483
2003-07-10,-3.263635816498503
2003-07-11,-3.37254569836394
2003-07-14,-3.4695189113217944
2003-07-15,-3.554555455372065
2003-07-16,-3.627655330514753
2003-07-17,-3.6888185367498583
2003-07-18,-3.7380450740773803
2003-07-21,-3.775334942497319
2003-07-22,-3.8006881420096748
2003-07-23,-3.8141046726144476
2003-07-24,-3.8155845343116375
2003-07-25,-3.8051277271012443
2003-07-28,-3.782734250983268
2003-07-29,-3.7484041059577087
2003-07-30,-3.7021372920245663
2003-07-31,-3.6439338091838414
2003-08-01,-3.249999496103512
2003-08-04,-3.163225156588056
2003-08-05,-3.066496643757671
2003-08-06,-2.9598139576123588
2003-08-07,-2.8431770981521183
2003-08-08,-2.7165860653769496
2003-08-11,-2.5800408592868527
2003-08-12,-2.4335414798818276
2003-08-13,-2.2770879271618742
2003-08-14,-2.1106802011269927
2003-08-15,-1.934318301777183
2003-08-18,-1.748002229112445
2003-08-19,-1.5517319831327796
2003-08-20,-1.3455075638381855
2003-08-21,-1.1293289712286638
2003-08-22,-0.9031962053042133
2003-08-25,-0.6671092660648352
2003-08-26,-0.4210681535105285
2003-08-27,-0.16507286764129447
2003-08-28,0.10087659154286843
2003-08-29,0.3767802240419593
2003-09-01,3.3699535990339906
2003-09-02,3.6181738976892857
2003-09-03,3.8417502258137657
2003-09-04,4.040682583407431
2003-09-05,4.214970970470281
2003-09-08,4.364615387002318
2003-09-09,4.48961583300354
2003-09-10,4.589972308473946
2003-09-11,4.66568481341354
2003-09-12,4.716753347822317
2003-09-15,4.743177911700281
2003-09-16,4.74495850504743
2003-09-17,4.7220951278637635
2003-09-18,4.6745877801492846
2003-09-19,4.60243646190399
2003-09-22,4.505641173127881
2003-09-23,4.384201913820956
2003-09-24,4.238118683983219
2003-09-25,4.067391483614665
2003-09-26,3.8720203127152977
2003-09-29,3.6520051712851163
2003-09-30,3.407346059324119
2003-10-01,-0.1786369348133412
2003-10-02,-0.4210187478730516
2003-10-03,-0.6481881211742178
2003-10-06,-0.8601450547168406
2003-10-07,-1.056889548500919
2003-10-08,-1.2384216025264543
2003-10-09,-1.4047412167934452
2003-10-10,-1.5558483913018926
2003-10-13,-1.6917431260517959
2003-10-14,-1.8124254210431556
2003-10-15,-1.9178952762759713
2003-10-16,-2.0081526917502437
2003-10-17,-2.0831976674659716
2003-10-20,-2.143030203423156
2003-10-21,-2.1876502996217964
2003-10-22,-2.2170579560618933
2003-10-23,-2.231253172743446
2003-10-24,-2.230235949666455
2003-10-27,-2.2140062868309203
2003-10-28,-2.182564184236842
2003-10-29,-2.1359096418842194
2003-10-30,-2.074042659773053
2003-10-31,-1.9969632379033428
2003-11-03,-0.3518066691254462
2003-11-04,-0.24878754131725
2003-11-05,-0.14888492657334962
2003-11-06,-0.052098824893744844
2003-11-07,0.04157076372156415
2003-11-10,0.13212383927257748
2003-11-11,0.21956040175929498
2003-11-12,0.30388045118171675
2003-11-13,0.38508398753984274
2003-11-14,0.463171010833673
2003-11-17,0.5381415210632077
2003-11-18,0.6099955182284462
2003-11-19,0.6787330023293894
2003-11-20,0.7443539733660367
2003-11-21,0.8068584313383882
2003-11-24,0.8662463762464441
2003-11-25,0.9225178080902041
2003-11-26,0.9756727268696685
2003-11-27,1.0257111325848371
2003-11-28,1.07263302523571
2003-12-01,1.6435312135638276
2003-12-02,1.673245600258541
2003-12-03,1.6945827392248574
2003-12-04,1.7075426304627765
2003-12-05,1.712125273972299
2003-12-08,1.7083306697534242
2003-12-09,1.6961588178061524
2003-12-10,1.6756097181304836
2003-12-11,1.6466833707264177
2003-12-12,1.6093797755939547
2003-12-15,1.5636989327330948
2003-12-16,1.5096408421438376
2003-12-17,1.4472055038261835
2003-12-18,1.3763929177801322
2003-12-19,1.297203084005684
2003-12-22,1.2096360025028388
2003-12-23,1.1136916732715967
2003-12-24,1.0093700963119572
2003-12-25,0.8966712716239207
2003-12-26,0.7755951992074873
2003-12-29,0.646141879062657
2003-12-30,0.5083113111894291
2003-12-31,0.36210349558780464
2004-01-01,-1.560054354429649
2004-01-02,-1.7089099657126834
2004-01-05,-1.8450095311610015
2004-01-06,-1.9683530507746037
2004-01-07,-2.07894052455349
2004-01-08,-2.1767719524976608
2004-01-09,-2.2618473346071157
2004-01-12,-2.3341666708818543
2004-01-13,-2.393729961321877
2004-01-14,-2.4405372059271846
2004-01-15,-2.474588404697776
2004-01-16,-2.4958835576336513
2004-01-19,-2.5044226647348107
2004-01-20,-2.5002057260012545
2004-01-21,-2.4832327414329822
2004-01-22,-2.4535037110299944
2004-01-23,-2.41101863479229
2004-01-26,-2.355777512719871
2004-01-27,-2.287780344812735
2004-01-28,-2.2070271310708836
2004-01-29,-2.113517871494316
2004-01-30,-2.0072525660830327
2004-02-02,-1.0286640094308825
2004-02-03,-0.8951353267918509
2004-02-04,-0.7590014478843863
2004-02-05,-0.6202623727084892
2004-02-06,-0.47891810126415935
2004-02-09,-0.3349686335513965
2004-02-10,-0.18841396957020118
2004-02-11,-0.03925410932057316
2004-02-12,0.11251094719748761
2004-02-13,0.2668811999839811
2004-02-16,0.4238566490389075
2004-02-17,0.5834372943622663
2004-02-18,0.7456231359540582
2004-02-19,0.9104141738142828
2004-02-20,1.0778104079429398
2004-02-23,1.2478118383400298
2004-02-24,1.4204184650055522
2004-02-25,1.5956302879395075
2004-02-26,1.7734473071418957
2004-02-27,1.9538695226127165
2004-03-01,3.9079802953768406
2004-03-02,4.0488416757782595
2004-03-03,4.171410165503487
2004-03-04,4.275685764552522
2004-03-05,4.361668472925365
2004-03-08,4.429358290622016
2004-03-09,4.478755217642474
2004-03-10,4.509859253986741
2004-03-11,4.522670399654815
2004-03-12,4.517188654646697
2004-03-15,4.493414018962387
2004-03-16,4.451346492601884
2004-03-17,4.3909860755651895
2004-03-18,4.312332767852302
2004-03-19,4.215386569463223
2004-03-22,4.100147480397951
2004-03-23,3.966615500656488
2004-03-24,3.8147906302388317
2004-03-25,3.6446728691449835
2004-03-26,3.4562622173749435
2004-03-29,3.249558674928711
2004-03-30,3.024562241806286
2004-03-31,2.7812729180076694
2004-04-01,-0.46858761749730715
2004-04-02,-0.7250095116214128
2004-04-05,-0.964380984736869
2004-04-06,-1.1867020368436754
2004-04-07,-1.3919726679418332
2004-04-08,-1.5801928780313408
2004-04-09,-1.7513626671121993
2004-04-12,-1.905482035184408
2004-04-13,-2.0425509822479677
2004-04-14,-2.1625695083028775
2004-04-15,-2.2655376133491387
2004-04-16,-2.3514552973867495
2004-04-19,-2.4203225604157117
2004-04-20,-2.472139402436024
2004-04-21,-2.5069058234476866
2004-04-22,-2.5246218234507003
2004-04-23,-2.5252874024450644
2004-04-26,-2.508902560430779
2004-04-27,-2.475467297407844
2004-04-28,-2.42498161337626
2004-04-29,-2.3574455083360264
2004-04-30,-2.272858982287143
2004-05-03,-1.2682818104395344
2004-05-04,-1.1553681188458909
2004-05-05,-1.0360175373379228
2004-05-06,-0.9102300659156309
2004-05-07,-0.7780057045790147
2004-05-10,-0.6393444533280749
2004-05-11,-0.4942463121628108
2004-05-12,-0.3427112810832227
2004-05-13,-0.18473936008931058
2004-05-14,-0.020330549181074353
2004-05-17,0.15051515164148588
2004-05-18,0.3277977423783704
2004-05-19,0.5115172230295785
2004-05-20,0.7016735935951111
2004-05-21,0.8982668540749674
2004-05-24,1.1012970044691481
2004-05-25,1.3107640447776523
2004-05-26,1.5266679750004812
2004-05-27,1.7490087951376336
2004-05-28,1.9777865051891104
2004-05-31,2.2130011051549108
2004-06-01,5.276761797125461
2004-06-02,5.4781674800804
2004-06-03,5.65031151474107
2004-06-04,5.793193901107467
2004-06-07,5.906814639179595
2004-06-08,5.991173728957452
2004-06-09,6.046271170441038
2004-06-10,6.072106963630354
2004-06-11,6.068681108525399
2004-06-14,6.035993605126173
2004-06-15,5.974044453432676
2004-06-16,5.8828336534449095
2004-06-17,5.762361205162872
2004-06-18,5.612627108586564
2004-06-21,5.433631363715985
2004-06-22,5.225373970551136
2004-06-23,4.987854929092016
2004-06-24,4.721074239338626
2004-06-25,4.425031901290964
2004-06-28,4.099727914949032
2004-06-29,3.7451622803128304
2004-06-30,3.361334997382356
2004-07-01,-1.775508311192199
2004-07-02,-2.159178712110595
2004-07-05,-2.5134305827226426
2004-07-06,-2.8382639230283417
2004-07-07,-3.1336787330276934
2004-07-08,-3.3996750127206963
2004-07-09,-3.6362527621073513
2004-07-12,-3.843411981187658
2004-07-13,-4.021152669961617
2004-07-14,-4.169474828429227
2004-07-15,-4.28837845659049
2004-07-16,-4.377863554445404
2004-07-19,-4.43793012199397
2004-07-20,-4.468578159236188
2004-07-21,-4.469807666172057
2004-07-22,-4.441618642801579
2004-07-23,-4.384011089124753
2004-07-26,-4.296985005141578
2004-07-27,-4.180540390852055
2004-07-28,-4.034677246256184
2004-07-29,-3.859395571353965
2004-07-30,-3.6546953661453974
2004-08-02,-0.18606729555147106
2004-08-03,0.037289730082475714
2004-08-04,0.2498850458354538
2004-08-05,0.4517186517074625
2004-08-06,0.6427905476985033
2004-08-09,0.8231007338085747
2004-08-10,0.9926492100376777
2004-08-11,1.1514359763858115
2004-08-12,1.299461032852977
2004-08-13,1.4367243794391737
2004-08-16,1.5632260161444014
2004-08-17,1.6789659429686603
2004-08-18,1.7839441599119508
2004-08-19,1.8781606669742723
2004-08-20,1.961615464155625
2004-08-23,2.034308551456009
2004-08-24,2.0962399288754243
2004-08-25,2.1474095964138704
2004-08-26,2.1878175540713483
2004-08-27,2.2174638018478574
2004-08-30,2.2363483397433974
2004-08-31,2.2444711677579687
2004-09-01,1.6567037474259858
2004-09-02,1.6505718331750865
2004-09-03,1.6409468865396855
2004-09-06,1.6278289075197825
2004-09-07,1.6112178961153778
2004-09-08,1.5911138523264712
2004-09-09,1.5675167761530626
2004-09-10,1.5404266675951521
2004-09-13,1.50984352665274
2004-09-14,1.475767353325826
2004-09-15,1.43819814761441
2004-09-16,1.3971359095184923
2004-09-17,1.3525806390380726
2004-09-20,1.3045323361731511
2004-09-21,1.2529910009237277
2004-09-22,1.1979566332898024
2004-09-23,1.1394292332713754
2004-09-24,1.0774088008684466
2004-09-27,1.0118953360810157
2004-09-28,0.9428888389090831
2004-09-29,0.8703893093526487
2004-09-30,0.7943967474117123
2004-10-01,-0.04089936455402238
2004-10-04,-0.11772368404607231
2004-10-05,-0.18810170040352314
2004-10-06,-0.2520334136263743
2004-10-07,-0.30951882371462625
2004-10-08,-0.3605579306682786
2004-10-11,-0.4051507344873316
2004-10-12,-0.44329723517178515
2004-10-13,-0.4749974327216393
2004-10-14,-0.500251327136894
2004-10-15,-0.5190589184175494
2004-10-18,-0.5314202065636051
2004-10-19,-0.5373351915750616
2004-10-20,-0.5368038734519187
2004-10-21,-0.5298262521941762
2004-10-22,-0.5164023278018344
2004-10-25,-0.49653210027489314
2004-10-26,-0.4702155696133524
2004-10-27,-0.4374527358172124
2004-10-28,-0.3982435988864728
2004-10-29,-0.3525881588211339
2004-11-01,0.40400053628906696
2004-11-02,0.4508403266841491
2004-11-03,0.4947864253289177
2004-11-04,0.5358388322233727
2004-11-05,0.5739975473675142
2004-11-08,0.609262570761342
2004-11-09,0.6416339024048563
2004-11-10,0.671111542298057
2004-11-11,0.6976954904409441
2004-11-12,0.7213857468335177
2004-11-15,0.7421823114757777
2004-11-16,0.7600851843677242
2004-11-17,0.7750943655093571
2004-11-18,0.7872098549006764
2004-11-19,0.796431652541682
2004-11-22,0.8027597584323742
2004-11-23,0.8061941725727528
2004-11-24,0.8067348949628178
2004-11-25,0.8043819256025693
2004-11-26,0.7991352644920071
2004-11-29,0.7909949116311313
2004-11-30,0.779960867019942
2004-12-01,0.8911000800825917
2004-12-02,0.8737130524935848
2004-12-03,0.8522611799222259
2004-12-06,0.8267444623685153
2004-12-07,0.7971628998324526
2004-12-08,0.7635164923140381
2004-12-09,0.7258052398132714
2004-12-10,0.6840291423301529
2004-12-13,0.6381881998646824
2004-12-14,0.58828241241686
2004-12-15,0.5343117799866857
2004-12-16,0.47627630257415937
2004-12-17,0.4141759801792812
2004-12-20,0.3480108128020509
2004-12-21,0.2777808004424688
2004-12-22,0.20348594310053475
2004-12-23,0.1251262407762488
2004-12-24,0.04270169346961067
2004-12-27,-0.043787698819379106
2004-12-28,-0.13434193609072104
2004-12-29,-0.22896101834441468
2004-12-30,-0.3276449455804606
2004-12-31,-0.43039371779885816
2005-01-03,-1.6438690896191834
2005-01-04,-1.7507117636296858
2005-01-05,-1.8474107690022505
2005-01-06,-1.9339661057368778
2005-01-07,-2.010377773833567
2005-01-10,-2.076645773292319
2005-01-11,-2.132770104113134
2005-01-12,-2.1787507662960106
2005-01-13,-2.214587759840949
2005-01-14,-2.2402810847479504
2005-01-17,-2.2558307410170144
2005-01-18,-2.261236728648141
2005-01-19,-2.25649904764133
2005-01-20,-2.2416176979965803
2005-01-21,-2.2165926797138935
2005-01-24,-2.1814239927932695
2005-01-25,-2.1361116372347073
2005-01-26,-2.080655613038208
2005-01-27,-2.0150559202037703
2005-01-28,-1.9393125587313957
2005-01-31,-1.8534255286210835
2005-02-01,-0.2782667395659492
2005-02-02,-0.1884549312846388
2005-02-03,-0.10966354840768061
2005-02-04,-0.041892590935074525
2005-02-07,0.014857941133179425
2005-02-08,0.06058804779708121
2005-02-09,0.09529772905663081
2005-02-10,0.11898698491182824
2005-02-11,0.13165581536267354
2005-02-14,0.13330422040916667
2005-02-15,0.12393220005130762
2005-02-16,0.10353975428909645
2005-02-17,0.07212688312253307
2005-02-18,0.029693586551617523
2005-02-21,-0.023760135423650075
2005-02-22,-0.08823428280327
2005-02-23,-0.16372885558724187
2005-02-24,-0.25024385377556607
2005-02-25,-0.3477792773682425
2005-02-28,-0.4563351263652709
2005-03-01,-2.2338112753888892
2005-03-02,-2.327190189457305
2005-03-03,-2.409968648549457
2005-03-04,-2.482146652665346
2005-03-07,-2.5437242018049715
2005-03-08,-2.594701295968334
2005-03-09,-2.635077935155433
2005-03-10,-2.6648541193662685
2005-03-11,-2.684029848600841
2005-03-14,-2.6926051228591503
2005-03-15,-2.6905799421411962
2005-03-16,-2.6779543064469786
2005-03-17,-2.654728215776498
2005-03-18,-2.620901670129754
2005-03-21,-2.5764746695067466
2005-03-22,-2.521447213907476
2005-03-23,-2.4558193033319418
2005-03-24,-2.3795909377801445
2005-03-25,-2.2927621172520842
2005-03-28,-2.1953328417477604
2005-03-29,-2.0873031112671736
2005-03-30,-1.9686729258103228
2005-03-31,-1.839442285377209
2005-04-01,-0.3108575575941419
2005-04-04,-0.16383541915116862
2005-04-05,-0.022939484856444148
2005-04-06,0.11183024529003083
2005-04-07,0.2404737712882572
2005-04-08,0.3629910931382343
2005-04-11,0.47938221083996246
2005-04-12,0.5896471243934414
2005-04-13,0.6937858337986713
2005-04-14,0.7917983390556522
2005-04-15,0.8836846401643841
2005-04-18,0.9694447371248669
2005-04-19,1.0490786299371004
2005-04-20,1.1225863186010854
2005-04-21,1.1899678031168208
2005-04-22,1.2512230834843074
2005-04-25,1.3063521597035448
2005-04-26,1.3553550317745333
2005-04-27,1.3982316996972726
2005-04-28,1.434982163471763
2005-04-29,1.4656064230980042
2005-05-02,1.240806734426684
2005-05-03,1.2617003847767216
2005-05-04,1.280103177975077
2005-05-05,1.29601511402175
2005-05-06,1.3094361929167406
2005-05-09,1.3203664146600491
2005-05-10,1.3288057792516754
2005-05-11,1.3347542866916193
2005-05-12,1.338211936979881
2005-05-13,1.3391787301164606
2005-05-16,1.3376546661013577
2005-05-17,1.3336397449345727
2005-05-18,1.3271339666161053
2005-05-19,1.3181373311459557
2005-05-20,1.3066498385241239
2005-05-23,1.2926714887506097
2005-05-24,1.2762022818254133
2005-05-25,1.2572422177485347
2005-05-26,1.2357912965199738
2005-05-27,1.2118495181397306
2005-05-30,1.1854168826078053
2005-05-31,1.1564933899241976
2005-06-01,1.2080224508248696
2005-06-02,1.1730868909095005
2005-06-03,1.1346301209140517
2005-06-06,1.0926521408385241
2005-06-07,1.047152950682917
2005-06-08,0.9981325504472304
2005-06-09,0.9455909401314645
2005-06-10,0.8895281197356196
2005-06-13,0.8299440892596952
2005-06-14,0.7668388487036916
2005-06-15,0.7002123980676086
2005-06-16,0.6300647373514463
2005-06-17,0.5563958665552047
2005-06-20,0.4792057856788839
2005-06-21,0.39849449472248377
2005-06-22,0.3142619936860042
2005-06-23,0.22650828256944555
2005-06-24,0.1352333613728075
2005-06-27,0.040437230096090127
2005-06-28,-0.05788011126070647
2005-06-29,-0.1597186626975824
2005-06-30,-0.26507842421453787
2005-07-01,-1.6677131417549338
2005-07-04,-1.7680375042903738
2005-07-05,-1.8546204495929322
2005-07-06,-1.9274619776626083
2005-07-07,-1.986562088499403
2005-07-08,-2.031920782103316
2005-07-11,-2.0635380584743466
2005-07-12,-2.0814139176124957
2005-07-13,-2.0855483595177633
2005-07-14,-2.0759413841901484
2005-07-15,-2.0525929916296524
2005-07-18,-2.015503181836274
2005-07-19,-1.9646719548100142
2005-07-20,-1.9000993105508723
2005-07-21,-1.8217852490588486
2005-07-22,-1.7297297703339432
2005-07-25,-1.6239328743761559
2005-07-26,-1.5043945611854865
2005-07-27,-1.3711148307619359
2005-07-28,-1.2240936831055027
2005-07-29,-1.0633311182161882
2005-08-01,0.2688629775273368
2005-08-02,0.42640209450652033
2005-08-03,0.582150605657664
2005-08-04,0.7361085109807681
2005-08-05,0.8882758104758326
2005-08-08,1.0386525041428576
2005-08-09,1.1872385919818433
2005-08-10,1.3340340739927892
2005-08-11,1.4790389501756955
2005-08-12,1.6222532205305624
2005-08-15,1.7636768850573896
2005-08-16,1.9033099437561773
2005-08-17,2.0411523966269254
2005-08-18,2.1772042436696344
2005-08-19,2.311465484884303
2005-08-22,2.4439361202709327
2005-08-23,2.5746161498295224
2005-08-24,2.7035055735600726
2005-08-25,2.830604391462584
2005-08-26,2.9559126035370547
2005-08-29,3.0794302097834865
2005-08-30,3.201157210201879
2005-08-31,3.321093604792231
2005-09-01,4.612312528452091
2005-09-02,4.719332166474098
2005-09-05,4.809855390630237
2005-09-06,4.88388220092051
2005-09-07,4.941412597344917
2005-09-08,4.982446579903458
2005-09-09,5.006984148596132
2005-09-12,5.015025303422939
2005-09-13,5.0065700443838805
2005-09-14,4.981618371478955
2005-09-15,4.940170284708163
2005-09-16,4.882225784071505
2005-09-19,4.807784869568979
2005-09-20,4.716847541200589
2005-09-21,4.609413798966331
2005-09-22,4.485483642866207
2005-09-23,4.345057072900216
2005-09-26,4.18813408906836
2005-09-27,4.014714691370635
2005-09-28,3.8247988798070454
2005-09-29,3.618386654377589
2005-09-30,3.395478015082266
2005-10-03,0.4650974732999131
2005-10-04,0.2328010074952584
2005-10-05,0.019013369673860303
2005-10-06,-0.17626544016427942
2005-10-07,-0.3530354220191621
2005-10-10,-0.5112965758907873
2005-10-11,-0.6510489017791545
2005-10-12,-0.7722923996842646
2005-10-13,-0.8750270696061169
2005-10-14,-0.9592529115447117
2005-10-17,-1.024969925500049
2005-10-18,-1.072178111472129
2005-10-19,-1.100877469460951
2005-10-20,-1.111067999466516
2005-10-21,-1.1027497014888232
2005-10-24,-1.0759225755278727
2005-10-25,-1.030586621583665
2005-10-26,-0.9667418396561995
2005-10-27,-0.8843882297454768
2005-10-28,-0.783525791851496
2005-10-31,-0.6641545259742581
2005-11-01,1.7152986436823845
2005-11-02,1.8358879492177003
2005-11-03,1.9454537434214954
2005-11-04,2.0439960262937698
2005-11-07,2.131514797834523
2005-11-08,2.208010058043756
2005-11-09,2.2734818069214677
2005-11-10,2.3279300444676583
2005-11-11,2.371354770682329
2005-11-14,2.4037559855654784
2005-11-15,2.425133689117107
2005-11-16,2.435487881337215
2005-11-17,2.434818562225802
2005-11-18,2.4231257317828687
2005-11-21,2.400409390008414
2005-11-22,2.366669536902439
2005-11-23,2.321906172464942
2005-11-24,2.2661192966959254
2005-11-25,2.1993089095953877
2005-11-28,2.121475011163329
2005-11-29,2.03261760139975
2005-11-30,1.93273668030465
2005-12-01,1.0962987432877345
2005-12-02,0.9833836380959314
2005-12-05,0.8684578601389471
2005-12-06,0.7515214094167812
2005-12-07,0.6325742859294332
2005-12-08,0.5116164896769038
2005-12-09,0.38864802065919246
2005-12-12,0.2636688788762997
2005-12-13,0.13667906432822485
2005-12-14,0.007678577014968407
2005-12-15,-0.12333258306346986
2005-12-16,-0.25635441590708963
2005-12-19,-0.3913869215158915
2005-12-20,-0.5284300998898748
2005-12-21,-0.6674839510290398
2005-12-22,-0.8085484749333869
2005-12-23,-0.9516236716029154
2005-12-26,-1.0967095410376253
2005-12-27,-1.2438060832375177
2005-12-28,-1.3929132982025914
2005-12-29,-1.5440311859328468
2005-12-30,-1.6971597464282842
2006-01-02,-3.2652365881372845
2006-01-03,-3.4048344741823597
2006-01-04,-3.528891013011892
2006-01-05,-3.63740620462588
2006-01-06,-3.7303800490243253
2006-01-09,-3.8078125462072268
2006-01-10,-3.869703696174585
2006-01-11,-3.916053498926399
2006-01-12,-3.9468619544626704
2006-01-13,-3.962129062783398
2006-01-16,-3.961854823888582
2006-01-17,-3.9460392377782227
2006-01-18,-3.9146823044523194
2006-01-19,-3.867784023910873
2006-01-20,-3.8053443961538833
2006-01-23,-3.72736342118135
2006-01-24,-3.633841098993273
2006-01-25,-3.5247774295896526
2006-01-26,-3.4001724129704884
2006-01-27,-3.2600260491357815
2006-01-30,-3.1043383380855305
2006-01-31,-2.933109279819736
2006-02-01,-1.051117865112207
2006-02-02,-0.8522088256707185
2006-02-03,-0.659838192817213
2006-02-06,-0.4740059665516902
2006-02-07,-0.2947121468741508
2006-02-08,-0.12195673378459415
2006-02-09,0.04426027271697919
2006-02-10,0.20393887263056942
2006-02-13,0.35707906595617667
2006-02-14,0.5036808526938009
2006-02-15,0.6437442328434422
2006-02-16,0.7772692064051001
2006-02-17,0.9042557733787753
2006-02-20,1.0247039337644674
2006-02-21,1.1386136875621764
2006-02-22,1.2459850347719024
2006-02-23,1.3468179753936451
2006-02-24,1.4411125094274053
2006-02-27,1.5288686368731819
2006-02-28,1.6100863577309756
2006-03-01,2.0785028505663683
2006-03-02,2.1339707982739444
2006-03-03,2.179968159541435
2006-03-06,2.216494934368839
2006-03-07,2.243551122756159
2006-03-08,2.261136724703392
2006-03-09,2.2692517402105405
2006-03-10,2.267896169277603
2006-03-13,2.25707001190458
2006-03-14,2.236773268091472
2006-03-15,2.207005937838278
2006-03-16,2.167768021144998
2006-03-17,2.1190595180116327
2006-03-20,2.060880428438182
2006-03-21,1.9932307524246455
2006-03-22,1.9161104899710237
2006-03-23,1.8295196410773165
2006-03-24,1.7334582057435233
2006-03-27,1.6279261839696448
2006-03-28,1.5129235757556807
2006-03-29,1.388450381101631
2006-03-30,1.2545066000074958
2006-03-31,1.111092232473275
2006-04-03,-0.3353850250584316
2006-04-04,-0.5044551382900597
2006-04-05,-0.6667776676828638
2006-04-06,-0.822352613236844
2006-04-07,-0.9711799749520001
2006-04-10,-1.1132597528283323
2006-04-11,-1.2485919468658404
2006-04-12,-1.3771765570645242
2006-04-13,-1.4990135834243843
2006-04-14,-1.61410302594542
2006-04-17,-1.7224448846276321
2006-04-18,-1.82403915947102
2006-04-19,-1.9188858504755837
2006-04-20,-2.0069849576413237
2006-04-21,-2.0883364809682394
2006-04-24,-2.162940420456331
2006-04-25,-2.2307967761055982
2006-04-26,-2.291905547916042
2006-04-27,-2.346266735887662
2006-04-28,-2.3938803400204574
2006-05-01,-2.318516504894689
2006-05-02,-2.350243656021231
2006-05-03,-2.378162288453471
2006-05-04,-2.402272402191408
2006-05-05,-2.422573997235043
2006-05-08,-2.439067073584375
2006-05-09,-2.451751631239405
2006-05-10,-2.460627670200132
2006-05-11,-2.4656951904665565
2006-05-12,-2.4669541920386786
2006-05-15,-2.4644046749164983
2006-05-16,-2.4580466391000155
2006-05-17,-2.4478800845892303
2006-05-18,-2.4339050113841423
2006-05-19,-2.416121419484752
2006-05-22,-2.394529308891059
2006-05-23,-2.3691286796030635
2006-05-24,-2.3399195316207653
2006-05-25,-2.3069018649441646
2006-05-26,-2.2700756795732615
2006-05-29,-2.229440975508056
2006-05-30,-2.184997752748548
2006-05-31,-2.136746011294737
2006-06-01,-1.6750852535071288
2006-06-02,-1.6215687752245729
2006-06-05,-1.5689624542688523
2006-06-06,-1.517266290639967
2006-06-07,-1.466480284337917
2006-06-08,-1.416604435362702
2006-06-09,-1.3676387437143225
2006-06-12,-1.319583209392778
2006-06-13,-1.2724378323980687
2006-06-14,-1.2262026127301946
2006-06-15,-1.1808775503891558
2006-06-16,-1.1364626453749522
2006-06-19,-1.092957897687584
2006-06-20,-1.0503633073270509
2006-06-21,-1.008678874293353
2006-06-22,-0.9679045985864901
2006-06-23,-0.9280404802064627
2006-06-26,-0.8890865191532704
2006-06-27,-0.8510427154269133
2006-06-28,-0.8139090690273916
2006-06-29,-0.777685579954705
2006-06-30,-0.7423722482088536
2006-07-03,-0.9680342499573533
2006-07-04,-0.9294344204843716
2006-07-05,-0.8882761823583298
2006-07-06,-0.8445595355792281
2006-07-07,-0.7982844801470663
2006-07-10,-0.7494510160618446
2006-07-11,-0.698059143323563
2006-07-12,-0.6441088619322213
2006-07-13,-0.5876001718878197
2006-07-14,-0.5285330731903579
2006-07-17,-0.46690756583983617
2006-07-18,-0.40272364983625436
2006-07-19,-0.3359813251796127
2006-07-20,-0.266680591869911
2006-07-21,-0.19482144990714934
2006-07-24,-0.12040389929132755
2006-07-25,-0.04342794002244593
2006-07-26,0.03610642789949592
2006-07-27,0.1181992044744975
2006-07-28,0.20285038970255942
2006-07-31,0.2900599835836809
2006-08-01,0.7268640618325676
2006-08-02,0.8069702147643972
2006-08-03,0.8852204313577168
2006-08-04,0.9616147116125262
2006-08-07,1.0361530555288254
2006-08-08,1.1088354631066146
2006-08-09,1.1796619343458936
2006-08-10,1.2486324692466624
2006-08-11,1.3157470678089211
2006-08-14,1.3810057300326697
2006-08-15,1.444408455917908
2006-08-16,1.5059552454646363
2006-08-17,1.5656460986728544
2006-08-18,1.6234810155425625
2006-08-21,1.6794599960737604
2006-08-22,1.733583040266448
2006-08-23,1.7858501481206255
2006-08-24,1.8362613196362931
2006-08-25,1.8848165548134503
2006-08-28,1.9315158536520973
2006-08-29,1.9763592161522343
2006-08-30,2.0193466423138613
2006-08-31,2.0604781321369776
2006-09-01,2.948516701018656
2006-09-04,2.977757122287454
2006-09-05,2.993221882437148
2006-09-06,2.9949109814677373
2006-09-07,2.9828244193792224
2006-09-08,2.9569621961716033
2006-09-11,2.91732431184488
2006-09-12,2.8639107663990524
2006-09-13,2.79672155983412
2006-09-14,2.7157566921500838
2006-09-15,2.621016163346943
2006-09-18,2.5124999734246978
2006-09-19,2.3902081223833487
2006-09-20,2.254140610222895
2006-09-21,2.1042974369433374
2006-09-22,1.9406786025446747
2006-09-25,1.7632841070269085
2006-09-26,1.5721139503900374
2006-09-27,1.3671681326340626
2006-09-28,1.1484466537589828
2006-09-29,0.9159495137647993
2006-10-02,-1.7686517489330782
2006-10-03,-1.985920264460323
2006-10-04,-2.1853787126339475
2006-10-05,-2.3670270934539506
2006-10-06,-2.5308654069203325
2006-10-09,-2.6768936530330936
2006-10-10,-2.805111831792234
2006-10-11,-2.9155199431977534
2006-10-12,-3.0081179872496517
2006-10-13,-3.0829059639479293
2006-10-16,-3.139883873292586
2006-10-17,-3.1790517152836215
2006-10-18,-3.2004094899210362
2006-10-19,-3.2039571972048297
2006-10-20,-3.189694837135003
2006-10-23,-3.1576224097115544
2006-10-24,-3.1077399149344855
2006-10-25,-3.0400473528037955
2006-10-26,-2.9545447233194846
2006-10-27,-2.851232026481553
2006-10-30,-2.73010926229
2006-10-31,-2.5911764307448264
2006-11-01,0.10217526742343258
2006-11-02,0.24521756536194178
2006-11-03,0.3745592623401656
2006-11-06,0.4902003583581037
2006-11-07,0.5921408534157566
2006-11-08,0.680380747513124
2006-11-09,0.7549200406502059
2006-11-10,0.8157587328270022
2006-11-13,0.8628968240435133
2006-11-14,0.8963343142997389
2006-11-15,0.9160712035956788
2006-11-16,0.9221074919313335
2006-11-17,0.9144431793067025
2006-11-20,0.8930782657217864
2006-11-21,0.8580127511765845
2006-11-22,0.8092466356710972
2006-11-23,0.7467799192053246
2006-11-24,0.6706126017792666
2006-11-27,0.5807446833929228
2006-11-28,0.47717616404629387
2006-11-29,0.3599070437393795
2006-11-30,0.2289373224721793
2006-12-01,-2.174956169984775
2006-12-04,-2.3107944607012256
2006-12-05,-2.430911656943428
2006-12-06,-2.5353077587113817
2006-12-07,-2.623982766005087
2006-12-08,-2.696936678824544
2006-12-11,-2.754169497169753
2006-12-12,-2.795681221040713
2006-12-13,-2.8214718504374248
2006-12-14,-2.831541385359888
2006-12-15,-2.8258898258081033
2006-12-18,-2.80451717178207
2006-12-19,-2.7674234232817883
2006-12-20,-2.714608580307258
2006-12-21,-2.6460726428584795
2006-12-22,-2.5618156109354526
2006-12-25,-2.461837484538177
2006-12-26,-2.3461382636666532
2006-12-27,-2.214717948320881
2006-12-28,-2.0675765385008607
2006-12-29,-1.9047140342065918
2007-01-01,-0.1879853148330921
2007-01-02,-0.02939696741966835
2007-01-03,0.124725137227228
2007-01-04,0.2743809991075974
2007-01-05,0.4195706182214397
2007-01-08,0.5602939945687551
2007-01-09,0.6965511281495431
2007-01-10,0.8283420189638042
2007-01-11,0.9556666670115381
2007-01-12,1.078525072292745
2007-01-15,1.1969172348074248
2007-01-16,1.3108431545555776
2007-01-17,1.4203028315372033
2007-01-18,1.525296265752302
2007-01-19,1.6258234572008734
2007-01-22,1.721884405882918
2007-01-23,1.8134791117984352
2007-01-24,1.9006075749474256
2007-01-25,1.9832697953298888
2007-01-26,2.061465772945825
2007-01-29,2.135195507795234
2007-01-30,2.204458999878115
2007-01-31,2.2692562491944708
2007-02-01,2.5809506307629393
2007-02-02,2.640709214415816
2007-02-05,2.690845724189267
2007-02-06,2.731360160083293
2007-02-07,2.762252522097893
2007-02-08,2.7835228102330682
2007-02-09,2.795171024488818
2007-02-12,2.797197164865142
2007-02-13,2.7896012313620413
2007-02-14,2.772383223979515
2007-02-15,2.7455431427175627
2007-02-16,2.709080987576186
2007-02-19,2.662996758555383
2007-02-20,2.6072904556551553
2007-02-21,2.541962078875502
2007-02-22,2.467011628216423
2007-02-23,2.3824391036779193
2007-02-26,2.2882445052599896
2007-02-27,2.1844278329626348
2007-02-28,2.0709890867858545
2007-03-01,1.392358424780045
2007-03-02,1.2795072576241202
2007-03-05,1.165678396090639
2007-03-06,1.0508718401796022
2007-03-07,0.9350875898910092
2007-03-08,0.8183256452248602
2007-03-09,0.7005860061811549
2007-03-12,0.5818686727598936
2007-03-13,0.46217364496107627
2007-03-14,0.3415009227847028
2007-03-15,0.21985050623077323
2007-03-16,0.09722239529928775
2007-03-19,-0.02638341000975411
2007-03-20,-0.15096690969635174
2007-03-21,-0.2765281037605055
2007-03-22,-0.4030669922022156
2007-03-23,-0.5305835750214813
2007-03-26,-0.6590778522183034
2007-03-27,-0.7885498237926818
2007-03-28,-0.9189994897446159
2007-03-29,-1.0504268500741063
2007-03-30,-1.1828319047811526
2007-04-02,-2.3427556817124686
2007-04-03,-2.4696082514039266
2007-04-04,-2.583579082222021
2007-04-05,-2.684668174166751
2007-04-06,-2.772875527238118
2007-04-09,-2.848201141436121
2007-04-10,-2.9106450167607605
2007-04-11,-2.960207153212036
2007-04-12,-2.996887550789948
2007-04-13,-3.020686209494496
2007-04-16,-3.0316031293256804
2007-04-17,-3.029638310283501
2007-04-18,-3.0147917523679584
2007-04-19,-2.9870634555790514
2007-04-20,-2.946453419916781
2007-04-23,-2.892961645381147
2007-04-24,-2.826588131972149
2007-04-25,-2.7473328796897873
2007-04-26,-2.6551958885340623
2007-04-27,-2.5501771585049733
2007-04-30,-2.4322766896025203
2007-05-01,-1.2385395384611009
2007-05-02,-1.1205385633470046
2007-05-03,-1.0039464550010793
2007-05-04,-0.8887632134233246
2007-05-07,-0.774988838613741
2007-05-08,-0.6626233305723283
2007-05-09,-0.5516666892990864
2007-05-10,-0.4421189147940153
2007-05-11,-0.3339800070571153
2007-05-14,-0.22724996608838602
2007-05-15,-0.12192879188782776
2007-05-16,-0.018016484455440226
2007-05-17,0.08448695620877626
2007-05-18,0.18558153010482217
2007-05-21,0.28526723723269687
2007-05-22,0.3835440775924007
2007-05-23,0.4804120511839336
2007-05-24,0.5758711580072959
2007-05-25,0.6699213980624871
2007-05-28,0.7625627713495075
2007-05-29,0.8537952778683568
2007-05-30,0.9436189176190355
2007-05-31,1.0320336906015433
2007-06-01,1.3654616254226817
2007-06-04,1.455759365249136
2007-06-05,1.5410626619053904
2007-06-06,1.6213715153914443
2007-06-07,1.6966859257072981
2007-06-08,1.7670058928529517
2007-06-11,1.8323314168284053
2007-06-12,1.8926624976336586
2007-06-13,1.9479991352687116
2007-06-14,1.9983413297335644
2007-06-15,2.043689081028217
2007-06-18,2.0840423891526694
2007-06-19,2.119401254106922
2007-06-20,2.149765675890974
2007-06-21,2.1751356545048264
2007-06-22,2.195511189948478
2007-06-25,2.2108922822219297
2007-06-26,2.2212789313251804
2007-06-27,2.226671137258232
2007-06-28,2.2270689000210826
2007-06-29,2.222472219613733
2007-07-02,1.9415978020718707
2007-07-03,1.9312655219889987
2007-07-04,1.9197561252381878
2007-07-05,1.9070696118194386
2007-07-06,1.8932059817327505
2007-07-09,1.878165234978124
2007-07-10,1.8619473715555586
2007-07-11,1.8445523914650546
2007-07-12,1.8259802947066122
2007-07-13,1.806231081280231
2007-07-16,1.7853047511859113
2007-07-17,1.7632013044236527
2007-07-18,1.7399207409934558
2007-07-19,1.71546306089532
2007-07-20,1.689828264129246
2007-07-23,1.663016350695233
2007-07-24,1.6350273205932815
2007-07-25,1.6058611738233914
2007-07-26,1.5755179103855625
2007-07-27,1.543997530279795
2007-07-30,1.511300033506089
2007-07-31,1.4774254200644446
2007-08-01,1.0220579067846087
2007-08-02,0.9922383454580914
2007-08-03,0.9661269646490063
2007-08-06,0.9437237643573526
2007-08-07,0.9250287445831313
2007-08-08,0.9100419053263417
2007-08-09,0.898763246586984
2007-08-10,0.8911927683650583
2007-08-13,0.8873304706605646
2007-08-14,0.8871763534735028
2007-08-15,0.8907304168038728
2007-08-16,0.8979926606516748
2007-08-17,0.9089630850169088
2007-08-20,0.9236416898995747
2007-08-21,0.9420284752996724
2007-08-22,0.9641234412172022
2007-08-23,0.9899265876521639
2007-08-24,1.0194379146045576
2007-08-27,1.052657422074383
2007-08-28,1.0895851100616405
2007-08-29,1.1302209785663297
2007-08-30,1.1745650275884512
2007-08-31,1.2226172571280045
2007-09-03,2.203545688200838
2007-09-04,2.2540631506727236
2007-09-05,2.2955736040509613
2007-09-06,2.3280770483355515
2007-09-07,2.351573483526494
2007-09-10,2.366062909623789
2007-09-11,2.3715453266274364
2007-09-12,2.3680207345374362
2007-09-13,2.3554891333537884
2007-09-14,2.333950523076493
2007-09-17,2.30340490370555
2007-09-18,2.2638522752409593
2007-09-19,2.215292637682721
2007-09-20,2.1577259910308353
2007-09-21,2.091152335285302
2007-09-24,2.015571670446121
2007-09-25,1.9309839965132927
2007-09-26,1.8373893134868164
2007-09-27,1.7347876213666924
2007-09-28,1.6231789201529212
2007-10-01,0.24133995225927712
2007-10-02,0.14407176448267284
2007-10-03,0.05441861528374173
2007-10-04,-0.02761949533751648
2007-10-05,-0.10204256738110143
2007-10-08,-0.1688506008470134
2007-10-09,-0.22804359573525224
2007-10-10,-0.27962155204581807
2007-10-11,-0.3235844697787107
2007-10-12,-0.35993234893393034
2007-10-15,-0.3886651895114769
2007-10-16,-0.40978299151135034
2007-10-17,-0.4232857549335507
2007-10-18,-0.42917347977807796
2007-10-19,-0.4274461660449322
2007-10-22,-0.4181038137341133
2007-10-23,-0.40114642284562135
2007-10-24,-0.3765739933794563
2007-10-25,-0.3443865253356182
2007-10-26,-0.304584018714107
2007-10-29,-0.2571664735149227
2007-10-30,-0.2021338897380653
2007-10-31,-0.13948626738353484
2007-11-01,1.8777089627099643
2007-11-02,1.9353242344272246
2007-11-05,1.977098359614441
2007-11-06,2.0030313382716134
2007-11-07,2.0131231703987424
2007-11-08,2.0073738559958283
2007-11-09,1.9857833950628696
2007-11-12,1.9483517875998677
2007-11-13,1.8950790336068222
2007-11-14,1.8259651330837328
2007-11-15,1.7410100860306
2007-11-16,1.6402138924474234
2007-11-19,1.5235765523342029
2007-11-20,1.391098065690939
2007-11-21,1.2427784325176316
2007-11-22,1.0786176528142803
2007-11-23,0.8986157265808855
2007-11-26,0.7027726538174471
2007-11-27,0.49108843452396456
2007-11-28,0.2635630687004389
2007-11-29,0.020196556346869565
2007-11-30,-0.23901110253674407
2007-12-03,-4.6875939536056475
2007-12-04,-4.936307053424057
2007-12-05,-5.145586885484667
2007-12-06,-5.315433449787474
2007-12-07,-5.445846746332478
2007-12-10,-5.536826775119682
2007-12-11,-5.588373536149085
2007-12-12,-5.600487029420684
2007-12-13,-5.573167254934484
2007-12-14,-5.506414212690482
2007-12-17,-5.400227902688677
2007-12-18,-5.25460832492907
2007-12-19,-5.0695554794116635
2007-12-20,-4.845069366136453
2007-12-21,-4.581149985103442
2007-12-24,-4.277797336312629
2007-12-25,-3.935011419764016
2007-12-26,-3.5527922354575994
2007-12-27,-3.1311397833933827
2007-12-28,-2.6700540635713628
2007-12-31,-2.169535075991543
2008-01-01,4.49647238014113
2008-01-02,4.9524522834391185
2008-01-03,5.37141220472683
2008-01-04,5.753352144004267
2008-01-07,6.098272101271427
2008-01-08,6.406172076528311
2008-01-09,6.677052069774921
2008-01-10,6.910912081011253
2008-01-11,7.1077521102373105
2008-01-14,7.267572157453092
2008-01-15,7.3903722226585975
2008-01-16,7.476152305853827
2008-01-17,7.52491240703878
2008-01-18,7.536652526213458
2008-01-21,7.51137266337786
2008-01-22,7.449072818531986
2008-01-23,7.349752991675836
2008-01-24,7.21341318280941
2008-01-25,7.040053391932709
2008-01-28,6.829673619045732
2008-01-29,6.582273864148479
2008-01-30,6.297854127240949
2008-01-31,5.976414408323144
2008-02-01,-0.3057372418983496
2008-02-04,-0.6622150889239679
2008-02-05,-0.9825720629111167
2008-02-06,-1.2668081638597948
2008-02-07,-1.5149233917700036
2008-02-08,-1.726917746641742
2008-02-11,-1.9027912284750106
2008-02-12,-2.042543837269809
2008-02-13,-2.146175573026137
2008-02-14,-2.2136864357439956
2008-02-15,-2.245076425423384
2008-02-18,-2.240345542064303
2008-02-19,-2.199493785666751
2008-02-20,-2.1225211562307296
2008-02-21,-2.009427653756238
2008-02-22,-1.8602132782432763
2008-02-25,-1.674878029691845
2008-02-26,-1.4534219081019433
2008-02-27,-1.195844913473572
2008-02-28,-0.9021470458067301
2008-02-29,-0.5723283051014191
2008-03-03,5.655921614470271
2008-03-04,5.978041506173051
2008-03-05,6.256341675834831
2008-03-06,6.490822123455607
2008-03-07,6.681482849035383
2008-03-10,6.828323852574157
2008-03-11,6.93134513407193
2008-03-12,6.9905466935287
2008-03-13,7.0059285309444705
2008-03-14,6.9774906463192385
2008-03-17,6.905233039653005
2008-03-18,6.789155710945771
2008-03-19,6.629258660197534
2008-03-20,6.425541887408296
2008-03-21,6.178005392578057
2008-03-24,5.8866491757068165
2008-03-25,5.551473236794575
2008-03-26,5.17247757584133
2008-03-27,4.749662192847085
2008-03-28,4.283027087811838
2008-03-31,3.7725722607355903
2008-04-01,-2.174926831754016
2008-04-02,-2.676772606051085
2008-04-03,-3.1513839032151214
2008-04-04,-3.5987607232461243
2008-04-07,-4.0189030661440945
2008-04-08,-4.411810931909032
2008-04-09,-4.777484320540935
2008-04-10,-5.1159232320398065
2008-04-11,-5.427127666405645
2008-04-14,-5.71109762363845
2008-04-15,-5.967833103738222
2008-04-16,-6.197334106704961
2008-04-17,-6.399600632538668
2008-04-18,-6.574632681239341
2008-04-21,-6.722430252806981
2008-04-22,-6.842993347241588
2008-04-23,-6.936321964543163
2008-04-24,-7.002416104711704
2008-04-25,-7.041275767747212
2008-04-28,-7.052900953649688
2008-04-29,-7.037291662419131
2008-04-30,-6.99444789405554
2008-05-01,-5.0645380354448335
2008-05-02,-4.990328811114731
2008-05-05,-4.911988607951148
2008-05-06,-4.829517425954087
2008-05-07,-4.742915265123546
2008-05-08,-4.652182125459527
2008-05-09,-4.55731800696203
2008-05-12,-4.458322909631052
2008-05-13,-4.355196833466595
2008-05-14,-4.247939778468659
2008-05-15,-4.136551744637243
2008-05-16,-4.021032731972349
2008-05-19,-3.901382740473975
2008-05-20,-3.7776017701421227
2008-05-21,-3.6496898209767905
2008-05-22,-3.517646892977979
2008-05-23,-3.3814729861456896
2008-05-26,-3.24116810047992
2008-05-27,-3.0967322359806713
2008-05-28,-2.948165392647944
2008-05-29,-2.7954675704817373
2008-05-30,-2.638638769482051
2008-06-02,-1.4243363879014164
2008-06-03,-1.26548867160138
2008-06-04,-1.1164177702550993
2008-06-05,-0.9771236838625743
2008-06-06,-0.8476064124238047
2008-06-09,-0.7278659559387912
2008-06-10,-0.6179023144075331
2008-06-11,-0.5177154878300307
2008-06-12,-0.4273054762062842
2008-06-13,-0.34667227953629315
2008-06-16,-0.2758158978200579
2008-06-17,-0.21473633105757822
2008-06-18,-0.16343357924885432
2008-06-19,-0.12190764239388602
2008-06-20,-0.09015852049267353
2008-06-23,-0.06818621354521665
2008-06-24,-0.05599072155151541
2008-06-25,-0.05357204451156988
2008-06-26,-0.060930182425380064
2008-06-27,-0.07806513529294595
2008-06-30,-0.10497690311426744
2008-07-01,-0.9966203248506973
2008-07-02,-1.028532419207478
2008-07-03,-1.0588583366916213
2008-07-04,-1.0875980773031273
2008-07-07,-1.1147516410419958
2008-07-08,-1.1403190279082265
2008-07-09,-1.16430023790182
2008-07-10,-1.1866952710227758
2008-07-11,-1.2075041272710942
2008-07-14,-1.2267268066467751
2008-07-15,-1.2443633091498185
2008-07-16,-1.2604136347802244
2008-07-17,-1.2748777835379927
2008-07-18,-1.2877557554231238
2008-07-21,-1.2990475504356171
2008-07-22,-1.3087531685754732
2008-07-23,-1.3168726098426917
2008-07-24,-1.3234058742372725
2008-07-25,-1.328352961759216
2008-07-28,-1.331713872408522
2008-07-29,-1.3334886061851905
2008-07-30,-1.3336771630892217
2008-07-31,-1.3322795431206151
2008-08-01,-2.48215358944881
2008-08-04,-2.4612594829317547
2008-08-05,-2.422739237866626
2008-08-06,-2.3665928542534234
2008-08-07,-2.2928203320921465
2008-08-08,-2.2014216713827963
2008-08-11,-2.0923968721253727
2008-08-12,-1.9657459343198749
2008-08-13,-1.8214688579663036
2008-08-14,-1.6595656430646586
2008-08-15,-1.4800362896149402
2008-08-18,-1.2828807976171475
2008-08-19,-1.0680991670712814
2008-08-20,-0.8356913979773412
2008-08-21,-0.5856574903353278
2008-08-22,-0.3179974441452401
2008-08-25,-0.03271125940707942
2008-08-26,0.270201063879156
2008-08-27,0.5907395257134641
2008-08-28,0.9289041260958469
2008-08-29,1.2846948650263021
2008-09-01,4.87854932200547
2008-09-02,5.210938781659485
2008-09-03,5.519274317919827
2008-09-04,5.803555930786496
2008-09-05,6.0637836202594935
2008-09-08,6.299957386338817
2008-09-09,6.512077229024468
2008-09-10,6.700143148316447
2008-09-11,6.864155144214752
2008-09-12,7.004113216719386
2008-09-15,7.120017365830346
2008-09-16,7.211867591547634
2008-09-17,7.279663893871249
2008-09-18,7.323406272801192
2008-09-19,7.343094728337461
2008-09-22,7.338729260480058
2008-09-23,7.310309869228982
2008-09-24,7.257836554584234
2008-09-25,7.181309316545812
2008-09-26,7.080728155113719
2008-09-29,6.956093070287952
2008-09-30,6.807404062068513
2008-10-01,4.7568411712952665
2008-10-02,4.590986465643152
2008-10-03,4.424509423707986
2008-10-06,4.257410045489769
2008-10-07,4.089688330988501
2008-10-08,3.921344280204182
2008-10-09,3.752377893136812
2008-10-10,3.5827891697863907
2008-10-13,3.4125781101529187
2008-10-14,3.241744714236395
2008-10-15,3.0702889820368213
2008-10-16,2.8982109135541956
2008-10-17,2.725510508788519
2008-10-20,2.5521877677397913
2008-10-21,2.3782426904080127
2008-10-22,2.203675276793183
2008-10-23,2.0284855268953024
2008-10-24,1.8526734407143703
2008-10-27,1.6762390182503875
2008-10-28,1.4991822595033537
2008-10-29,1.3215031644732687
2008-10-30,1.1432017331601323
2008-10-31,0.9642779655639451
2008-11-03,0.17127831166760576
2008-11-04,-0.027000880736109734
2008-11-05,-0.21708124608241675
2008-11-06,-0.39896278437131527
2008-11-07,-0.5726454956028053
2008-11-10,-0.7381293797768872
2008-11-11,-0.8954144368935602
2008-11-12,-1.0445006669528247
2008-11-13,-1.1853880699546808
2008-11-14,-1.3180766458991284
2008-11-17,-1.4425663947861678
2008-11-18,-1.5588573166157982
2008-11-19,-1.6669494113880206
2008-11-20,-1.7668426791028342
2008-11-21,-1.8585371197602392
2008-11-24,-1.942032733360236
2008-11-25,-2.017329519902824
2008-11-26,-2.0844274793880038
2008-11-27,-2.143326611815775
2008-11-28,-2.1940269171861377
2008-12-01,-2.02879783965847
2008-12-02,-2.061889018716453
2008-12-03,-2.0911135696037637
2008-12-04,-2.1164714923204015
2008-12-05,-2.137962786866367
2008-12-08,-2.15558745324166
2008-12-09,-2.16934549144628
2008-12-10,-2.1792369014802273
2008-12-11,-2.1852616833435023
2008-12-12,-2.1874198370361047
2008-12-15,-2.185711362558034
2008-12-16,-2.180136259909291
2008-12-17,-2.1706945290898756
2008-12-18,-2.157386170099787
2008-12-19,-2.140211182939026
2008-12-22,-2.119169567607593
2008-12-23,-2.0942613241054864
2008-12-24,-2.0654864524327077
2008-12-25,-2.0328449525892562
2008-12-26,-1.9963368245751323
2008-12-29,-1.9559620683903356
2008-12-30,-1.9117206840348664
2008-12-31,-1.8636126715087244
2009-01-01,-1.1596983749028096
2009-01-02,-1.1092183329610126
2009-01-05,-1.06259537344227
2009-01-06,-1.0198294963465822
2009-01-07,-0.9809207016739487
2009-01-08,-0.9458689894243697
2009-01-09,-0.9146743595978455
2009-01-12,-0.8873368121943757
2009-01-13,-0.8638563472139604
2009-01-14,-0.8442329646565997
2009-01-15,-0.8284666645222935
2009-01-16,-0.8165574468110418
2009-01-19,-0.8085053115228448
2009-01-20,-0.8043102586577022
2009-01-21,-0.8039722882156142
2009-01-22,-0.8074914001965807
2009-01-23,-0.8148675946006018
2009-01-26,-0.8261008714276773
2009-01-27,-0.8411912306778074
2009-01-28,-0.8601386723509922
2009-01-29,-0.8829431964472313
2009-01-30,-0.9096048029665251
2009-02-02,-1.4718691501740846
2009-02-03,-1.5021355788563489
2009-02-04,-1.5290978783842941
2009-02-05,-1.5527560487579206
2009-02-06,-1.5731100899772283
2009-02-09,-1.5901600020422173
2009-02-10,-1.6039057849528873
2009-02-11,-1.6143474387092385
2009-02-12,-1.621484963311271
2009-02-13,-1.6253183587589843
2009-02-16,-1.625847625052379
2009-02-17,-1.623072762191455
2009-02-18,-1.6169937701762118
2009-02-19,-1.60761064900665
2009-02-20,-1.5949233986827691
2009-02-23,-1.5789320192045695
2009-02-24,-1.559636510572051
2009-02-25,-1.537036872785214
2009-02-26,-1.5111331058440578
2009-02-27,-1.4819252097485829
2009-03-02,-1.4280163130088852
2009-03-03,-1.3960145860710484
2009-03-04,-1.3615675187860965
2009-03-05,-1.3246751111540298
2009-03-06,-1.2853373631748477
2009-03-09,-1.2435542748485509
2009-03-10,-1.1993258461751386
2009-03-11,-1.1526520771546114
2009-03-12,-1.1035329677869692
2009-03-13,-1.0519685180722118
2009-03-16,-0.9979587280103395
2009-03-17,-0.941503597601352
2009-03-18,-0.8826031268452494
2009-03-19,-0.8212573157420319
2009-03-20,-0.7574661642916993
2009-03-23,-0.6912296724942515
2009-03-24,-0.6225478403496887
2009-03-25,-0.5514206678580108
2009-03-26,-0.47784815501921774
2009-03-27,-0.4018303018333098
2009-03-30,-0.3233671083002868
2009-03-31,-0.2424585744201484
2009-04-01,0.2775907610152033
2009-04-02,0.3579651872515829
2009-04-03,0.43536016549708867
2009-04-06,0.5097756957517207
2009-04-07,0.5812117780154792
2009-04-08,0.6496684122883637
2009-04-09,0.7151455985703746
2009-04-10,0.7776433368615118
2009-04-13,0.8371616271617752
2009-04-14,0.8937004694711649
2009-04-15,0.947259863789681
2009-04-16,0.9978398101173231
2009-04-17,1.0454403084540917
2009-04-20,1.0900613587999866
2009-04-21,1.1317029611550073
2009-04-22,1.170365115519155
2009-04-23,1.2060478218924287
2009-04-24,1.2387510802748283
2009-04-27,1.2684748906663548
2009-04-28,1.2952192530670068
2009-04-29,1.3189841674767857
2009-04-30,1.3397696338956906
2009-05-01,1.4316929358555945
2009-05-04,1.4460713295506356
2009-05-05,1.4561741928732561
2009-05-06,1.4620015258234564
2009-05-07,1.4635533284012363
2009-05-08,1.460829600606596
2009-05-11,1.4538303424395351
2009-05-12,1.4425555539000539
2009-05-13,1.4270052349881523
2009-05-14,1.4071793857038304
2009-05-15,1.3830780060470882
2009-05-18,1.3547010960179255
2009-05-19,1.3220486556163427
2009-05-20,1.2851206848423393
2009-05-21,1.2439171836959158
2009-05-22,1.1984381521770715
2009-05-25,1.1486835902858072
2009-05-26,1.0946534980221225
2009-05-27,1.0363478753860174
2009-05-28,0.9737667223774918
2009-05-29,0.9069100389965461
2009-06-01,0.12489366113723242
2009-06-02,0.06195077841540135
2009-06-03,0.0039639442817705345
2009-06-04,-0.04906684126365994
2009-06-05,-0.09714157822089027
2009-06-08,-0.1402602665899202
2009-06-09,-0.17842290637074992
2009-06-10,-0.21162949756337934
2009-06-11,-0.2398800401678085
2009-06-12,-0.26317453418403736
2009-06-15,-0.281512979612066
2009-06-16,-0.29489537645189434
2009-06-17,-0.3033217247035224
2009-06-18,-0.3067920243669502
2009-06-19,-0.3053062754421777
2009-06-22,-0.29886447792920495
2009-06-23,-0.28746663182803195
2009-06-24,-0.27111273713865863
2009-06-25,-0.24980279386108506
2009-06-26,-0.22353680199531123
2009-06-29,-0.19231476154133714
2009-06-30,-0.1561366724991627
2009-07-01,0.6272881388484086
2009-07-02,0.6627222109082641
2009-07-03,0.6942446581641384
2009-07-06,0.7218554806160314
2009-07-07,0.7455546782639434
2009-07-08,0.7653422511078741
2009-07-09,0.7812181991478238
2009-07-10,0.793182522383792
2009-07-13,0.8012352208157792
2009-07-14,0.8053762944437853
2009-07-15,0.8056057432678102
2009-07-16,0.8019235672878539
2009-07-17,0.7943297665039164
2009-07-20,0.7828243409159976
2009-07-21,0.7674072905240978
2009-07-22,0.7480786153282167
2009-07-23,0.7248383153283545
2009-07-24,0.6976863905245111
2009-07-27,0.6666228409166866
2009-07-28,0.6316476665048808
2009-07-29,0.5927608672890939
2009-07-30,0.5499624432693258
2009-07-31,0.5032523944455765
2009-08-03,-0.2986841450002317
2009-08-04,-0.3486085486677495
2009-08-05,-0.39301457060098505
2009-08-06,-0.4319022107999383
2009-08-07,-0.46527146926460927
2009-08-10,-0.493122345994998
2009-08-11,-0.5154548409911045
2009-08-12,-0.5322689542529286
2009-08-13,-0.5435646857804706
2009-08-14,-0.5493420355737303
2009-08-17,-0.5496010036327077
2009-08-18,-0.5443415899574029
2009-08-19,-0.5335637945478158
2009-08-20,-0.5172676174039463
2009-08-21,-0.49545305852579474
2009-08-24,-0.4681201179133608
2009-08-25,-0.43526879556664466
2009-08-26,-0.39689909148564617
2009-08-27,-0.3530110056703656
2009-08-28,-0.30360453812080257
2009-08-31,-0.2486796888369574
2009-09-01,1.2554803577532954
2009-09-02,1.3002518313140095
2009-09-03,1.3320989670090424
2009-09-04,1.3510217648383946
2009-09-07,1.3570202248020666
2009-09-08,1.3500943469000575
2009-09-09,1.330244131132368
2009-09-10,1.297469577498998
2009-09-11,1.2517706859999471
2009-09-14,1.1931474566352156
2009-09-15,1.1215998894048034
2009-09-16,1.037127984308711
2009-09-17,0.9397317413469372
2009-09-18,0.829411160519483
2009-09-21,0.7061662418263485
2009-09-22,0.5699969852675328
2009-09-23,0.42090339084303685
2009-09-24,0.2588854585528604
2009-09-25,0.08394318839700265
2009-09-28,-0.10392341962453511
2009-09-29,-0.3047143655117537
2009-09-30,-0.5184296492646534
2009-10-01,-3.5023495748731728
2009-10-02,-3.7076616051153226
2009-10-05,-3.8916460439810416
2009-10-06,-4.05430289147033
2009-10-07,-4.195632147583189
2009-10-08,-4.315633812319617
2009-10-09,-4.414307885679614
2009-10-12,-4.491654367663182
2009-10-13,-4.5476732582703185
2009-10-14,-4.582364557501025
2009-10-15,-4.5957282653553015
2009-10-16,-4.587764381833146
2009-10-19,-4.558472906934561
2009-10-20,-4.507853840659546
2009-10-21,-4.435907183008101
2009-10-22,-4.342632933980225
2009-10-23,-4.228031093575919
2009-10-26,-4.092101661795183
2009-10-27,-3.9348446386380154
2009-10-28,-3.756260024104418
2009-10-29,-3.5563478181943906
2009-10-30,-3.335108020907932
2009-11-02,0.13429184440922204
2009-11-03,0.3678984344195515
2009-11-04,0.5809933977457564
2009-11-05,0.7735767343878359
2009-11-06,0.9456484443457907
2009-11-09,1.0972085276196204
2009-11-10,1.228256984209325
2009-11-11,1.3387938141149045
2009-11-12,1.428819017336359
2009-11-13,1.4983325938736887
2009-11-16,1.5473345437268933
2009-11-17,1.575824866895973
2009-11-18,1.5838035633809273
2009-11-19,1.5712706331817567
2009-11-20,1.5382260762984612
2009-11-23,1.4846698927310407
2009-11-24,1.4106020824794951
2009-11-25,1.3160226455438244
2009-11-26,1.200931581924029
2009-11-27,1.065328891620108
2009-11-30,0.9092145746320627
2009-12-01,-1.5574966561713157
2009-12-02,-1.7097458821425142
2009-12-03,-1.852977168123364
2009-12-04,-1.9871905141138653
2009-12-07,-2.1123859201140176
2009-12-08,-2.228563386123821
2009-12-09,-2.335722912143276
2009-12-10,-2.4338644981723827
2009-12-11,-2.52298814421114
2009-12-14,-2.6030938502595493
2009-12-15,-2.6741816163176093
2009-12-16,-2.736251442385321
2009-12-17,-2.789303328462684
2009-12-18,-2.8333372745496983
2009-12-21,-2.868353280646364
2009-12-22,-2.8943513467526802
2009-12-23,-2.9113314728686484
2009-12-24,-2.919293658994268
2009-12-25,-2.918237905129539
2009-12-28,-2.908164211274461
2009-12-29,-2.889072577429034
2009-12-30,-2.860963003593259
2009-12-31,-2.8238354897671347
2010-01-01,-2.1730730142182226
2010-01-04,-2.1199260402766322
2010-01-05,-2.0641723513353005
2010-01-06,-2.0058119473942297
2010-01-07,-1.9448448284534186
2010-01-08,-1.8812709945128676
2010-01-11,-1.8150904455725763
2010-01-12,-1.7463031816325452
2010-01-13,-1.674909202692774
2010-01-14,-1.6009085087532628
2010-01-15,-1.5243010998140116
2010-01-18,-1.4450869758750204
2010-01-19,-1.3632661369362893
2010-01-20,-1.278838582997818
2010-01-21,-1.1918043140596066
2010-01-22,-1.1021633301216553
2010-01-25,-1.009915631183964
2010-01-26,-0.9150612172465328
2010-01-27,-0.8176000883093616
2010-01-28,-0.7175322443724502
2010-01-29,-0.6148576854357989
2010-02-01,-0.3645077621547288
2010-02-02,-0.2532297556119738
2010-02-03,-0.14121908015967521
2010-02-04,-0.028475735797832802
2010-02-05,0.08500027747355343
2010-02-08,0.1992089596544837
2010-02-09,0.3141503107449576
2010-02-10,0.4298243307449754
2010-02-11,0.546231019654537
2010-02-12,0.6633703774736425
2010-02-15,0.781242404202292
2010-02-16,0.8998470998404849
2010-02-17,1.0191844643882222
2010-02-18,1.1392544978455033
2010-02-19,1.2600572002123278
2010-02-22,1.3815925714886963
2010-02-23,1.5038606116746087
2010-02-24,1.6268613207700646
2010-02-25,1.750594698775065
2010-02-26,1.8750607456896087
2010-03-01,3.0936018369999005
2010-03-02,3.1905068193307415
2010-03-03,3.2754483354497395
2010-03-04,3.3484263853568934
2010-03-05,3.409440969052204
2010-03-08,3.4584920865356708
2010-03-09,3.495579737807294
2010-03-10,3.5207039228670736
2010-03-11,3.5338646417150095
2010-03-12,3.5350618943511014
2010-03-15,3.5242956807753503
2010-03-16,3.501566000987755
2010-03-17,3.4668728549883165
2010-03-18,3.420216242777034
2010-03-19,3.3615961643539083
2010-03-22,3.2910126197189387
2010-03-23,3.2084656088721255
2010-03-24,3.1139551318134684
2010-03-25,3.007481188542968
2010-03-26,2.889043779060624
2010-03-29,2.7586429033664364
2010-03-30,2.6162785614604047
2010-03-31,2.4619507533425296
2010-04-01,0.37949113173908094
2010-04-02,0.2163194733513078
2010-04-05,0.06382612519319458
2010-04-06,-0.07798891273525826
2010-04-07,-0.20912564043405163
2010-04-08,-0.3295840579031844
2010-04-09,-0.4393641651426574
2010-04-12,-0.5384659621524703
2010-04-13,-0.6268894489326231
2010-04-14,-0.704634625483116
2010-04-15,-0.7717014918039489
2010-04-16,-0.8280900478951216
2010-04-19,-0.8738002937566345
2010-04-20,-0.908832229388487
2010-04-21,-0.9331858547906797
2010-04-22,-0.9468611699632123
2010-04-23,-0.9498581749060848
2010-04-26,-0.9421768696192974
2010-04-27,-0.92381725410285
2010-04-28,-0.8947793283567425
2010-04-29,-0.8550630923809748
2010-04-30,-0.8046685461755472
2010-05-03,0.06440747756680865
2010-05-04,0.12911204146720678
2010-05-05,0.19454008157410196
2010-05-06,0.26069159788749385
2010-05-07,0.3275665904073828
2010-05-10,0.3951650591337686
2010-05-11,0.46348700406665116
2010-05-12,0.5325324252060307
2010-05-13,0.6023013225519072
2010-05-14,0.6727936961042804
2010-05-17,0.7440095458631506
2010-05-18,0.8159488718285177
2010-05-19,0.8886116740003817
2010-05-20,0.9619979523787425
2010-05-21,1.0361077069636
2010-05-24,1.1109409377549548
2010-05-25,1.1864976447528064
2010-05-26,1.2627778279571547
2010-05-27,1.339781487368
2010-05-28,1.4175086229853422
2010-05-31,1.495959234809181
2010-06-01,2.32460797170353
2010-06-02,2.391509707884261
2010-06-03,2.449737914398584
2010-06-04,2.499292591246499
2010-06-07,2.540173738428006
2010-06-08,2.5723813559431052
2010-06-09,2.5959154437917964
2010-06-10,2.6107760019740796
2010-06-11,2.6169630304899547
2010-06-14,2.614476529339422
2010-06-15,2.603316498522481
2010-06-16,2.5834829380391326
2010-06-17,2.554975847889376
2010-06-18,2.5177952280732114
2010-06-21,2.471941078590639
2010-06-22,2.4174133994416587
2010-06-23,2.3542121906262703
2010-06-24,2.282337452144474
2010-06-25,2.2017891839962695
2010-06-28,2.112567386181657
2010-06-29,2.0146720587006373
2010-06-30,1.908103201553209
2010-07-01,0.1875430984107171
2010-07-02,0.08356901691592206
2010-07-05,-0.009136759259831762
2010-07-06,-0.0905742301165442
2010-07-07,-0.16074339565421564
2010-07-08,-0.2196442558728457
2010-07-09,-0.2672768107724347
2010-07-12,-0.30364106035298244
2010-07-13,-0.32873700461448896
2010-07-14,-0.3425646435569544
2010-07-15,-0.34512397718037857
2010-07-16,-0.33641500548476155
2010-07-19,-0.3164377284701033
2010-07-20,-0.285192146136404
2010-07-21,-0.2426782584836634
2010-07-22,-0.18889606551188154
2010-07-23,-0.12384556722105862
2010-07-26,-0.04752676361119451
2010-07-27,0.040060345317710966
2010-07-28,0.13891575956565744
2010-07-29,0.24903947913264507
2010-07-30,0.37043150401867425
2010-08-02,1.5403669555255113
2010-08-03,1.6714101858160604
2010-08-04,1.8008363161920884
2010-08-05,1.928645346653595
2010-08-06,2.0548372772005807
2010-08-09,2.1794121078330453
2010-08-10,2.3023698385509883
2010-08-11,2.4237104693544107
2010-08-12,2.5434340002433116
2010-08-13,2.661540431217692
2010-08-16,2.7780297622775505
2010-08-17,2.892901993422888
2010-08-18,3.006157124653705
2010-08-19,3.1177951559700006
2010-08-20,3.2278160873717745
2010-08-23,3.336219918859028
2010-08-24,3.44300665043176
2010-08-25,3.5481762820899707
2010-08-26,3.6517288138336608
2010-08-27,3.7536642456628293
2010-08-30,3.8539825775774768
2010-08-31,3.952683809577603
2010-09-01,5.540453690604514
2010-09-02,5.6174028873850235
2010-09-03,5.6742171488604365
2010-09-06,5.7108964750307525
2010-09-07,5.727440865895972
2010-09-08,5.723850321456095
2010-09-09,5.700124841711122
2010-09-10,5.656264426661053
2010-09-13,5.592269076305887
2010-09-14,5.508138790645625
2010-09-15,5.403873569680266
2010-09-16,5.279473413409812
2010-09-17,5.134938321834261
2010-09-20,4.9702682949536126
2010-09-21,4.785463332767869
2010-09-22,4.580523435277028
2010-09-23,4.355448602481092
2010-09-24,4.110238834380059
2010-09-27,3.8448941309739286
2010-09-28,3.559414492262703
2010-09-29,3.253799918246381
2010-09-30,2.928050408924962
2010-10-01,-0.7304197460479798
2010-10-04,-1.069818222954309
2010-10-05,-1.3862600443010962
2010-10-06,-1.6797452100883397
2010-10-07,-1.9502737203160407
2010-10-08,-2.197845574984198
2010-10-11,-2.422460774092813
2010-10-12,-2.6241193176418847
2010-10-13,-2.802821205631413
2010-10-14,-2.9585664380613985
2010-10-15,-3.091355014931841
2010-10-18,-3.2011869362427405
2010-10-19,-3.288062201994097
2010-10-20,-3.3519808121859107
2010-10-21,-3.3929427668181806
2010-10-22,-3.410948065890908
2010-10-25,-3.4059967094040924
2010-10-26,-3.3780886973577338
2010-10-27,-3.327224029751832
2010-10-28,-3.253402706586387
2010-10-29,-3.1566247278613995
2010-11-01,-0.8634517104886468
2010-11-02,-0.7552797030640396
2010-11-03,-0.6532278391227867
2010-11-04,-0.5572961186648882
2010-11-05,-0.4674845416903436
2010-11-08,-0.3837931081991536
2010-11-09,-0.30622181819131755
2010-11-10,-0.234770671666836
2010-11-11,-0.1694396686257086
2010-11-12,-0.11022880906793533
2010-11-15,-0.05713809299351638
2010-11-16,-0.010167520402451696
2010-11-17,0.030682908705258846
2010-11-18,0.06541319432961505
2010-11-19,0.09402333647061703
2010-11-22,0.11651333512826484
2010-11-23,0.13288319030255835
2010-11-24,0.14313290199349765
2010-11-25,0.1472624702010827
2010-11-26,0.14527189492531353
2010-11-29,0.13716117616619017
2010-11-30,0.12293031392371245
2010-12-01,-0.2859543463452312
2010-12-02,-0.3065988834931
2010-12-03,-0.3284217783989114
2010-12-06,-0.3514230310626655
2010-12-07,-0.3756026414843622
2010-12-08,-0.4009606096640015
2010-12-09,-0.4274969356015834
2010-12-10,-0.455211619297108
2010-12-13,-0.48410466075057523
2010-12-14,-0.5141760599619851
2010-12-15,-0.5454258169313375
2010-12-16,-0.5778539316586326
2010-12-17,-0.6114604041438704
2010-12-20,-0.6462452343870507
2010-12-21,-0.6822084223881737
2010-12-22,-0.7193499681472393
2010-12-23,-0.7576698716642476
2010-12-24,-0.7971681329391985
2010-12-27,-0.837844751972092
2010-12-28,-0.8796997287629281
2010-12-29,-0.9227330633117069
2010-12-30,-0.9669447556184283
2010-12-31,-1.0123348056830925
2011-01-03,-1.4906467136906105
2011-01-04,-1.537207065141745
2011-01-05,-1.5793242737621118
2011-01-06,-1.6169983395517107
2011-01-07,-1.6502292625105417
2011-01-10,-1.6790170426386049
2011-01-11,-1.7033616799359002
2011-01-12,-1.7232631744024274
2011-01-13,-1.738721526038187
2011-01-14,-1.7497367348431785
2011-01-17,-1.7563088008174021
2011-01-18,-1.758437723960858
2011-01-19,-1.756123504273546
2011-01-20,-1.7493661417554658
2011-01-21,-1.738165636406618
2011-01-24,-1.7225219882270022
2011-01-25,-1.7024351972166185
2011-01-26,-1.677905263375467
2011-01-27,-1.6489321867035476
2011-01-28,-1.6155159672008603
2011-01-31,-1.5776566048674052
2011-02-01,-2.068478581702518
2011-02-02,-2.0111284321991096
2011-02-03,-1.9408457636147278
2011-02-04,-1.8576305759493725
2011-02-07,-1.7614828692030435
2011-02-08,-1.6524026433757406
2011-02-09,-1.530389898467464
2011-02-10,-1.3954446344782137
2011-02-11,-1.2475668514079896
2011-02-14,-1.0867565492567919
2011-02-15,-0.9130137280246202
2011-02-16,-0.7263383877114753
2011-02-17,-0.5267305283173561
2011-02-18,-0.31419014984226323
2011-02-21,-0.08871725228619709
2011-02-22,0.1496881643508432
2011-02-23,0.40102610006885664
2011-02-24,0.6652965548678444
2011-02-25,0.9424995287478062
2011-02-28,1.232635021708741
2011-03-01,4.742718930701528
2011-03-02,4.979361233804382
2011-03-03,5.189108438234516
2011-03-04,5.371960543991932
2011-03-07,5.527917551076627
2011-03-08,5.656979459488604
2011-03-09,5.759146269227862
2011-03-10,5.8344179802944
2011-03-11,5.882794592688218
2011-03-14,5.904276106409318
2011-03-15,5.898862521457699
2011-03-16,5.86655383783336
2011-03-17,5.807350055536301
2011-03-18,5.721251174566524
2011-03-21,5.608257194924027
2011-03-22,5.468368116608812
2011-03-23,5.301583939620877
2011-03-24,5.107904663960222
2011-03-25,4.887330289626848
2011-03-28,4.6398608166207564
2011-03-29,4.365496244941944
2011-03-30,4.064236574590412
2011-03-31,3.7360818055661618
2011-04-01,-0.40649803317773214
2011-04-04,-0.7762187082892811
2011-04-05,-1.126795917701413
2011-04-06,-1.4582296614141266
2011-04-07,-1.770519939427423
2011-04-08,-2.0636667517413017
2011-04-11,-2.337670098355762
2011-04-12,-2.592529979270805
2011-04-13,-2.8282463944864302
2011-04-14,-3.044819344002638
2011-04-15,-3.2422488278194277
2011-04-18,-3.4205348459368
2011-04-19,-3.5796773983547543
2011-04-20,-3.719676485073291
2011-04-21,-3.8405321060924096
2011-04-22,-3.942244261412111
2011-04-25,-4.024812951032395
2011-04-26,-4.088238174953261
2011-04-27,-4.1325199331747084
2011-04-28,-4.157658225696739
2011-04-29,-4.163653052519352
2011-05-02,-3.043708550481118
2011-05-03,-3.0274711241453516
2011-05-04,-3.0075472449471317
2011-05-05,-2.9839369128864592
2011-05-06,-2.956640127963334
2011-05-09,-2.925656890177755
2011-05-10,-2.890987199529724
2011-05-11,-2.85263105601924
2011-05-12,-2.810588459646303
2011-05-13,-2.7648594104109128
2011-05-16,-2.7154439083130697
2011-05-17,-2.662341953352774
2011-05-18,-2.605553545530025
2011-05-19,-2.5450786848448237
2011-05-20,-2.4809173712971693
2011-05-23,-2.413069604887062
2011-05-24,-2.3415353856145016
2011-05-25,-2.2663147134794883
2011-05-26,-2.187407588482022
2011-05-27,-2.1048140106221034
2011-05-30,-2.0185339798997317
2011-05-31,-1.9285674963149066
2011-06-01,-1.3111005155484858
2011-06-02,-1.2202681330004836
2011-06-03,-1.132256304351757
2011-06-06,-1.0470650296023063
2011-06-07,-0.9646943087521307
2011-06-08,-0.8851441418012311
2011-06-09,-0.8084145287496068
2011-06-10,-0.7345054695972584
2011-06-13,-0.6634169643441854
2011-06-14,-0.5951490129903879
2011-06-15,-0.529701615535866
2011-06-16,-0.46707477198061986
2011-06-17,-0.4072684823246491
2011-06-20,-0.3502827465679541
2011-06-21,-0.2961175647105347
2011-06-22,-0.2447729367523907
2011-06-23,-0.19624886269352243
2011-06-24,-0.15054534253392976
2011-06-27,-0.10766237627361258
2011-06-28,-0.06759996391257111
2011-06-29,-0.030358105450805195
2011-06-30,0.0040631991116852895
2011-07-01,-0.5650739928159604
2011-07-04,-0.526862502422237
2011-07-05,-0.4835450699486341
2011-07-06,-0.4351216953951519
2011-07-07,-0.3815923787617901
2011-07-08,-0.32295712004854904
2011-07-11,-0.25921591925542853
2011-07-12,-0.19036877638242855
2011-07-13,-0.11641569142954922
2011-07-14,-0.03735666439679046
2011-07-15,0.04680830471584771
2011-07-18,0.1360792159083654
2011-07-19,0.23045606918076228
2011-07-20,0.3299388645330388
2011-07-21,0.43452760196519447
2011-07-22,0.5442222814772298
2011-07-25,0.6590229030691444
2011-07-26,0.7789294667409387
2011-07-27,0.9039419724926119
2011-07-28,1.034060420324165
2011-07-29,1.169284810235597
2011-08-01,2.474183403365998
2011-08-02,2.593262986117884
2011-08-03,2.7032944571948057
2011-08-04,2.8042778165967635
2011-08-05,2.8962130643237574
2011-08-08,2.9791002003757874
2011-08-09,3.0529392247528535
2011-08-10,3.1177301374549553
2011-08-11,3.173472938482093
2011-08-12,3.2201676278342677
2011-08-15,3.2578142055114774
2011-08-16,3.2864126715137236
2011-08-17,3.3059630258410055
2011-08-18,3.316465268493324
2011-08-19,3.317919399470678
2011-08-22,3.3103254187730684
2011-08-23,3.2936833264004943
2011-08-24,3.267993122352957
2011-08-25,3.233254806630455
2011-08-26,3.189468379232989
2011-08-29,3.1366338401605596
2011-08-30,3.0747511894131656
2011-08-31,3.003820426990808
2011-09-01,1.944559418638157
2011-09-02,1.8631964530382965
2011-09-05,1.7840847993039577
2011-09-06,1.70722445743514
2011-09-07,1.6326154274318436
2011-09-08,1.5602577092940688
2011-09-09,1.4901513030218152
2011-09-12,1.4222962086150832
2011-09-13,1.3566924260738724
2011-09-14,1.2933399553981828
2011-09-15,1.2322387965880148
2011-09-16,1.173388949643368
2011-09-19,1.1167904145642427
2011-09-20,1.0624431913506387
2011-09-21,1.0103472800025561
2011-09-22,0.960502680519995
2011-09-23,0.912909392902955
2011-09-26,0.8675674171514365
2011-09-27,0.8244767532654393
2011-09-28,0.7836374012449635
2011-09-29,0.7450493610900091
2011-09-30,0.708712632800576
2011-10-03,-0.032593397659960166
2011-10-04,-0.05619775194698806
2011-10-05,-0.06769792902932725
2011-10-06,-0.0670939289069773
2011-10-07,-0.05438575157993841
2011-10-10,-0.029573397048210548
2011-10-11,0.007343134688206299
2011-10-12,0.05636384362931213
2011-10-13,0.11748872977510694
2011-10-14,0.19071779312559067
2011-10-17,0.27605103368076345
2011-10-18,0.37348845144062526
2011-10-19,0.4830300464051759
2011-10-20,0.6046758185744158
2011-10-21,0.7384257679483442
2011-10-24,0.884279894526962
2011-10-25,1.0422381983102684
2011-10-26,1.2123006792982642
2011-10-27,1.3944673374909486
2011-10-28,1.588738172888322
2011-10-31,1.7951131854903846
2011-11-01,5.2288564255816015
2011-11-02,5.4084284720096365
2011-11-03,5.559024247322898
2011-11-04,5.680643751521387
2011-11-07,5.773286984605102
2011-11-08,5.836953946574044
2011-11-09,5.871644637428213
2011-11-10,5.877359057167609
2011-11-11,5.854097205792231
2011-11-14,5.80185908330208
2011-11-15,5.720644689697156
2011-11-16,5.610454024977459
2011-11-17,5.471287089142988
2011-11-18,5.303143882193744
2011-11-21,5.106024404129728
2011-11-22,4.8799286549509375
2011-11-23,4.624856634657373
2011-11-24,4.340808343249037
2011-11-25,4.027783780725927
2011-11-28,3.685782947088044
2011-11-29,3.314805842335388
2011-11-30,2.9148524664679574
2011-12-01,-2.7136427867586974
2011-12-02,-3.1069578277594694
2011-12-05,-3.4646582627788103
2011-12-06,-3.7867440918167192
2011-12-07,-4.073215314873198
2011-12-08,-4.324071931948245
2011-12-09,-4.539313943041861
2011-12-12,-4.718941348154045
2011-12-13,-4.8629541472848
2011-12-14,-4.971352340434121
2011-12-15,-5.044135927602014
2011-12-16,-5.081304908788473
2011-12-19,-5.082859283993503
2011-12-20,-5.048799053217101
2011-12-21,-4.979124216459267
2011-12-22,-4.873834773720004
2011-12-23,-4.732930724999308
2011-12-26,-4.556412070297181
2011-12-27,-4.344278809613623
2011-12-28,-4.096530942948635
2011-12-29,-3.8131684703022155
2011-12-30,-3.494191391674364
2012-01-02,1.2043293808506568
2012-01-03,1.5405738194175727
2012-01-04,1.8584710119421215
2012-01-05,2.158020958424303
2012-01-06,2.439223658864118
2012-01-09,2.702079113261566
2012-01-10,2.946587321616647
2012-01-11,3.1727482839293613
2012-01-12,3.380562000199709
2012-01-13,3.57002847042769
2012-01-16,3.7411476946133035
2012-01-17,3.8939196727565504
2012-01-18,4.028344404857431
2012-01-19,4.144421890915944
2012-01-20,4.24215213093209
2012-01-23,4.3215351249058696
2012-01-24,4.382570872837283
2012-01-25,4.425259374726329
2012-01-26,4.449600630573007
2012-01-27,4.45559464037732
2012-01-30,4.443241404139265
2012-01-31,4.412540921858843
2012-02-01,3.0051352154388487
2012-02-02,2.952118747395879
2012-02-03,2.897469145743337
2012-02-06,2.8411864104812232
2012-02-07,2.783270541609537
2012-02-08,2.7237215391282783
2012-02-09,2.6625394030374476
2012-02-10,2.599724133337045
2012-02-13,2.53527573002707
2012-02-14,2.4691941931075223
2012-02-15,2.401479522578403
2012-02-16,2.3321317184397112
2012-02-17,2.2611507806914473
2012-02-20,2.188536709333611
2012-02-21,2.1142895043662024
2012-02-22,2.0384091657892216
2012-02-23,1.960895693602669
2012-02-24,1.881749087806544
2012-02-27,1.8009693484008467
2012-02-28,1.718556475385577
2012-02-29,1.6345104687607352
2012-03-01,1.6745765050710575
2012-03-02,1.5897662680466342
2012-03-05,1.50193042785791
2012-03-06,1.4110689845048852
2012-03-07,1.3171819379875591
2012-03-08,1.2202692883059323
2012-03-09,1.1203310354600047
2012-03-12,1.0173671794497763
2012-03-13,0.9113777202752469
2012-03-14,0.8023626579364167
2012-03-15,0.6903219924332855
2012-03-16,0.5752557237658537
2012-03-19,0.4571638519341207
2012-03-20,0.3360463769380871
2012-03-21,0.2119032987777526
2012-03-22,0.08473461745311694
2012-03-23,-0.04545966703581927
2012-03-26,-0.17867955468905627
2012-03-27,-0.3149250455065946
2012-03-28,-0.4541961394884333
2012-03-29,-0.596492836634573
2012-03-30,-0.7418151369450139
2012-04-02,-2.2961925890333306
2012-04-03,-2.4358010001930834
2012-04-04,-2.559605733158098
2012-04-05,-2.667606787928374
2012-04-06,-2.7598041645039117
2012-04-09,-2.8361978628847107
2012-04-10,-2.896787883070772
2012-04-11,-2.941574225062094
2012-04-12,-2.9705568888586784
2012-04-13,-2.9837358744605242
2012-04-16,-2.9811111818676315
2012-04-17,-2.9626828110800005
2012-04-18,-2.928450762097631
2012-04-19,-2.8784150349205233
2012-04-20,-2.8125756295486775
2012-04-23,-2.7309325459820926
2012-04-24,-2.63348578422077
2012-04-25,-2.5202353442647087
2012-04-26,-2.3911812261139094
2012-04-27,-2.246323429768371
2012-04-30,-2.085661955228095
2012-05-01,-0.06083171158690237
2012-05-02,0.09236704198647838
2012-05-03,0.23764419228822597
2012-05-04,0.37499973931834074
2012-05-07,0.5044336830768223
2012-05-08,0.6259460235636712
2012-05-09,0.739536760778887
2012-05-10,0.84520589472247
2012-05-11,0.94295342539442
2012-05-14,1.032779352794737
2012-05-15,1.1146836769234212
2012-05-16,1.1886663977804723
2012-05-17,1.2547275153658906
2012-05-18,1.312867029679676
2012-05-21,1.3630849407218284
2012-05-22,1.4053812484923478
2012-05-23,1.4397559529912343
2012-05-24,1.4662090542184878
2012-05-25,1.4847405521741086
2012-05-28,1.495350446858096
2012-05-29,1.498038738270451
2012-05-30,1.4928054264111728
2012-05-31,1.4796505112802616
2012-06-01,0.9860201716601605
2012-06-04,0.9598606715577132
2012-06-05,0.9306254772222712
2012-06-06,0.8983145886538347
2012-06-07,0.8629280058524038
2012-06-08,0.8244657288179784
2012-06-11,0.7829277575505584
2012-06-12,0.7383140920501441
2012-06-13,0.6906247323167352
2012-06-14,0.6398596783503319
2012-06-15,0.586018930150934
2012-06-18,0.5291024877185415
2012-06-19,0.4691103510531548
2012-06-20,0.40604252015477343
2012-06-21,0.3398989950233977
2012-06-22,0.27067977565902734
2012-06-25,0.19838486206166261
2012-06-26,0.1230142542313033
2012-06-27,0.04456795216794962
2012-06-28,-0.036954044128398755
2012-06-29,-0.12155173465774138
2012-07-02,-1.008536367160715
2012-07-03,-1.0850723879553437
2012-07-04,-1.154456198635097
2012-07-05,-1.2166877991999747
2012-07-06,-1.2717671896499776
2012-07-09,-1.319694369985105
2012-07-10,-1.3604693402053574
2012-07-11,-1.3940921003107343
2012-07-12,-1.420562650301236
2012-07-13,-1.4398809901768626
2012-07-16,-1.4520471199376137
2012-07-17,-1.4570610395834898
2012-07-18,-1.4549227491144905
2012-07-19,-1.4456322485306161
2012-07-20,-1.4291895378318662
2012-07-23,-1.4055946170182414
2012-07-24,-1.374847486089741
2012-07-25,-1.3369481450463656
2012-07-26,-1.2918965938881148
2012-07-27,-1.239692832614989
2012-07-30,-1.1803368612269878
2012-07-31,-1.1138286797241113
2012-08-01,-0.8099726254923261
2012-08-02,-0.735606269383765
2012-08-03,-0.657331323061884
2012-08-06,-0.5751477865266832
2012-08-07,-0.48905565977816207
2012-08-08,-0.39905494281632076
2012-08-09,-0.30514563564115954
2012-08-10,-0.20732773825267803
2012-08-13,-0.10560125065087661
2012-08-14,3.382716424510379e-05
2012-08-15,0.10957749519268672
2012-08-16,0.22302975343444859
2012-08-17,0.3403906018895304
2012-08-20,0.4616600405579326
2012-08-21,0.5868380694396547
2012-08-22,0.7159246885346966
2012-08-23,0.848919897843059
2012-08-24,0.9858236973647414
2012-08-27,1.1266360870997438
2012-08-28,1.2713570670480663
2012-08-29,1.419986637209709
2012-08-30,1.5725247975846721
2012-08-31,1.7289715481729546
2012-09-03,3.6145934522082666
2012-09-04,3.778411357680465
2012-09-05,3.921638526703017
2012-09-06,4.044274959275924
2012-09-07,4.146320655399186
2012-09-10,4.227775615072803
2012-09-11,4.288639838296773
2012-09-12,4.328913325071099
2012-09-13,4.348596075395778
2012-09-14,4.347688089270813
2012-09-17,4.326189366696202
2012-09-18,4.284099907671946
2012-09-19,4.221419712198044
2012-09-20,4.138148780274497
2012-09-21,4.034287111901304
2012-09-24,3.909834707078466
2012-09-25,3.764791565805983
2012-09-26,3.599157688083854
2012-09-27,3.41293307391208
2012-09-28,3.20611772329066
2012-10-01,0.5281955985136781
2012-10-02,0.34290643515055325
2012-10-03,0.17007253196436029
2012-10-04,0.009693888955098984
2012-10-05,-0.13822949387723021
2012-10-08,-0.27369761653262786
2012-10-09,-0.3967104790110935
2012-10-10,-0.5072680813126274
2012-10-11,-0.6053704234372295
2012-10-12,-0.6910175053848997
2012-10-15,-0.764209327155638
2012-10-16,-0.8249458887494445
2012-10-17,-0.8732271901663193
2012-10-18,-0.9090532314062623
2012-10-19,-0.9324240124692733
2012-10-22,-0.9433395333553525
2012-10-23,-0.9417997940645
2012-10-24,-0.9278047945967156
2012-10-25,-0.9013545349519994
2012-10-26,-0.8624490151303512
2012-10-29,-0.8110882351317714
2012-10-30,-0.7472721949562595
2012-10-31,-0.671000894603816
2012-11-01,0.6885095616124975
2012-11-02,0.7791237502617526
2012-11-05,0.8675925415522793
2012-11-06,0.9539159354840774
2012-11-07,1.0380939320571474
2012-11-08,1.1201265312714888
2012-11-09,1.2000137331271021
2012-11-12,1.2777555376239869
2012-11-13,1.3533519447621434
2012-11-14,1.4268029545415715
2012-11-15,1.4981085669622711
2012-11-16,1.5672687820242424
2012-11-19,1.6342835997274856
2012-11-20,1.699153020072
2012-11-21,1.7618770430577864
2012-11-22,1.8224556686848443
2012-11-23,1.8808888969531738
2012-11-26,1.937176727862775
2012-11-27,1.9913191614136478
2012-11-28,2.043316197605792
2012-11-29,2.093167836439208
2012-11-30,2.140874077913896
2012-12-03,2.1133621581217232
2012-12-04,2.1597487443141126
2012-12-05,2.2047915085774097
2012-12-06,2.2484904509116155
2012-12-07,2.290845571316729
2012-12-10,2.331856869792751
2012-12-11,2.3715243463396805
2012-12-12,2.4098480009575183
2012-12-13,2.4468278336462643
2012-12-14,2.482463844405918
2012-12-17,2.5167560332364802
2012-12-18,2.5497044001379505
2012-12-19,2.5813089451103286
2012-12-20,2.611569668153615
2012-12-21,2.6404865692678094
2012-12-24,2.668059648452912
2012-12-25,2.6942889057089228
2012-12-26,2.719174341035841
2012-12-27,2.742715954433668
2012-12-28,2.764913745902403
2012-12-31,2.785767715442046
2013-01-01,3.664335544959845
2013-01-02,3.6712576478744134
2013-01-03,3.6672882406678298
2013-01-04,3.6524273233400932
2013-01-07,3.6266748958912043
2013-01-08,3.5900309583211634
2013-01-09,3.54249551062997
2013-01-10,3.4840685528176243
2013-01-11,3.4147500848841266
2013-01-14,3.334540106829476
2013-01-15,3.2434386186536734
2013-01-16,3.1414456203567185
2013-01-17,3.028561111938611
2013-01-18,2.9047850933993513
2013-01-21,2.7701175647389396
2013-01-22,2.624558525957376
2013-01-23,2.4681079770546592
2013-01-24,2.3007659180307902
2013-01-25,2.122532348885769
2013-01-28,1.9334072696195959
2013-01-29,1.73339068023227
2013-01-30,1.5224825807237916
2013-01-31,1.3006829710941612
2013-02-01,-1.3345035167970063
2013-02-04,-1.5806458136307424
2013-02-05,-1.8053356195848138
2013-02-06,-2.008572934659221
2013-02-07,-2.190357758853964
2013-02-08,-2.3506900921690432
2013-02-11,-2.489569934604458
2013-02-12,-2.606997286160208
2013-02-13,-2.7029721468362946
2013-02-14,-2.7774945166327165
2013-02-15,-2.8305643955494744
2013-02-18,-2.8621817835865677
2013-02-19,-2.872346680743997
2013-02-20,-2.861059087021762
2013-02-21,-2.8283190024198626
2013-02-22,-2.774126426938299
2013-02-25,-2.6984813605770714
2013-02-26,-2.601383803336179
2013-02-27,-2.4828337552156228
2013-02-28,-2.3428312162154024
2013-03-01,-0.031023762564801882
2013-03-04,0.11282103327274595
2013-03-05,0.24674392982414206
2013-03-06,0.3707449270893861
2013-03-07,0.48482402506847855
2013-03-08,0.588981223761419
2013-03-11,0.6832165231682076
2013-03-12,0.7675299232888444
2013-03-13,0.8419214241233293
2013-03-14,0.9063910256716623
2013-03-15,0.9609387279338435
2013-03-18,1.0055645309098729
2013-03-19,1.0402684345997502
2013-03-20,1.065050439003476
2013-03-21,1.0799105441210495
2013-03-22,1.0848487499524717
2013-03-25,1.0798650564977414
2013-03-26,1.0649594637568596
2013-03-27,1.040131971729826
2013-03-28,1.0053825804166405
2013-03-29,0.9607112898173031
2013-04-01,-0.04519596898691797
2013-04-02,-0.09451325427127127
2013-04-03,-0.14103614358564726
2013-04-04,-0.1847646369300459
2013-04-05,-0.2256987343044673
2013-04-08,-0.26383843570891125
2013-04-09,-0.2991837411433779
2013-04-10,-0.3317346506078673
2013-04-11,-0.36149116410237925
2013-04-12,-0.38845328162691395
2013-04-15,-0.4126210031814713
2013-04-16,-0.4339943287660513
2013-04-17,-0.45257325838065404
2013-04-18,-0.4683577920252794
2013-04-19,-0.4813479296999274
2013-04-22,-0.4915436714045981
2013-04-23,-0.49894501713929146
2013-04-24,-0.5035519669040075
2013-04-25,-0.5053645206987463
2013-04-26,-0.5043826785235076
2013-04-29,-0.5006064403782917
2013-04-30,-0.49403580626309834
2013-05-01,0.13653432120338616
2013-05-02,0.1409869509605455
2013-05-03,0.140934355610788
2013-05-06,0.13637653515411358
2013-05-07,0.12731348959052224
2013-05-08,0.11374521892001405
2013-05-09,0.09567172314258895
2013-05-10,0.07309300225824697
2013-05-13,0.04600905626698812
2013-05-14,0.014419885168812346
2013-05-15,-0.021674511036280264
2013-05-16,-0.06227413234828982
2013-05-17,-0.10737897876721622
2013-05-20,-0.15698905029305962
2013-05-21,-0.21110434692581978
2013-05-22,-0.26972486866549683
2013-05-23,-0.3328506155120907
2013-05-24,-0.4004815874656017
2013-05-27,-0.4726177845260294
2013-05-28,-0.5492592066933739
2013-05-29,-0.6304058539676354
2013-05-30,-0.7160577263488139
2013-05-31,-0.8062148238369092
2013-06-03,-2.480000092479646
2013-06-04,-2.571184117412115
2013-06-05,-2.6446904962927875
2013-06-06,-2.700519229121664
2013-06-07,-2.7386703158987458
2013-06-10,-2.7591437566240313
2013-06-11,-2.7619395512975213
2013-06-12,-2.7470576999192153
2013-06-13,-2.714498202489114
2013-06-14,-2.664261059007217
2013-06-17,-2.596346269473524
2013-06-18,-2.5107538338880357
2013-06-19,-2.4074837522507515
2013-06-20,-2.2865360245616717
2013-06-21,-2.1479106508207964
2013-06-24,-1.9916076310281252
2013-06-25,-1.8176269651836585
2013-06-26,-1.6259686532873958
2013-06-27,-1.4166326953393376
2013-06-28,-1.189619091339484
2013-07-01,1.442667950708604
2013-07-02,1.6414885137699327
2013-07-03,1.826354639847677
2013-07-04,1.9972663289418378
2013-07-05,2.154223581052414
2013-07-08,2.297226396179407
2013-07-09,2.4262747743228155
2013-07-10,2.54136871548264
2013-07-11,2.6425082196588803
2013-07-12,2.729693286851537
2013-07-15,2.802923917060609
2013-07-16,2.8622001102860977
2013-07-17,2.907521866528002
2013-07-18,2.9388891857863224
2013-07-19,2.956302068061059
2013-07-22,2.959760513352211
2013-07-23,2.9492645216597793
2013-07-24,2.924814092983764
2013-07-25,2.886409227324164
2013-07-26,2.8340499246809805
2013-07-29,2.7677361850542126
2013-07-30,2.6874680084438607
2013-07-31,2.5932453948499252
2013-08-01,-0.1278516873774621
2013-08-02,-0.22377232372612865
2013-08-05,-0.30251940718332726
2013-08-06,-0.3640929377490579
2013-08-07,-0.4084929154233206
2013-08-08,-0.4357193402061154
2013-08-09,-0.44577221209744233
2013-08-12,-0.4386515310973014
2013-08-13,-0.4143572972056925
2013-08-14,-0.3728895104226157
2013-08-15,-0.314248170748071
2013-08-16,-0.23843327818205842
2013-08-19,-0.14544483272457776
2013-08-20,-0.0352828343756294
2013-08-21,0.09205271686478678
2013-08-22,0.23656182099667122
2013-08-23,0.3982444780200233
2013-08-26,0.5771006879348431
2013-08-27,0.7731304507411313
2013-08-28,0.986333766438887
2013-08-29,1.2167106350281105
2013-08-30,1.4642610565088026
2013-09-02,5.173052674621794
2013-09-03,5.422355820478118
2013-09-04,5.643632234277075
2013-09-05,5.836881916018665
2013-09-06,6.00210486570289
2013-09-09,6.139301083329746
2013-09-10,6.248470568899236
2013-09-11,6.32961332241136
2013-09-12,6.382729343866116
2013-09-13,6.407818633263506
2013-09-16,6.404881190603529
2013-09-17,6.373917015886185
2013-09-18,6.314926109111474
2013-09-19,6.227908470279397
2013-09-20,6.112864099389952
2013-09-23,5.969792996443141
2013-09-24,5.798695161438963
2013-09-25,5.599570594377418
2013-09-26,5.372419295258507
2013-09-27,5.117241264082228
2013-09-30,4.834036500848583
2013-10-01,0.7799375334078817
2013-10-02,0.5151003917676569
2013-10-03,0.2695939954920443
2013-10-04,0.0434183445810441
2013-10-07,-0.16342656096534403
2013-10-08,-0.3509407211471198
2013-10-09,-0.5191241359642834
2013-10-10,-0.6679768054168348
2013-10-11,-0.7974987295047737
2013-10-14,-0.9076899082281007
2013-10-15,-0.9985503415868152
2013-10-16,-1.0700800295809176
2013-10-17,-1.1222789722104078
2013-10-18,-1.1551471694752857
2013-10-21,-1.1686846213755513
2013-10-22,-1.1628913279112045
2013-10-23,-1.137767289082246
2013-10-24,-1.0933125048886747
2013-10-25,-1.0295269753304912
2013-10-28,-0.9464107004076957
2013-10-29,-0.8439636801202881
2013-10-30,-0.7221859144682677
2013-10-31,-0.5810774034516354
2013-11-01,1.9654890435281727
2013-11-04,2.1319712068078136
2013-11-05,2.2892163478066854
2013-11-06,2.4372244665247873
2013-11-07,2.5759955629621194
2013-11-08,2.7055296371186826
2013-11-11,2.8258266889944754
2013-11-12,2.936886718589499
2013-11-13,3.038709725903753
2013-11-14,3.1312957109372372
2013-11-15,3.214644673689952
2013-11-18,3.2887566141618976
2013-11-19,3.3536315323530728
2013-11-20,3.409269428263479
2013-11-21,3.4556703018931154
2013-11-22,3.492834153241982
2013-11-25,3.520760982310079
2013-11-26,3.539450789097407
2013-11-27,3.548903573603965
2013-11-28,3.549119335829753
2013-11-29,3.5400980757747718
2013-12-02,2.940825575063744
2013-12-03,2.9222052586947598
2013-12-04,2.90239298636819
2013-12-05,2.8813887580840345
2013-12-06,2.859192573842293
2013-12-09,2.835804433642966
2013-12-10,2.8112243374860535
2013-12-11,2.785452285371555
2013-12-12,2.7584882772994708
2013-12-13,2.730332313269801
2013-12-16,2.7009843932825452
2013-12-17,2.670444517337704
2013-12-18,2.6387126854352774
2013-12-19,2.6057888975752648
2013-12-20,2.5716731537576663
2013-12-23,2.5363654539824823
2013-12-24,2.4998657982497123
2013-12-25,2.462174186559357
2013-12-26,2.4232906189114156
2013-12-27,2.383215095305889
2013-12-30,2.341947615742776
2013-12-31,2.299488180222078
2014-01-01,2.454143442209414
2014-01-02,2.4090568672630712
2014-01-03,2.3606372222626573
2014-01-06,2.308884507208172
2014-01-07,2.2537987220996154
2014-01-08,2.195379866936988
2014-01-09,2.133627941720289
2014-01-10,2.0685429464495195
2014-01-13,2.000124881124678
2014-01-14,1.928373745745766
2014-01-15,1.8532895403127825
2014-01-16,1.7748722648257278
2014-01-17,1.693121919284602
2014-01-20,1.608038503689405
2014-01-21,1.5196220180401367
2014-01-22,1.4278724623367975
2014-01-23,1.332789836579387
2014-01-24,1.2343741407679052
2014-01-27,1.1326253749023523
2014-01-28,1.0275435389827283
2014-01-29,0.9191286330090332
2014-01-30,0.8073806569812667
2014-01-31,0.692299610899429
2014-02-03,-0.6324544441322497
2014-02-04,-0.7550344564039236
2014-02-05,-0.8640182473909761
2014-02-06,-0.9594058170934073
2014-02-07,-1.0411971655112175
2014-02-10,-1.1093922926444062
2014-02-11,-1.1639911984929738
2014-02-12,-1.20499388305692
2014-02-13,-1.2324003463362452
2014-02-14,-1.2462105883309489
2014-02-17,-1.2464246090410314
2014-02-18,-1.2330424084664926
2014-02-19,-1.2060639866073326
2014-02-20,-1.1654893434635514
2014-02-21,-1.1113184790351491
2014-02-24,-1.0435513933221252
2014-02-25,-0.9621880863244803
2014-02-26,-0.8672285580422141
2014-02-27,-0.7586728084753265
2014-02-28,-0.6365208376238178
2014-03-03,1.2658833431548617
2014-03-04,1.3833617987605342
2014-03-05,1.48903471746128
2014-03-06,1.582902099257098
2014-03-07,1.6649639441479889
2014-03-10,1.7352202521339524
2014-03-11,1.7936710232149886
2014-03-12,1.8403162573910978
2014-03-13,1.8751559546622796
2014-03-14,1.8981901150285339
2014-03-17,1.909418738489861
2014-03-18,1.9088418250462609
2014-03-19,1.8964593746977336
2014-03-20,1.872271387444279
2014-03-21,1.836277863285897
2014-03-24,1.7884788022225877
2014-03-25,1.7288742042543512
2014-03-26,1.6574640693811873
2014-03-27,1.5742483976030963
2014-03-28,1.4792271889200779
2014-03-31,1.3724004433321324
2014-04-01,-1.3310732508400152
2014-04-02,-1.4229243590063771
2014-04-03,-1.4933866693231774
2014-04-04,-1.5424601817904153
2014-04-07,-1.570144896408091
2014-04-08,-1.5764408131762047
2014-04-09,-1.5613479320947563
2014-04-10,-1.524866253163746
2014-04-11,-1.4669957763831734
2014-04-14,-1.3877365017530388
2014-04-15,-1.287088429273342
2014-04-16,-1.1650515589440835
2014-04-17,-1.0216258907652624
2014-04-18,-0.8568114247368797
2014-04-21,-0.6706081608589347
2014-04-22,-0.46301609913142733
2014-04-23,-0.2340352395543583
2014-04-24,0.01633441787227269
2014-04-25,0.28809287314846627
2014-04-28,0.5812401262742215
2014-04-29,0.8957761772495387
2014-04-30,1.2317010260744188
2014-05-01,5.908321056213857
2014-05-02,6.233367520819041
2014-05-05,6.526146803354967
2014-05-06,6.786658903821635
2014-05-07,7.014903822219047
2014-05-08,7.210881558547199
2014-05-09,7.374592112806095
2014-05-12,7.506035484995732
2014-05-13,7.605211675116112
2014-05-14,7.6721206831672335
2014-05-15,7.706762509149098
2014-05-16,7.709137153061705
2014-05-19,7.679244614905053
2014-05-20,7.617084894679144
2014-05-21,7.522657992383977
2014-05-22,7.395963908019553
2014-05-23,7.237002641585871
2014-05-26,7.045774193082931
2014-05-27,6.822278562510733
2014-05-28,6.566515749869278
2014-05-29,6.278485755158565
2014-05-30,5.958188578378593
2014-06-02,1.6315683032902628
2014-06-03,1.2808718023141341
2014-06-04,0.9488319382039236
2014-06-05,0.6354487109596338
2014-06-06,0.34072212058126317
2014-06-09,0.06465216706881227
2014-06-10,-0.19276114957771884
2014-06-11,-0.4315178293583304
2014-06-12,-0.6516178722730223
2014-06-13,-0.8530612783217945
2014-06-16,-1.035848047504647
2014-06-17,-1.19997817982158
2014-06-18,-1.3454516752725931
2014-06-19,-1.4722685338576869
2014-06-20,-1.5804287555768606
2014-06-23,-1.669932340430115
2014-06-24,-1.7407792884174493
2014-06-25,-1.7929695995388644
2014-06-26,-1.8265032737943596
2014-06-27,-1.8413803111839353
2014-06-30,-1.837600711707591
2014-07-01,-0.6252696228829566
2014-07-02,-0.6027697837372463
2014-07-03,-0.5782553647148492
2014-07-04,-0.551726365815765
2014-07-07,-0.5231827870399939
2014-07-08,-0.4926246283875358
2014-07-09,-0.4600518898583908
2014-07-10,-0.4254645714525588
2014-07-11,-0.3888626731700399
2014-07-14,-0.3502461950108341
2014-07-15,-0.30961513697494136
2014-07-16,-0.26696949906236167
2014-07-17,-0.22230928127309504
2014-07-18,-0.1756344836071414
2014-07-21,-0.1269451060645009
2014-07-22,-0.0762411486451735
2014-07-23,-0.023522611349159145
2014-07-24,0.03121050582354226
2014-07-25,0.08795820287293052
2014-07-28,0.14672047979900563
2014-07-29,0.20749733660176767
2014-07-30,0.270288773281217
2014-07-31,0.3350947898373529
2014-08-01,0.45379606191209776
2014-08-04,0.5287339467628107
2014-08-05,0.6054252537044782
2014-08-06,0.6838699827371
2014-08-07,0.7640681338606766
2014-08-08,0.8460197070752076
2014-08-11,0.9297247023806929
2014-08-12,1.0151831197771328
2014-08-13,1.1023949592645272
2014-08-14,1.1913602208428762
2014-08-15,1.2820789045121797
2014-08-18,1.3745510102724376
2014-08-19,1.46877653812365
2014-08-20,1.564755488065817
2014-08-21,1.6624878600989383
2014-08-22,1.7619736542230142
2014-08-25,1.8632128704380446
2014-08-26,1.9662055087440296
2014-08-27,2.0709515691409686
2014-08-28,2.177451051628863
2014-08-29,2.285703956207711
2014-09-01,3.2650982117992706
2014-09-02,3.3608706634889534
2014-09-03,3.447409527774416
2014-09-04,3.524714804655659
2014-09-05,3.5927864941326817
2014-09-08,3.651624596205484
2014-09-09,3.701229110874067
2014-09-10,3.74160003813843
2014-09-11,3.7727373779985722
2014-09-12,3.794641130454495
2014-09-15,3.8073112955061976
2014-09-16,3.8107478731536806
2014-09-17,3.804950863396943
2014-09-18,3.7899202662359857
2014-09-19,3.7656560816708082
2014-09-22,3.732158309701411
2014-09-23,3.6894269503277934
2014-09-24,3.6374620035499565
2014-09-25,3.5762634693678987
2014-09-26,3.505831347781622
2014-09-29,3.426165638791124
2014-09-30,3.337266342396407
2014-10-01,2.308216235723779
2014-10-02,2.216506212232839
2014-10-03,2.1269524019282047
2014-10-06,2.0395548048098746
2014-10-07,1.9543134208778492
2014-10-08,1.871228250132129
2014-10-09,1.7902992925727137
2014-10-10,1.7115265481996031
2014-10-13,1.6349100170127977
2014-10-14,1.5604496990122967
2014-10-15,1.4881455941981008
2014-10-16,1.4179977025702097
2014-10-17,1.3500060241286236
2014-10-20,1.284170558873342
2014-10-21,1.2204913068043655
2014-10-22,1.158968267921694
2014-10-23,1.099601442225327
2014-10-24,1.0423908297152649
2014-10-27,0.987336430391508
2014-10-28,0.9344382442540556
2014-10-29,0.8836962713029083
2014-10-30,0.8351105115380656
2014-10-31,0.7886809649595279
2014-11-03,1.0462583701634351
2014-11-04,0.9936083303231835
2014-11-05,0.9392225840437478
2014-11-06,0.8831011313251282
2014-11-07,0.8252439721673248
2014-11-10,0.7656511065703373
2014-11-11,0.7043225345341659
2014-11-12,0.6412582560588107
2014-11-13,0.5764582711442716
2014-11-14,0.5099225797905484
2014-11-17,0.44165118199764136
2014-11-18,0.37164407776555053
2014-11-19,0.2999012670942756
2014-11-20,0.22642274998381673
2014-11-21,0.1512085264341741
2014-11-24,0.07425859644534749
2014-11-25,-0.004427039982663028
2014-11-26,-0.08484838284985752
2014-11-27,-0.16700543215623598
2014-11-28,-0.2508981879017982
2014-12-01,-2.1472741846385808
2014-12-02,-2.2024052224132404
2014-12-03,-2.238207765627998
2014-12-04,-2.2546818142828533
2014-12-05,-2.251827368377806
2014-12-08,-2.229644427912857
2014-12-09,-2.1881329928880056
2014-12-10,-2.1272930633032514
2014-12-11,-2.0471246391585955
2014-12-12,-1.947627720454037
2014-12-15,-1.828802307189577
2014-12-16,-1.6906483993652137
2014-12-17,-1.5331659969809488
2014-12-18,-1.3563551000367813
2014-12-19,-1.1602157085327116
2014-12-22,-0.9447478224687401
2014-12-23,-0.7099514418448662
2014-12-24,-0.45582656666108934
2014-12-25,-0.18237319691741105
2014-12-26,0.11040866738616961
2014-12-29,0.42251902624965243
2014-12-30,0.7539578796730385
2014-12-31,1.104725227656326
2015-01-01,5.789630905448548
2015-01-02,6.144182937906187
2015-01-05,6.466368621980859
2015-01-06,6.756187957672562
2015-01-07,7.013640944981298
2015-01-08,7.238727583907065
2015-01-09,7.431447874449865
2015-01-12,7.591801816609696
2015-01-13,7.719789410386559
2015-01-14,7.815410655780455
2015-01-15,7.878665552791382
2015-01-16,7.909554101419341
2015-01-19,7.908076301664333
2015-01-20,7.874232153526356
2015-01-21,7.808021657005412
2015-01-22,7.7094448121014985
2015-01-23,7.578501618814618
2015-01-26,7.41519207714477
2015-01-27,7.219516187091952
2015-01-28,6.991473948656168
2015-01-29,6.731065361837415
2015-01-30,6.438290426635694
2015-02-02,2.7357301428637038
2015-02-03,2.389438202968352
2015-02-04,2.054509735120808
2015-02-05,1.7309447393210704
2015-02-06,1.418743215569139
2015-02-09,1.1179051638650146
2015-02-10,0.8284305842086969
2015-02-11,0.5503194766001858
2015-02-12,0.2835718410394813
2015-02-13,0.028187677526583438
2015-02-16,-0.215833013938508
2015-02-17,-0.4484902333557923
2015-02-18,-0.6697839807252703
2015-02-19,-0.8797142560469419
2015-02-20,-1.0782810593208063
2015-02-23,-1.2654843905468645
2015-02-24,-1.4413242497251155
2015-02-25,-1.6058006368555604
2015-02-26,-1.7589135519381986
2015-02-27,-1.9006629949730298
2015-03-02,-1.7249402853586449
2015-03-03,-1.8378147397264668
2015-03-04,-1.9450309475648155
2015-03-05,-2.046588908873691
2015-03-06,-2.1424886236530933
2015-03-09,-2.232730091903022
2015-03-10,-2.3173133136234783
2015-03-11,-2.39623828881446
2015-03-12,-2.46950501747597
2015-03-13,-2.537113499608006
2015-03-16,-2.5990637352105685
2015-03-17,-2.655355724283658
2015-03-18,-2.7059894668272744
2015-03-19,-2.7509649628414174
2015-03-20,-2.790282212326087
2015-03-23,-2.8239412152812835
2015-03-24,-2.851941971707007
2015-03-25,-2.8742844816032567
2015-03-26,-2.8909687449700336
2015-03-27,-2.901994761807337
2015-03-30,-2.9073625321151675
2015-03-31,-2.9070720558935244
2015-04-01,-3.03271279830824
2015-04-02,-3.01947117728646
2015-04-03,-2.998936657994016
2015-04-06,-2.971109240430909
2015-04-07,-2.935988924597138
2015-04-08,-2.893575710492703
2015-04-09,-2.8438695981176045
2015-04-10,-2.7868705874718422
2015-04-13,-2.7225786785554162
2015-04-14,-2.6509938713683265
2015-04-15,-2.572116165910573
2015-04-16,-2.485945562182156
2015-04-17,-2.392482060183075
2015-04-20,-2.2917256599133307
2015-04-21,-2.1836763613729224
2015-04-22,-2.0683341645618505
2015-04-23,-1.9456990694801148
2015-04-24,-1.8157710761277155
2015-04-27,-1.6785501845046522
2015-04-28,-1.5340363946109257
2015-04-29,-1.3822297064465352
2015-04-30,-1.2231301200114806
2015-05-01,0.7010061156128405
2015-05-04,0.8594124558670682
2015-05-05,1.001909200017153
2015-05-06,1.1284963480630938
2015-05-07,1.2391739000048916
2015-05-08,1.333941855842546
2015-05-11,1.4128002155760568
2015-05-12,1.4757489792054246
2015-05-13,1.5227881467306488
2015-05-14,1.5539177181517294
2015-05-15,1.569137693468667
2015-05-18,1.5684480726814614
2015-05-19,1.5518488557901118
2015-05-20,1.519340042794619
2015-05-21,1.4709216336949833
2015-05-22,1.406593628491204
2015-05-25,1.326356027183281
2015-05-26,1.2302088297712148
2015-05-27,1.1181520362550055
2015-05-28,0.9901856466346524
2015-05-29,0.8463096609101562
2015-06-01,-1.7579102022353095
2015-06-02,-1.8945152619846688
2015-06-03,-2.015202780646959
2015-06-04,-2.1199727582221795
2015-06-05,-2.208825194710331
2015-06-08,-2.281760090111413
2015-06-09,-2.3387774444254257
2015-06-10,-2.379877257652369
2015-06-11,-2.4050595297922426
2015-06-12,-2.414324260845047
2015-06-15,-2.407671450810782
2015-06-16,-2.385101099689448
2015-06-17,-2.346613207481044
2015-06-18,-2.292207774185571
2015-06-19,-2.221884799803029
2015-06-22,-2.135644284333417
2015-06-23,-2.033486227776736
2015-06-24,-1.9154106301329856
2015-06-25,-1.7814174914021654
2015-06-26,-1.6315068115842764
2015-06-29,-1.465678590679318
2015-06-30,-1.2839328286872898
2015-07-01,1.0462022991626223
2015-07-02,1.2255510138180439
2015-07-03,1.3951791967054024
2015-07-06,1.5550868478246977
2015-07-07,1.7052739671759305
2015-07-08,1.8457405547591004
2015-07-09,1.9764866105742072
2015-07-10,2.097512134621251
2015-07-13,2.208817126900232
2015-07-14,2.31040158741115
2015-07-15,2.402265516154005
2015-07-16,2.484408913128797
2015-07-17,2.5568317783355266
2015-07-20,2.619534111774193
2015-07-21,2.672515913444796
2015-07-22,2.7157771833473365
2015-07-23,2.749317921481814
2015-07-24,2.7731381278482288
2015-07-27,2.7872378024465805
2015-07-28,2.791616945276869
2015-07-29,2.7862755563390946
2015-07-30,2.7712136356332575
2015-07-31,2.7464311831593573
2015-08-03,1.4490196532523854
2015-08-04,1.4167651080224495
2015-08-05,1.3900450003037752
2015-08-06,1.3688593300963625
2015-08-07,1.3532080974002116
2015-08-10,1.3430913022153221
2015-08-11,1.3385089445416944
2015-08-12,1.3394610243793286
2015-08-13,1.345947541728224
2015-08-14,1.3579684965883814
2015-08-17,1.3755238889598003
2015-08-18,1.3986137188424808
2015-08-19,1.427237986236423
2015-08-20,1.461396691141627
2015-08-21,1.5010898335580922
2015-08-24,1.5463174134858195
2015-08-25,1.5970794309248082
2015-08-26,1.6533758858750587
2015-08-27,1.7152067783365708
2015-08-28,1.7825721083093444
2015-08-31,1.85547187579338
2015-09-01,2.7335220673996656
2015-09-02,2.803477542981133
2015-09-03,2.8685194802849208
2015-09-04,2.928647879311029
2015-09-07,2.983862740059458
2015-09-08,3.034164062530207
2015-09-09,3.0795518467232763
2015-09-10,3.1200260926386663
2015-09-11,3.1555868002763763
2015-09-14,3.186233969636407
2015-09-15,3.211967600718758
2015-09-16,3.232787693523429
2015-09-17,3.248694248050421
2015-09-18,3.2596872642997328
2015-09-21,3.2657667422713654
2015-09-22,3.266932681965318
2015-09-23,3.2631850833815914
2015-09-24,3.254523946520185
2015-09-25,3.240949271381099
2015-09-28,3.2224610579643334
2015-09-29,3.199059306269888
2015-09-30,3.170744016297763
2015-10-01,3.57157072732119
2015-10-02,3.52803636651702
2015-10-05,3.4741964731584836
2015-10-06,3.4100510472455823
2015-10-07,3.3356000887783144
2015-10-08,3.2508435977566816
2015-10-09,3.1557815741806823
2015-10-12,3.050414018050318
2015-10-13,2.9347409293655877
2015-10-14,2.8087623081264916
2015-10-15,2.67247815433303
2015-10-16,2.5258884679852027
2015-10-19,2.368993249083009
2015-10-20,2.2017924976264505
2015-10-21,2.0242862136155257
2015-10-22,1.8364743970502353
2015-10-23,1.6383570479305793
2015-10-26,1.429934166256558
2015-10-27,1.2112057520281698
2015-10-28,0.9821718052454169
2015-10-29,0.7428323259082981
2015-10-30,0.49318731401681326
2015-11-02,-1.8029660615903422
2015-11-03,-2.0589258648199715
2015-11-04,-2.298516329478816
2015-11-05,-2.521737455566875
2015-11-06,-2.7285892430841487
2015-11-09,-2.9190716920306374
2015-11-10,-3.0931848024063404
2015-11-11,-3.250928574211259
2015-11-12,-3.392303007445392
2015-11-13,-3.5173081021087396
2015-11-16,-3.625943858201302
2015-11-17,-3.7182102757230795
2015-11-18,-3.7941073546740713
2015-11-19,-3.853635095054278
2015-11-20,-3.8967934968636997
2015-11-23,-3.923582560102336
2015-11-24,-3.9340022847701874
2015-11-25,-3.928052670867253
2015-11-26,-3.905733718393534
2015-11-27,-3.867045427349029
2015-11-30,-3.8119877977337397
2015-12-01,-4.174367187578456
2015-12-02,-4.090615816927709
2015-12-03,-3.988329003100456
2015-12-04,-3.867506746096698
2015-12-07,-3.7281490459164353
2015-12-08,-3.5702559025596665
2015-12-09,-3.3938273160263934
2015-12-10,-3.198863286316614
2015-12-11,-2.9853638134303306
2015-12-14,-2.7533288973675414
2015-12-15,-2.502758538128247
2015-12-16,-2.2336527357124476
2015-12-17,-1.9460114901201429
2015-12-18,-1.6398348013513324
2015-12-21,-1.3151226694060174
2015-12-22,-0.9718750942841974
2015-12-23,-0.6100920759858721
2015-12-24,-0.22977361451104028
2015-12-25,0.16908029014029524
2015-12-28,0.586469637968136
2015-12-29,1.022394428972482
2015-12-30,1.4768546631533346
2015-12-31,1.9498503405106904
2016-01-01,7.579302099466905
2016-01-04,8.070144861374455
2016-01-05,8.5134867769858
2016-01-06,8.909327846300942
2016-01-07,9.25766806931988
2016-01-08,9.558507446042615
2016-01-11,9.811845976469145
2016-01-12,10.017683660599472
2016-01-13,10.176020498433594
2016-01-14,10.286856489971514
2016-01-15,10.350191635213228
2016-01-18,10.36602593415874
2016-01-19,10.334359386808046
2016-01-20,10.25519199316115
2016-01-21,10.12852375321805
2016-01-22,9.954354666978746
2016-01-25,9.732684734443238
2016-01-26,9.463513955611525
2016-01-27,9.14684233048361
2016-01-28,8.78266985905949
2016-01-29,8.370996541339167
2016-02-01,2.529798235930341
2016-02-02,2.0965144639093234
2016-02-03,1.6891210838838138
2016-02-04,1.3076180958538146
2016-02-05,0.9520054998193244
2016-02-08,0.6222832957803435
2016-02-09,0.31845148373687204
2016-02-10,0.04051006368890997
2016-02-11,-0.21154096436354297
2016-02-12,-0.43770160042048656
2016-02-15,-0.6379718444819208
2016-02-16,-0.812351696547846
2016-02-17,-0.9608411566182614
2016-02-18,-1.083440224693168
2016-02-19,-1.180148900772565
2016-02-22,-1.2509671848564525
2016-02-23,-1.2958950769448312
2016-02-24,-1.3149325770377
2016-02-25,-1.30807968513506
2016-02-26,-1.2753364012369102
2016-02-29,-1.2167027253432519
2016-03-01,1.2590742524301575
2016-03-02,1.3306086386108469
2016-03-03,1.3965032620299411
2016-03-04,1.456758122687441
2016-03-07,1.511373220583346
2016-03-08,1.5603485557176566
2016-03-09,1.6036841280903722
2016-03-10,1.6413799377014933
2016-03-11,1.6734359845510194
2016-03-14,1.699852268638951
2016-03-15,1.720628789965288
2016-03-16,1.73576554853003
2016-03-17,1.7452625443331775
2016-03-18,1.7491197773747302
2016-03-21,1.7473372476546882
2016-03-22,1.7399149551730517
2016-03-23,1.7268528999298203
2016-03-24,1.708151081924994
2016-03-25,1.6838095011585734
2016-03-28,1.653828157630558
2016-03-29,1.6182070513409477
2016-03-30,1.5769461822897428
2016-03-31,1.5300455504769432
2016-04-01,0.936155490255846
2016-04-04,0.879191457021063
2016-04-05,0.8228076322282147
2016-04-06,0.7670040158773013
2016-04-07,0.711780607968322
2016-04-08,0.6571374085012778
2016-04-11,0.603074417476168
2016-04-12,0.549591634892993
2016-04-13,0.4966890607517525
2016-04-14,0.4443666950524468
2016-04-15,0.39262453779507567
2016-04-18,0.34146258897963916
2016-04-19,0.2908808486061374
2016-04-20,0.24087931667457013
2016-04-21,0.19145799318493767
2016-04-22,0.14261687813723972
2016-04-25,0.09435597153147651
2016-04-26,0.046675273367647874
2016-04-27,-0.00042521635424602744
2016-04-28,-0.04694549763420536
2016-04-29,-0.09288557047223
2016-05-02,-1.2018738947559604
2016-05-03,-1.2314178106747686
2016-05-04,-1.2472075901342992
2016-05-05,-1.2492432331345522
2016-05-06,-1.2375247396755276
2016-05-09,-1.2120521097572254
2016-05-10,-1.1728253433796454
2016-05-11,-1.1198444405427879
2016-05-12,-1.0531094012466529
2016-05-13,-0.9726202254912399
2016-05-16,-0.8783769132765495
2016-05-17,-0.7703794646025814
2016-05-18,-0.6486278794693356
2016-05-19,-0.5131221578768124
2016-05-20,-0.3638622998250115
2016-05-23,-0.20084830531393266
2016-05-24,-0.02408017434357651
2016-05-25,0.16644209308605723
2016-05-26,0.370718496974969
2016-05-27,0.5887490373231581
2016-05-30,0.8205337141306246
2016-05-31,1.0660725273973695
2016-06-01,4.19724379388858
2016-06-02,4.434615373033319
2016-06-03,4.650065581596773
2016-06-06,4.843594419578944
2016-06-07,5.015201886979832
2016-06-08,5.164887983799435
2016-06-09,5.292652710037754
2016-06-10,5.398496065694791
2016-06-13,5.482418050770543
2016-06-14,5.544418665265011
2016-06-15,5.5844979091781966
2016-06-16,5.602655782510098
2016-06-17,5.598892285260715
2016-06-20,5.573207417430049
2016-06-21,5.525601179018099
2016-06-22,5.456073570024865
2016-06-23,5.364624590450347
2016-06-24,5.251254240294546
2016-06-27,5.115962519557462
2016-06-28,4.958749428239092
2016-06-29,4.77961496633944
2016-06-30,4.578559133858504
2016-07-01,1.8709824319030322
2016-07-04,1.6471320875094304
2016-07-05,1.433026563835027
2016-07-06,1.2286658608798238
2016-07-07,1.0340499786438193
2016-07-08,0.8491789171270149
2016-07-11,0.6740526763294095
2016-07-12,0.5086712562510035
2016-07-13,0.3530346568917969
2016-07-14,0.20714287825178979
2016-07-15,0.07099592033098201
2016-07-18,-0.05540621687062652
2016-07-19,-0.17206353335303542
2016-07-20,-0.2789760291162451
2016-07-21,-0.3761437041602553
2016-07-22,-0.4635665584850661
2016-07-25,-0.5412445920906774
2016-07-26,-0.6091778049770896
2016-07-27,-0.6673661971443023
2016-07-28,-0.7158097685923157
2016-07-29,-0.7545085193211294
2016-08-01,-0.6833396235716319
2016-08-02,-0.7027785906865041
2016-08-03,-0.7152203279509481
2016-08-04,-0.7206648353649643
2016-08-05,-0.7191121129285523
2016-08-08,-0.7105621606417123
2016-08-09,-0.6950149785044443
2016-08-10,-0.6724705665167482
2016-08-11,-0.6429289246786242
2016-08-12,-0.606390052990072
2016-08-15,-0.5628539514510918
2016-08-16,-0.5123206200616836
2016-08-17,-0.4547900588218473
2016-08-18,-0.39026226773158296
2016-08-19,-0.31873724679089066
2016-08-22,-0.24021499599977034
2016-08-23,-0.15469551535822204
2016-08-24,-0.06217880486624541
2016-08-25,0.03733513547615905
2016-08-26,0.14384630566899145
2016-08-29,0.25735470571225194
2016-08-30,0.3778603356059408
2016-08-31,0.5053631953500574
2016-09-01,1.9223757231184129
2016-09-02,2.0547447402159293
2016-09-05,2.178869044380302
2016-09-06,2.2947486356115303
2016-09-07,2.4023835139096152
2016-09-08,2.5017736792745557
2016-09-09,2.5929191317063527
2016-09-12,2.675819871205005
2016-09-13,2.750475897770514
2016-09-14,2.816887211402879
2016-09-15,2.8750538121021
2016-09-16,2.924975699868177
2016-09-19,2.9666528747011105
2016-09-20,3.0000853366008995
2016-09-21,3.025273085567545
2016-09-22,3.0422161216010464
2016-09-23,3.050914444701404
2016-09-26,3.0513680548686173
2016-09-27,3.0435769521026868
2016-09-28,3.0275411364036127
2016-09-29,3.003260607771394
2016-09-30,2.970735366206032
2016-10-03,1.5899698075838413
2016-10-04,1.5564674107688707
2016-10-05,1.5321739980421258
2016-10-06,1.5170895694036075
2016-10-07,1.5112141248533153
2016-10-10,1.5145476643912492
2016-10-11,1.5270901880174093
2016-10-12,1.5488416957317956
2016-10-13,1.579802187534408
2016-10-14,1.6199716634252466
2016-10-17,1.6693501234043113
2016-10-18,1.7279375674716024
2016-10-19,1.7957339956271194
2016-10-20,1.8727394078708628
2016-10-21,1.9589538042028323
2016-10-24,2.0543771846230277
2016-10-25,2.15900954913145
2016-10-26,2.2728508977280972
2016-10-27,2.3959012304129716
2016-10-28,2.528160547186072
2016-10-31,2.669628848047398
2016-11-01,5.668831566241207
2016-11-02,5.785621071057153
2016-11-03,5.875371763237202
2016-11-04,5.938083642781351
2016-11-07,5.9737567096896
2016-11-08,5.982390963961952
2016-11-09,5.963986405598405
2016-11-10,5.918543034598959
2016-11-11,5.846060850963613
2016-11-14,5.74653985469237
2016-11-15,5.619980045785226
2016-11-16,5.466381424242185
2016-11-17,5.285743990063244
2016-11-18,5.078067743248405
2016-11-21,4.843352683797667
2016-11-22,4.58159881171103
2016-11-23,4.292806126988494
2016-11-24,3.9769746296300594
2016-11-25,3.6341043196357252
2016-11-28,3.264195197005493
2016-11-29,2.8672472617393625
2016-11-30,2.4432605138373313
2016-12-01,-2.5921990723918276
2016-12-02,-3.01331395456328
2016-12-05,-3.4045181583682558
2016-12-06,-3.7658116838067546
2016-12-07,-4.097194530878777
2016-12-08,-4.398666699584322
2016-12-09,-4.6702281899233915
2016-12-12,-4.911879001895983
2016-12-13,-5.123619135502099
2016-12-14,-5.3054485907417375
2016-12-15,-5.4573673676149
2016-12-16,-5.579375466121585
2016-12-19,-5.671472886261793
2016-12-20,-5.733659628035525
2016-12-21,-5.765935691442781
2016-12-22,-5.768301076483559
2016-12-23,-5.740755783157861
2016-12-26,-5.6832998114656865
2016-12-27,-5.595933161407035
2016-12-28,-5.478655832981906
2016-12-29,-5.331467826190302
2016-12-30,-5.15436914103222
2017-01-02,-1.6802161327984027
2017-01-03,-1.4838817262453707
2017-01-04,-1.2982222766638651
2017-01-05,-1.1232377840538867
2017-01-06,-0.9589282484154343
2017-01-09,-0.8052936697485086
2017-01-10,-0.6623340480531094
2017-01-11,-0.5300493833292367
2017-01-12,-0.40843967557689054
2017-01-13,-0.2975049247960708
2017-01-16,-0.19724513098677765
2017-01-17,-0.10766029414901107
2017-01-18,-0.028750414282770892
2017-01-19,0.03948450861194264
2017-01-20,0.09704447453512965
2017-01-23,0.14392948348679024
2017-01-24,0.18013953546692418
2017-01-25,0.2056746304755317
2017-01-26,0.22053476851261267
2017-01-27,0.2247199495781671
2017-01-30,0.218230173672195
2017-01-31,0.20106544079469635
2017-02-01,-0.7876071724236434
2017-02-02,-0.8167254643001428
2017-02-03,-0.8443383892192139
2017-02-06,-0.8704459471808568
2017-02-07,-0.8950481381850715
2017-02-08,-0.9181449622318578
2017-02-09,-0.939736419321216
2017-02-10,-0.9598225094531458
2017-02-13,-0.9784032326276475
2017-02-14,-0.995478588844721
2017-02-15,-1.011048578104366
2017-02-16,-1.025113200406583
2017-02-17,-1.037672455751372
2017-02-20,-1.048726344138732
2017-02-21,-1.0582748655686642
2017-02-22,-1.0663180200411682
2017-02-23,-1.0728558075562438
2017-02-24,-1.0778882281138915
2017-02-27,-1.0814152817141105
2017-02-28,-1.0834369683569016
2017-03-01,-0.3623681217167801
2017-03-02,-0.36987896570433454
2017-03-03,-0.3844516800399973
2017-03-06,-0.4060862647237685
2017-03-07,-0.4347827197556483
2017-03-08,-0.47054104513563655
2017-03-09,-0.5133612408637332
2017-03-10,-0.5632433069399385
2017-03-13,-0.6201872433642522
2017-03-14,-0.6841930501366745
2017-03-15,-0.7552607272572052
2017-03-16,-0.8333902747258444
2017-03-17,-0.9185816925425919
2017-03-20,-1.0108349807074481
2017-03-21,-1.110150139220413
2017-03-22,-1.2165271680814858
2017-03-23,-1.3299660672906675
2017-03-24,-1.4504668368479576
2017-03-27,-1.5780294767533563
2017-03-28,-1.7126539870068633
2017-03-29,-1.8543403676084789
2017-03-30,-2.0030886185582033
2017-03-31,-2.1588987398560358
2017-04-03,-4.597189666733963
2017-04-04,-4.759804352687322
2017-04-05,-4.897730934201207
2017-04-06,-5.010969411275618
2017-04-07,-5.099519783910556
2017-04-10,-5.16338205210602
2017-04-11,-5.202556215862011
2017-04-12,-5.217042275178528
2017-04-13,-5.206840230055572
2017-04-14,-5.171950080493142
2017-04-17,-5.112371826491239
2017-04-18,-5.028105468049861
2017-04-19,-4.91915100516901
2017-04-20,-4.785508437848686
2017-04-21,-4.627177766088888
2017-04-24,-4.444158989889616
2017-04-25,-4.236452109250871
2017-04-26,-4.004057124172653
2017-04-27,-3.7469740346549605
2017-04-28,-3.465202840697795
2017-05-01,-0.8916865107877399
2017-05-02,-0.6325329434725935
2017-05-03,-0.3807121552741608
2017-05-04,-0.1362241461924416
2017-05-05,0.10093108377256366
2017-05-08,0.330753534620855
2017-05-09,0.5532432063524328
2017-05-10,0.7684000989672969
2017-05-11,0.976224212465447
2017-05-12,1.1767155468468835
2017-05-15,1.369874102111606
2017-05-16,1.5556998782596152
2017-05-17,1.7341928752909104
2017-05-18,1.905353093205492
2017-05-19,2.06918053200336
2017-05-22,2.2256751916845134
2017-05-23,2.374837072248953
2017-05-24,2.51666617369668
2017-05-25,2.651162496027692
2017-05-26,2.778326039241991
2017-05-29,2.8981568033395764
2017-05-30,3.0106547883204478
2017-05-31,3.115819994184605
2017-06-01,3.126281916303234
2017-06-02,3.2216582828013376
2017-06-05,3.3101316605615816
2017-06-06,3.3917020495839654
2017-06-07,3.4663694498684894
2017-06-08,3.5341338614151527
2017-06-09,3.5949952842239563
2017-06-12,3.6489537182949
2017-06-13,3.6960091636279833
2017-06-14,3.736161620223207
2017-06-15,3.7694110880805702
2017-06-16,3.7957575672000736
2017-06-19,3.815201057581717
2017-06-20,3.8277415592254997
2017-06-21,3.833379072131423
2017-06-22,3.832113596299486
2017-06-23,3.823945131729689
2017-06-26,3.808873678422032
2017-06-27,3.786899236376515
2017-06-28,3.7580218055931374
2017-06-29,3.7222413860719
2017-06-30,3.679557977812803
2017-07-03,3.2724319877561086
2017-07-04,3.217766175184233
2017-07-05,3.1603822040372953
2017-07-06,3.100280074315295
2017-07-07,3.037459786018232
2017-07-10,2.9719213391461063
2017-07-11,2.903664733698918
2017-07-12,2.832689969676667
2017-07-13,2.7589970470793537
2017-07-14,2.6825859659069775
2017-07-17,2.6034567261595387
2017-07-18,2.5216093278370373
2017-07-19,2.437043770939473
2017-07-20,2.3497600554668465
2017-07-21,2.259758181419157
2017-07-24,2.1670381487964057
2017-07-25,2.071599957598591
2017-07-26,1.9734436078257138
2017-07-27,1.8725690994777742
2017-07-28,1.7689764325547714
2017-07-31,1.6626656070567067
2017-08-01,0.15182380010748553
2017-08-02,0.065994024356404
2017-08-03,-0.0061173242963815655
2017-08-04,-0.06451024585087123
2017-08-07,-0.10918474030706482
2017-08-08,-0.14014080766496256
2017-08-09,-0.15737844792456432
2017-08-10,-0.16089766108587017
2017-08-11,-0.15069844714888003
2017-08-14,-0.126780806113594
2017-08-15,-0.08914473798001199
2017-08-16,-0.03779024274813403
2017-08-17,0.027282679582039837
2017-08-18,0.10607402901050977
2017-08-21,0.19858380553727556
2017-08-22,0.30481200916233714
2017-08-23,0.4247586398856947
2017-08-24,0.5584236977073485
2017-08-25,0.705807182627298
2017-08-28,0.8669090946455433
2017-08-29,1.0417294337620846
2017-08-30,1.2302681999769225
2017-08-31,1.4325253932900555
2017-09-01,4.650463734983102
2017-09-04,4.862674963237491
2017-09-05,5.050552692628989
2017-09-06,5.214096923157597
2017-09-07,5.353307654823315
2017-09-08,5.4681848876261405
2017-09-11,5.558728621566076
2017-09-12,5.624938856643121
2017-09-13,5.666815592857275
2017-09-14,5.684358830208539
2017-09-15,5.677568568696912
2017-09-18,5.646444808322394
2017-09-19,5.590987549084986
2017-09-20,5.511196790984687
2017-09-21,5.407072534021497
2017-09-22,5.278614778195416
2017-09-25,5.125823523506445
2017-09-26,4.948698769954583
2017-09-27,4.74724051753983
2017-09-28,4.5214487662621865
2017-09-29,4.271323516121654
2017-10-02,1.485848127533524
2017-10-03,1.2329678539157634
2017-10-04,0.9891906580016925
2017-10-05,0.7545165397913118
2017-10-06,0.5289454992846205
2017-10-09,0.3124775364816199
2017-10-10,0.10511265138230896
2017-10-11,-0.09314915601331186
2017-10-12,-0.28230788570524296
2017-10-13,-0.46236353769348415
2017-10-16,-0.6333161119780353
2017-10-17,-0.7951656085588963
2017-10-18,-0.9479120274360677
2017-10-19,-1.091555368609549
2017-10-20,-1.22609563207934
2017-10-23,-1.3515328178454418
2017-10-24,-1.467866925907853
2017-10-25,-1.5750979562665743
2017-10-26,-1.673225908921606
2017-10-27,-1.7622507838729473
2017-10-30,-1.842172581120599
2017-10-31,-1.9129913006645605
2017-11-01,-1.1325527198872196
2017-11-02,-1.1956268271619082
2017-11-03,-1.260059399871014
2017-11-06,-1.3258504380145366
2017-11-07,-1.3929999415924765
2017-11-08,-1.4615079106048332
2017-11-09,-1.531374345051607
2017-11-10,-1.602599244932798
2017-11-13,-1.6751826102484058
2017-11-14,-1.7491244409984308
2017-11-15,-1.8244247371828728
2017-11-16,-1.9010834988017318
2017-11-17,-1.979100725855008
2017-11-20,-2.058476418342701
2017-11-21,-2.139210576264811
2017-11-22,-2.2213031996213384
2017-11-23,-2.3047542884122825
2017-11-24,-2.3895638426376435
2017-11-27,-2.475731862297422
2017-11-28,-2.563258347391617
2017-11-29,-2.6521432979202295
2017-11-30,-2.742386713883259
2017-12-01,-5.778582316675754
2017-12-04,-5.835913607106164
2017-12-05,-5.854612312217279
2017-12-06,-5.834678432009097
2017-12-07,-5.77611196648162
2017-12-08,-5.678912915634848
2017-12-11,-5.54308127946878
2017-12-12,-5.368617057983416
2017-12-13,-5.155520251178757
2017-12-14,-4.903790859054801
2017-12-15,-4.613428881611551
2017-12-18,-4.284434318849004
2017-12-19,-3.9168071707671626
2017-12-20,-3.510547437366024
2017-12-21,-3.0656551186455916
2017-12-22,-2.582130214605862
2017-12-25,-2.059972725246838
2017-12-26,-1.4991826505685166
2017-12-27,-0.8997599905709017
2017-12-28,-0.2617047452539891
2017-12-29,0.4149830853822172
2018-01-01,8.266481952597731
2018-01-02,8.870348058228188
2018-01-03,9.424961628834078
2018-01-04,9.930322664415403
2018-01-05,10.386431164972159
2018-01-08,10.793287130504348
2018-01-09,11.15089056101197
2018-01-10,11.459241456495025
2018-01-11,11.718339816953513
2018-01-12,11.928185642387435
2018-01-15,12.088778932796787
2018-01-16,12.200119688181575
2018-01-17,12.262207908541795
2018-01-18,12.275043593877447
2018-01-19,12.238626744188533
2018-01-22,12.152957359475051
2018-01-23,12.018035439737004
2018-01-24,11.833860984974388
2018-01-25,11.600433995187206
2018-01-26,11.317754470375457
2018-01-29,10.98582241053914
2018-01-30,10.604637815678256
2018-01-31,10.174200685792805
2018-02-01,3.2702677539723584
2018-02-02,2.749512510902985
2018-02-05,2.259645139410759
2018-02-06,1.8006656394956795
2018-02-07,1.3725740111577476
2018-02-08,0.9753702543969618
2018-02-09,0.6090543692133235
2018-02-12,0.27362635560683213
2018-02-13,-0.03091378642251219
2018-02-14,-0.3045660568747095
2018-02-15,-0.54733045574976
2018-02-16,-0.7592069830476631
2018-02-19,-0.9401956387684196
2018-02-20,-1.0902964229120289
2018-02-21,-1.2095093354784914
2018-02-22,-1.2978343764678066
2018-02-23,-1.3552715458799751
2018-02-26,-1.3818208437149964
2018-02-27,-1.3774822699728704
2018-02-28,-1.342255824653598
2018-03-01,1.5235000568976513
2018-03-02,1.5743045614607791
2018-03-05,1.6158096461357438
2018-03-06,1.6480153109225455
2018-03-07,1.6709215558211845
2018-03-08,1.6845283808316602
2018-03-09,1.688835785953973
2018-03-12,1.683843771188123
2018-03-13,1.6695523365341098
2018-03-14,1.645961481991934
2018-03-15,1.613071207561595
2018-03-16,1.5708815132430929
2018-03-19,1.519392399036428
2018-03-20,1.4586038649416002
2018-03-21,1.3885159109586094
2018-03-22,1.3091285370874555
2018-03-23,1.2204417433281387
2018-03-26,1.122455529680659
2018-03-27,1.0151698961450162
2018-03-28,0.8985848427212106
2018-03-29,0.7727003694092422
2018-03-30,0.6375164762091104
2018-04-02,-1.3315856918666256
2018-04-03,-1.468323133515021
2018-04-04,-1.5904345459574087
2018-04-05,-1.6979199291937876
2018-04-06,-1.7907792832241587
2018-04-09,-1.8690126080485214
2018-04-10,-1.932619903666876
2018-04-11,-1.9816011700792224
2018-04-12,-2.0159564072855605
2018-04-13,-2.0356856152858906
2018-04-16,-2.0407887940802123
2018-04-17,-2.031265943668526
2018-04-18,-2.007117064050831
2018-04-19,-1.9683421552271279
2018-04-20,-1.914941217197417
2018-04-23,-1.8469142499616975
2018-04-24,-1.76426125351997
2018-04-25,-1.6669822278722342
2018-04-26,-1.5550771730184905
2018-04-27,-1.428546088958738
2018-04-30,-1.2873889756929777
2018-05-01,0.6028923187923434
2018-05-02,0.7375302844922011
2018-05-03,0.8645694336350843
2018-05-04,0.9840097662209932
2018-05-07,1.0958512822499276
2018-05-08,1.2000939817218876
2018-05-09,1.296737864636873
2018-05-10,1.385782930994884
2018-05-11,1.4672291807959204
2018-05-14,1.5410766140399825
2018-05-15,1.60732523072707
2018-05-16,1.6659750308571832
2018-05-17,1.717026014430322
2018-05-18,1.7604781814464863
2018-05-21,1.7963315319056758
2018-05-22,1.8245860658078912
2018-05-23,1.845241783153132
2018-05-24,1.8582986839413984
2018-05-25,1.8637567681726903
2018-05-28,1.861616035847008
2018-05-29,1.851876486964351
2018-05-30,1.8345381215247194
2018-05-31,1.8096009395281136
2018-06-01,1.125483629123142
2018-06-04,1.0895944566075562
2018-06-05,1.0534507766588774
2018-06-06,1.0170525892771058
2018-06-07,0.9803998944622413
2018-06-08,0.9434926922142838
2018-06-11,0.9063309825332332
2018-06-12,0.8689147654190897
2018-06-13,0.8312440408718532
2018-06-14,0.7933188088915238
2018-06-15,0.7551390694781015
2018-06-18,0.7167048226315861
2018-06-19,0.6780160683519779
2018-06-20,0.6390728066392766
2018-06-21,0.5998750374934824
2018-06-22,0.5604227609145952
2018-06-25,0.5207159769026152
2018-06-26,0.48075468545754196
2018-06-27,0.440538886579376
2018-06-28,0.4000685802681169
2018-06-29,0.359343766523765
2018-07-02,0.07241257981445873
2018-07-03,0.03613097785309734
2018-07-04,0.002684398690662934
2018-07-05,-0.027927157672844413
2018-07-06,-0.05570369123742486
2018-07-09,-0.08064520200307825
2018-07-10,-0.10275168996980467
2018-07-11,-0.1220231551376041
2018-07-12,-0.13845959750647657
2018-07-13,-0.15206101707642203
2018-07-16,-0.1628274138474405
2018-07-17,-0.170758787819532
2018-07-18,-0.1758551389926965
2018-07-19,-0.17811646736693404
2018-07-20,-0.17754277294224455
2018-07-23,-0.17413405571862808
2018-07-24,-0.16789031569608465
2018-07-25,-0.15881155287461424
2018-07-26,-0.14689776725421677
2018-07-27,-0.1321489588348924
2018-07-30,-0.114565127616641
2018-07-31,-0.0941462735994626
2018-08-01,-1.2876104052647035
2018-08-02,-1.2489535685626991
2018-08-03,-1.193882733852357
2018-08-06,-1.1223979011336769
2018-08-07,-1.0344990704066588
2018-08-08,-0.9301862416713023
2018-08-09,-0.8094594149276083
2018-08-10,-0.6723185901755758
2018-08-13,-0.5187637674152055
2018-08-14,-0.3487949466464968
2018-08-15,-0.16241212786945036
2018-08-16,0.040384688915934386
2018-08-17,0.25959550370965695
2018-08-20,0.4952203165117181
2018-08-21,0.7472591273221167
2018-08-22,1.0157119361408535
2018-08-23,1.3005787429679283
2018-08-24,1.601859547803342
2018-08-27,1.9195543506470927
2018-08-28,2.253663151499181
2018-08-29,2.604185950359608
2018-08-30,2.971122747228374
2018-08-31,3.354473542105477
2018-09-03,9.026682126650895
2018-09-04,9.429298411289306
2018-09-05,9.77480146874787
2018-09-06,10.063191299026586
2018-09-07,10.294467902125456
2018-09-10,10.46863127804448
2018-09-11,10.585681426783657
2018-09-12,10.645618348342985
2018-09-13,10.648442042722467
2018-09-14,10.594152509922102
2018-09-17,10.482749749941892
2018-09-18,10.314233762781834
2018-09-19,10.088604548441928
2018-09-20,9.805862106922175
2018-09-21,9.466006438222577
2018-09-24,9.06903754234313
2018-09-25,8.614955419283838
2018-09-26,8.103760069044696
2018-09-27,7.53545149162571
2018-09-28,6.910029687026878
2018-10-01,-0.2521799435912615
2018-10-02,-0.8147095970404101
2018-10-03,-1.3462601806528993
2018-10-04,-1.846831694428729
2018-10-05,-2.3164241383678985
2018-10-08,-2.7550375124704076
2018-10-09,-3.1626718167362573
2018-10-10,-3.539327051165447
2018-10-11,-3.8850032157579766
2018-10-12,-4.199700310513847
2018-10-15,-4.483418335433056
2018-10-16,-4.736157290515607
2018-10-17,-4.957917175761496
2018-10-18,-5.148697991170726
2018-10-19,-5.308499736743297
2018-10-22,-5.437322412479206
2018-10-23,-5.535166018378456
2018-10-24,-5.602030554441047
2018-10-25,-5.637916020666978
2018-10-26,-5.642822417056248
2018-10-29,-5.6167497436088585
2018-10-30,-5.5596980003248095
2018-10-31,-5.471667187204099
2018-11-01,-2.2181428315021803
2018-11-02,-2.098762558187419
2018-11-05,-1.984421434649693
2018-11-06,-1.875119460889001
2018-11-07,-1.770856636905343
2018-11-08,-1.6716329626987196
2018-11-09,-1.5774484382691305
2018-11-12,-1.488303063616576
2018-11-13,-1.4041968387410555
2018-11-14,-1.3251297636425694
2018-11-15,-1.2511018383211177
2018-11-16,-1.1821130627767003
2018-11-19,-1.1181634370093172
2018-11-20,-1.0592529610189685
2018-11-21,-1.0053816348056541
2018-11-22,-0.9565494583693741
2018-11-23,-0.9127564317101284
2018-11-26,-0.8740025548279171
2018-11-27,-0.84028782772274
2018-11-28,-0.8116122503945975
2018-11-29,-0.787975822843489
2018-11-30,-0.769378545069415
2018-12-03,-1.5178130451636427
2018-12-04,-1.4987456936110046
2018-12-05,-1.4748147436454846
2018-12-06,-1.446020195267082
2018-12-07,-1.4123620484757975
2018-12-10,-1.3738403032716306
2018-12-11,-1.3304549596545816
2018-12-12,-1.2822060176246504
2018-12-13,-1.229093477181837
2018-12-14,-1.1711173383261415
2018-12-17,-1.1082776010575637
2018-12-18,-1.0405742653761036
2018-12-19,-0.9680073312817615
2018-12-20,-0.8905767987745371
2018-12-21,-0.8082826678544306
2018-12-24,-0.7211249385214418
2018-12-25,-0.629103610775571
2018-12-26,-0.5322186846168176
2018-12-27,-0.43047016004518246
2018-12-28,-0.32385803706066474
2018-12-31,-0.21238231566326515
2019-01-01,0.9680228699679616
2019-01-02,1.066149588396208
2019-01-03,1.1561801680346169
2019-01-04,1.2381146088831885
2019-01-07,1.3119529109419226
2019-01-08,1.3776950742108196
2019-01-09,1.4353410986898794
2019-01-10,1.4848909843791016
2019-01-11,1.5263447312784866
2019-01-14,1.5597023393880345
2019-01-15,1.584963808707745
2019-01-16,1.602129139237618
2019-01-17,1.6111983309776539
2019-01-18,1.6121713839278524
2019-01-21,1.6050482980882135
2019-01-22,1.5898290734587375
2019-01-23,1.5665137100394242
2019-01-24,1.5351022078302734
2019-01-25,1.4955945668312853
2019-01-28,1.4479907870424602
2019-01-29,1.3922908684637976
2019-01-30,1.3284948110952974
2019-01-31,1.2566026149369602
2019-02-01,-1.0157924663366804
2019-02-04,-1.0856144288549208
2019-02-05,-1.1332717687010005
2019-02-06,-1.1587644858749198
2019-02-07,-1.1620925803766788
2019-02-08,-1.1432560522062771
2019-02-11,-1.1022549013637153
2019-02-12,-1.0390891278489929
2019-02-13,-0.9537587316621099
2019-02-14,-0.8462637128030666
2019-02-15,-0.7166040712718627
2019-02-18,-0.5647798070684987
2019-02-19,-0.3907909201929739
2019-02-20,-0.1946374106452886
2019-02-21,0.023680721574556696
2019-02-22,0.2641634764665631
2019-02-25,0.526810854030729
2019-02-26,0.811622854267056
2019-02-27,1.1185994771755436
2019-02-28,1.4477407227561914
2019-03-01,5.516169754595351
2019-03-04,5.820043951324583
2019-03-05,6.093215327399421
2019-03-06,6.335683882819864
2019-03-07,6.5474496175859125
2019-03-08,6.728512531697566
2019-03-11,6.878872625154825
2019-03-12,6.99852989795769
2019-03-13,7.087484350106159
2019-03-14,7.145735981600235
2019-03-15,7.173284792439915
2019-03-18,7.170130782625201
2019-03-19,7.136273952156093
2019-03-20,7.071714301032589
2019-03-21,6.9764518292546915
2019-03-22,6.850486536822398
2019-03-25,6.693818423735712
2019-03-26,6.506447489994629
2019-03-27,6.288373735599153
2019-03-28,6.039597160549282
2019-03-29,5.760117764845016
2019-04-01,3.3742312363624745
2019-04-02,3.0760514877636598
2019-04-03,2.775775015272025
2019-04-04,2.4734018188875693
2019-04-05,2.1689318986102926
2019-04-08,1.8623652544401956
2019-04-09,1.553701886377278
2019-04-10,1.2429417944215404
2019-04-11,0.9300849785729814
2019-04-12,0.615131438831602
2019-04-15,0.29808117519740207
2019-04-16,-0.021065812329618086
2019-04-17,-0.34230952374945955
2019-04-18,-0.665649959062121
2019-04-19,-0.991087118267603
2019-04-22,-1.3186210013659063
2019-04-23,-1.6482516083570293
2019-04-24,-1.979978939240973
2019-04-25,-2.3138029940177383
2019-04-26,-2.649723772687323
2019-04-29,-2.9877412752497285
2019-04-30,-3.3278555017049554
2019-05-01,-7.077284904430779
2019-05-02,-7.367732213858404
2019-05-03,-7.621294619337261
2019-05-06,-7.837972120867351
2019-05-07,-8.017764718448674
2019-05-08,-8.16067241208123
2019-05-09,-8.266695201765016
2019-05-10,-8.335833087500035
2019-05-13,-8.368086069286287
2019-05-14,-8.363454147123772
2019-05-15,-8.321937321012488
2019-05-16,-8.243535590952437
2019-05-17,-8.128248956943619
2019-05-20,-7.9760774189860335
2019-05-21,-7.78702097707968
2019-05-22,-7.561079631224559
2019-05-23,-7.298253381420671
2019-05-24,-6.998542227668014
2019-05-27,-6.6619461699665905
2019-05-28,-6.288465208316399
2019-05-29,-5.878099342717441
2019-05-30,-5.430848573169714
2019-05-31,-4.94671289967322
2019-06-03,1.8294388341986285
2019-06-04,2.3839480912587754
2019-06-05,2.893792941317017
2019-06-06,3.3589733843733547
2019-06-07,3.779489420427788
2019-06-10,4.155341049480317
2019-06-11,4.486528271530942
2019-06-12,4.773051086579661
2019-06-13,5.014909494626476
2019-06-14,5.212103495671387
2019-06-17,5.364633089714394
2019-06-18,5.472498276755497
2019-06-19,5.535699056794694
2019-06-20,5.554235429831987
2019-06-21,5.5281073958673765
2019-06-24,5.457314954900861
2019-06-25,5.34185810693244
2019-06-26,5.181736851962116
2019-06-27,4.976951189989887
2019-06-28,4.727501121015754
2019-07-01,-0.13669161799604512
2019-07-02,-0.3740447387783836
2019-07-03,-0.5929992621030273
2019-07-04,-0.7935551879699769
2019-07-05,-0.9757125163792316
2019-07-08,-1.139471247330792
2019-07-09,-1.2848313808246576
2019-07-10,-1.411792916860829
2019-07-11,-1.5203558554393057
2019-07-12,-1.6105201965600882
2019-07-15,-1.6822859402231758
2019-07-16,-1.735653086428569
2019-07-17,-1.7706216351762678
2019-07-18,-1.787191586466272
2019-07-19,-1.7853629402985816
2019-07-22,-1.7651356966731968
2019-07-23,-1.7265098555901175
2019-07-24,-1.6694854170493436
2019-07-25,-1.5940623810508752
2019-07-26,-1.5002407475947124
2019-07-29,-1.388020516680855
2019-07-30,-1.2574016883093029
2019-07-31,-1.1083842624800564
2019-08-01,0.9361544939998965
2019-08-02,1.108022060163231
2019-08-05,1.276731349962643
2019-08-06,1.4422823633981325
2019-08-07,1.6046751004697004
2019-08-08,1.7639095611773459
2019-08-09,1.9199857455210692
2019-08-12,2.07290365350087
2019-08-13,2.222663285116749
2019-08-14,2.369264640368706
2019-08-15,2.51270771925674
2019-08-16,2.6529925217808525
2019-08-19,2.790119047941043
2019-08-20,2.924087297737311
2019-08-21,3.0548972711696565
2019-08-22,3.18254896823808
2019-08-23,3.3070423889425813
2019-08-26,3.4283775332831605
2019-08-27,3.5465544012598174
2019-08-28,3.6615729928725522
2019-08-29,3.7734333081213647
2019-08-30,3.882135347006255
2019-09-02,5.192306431492467
2019-09-03,5.283016692614074
2019-09-04,5.353867558882941
2019-09-05,5.404859030299067
2019-09-06,5.435991106862454
2019-09-09,5.4472637885731
2019-09-10,5.438677075431006
2019-09-11,5.410230967436171
2019-09-12,5.361925464588595
2019-09-13,5.29376056688828
2019-09-16,5.205736274335225
2019-09-17,5.097852586929428
2019-09-18,4.9701095046708925
2019-09-19,4.822507027559615
2019-09-20,4.655045155595598
2019-09-23,4.467723888778841
2019-09-24,4.260543227109343
2019-09-25,4.033503170587105
2019-09-26,3.786603719212127
2019-09-27,3.519844872984408
2019-09-30,3.2332266319039493
2019-10-01,0.40044393213562346
2019-10-02,0.13292646354930904
2019-10-03,-0.12228106690170248
2019-10-04,-0.36517865921741177
2019-10-07,-0.5957663133978182
2019-10-08,-0.8140440294429221
2019-10-09,-1.0200118073527233
2019-10-10,-1.2136696471272221
2019-10-11,-1.3950175487664183
2019-10-14,-1.5640555122703117
2019-10-15,-1.7207835376389027
2019-10-16,-1.8652016248721912
2019-10-17,-1.9973097739701768
2019-10-18,-2.1171079849328605
2019-10-21,-2.2245962577602407
2019-10-22,-2.319774592452319
2019-10-23,-2.4026429890090943
2019-10-24,-2.4732014474305672
2019-10-25,-2.5314499677167377
2019-10-28,-2.5773885498676057
2019-10-29,-2.6110171938831703
2019-10-30,-2.632335899763433
2019-10-31,-2.6413446675083927
2019-11-01,-1.7117586782898992
2019-11-04,-1.7060001979604082
2019-11-05,-1.6980988048718013
2019-11-06,-1.6880544990240787
2019-11-07,-1.67586728041724
2019-11-08,-1.6615371490512858
2019-11-11,-1.6450641049262156
2019-11-12,-1.6264481480420296
2019-11-13,-1.6056892783987278
2019-11-14,-1.5827874959963102
2019-11-15,-1.557742800834777
2019-11-18,-1.5305551929141277
2019-11-19,-1.5012246722343627
2019-11-20,-1.4697512387954819
2019-11-21,-1.4361348925974853
2019-11-22,-1.4003756336403728
2019-11-25,-1.3624734619241445
2019-11-26,-1.3224283774488004
2019-11-27,-1.2802403802143405
2019-11-28,-1.235909470220765
2019-11-29,-1.1894356474680734
2019-12-02,-1.110493477602336
2019-12-03,-1.0625248971145467
2019-12-04,-1.0129946200366027
2019-12-05,-0.9619026463685034
2019-12-06,-0.9092489761102491
2019-12-09,-0.85503360926184
2019-12-10,-0.7992565458232759
2019-12-11,-0.7419177857945569
2019-12-12,-0.6830173291756827
2019-12-13,-0.6225551759666537
2019-12-16,-0.5605313261674696
2019-12-17,-0.4969457797781305
2019-12-18,-0.43179853679863633
2019-12-19,-0.3650895972289873
2019-12-20,-0.29681896106918343
2019-12-23,-0.22698662831922428
2019-12-24,-0.15559259897911032
2019-12-25,-0.08263687304884143
2019-12-26,-0.008119450528417393
2019-12-27,0.06795966858216157
2019-12-30,0.14560048428289535
2019-12-31,0.22480299657378439
2020-01-01,-0.5618119039473082
2020-01-02,-0.47329395580393774
2020-01-03,-0.3735107810555871
2020-01-06,-0.2624623797022556
2020-01-07,-0.14014875174394392
2020-01-08,-0.006569897180651374
2020-01-09,0.1382741839876216
2020-01-10,0.29438349176087497
2020-01-13,0.4617580261391089
2020-01-14,0.6403977871223234
2020-01-15,0.8303027747105183
2020-01-16,1.031472988903694
2020-01-17,1.24390842970185
2020-01-20,1.4676090971049869
2020-01-21,1.7025749911131036
2020-01-22,1.9488061117262012
2020-01-23,2.206302458944279
2020-01-24,2.475064032767338
2020-01-27,2.7550908331953767
2020-01-28,3.0463828602283964
2020-01-29,3.348940113866397
2020-01-30,3.6627625941093775
2020-01-31,3.987850300957339
2020-02-03,3.41811100170968
2020-02-04,3.83382903523993
2020-02-05,4.278459228829545
2020-02-06,4.7520015824785276
2020-02-07,5.254456096186875
2020-02-10,5.78582276995459
2020-02-11,6.346101603781671
2020-02-12,6.935292597668117
2020-02-13,7.55339575161393
2020-02-14,8.20041106561911
2020-02-17,8.876338539683656
2020-02-18,9.581178173807567
2020-02-19,10.314929967990846
2020-02-20,11.077593922233492
2020-02-21,11.869170036535502
2020-02-24,12.68965831089688
2020-02-25,13.539058745317622
2020-02-26,14.417371339797732
2020-02-27,15.32459609433721
2020-02-28,16.26073300893605
2020-03-02,27.574845505534423
2020-03-03,28.34694209277848
2020-03-04,29.013817926668228
2020-03-05,29.57547300720366
2020-03-06,30.031907334384776
2020-03-09,30.38312090821158
2020-03-10,30.62911372868407
2020-03-11,30.76988579580225
2020-03-12,30.80543710956611
2020-03-13,30.73576766997566
2020-03-16,30.5608774770309
2020-03-17,30.28076653073182
2020-03-18,29.895434831078433
2020-03-19,29.404882378070727
2020-03-20,28.809109171708712
2020-03-23,28.10811521199238
2020-03-24,27.30190049892174
2020-03-25,26.39046503249678
2020-03-26,25.37380881271751
2020-03-27,24.25193183958393
2020-03-30,23.02483411309603
2020-03-31,21.692515633253816
2020-04-01,6.5618890540786605
2020-04-02,5.189229531453023
2020-04-03,3.881449719398273
2020-04-06,2.638549617914411
2020-04-07,1.4605292270014325
2020-04-08,0.3473885466593445
2020-04-09,-0.7008724231118584
2020-04-10,-1.684253682312172
2020-04-13,-2.6027552309416007
2020-04-14,-3.456377069000142
2020-04-15,-4.245119196487796
2020-04-16,-4.968981613404562
2020-04-17,-5.627964319750443
2020-04-20,-6.222067315525436
2020-04-21,-6.751290600729542
2020-04-22,-7.21563417536276
2020-04-23,-7.615098039425092
2020-04-24,-7.949682192916537
2020-04-27,-8.219386635837095
2020-04-28,-8.424211368186764
2020-04-29,-8.564156389965548
2020-04-30,-8.639221701173446
2020-05-01,-2.4657548462878696
2020-05-04,-2.4895310882839197
2020-05-05,-2.5264129430372475
2020-05-06,-2.5764004105478535
2020-05-07,-2.6394934908157377
2020-05-08,-2.7156921838409
2020-05-11,-2.80499648962334
2020-05-12,-2.9074064081630584
2020-05-13,-3.022921939460055
2020-05-14,-3.1515430835143294
2020-05-15,-3.2932698403258818
2020-05-18,-3.4481022098947127
2020-05-19,-3.616040192220821
2020-05-20,-3.797083787304208
2020-05-21,-3.991232995144873
2020-05-22,-4.198487815742816
2020-05-25,-4.418848249098037
2020-05-26,-4.652314295210536
2020-05-27,-4.898885954080312
2020-05-28,-5.158563225707368
2020-05-29,-5.431346110091701
2020-06-01,-8.613979953730265
2020-06-02,-8.862747251562826
2020-06-03,-9.087388281774592
2020-06-04,-9.287903044365562
2020-06-05,-9.464291539335738
2020-06-08,-9.616553766685117
2020-06-09,-9.744689726413702
2020-06-10,-9.84869941852149
2020-06-11,-9.928582843008483
2020-06-12,-9.984339999874681
2020-06-15,-10.015970889120085
2020-06-16,-10.023475510744692
2020-06-17,-10.006853864748505
2020-06-18,-9.96610595113152
2020-06-19,-9.901231769893743
2020-06-22,-9.812231321035169
2020-06-23,-9.699104604555801
2020-06-24,-9.561851620455636
2020-06-25,-9.400472368734677
2020-06-26,-9.21496684939292
2020-06-29,-9.00533506243037
2020-06-30,-8.771577007847025
2020-07-01,-6.581166761166699
2020-07-02,-6.334448977637516
2020-07-03,-6.08768537094833
2020-07-06,-5.8408759410991395
2020-07-07,-5.594020688089945
2020-07-08,-5.347119611920746
2020-07-09,-5.100172712591544
2020-07-10,-4.853179990102337
2020-07-13,-4.606141444453127
2020-07-14,-4.3590570756439115
2020-07-15,-4.111926883674694
2020-07-16,-3.8647508685454706
2020-07-17,-3.617529030256244
2020-07-20,-3.3702613688070127
2020-07-21,-3.122947884197778
2020-07-22,-2.8755885764285396
2020-07-23,-2.628183445499297
2020-07-24,-2.3807324914100496
2020-07-27,-2.133235714160799
2020-07-28,-1.8856931137515442
2020-07-29,-1.6381046901822853
2020-07-30,-1.390470443453022
2020-07-31,-1.1427903735637552
2020-08-03,0.18906245376425823
2020-08-04,0.4458135886664143
2020-08-05,0.6879970232262866
2020-08-06,0.915612757443875
2020-08-07,1.1286607913191802
2020-08-10,1.3271411248522014
2020-08-11,1.511053758042939
2020-08-12,1.6803986908913928
2020-08-13,1.835175923397563
2020-08-14,1.9753854555614496
2020-08-17,2.1010272873830527
2020-08-18,2.212101418862372
2020-08-19,2.308607849999407
2020-08-20,2.390546580794159
2020-08-21,2.457917611246627
2020-08-24,2.5107209413568117
2020-08-25,2.5489565711247124
2020-08-26,2.5726245005503294
2020-08-27,2.5817247296336627
2020-08-28,2.5762572583747123
2020-08-31,2.5562220867734786
2020-09-01,2.442068793269119
2020-09-02,2.3967659695184564
2020-09-03,2.339190336145034
2020-09-04,2.2693418931488516
2020-09-07,2.1872206405299095
2020-09-08,2.092826578288208
2020-09-09,1.9861597064237466
2020-09-10,1.8672200249365258
2020-09-11,1.736007533826545
2020-09-14,1.5925222330938047
2020-09-15,1.4367641227383046
2020-09-16,1.268733202760045
2020-09-17,1.0884294731590254
2020-09-18,0.8958529339352466
2020-09-21,0.6910035850887082
2020-09-22,0.47388142661940935
2020-09-23,0.2444864585273514
2020-09-24,0.0028186808125338914
2020-09-25,-0.25112190652504385
2020-09-28,-0.5173353034853807
2020-09-29,-0.7958215100684769
2020-09-30,-1.086580526274334
2020-10-01,-5.220453299483787
2020-10-02,-5.488169848632295
2020-10-05,-5.720571121100696
2020-10-06,-5.917657116888988
2020-10-07,-6.079427835997174
2020-10-08,-6.20588327842525
2020-10-09,-6.297023444173219
2020-10-12,-6.35284833324108
2020-10-13,-6.373357945628833
2020-10-14,-6.358552281336479
2020-10-15,-6.308431340364017
2020-10-16,-6.222995122711446
2020-10-19,-6.102243628378768
2020-10-20,-5.946176857365982
2020-10-21,-5.754794809673088
2020-10-22,-5.528097485300086
2020-10-23,-5.266084884246976
2020-10-26,-4.968757006513759
2020-10-27,-4.636113852100434
2020-10-28,-4.268155421007001
2020-10-29,-3.8648817132334603
2020-10-30,-3.426292728779811
2020-11-02,3.845390232440288
2020-11-03,4.28808478825345
2020-11-04,4.6770027691682206
2020-11-05,5.0121441751845985
2020-11-06,5.2935090063025845
2020-11-09,5.521097262522178
2020-11-10,5.69490894384338
2020-11-11,5.814944050266189
2020-11-12,5.881202581790607
2020-11-13,5.893684538416632
2020-11-16,5.852389920144264
2020-11-17,5.757318726973505
2020-11-18,5.608470958904354
2020-11-19,5.4058466159368095
2020-11-20,5.149445698070874
2020-11-23,4.839268205306546
2020-11-24,4.475314137643826
2020-11-25,4.057583495082714
2020-11-26,3.58607627762321
2020-11-27,3.0607924852653126
2020-11-30,2.4817321180090244
2020-12-01,-5.796801484560611
2020-12-02,-6.332227356743799
2020-12-03,-6.825271458273294
2020-12-04,-7.275933789149094
2020-12-07,-7.684214349371199
2020-12-08,-8.050113138939611
2020-12-09,-8.373630157854329
2020-12-10,-8.654765406115352
2020-12-11,-8.89351888372268
2020-12-14,-9.089890590676314
2020-12-15,-9.243880526976255
2020-12-16,-9.355488692622501
2020-12-17,-9.424715087615052
2020-12-18,-9.45155971195391
2020-12-21,-9.436022565639075
2020-12-22,-9.378103648670542
2020-12-23,-9.277802961048318
2020-12-24,-9.135120502772399
2020-12-25,-8.950056273842785
2020-12-28,-8.722610274259479
2020-12-29,-8.452782504022476
2020-12-30,-8.14057296313178
2020-12-31,-7.78598165158739
2021-01-01,-2.307726994297787
2021-01-04,-1.8911212556739307
2021-01-05,-1.4926898208336432
2021-01-06,-1.1124326897769254
2021-01-07,-0.7503498625037768
2021-01-08,-0.4064413390141979
2021-01-11,-0.08070711930818808
2021-01-12,0.22685279661425228
2021-01-13,0.5162384087531232
2021-01-14,0.7874497171084248
2021-01-15,1.040486721680157
2021-01-18,1.2753494224683202
2021-01-19,1.4920378194729131
2021-01-20,1.6905519126939375
2021-01-21,1.870891702131392
2021-01-22,2.0330571877852774
2021-01-25,2.1770483696555933
2021-01-26,2.30286524774234
2021-01-27,2.410507822045517
2021-01-28,2.4999760925651247
2021-01-29,2.5712700593011633
2021-02-01,1.3040658369999956
2021-02-02,1.3596741086544595
2021-02-03,1.4151150058632946
2021-02-04,1.4703885286265013
2021-02-05,1.5254946769440791
2021-02-08,1.5804334508160283
2021-02-09,1.6352048502423489
2021-02-10,1.689808875223041
2021-02-11,1.744245525758104
2021-02-12,1.7985148018475385
2021-02-15,1.8526167034913446
2021-02-16,1.9065512306895218
2021-02-17,1.9603183834420705
2021-02-18,2.0139181617489905
2021-02-19,2.067350565610282
2021-02-22,2.1206155950259444
2021-02-23,2.1737132499959784
2021-02-24,2.2266435305203838
2021-02-25,2.2794064365991606
2021-02-26,2.3320019682323085
2021-03-01,3.456125492595235
2021-03-02,3.4893715013672852
2021-03-03,3.5102738170091947
2021-03-04,3.5188324395209634
2021-03-05,3.5150473689025916
2021-03-08,3.498918605154079
2021-03-09,3.470446148275426
2021-03-10,3.4296299982666323
2021-03-11,3.376470155127698
2021-03-12,3.310966618858623
2021-03-15,3.2331193894594072
2021-03-16,3.142928466930051
2021-03-17,3.040393851270554
2021-03-18,2.9255155424809165
2021-03-19,2.798293540561138
2021-03-22,2.6587278455112195
2021-03-23,2.50681845733116
2021-03-24,2.3425653760209593
2021-03-25,2.1659686015806185
2021-03-26,1.9770281340101374
2021-03-29,1.7757439733095155
2021-03-30,1.5621161194787523
2021-03-31,1.3361445725178487
2021-04-01,-1.1663247060152693
2021-04-02,-1.4009073292241006
2021-04-05,-1.6209248246374899
2021-04-06,-1.8263771922554373
2021-04-07,-2.0172644320779427
2021-04-08,-2.1935865441050058
2021-04-09,-2.355343528336627
2021-04-12,-2.502535384772806
2021-04-13,-2.6351621134135432
2021-04-14,-2.7532237142588385
2021-04-15,-2.856720187308692
2021-04-16,-2.9456515325631027
2021-04-19,-3.0200177500220717
2021-04-20,-3.0798188396855988
2021-04-21,-3.125054801553684
2021-04-22,-3.155725635626327
2021-04-23,-3.1718313419035282
2021-04-26,-3.173371920385287
2021-04-27,-3.160347371071604
2021-04-28,-3.132757693962479
2021-04-29,-3.090602889057912
2021-04-30,-3.033882956357903
2021-05-03,-0.9270068189792038
2021-05-04,-0.8640736094208346
2021-05-05,-0.8128867774898065
2021-05-06,-0.7734463231861202
2021-05-07,-0.745752246509775
2021-05-10,-0.7298045474607713
2021-05-11,-0.725603226039109
2021-05-12,-0.7331482822447881
2021-05-13,-0.7524397160778086
2021-05-14,-0.7834775275381705
2021-05-17,-0.8262617166258737
2021-05-18,-0.8807922833409183
2021-05-19,-0.9470692276833044
2021-05-20,-1.0250925496530319
2021-05-21,-1.1148622492501006
2021-05-24,-1.216378326474511
2021-05-25,-1.3296407813262625
2021-05-26,-1.4546496138053557
2021-05-27,-1.5914048239117897
2021-05-28,-1.7399064116455658
2021-05-31,-1.9001543770066829
2021-06-01,-3.552642392626392
2021-06-02,-3.7090796605116085
2021-06-03,-3.8577777779748765
2021-06-04,-3.9987367450161955
2021-06-07,-4.131956561635566
2021-06-08,-4.257437227832988
2021-06-09,-4.375178743608462
2021-06-10,-4.485181108961987
2021-06-11,-4.587444323893563
2021-06-14,-4.681968388403191
2021-06-15,-4.76875330249087
2021-06-16,-4.8477990661566
2021-06-17,-4.919105679400382
2021-06-18,-4.9826731422222155
2021-06-21,-5.0385014546221
2021-06-22,-5.086590616600037
2021-06-23,-5.126940628156024
2021-06-24,-5.159551489290063
2021-06-25,-5.184423200002153
2021-06-28,-5.201555760292295
2021-06-29,-5.210949170160489
2021-06-30,-5.212603429606733
2021-07-01,-6.136107227601551
2021-07-02,-6.110735500626625
2021-07-05,-6.0660769376524755
2021-07-06,-6.002131538679105
2021-07-07,-5.918899303706513
2021-07-08,-5.816380232734698
2021-07-09,-5.694574325763662
2021-07-12,-5.5534815827934025
2021-07-13,-5.3931020038239215
2021-07-14,-5.213435588855218
2021-07-15,-5.0144823378872925
2021-07-16,-4.7962422509201454
2021-07-19,-4.558715327953775
2021-07-20,-4.301901568988184
2021-07-21,-4.02580097402337
2021-07-22,-3.730413543059333
2021-07-23,-3.415739276096075
2021-07-26,-3.0817781731335954
2021-07-27,-2.7285302341718918
2021-07-28,-2.3559954592109675
2021-07-29,-1.9641738482508209
2021-07-30,-1.5530654012914513
2021-08-02,0.9537921402087326
2021-08-03,1.377679696948638
2021-08-04,1.7950595274698578
2021-08-05,2.205931631772391
2021-08-06,2.6102960098562393
2021-08-09,3.008152661721401
2021-08-10,3.3995015873678773
2021-08-11,3.7843427867956674
2021-08-12,4.162676260004772
2021-08-13,4.53450200699519
2021-08-16,4.899820027766923
2021-08-17,5.25863032231997
2021-08-18,5.610932890654332
2021-08-19,5.956727732770006
2021-08-20,6.296014848666996
2021-08-23,6.6287942383453
2021-08-24,6.955065901804917
2021-08-25,7.274829839045848
2021-08-26,7.588086050068096
2021-08-27,7.894834534871656
2021-08-30,8.19507529345653
2021-08-31,8.488808325822717
2021-09-01,11.862781211497868
2021-09-02,12.10515410099777
2021-09-03,12.302674573850073
2021-09-06,12.455342630054773
2021-09-07,12.563158269611874
2021-09-08,12.626121492521373
2021-09-09,12.64423229878327
2021-09-10,12.617490688397568
2021-09-13,12.545896661364266
2021-09-14,12.42945021768336
2021-09-15,12.268151357354856
2021-09-16,12.062000080378752
2021-09-17,11.810996386755045
2021-09-20,11.51514027648374
2021-09-21,11.174431749564832
2021-09-22,10.788870805998323
2021-09-23,10.358457445784214
2021-09-24,9.883191668922507
2021-09-27,9.363073475413195
2021-09-28,8.798102865256284
2021-09-29,8.188279838451773
2021-09-30,7.53360439499966
2021-10-01,-0.006110266354274252
2021-10-04,-0.695136542809264
2021-10-05,-1.340350385138592
2021-10-06,-1.9417517933422563
2021-10-07,-2.49934076742026
2021-10-08,-3.0131173073726005
2021-10-11,-3.4830814131992796
2021-10-12,-3.9092330849002956
2021-10-13,-4.29157232247565
2021-10-14,-4.630099125925342
2021-10-15,-4.924813495249372
2021-10-18,-5.175715430447739
2021-10-19,-5.382804931520445
2021-10-20,-5.546081998467488
2021-10-21,-5.665546631288869
2021-10-22,-5.7411988299845875
2021-10-25,-5.773038594554644
2021-10-26,-5.761065924999039
2021-10-27,-5.705280821317771
2021-10-28,-5.605683283510841
2021-10-29,-5.46227331157825
2021-11-01,-0.49748267560407716
2021-11-02,-0.338259962125985
2021-11-03,-0.19852683186177061
2021-11-04,-0.0782832848114342
2021-11-05,0.022470679025024587
2021-11-08,0.10373505964760532
2021-11-09,0.16550985705630833
2021-11-10,0.2077950712511334
2021-11-11,0.2305907022320807
2021-11-12,0.23389674999915014
2021-11-15,0.21771321455234174
2021-11-16,0.18204009589165554
2021-11-17,0.12687739401709136
2021-11-18,0.05222510892864951
2021-11-19,-0.041916759373670176
2021-11-22,-0.15554821088986787
2021-11-23,-0.28866924561994317
2021-11-24,-0.4412798635638964
2021-11-25,-0.6133800647217276
2021-11-26,-0.8049698490934363
2021-11-29,-1.016049216679023
2021-11-30,-1.246618167478488
2021-12-01,-5.510655713409841
2021-12-02,-5.721995505222689
2021-12-03,-5.905488665009536
2021-12-06,-6.061135192770383
2021-12-07,-6.188935088505228
2021-12-08,-6.288888352214072
2021-12-09,-6.360994983896916
2021-12-10,-6.405254983553758
2021-12-13,-6.421668351184598
2021-12-14,-6.410235086789439
2021-12-15,-6.370955190368278
2021-12-16,-6.3038286619211155
2021-12-17,-6.208855501447952
2021-12-20,-6.086035708948788
2021-12-21,-5.935369284423623
2021-12-22,-5.756856227872457
2021-12-23,-5.55049653929529
2021-12-24,-5.316290218692122
2021-12-27,-5.054237266062953
2021-12-28,-4.764337681407782
2021-12-29,-4.446591464726611
2021-12-30,-4.100998616019439
2021-12-31,-3.727559135286265
2022-01-03,1.0940316308525313
2022-01-04,1.5069351208284907
2022-01-05,1.8932382629965527
2022-01-06,2.2529410573567157
2022-01-07,2.5860435039089817
2022-01-10,2.892545602653349
2022-01-11,3.1724473535898188
2022-01-12,3.4257487567183897
2022-01-13,3.6524498120390634
2022-01-14,3.852550519551839
2022-01-17,4.026050879256716
2022-01-18,4.172950891153695
2022-01-19,4.293250555242777
2022-01-20,4.38694987152396
2022-01-21,4.454048839997245
2022-01-24,4.494547460662632
2022-01-25,4.508445733520121
2022-01-26,4.495743658569713
2022-01-27,4.456441235811406
2022-01-28,4.3905384652452
2022-01-31,4.298035346871097
2022-02-01,-0.5794700290904478
2022-02-02,-0.6623522452650707
2022-02-03,-0.7030580381232152
2022-02-04,-0.7015874076648816
2022-02-07,-0.6579403538900699
2022-02-08,-0.5721168767987794
2022-02-09,-0.4441169763910111
2022-02-10,-0.2739406526667644
2022-02-11,-0.06158790562603944
2022-02-14,0.1929412647311638
2022-02-15,0.4896468584048457
2022-02-16,0.8285288753950049
2022-02-17,1.2095873157016432
2022-02-18,1.6328221793247601
2022-02-21,2.098233466264354
2022-02-22,2.6058211765204273
2022-02-23,3.1555853100929783
2022-02-24,3.7475258669820075
2022-02-25,4.381642847187516
2022-02-28,5.057936250709501
2022-03-01,14.039227327556752
2022-03-02,14.601427496137678
2022-03-03,15.101071462135645
2022-03-04,15.538159225550654
2022-03-07,15.912690786382704
2022-03-08,16.224666144631797
2022-03-09,16.474085300297936
2022-03-10,16.660948253381115
2022-03-11,16.785255003881332
2022-03-14,16.847005551798595
2022-03-15,16.8461998971329
2022-03-16,16.782838039884247
2022-03-17,16.65691998005264
2022-03-18,16.46844571763807
2022-03-21,16.217415252640546
2022-03-22,15.903828585060062
2022-03-23,15.527685714896622
2022-03-24,15.088986642150223
2022-03-25,14.587731366820867
2022-03-28,14.023919888908553
2022-03-29,13.397552208413282
2022-03-30,12.708628325335052
2022-03-31,11.957148239673867
2022-04-01,1.3510155367553098
2022-04-04,0.5173845323450221
2022-04-05,-0.2583139226843505
2022-04-06,-0.9760798283328027
2022-04-07,-1.6359131846003399
2022-04-08,-2.237813991486959
2022-04-11,-2.7817822489926605
2022-04-12,-3.2678179571174444
2022-04-13,-3.6959211158613114
2022-04-14,-4.066091725224261
2022-04-15,-4.378329785206293
2022-04-18,-4.6326352958074075
2022-04-19,-4.8290082570276045
2022-04-20,-4.967448668866885
2022-04-21,-5.047956531325248
2022-04-22,-5.070531844402693
2022-04-25,-5.03517460809922
2022-04-26,-4.941884822414831
2022-04-27,-4.790662487349524
2022-04-28,-4.5815076029033
2022-04-29,-4.314420169076158
2022-05-02,1.0066133685416196
2022-05-03,1.3074806674833583
2022-05-04,1.598968917759143
2022-05-05,1.8810781193689736
2022-05-06,2.153808272312851
2022-05-09,2.4171593765907735
2022-05-10,2.6711314322027424
2022-05-11,2.915724439148757
2022-05-12,3.1509383974288183
2022-05-13,3.376773307042925
2022-05-16,3.593229167991078
2022-05-17,3.800305980273277
2022-05-18,3.998003743889522
2022-05-19,4.186322458839813
2022-05-20,4.365262125124151
2022-05-23,4.534822742742534
2022-05-24,4.695004311694962
2022-05-25,4.845806831981438
2022-05-26,4.987230303601958
2022-05-27,5.119274726556526
2022-05-30,5.24194010084514
2022-05-31,5.355226426467798
2022-06-01,6.997080920898435
2022-06-02,7.072504214810628
2022-06-03,7.119443525678309
2022-06-06,7.137898853501478
2022-06-07,7.127870198280135
2022-06-08,7.08935756001428
2022-06-09,7.022360938703912
2022-06-10,6.926880334349033
2022-06-13,6.80291574694964
2022-06-14,6.650467176505736
2022-06-15,6.46953462301732
2022-06-16,6.2601180864843915
2022-06-17,6.022217566906951
2022-06-20,5.755833064284999
2022-06-21,5.460964578618534
2022-06-22,5.137612109907557
2022-06-23,4.785775658152067
2022-06-24,4.405455223352067
2022-06-27,3.996650805507553
2022-06-28,3.5593624046185273
2022-06-29,3.0935900206849904
2022-06-30,2.59933365370694
2022-07-01,-2.2842878887416176
2022-07-04,-2.8038914405861277
2022-07-05,-3.295465796632466
2022-07-06,-3.7590109568806294
2022-07-07,-4.19452692133062
2022-07-08,-4.602013689982438
2022-07-11,-4.981471262836083
2022-07-12,-5.332899639891553
2022-07-13,-5.656298821148852
2022-07-14,-5.951668806607976
2022-07-15,-6.219009596268927
2022-07-18,-6.458321190131706
2022-07-19,-6.66960358819631
2022-07-20,-6.8528567904627415
2022-07-21,-7.008080796931
2022-07-22,-7.135275607601085
2022-07-25,-7.234441222472996
2022-07-26,-7.305577641546734
2022-07-27,-7.3486848648222995
2022-07-28,-7.363762892299691
2022-07-29,-7.35081172397891
2022-08-01,-7.545239362299322
2022-08-02,-7.481810001217273
2022-08-03,-7.392368133248743
2022-08-04,-7.2769137583937304
2022-08-05,-7.135446876652237
2022-08-08,-6.967967488024262
2022-08-09,-6.774475592509805
2022-08-10,-6.554971190108866
2022-08-11,-6.309454280821447
2022-08-12,-6.037924864647544
2022-08-15,-5.7403829415871614
2022-08-16,-5.416828511640296
2022-08-17,-5.06726157480695
2022-08-18,-4.691682131087121
2022-08-19,-4.290090180480812
2022-08-22,-3.8624857229880205
2022-08-23,-3.408868758608748
2022-08-24,-2.9292392873429924
2022-08-25,-2.4235973091907566
2022-08-26,-1.8919428241520393
2022-08-29,-1.3342758322268402
2022-08-30,-0.7505963334151584
2022-08-31,-0.14090432771699657
2022-09-01,7.416814442910727
2022-09-02,8.024042368919785
2022-09-05,8.57389804869032
2022-09-06,9.066381482222328
2022-09-07,9.501492669515812
2022-09-08,9.879231610570772
2022-09-09,10.199598305387205
2022-09-12,10.462592753965115
2022-09-13,10.668214956304501
2022-09-14,10.816464912405362
2022-09-15,10.907342622267699
2022-09-16,10.94084808589151
2022-09-19,10.916981303276797
2022-09-20,10.835742274423561
2022-09-21,10.697130999331797
2022-09-22,10.501147478001512
2022-09-23,10.2477917104327
2022-09-26,9.937063696625364
2022-09-27,9.568963436579503
2022-09-28,9.143490930295119
2022-09-29,8.66064617777221
2022-09-30,8.120429179010774
2022-10-03,0.9682116801988623
2022-10-04,0.368373996978987
2022-10-05,-0.20525549374652252
2022-10-06,-0.7526767919776636
2022-10-07,-1.2738898977144388
2022-10-10,-1.7688948109568465
2022-10-11,-2.237691531704887
2022-10-12,-2.680280059958561
2022-10-13,-3.0966603957178678
2022-10-14,-3.4868325389828074
2022-10-17,-3.8507964897533804
2022-10-18,-4.188552248029587
2022-10-19,-4.500099813811425
2022-10-20,-4.785439187098897
2022-10-21,-5.0445703678920015
2022-10-24,-5.277493356190739
2022-10-25,-5.4842081519951105
2022-10-26,-5.664714755305114
2022-10-27,-5.819013166120751
2022-10-28,-5.94710338444202
2022-10-31,-6.048985410268923
2022-11-01,-4.873051294261901
2022-11-02,-4.9369370100495225
2022-11-03,-4.992474327989163
2022-11-04,-5.039663248080821
2022-11-07,-5.078503770324498
2022-11-08,-5.108995894720194
2022-11-09,-5.131139621267909
2022-11-10,-5.1449349499676424
2022-11-11,-5.150381880819395
2022-11-14,-5.147480413823166
2022-11-15,-5.136230548978956
2022-11-16,-5.116632286286764
2022-11-17,-5.088685625746591
2022-11-18,-5.0523905673584375
2022-11-21,-5.007747111122303
2022-11-22,-4.954755257038187
2022-11-23,-4.893415005106089
2022-11-24,-4.82372635532601
2022-11-25,-4.74568930769795
2022-11-28,-4.6593038622219085
2022-11-29,-4.564570018897887
2022-11-30,-4.461487777725882
2022-12-01,-4.387918340006682
2022-12-02,-4.267668977656718
2022-12-05,-4.138600891976775
2022-12-06,-4.000714082966855
2022-12-07,-3.854008550626956
2022-12-08,-3.698484294957078
2022-12-09,-3.5341413159572217
2022-12-12,-3.3609796136273866
2022-12-13,-3.178999187967573
2022-12-14,-2.988200038977781
2022-12-15,-2.7885821666580104
2022-12-16,-2.580145571008261
2022-12-19,-2.362890252028533
2022-12-20,-2.136816209718827
2022-12-21,-1.9019234440791422
2022-12-22,-1.6582119551094783
2022-12-23,-1.4056817428098365
2022-12-26,-1.144332807180216
2022-12-27,-0.8741651482206163
2022-12-28,-0.5951787659310388
2022-12-29,-0.30737366031148294
2022-12-30,-0.010749831361947404
2023-01-02,3.3930282712024455
2023-01-03,3.6688009064357283
2023-01-04,3.9149036246227795
2023-01-05,4.1313364257636
2023-01-06,4.318099309858189
2023-01-09,4.475192276906547
2023-01-10,4.602615326908674
2023-01-11,4.70036845986457
2023-01-12,4.768451675774234
2023-01-13,4.8068649746376675
2023-01-16,4.81560835645487
2023-01-17,4.794681821225841
2023-01-18,4.744085368950581
2023-01-19,4.663818999629091
2023-01-20,4.553882713261368
2023-01-23,4.414276509847415
2023-01-24,4.245000389387231
2023-01-25,4.046054351880816
2023-01-26,3.8174383973281696
2023-01-27,3.559152525729292
2023-01-30,3.2711967370841837
2023-01-31,2.953571031392843
2023-02-01,-3.191996416406447
2023-02-02,-3.523006883798178
2023-02-03,-3.80300263357031
2023-02-06,-4.031983665722846
2023-02-07,-4.209949980255783
2023-02-08,-4.336901577169124
2023-02-09,-4.412838456462866
2023-02-10,-4.437760618137011
2023-02-13,-4.411668062191559
2023-02-14,-4.33456078862651
2023-02-15,-4.206438797441862
2023-02-16,-4.027302088637617
2023-02-17,-3.7971506622137743
2023-02-20,-3.515984518170334
2023-02-21,-3.1838036565072967
2023-02-22,-2.8006080772246613
2023-02-23,-2.366397780322429
2023-02-24,-1.8811727658005983
2023-02-27,-1.3449330336591703
2023-02-28,-0.7576785838981457
2023-03-01,7.17399725860195
2023-03-02,7.684212173577371
2023-03-03,8.149625336240714
2023-03-06,8.57023674659198
2023-03-07,8.946046404631169
2023-03-08,9.277054310358281
2023-03-09,9.563260463773316
2023-03-10,9.804664864876273
2023-03-13,10.001267513667154
2023-03-14,10.153068410145956
2023-03-15,10.260067554312682
2023-03-16,10.32226494616733
2023-03-17,10.3396605857099
2023-03-20,10.312254472940394
2023-03-21,10.240046607858812
2023-03-22,10.12303699046515
2023-03-23,9.961225620759413
2023-03-24,9.754612498741597
2023-03-27,9.503197624411705
2023-03-28,9.206980997769735
2023-03-29,8.865962618815688
2023-03-30,8.480142487549562
2023-03-31,8.049520603971361
2023-04-03,1.195979968587977
2023-04-04,0.6853315996951863
2023-04-05,0.21077204318342768
2023-04-06,-0.22769870094730105
2023-04-07,-0.6300806326969994
2023-04-10,-0.9963737520656673
2023-04-11,-1.326578059053304
2023-04-12,-1.6206935536599105
2023-04-13,-1.8787202358854862
2023-04-14,-2.100658105730031
2023-04-17,-2.2865071631935456
2023-04-18,-2.4362674082760294
2023-04-19,-2.549938840977483
2023-04-20,-2.6275214612979054
2023-04-21,-2.6690152692372973
2023-04-24,-2.6744202647956583
2023-04-25,-2.6437364479729895
2023-04-26,-2.5769638187692894
2023-04-27,-2.4741023771845585
2023-04-28,-2.3351521232187977
2023-05-01,0.8616924565970063
2023-05-02,1.0067035780880302
2023-05-03,1.144517937290259
2023-05-04,1.2751355342036932
2023-05-05,1.3985563688283318
2023-05-08,1.5147804411641757
2023-05-09,1.6238077512112243
2023-05-10,1.725638298969478
2023-05-11,1.8202720844389366
2023-05-12,1.9077091076196004
2023-05-15,1.9879493685114689
2023-05-16,2.0609928671145425
2023-05-17,2.126839603428821
2023-05-18,2.1854895774543044
2023-05-19,2.2369427891909934
2023-05-22,2.2811992386388864
2023-05-23,2.318258925797985
2023-05-24,2.3481218506682886
2023-05-25,2.370788013249797
2023-05-26,2.38625741354251
2023-05-29,2.394530051546429
2023-05-30,2.3956059272615517
2023-05-31,2.3894850406878803
2023-06-01,1.0637782564127551
2023-06-02,1.058287202485416
2023-06-05,1.0612280911687717
2023-06-06,1.0726009224628221
2023-06-07,1.092405696367567
2023-06-08,1.1206424128830061
2023-06-09,1.1573110720091402
2023-06-12,1.2024116737459687
2023-06-13,1.2559442180934919
2023-06-14,1.3179087050517095
2023-06-15,1.3883051346206219
2023-06-16,1.4671335068002287
2023-06-19,1.5543938215905302
2023-06-20,1.650086078991526
2023-06-21,1.7542102790032164
2023-06-22,1.8667664216256017
2023-06-23,1.987754506858681
2023-06-26,2.117174534702455
2023-06-27,2.2550265051569243
2023-06-28,2.4013104182220872
2023-06-29,2.556026273897945
2023-06-30,2.7191740721844977
2023-07-03,3.529072252635017
2023-07-04,3.709429796100884
2023-07-05,3.89039467828312
2023-07-06,4.071966899181725
2023-07-07,4.2541464587967
2023-07-10,4.436933357128045
2023-07-11,4.620327594175759
2023-07-12,4.804329169939843
2023-07-13,4.988938084420296
2023-07-14,5.174154337617118
2023-07-17,5.35997792953031
2023-07-18,5.546408860159872
2023-07-19,5.733447129505803
2023-07-20,5.921092737568104
2023-07-21,6.109345684346774
2023-07-24,6.298205969841814
2023-07-25,6.487673594053223
2023-07-26,6.677748556981002
2023-07-27,6.868430858625151
2023-07-28,7.059720498985668
2023-07-31,7.251617478062555
2023-08-01,7.978775096020268
2023-08-02,8.148875307002799
2023-08-03,8.313310917069666
2023-08-04,8.472081926220872
2023-08-07,8.625188334456416
2023-08-08,8.772630141776299
2023-08-09,8.914407348180521
2023-08-10,9.050519953669081
2023-08-11,9.180967958241979
2023-08-14,9.305751361899215
2023-08-15,9.42487016464079
2023-08-16,9.538324366466703
2023-08-17,9.646113967376955
2023-08-18,9.748238967371545
2023-08-21,9.844699366450474
2023-08-22,9.93549516461374
2023-08-23,10.020626361861346
2023-08-24,10.100092958193288
2023-08-25,10.17389495360957
2023-08-28,10.242032348110191
2023-08-29,10.30450514169515
2023-08-30,10.361313334364448
2023-08-31,10.412456926118082
2023-09-01,11.763619677645172
2023-09-04,11.788857233102492
2023-09-05,11.7895220207184
2023-09-06,11.765614040492894
2023-09-07,11.717133292425975
2023-09-08,11.644079776517643
2023-09-11,11.546453492767897
2023-09-12,11.424254441176739
2023-09-13,11.277482621744168
2023-09-14,11.106138034470185
2023-09-15,10.910220679354786
2023-09-18,10.689730556397976
2023-09-19,10.444667665599752
2023-09-20,10.175032006960116
2023-09-21,9.880823580479065
2023-09-22,9.562042386156604
2023-09-25,9.218688423992727
2023-09-26,8.850761693987439
2023-09-27,8.458262196140737
2023-09-28,8.04118993045262
2023-09-29,7.599544896923094
2023-10-02,3.761092033596285
2023-10-03,3.335703564706011
2023-10-04,2.9299527100522713
2023-10-05,2.5438394696350657
2023-10-06,2.1773638434543927
2023-10-09,1.8305258315102546
2023-10-10,1.5033254338026505
2023-10-11,1.19576265033158
2023-10-12,0.907837481097043
2023-10-13,0.6395499260990399
2023-10-16,0.39089998533757064
2023-10-17,0.16188765881263556
2023-10-18,-0.04748705347576626
2023-10-19,-0.23722415152763376
2023-10-20,-0.40732363534296745
2023-10-23,-0.5577855049217677
2023-10-24,-0.6886097602640336
2023-10-25,-0.7997964013697658
2023-10-26,-0.8913454282389646
2023-10-27,-0.9632568408716289
2023-10-30,-1.0155306392677599
2023-10-31,-1.0481668234273567
2023-11-01,1.4232399232849113
2023-11-02,1.3990167897519803
2023-11-03,1.3635690926091817
2023-11-06,1.316896831856515
2023-11-07,1.2590000074939809
2023-11-08,1.1898786195215787
2023-11-09,1.109532667939309
2023-11-10,1.0179621527471712
2023-11-13,0.9151670739451657
2023-11-14,0.8011474315332925
2023-11-15,0.6759032255115514
2023-11-16,0.5394344558799427
2023-11-17,0.39174112263846583
2023-11-20,0.23282322578712156
2023-11-21,0.06268076532590955
2023-11-22,-0.11868625874517075
2023-11-23,-0.31127784642611844
2023-11-24,-0.5150939977169336
2023-11-27,-0.7301347126176173
2023-11-28,-0.9563999911281683
2023-11-29,-1.193889833248587
2023-11-30,-1.4426042389788742
2023-12-01,-5.230465937179091
2023-12-04,-5.467080820834853
2023-12-05,-5.667993572647167
2023-12-06,-5.833204192616033
2023-12-07,-5.9627126807414506
2023-12-08,-6.0565190370234205
2023-12-11,-6.114623261461943
2023-12-12,-6.137025354057017
2023-12-13,-6.1237253148086435
2023-12-14,-6.074723143716822
2023-12-15,-5.990018840781553
2023-12-18,-5.869612406002836
2023-12-19,-5.713503839380671
2023-12-20,-5.521693140915057
2023-12-21,-5.294180310605997
2023-12-22,-5.0309653484534875
2023-12-25,-4.732048254457531
2023-12-26,-4.397429028618126
2023-12-27,-4.027107670935274
2023-12-28,-3.621084181408974
2023-12-29,-3.1793585600392262
2024-01-01,1.988945645838685
2024-01-02,2.4010684212748346
2024-01-03,2.789401675735085
2024-01-04,3.153945409219437
2024-01-05,3.4946996217278894
2024-01-08,3.8116643132604433
2024-01-09,4.104839483817098
2024-01-10,4.374225133397854
2024-01-11,4.61982126200271
2024-01-12,4.841627869631669
2024-01-15,5.039644956284727
2024-01-16,5.213872521961887
2024-01-17,5.364310566663148
2024-01-18,5.49095909038851
2024-01-19,5.5938180931379735
2024-01-22,5.672887574911537
2024-01-23,5.728167535709202
2024-01-24,5.759657975530969
2024-01-25,5.7673588943768355
2024-01-26,5.751270292246804
2024-01-29,5.711392169140873
2024-01-30,5.6477245250590435
2024-01-31,5.560267360001315
2024-02-01,3.1552046685469164
2024-02-02,3.0360227059198315
2024-02-05,2.9195003891786824
2024-02-06,2.805637718323469
2024-02-07,2.6944346933541916
2024-02-08,2.5858913142708504
2024-02-09,2.4800075810734445
2024-02-12,2.376783493761975
2024-02-13,2.276219052336441
2024-02-14,2.178314256796843
2024-02-15,2.083069107143181
2024-02-16,1.9904836033754547
2024-02-19,1.9005577454936644
2024-02-20,1.81329153349781
2024-02-21,1.7286849673878915
2024-02-22,1.6467380471639086
2024-02-23,1.567450772825862
2024-02-26,1.4908231443737507
2024-02-27,1.4168551618075758
2024-02-28,1.3455468251273364
2024-02-29,1.2768981343330332
2024-03-01,0.650920700800029
2024-03-04,0.5952275070770243
2024-03-05,0.5498301645393823
2024-03-06,0.5147286731871029
2024-03-07,0.48992303302018647
2024-03-08,0.4754132440386326
2024-03-11,0.47119930624244155
2024-03-12,0.4772812196316133
2024-03-13,0.4936589842061476
2024-03-14,0.5203325999660448
2024-03-15,0.5573020669113047
2024-03-18,0.6045673850419274
2024-03-19,0.6621285543579126
2024-03-20,0.7299855748592609
2024-03-21,0.8081384465459716
2024-03-22,0.8965871694180453
2024-03-25,0.9953317434754815
2024-03-26,1.1043721687182804
2024-03-27,1.2237084451464422
2024-03-28,1.3533405727599668
2024-03-29,1.4932685515588537
2024-04-01,3.574345042431988
2024-04-02,3.703091600334987
2024-04-03,3.8171892420651115
2024-04-04,3.91663796762236
2024-04-05,4.001437777006734
2024-04-08,4.071588670218231
2024-04-09,4.127090647256854
2024-04-10,4.167943708122602
2024-04-11,4.1941478528154725
2024-04-12,4.20570308133547
2024-04-15,4.20260939368259
2024-04-16,4.1848667898568355
2024-04-17,4.152475269858206
2024-04-18,4.105434833686701
2024-04-19,4.04374548134232
2024-04-22,3.967407212825064
2024-04-23,3.8764200281349326
2024-04-24,3.7707839272719257
2024-04-25,3.6504989102360432
2024-04-26,3.5155649770272857
2024-04-29,3.365982127645653
2024-04-30,3.201750362091144
2024-05-01,1.151088748729218
2024-05-02,0.9878994866986668
2024-05-03,0.8326242234202792
2024-05-06,0.6852629588940549
2024-05-07,0.5458156931199947
2024-05-08,0.41428242609809823
2024-05-09,0.2906631578283655
2024-05-10,0.17495788831079628
2024-05-13,0.067166617545391
2024-05-14,-0.032710654467850764
2024-05-15,-0.1246739277289287
2024-05-16,-0.20872320223784302
2024-05-17,-0.2848584779945936
2024-05-20,-0.35307975499918054
2024-05-21,-0.41338703325160364
2024-05-22,-0.46578031275186305
2024-05-23,-0.5102595934999588
2024-05-24,-0.5468248754958909
2024-05-27,-0.5754761587396592
2024-05-28,-0.5962134432312638
2024-05-29,-0.6090367289707048
2024-05-30,-0.6139460159579819
2024-05-31,-0.6109413041930954
2024-06-03,0.14281631500147748
2024-06-04,0.1546872965291929
2024-06-05,0.16587274249001607
2024-06-06,0.17637265288394693
2024-06-07,0.18618702771098547
2024-06-10,0.19531586697113176
2024-06-11,0.20375917066438573
2024-06-12,0.2115169387907474
2024-06-13,0.2185891713502168
2024-06-14,0.22497586834279387
2024-06-17,0.23067702976847868
2024-06-18,0.23569265562727118
2024-06-19,0.2400227459191714
2024-06-20,0.2436673006441793
2024-06-21,0.2466263198022949
2024-06-24,0.24889980339351822
2024-06-25,0.2504877514178493
2024-06-26,0.251390163875288
2024-06-27,0.2516070407658344
2024-06-28,0.2511383820894886
2024-07-01,-1.1658284230314957
2024-07-02,-1.151260481912972
2024-07-03,-1.1211209525078911
2024-07-04,-1.0754098348162535
2024-07-05,-1.0141271288380589
2024-07-08,-0.9372728345733072
2024-07-09,-0.844846952021999
2024-07-10,-0.7368494811841333
2024-07-11,-0.613280422059711
2024-07-12,-0.4741397746487317
2024-07-15,-0.3194275389511956
2024-07-16,-0.14914371496710233
2024-07-17,0.036711697303547675
2024-07-18,0.23813869786075498
2024-07-19,0.455137286704519
2024-07-22,0.6877074638348397
2024-07-23,0.9358492292517173
2024-07-24,1.1995625829551524
2024-07-25,1.478847524945144
2024-07-26,1.7737040552216925
2024-07-29,2.084132173784798
2024-07-30,2.410131880634461
2024-07-31,2.7517031757706802
2024-08-01,7.05145496827023
2024-08-02,7.392978299169195
2024-08-05,7.70264831011604
2024-08-06,7.980465001110766
2024-08-07,8.226428372153375
2024-08-08,8.440538423243861
2024-08-09,8.62279515438223
2024-08-12,8.773198565568478
2024-08-13,8.891748656802609
2024-08-14,8.978445428084619
2024-08-15,9.03328887941451
2024-08-16,9.05627901079228
2024-08-19,9.047415822217934
2024-08-20,9.006699313691467
2024-08-21,8.93412948521288
2024-08-22,8.829706336782174
2024-08-23,8.693429868399349
2024-08-26,8.525300080064405
2024-08-27,8.32531697177734
2024-08-28,8.093480543538156
2024-08-29,7.829790795346855
2024-08-30,7.534247727203432
2024-09-02,3.9707471250919033
2024-09-03,3.6368165710618756
2024-09-04,3.3119421552923862
2024-09-05,2.996123877783437
2024-09-06,2.689361738535026
2024-09-09,2.3916557375471545
2024-09-10,2.1030058748198224
2024-09-11,1.823412150353029
2024-09-12,1.5528745641467747
2024-09-13,1.2913931162010597
2024-09-16,1.0389678065158836
2024-09-17,0.7955986350912465
2024-09-18,0.561285601927149
2024-09-19,0.3360287070235901
2024-09-20,0.1198279503805707
2024-09-23,-0.08731666800190996
2024-09-24,-0.2854051481238511
2024-09-25,-0.4744374899852537
2024-09-26,-0.6544136935861165
2024-09-27,-0.8253337589264407
2024-09-30,-0.9871976860062255
2024-10-01,-0.7919315082367426
2024-10-02,-0.9277847694264223
2024-10-03,-1.0599711367969051
2024-10-04,-1.1884906103481914
2024-10-07,-1.3133431900802806
2024-10-08,-1.434528875993173
2024-10-09,-1.5520476680868684
2024-10-10,-1.665899566361367
2024-10-11,-1.7760845708166686
2024-10-14,-1.8826026814527737
2024-10-15,-1.9854538982696817
2024-10-16,-2.084638221267393
2024-10-17,-2.180155650445907
2024-10-18,-2.2720061858052247
2024-10-21,-2.360189827345345
2024-10-22,-2.444706575066269
2024-10-23,-2.5255564289679957
2024-10-24,-2.602739389050526
2024-10-25,-2.6762554553138593
2024-10-28,-2.7461046277579952
2024-10-29,-2.8122869063829348
2024-10-30,-2.8748022911886775
2024-10-31,-2.933650782175223
2024-11-01,-3.764624659207362
2024-11-04,-3.810118220569522
2024-11-05,-3.8406683559200783
2024-11-06,-3.8562750652590316
2024-11-07,-3.8569383485863815
2024-11-08,-3.8426582059021284
2024-11-11,-3.8134346372062717
2024-11-12,-3.7692676424988116
2024-11-13,-3.710157221779749
2024-11-14,-3.6361033750490823
2024-11-15,-3.5471061023068127
2024-11-18,-3.4431654035529395
2024-11-19,-3.3242812787874634
2024-11-20,-3.1904537280103837
2024-11-21,-3.0416827512217015
2024-11-22,-2.8779683484214154
2024-11-25,-2.6993105196095257
2024-11-26,-2.505709264786033
2024-11-27,-2.297164583950938
2024-11-28,-2.073676477104238
2024-11-29,-1.835244944245936
2024-12-02,0.5066535895537063
2024-12-03,0.7361086370638172
2024-12-04,0.9531608167991292
2024-12-05,1.1578101287596416
2024-12-06,1.3500565729453555
2024-12-09,1.5299001493562698
2024-12-10,1.697340857992385
2024-12-11,1.8523786988537012
2024-12-12,1.9950136719402183
2024-12-13,2.125245777251936
2024-12-16,2.243075014788855
2024-12-17,2.348501384550975
2024-12-18,2.4415248865382955
2024-12-19,2.5221455207508168
2024-12-20,2.5903632871885396
2024-12-23,2.646178185851463
2024-12-24,2.689590216739587
2024-12-25,2.720599379852912
2024-12-26,2.739205675191438
2024-12-27,2.745409102755165
2024-12-30,2.739209662544093
2024-12-31,2.7206073545582212
2025-01-01,1.6298221448327965
2025-01-02,1.6008698293245807
2025-01-03,1.5726223229487901
2025-01-06,1.5450796257054253
2025-01-07,1.5182417375944859
2025-01-08,1.4921086586159718
2025-01-09,1.4666803887698832
2025-01-10,1.44195692805622
2025-01-13,1.4179382764749826
2025-01-14,1.3946244340261704
2025-01-15,1.3720154007097838
2025-01-16,1.3501111765258225
2025-01-17,1.3289117614742867
2025-01-20,1.3084171555551765
2025-01-21,1.2886273587684915
2025-01-22,1.2695423711142322
2025-01-23,1.2511621925923984
2025-01-24,1.2334868232029899
2025-01-27,1.216516262946007
2025-01-28,1.2002505118214493
2025-01-29,1.1846895698293172
2025-01-30,1.1698334369696106
2025-01-31,1.1556821132423294
2025-02-03,1.1484098857574818
2025-02-04,1.1337710620628536
2025-02-05,1.1199569064576813
2025-02-06,1.1069674189419652
2025-02-07,1.0948025995157047
2025-02-10,1.0834624481789004
2025-02-11,1.0729469649315517
2025-02-12,1.0632561497736592
2025-02-13,1.0543900027052224
2025-02-14,1.0463485237262418
2025-02-17,1.039131712836717
2025-02-18,1.032739570036648
2025-02-19,1.027172095326035
2025-02-20,1.0224292887048778
2025-02-21,1.0185111501731767
2025-02-24,1.0154176797309316
2025-02-25,1.013148877378142
2025-02-26,1.0117047431148087
2025-02-27,1.0110852769409313
2025-02-28,1.0112904788565098
2025-03-03,2.320810245276782
2025-03-04,2.304695519455085
2025-03-05,2.271485239235467
2025-03-06,2.2211794046179296
2025-03-07,2.1537780156024713
2025-03-10,2.0692810721890926
2025-03-11,1.9676885743777939
2025-03-12,1.8490005221685748
2025-03-13,1.7132169155614352
2025-03-14,1.5603377545563755
2025-03-17,1.3903630391533952
2025-03-18,1.2032927693524944
2025-03-19,0.9991269451536738
2025-03-20,0.7778655665569324
2025-03-21,0.5395086335622712
2025-03-24,0.2840561461696891
2025-03-25,0.011508104379187145
2025-03-26,-0.2781354918092356
2025-03-27,-0.5848746423955782
2025-03-28,-0.908709347379842
2025-03-31,-1.2496396067620246
2025-04-01,-6.0539407061292785
2025-04-02,-6.35593189572128
2025-04-03,-6.61816236175155
2025-04-04,-6.840632104220087
2025-04-07,-7.02334112312689
2025-04-08,-7.16628941847196
2025-04-09,-7.269476990255298
2025-04-10,-7.332903838476902
2025-04-11,-7.356569963136773
2025-04-14,-7.340475364234912
2025-04-15,-7.2846200417713165
2025-04-16,-7.189003995745989
2025-04-17,-7.053627226158929
2025-04-18,-6.878489733010134
2025-04-21,-6.663591516299608
2025-04-22,-6.408932576027348
2025-04-23,-6.114512912193355
2025-04-24,-5.780332524797629
2025-04-25,-5.406391413840169
2025-04-28,-4.992689579320977
2025-04-29,-4.539227021240054
2025-04-30,-4.046003739597394
2025-05-01,3.098426641517496
2025-05-02,3.58904160163877
2025-05-05,4.037287516676925
2025-05-06,4.443164386631962
2025-05-07,4.806672211503883
2025-05-08,5.127810991292684
2025-05-09,5.406580725998368
2025-05-12,5.642981415620934
2025-05-13,5.837013060160382
2025-05-14,5.988675659616712
2025-05-15,6.097969213989924
2025-05-16,6.164893723280019
2025-05-19,6.189449187486996
2025-05-20,6.171635606610855
2025-05-21,6.111452980651595
2025-05-22,6.008901309609219
2025-05-23,5.863980593483724
2025-05-26,5.676690832275112
2025-05-27,5.447032025983381
2025-05-28,5.1750041746085325
2025-05-29,4.8606072781505665
2025-05-30,4.503841336609482
2025-06-02,-1.580524233826924
2025-06-03,-1.9677790223766936
2025-06-04,-2.324147184917546
2025-06-05,-2.6496287214494805
2025-06-06,-2.9442236319724975
2025-06-09,-3.2079319164865963
2025-06-10,-3.4407535749917777
2025-06-11,-3.642688607488041
2025-06-12,-3.8137370139753863
2025-06-13,-3.9538987944538144
2025-06-16,-4.063173948923325
2025-06-17,-4.141562477383916
2025-06-18,-4.189064379835591
2025-06-19,-4.205679656278347
2025-06-20,-4.191408306712186
2025-06-23,-4.146250331137107
2025-06-24,-4.070205729553111
2025-06-25,-3.9632745019601963
2025-06-26,-3.8254566483583643
2025-06-27,-3.6567521687476137
2025-06-30,-3.4571610631279457
2025-07-01,0.22573159581769575
2025-07-02,0.4225607803654958
2025-07-03,0.605782959713256
2025-07-04,0.7753981338609773
2025-07-07,0.931406302808659
2025-07-08,1.0738074665563015
2025-07-09,1.2026016251039047
2025-07-10,1.3177887784514688
2025-07-11,1.4193689265989933
2025-07-14,1.5073420695464785
2025-07-15,1.5817082072939246
2025-07-16,1.6424673398413312
2025-07-17,1.6896194671886986
2025-07-18,1.7231645893360266
2025-07-21,1.7431027062833153
2025-07-22,1.7494338180305649
2025-07-23,1.742157924577775
2025-07-24,1.7212750259249456
2025-07-25,1.6867851220720773
2025-07-28,1.6386882130191696
2025-07-29,1.5769842987662224
2025-07-30,1.5016733793132357
2025-07-31,1.4127554546602101
2025-08-01,-0.8064301269288375
2025-08-04,-0.9062507623434953
2025-08-05,-0.9936028242861209
2025-08-06,-1.0684863127567137
2025-08-07,-1.1309012277552744
2025-08-08,-1.1808475692818026
2025-08-11,-1.218325337336298
2025-08-12,-1.2433345319187614
2025-08-13,-1.2558751530291925
2025-08-14,-1.255947200667591
2025-08-15,-1.2435506748339566
2025-08-18,-1.2186855755282902
2025-08-19,-1.1813519027505914
2025-08-20,-1.13154965650086
2025-08-21,-1.0692788367790964
2025-08-22,-0.9945394435853002
2025-08-25,-0.9073314769194718
2025-08-26,-0.8076549367816107
2025-08-27,-0.6955098231717175
2025-08-28,-0.5708961360897914
2025-08-29,-0.4338138755358333
2025-09-01,1.4162814909973345
2025-09-02,1.5492260957349473
2025-09-03,1.6723622363671815
2025-09-04,1.7856899128940371
2025-09-05,1.8892091253155145
2025-09-08,1.9829198736316134
2025-09-09,2.066822157842334
2025-09-10,2.1409159779476754
2025-09-11,2.205201333947639
2025-09-12,2.259678225842224
2025-09-15,2.3043466536314305
2025-09-16,2.3392066173152593
2025-09-17,2.3642581168937085
2025-09-18,2.37950115236678
2025-09-19,2.384935723734473
2025-09-22,2.380561830996787
2025-09-23,2.3663794741537227
2025-09-24,2.34238865320528
2025-09-25,2.308589368151459
2025-09-26,2.26498161899226
2025-09-29,2.211565405727682
2025-09-30,2.148340728357725
2025-10-01,1.4900040892280493
2025-10-02,1.4178430041635388
2025-10-03,1.3433786215326644
2025-10-06,1.266610941335426
2025-10-07,1.1875399635718238
2025-10-08,1.1061656882418571
2025-10-09,1.022488115345527
2025-10-10,0.9365072448828327
2025-10-13,0.8482230768537744
2025-10-14,0.757635611258352
2025-10-15,0.6647448480965656
2025-10-16,0.5695507873684154
2025-10-17,0.47205342907390124
2025-10-20,0.3722527732130228
2025-10-21,0.27014881978578065
2025-10-22,0.1657415687921745
2025-10-23,0.059031020232204356
2025-10-24,-0.04998282589413
2025-10-27,-0.16129996958682796
2025-10-28,-0.2749204108458902
2025-10-29,-0.39084414967131614
2025-10-30,-0.5090711860631065
2025-10-31,-0.6296015200212606
2025-11-03,-2.3810761970482655
2025-11-04,-2.5010305374022415
2025-11-05,-2.5996805418569977
2025-11-06,-2.677026210412534
2025-11-07,-2.7330675430688505
2025-11-10,-2.7678045398259474
2025-11-11,-2.781237200683824
2025-11-12,-2.773365525642481
2025-11-13,-2.7441895147019184
2025-11-14,-2.693709167862136
2025-11-17,-2.6219244851231336
2025-11-18,-2.5288354664849115
2025-11-19,-2.4144421119474693
2025-11-20,-2.2787444215108072
2025-11-21,-2.121742395174926
2025-11-24,-1.9434360329398246
2025-11-25,-1.7438253348055035
2025-11-26,-1.5229103007719624
2025-11-27,-1.2806909308392012
2025-11-28,-1.0171672250072208
2025-12-01,1.8052417693560543
2025-12-02,2.039970391506072
2025-12-03,2.2617510777789755
2025-12-04,2.470583828174766
2025-12-05,2.6664686426934425
2025-12-08,2.849405521335006
2025-12-09,3.019394464099455
2025-12-10,3.1764354709867915
2025-12-11,3.320528541997014
2025-12-12,3.451673677130123
2025-12-15,3.569870876386118
2025-12-16,3.675120139765
2025-12-17,3.7674214672667685
2025-12-18,3.8467748588914232
2025-12-19,3.9131803146389643
2025-12-22,3.9666378345093922
2025-12-23,4.007147418502706
2025-12-24,4.034709066618907
2025-12-25,4.049322778857994
2025-12-26,4.050988555219968
2025-12-29,4.039706395704828
2025-12-30,4.015476300312574
2025-12-31,3.978298269043207
2026-01-01,0.657772898167206
2026-01-02,0.902555708668725
2026-01-05,1.1331867462797627
2026-01-06,1.349666011000318
2026-01-07,1.5519935028303928
2026-01-08,1.7401692217699853
2026-01-09,1.9141931678190964
2026-01-12,2.074065340977726
2026-01-13,2.2197857412458744
2026-01-14,2.351354368623541
2026-01-15,2.468771223110726
2026-01-16,2.5720363047074297
2026-01-19,2.6611496134136514
2026-01-20,2.736111149229392
2026-01-21,2.796920912154651
2026-01-22,2.843578902189428
2026-01-23,2.876085119333724
2026-01-26,2.894439563587538
2026-01-27,2.898642234950871
2026-01-28,2.8886931334237222
2026-01-29,2.864592259006092
2026-01-30,2.8263396116979798
2026-02-02,
2026-02-03,
2026-02-04,
2026-02-05,
2026-02-06,
2026-02-09,
2026-02-10,
2026-02-11,
2026-02-12,
2026-02-13,
2026-02-16,
2026-02-17,
2026-02-18,
2026-02-19,
2026-02-20,
2026-02-23,
2026-02-24,
2026-02-25,
2026-02-26,
2026-02-27,
2026-03-02,
2026-03-03,
2026-03-04,
2026-03-05,
2026-03-06,
2026-03-09,
2026-03-10,
2026-03-11,
2026-03-12,
2026-03-13,
2026-03-16,
2026-03-17,
2026-03-18,
2026-03-19,
2026-03-20,
2026-03-23,
2026-03-24,
2026-03-25,
2026-03-26,
2026-03-27,
2026-03-30,
2026-03-31,
2026-04-01,
2026-04-02,
2026-04-03,
2026-04-06,
2026-04-07,
2026-04-08,
2026-04-09,
2026-04-10,
2026-04-13,
2026-04-14,
2026-04-15,
2026-04-16,
2026-04-17,
2026-04-20,
2026-04-21,
2026-04-22,
2026-04-23,
2026-04-24,
2026-04-27,
2026-04-28,
2026-04-29,
2026-04-30,
2026-05-01,
2026-05-04,
2026-05-05,
2026-05-06,
2026-05-07,
2026-05-08,
2026-05-11,
2026-05-12,
2026-05-13,
2026-05-14,
2026-05-15,
2026-05-18,
2026-05-19,
2026-05-20,
2026-05-21,
2026-05-22,
2026-05-25,
2026-05-26,
2026-05-27,
2026-05-28,
2026-05-29,
2026-06-01,
2026-06-02,
2026-06-03,
2026-06-04,
2026-06-05,
2026-06-08,
2026-06-09,
2026-06-10,
2026-06-11,
2026-06-12,
2026-06-15,
2026-06-16,
2026-06-17,
2026-06-18,
2026-06-19,
2026-06-22,
2026-06-23,
2026-06-24,
2026-06-25,
2026-06-26,
2026-06-29,
2026-06-30,
