date,debtsec_pct
1999-01-01,-0.6054189937864499
1999-01-02,-0.5956131655115255
1999-01-03,-0.586253502341241
1999-01-04,-0.5773400042755964
1999-01-05,-0.5688726713145914
1999-01-06,-0.5608515034582265
1999-01-07,-0.5532765007065013
1999-01-08,-0.5461476630594162
1999-01-09,-0.5394649905169709
1999-01-10,-0.5332284830791654
1999-01-11,-0.5274381407459999
1999-01-12,-0.5220939635174742
1999-01-13,-0.5171959513935884
1999-01-14,-0.5127441043743424
1999-01-15,-0.5087384224597363
1999-01-16,-0.5051789056497701
1999-01-17,-0.5020655539444439
1999-01-18,-0.4993983673437573
1999-01-19,-0.4971773458477107
1999-01-20,-0.495402489456304
1999-01-21,-0.49407379816953717
1999-01-22,-0.49319127198741025
1999-01-23,-0.4927549109099231
1999-01-24,-0.49276471493707596
1999-01-25,-0.4932206840688686
1999-01-26,-0.49412281830530114
1999-01-27,-0.4954711176463736
1999-01-28,-0.4972655820920859
1999-01-29,-0.49950621164243797
1999-01-30,-0.50219300629743
1999-01-31,-0.5053259660570619
1999-02-01,-0.5089050909213337
1999-02-02,-0.5129303808902453
1999-02-03,-0.517401835963797
1999-02-04,-0.5223194561419883
1999-02-05,-0.5276832414248197
1999-02-06,-0.5334931918122907
1999-02-07,-0.5397493073044017
1999-02-08,-0.5464515879011527
1999-02-09,-0.5536000336025435
1999-02-10,-0.561194644408574
1999-02-11,-0.5692354203192447
1999-02-12,-0.577722361334555
1999-02-13,-0.5866554674545054
1999-02-14,-0.5960347386790954
1999-02-15,-0.6058601750083255
1999-02-16,-0.6141301840519463
1999-02-17,-0.6188431734197092
1999-02-18,-0.619999143111614
1999-02-19,-0.6175980931276606
1999-02-20,-0.6116400234678492
1999-02-21,-0.6021249341321797
1999-02-22,-0.5890528251206519
1999-02-23,-0.5724236964332664
1999-02-24,-0.5522375480700227
1999-02-25,-0.5284943800309208
1999-02-26,-0.5011941923159607
1999-02-27,-0.47033698492514286
1999-02-28,-0.4359227578584667
1999-03-01,-0.3979515111159326
1999-03-02,-0.35642324469754033
1999-03-03,-0.3113379586032899
1999-03-04,-0.2626956528331815
1999-03-05,-0.21049632738721502
1999-03-06,-0.15473998226539046
1999-03-07,-0.09542661746770782
1999-03-08,-0.03255623299416702
1999-03-09,0.03387117115523186
1999-03-10,0.10385559498048884
1999-03-11,0.1773970384816038
1999-03-12,0.2544955016585769
1999-03-13,0.33515098451140807
1999-03-14,0.41936348704009735
1999-03-15,0.5071330092446448
1999-03-16,0.5984595511250501
1999-03-17,0.6922533137784087
1999-03-18,0.7819755037872907
1999-03-19,0.8665363222487911
1999-03-20,0.9459357691629098
1999-03-21,1.020173844529647
1999-03-22,1.0892505483490027
1999-03-23,1.153165880620977
1999-03-24,1.2119198413455694
1999-03-25,1.2655124305227805
1999-03-26,1.3139436481526094
1999-03-27,1.357213494235058
1999-03-28,1.395321968770124
1999-03-29,1.4282690717578088
1999-03-30,1.4560548031981118
1999-03-31,1.4786791630910334
1999-04-01,1.4961421514365736
1999-04-02,1.5084437682347318
1999-04-03,1.5155840134855085
1999-04-04,1.5175628871889042
1999-04-05,1.5143803893449177
1999-04-06,1.50603651995355
1999-04-07,1.4925312790148004
1999-04-08,1.4738646665286697
1999-04-09,1.4500366824951572
1999-04-10,1.421047326914263
1999-04-11,1.3868965997859872
1999-04-12,1.34758450111033
1999-04-13,1.3031110308872913
1999-04-14,1.2534761891168709
1999-04-15,1.198679975799069
1999-04-16,1.1387223909338855
1999-04-17,1.0766432413686287
1999-04-18,1.015482333950607
1999-04-19,0.9552396686798198
1999-04-20,0.8959152455562678
1999-04-21,0.8375090645799508
1999-04-22,0.7800211257508686
1999-04-23,0.7234514290690215
1999-04-24,0.6677999745344092
1999-04-25,0.6130667621470316
1999-04-26,0.5592517919068893
1999-04-27,0.5063550638139819
1999-04-28,0.4543765778683094
1999-04-29,0.4033163340698717
1999-04-30,0.35317433241866913
1999-05-01,0.3039505729147014
1999-05-02,0.2556450555579685
1999-05-03,0.20825778034847062
1999-05-04,0.16178874728620773
1999-05-05,0.11623795637117972
1999-05-06,0.0716054076033866
1999-05-07,0.02789110098282846
1999-05-08,-0.014904963490494735
1999-05-09,-0.05678278581658306
1999-05-10,-0.09774236599543634
1999-05-11,-0.1377837040270548
1999-05-12,-0.1769067999114383
1999-05-13,-0.21511165364858678
1999-05-14,-0.2523982652385004
1999-05-15,-0.2887666346811791
1999-05-16,-0.3242167619766228
1999-05-17,-0.3582731957535301
1999-05-18,-0.38808322778409204
1999-05-19,-0.41317140669700686
1999-05-20,-0.43353773249227484
1999-05-21,-0.4491822051698958
1999-05-22,-0.4601048247298698
1999-05-23,-0.46630559117219683
1999-05-24,-0.46778450449687703
1999-05-25,-0.46454156470391017
1999-05-26,-0.4565767717932963
1999-05-27,-0.44389012576503556
1999-05-28,-0.42648162661912775
1999-05-29,-0.4043512743555731
1999-05-30,-0.3774990689743715
1999-05-31,-0.3459250104755228
1999-06-01,-0.3096290988590272
1999-06-02,-0.26861133412488475
1999-06-03,-0.22287171627309527
1999-06-04,-0.17241024530365878
1999-06-05,-0.11722692121657549
1999-06-06,-0.0573217440118451
1999-06-07,0.007305286310532228
1999-06-08,0.07665416975055664
1999-06-09,0.15072490630822777
1999-06-10,0.2295174959835459
1999-06-11,0.31303193877651114
1999-06-12,0.40126823468712325
1999-06-13,0.49422638371538224
1999-06-14,0.5919063858612884
1999-06-15,0.6943082411248414
1999-06-16,0.8014319495060411
1999-06-17,0.9079968561669397
1999-06-18,1.0087223062695887
1999-06-19,1.1036082998139873
1999-06-20,1.1926548368001366
1999-06-21,1.2758619172280357
1999-06-22,1.3532295410976851
1999-06-23,1.4247577084090846
1999-06-24,1.4904464191622344
1999-06-25,1.5502956733571343
1999-06-26,1.6043054709937845
1999-06-27,1.652475812072185
1999-06-28,1.6948066965923356
1999-06-29,1.731298124554236
1999-06-30,1.761950095957887
1999-07-01,1.786762610803288
1999-07-02,1.8057356690904391
1999-07-03,1.8188692708193408
1999-07-04,1.8261634159899924
1999-07-05,1.8276181046023945
1999-07-06,1.8232333366565463
1999-07-07,1.8130091121524483
1999-07-08,1.7969454310901007
1999-07-09,1.7750422934695034
1999-07-10,1.747299699290656
1999-07-11,1.713717648553559
1999-07-12,1.6742961412582118
1999-07-13,1.6290351774046155
1999-07-14,1.5779347569927689
1999-07-15,1.5209948800226722
1999-07-16,1.4582155464943258
1999-07-17,1.3905783759148238
1999-07-18,1.3239730853267255
1999-07-19,1.2593812942371252
1999-07-20,1.196803002646023
1999-07-21,1.1362382105534186
1999-07-22,1.077686917959312
1999-07-23,1.0211491248637037
1999-07-24,0.9666248312665928
1999-07-25,0.91411403716798
1999-07-26,0.8636167425678649
1999-07-27,0.8151329474662481
1999-07-28,0.768662651863129
1999-07-29,0.7242058557585079
1999-07-30,0.6817625591523844
1999-07-31,0.6413327620447591
1999-08-01,0.6029164644356315
1999-08-02,0.5665136663250019
1999-08-03,0.5321243677128702
1999-08-04,0.49974856859923644
1999-08-05,0.4693862689841006
1999-08-06,0.4410374688674625
1999-08-07,0.4147021682493223
1999-08-08,0.3903803671296802
1999-08-09,0.3680720655085359
1999-08-10,0.3477772633858895
1999-08-11,0.32949596076174104
1999-08-12,0.31322815763609035
1999-08-13,0.2989738540089377
1999-08-14,0.28673304988028286
1999-08-15,0.27650574525012594
1999-08-16,0.26829194011846696
1999-08-17,0.26197904159462243
1999-08-18,0.2568914923344916
1999-08-19,0.25291669944739115
1999-08-20,0.25005466293332096
1999-08-21,0.24830538279228123
1999-08-22,0.24766885902427171
1999-08-23,0.24814509162929255
1999-08-24,0.2497340806073437
1999-08-25,0.25243582595842523
1999-08-26,0.25625032768253697
1999-08-27,0.2611775857796791
1999-08-28,0.2672176002498516
1999-08-29,0.27437037109305434
1999-08-30,0.2826358983092874
1999-08-31,0.29201418189855083
1999-09-01,0.3025052218608446
1999-09-02,0.3141090181961687
1999-09-03,0.3268255709045231
1999-09-04,0.34065487998590777
1999-09-05,0.35559694544032283
1999-09-06,0.37165176726776816
1999-09-07,0.3888193454682438
1999-09-08,0.4070996800417499
1999-09-09,0.4264927709882862
1999-09-10,0.44699861830785287
1999-09-11,0.46861722200044986
1999-09-12,0.4913485820660772
1999-09-13,0.5151926985047347
1999-09-14,0.5401495713164228
1999-09-15,0.566219200501141
1999-09-16,0.5934015860588896
1999-09-17,0.6196267980627905
1999-09-18,0.642824906585966
1999-09-19,0.6629959116284158
1999-09-20,0.6801398131901399
1999-09-21,0.6942566112711386
1999-09-22,0.7053463058714117
1999-09-23,0.7134088969909591
1999-09-24,0.7184443846297809
1999-09-25,0.7204527687878772
1999-09-26,0.7194340494652479
1999-09-27,0.7153882266618931
1999-09-28,0.7083153003778125
1999-09-29,0.6982152706130065
1999-09-30,0.685088137367475
1999-10-01,0.6689339006412178
1999-10-02,0.6497525604342348
1999-10-03,0.6275441167465264
1999-10-04,0.6023085695780925
1999-10-05,0.574045918928933
1999-10-06,0.5427561647990478
1999-10-07,0.5084393071884371
1999-10-08,0.47109534609710085
1999-10-09,0.43072428152503883
1999-10-10,0.38732611347225127
1999-10-11,0.3409008419387382
1999-10-12,0.29144846692449955
1999-10-13,0.23896898842953537
1999-10-14,0.18346240645384554
1999-10-15,0.12492872099743013
1999-10-16,0.06336793206028901
1999-10-17,-0.0005514810230262771
1999-10-18,-0.06281864224520897
1999-10-19,-0.12276507227170769
1999-10-20,-0.18039077110252252
1999-10-21,-0.2356957387376533
1999-10-22,-0.2886799751771002
1999-10-23,-0.33934348042086326
1999-10-24,-0.3876862544689423
1999-10-25,-0.4337082973213375
1999-10-26,-0.4774096089780486
1999-10-27,-0.5187901894390758
1999-10-28,-0.5578500387044192
1999-10-29,-0.5945891567740786
1999-10-30,-0.6290075436480541
1999-10-31,-0.6611051993263455
1999-11-01,-0.6908821238089532
1999-11-02,-0.7183383170958769
1999-11-03,-0.7434737791871167
1999-11-04,-0.7662885100826724
1999-11-05,-0.7867825097825443
1999-11-06,-0.8049557782867321
1999-11-07,-0.8208083155952361
1999-11-08,-0.8343401217080563
1999-11-09,-0.8455511966251925
1999-11-10,-0.8544415403466445
1999-11-11,-0.8610111528724129
1999-11-12,-0.8652600342024973
1999-11-13,-0.8671881843368976
1999-11-14,-0.8667956032756142
1999-11-15,-0.8640822910186468
1999-11-16,-0.8590482475659953
1999-11-17,-0.8520636168393468
1999-11-18,-0.8434985427603883
1999-11-19,-0.8333530253291194
1999-11-20,-0.8216270645455404
1999-11-21,-0.8083206604096511
1999-11-22,-0.7934338129214517
1999-11-23,-0.7769665220809421
1999-11-24,-0.7589187878881222
1999-11-25,-0.7392906103429923
1999-11-26,-0.718081989445552
1999-11-27,-0.6952929251958017
1999-11-28,-0.6709234175937411
1999-11-29,-0.6449734666393703
1999-11-30,-0.6174430723326895
1999-12-01,-0.5883322346736982
1999-12-02,-0.5576409536623969
1999-12-03,-0.5253692292987854
1999-12-04,-0.4915170615828637
1999-12-05,-0.45608445051463165
1999-12-06,-0.4190713960940896
1999-12-07,-0.3804778983212373
1999-12-08,-0.34030395719607476
1999-12-09,-0.29854957271860216
1999-12-10,-0.2552147448888192
1999-12-11,-0.2102994737067261
1999-12-12,-0.1638037591723228
1999-12-13,-0.1157276012856094
1999-12-14,-0.06607100004658573
1999-12-15,-0.014833955455251789
1999-12-16,0.03798353248839221
1999-12-17,0.09192457992489865
1999-12-18,0.14424788369758104
1999-12-19,0.19449655994699167
1999-12-20,0.24267060867313053
1999-12-21,0.2887700298759975
1999-12-22,0.3327948235555926
1999-12-23,0.374744989711916
1999-12-24,0.41462052834496754
1999-12-25,0.4524214394547472
1999-12-26,0.4881477230412551
1999-12-27,0.5217993791044913
1999-12-28,0.5533764076444555
1999-12-29,0.5828788086611479
1999-12-30,0.6103065821545687
1999-12-31,0.6356597281247175
2000-01-01,0.6589382465715945
2000-01-02,0.6801421374951996
2000-01-03,0.6992714008955331
2000-01-04,0.7163260367725948
2000-01-05,0.7313060451263845
2000-01-06,0.7442114259569024
2000-01-07,0.7550421792641485
2000-01-08,0.7637983050481228
2000-01-09,0.7704798033088254
2000-01-10,0.7750866740462561
2000-01-11,0.777618917260415
2000-01-12,0.778076532951302
2000-01-13,0.7764595211189173
2000-01-14,0.7727678817632607
2000-01-15,0.7670016148843324
2000-01-16,0.7591607204821322
2000-01-17,0.7493945358687011
2000-01-18,0.7385990849162841
2000-01-19,0.7269237049369223
2000-01-20,0.7143683959306155
2000-01-21,0.7009331578973639
2000-01-22,0.6866179908371672
2000-01-23,0.6714228947500257
2000-01-24,0.6553478696359393
2000-01-25,0.638392915494908
2000-01-26,0.6205580323269315
2000-01-27,0.6018432201320104
2000-01-28,0.5822484789101442
2000-01-29,0.561773808661333
2000-01-30,0.5404192093855771
2000-01-31,0.5181846810828762
2000-02-01,0.4950702237532304
2000-02-02,0.47107583739663955
2000-02-03,0.4462015220131039
2000-02-04,0.4204472776026233
2000-02-05,0.3938131041651977
2000-02-06,0.36629900170082735
2000-02-07,0.33790497020951193
2000-02-08,0.3086310096912516
2000-02-09,0.2784771201460464
2000-02-10,0.24744330157389624
2000-02-11,0.21552955397480117
2000-02-12,0.18273587734876123
2000-02-13,0.14906227169577627
2000-02-14,0.11450873701584649
2000-02-15,0.07907527330897171
2000-02-16,0.043303507764551226
2000-02-17,0.010443203518980189
2000-02-18,-0.018964012238342046
2000-02-19,-0.04491813950741564
2000-02-20,-0.06741917828824054
2000-02-21,-0.08646712858081673
2000-02-22,-0.10206199038514426
2000-02-23,-0.11420376370122305
2000-02-24,-0.12289244852905314
2000-02-25,-0.1281280448686345
2000-02-26,-0.12991055271996724
2000-02-27,-0.1282399720830512
2000-02-28,-0.12311630295788653
2000-02-29,-0.11453954534447308
2000-03-01,-0.102509699242811
2000-03-02,-0.08702676465290021
2000-03-03,-0.06809074157474072
2000-03-04,-0.04570163000833251
2000-03-05,-0.01985942995367562
2000-03-06,0.0094358585892299
2000-03-07,0.042184235620384175
2000-03-08,0.07838570113978717
2000-03-09,0.11804025514743889
2000-03-10,0.1611478976433392
2000-03-11,0.20770862862748826
2000-03-12,0.2577224480998861
2000-03-13,0.3111893560605325
2000-03-14,0.3681093525094278
2000-03-15,0.4284824374465716
2000-03-16,0.49230861087196415
2000-03-17,0.5586187389972598
2000-03-18,0.6215980190923853
2000-03-19,0.6802773173689949
2000-03-20,0.7346566338270886
2000-03-21,0.7847359684666664
2000-03-22,0.8305153212877283
2000-03-23,0.8719946922902745
2000-03-24,0.9091740814743047
2000-03-25,0.9420534888398192
2000-03-26,0.9706329143868175
2000-03-27,0.9949123581153002
2000-03-28,1.0148918200252672
2000-03-29,1.0305713001167178
2000-03-30,1.041950798389653
2000-03-31,1.0490303148440723
2000-04-01,1.0518098494799757
2000-04-02,1.050289402297363
2000-04-03,1.0444689732962347
2000-04-04,1.0343485624765905
2000-04-05,1.0199281698384304
2000-04-06,1.0012077953817542
2000-04-07,0.9781874391065625
2000-04-08,0.950867101012855
2000-04-09,0.9192467811006313
2000-04-10,0.8833264793698918
2000-04-11,0.8431061958206367
2000-04-12,0.7985859304528656
2000-04-13,0.7497656832665787
2000-04-14,0.6966454542617758
2000-04-15,0.6392252434384571
2000-04-16,0.5775050507966224
2000-04-17,0.5152974410127428
2000-04-18,0.4564149787632885
2000-04-19,0.4008576640482597
2000-04-20,0.34862549686765654
2000-04-21,0.2997184772214788
2000-04-22,0.2541366051097264
2000-04-23,0.21187988053239973
2000-04-24,0.17294830348949855
2000-04-25,0.13734187398102274
2000-04-26,0.10506059200697243
2000-04-27,0.07610445756734775
2000-04-28,0.050473470662148544
2000-04-29,0.028167631291374774
2000-04-30,0.009186939455026508
2000-05-01,-0.0064686048468962
2000-05-02,-0.018799001614393462
2000-05-03,-0.027804250847465246
2000-05-04,-0.03348435254611144
2000-05-05,-0.03583930671033222
2000-05-06,-0.03486911334012743
2000-05-07,-0.030573772435497186
2000-05-08,-0.022953283996441465
2000-05-09,-0.01200764802296015
2000-05-10,0.0022631354849465776
2000-05-11,0.019859066527278858
2000-05-12,0.040780145104036616
2000-05-13,0.06502637121521983
2000-05-14,0.09259774486082861
2000-05-15,0.12349426604086287
2000-05-16,0.15771593475532264
2000-05-17,0.19465292762632663
2000-05-18,0.23064630438658748
2000-05-19,0.26508624165822386
2000-05-20,0.2979727394412358
2000-05-21,0.32930579773562324
2000-05-22,0.35908541654138626
2000-05-23,0.3873115958585248
2000-05-24,0.413984335687039
2000-05-25,0.43910363602692876
2000-05-26,0.4626694968781939
2000-05-27,0.4846819182408348
2000-05-28,0.5051409001148511
2000-05-29,0.524046442500243
2000-05-30,0.5413985453970105
2000-05-31,0.5571972088051536
2000-06-01,0.571442432724672
2000-06-02,0.5841342171555662
2000-06-03,0.595272562097836
2000-06-04,0.6048574675514812
2000-06-05,0.612888933516502
2000-06-06,0.6193669599928984
2000-06-07,0.6242915469806701
2000-06-08,0.6276626944798177
2000-06-09,0.6294804024903408
2000-06-10,0.6297446710122392
2000-06-11,0.6284555000455133
2000-06-12,0.625612889590163
2000-06-13,0.6212168396461882
2000-06-14,0.615267350213589
2000-06-15,0.6077644212923654
2000-06-16,0.5987080528825173
2000-06-17,0.5894909623043271
2000-06-18,0.581505866878077
2000-06-19,0.574752766603767
2000-06-20,0.5692316614813971
2000-06-21,0.5649425515109675
2000-06-22,0.5618854366924778
2000-06-23,0.5600603170259285
2000-06-24,0.5594671925113194
2000-06-25,0.5601060631486502
2000-06-26,0.5619769289379212
2000-06-27,0.5650797898791324
2000-06-28,0.5694146459722839
2000-06-29,0.5749814972173752
2000-06-30,0.5817803436144069
2000-07-01,0.5898111851633787
2000-07-02,0.5990740218642906
2000-07-03,0.6095688537171428
2000-07-04,0.6212956807219349
2000-07-05,0.6342545028786674
2000-07-06,0.6484453201873398
2000-07-07,0.6638681326479524
2000-07-08,0.6805229402605053
2000-07-09,0.6984097430249981
2000-07-10,0.7175285409414313
2000-07-11,0.7378793340098045
2000-07-12,0.7594621222301178
2000-07-13,0.7822769056023713
2000-07-14,0.8063236841265651
2000-07-15,0.8316024578026989
2000-07-16,0.8581132266307728
2000-07-17,0.8853771118757024
2000-07-18,0.910520841126981
2000-07-19,0.933065535649524
2000-07-20,0.9530111954433315
2000-07-21,0.9703578205084031
2000-07-22,0.9851054108447392
2000-07-23,0.99725396645234
2000-07-24,1.0068034873312053
2000-07-25,1.013753973481335
2000-07-26,1.0181054249027286
2000-07-27,1.019857841595387
2000-07-28,1.0190112235593098
2000-07-29,1.0155655707944973
2000-07-30,1.0095208833009488
2000-07-31,1.000877161078665
2000-08-01,0.9896344041276454
2000-08-02,0.9757926124478902
2000-08-03,0.9593517860393996
2000-08-04,0.9403119249021735
2000-08-05,0.918673029036212
2000-08-06,0.8944350984415144
2000-08-07,0.8675981331180814
2000-08-08,0.838162133065913
2000-08-09,0.806127098285009
2000-08-10,0.7714930287753693
2000-08-11,0.7342599245369941
2000-08-12,0.6944277855698833
2000-08-13,0.651996611874037
2000-08-14,0.6069664034494552
2000-08-15,0.5593371602961374
2000-08-16,0.5091088824140845
2000-08-17,0.45690467060447293
2000-08-18,0.4064631296743652
2000-08-19,0.3584073604249382
2000-08-20,0.31273736285619214
2000-08-21,0.26945313696812695
2000-08-22,0.22855468276074262
2000-08-23,0.19004200023403917
2000-08-24,0.15391508938801648
2000-08-25,0.12017395022267482
2000-08-26,0.08881858273801391
2000-08-27,0.05984898693403384
2000-08-28,0.0332651628107347
2000-08-29,0.009067110368116343
2000-08-30,-0.012745170393821103
2000-08-31,-0.03217167947507774
2000-09-01,-0.0492124168756534
2000-09-02,-0.06386738259554836
2000-09-03,-0.07613657663476235
2000-09-04,-0.0860199989932955
2000-09-05,-0.0935176496711478
2000-09-06,-0.09862952866831923
2000-09-07,-0.10135563598480983
2000-09-08,-0.10169597162061952
2000-09-09,-0.09965053557574839
2000-09-10,-0.09521932785019639
2000-09-11,-0.08840234844396355
2000-09-12,-0.07919959735704983
2000-09-13,-0.06761107458945526
2000-09-14,-0.05363678014117981
2000-09-15,-0.0372767140122235
2000-09-16,-0.01853087620258634
2000-09-17,0.0008509089882050828
2000-09-18,0.019118817260624192
2000-09-19,0.03627284861467095
2000-09-20,0.05231300305034535
2000-09-21,0.06723928056764744
2000-09-22,0.08105168116657721
2000-09-23,0.09375020484713463
2000-09-24,0.1053348516093197
2000-09-25,0.11580562145313247
2000-09-26,0.1251625143785729
2000-09-27,0.13340553038564099
2000-09-28,0.14053466947433674
2000-09-29,0.14654993164466018
2000-09-30,0.1514513168966113
2000-10-01,0.1552388252301901
2000-10-02,0.15791245664539644
2000-10-03,0.15947221114223056
2000-10-04,0.1599180887206923
2000-10-05,0.15925008938078175
2000-10-06,0.15746821312249884
2000-10-07,0.1545724599458436
2000-10-08,0.15056282985081604
2000-10-09,0.14543932283741612
2000-10-10,0.13920193890564386
2000-10-11,0.1318506780554993
2000-10-12,0.1233855402869824
2000-10-13,0.11380652560009316
2000-10-14,0.10311363399483159
2000-10-15,0.0913068654711977
2000-10-16,0.07838622002919145
2000-10-17,0.06449414770768097
2000-10-18,0.05048534873987482
2000-10-19,0.036502273164641094
2000-10-20,0.022544920981979775
2000-10-21,0.008613292191890918
2000-10-22,-0.005292613205625559
2000-10-23,-0.019172795210569617
2000-10-24,-0.03302725382294123
2000-10-25,-0.04685598904274046
2000-10-26,-0.06065900086996723
2000-10-27,-0.07443628930462158
2000-10-28,-0.08818785434670354
2000-10-29,-0.10191369599621304
2000-10-30,-0.11561381425315015
2000-10-31,-0.12928820911751482
2000-11-01,-0.1429368805893071
2000-11-02,-0.15655982866852694
2000-11-03,-0.17015705335517434
2000-11-04,-0.18372855464924936
2000-11-05,-0.19727433255075194
2000-11-06,-0.21079438705968206
2000-11-07,-0.22428871817603976
2000-11-08,-0.23775732589982512
2000-11-09,-0.251200210231038
2000-11-10,-0.2646173711696785
2000-11-11,-0.2780088087157465
2000-11-12,-0.29137452286924215
2000-11-13,-0.30471451363016533
2000-11-14,-0.31802878099851617
2000-11-15,-0.3313173249742945
2000-11-16,-0.34458014555750044
2000-11-17,-0.35709852499558287
2000-11-18,-0.36815374553599073
2000-11-19,-0.37774580717872375
2000-11-20,-0.3858747099237822
2000-11-21,-0.392540453771166
2000-11-22,-0.3977430387208751
2000-11-23,-0.40148246477290955
2000-11-24,-0.40375873192726935
2000-11-25,-0.4045718401839545
2000-11-26,-0.40392178954296504
2000-11-27,-0.40180858000430086
2000-11-28,-0.3982322115679621
2000-11-29,-0.39319268423394854
2000-11-30,-0.38668999800226056
2000-12-01,-0.3787241528728977
2000-12-02,-0.36929514884586023
2000-12-03,-0.3584029859211482
2000-12-04,-0.3460476640987615
2000-12-05,-0.33222918337870005
2000-12-06,-0.31694754376096407
2000-12-07,-0.3002027452455533
2000-12-08,-0.2819947878324679
2000-12-09,-0.2623236715217079
2000-12-10,-0.24118939631327324
2000-12-11,-0.2185919622071639
2000-12-12,-0.19453136920337988
2000-12-13,-0.16900761730192126
2000-12-14,-0.142020706502788
2000-12-15,-0.11357063680597995
2000-12-16,-0.08365740821149735
2000-12-17,-0.05272447386399717
2000-12-18,-0.023432552631421973
2000-12-19,0.0037749023415711742
2000-12-20,0.02889789105498228
2000-12-21,0.05193641350881138
2000-12-22,0.07289046970305832
2000-12-23,0.09176005963772331
2000-12-24,0.10854518331280619
2000-12-25,0.12324584072830705
2000-12-26,0.13586203188422585
2000-12-27,0.14639375678056257
2000-12-28,0.1548410154173173
2000-12-29,0.1612038077944899
2000-12-30,0.16548213391208053
2000-12-31,0.16767599377008907
2001-01-01,0.1677853873685156
2001-01-02,0.16581031470736
2001-01-03,0.16175077578662234
2001-01-04,0.15560677060630268
2001-01-05,0.147378299166401
2001-01-06,0.1370653614669171
2001-01-07,0.12466795750785131
2001-01-08,0.1101860872892035
2001-01-09,0.09361975081097354
2001-01-10,0.07496894807316158
2001-01-11,0.05423367907576749
2001-01-12,0.03141394381879136
2001-01-13,0.00650974230223326
2001-01-14,-0.020478925473906947
2001-01-15,-0.04955205950962918
2001-01-16,-0.0807096598049335
2001-01-17,-0.11344085784618498
2001-01-18,-0.14468044255157478
2001-01-19,-0.17391754540746793
2001-01-20,-0.2011521664138646
2001-01-21,-0.2263843055707646
2001-01-22,-0.24961396287816814
2001-01-23,-0.270841138336075
2001-01-24,-0.2900658319444854
2001-01-25,-0.307288043703399
2001-01-26,-0.3225077736128162
2001-01-27,-0.3357250216727368
2001-01-28,-0.3469397878831608
2001-01-29,-0.35615207224408824
2001-01-30,-0.3633618747555191
2001-01-31,-0.36856919541745337
2001-02-01,-0.3717740342298911
2001-02-02,-0.37297639119283216
2001-02-03,-0.37217626630627665
2001-02-04,-0.36937365957022467
2001-02-05,-0.3645685709846761
2001-02-06,-0.3577610005496309
2001-02-07,-0.3489509482650891
2001-02-08,-0.3381384141310507
2001-02-09,-0.3253233981475158
2001-02-10,-0.3105059003144843
2001-02-11,-0.2936859206319562
2001-02-12,-0.27486345909993154
2001-02-13,-0.2540385157184103
2001-02-14,-0.23121109048739252
2001-02-15,-0.2063811834068781
2001-02-16,-0.18108956612493143
2001-02-17,-0.15687701028961676
2001-02-18,-0.1337435159009341
2001-02-19,-0.11168908295888348
2001-02-20,-0.09071371146346482
2001-02-21,-0.07081740141467817
2001-02-22,-0.05200015281252353
2001-02-23,-0.03426196565700095
2001-02-24,-0.01760283994811031
2001-02-25,-0.0020227756858517266
2001-02-26,0.012478227129774923
2001-02-27,0.025900168498769513
2001-02-28,0.03824304842113208
2001-03-01,0.0495068668968627
2001-03-02,0.059691623925961244
2001-03-03,0.06879731950842781
2001-03-04,0.07682395364426238
2001-03-05,0.08377152633346492
2001-03-06,0.08964003757603548
2001-03-07,0.09442948737197399
2001-03-08,0.09813987572128054
2001-03-09,0.10077120262395504
2001-03-10,0.10232346807999758
2001-03-11,0.10279667208940808
2001-03-12,0.10219081465218657
2001-03-13,0.10050589576833308
2001-03-14,0.09774191543784756
2001-03-15,0.09389887366073005
2001-03-16,0.0889767704369805
2001-03-17,0.0829819532473136
2001-03-18,0.07595250697601709
2001-03-19,0.06789477910380563
2001-03-20,0.05880876963067921
2001-03-21,0.048694478556637805
2001-03-22,0.037551905881681426
2001-03-23,0.025381051605810098
2001-03-24,0.012181915729023801
2001-03-25,-0.002045501748677467
2001-03-26,-0.0173012008272937
2001-03-27,-0.03358518150682489
2001-03-28,-0.050897443787271075
2001-03-29,-0.0692379876686322
2001-03-30,-0.08860681315090828
2001-03-31,-0.10900392023409936
2001-04-01,-0.1304293089182054
2001-04-02,-0.1528829792032264
2001-04-03,-0.17636493108916235
2001-04-04,-0.2008751645760133
2001-04-05,-0.22641367966377918
2001-04-06,-0.25298047635246
2001-04-07,-0.2805755546420558
2001-04-08,-0.30919891453256665
2001-04-09,-0.33885055602399244
2001-04-10,-0.36953047911633313
2001-04-11,-0.4012386838095888
2001-04-12,-0.4339751701037595
2001-04-13,-0.46773993799884506
2001-04-14,-0.5025329874948458
2001-04-15,-0.5383543185917613
2001-04-16,-0.5752039312895918
2001-04-17,-0.6102984723702684
2001-04-18,-0.640854588615722
2001-04-19,-0.6668722800259524
2001-04-20,-0.6883515466009599
2001-04-21,-0.7052923883407444
2001-04-22,-0.7176948052453059
2001-04-23,-0.7255587973146446
2001-04-24,-0.7288843645487602
2001-04-25,-0.7276715069476527
2001-04-26,-0.7219202245113224
2001-04-27,-0.711630517239769
2001-04-28,-0.6968023851329926
2001-04-29,-0.6774358281909932
2001-04-30,-0.653530846413771
2001-05-01,-0.6250874398013258
2001-05-02,-0.5921056083536572
2001-05-03,-0.554585352070766
2001-05-04,-0.5125266709526517
2001-05-05,-0.4659295649993144
2001-05-06,-0.4147940342107541
2001-05-07,-0.3591200785869708
2001-05-08,-0.29890769812796464
2001-05-09,-0.2341568928337352
2001-05-10,-0.1648676627042831
2001-05-11,-0.09104000773960778
2001-05-12,-0.012673927939709602
2001-05-13,0.07023057669541147
2001-05-14,0.15767350616575573
2001-05-15,0.24965486047132288
2001-05-16,0.34617463961211314
2001-05-17,0.4460075879716384
2001-05-18,0.5418021718509725
2001-05-19,0.632333135633627
2001-05-20,0.7176004793196024
2001-05-21,0.7976042029088983
2001-05-22,0.8723443064015151
2001-05-23,0.9418207897974527
2001-05-24,1.0060336530967111
2001-05-25,1.06498289629929
2001-05-26,1.1186685194051895
2001-05-27,1.1670905224144101
2001-05-28,1.2102489053269512
2001-05-29,1.248143668142813
2001-05-30,1.2807748108619958
2001-05-31,1.308142333484499
2001-06-01,1.3302462360103229
2001-06-02,1.347086518439468
2001-06-03,1.3586631807719334
2001-06-04,1.3649762230077198
2001-06-05,1.3660256451468267
2001-06-06,1.3618114471892544
2001-06-07,1.3523336291350028
2001-06-08,1.3375921909840718
2001-06-09,1.3175871327364619
2001-06-10,1.2923184543921724
2001-06-11,1.2617861559512038
2001-06-12,1.2259902374135558
2001-06-13,1.1849306987792285
2001-06-14,1.1386075400482223
2001-06-15,1.0870207612205365
2001-06-16,1.0301703622961715
2001-06-17,0.971772100482513
2001-06-18,0.9155417329869466
2001-06-19,0.8614792598094722
2001-06-20,0.8095846809500903
2001-06-21,0.7598579964088003
2001-06-22,0.7122992061856026
2001-06-23,0.666908310280497
2001-06-24,0.6236853086934836
2001-06-25,0.5826302014245621
2001-06-26,0.543742988473733
2001-06-27,0.5070236698409962
2001-06-28,0.4724722455263515
2001-06-29,0.4400887155297988
2001-06-30,0.40987307985133836
2001-07-01,0.3818253384909701
2001-07-02,0.3559454914486939
2001-07-03,0.33223353872450995
2001-07-04,0.3106894803184182
2001-07-05,0.2913133162304186
2001-07-06,0.2741050464605111
2001-07-07,0.25906467100869573
2001-07-08,0.24619218987497266
2001-07-09,0.23548760305934163
2001-07-10,0.22695091056180283
2001-07-11,0.22058211238235617
2001-07-12,0.21638120852100165
2001-07-13,0.21434819897773935
2001-07-14,0.21448308375256916
2001-07-15,0.21678586284549117
2001-07-16,0.22125653625650532
2001-07-17,0.22740555875504356
2001-07-18,0.23229565895769724
2001-07-19,0.2354372916338984
2001-07-20,0.23683045678364698
2001-07-21,0.2364751544069429
2001-07-22,0.23437138450378622
2001-07-23,0.230519147074177
2001-07-24,0.22491844211811515
2001-07-25,0.21756926963560078
2001-07-26,0.2084716296266337
2001-07-27,0.1976255220912141
2001-07-28,0.18503094702934192
2001-07-29,0.17068790444101709
2001-07-30,0.15459639432623973
2001-07-31,0.1367564166850097
2001-08-01,0.1171679715173271
2001-08-02,0.09583105882319196
2001-08-03,0.07274567860260416
2001-08-04,0.04791183085556379
2001-08-05,0.02132951558207089
2001-08-06,-0.0070012672178747185
2001-08-07,-0.037080517544272835
2001-08-08,-0.06890823539712362
2001-08-09,-0.10248442077642694
2001-08-10,-0.1378090736821829
2001-08-11,-0.17488219411439138
2001-08-12,-0.21370378207305252
2001-08-13,-0.2542738375581662
2001-08-14,-0.2965923605697325
2001-08-15,-0.3406593511077514
2001-08-16,-0.38647480917222293
2001-08-17,-0.43333130939064257
2001-08-18,-0.47698429952798305
2001-08-19,-0.5167263542117398
2001-08-20,-0.5525574734419129
2001-08-21,-0.5844776572185026
2001-08-22,-0.6124869055415085
2001-08-23,-0.6365852184109309
2001-08-24,-0.6567725958267695
2001-08-25,-0.6730490377890246
2001-08-26,-0.6854145442976959
2001-08-27,-0.6938691153527837
2001-08-28,-0.6984127509542879
2001-08-29,-0.6990454511022085
2001-08-30,-0.6957672157965454
2001-08-31,-0.6885780450372988
2001-09-01,-0.6774779388244684
2001-09-02,-0.6624668971580544
2001-09-03,-0.6435449200380567
2001-09-04,-0.6207120074644755
2001-09-05,-0.5939681594373107
2001-09-06,-0.5633133759565622
2001-09-07,-0.52874765702223
2001-09-08,-0.4902710026343143
2001-09-09,-0.44788341279281496
2001-09-10,-0.4015848874977319
2001-09-11,-0.3513754267490653
2001-09-12,-0.297255030546815
2001-09-13,-0.23922369889098125
2001-09-14,-0.1772814317815636
2001-09-15,-0.11142822921856242
2001-09-16,-0.04166409120197767
2001-09-17,0.02832413689288977
2001-09-18,0.09484960969073898
2001-09-19,0.15791232719156986
2001-09-20,0.21751228939538236
2001-09-21,0.27364949630217666
2001-09-22,0.3263239479119526
2001-09-23,0.3755356442247103
2001-09-24,0.42128458524044965
2001-09-25,0.4635707709591708
2001-09-26,0.5023942013808737
2001-09-27,0.5377548765055582
2001-09-28,0.5696527963332244
2001-09-29,0.5980879608638723
2001-09-30,0.6230603700975019
2001-10-01,0.6445700240341133
2001-10-02,0.6626169226737063
2001-10-03,0.6772010660162812
2001-10-04,0.6883224540618376
2001-10-05,0.6959810868103758
2001-10-06,0.7001769642618957
2001-10-07,0.7009100864163972
2001-10-08,0.6981804532738806
2001-10-09,0.6919880648343456
2001-10-10,0.6823329210977922
2001-10-11,0.6692150220642207
2001-10-12,0.6526343677336309
2001-10-13,0.6325909581060226
2001-10-14,0.6090847931813962
2001-10-15,0.5821158729597514
2001-10-16,0.5516841974410884
2001-10-17,0.5185524670266152
2001-10-18,0.4872968841235807
2001-10-19,0.45868014913319294
2001-10-20,0.432702262055452
2001-10-21,0.40936322289035787
2001-10-22,0.3886630316379105
2001-10-23,0.37060168829810985
2001-10-24,0.35517919287095623
2001-10-25,0.34239554535644917
2001-10-26,0.332250745754589
2001-10-27,0.32474479406537565
2001-10-28,0.3198776902888091
2001-10-29,0.3176494344248893
2001-10-30,0.31806002647361625
2001-10-31,0.32110946643499005
2001-11-01,0.3267977543090107
2001-11-02,0.3351248900956781
2001-11-03,0.34609087379499226
2001-11-04,0.3596957054069533
2001-11-05,0.37593938493156104
2001-11-06,0.3948219123688156
2001-11-07,0.4163432877187169
2001-11-08,0.44050351098126517
2001-11-09,0.46730258215646014
2001-11-10,0.49674050124430186
2001-11-11,0.5288172682447905
2001-11-12,0.5635328831579258
2001-11-13,0.6008873459837079
2001-11-14,0.640880656722137
2001-11-15,0.6835128153732126
2001-11-16,0.7287838219369351
2001-11-17,0.7724842737566389
2001-11-18,0.8104047681756584
2001-11-19,0.8425453051939932
2001-11-20,0.8689058848116439
2001-11-21,0.88948650702861
2001-11-22,0.9042871718448916
2001-11-23,0.9133078792604891
2001-11-24,0.9165486292754019
2001-11-25,0.9140094218896305
2001-11-26,0.9056902571031747
2001-11-27,0.8915911349160346
2001-11-28,0.8717120553282101
2001-11-29,0.8460530183397008
2001-11-30,0.8146140239505075
2001-12-01,0.7773950721606298
2001-12-02,0.7343961629700675
2001-12-03,0.685617296378821
2001-12-04,0.63105847238689
2001-12-05,0.5707196909942747
2001-12-06,0.5046009522009749
2001-12-07,0.43270225600699064
2001-12-08,0.35502360241232217
2001-12-09,0.27156499141696927
2001-12-10,0.18232642302093188
2001-12-11,0.08730789722421023
2001-12-12,-0.013490585973196108
2001-12-13,-0.12006902657128637
2001-12-14,-0.23242742457006135
2001-12-15,-0.3505657799695208
2001-12-16,-0.4744840927696645
2001-12-17,-0.6029414115352344
2001-12-18,-0.7284920276546807
2001-12-19,-0.8498949896927455
2001-12-20,-0.9671502976494287
2001-12-21,-1.0802579515247304
2001-12-22,-1.1892179513186498
2001-12-23,-1.2940302970311883
2001-12-24,-1.3946949886623448
2001-12-25,-1.4912120262121198
2001-12-26,-1.5835814096805132
2001-12-27,-1.6718031390675248
2001-12-28,-1.7558772143731547
2001-12-29,-1.8358036355974028
2001-12-30,-1.9115824027402697
2001-12-31,-1.9832135158017548
2002-01-01,-2.050696974781858
2002-01-02,-2.1140327796805796
2002-01-03,-2.1732209304979198
2002-01-04,-2.2282614272338783
2002-01-05,-2.2791542698884553
2002-01-06,-2.3258994584616497
2002-01-07,-2.3684969929534634
2002-01-08,-2.4069468733638955
2002-01-09,-2.441249099692946
2002-01-10,-2.4714036719406143
2002-01-11,-2.4974105901069015
2002-01-12,-2.5192698541918066
2002-01-13,-2.53698146419533
2002-01-14,-2.550545420117472
2002-01-15,-2.559961721958232
2002-01-16,-2.5652303697176113
2002-01-17,-2.566552564352686
2002-01-18,-2.565135511605929
2002-01-19,-2.5611804124344166
2002-01-20,-2.5546872668381506
2002-01-21,-2.5456560748171304
2002-01-22,-2.5340868363713556
2002-01-23,-2.519979551500826
2002-01-24,-2.5033342202055424
2002-01-25,-2.484150842485504
2002-01-26,-2.4624294183407116
2002-01-27,-2.438169947771165
2002-01-28,-2.4113724307768636
2002-01-29,-2.3820368673578076
2002-01-30,-2.3501632575139975
2002-01-31,-2.315751601245433
2002-02-01,-2.2788018985521146
2002-02-02,-2.239314149434041
2002-02-03,-2.197288353891213
2002-02-04,-2.152724511923631
2002-02-05,-2.105622623531295
2002-02-06,-2.055982688714204
2002-02-07,-2.0038047074723586
2002-02-08,-1.9490886798057587
2002-02-09,-1.8918346057144046
2002-02-10,-1.8320424851982962
2002-02-11,-1.7697123182574335
2002-02-12,-1.7048441048918164
2002-02-13,-1.6374378451014446
2002-02-14,-1.5674935388863185
2002-02-15,-1.4950111862464381
2002-02-16,-1.4226812676196763
2002-02-17,-1.3531942634439065
2002-02-18,-1.2865501737191285
2002-02-19,-1.2227489984453426
2002-02-20,-1.1617907376225483
2002-02-21,-1.1036753912507458
2002-02-22,-1.0484029593299353
2002-02-23,-0.9959734418601168
2002-02-24,-0.94638683884129
2002-02-25,-0.8996431502734549
2002-02-26,-0.8557423761566118
2002-02-27,-0.8146845164907606
2002-02-28,-0.7764695712759012
2002-03-01,-0.7410975405120338
2002-03-02,-0.7085684241991582
2002-03-03,-0.6788822223372745
2002-03-04,-0.6520389349263825
2002-03-05,-0.6280385619664824
2002-03-06,-0.6068811034575743
2002-03-07,-0.5885665593996579
2002-03-08,-0.5730949297927335
2002-03-09,-0.5604662146368008
2002-03-10,-0.5506804139318602
2002-03-11,-0.5437375276779113
2002-03-12,-0.5396375558749541
2002-03-13,-0.5383804985229891
2002-03-14,-0.5399663556220158
2002-03-15,-0.5443951271720343
2002-03-16,-0.5516668131730448
2002-03-17,-0.5612469836485652
2002-03-18,-0.5699290587397042
2002-03-19,-0.5771786084699801
2002-03-20,-0.5829956328393928
2002-03-21,-0.5873801318479424
2002-03-22,-0.5903321054956286
2002-03-23,-0.5918515537824518
2002-03-24,-0.5919384767084117
2002-03-25,-0.5905928742735085
2002-03-26,-0.5878147464777419
2002-03-27,-0.5836040933211124
2002-03-28,-0.5779609148036194
2002-03-29,-0.5708852109252635
2002-03-30,-0.5623769816860442
2002-03-31,-0.5524362270859617
2002-04-01,-0.5410629471250161
2002-04-02,-0.5282571418032074
2002-04-03,-0.5140188111205353
2002-04-04,-0.4983479550770002
2002-04-05,-0.48124457367260176
2002-04-06,-0.4627086669073402
2002-04-07,-0.4427402347812154
2002-04-08,-0.42133927729422743
2002-04-09,-0.3985057944463763
2002-04-10,-0.3742397862376619
2002-04-11,-0.3485412526680843
2002-04-12,-0.32141019373764357
2002-04-13,-0.29284660944633967
2002-04-14,-0.2628504997941725
2002-04-15,-0.23142186478114213
2002-04-16,-0.19856070440724863
2002-04-17,-0.16443246914516998
2002-04-18,-0.12920260946758416
2002-04-19,-0.09287112537449117
2002-04-20,-0.05543801686589119
2002-04-21,-0.016903283941784066
2002-04-22,0.022733073397830216
2002-04-23,0.06347105515295161
2002-04-24,0.10531066132358011
2002-04-25,0.14825189190971574
2002-04-26,0.19229474691135856
2002-04-27,0.2374392263285083
2002-04-28,0.28368533016116526
2002-04-29,0.33103305840932945
2002-04-30,0.3794824110730006
2002-05-01,0.429033388152179
2002-05-02,0.47968598964686443
2002-05-03,0.531440215557057
2002-05-04,0.5842960658827567
2002-05-05,0.6382535406239634
2002-05-06,0.6933126397806775
2002-05-07,0.7494733633528984
2002-05-08,0.8067357113406266
2002-05-09,0.865099683743862
2002-05-10,0.9245652805626041
2002-05-11,0.9851325017968537
2002-05-12,1.0468013474466105
2002-05-13,1.109571817511874
2002-05-14,1.173443911992645
2002-05-15,1.238417630888923
2002-05-16,1.304492974200708
2002-05-17,1.3709823091315698
2002-05-18,1.4337598389029258
2002-05-19,1.4921379307183456
2002-05-20,1.5461165845778289
2002-05-21,1.5956958004813764
2002-05-22,1.640875578428987
2002-05-23,1.6816559184206619
2002-05-24,1.7180368204564005
2002-05-25,1.7500182845362027
2002-05-26,1.7776003106600686
2002-05-27,1.8007828988279984
2002-05-28,1.8195660490399919
2002-05-29,1.8339497612960491
2002-05-30,1.8439340355961704
2002-05-31,1.8495188719403548
2002-06-01,1.8507042703286032
2002-06-02,1.8474902307609158
2002-06-03,1.839876753237292
2002-06-04,1.8278638377577314
2002-06-05,1.8114514843222351
2002-06-06,1.7906396929308024
2002-06-07,1.7654284635834332
2002-06-08,1.735817796280128
2002-06-09,1.7018076910208866
2002-06-10,1.6633981478057087
2002-06-11,1.6205891666345948
2002-06-12,1.5733807475075448
2002-06-13,1.521772890424558
2002-06-14,1.4657655953856354
2002-06-15,1.4053588623907765
2002-06-16,1.3405526914399812
2002-06-17,1.2747650826036367
2002-06-18,1.2114140359521293
2002-06-19,1.150499551485459
2002-06-20,1.0920216292036264
2002-06-21,1.035980269106631
2002-06-22,0.9823754711944729
2002-06-23,0.9312072354671521
2002-06-24,0.8824755619246687
2002-06-25,0.8361804505670223
2002-06-26,0.7923219013942135
2002-06-27,0.750899914406242
2002-06-28,0.7119144896031078
2002-06-29,0.6753656269848107
2002-06-30,0.6412533265513511
2002-07-01,0.6095775883027288
2002-07-02,0.5803384122389437
2002-07-03,0.5535357983599961
2002-07-04,0.5291697466658857
2002-07-05,0.5072402571566126
2002-07-06,0.4877473298321768
2002-07-07,0.4706909646925783
2002-07-08,0.4560711617378172
2002-07-09,0.4438879209678933
2002-07-10,0.43414124238280677
2002-07-11,0.42683112598255757
2002-07-12,0.4219575717671456
2002-07-13,0.41952057973657103
2002-07-14,0.41952014989083375
2002-07-15,0.42195628222993375
2002-07-16,0.42682897675387105
2002-07-17,0.43395621718549265
2002-07-18,0.4422459058618797
2002-07-19,0.45151602650587935
2002-07-20,0.4617665791174914
2002-07-21,0.472997563696716
2002-07-22,0.48520898024355297
2002-07-23,0.49840082875800257
2002-07-24,0.5125731092400645
2002-07-25,0.527725821689739
2002-07-26,0.543858966107026
2002-07-27,0.5609725424919254
2002-07-28,0.5790665508444374
2002-07-29,0.5981409911645618
2002-07-30,0.6181958634522986
2002-07-31,0.639231167707648
2002-08-01,0.6612469039306098
2002-08-02,0.6842430721211842
2002-08-03,0.7082196722793709
2002-08-04,0.7331767044051704
2002-08-05,0.7591141684985822
2002-08-06,0.7860320645596063
2002-08-07,0.8139303925882428
2002-08-08,0.8428091525844923
2002-08-09,0.872668344548354
2002-08-10,0.9035079684798282
2002-08-11,0.9353280243789147
2002-08-12,0.9681285122456138
2002-08-13,1.0019094320799256
2002-08-14,1.0366707838818494
2002-08-15,1.072412567651386
2002-08-16,1.1091347833885352
2002-08-17,1.1460522071150512
2002-08-18,1.1784534949614607
2002-08-19,1.2055534229495182
2002-08-20,1.2273519910792237
2002-08-21,1.2438491993505774
2002-08-22,1.2550450477635788
2002-08-23,1.2609395363182283
2002-08-24,1.261532665014526
2002-08-25,1.2568244338524714
2002-08-26,1.2468148428320647
2002-08-27,1.2315038919533066
2002-08-28,1.2108915812161962
2002-08-29,1.1849779106207337
2002-08-30,1.1537628801669193
2002-08-31,1.117246489854753
2002-09-01,1.0754287396842344
2002-09-02,1.0283096296553642
2002-09-03,0.9758891597681416
2002-09-04,0.9181673300225671
2002-09-05,0.855144140418641
2002-09-06,0.7868195909563623
2002-09-07,0.7131936816357319
2002-09-08,0.6342664124567495
2002-09-09,0.5500377834194151
2002-09-10,0.46050779452372864
2002-09-11,0.3656764457696904
2002-09-12,0.2655437371573
2002-09-13,0.16010966868655768
2002-09-14,0.049374240357463114
2002-09-15,-0.06666254782998342
2002-09-16,-0.18800069587578172
2002-09-17,-0.30866021737843236
2002-09-18,-0.4226611259364361
2002-09-19,-0.5300034215497923
2002-09-20,-0.6306871042185012
2002-09-21,-0.7247121739425627
2002-09-22,-0.8120786307219773
2002-09-23,-0.8927864745567444
2002-09-24,-0.9668357054468643
2002-09-25,-1.0342263233923368
2002-09-26,-1.0949583283931625
2002-09-27,-1.1490317204493403
2002-09-28,-1.1964464995608712
2002-09-29,-1.2372026657277548
2002-09-30,-1.2713002189499911
2002-10-01,-1.2987391592275803
2002-10-02,-1.3195194865605218
2002-10-03,-1.3336412009488166
2002-10-04,-1.3411043023924636
2002-10-05,-1.3419087908914635
2002-10-06,-1.3360546664458164
2002-10-07,-1.3235419290555217
2002-10-08,-1.3043705787205802
2002-10-09,-1.278540615440991
2002-10-10,-1.2460520392167544
2002-10-11,-1.2069048500478707
2002-10-12,-1.16109904793434
2002-10-13,-1.1086346328761618
2002-10-14,-1.0495116048733366
2002-10-15,-0.9837299639258636
2002-10-16,-0.9112897100337438
2002-10-17,-0.8331351364392646
2002-10-18,-0.7549320025961543
2002-10-19,-0.6776246017467009
2002-10-20,-0.6012129338909045
2002-10-21,-0.525696999028765
2002-10-22,-0.4510767971602823
2002-10-23,-0.3773523282854565
2002-10-24,-0.304523592404288
2002-10-25,-0.23259058951677597
2002-10-26,-0.16155331962292108
2002-10-27,-0.09141178272272307
2002-10-28,-0.022165978816181896
2002-10-29,0.0461840920967022
2002-10-30,0.11363843001592945
2002-10-31,0.18019703494149975
2002-11-01,0.2458599068734132
2002-11-02,0.31062704581166967
2002-11-03,0.3744984517562692
2002-11-04,0.4374741247072119
2002-11-05,0.4995540646644976
2002-11-06,0.5607382716281263
2002-11-07,0.6210267455980981
2002-11-08,0.6804194865744132
2002-11-09,0.7389164945570712
2002-11-10,0.7965177695460723
2002-11-11,0.8532233115414165
2002-11-12,0.9090331205431038
2002-11-13,0.963947196551134
2002-11-14,1.0179655395655076
2002-11-15,1.0710881495862241
2002-11-16,1.1233150266132836
2002-11-17,1.172705643331638
2002-11-18,1.2173194724262395
2002-11-19,1.2571565138970875
2002-11-20,1.2922167677441823
2002-11-21,1.3225002339675238
2002-11-22,1.348006912567112
2002-11-23,1.368736803542947
2002-11-24,1.384689906895029
2002-11-25,1.3958662226233574
2002-11-26,1.4022657507279326
2002-11-27,1.4038884912087546
2002-11-28,1.4007344440658234
2002-11-29,1.392803609299139
2002-11-30,1.3800959869087013
2002-12-01,1.3626115768945104
2002-12-02,1.340350379256566
2002-12-03,1.3133123939948688
2002-12-04,1.2814976211094182
2002-12-05,1.2449060606002142
2002-12-06,1.203537712467257
2002-12-07,1.1573925767105466
2002-12-08,1.106470653330083
2002-12-09,1.0507719423258661
2002-12-10,0.9902964436978959
2002-12-11,0.9250441574461726
2002-12-12,0.8550150835706959
2002-12-13,0.7802092220714661
2002-12-14,0.7006265729484831
2002-12-15,0.6162671362017464
2002-12-16,0.5271309118312568
2002-12-17,0.4343587552122621
2002-12-18,0.3447957985962504
2002-12-19,0.25958289735846996
2002-12-20,0.1787200514989207
2002-12-21,0.10220726101760258
2002-12-22,0.03004452591451566
2002-12-23,-0.03776815381034014
2002-12-24,-0.10123077815696462
2002-12-25,-0.1603433471253581
2002-12-26,-0.21510586071552035
2002-12-27,-0.26551831892745126
2002-12-28,-0.31158072176115115
2002-12-29,-0.35329306921661974
2002-12-30,-0.3906553612938573
2002-12-31,-0.4236675979928636
2003-01-01,-0.4523297793136387
2003-01-02,-0.47664190525618255
2003-01-03,-0.49660397582049526
2003-01-04,-0.5122159910065769
2003-01-05,-0.5234779508144273
2003-01-06,-0.5303898552440464
2003-01-07,-0.5329517042954344
2003-01-08,-0.5311634979685913
2003-01-09,-0.5250252362635169
2003-01-10,-0.5145369191802114
2003-01-11,-0.49969854671867475
2003-01-12,-0.4805101188789067
2003-01-13,-0.4569716356609077
2003-01-14,-0.4290830970646774
2003-01-15,-0.3968445030902159
2003-01-16,-0.36025585373752333
2003-01-17,-0.31987589914296594
2003-01-18,-0.2790571401247418
2003-01-19,-0.23835832681921748
2003-01-20,-0.1977794592263929
2003-01-21,-0.15732053734626816
2003-01-22,-0.11698156117884308
2003-01-23,-0.07676253072411775
2003-01-24,-0.03666344598209219
2003-01-25,0.0033156930472335597
2003-01-26,0.04317488636385958
2003-01-27,0.08291413396778587
2003-01-28,0.12253343585901239
2003-01-29,0.16203279203753915
2003-01-30,0.20141220250336625
2003-01-31,0.24067166725649347
2003-02-01,0.279811186296921
2003-02-02,0.31883075962464874
2003-02-03,0.35773038723967665
2003-02-04,0.39651006914200493
2003-02-05,0.4351698053316335
2003-02-06,0.47370959580856226
2003-02-07,0.5121294405727913
2003-02-08,0.5504293396243204
2003-02-09,0.5886092929631499
2003-02-10,0.6266693005892796
2003-02-11,0.6646093625027096
2003-02-12,0.7024294787034397
2003-02-13,0.7401296491914703
2003-02-14,0.777709873966801
2003-02-15,0.815170153029432
2003-02-16,0.8506287118715856
2003-02-17,0.8822037759854845
2003-02-18,0.9098953453711286
2003-02-19,0.9337034200285179
2003-02-20,0.9536279999576524
2003-02-21,0.9696690851585323
2003-02-22,0.9818266756311573
2003-02-23,0.9901007713755275
2003-02-24,0.9944913723916429
2003-02-25,0.9949984786795034
2003-02-26,0.9916220902391093
2003-02-27,0.9843622070704604
2003-02-28,0.9732188291735566
2003-03-01,0.9581919565483982
2003-03-02,0.9392815891949848
2003-03-03,0.9164877271133167
2003-03-04,0.8898103703033938
2003-03-05,0.8592495187652163
2003-03-06,0.8248051724987838
2003-03-07,0.7864773315040965
2003-03-08,0.7442659957811546
2003-03-09,0.6981711653299577
2003-03-10,0.6481928401505063
2003-03-11,0.5943310202427999
2003-03-12,0.5365857056068386
2003-03-13,0.4749568962426227
2003-03-14,0.409444592150152
2003-03-15,0.34004879332942656
2003-03-16,0.2667694997804462
2003-03-17,0.19040510712378853
2003-03-18,0.11574598908291829
2003-03-19,0.0435905412784127
2003-03-20,-0.026061236289728
2003-03-21,-0.09320934362150414
2003-03-22,-0.15785378071691555
2003-03-23,-0.21999454757596215
2003-03-24,-0.27963164419864395
2003-03-25,-0.33676507058496113
2003-03-26,-0.3913948267349134
2003-03-27,-0.44352091264850113
2003-03-28,-0.49314332832572394
2003-03-29,-0.5402620737665821
2003-03-30,-0.5848771489710755
2003-03-31,-0.6269885539392042
2003-04-01,-0.666596288670968
2003-04-02,-0.703700353166367
2003-04-03,-0.7383007474254014
2003-04-04,-0.7703974714480711
2003-04-05,-0.7999905252343761
2003-04-06,-0.8270799087843161
2003-04-07,-0.8516656220978915
2003-04-08,-0.8737476651751023
2003-04-09,-0.8933260380159482
2003-04-10,-0.9104007406204294
2003-04-11,-0.9249717729885458
2003-04-12,-0.9370391351202975
2003-04-13,-0.9466028270156843
2003-04-14,-0.9536628486747067
2003-04-15,-0.958219200097364
2003-04-16,-0.9602718812836567
2003-04-17,-0.960419314492514
2003-04-18,-0.9592599219828659
2003-04-19,-0.9567937037547115
2003-04-20,-0.9530206598080515
2003-04-21,-0.9479407901428856
2003-04-22,-0.9415540947592139
2003-04-23,-0.9338605736570365
2003-04-24,-0.9248602268363533
2003-04-25,-0.9145530542971639
2003-04-26,-0.9029390560394691
2003-04-27,-0.8900182320632684
2003-04-28,-0.8757905823685618
2003-04-29,-0.8602561069553493
2003-04-30,-0.8434148058236313
2003-05-01,-0.8252666789734072
2003-05-02,-0.8058117264046772
2003-05-03,-0.7850499481174418
2003-05-04,-0.7629813441117003
2003-05-05,-0.7396059143874529
2003-05-06,-0.7149236589446999
2003-05-07,-0.6889345777834409
2003-05-08,-0.6616386709036762
2003-05-09,-0.6330359383054056
2003-05-10,-0.6031263799886292
2003-05-11,-0.571909995953347
2003-05-12,-0.5393867861995589
2003-05-13,-0.5055567507272651
2003-05-14,-0.4704198895364656
2003-05-15,-0.43397620262716013
2003-05-16,-0.3962256899993487
2003-05-17,-0.35755352918757993
2003-05-18,-0.3202707853991432
2003-05-19,-0.284762636168587
2003-05-20,-0.25102908149591113
2003-05-21,-0.2190701213811158
2003-05-22,-0.18888575582420078
2003-05-23,-0.16047598482516615
2003-05-24,-0.13384080838401205
2003-05-25,-0.10898022650073819
2003-05-26,-0.08589423917534487
2003-05-27,-0.064582846407832
2003-05-28,-0.04504604819819947
2003-05-29,-0.027283844546447396
2003-05-30,-0.011296235452575744
2003-05-31,0.002916779083415489
2003-06-01,0.0153551990615263
2003-06-02,0.026019024481756733
2003-06-03,0.03490825534410671
2003-06-04,0.04202289164857627
2003-06-05,0.04736293339516544
2003-06-06,0.05092838058387415
2003-06-07,0.05271923321470246
2003-06-08,0.05273549128765034
2003-06-09,0.05097715480271783
2003-06-10,0.047444223759904904
2003-06-11,0.04213669815921152
2003-06-12,0.035054578000637736
2003-06-13,0.02619786328418355
2003-06-14,0.015566554009848918
2003-06-15,0.0031606501776338955
2003-06-16,-0.011019848212461547
2003-06-17,-0.02608977752408449
2003-06-18,-0.041163974120882026
2003-06-19,-0.056242438002854146
2003-06-20,-0.0713251691700008
2003-06-21,-0.08641216762232205
2003-06-22,-0.10150343335981785
2003-06-23,-0.11659896638248825
2003-06-24,-0.13169876669033323
2003-06-25,-0.14680283428335278
2003-06-26,-0.16191116916154688
2003-06-27,-0.1770237713249156
2003-06-28,-0.19214064077345883
2003-06-29,-0.20726177750717667
2003-06-30,-0.22238718152606912
2003-07-01,-0.2375168528301361
2003-07-02,-0.25265079141937763
2003-07-03,-0.26778899729379385
2003-07-04,-0.2829314704533845
2003-07-05,-0.29807821089814984
2003-07-06,-0.3132292186280897
2003-07-07,-0.3283844936432041
2003-07-08,-0.34354403594349314
2003-07-09,-0.35870784552895674
2003-07-10,-0.3738759223995949
2003-07-11,-0.38904826655540764
2003-07-12,-0.4042248779963949
2003-07-13,-0.41940575672255676
2003-07-14,-0.4345909027338933
2003-07-15,-0.4497803160304043
2003-07-16,-0.4649739966120899
2003-07-17,-0.48009345787816593
2003-07-18,-0.4946677802239274
2003-07-19,-0.5086184770485904
2003-07-20,-0.5219455483521547
2003-07-21,-0.5346489941346202
2003-07-22,-0.546728814395987
2003-07-23,-0.5581850091362554
2003-07-24,-0.569017578355425
2003-07-25,-0.5792265220534961
2003-07-26,-0.5888118402304683
2003-07-27,-0.597773532886342
2003-07-28,-0.606111600021117
2003-07-29,-0.6138260416347935
2003-07-30,-0.6209168577273712
2003-07-31,-0.6273840482988502
2003-08-01,-0.6332276133492306
2003-08-02,-0.6384475528785124
2003-08-03,-0.6430438668866955
2003-08-04,-0.6470165553737801
2003-08-05,-0.650365618339766
2003-08-06,-0.6530910557846531
2003-08-07,-0.6551928677084414
2003-08-08,-0.6566710541111315
2003-08-09,-0.6575256149927227
2003-08-10,-0.6577565503532152
2003-08-11,-0.6573638601926093
2003-08-12,-0.6563475445109045
2003-08-13,-0.6547076033081012
2003-08-14,-0.6524440365841991
2003-08-15,-0.6495568443391984
2003-08-16,-0.6460460265730992
2003-08-17,-0.6419682894036738
2003-08-18,-0.6376638695375576
2003-08-19,-0.6331894730925232
2003-08-20,-0.6285451000685703
2003-08-21,-0.6237307504656995
2003-08-22,-0.6187464242839104
2003-08-23,-0.613592121523203
2003-08-24,-0.6082678421835773
2003-08-25,-0.6027735862650335
2003-08-26,-0.5971093537675712
2003-08-27,-0.591275144691191
2003-08-28,-0.5852709590358925
2003-08-29,-0.5790967968016757
2003-08-30,-0.5727526579885406
2003-08-31,-0.5662385425964873
2003-09-01,-0.5595544506255158
2003-09-02,-0.5527003820756261
2003-09-03,-0.5456763369468179
2003-09-04,-0.5384823152390917
2003-09-05,-0.5311183169524474
2003-09-06,-0.5235843420868845
2003-09-07,-0.5158803906424035
2003-09-08,-0.5080064626190044
2003-09-09,-0.49996255801668704
2003-09-10,-0.49174867683545137
2003-09-11,-0.4833648190752975
2003-09-12,-0.47481098473622535
2003-09-13,-0.46608717381823495
2003-09-14,-0.4571933863213264
2003-09-15,-0.44812962224549946
2003-09-16,-0.4388958815907544
2003-09-17,-0.42898610646691776
2003-09-18,-0.4178942389838162
2003-09-19,-0.4056202791414497
2003-09-20,-0.39216422693981834
2003-09-21,-0.37752608237892205
2003-09-22,-0.36170584545876083
2003-09-23,-0.34470351617933476
2003-09-24,-0.3265190945406437
2003-09-25,-0.3071525805426878
2003-09-26,-0.286603974185467
2003-09-27,-0.26487327546898126
2003-09-28,-0.24196048439323065
2003-09-29,-0.21786560095821506
2003-09-30,-0.19258862516393463
2003-10-01,-0.1661295570103893
2003-10-02,-0.138488396497579
2003-10-03,-0.10966514362550386
2003-10-04,-0.07965979839416379
2003-10-05,-0.04847236080355882
2003-10-06,-0.016102830853688875
2003-10-07,0.017448791455445915
2003-10-08,0.05218250612384556
2003-10-09,0.08809831315151026
2003-10-10,0.1251962125384397
2003-10-11,0.1634762042846342
2003-10-12,0.20293828839009356
2003-10-13,0.24358246485481772
2003-10-14,0.28540873367880687
2003-10-15,0.32841709486206094
2003-10-16,0.37260754840457994
2003-10-17,0.41755556956652773
2003-10-18,0.4607140099088885
2003-10-19,0.5016583446918261
2003-10-20,0.5403885739153405
2003-10-21,0.5769046975794316
2003-10-22,0.6112067156840997
2003-10-23,0.6432946282293446
2003-10-24,0.6731684352151664
2003-10-25,0.7008281366415652
2003-10-26,0.7262737325085405
2003-10-27,0.7495052228160929
2003-10-28,0.770522607564222
2003-10-29,0.789325886752928
2003-10-30,0.805915060382211
2003-10-31,0.8202901284520706
2003-11-01,0.8324510909625071
2003-11-02,0.8423979479135205
2003-11-03,0.8501306993051108
2003-11-04,0.8556493451372778
2003-11-05,0.8589538854100217
2003-11-06,0.8600443201233424
2003-11-07,0.8589206492772399
2003-11-08,0.8555828728717143
2003-11-09,0.8500309909067657
2003-11-10,0.8422650033823939
2003-11-11,0.8322849102985989
2003-11-12,0.8200907116553806
2003-11-13,0.8056824074527392
2003-11-14,0.7890599976906748
2003-11-15,0.7702234823691871
2003-11-16,0.7491728614882763
2003-11-17,0.7285328872890396
2003-11-18,0.7109283120125741
2003-11-19,0.6963591356588797
2003-11-20,0.6848253582279568
2003-11-21,0.6763269797198049
2003-11-22,0.6708640001344243
2003-11-23,0.668436419471815
2003-11-24,0.669044237731977
2003-11-25,0.67268745491491
2003-11-26,0.6793660710206144
2003-11-27,0.6890800860490901
2003-11-28,0.701829500000337
2003-11-29,0.717614312874355
2003-11-30,0.7364345246711443
2003-12-01,0.758290135390705
2003-12-02,0.7831811450330367
2003-12-03,0.8111075535981399
2003-12-04,0.8420693610860142
2003-12-05,0.8760665674966598
2003-12-06,0.9130991728300765
2003-12-07,0.9531671770862645
2003-12-08,0.996270580265224
2003-12-09,1.0424093823669542
2003-12-10,1.091583583391456
2003-12-11,1.143793183338729
2003-12-12,1.1990381822087732
2003-12-13,1.2573185800015887
2003-12-14,1.3186343767171753
2003-12-15,1.3829855723555333
2003-12-16,1.4503721669166625
2003-12-17,1.5200608093414563
2003-12-18,1.5876513932752756
2003-12-19,1.6524105676590137
2003-12-20,1.7143383324926713
2003-12-21,1.773434687776247
2003-12-22,1.829699633509742
2003-12-23,1.883133169693156
2003-12-24,1.9337352963264884
2003-12-25,1.9815060134097402
2003-12-26,2.0264453209429103
2003-12-27,2.068553218926
2003-12-28,2.1078297073590084
2003-12-29,2.1442747862419353
2003-12-30,2.1778884555747817
2003-12-31,2.2086707153575467
2004-01-01,2.2366215655902306
2004-01-02,2.261741006272833
2004-01-03,2.284029037405355
2004-01-04,2.3034856589877957
2004-01-05,2.3201108710201557
2004-01-06,2.333904673502434
2004-01-07,2.3448670664346314
2004-01-08,2.3529980498167475
2004-01-09,2.3582976236487827
2004-01-10,2.3607657879307364
2004-01-11,2.3604025426626096
2004-01-12,2.3572078878444014
2004-01-13,2.3511818234761117
2004-01-14,2.3423243495577415
2004-01-15,2.3306354660892903
2004-01-16,2.3161151730707576
2004-01-17,2.2982950149398103
2004-01-18,2.2743642583224473
2004-01-19,2.2438544476563345
2004-01-20,2.2067655829414723
2004-01-21,2.1630976641778608
2004-01-22,2.1128506913654994
2004-01-23,2.056024664504389
2004-01-24,1.9926195835945288
2004-01-25,1.9226354486359194
2004-01-26,1.8460722596285601
2004-01-27,1.7629300165724517
2004-01-28,1.6732087194675935
2004-01-29,1.5769083683139857
2004-01-30,1.4740289631116286
2004-01-31,1.364570503860522
2004-02-01,1.248532990560666
2004-02-02,1.1259164232120602
2004-02-03,0.9967208018147051
2004-02-04,0.8609461263686007
2004-02-05,0.7185923968737463
2004-02-06,0.569659613330143
2004-02-07,0.4141477757377899
2004-02-08,0.2520568840966873
2004-02-09,0.0833869384068353
2004-02-10,-0.09186206133176639
2004-02-11,-0.2736901151191173
2004-02-12,-0.4620972229552179
2004-02-13,-0.6570833848400679
2004-02-14,-0.8586486007736672
2004-02-15,-1.0667928707560164
2004-02-16,-1.2787332876793573
2004-02-17,-1.4777724088971456
2004-02-18,-1.6611273273016225
2004-02-19,-1.8287980428927892
2004-02-20,-1.980784555670645
2004-02-21,-2.1170868656351907
2004-02-22,-2.237704972786425
2004-02-23,-2.3426388771243496
2004-02-24,-2.4318885786489624
2004-02-25,-2.505454077360265
2004-02-26,-2.563335373258257
2004-02-27,-2.6055324663429387
2004-02-28,-2.632045356614309
2004-02-29,-2.6428740440723693
2004-03-01,-2.6380185287171187
2004-03-02,-2.6174788105485574
2004-03-03,-2.581254889566685
2004-03-04,-2.529346765771502
2004-03-05,-2.4617544391630095
2004-03-06,-2.378477909741206
2004-03-07,-2.2795171775060914
2004-03-08,-2.1648722424576663
2004-03-09,-2.0345431045959304
2004-03-10,-1.888529763920884
2004-03-11,-1.7268322204325266
2004-03-12,-1.549450474130859
2004-03-13,-1.3563845250158808
2004-03-14,-1.1476343730875915
2004-03-15,-0.923200018345992
2004-03-16,-0.6830814607910818
2004-03-17,-0.43067355833980986
2004-03-18,-0.18634545849387413
2004-03-19,0.04650798082977593
2004-03-20,0.2678867596311402
2004-03-21,0.47779087791021957
2004-03-22,0.6762203356670131
2004-03-23,0.8631751329015217
2004-03-24,1.0386552696137443
2004-03-25,1.202660745803682
2004-03-26,1.3551915614713332
2004-03-27,1.4962477166167
2004-03-28,1.625829211239781
2004-03-29,1.7439360453405763
2004-03-30,1.850568218919086
2004-03-31,1.9457257319753107
2004-04-01,2.02940858450925
2004-04-02,2.101616776520903
2004-04-03,2.162350308010271
2004-04-04,2.211609178977354
2004-04-05,2.2493933894221514
2004-04-06,2.2757029393446633
2004-04-07,2.290537828744889
2004-04-08,2.29389805762283
2004-04-09,2.2857836259784854
2004-04-10,2.266194533811855
2004-04-11,2.23513078112294
2004-04-12,2.192592367911739
2004-04-13,2.1385792941782524
2004-04-14,2.0730915599224806
2004-04-15,1.9961291651444228
2004-04-16,1.90769210984408
2004-04-17,1.8139632302648208
2004-04-18,1.721125362650014
2004-04-19,1.6291785069996596
2004-04-20,1.5381226633137581
2004-04-21,1.447957831592309
2004-04-22,1.3586840118353127
2004-04-23,1.2703012040427686
2004-04-24,1.1828094082146774
2004-04-25,1.0962086243510385
2004-04-26,1.0104988524518523
2004-04-27,0.9256800925171189
2004-04-28,0.8417523445468381
2004-04-29,0.7587156085410095
2004-04-30,0.6765698844996337
2004-05-01,0.5953151724227106
2004-05-02,0.5149514723102397
2004-05-03,0.43547878416222163
2004-05-04,0.3568971079786562
2004-05-05,0.27920644375954323
2004-05-06,0.20240679150488283
2004-05-07,0.12649815121467506
2004-05-08,0.051480522888919945
2004-05-09,-0.022646093472382813
2004-05-10,-0.09588169786923272
2004-05-11,-0.1682262903016303
2004-05-12,-0.2396798707695752
2004-05-13,-0.3102424392730674
2004-05-14,-0.37991399581210716
2004-05-15,-0.44869454038669426
2004-05-16,-0.5165840729968288
2004-05-17,-0.5828066281007381
2004-05-18,-0.6427064124477864
2004-05-19,-0.6955074604962007
2004-05-20,-0.7412097722459813
2004-05-21,-0.7798133476971278
2004-05-22,-0.8113181868496406
2004-05-23,-0.8357242897035196
2004-05-24,-0.8530316562587649
2004-05-25,-0.8632402865153763
2004-05-26,-0.8663501804733535
2004-05-27,-0.8623613381326974
2004-05-28,-0.8512737594934072
2004-05-29,-0.8330874445554834
2004-05-30,-0.8078023933189256
2004-05-31,-0.775418605783734
2004-06-01,-0.7359360819499083
2004-06-02,-0.6893548218174492
2004-06-03,-0.6356748253863561
2004-06-04,-0.574896092656629
2004-06-05,-0.5070186236282684
2004-06-06,-0.4320424183012738
2004-06-07,-0.34996747667564526
2004-06-08,-0.260793798751383
2004-06-09,-0.16452138452848697
2004-06-10,-0.0611502340069571
2004-06-11,0.04931965281320684
2004-06-12,0.16688827593200434
2004-06-13,0.2915556353494357
2004-06-14,0.42332173106550114
2004-06-15,0.5621865630802001
2004-06-16,0.7081501313935329
2004-06-17,0.8538430139425007
2004-06-18,0.9918957886641052
2004-06-19,1.1223084555583456
2004-06-20,1.245081014625222
2004-06-21,1.360213465864735
2004-06-22,1.467705809276884
2004-06-23,1.5675580448616693
2004-06-24,1.6597701726190908
2004-06-25,1.7443421925491485
2004-06-26,1.8212741046518426
2004-06-27,1.890565908927173
2004-06-28,1.9522176053751392
2004-06-29,2.006229193995742
2004-06-30,2.052600674788981
2004-07-01,2.091332047754856
2004-07-02,2.122423312893367
2004-07-03,2.1458744702045154
2004-07-04,2.161685519688299
2004-07-05,2.169856461344719
2004-07-06,2.1703872951737755
2004-07-07,2.1632780211754676
2004-07-08,2.1485286393497964
2004-07-09,2.126139149696762
2004-07-10,2.0961095522163626
2004-07-11,2.0584398469086005
2004-07-12,2.0131300337734737
2004-07-13,1.960180112810984
2004-07-14,1.8995900840211302
2004-07-15,1.8313599474039124
2004-07-16,1.7554897029593306
2004-07-17,1.6733193282901384
2004-07-18,1.5928886890128497
2004-07-19,1.515537762730218
2004-07-20,1.4412665494422432
2004-07-21,1.3700750491489249
2004-07-22,1.3019632618502632
2004-07-23,1.2369311875462585
2004-07-24,1.1749788262369103
2004-07-25,1.1161061779222188
2004-07-26,1.0603132426021837
2004-07-27,1.0076000202768058
2004-07-28,0.9579665109460844
2004-07-29,0.9114127146100198
2004-07-30,0.8679386312686118
2004-07-31,0.8275442609218606
2004-08-01,0.790229603569766
2004-08-02,0.7559946592123282
2004-08-03,0.724839427849547
2004-08-04,0.6967639094814229
2004-08-05,0.6717681041079552
2004-08-06,0.6498520117291441
2004-08-07,0.6310156323449897
2004-08-08,0.6152589659554922
2004-08-09,0.6025820125606514
2004-08-10,0.5929847721604673
2004-08-11,0.5864672447549398
2004-08-12,0.5830294303440691
2004-08-13,0.5826713289278551
2004-08-14,0.5853929405062978
2004-08-15,0.5911942650793971
2004-08-16,0.6000753026471533
2004-08-17,0.6115841310574746
2004-08-18,0.623009217397812
2004-08-19,0.633898639516074
2004-08-20,0.6442523974122605
2004-08-21,0.6540704910863717
2004-08-22,0.6633529205384074
2004-08-23,0.6720996857683678
2004-08-24,0.6803107867762528
2004-08-25,0.6879862235620624
2004-08-26,0.6951259961257964
2004-08-27,0.7017301044674552
2004-08-28,0.7077985485870386
2004-08-29,0.7133313284845464
2004-08-30,0.718328444159979
2004-08-31,0.722789895613336
2004-09-01,0.7267156828446176
2004-09-02,0.730105805853824
2004-09-03,0.7329602646409548
2004-09-04,0.7352790592060103
2004-09-05,0.7370621895489904
2004-09-06,0.7383096556698949
2004-09-07,0.7390214575687241
2004-09-08,0.739197595245478
2004-09-09,0.7388380687001564
2004-09-10,0.7379428779327594
2004-09-11,0.736512022943287
2004-09-12,0.7345455037317392
2004-09-13,0.7320433202981159
2004-09-14,0.7290054726424174
2004-09-15,0.7254319607646433
2004-09-16,0.7213227846647938
2004-09-17,0.7166402386857953
2004-09-18,0.7113466171705742
2004-09-19,0.7054419201191302
2004-09-20,0.6989261475314634
2004-09-21,0.691799299407574
2004-09-22,0.6840613757474618
2004-09-23,0.6757123765511271
2004-09-24,0.6667523018185696
2004-09-25,0.6571811515497892
2004-09-26,0.6469989257447862
2004-09-27,0.6362056244035605
2004-09-28,0.6248012475261121
2004-09-29,0.6127857951124408
2004-09-30,0.6001592671625471
2004-10-01,0.5869216636764305
2004-10-02,0.5730729846540912
2004-10-03,0.5586132300955291
2004-10-04,0.5435424000007443
2004-10-05,0.5278604943697368
2004-10-06,0.5115675132025066
2004-10-07,0.49466345649905363
2004-10-08,0.47714832425937803
2004-10-09,0.4590221164834797
2004-10-10,0.4402848331713585
2004-10-11,0.42093647432301473
2004-10-12,0.40097703993844824
2004-10-13,0.38040653001765895
2004-10-14,0.359224944560647
2004-10-15,0.3374322835674123
2004-10-16,0.31502854703795485
2004-10-17,0.2923124765208829
2004-10-18,0.27107652130784515
2004-10-19,0.2516194229474498
2004-10-20,0.23394118143969686
2004-10-21,0.21804179678458635
2004-10-22,0.20392126898211818
2004-10-23,0.19157959803229244
2004-10-24,0.18101678393510914
2004-10-25,0.17223282669056814
2004-10-26,0.1652277262986696
2004-10-27,0.16000148275941348
2004-10-28,0.1565540960727997
2004-10-29,0.15488556623882835
2004-10-30,0.1549958932574994
2004-10-31,0.15688507712881286
2004-11-01,0.1605531178527687
2004-11-02,0.16600001542936696
2004-11-03,0.1732257698586076
2004-11-04,0.18223038114049067
2004-11-05,0.19301384927501608
2004-11-06,0.2055761742621839
2004-11-07,0.21991735610199414
2004-11-08,0.23603739479444685
2004-11-09,0.25393629033954185
2004-11-10,0.2736140427372793
2004-11-11,0.29507065198765914
2004-11-12,0.3183061180906814
2004-11-13,0.34332044104634596
2004-11-14,0.3701136208546531
2004-11-15,0.39868565751560253
2004-11-16,0.4290365510291943
2004-11-17,0.4603440128191332
2004-11-18,0.49178575430912386
2004-11-19,0.5233617754991661
2004-11-20,0.5550720763892601
2004-11-21,0.5869166569794058
2004-11-22,0.6188955172696031
2004-11-23,0.6510086572598521
2004-11-24,0.6832560769501529
2004-11-25,0.7156377763405053
2004-11-26,0.7481537554309095
2004-11-27,0.7808040142213654
2004-11-28,0.8135885527118729
2004-11-29,0.8465073709024321
2004-11-30,0.8795604687930431
2004-12-01,0.9127478463837057
2004-12-02,0.94606950367442
2004-12-03,0.9795254406651861
2004-12-04,1.0131156573560038
2004-12-05,1.0468401537468732
2004-12-06,1.0806989298377943
2004-12-07,1.1146919856287671
2004-12-08,1.148819321119792
2004-12-09,1.1830809363108679
2004-12-10,1.2174768312019957
2004-12-11,1.2520070057931754
2004-12-12,1.2866714600844065
2004-12-13,1.3214701940756897
2004-12-14,1.3564032077670243
2004-12-15,1.3914705011584108
2004-12-16,1.4266720742498487
2004-12-17,1.4615187665844722
2004-12-18,1.4930756154210814
2004-12-19,1.5208534603028103
2004-12-20,1.5448523012296593
2004-12-21,1.5650721382016277
2004-12-22,1.5815129712187155
2004-12-23,1.5941748002809235
2004-12-24,1.6030576253882505
2004-12-25,1.6081614465406977
2004-12-26,1.6094862637382643
2004-12-27,1.6070320769809505
2004-12-28,1.6007988862687565
2004-12-29,1.5907866916016822
2004-12-30,1.5769954929797274
2004-12-31,1.5594252904028925
2005-01-01,1.538076083871177
2005-01-02,1.512947873384581
2005-01-03,1.4840406589431048
2005-01-04,1.4513544405467487
2005-01-05,1.4148892181955117
2005-01-06,1.3746449918893942
2005-01-07,1.3306217616283966
2005-01-08,1.2828195274125191
2005-01-09,1.2312382892417606
2005-01-10,1.175878047116122
2005-01-11,1.1167388010356034
2005-01-12,1.0538205510002039
2005-01-13,0.9871232970099242
2005-01-14,0.9166470390647644
2005-01-15,0.8423917771647238
2005-01-16,0.7643575113098033
2005-01-17,0.6831887959115612
2005-01-18,0.6027529574393516
2005-01-19,0.5236945503047333
2005-01-20,0.44601357450770657
2005-01-21,0.36971003004827135
2005-01-22,0.29478391692642736
2005-01-23,0.2212352351421748
2005-01-24,0.14906398469551368
2005-01-25,0.07827016558644395
2005-01-26,0.008853777814965663
2005-01-27,-0.059185178618921176
2005-01-28,-0.1258467037152166
2005-01-29,-0.19113079747392073
2005-01-30,-0.2550374598950334
2005-01-31,-0.31756669097855456
2005-02-01,-0.3787184907244844
2005-02-02,-0.43849285913282277
2005-02-03,-0.4968897962035696
2005-02-04,-0.5539093019367252
2005-02-05,-0.6095513763322895
2005-02-06,-0.6638160193902621
2005-02-07,-0.7167032311106435
2005-02-08,-0.7682130114934332
2005-02-09,-0.8183453605386317
2005-02-10,-0.8671002782462388
2005-02-11,-0.9144777646162545
2005-02-12,-0.9604778196486787
2005-02-13,-1.0051004433435113
2005-02-14,-1.0483456357007528
2005-02-15,-1.0902133967204028
2005-02-16,-1.1284739267906214
2005-02-17,-1.160897426299568
2005-02-18,-1.1874838952472426
2005-02-19,-1.2082333336336457
2005-02-20,-1.223145741458777
2005-02-21,-1.2322211187226364
2005-02-22,-1.2354594654252242
2005-02-23,-1.2328607815665407
2005-02-24,-1.2244250671465846
2005-02-25,-1.210152322165357
2005-02-26,-1.1900425466228575
2005-02-27,-1.1640957405190866
2005-02-28,-1.1323119038540435
2005-03-01,-1.094691036627729
2005-03-02,-1.0512331388401426
2005-03-03,-1.0019382104912844
2005-03-04,-0.9468062515811543
2005-03-05,-0.8858372621097524
2005-03-06,-0.8190312420770792
2005-03-07,-0.7463881914831337
2005-03-08,-0.6679081103279167
2005-03-09,-0.5835909986114276
2005-03-10,-0.4934368563336672
2005-03-11,-0.3974456834946348
2005-03-12,-0.29561748009433064
2005-03-13,-0.18795224613275469
2005-03-14,-0.07444998160990698
2005-03-15,0.044889313474212586
2005-03-16,0.1700656391196039
2005-03-17,0.2997141156780607
2005-03-18,0.42564546526034586
2005-03-19,0.5464948082182527
2005-03-20,0.6622621445517816
2005-03-21,0.7729474742609328
2005-03-22,0.878550797345706
2005-03-23,0.9790721138061009
2005-03-24,1.074511423642118
2005-03-25,1.1648687268537572
2005-03-26,1.2501440234410177
2005-03-27,1.3303373134039012
2005-03-28,1.4054485967424064
2005-03-29,1.4754778734565333
2005-03-30,1.5404251435462823
2005-03-31,1.6002904070116535
2005-04-01,1.6550736638526464
2005-04-02,1.7047749140692616
2005-04-03,1.7493941576614984
2005-04-04,1.788931394629358
2005-04-05,1.8233866249728388
2005-04-06,1.8527598486919419
2005-04-07,1.8770510657866668
2005-04-08,1.896260276257014
2005-04-09,1.9103874801029834
2005-04-10,1.9194326773245742
2005-04-11,1.9233958679217875
2005-04-12,1.9222770518946224
2005-04-13,1.9160762292430795
2005-04-14,1.9047933999671587
2005-04-15,1.8884285640668599
2005-04-16,1.866981721542183
2005-04-17,1.8427539506679078
2005-04-18,1.818046329718814
2005-04-19,1.7928588586949012
2005-04-20,1.7671915375961704
2005-04-21,1.7410443664226205
2005-04-22,1.7144173451742521
2005-04-23,1.687310473851065
2005-04-24,1.6597237524530593
2005-04-25,1.6316571809802347
2005-04-26,1.6031107594325922
2005-04-27,1.5740844878101303
2005-04-28,1.5445783661128503
2005-04-29,1.5145923943407513
2005-04-30,1.484126572493834
2005-05-01,1.453180900572098
2005-05-02,1.421755378575543
2005-05-03,1.3898500065041697
2005-05-04,1.3574647843579777
2005-05-05,1.324599712136967
2005-05-06,1.2912547898411377
2005-05-07,1.2574300174704898
2005-05-08,1.2231253950250232
2005-05-09,1.1883409225047379
2005-05-10,1.153076599909634
2005-05-11,1.1173324272397116
2005-05-12,1.0811084044949706
2005-05-13,1.0444045316754107
2005-05-14,1.0072208087810324
2005-05-15,0.9695572358118353
2005-05-16,0.9314138127678195
2005-05-17,0.8929824550373803
2005-05-18,0.8554146549508871
2005-05-19,0.8189023278967352
2005-05-20,0.7834454738749245
2005-05-21,0.7490440928854551
2005-05-22,0.7156981849283266
2005-05-23,0.6834077500035395
2005-05-24,0.6521727881110937
2005-05-25,0.6219932992509889
2005-05-26,0.5928692834232253
2005-05-27,0.5648007406278032
2005-05-28,0.5377876708647219
2005-05-29,0.511830074133982
2005-05-30,0.48692795043558323
2005-05-31,0.4630812997695257
2005-06-01,0.4402901221358093
2005-06-02,0.4185544175344343
2005-06-03,0.3978741859654004
2005-06-04,0.37824942742870754
2005-06-05,0.35968014192435604
2005-06-06,0.34216632945234576
2005-06-07,0.32570799001267653
2005-06-08,0.31030512360534857
2005-06-09,0.29595773023036187
2005-06-10,0.2826658098877163
2005-06-11,0.27042936257741196
2005-06-12,0.2592483882994488
2005-06-13,0.24912288705382682
2005-06-14,0.24005285884054609
2005-06-15,0.2320383036596065
2005-06-16,0.22507922151100818
2005-06-17,0.2185350396469246
2005-06-18,0.21176518531952943
2005-06-19,0.20476965852882262
2005-06-20,0.1975484592748042
2005-06-21,0.19010158755747414
2005-06-22,0.1824290433768325
2005-06-23,0.1745308267328792
2005-06-24,0.1664069376256143
2005-06-25,0.15805737605503778
2005-06-26,0.14948214202114962
2005-06-27,0.14068123552394987
2005-06-28,0.13165465656343855
2005-06-29,0.1224024051396155
2005-06-30,0.11292448125248093
2005-07-01,0.1032208849020347
2005-07-02,0.09329161608827684
2005-07-03,0.08313667481120737
2005-07-04,0.0727560610708263
2005-07-05,0.062149774867133606
2005-07-06,0.05131781620012929
2005-07-07,0.040260185069813346
2005-07-08,0.02897688147618578
2005-07-09,0.017467905419246612
2005-07-10,0.00573325689899582
2005-07-11,-0.006227064084566591
2005-07-12,-0.018413057531440635
2005-07-13,-0.030824723441626265
2005-07-14,-0.043462061815123534
2005-07-15,-0.056325072651932435
2005-07-16,-0.06941375595205293
2005-07-17,-0.08265057480585006
2005-07-18,-0.09557030775551385
2005-07-19,-0.10809541789140942
2005-07-20,-0.12022590521353663
2005-07-21,-0.13196176972189555
2005-07-22,-0.14330301141648616
2005-07-23,-0.1542496302973085
2005-07-24,-0.16480162636436252
2005-07-25,-0.1749589996176483
2005-07-26,-0.18472175005716568
2005-07-27,-0.1940898776829148
2005-07-28,-0.20306338249489567
2005-07-29,-0.21164226449310822
2005-07-30,-0.21982652367755245
2005-07-31,-0.2276161600482284
2005-08-01,-0.235011173605136
2005-08-02,-0.24201156434827534
2005-08-03,-0.24861733227764637
2005-08-04,-0.25482847739324915
2005-08-05,-0.26064499969508365
2005-08-06,-0.2660668991831497
2005-08-07,-0.2710941758574475
2005-08-08,-0.27572682971797713
2005-08-09,-0.27996486076473837
2005-08-10,-0.2838082689977313
2005-08-11,-0.287257054416956
2005-08-12,-0.2903112170224123
2005-08-13,-0.29297075681410034
2005-08-14,-0.2952356737920201
2005-08-15,-0.2971059679561715
2005-08-16,-0.29858163930655474
2005-08-17,-0.29975862215335647
2005-08-18,-0.30121252235769846
2005-08-19,-0.30303927422976745
2005-08-20,-0.30523887776956343
2005-08-21,-0.3078113329770867
2005-08-22,-0.31075663985233687
2005-08-23,-0.31407479839531416
2005-08-24,-0.31776580860601855
2005-08-25,-0.32182967048445
2005-08-26,-0.3262663840306085
2005-08-27,-0.3310759492444941
2005-08-28,-0.33625836612610677
2005-08-29,-0.34181363467544645
2005-08-30,-0.3477417548925133
2005-08-31,-0.3540427267773072
2005-09-01,-0.3607165503298282
2005-09-02,-0.36776322555007623
2005-09-03,-0.37518275243805127
2005-09-04,-0.3829751309937535
2005-09-05,-0.39114036121718276
2005-09-06,-0.39967844310833905
2005-09-07,-0.40858937666722245
2005-09-08,-0.417873161893833
2005-09-09,-0.42752979878817055
2005-09-10,-0.4375592873502351
2005-09-11,-0.44796162758002683
2005-09-12,-0.4587368194775456
2005-09-13,-0.4698848630427914
2005-09-14,-0.48140575827576443
2005-09-15,-0.49329950517646437
2005-09-16,-0.5055661037448914
2005-09-17,-0.5156523505748687
2005-09-18,-0.5210050422602196
2005-09-19,-0.5216241788009437
2005-09-20,-0.5175097601970414
2005-09-21,-0.5086617864485127
2005-09-22,-0.49508025755535734
2005-09-23,-0.47676517351757547
2005-09-24,-0.45371653433516695
2005-09-25,-0.425934340008132
2005-09-26,-0.39341859053647055
2005-09-27,-0.35616928592018254
2005-09-28,-0.31418642615926795
2005-09-29,-0.2674700112537267
2005-09-30,-0.2160200412035592
2005-10-01,-0.159836516008765
2005-10-02,-0.09891943566934411
2005-10-03,-0.03326880018529701
2005-10-04,0.037115390443376896
2005-10-05,0.11223313621667719
2005-10-06,0.19208443713460413
2005-10-07,0.2766692931971575
2005-10-08,0.3659877044043373
2005-10-09,0.46003967075614416
2005-10-10,0.5588251922525769
2005-10-11,0.6623442688936366
2005-10-12,0.7705969006793228
2005-10-13,0.8835830876096352
2005-10-14,1.0013028296845745
2005-10-15,1.12375612690414
2005-10-16,1.2509429792683324
2005-10-17,1.3809989002926202
2005-10-18,1.5027369710698166
2005-10-19,1.614292705115391
2005-10-20,1.715666102429343
2005-10-21,1.8068571630116725
2005-10-22,1.8878658868623794
2005-10-23,1.9586922739814647
2005-10-24,2.0193363243689273
2005-10-25,2.069798038024768
2005-10-26,2.1100774149489854
2005-10-27,2.1401744551415818
2005-10-28,2.1600891586025552
2005-10-29,2.169821525331906
2005-10-30,2.1693715553296355
2005-10-31,2.158739248595742
2005-11-01,2.137924605130226
2005-11-02,2.106927624933088
2005-11-03,2.065748308004328
2005-11-04,2.0143866543439453
2005-11-05,1.9528426639519407
2005-11-06,1.8811163368283137
2005-11-07,1.7992076729730637
2005-11-08,1.7071166723861917
2005-11-09,1.604843335067698
2005-11-10,1.4923876610175815
2005-11-11,1.3697496502358426
2005-11-12,1.236929302722482
2005-11-13,1.0939266184774985
2005-11-14,0.940741597500893
2005-11-15,0.7773742397926651
2005-11-16,0.603824545352815
2005-11-17,0.4305266763189682
2005-11-18,0.2679147948287497
2005-11-19,0.11598890088215973
2005-11-20,-0.02525100552080099
2005-11-21,-0.15580492438013335
2005-11-22,-0.27567285569583716
2005-11-23,-0.3848547994679122
2005-11-24,-0.4833507556963585
2005-11-25,-0.5711607243811763
2005-11-26,-0.6482847055223654
2005-11-27,-0.7147226991199258
2005-11-28,-0.7704747051738577
2005-11-29,-0.8155407236841606
2005-11-30,-0.8499207546508354
2005-12-01,-0.8736147980738811
2005-12-02,-0.8866228539532981
2005-12-03,-0.8889449222890867
2005-12-04,-0.8805810030812465
2005-12-05,-0.8615310963297779
2005-12-06,-0.8317952020346804
2005-12-07,-0.7913733201959543
2005-12-08,-0.7402654508135995
2005-12-09,-0.6784715938876162
2005-12-10,-0.605991749418004
2005-12-11,-0.5228259174047634
2005-12-12,-0.42897409784789375
2005-12-13,-0.32443629074739605
2005-12-14,-0.20921249610326947
2005-12-15,-0.08330271391551371
2005-12-16,0.05329305581587022
2005-12-17,0.1980727578779328
2005-12-18,0.3360240609929744
2005-12-19,0.464644909948045
2005-12-20,0.5839353047431446
2005-12-21,0.6938952453782733
2005-12-22,0.7945247318534308
2005-12-23,0.8858237641686175
2005-12-24,0.967792342323833
2005-12-25,1.0404304663190775
2005-12-26,1.1037381361543512
2005-12-27,1.1577153518296537
2005-12-28,1.2023621133449853
2005-12-29,1.2376784207003457
2005-12-30,1.2636642738957353
2005-12-31,1.280319672931154
2006-01-01,1.2876446178066017
2006-01-02,1.285639108522078
2006-01-03,1.2743031450775832
2006-01-04,1.253636727473118
2006-01-05,1.2236398557086814
2006-01-06,1.1843125297842734
2006-01-07,1.135654749699895
2006-01-08,1.0776665154555456
2006-01-09,1.010347827051225
2006-01-10,0.9336986844869335
2006-01-11,0.8477190877626709
2006-01-12,0.7524090368784372
2006-01-13,0.6477685318342326
2006-01-14,0.5337975726300569
2006-01-15,0.4104961592659102
2006-01-16,0.27786429174179283
2006-01-17,0.13803992819665287
2006-01-18,0.003850817464182989
2006-01-19,-0.12256508231666773
2006-01-20,-0.24120777114589984
2006-01-21,-0.3520772490235125
2006-01-22,-0.45517351594950684
2006-01-23,-0.5504965719238818
2006-01-24,-0.6380464169466382
2006-01-25,-0.7178230510177753
2006-01-26,-0.7898264741372938
2006-01-27,-0.8540566863051932
2006-01-28,-0.9105136875214738
2006-01-29,-0.9591974777861354
2006-01-30,-1.0001080570991783
2006-01-31,-1.0332454254606018
2006-02-01,-1.0586095828704067
2006-02-02,-1.0762005293285928
2006-02-03,-1.0860182648351595
2006-02-04,-1.0880627893901076
2006-02-05,-1.082334102993437
2006-02-06,-1.0688322056451471
2006-02-07,-1.0475570973452386
2006-02-08,-1.0185087780937108
2006-02-09,-0.9816872478905642
2006-02-10,-0.9370925067357987
2006-02-11,-0.8847245546294146
2006-02-12,-0.8245833915714113
2006-02-13,-0.756669017561789
2006-02-14,-0.6809814326005479
2006-02-15,-0.5975206366876877
2006-02-16,-0.5127558137244517
2006-02-17,-0.4331561476120821
2006-02-18,-0.35872163835057946
2006-02-19,-0.2894522859399433
2006-02-20,-0.22534809038017392
2006-02-21,-0.16640905167127115
2006-02-22,-0.11263516981323511
2006-02-23,-0.06402644480606591
2006-02-24,-0.02058287664976314
2006-02-25,0.01769553465567276
2006-02-26,0.05080878911024209
2006-02-27,0.07875688671394462
2006-02-28,0.10153982746678045
2006-03-01,0.1191576113687497
2006-03-02,0.1316102384198522
2006-03-03,0.138897708620088
2006-03-04,0.14102002196945715
2006-03-05,0.1379771784679595
2006-03-06,0.1297691781155953
2006-03-07,0.11639602091236433
2006-03-08,0.0978577068582667
2006-03-09,0.07415423595330231
2006-03-10,0.04528560819747135
2006-03-11,0.011251823590773584
2006-03-12,-0.027947117866790775
2006-03-13,-0.07231121617522188
2006-03-14,-0.1218404713345197
2006-03-15,-0.17653488334468417
2006-03-16,-0.23639445220571537
2006-03-17,-0.29968299292203326
2006-03-18,-0.35598339552015784
2006-03-19,-0.40355947500450917
2006-03-20,-0.44241123137508725
2006-03-21,-0.4725386646318922
2006-03-22,-0.4939417747749239
2006-03-23,-0.5066205618041824
2006-03-24,-0.5105750257196675
2006-03-25,-0.5058051665213795
2006-03-26,-0.49231098420931807
2006-03-27,-0.47009247878348376
2006-03-28,-0.43914965024387587
2006-03-29,-0.39948249859049495
2006-03-30,-0.3510910238233407
2006-03-31,-0.2939752259424133
2006-04-01,-0.2281351049477125
2006-04-02,-0.15357066083923854
2006-04-03,-0.07028189361699134
2006-04-04,0.02173119671902895
2006-04-05,0.12246861016882261
2006-04-06,0.23193034673238935
2006-04-07,0.3501164064097295
2006-04-08,0.477026789200843
2006-04-09,0.6126614951057295
2006-04-10,0.7570205241243894
2006-04-11,0.9101038762568225
2006-04-12,1.0719115515030289
2006-04-13,1.2424435498630082
2006-04-14,1.4216998713367615
2006-04-15,1.6096805159242873
2006-04-16,1.8063854836255864
2006-04-17,2.0035303119610126
2006-04-18,2.1928305384509206
2006-04-19,2.3742861630953085
2006-04-20,2.547897185894178
2006-04-21,2.713663606847528
2006-04-22,2.8715854259553595
2006-04-23,3.0216626432176716
2006-04-24,3.163895258634465
2006-04-25,3.2982832722057394
2006-04-26,3.4248266839314954
2006-04-27,3.543525493811731
2006-04-28,3.6543797018464486
2006-04-29,3.7573893080356466
2006-04-30,3.8525543123793264
2006-05-01,3.939874714877487
2006-05-02,4.019350515530127
2006-05-03,4.09098171433725
2006-05-04,4.154768311298853
2006-05-05,4.210710306414938
2006-05-06,4.258807699685503
2006-05-07,4.299060491110549
2006-05-08,4.331468680690077
2006-05-09,4.356032268424085
2006-05-10,4.372751254312574
2006-05-11,4.381625638355544
2006-05-12,4.382655420552996
2006-05-13,4.375840600904928
2006-05-14,4.361181179411341
2006-05-15,4.338677156072235
2006-05-16,4.308328530887611
2006-05-17,4.270384881963296
2006-05-18,4.226343677934269
2006-05-19,4.1764544969063575
2006-05-20,4.120717338879563
2006-05-21,4.059132203853885
2006-05-22,3.9916990918293225
2006-05-23,3.918418002805876
2006-05-24,3.839288936783548
2006-05-25,3.7543118937623343
2006-05-26,3.6634868737422375
2006-05-27,3.5668138767232582
2006-05-28,3.4642929027053935
2006-05-29,3.355923951688646
2006-05-30,3.241707023673015
2006-05-31,3.1216421186585004
2006-06-01,2.995729236645101
2006-06-02,2.8639683776328195
2006-06-03,2.7263595416216537
2006-06-04,2.5829027286116037
2006-06-05,2.4335979386026714
2006-06-06,2.2784451715948544
2006-06-07,2.1174444275881537
2006-06-08,1.9505957065825696
2006-06-09,1.777899008578102
2006-06-10,1.5993543335747504
2006-06-11,1.4149616815725155
2006-06-12,1.2247210525713965
2006-06-13,1.0286324465713943
2006-06-14,0.8266958635725086
2006-06-15,0.6189113035747388
2006-06-16,0.4052787665780857
2006-06-17,0.19498548589862932
2006-06-18,-0.002781305147549956
2006-06-19,-0.18802160656045194
2006-06-20,-0.36073541834007633
2006-06-21,-0.5209227404864235
2006-06-22,-0.6685835729994933
2006-06-23,-0.8037179158792861
2006-06-24,-0.9263257691258013
2006-06-25,-1.0364071327390392
2006-06-26,-1.133962006719
2006-06-27,-1.2189903910656832
2006-06-28,-1.2914922857790896
2006-06-29,-1.351467690859218
2006-06-30,-1.3989166063060696
2006-07-01,-1.433839032119644
2006-07-02,-1.4562349682999405
2006-07-03,-1.4661044148469602
2006-07-04,-1.4634473717607024
2006-07-05,-1.4482638390411675
2006-07-06,-1.4205538166883551
2006-07-07,-1.3803173047022654
2006-07-08,-1.3275543030828985
2006-07-09,-1.2622648118302542
2006-07-10,-1.1844488309443324
2006-07-11,-1.0941063604251338
2006-07-12,-0.9912374002726573
2006-07-13,-0.8758419504869039
2006-07-14,-0.7479200110678732
2006-07-15,-0.607471582015565
2006-07-16,-0.4544966633299793
2006-07-17,-0.291789281414917
2006-07-18,-0.13611359469317807
2006-07-19,0.009736370431436988
2006-07-20,0.1457606139589284
2006-07-21,0.27195913588929566
2006-07-22,0.3883319362225391
2006-07-23,0.49487901495865905
2006-07-24,0.591600372097655
2006-07-25,0.6784960076395274
2006-07-26,0.7555659215842756
2006-07-27,0.8228101139319001
2006-07-28,0.880228584682401
2006-07-29,0.9278213338357778
2006-07-30,0.9655883613920309
2006-07-31,0.9935296673511603
2006-08-01,1.0116452517131655
2006-08-02,1.0199351144780469
2006-08-03,1.0183992556458048
2006-08-04,1.0070376752164387
2006-08-05,0.9858503731899494
2006-08-06,0.9548373495663351
2006-08-07,0.9139986043455977
2006-08-08,0.8633341375277365
2006-08-09,0.8028439491127514
2006-08-10,0.7325280391006422
2006-08-11,0.6523864074914097
2006-08-12,0.5624190542850529
2006-08-13,0.4626259794815726
2006-08-14,0.35300718308096835
2006-08-15,0.23356266508324008
2006-08-16,0.10429242548838841
2006-08-17,-0.032614804385366826
2006-08-18,-0.16402663662870087
2006-08-19,-0.2877543399233934
2006-08-20,-0.403797914269444
2006-08-21,-0.5121573596668537
2006-08-22,-0.6128326761156213
2006-08-23,-0.7058238636157476
2006-08-24,-0.7911309221672322
2006-08-25,-0.868753851770075
2006-08-26,-0.9386926524242762
2006-08-27,-1.0009473241298363
2006-08-28,-1.0555178668867544
2006-08-29,-1.1024042806950312
2006-08-30,-1.1416065655546663
2006-08-31,-1.1731247214656597
2006-09-01,-1.1969587484280118
2006-09-02,-1.213108646441722
2006-09-03,-1.2215744155067902
2006-09-04,-1.2223560556232176
2006-09-05,-1.2154535667910034
2006-09-06,-1.2008669490101471
2006-09-07,-1.1785962022806495
2006-09-08,-1.1486413266025102
2006-09-09,-1.1110023219757292
2006-09-10,-1.065679188400307
2006-09-11,-1.0126719258762429
2006-09-12,-0.9519805344035375
2006-09-13,-0.8836050139821904
2006-09-14,-0.8075453646122016
2006-09-15,-0.723801586293571
2006-09-16,-0.632373679026299
2006-09-17,-0.5369440752357103
2006-09-18,-0.4411952073471292
2006-09-19,-0.3451270753605556
2006-09-20,-0.24873967927599017
2006-09-21,-0.1520330190934323
2006-09-22,-0.055007094812882136
2006-09-23,0.04233809356566024
2006-09-24,0.14000254604219492
2006-09-25,0.23798626261672182
2006-09-26,0.3362892432892411
2006-09-27,0.4349114880597523
2006-09-28,0.5338529969282559
2006-09-29,0.633113769894752
2006-09-30,0.7326938069592401
2006-10-01,0.8325931081217205
2006-10-02,0.9328116733821933
2006-10-03,1.0333495027406583
2006-10-04,1.1342065961971153
2006-10-05,1.2353829537515648
2006-10-06,1.3368785754040067
2006-10-07,1.4386934611544404
2006-10-08,1.5408276110028665
2006-10-09,1.6432810249492853
2006-10-10,1.7460537029936956
2006-10-11,1.8491456451360988
2006-10-12,1.9525568513764942
2006-10-13,2.056287321714881
2006-10-14,2.160337056151261
2006-10-15,2.2647060546856332
2006-10-16,2.3693943173179974
2006-10-17,2.4734974722132725
2006-10-18,2.571589288360974
2006-10-19,2.6627653939260196
2006-10-20,2.74702578890841
2006-10-21,2.8243704733081447
2006-10-22,2.894799447125224
2006-10-23,2.958312710359648
2006-10-24,3.014910263011417
2006-10-25,3.0645921050805303
2006-10-26,3.107358236566988
2006-10-27,3.1432086574707907
2006-10-28,3.1721433677919375
2006-10-29,3.1941623675304287
2006-10-30,3.209265656686265
2006-10-31,3.2174532352594456
2006-11-01,3.2187251032499704
2006-11-02,3.213081260657841
2006-11-03,3.200521707483056
2006-11-04,3.1810464437256143
2006-11-05,3.1546554693855184
2006-11-06,3.1213487844627665
2006-11-07,3.0811263889573595
2006-11-08,3.033988282869297
2006-11-09,2.9799344661985794
2006-11-10,2.918964938945206
2006-11-11,2.851079701109177
2006-11-12,2.7762787526904926
2006-11-13,2.6945620936891532
2006-11-14,2.6059297241051587
2006-11-15,2.510381643938508
2006-11-16,2.4079178531892023
2006-11-17,2.3044353466987
2006-11-18,2.2058311193084625
2006-11-19,2.112105171018487
2006-11-20,2.0232575018287755
2006-11-21,1.9392881117393272
2006-11-22,1.860197000750142
2006-11-23,1.7859841688612204
2006-11-24,1.7166496160725622
2006-11-25,1.652193342384167
2006-11-26,1.5926153477960352
2006-11-27,1.5379156323081673
2006-11-28,1.4880941959205625
2006-11-29,1.443151038633221
2006-11-30,1.4030861604461429
2006-12-01,1.367899561359328
2006-12-02,1.3375912413727766
2006-12-03,1.3121612004864887
2006-12-04,1.2916094387004637
2006-12-05,1.2759359560147026
2006-12-06,1.2651407524292047
2006-12-07,1.2592238279439698
2006-12-08,1.258185182558999
2006-12-09,1.2620248162742909
2006-12-10,1.2707427290898463
2006-12-11,1.284338921005665
2006-12-12,1.302813392021747
2006-12-13,1.3261661421380926
2006-12-14,1.3543971713547016
2006-12-15,1.387506479671574
2006-12-16,1.4254940670887093
2006-12-17,1.4673209084647167
2006-12-18,1.5067528529512426
2006-12-19,1.5427508754068961
2006-12-20,1.5753149758316771
2006-12-21,1.6044451542255853
2006-12-22,1.6301414105886205
2006-12-23,1.6524037449207838
2006-12-24,1.6712321572220736
2006-12-25,1.6866266474924911
2006-12-26,1.6985872157320356
2006-12-27,1.7071138619407074
2006-12-28,1.712206586118507
2006-12-29,1.713865388265433
2006-12-30,1.7120902683814871
2006-12-31,1.7068812264666684
2007-01-01,1.698238262520977
2007-01-02,1.6861613765444126
2007-01-03,1.6706505685369757
2007-01-04,1.651705838498666
2007-01-05,1.6293271864294838
2007-01-06,1.6035146123294286
2007-01-07,1.5742681161985008
2007-01-08,1.5415876980367005
2007-01-09,1.5054733578440276
2007-01-10,1.465925095620482
2007-01-11,1.422942911366063
2007-01-12,1.376526805080772
2007-01-13,1.326676776764608
2007-01-14,1.2733928264175716
2007-01-15,1.2166749540396617
2007-01-16,1.1565231596308803
2007-01-17,1.0936677566996662
2007-01-18,1.0324906262966655
2007-01-19,0.973722081930319
2007-01-20,0.9173621236006264
2007-01-21,0.8634107513075883
2007-01-22,0.8118679650512042
2007-01-23,0.7627337648314739
2007-01-24,0.716008150648398
2007-01-25,0.671691122501976
2007-01-26,0.6297826803922083
2007-01-27,0.5902828243190947
2007-01-28,0.5531915542826352
2007-01-29,0.5185088702828298
2007-01-30,0.4862347723196784
2007-01-31,0.4563692603931812
2007-02-01,0.4289123345033381
2007-02-02,0.403863994650149
2007-02-03,0.38122424083361417
2007-02-04,0.3609930730537333
2007-02-05,0.34317049131050664
2007-02-06,0.3277564956039341
2007-02-07,0.31475108593401563
2007-02-08,0.3041542623007512
2007-02-09,0.29596602470414096
2007-02-10,0.29018637314418483
2007-02-11,0.28681530762088275
2007-02-12,0.28585282813423485
2007-02-13,0.287298934684241
2007-02-14,0.29115362727090127
2007-02-15,0.29741690589421566
2007-02-16,0.3035652041619136
2007-02-17,0.30707495568172444
2007-02-18,0.30794616045364825
2007-02-19,0.306178818477685
2007-02-20,0.3017729297538347
2007-02-21,0.2947284942820973
2007-02-22,0.2850455120624729
2007-02-23,0.27272398309496143
2007-02-24,0.25776390737956295
2007-02-25,0.24016528491627737
2007-02-26,0.21992811570510468
2007-02-27,0.19705239974604494
2007-02-28,0.1715381370390982
2007-03-01,0.1433853275842644
2007-03-02,0.1125939713815436
2007-03-03,0.07916406843093562
2007-03-04,0.04309561873244066
2007-03-05,0.004388622286058643
2007-03-06,-0.036956920908210414
2007-03-07,-0.08094101085036653
2007-03-08,-0.12756364754040977
2007-03-09,-0.17682483097834004
2007-03-10,-0.2287245611641574
2007-03-11,-0.28326283809786174
2007-03-12,-0.34043966177945306
2007-03-13,-0.4002550322089316
2007-03-14,-0.4627089493862971
2007-03-15,-0.5278014133115497
2007-03-16,-0.5955324239846894
2007-03-17,-0.6647138967951799
2007-03-18,-0.7282173240798041
2007-03-19,-0.7848546212280255
2007-03-20,-0.8346257882398442
2007-03-21,-0.8775308251152607
2007-03-22,-0.9135697318542746
2007-03-23,-0.9427425084568856
2007-03-24,-0.9650491549230943
2007-03-25,-0.9804896712529003
2007-03-26,-0.9890640574463033
2007-03-27,-0.9907723135033046
2007-03-28,-0.9856144394239027
2007-03-29,-0.9735904352080983
2007-03-30,-0.9547003008558914
2007-03-31,-0.928944036367282
2007-04-01,-0.89632164174227
2007-04-02,-0.8568331169808551
2007-04-03,-0.8104784620830378
2007-04-04,-0.7572576770488181
2007-04-05,-0.6971707618781957
2007-04-06,-0.6302177165711708
2007-04-07,-0.556398541127743
2007-04-08,-0.4757132355479127
2007-04-09,-0.38816179983168003
2007-04-10,-0.2937442339790447
2007-04-11,-0.19246053799000654
2007-04-12,-0.08431071186456614
2007-04-13,0.03070524439727702
2007-04-14,0.15258733079552284
2007-04-15,0.2813355473301712
2007-04-16,0.41694989400122195
2007-04-17,0.5506856178079376
2007-04-18,0.6737979657495805
2007-04-19,0.7862869378261504
2007-04-20,0.8881525340376469
2007-04-21,0.9793947543840708
2007-04-22,1.0600135988654218
2007-04-23,1.1300090674816998
2007-04-24,1.1893811602329045
2007-04-25,1.2381298771190365
2007-04-26,1.2762552181400957
2007-04-27,1.3037571832960815
2007-04-28,1.3206357725869948
2007-04-29,1.3268909860128348
2007-04-30,1.3225228235736022
2007-05-01,1.3075312852692964
2007-05-02,1.2819163710999173
2007-05-03,1.2456780810654657
2007-05-04,1.198816415165941
2007-05-05,1.1413313734013433
2007-05-06,1.0732229557716726
2007-05-07,0.994491162276929
2007-05-08,0.9051359929171127
2007-05-09,0.8051574476922229
2007-05-10,0.6945555266022604
2007-05-11,0.5733302296472248
2007-05-12,0.4414815568271166
2007-05-13,0.2990095081419354
2007-05-14,0.14591408359168093
2007-05-15,-0.017804716823646427
2007-05-16,-0.19214689310404665
2007-05-17,-0.3746668704046053
2007-05-18,-0.5506911996558341
2007-05-19,-0.7177743060128187
2007-05-20,-0.8759161894755585
2007-05-21,-1.025116850044054
2007-05-22,-1.165376287718305
2007-05-23,-1.2966945024983119
2007-05-24,-1.419071494384074
2007-05-25,-1.532507263375592
2007-05-26,-1.637001809472865
2007-05-27,-1.7325551326758943
2007-05-28,-1.819167232984679
2007-05-29,-1.8968381103992191
2007-05-30,-1.965567764919515
2007-05-31,-2.025356196545566
2007-06-01,-2.076203405277373
2007-06-02,-2.1181093911149356
2007-06-03,-2.151074154058253
2007-06-04,-2.175097694107327
2007-06-05,-2.1901800112621563
2007-06-06,-2.1963211055227414
2007-06-07,-2.193520976889081
2007-06-08,-2.181779625361177
2007-06-09,-2.161097050939029
2007-06-10,-2.1314732536226355
2007-06-11,-2.092908233411998
2007-06-12,-2.0454019903071163
2007-06-13,-1.98895452430799
2007-06-14,-1.9235658354146195
2007-06-15,-1.8492359236270044
2007-06-16,-1.765964788945145
2007-06-17,-1.6758246147066176
2007-06-18,-1.5808875842489984
2007-06-19,-1.4811536975722874
2007-06-20,-1.3766229546764854
2007-06-21,-1.2672953555615913
2007-06-22,-1.1531709002276056
2007-06-23,-1.0342495886745287
2007-06-24,-0.9105314209023598
2007-06-25,-0.7820163969110993
2007-06-26,-0.6487045167007475
2007-06-27,-0.5105957802713038
2007-06-28,-0.36769018762276884
2007-06-29,-0.2199877387551419
2007-06-30,-0.0674884336684235
2007-07-01,0.0898077276373865
2007-07-02,0.2519007451622882
2007-07-03,0.4187906189062815
2007-07-04,0.5904773488693661
2007-07-05,0.7669609350515428
2007-07-06,0.9482413774528107
2007-07-07,1.1343186760731703
2007-07-08,1.325192830912622
2007-07-09,1.5208638419711644
2007-07-10,1.721331709248799
2007-07-11,1.926596432745525
2007-07-12,2.136658012461343
2007-07-13,2.351516448396252
2007-07-14,2.5711717405502528
2007-07-15,2.7956238889233456
2007-07-16,3.0248728935155293
2007-07-17,3.256579626003212
2007-07-18,3.476709316444829
2007-07-19,3.6829228365167905
2007-07-20,3.8752201862190936
2007-07-21,4.053601365551739
2007-07-22,4.218066374514726
2007-07-23,4.368615213108057
2007-07-24,4.505247881331729
2007-07-25,4.627964379185746
2007-07-26,4.736764706670103
2007-07-27,4.831648863784802
2007-07-28,4.9126168505298455
2007-07-29,4.97966866690523
2007-07-30,5.032804312910958
2007-07-31,5.072023788547028
2007-08-01,5.09732709381344
2007-08-02,5.108714228710194
2007-08-03,5.106185193237291
2007-08-04,5.089739987394731
2007-08-05,5.059378611182514
2007-08-06,5.015101064600637
2007-08-07,4.9569073476491035
2007-08-08,4.884797460327913
2007-08-09,4.798771402637065
2007-08-10,4.698829174576559
2007-08-11,4.584970776146396
2007-08-12,4.457196207346575
2007-08-13,4.315505468177097
2007-08-14,4.159898558637961
2007-08-15,3.9903754787291663
2007-08-16,3.8069362284507164
2007-08-17,3.6117668857362384
2007-08-18,3.41798391818752
2007-08-19,3.2277734037381913
2007-08-20,3.0411353423882526
2007-08-21,2.8580697341377053
2007-08-22,2.678576578986547
2007-08-23,2.5026558769347798
2007-08-24,2.330307627982402
2007-08-25,2.1615318321294152
2007-08-26,1.9963284893758173
2007-08-27,1.834697599721611
2007-08-28,1.6766391631667945
2007-08-29,1.5221531797113677
2007-08-30,1.3712396493553314
2007-08-31,1.2238985720986852
2007-09-01,1.0801299479414292
2007-09-02,0.9399337768835636
2007-09-03,0.8033100589250882
2007-09-04,0.6702587940660027
2007-09-05,0.5407799823063077
2007-09-06,0.41487362364600266
2007-09-07,0.2925397180850879
2007-09-08,0.1737782656235632
2007-09-09,0.05858926626142877
2007-09-10,-0.053027280001315354
2007-09-11,-0.1610713731646694
2007-09-12,-0.2655430132286332
2007-09-13,-0.3664422001932067
2007-09-14,-0.46376893405839037
2007-09-15,-0.5575232148241837
2007-09-16,-0.6477050424905866
2007-09-17,-0.7314001700317161
2007-09-18,-0.8056943504216889
2007-09-19,-0.8705875836605045
2007-09-20,-0.9260798697481629
2007-09-21,-0.9721712086846646
2007-09-22,-1.0088616004700093
2007-09-23,-1.036151045104197
2007-09-24,-1.0540395425872278
2007-09-25,-1.0625270929191015
2007-09-26,-1.0616136960998186
2007-09-27,-1.0512993521293783
2007-09-28,-1.0315840610077813
2007-09-29,-1.0024678227350272
2007-09-30,-0.9639506373111166
2007-10-01,-0.9160325047360488
2007-10-02,-0.8587134250098236
2007-10-03,-0.7919933981324419
2007-10-04,-0.7158724241039032
2007-10-05,-0.6303505029242075
2007-10-06,-0.5354276345933545
2007-10-07,-0.4311038191113448
2007-10-08,-0.31737905647817855
2007-10-09,-0.19425334669385458
2007-10-10,-0.06172668975837431
2007-10-11,0.08020091432826337
2007-10-12,0.2315294655660578
2007-10-13,0.392258963955009
2007-10-14,0.5623894094951174
2007-10-15,0.7419208021863827
2007-10-16,0.9308531420288051
2007-10-17,1.127211660782869
2007-10-18,1.3191477490114858
2007-10-19,1.5046866384751396
2007-10-20,1.6838283291738305
2007-10-21,1.8565728211075587
2007-10-22,2.022920114276324
2007-10-23,2.1828702086801264
2007-10-24,2.3364231043189667
2007-10-25,2.483578801192844
2007-10-26,2.624337299301758
2007-10-27,2.7586985986457098
2007-10-28,2.886662699224699
2007-10-29,3.008229601038725
2007-10-30,3.1233993040877883
2007-10-31,3.232171808371889
2007-11-01,3.3345471138910265
2007-11-02,3.4305252206452024
2007-11-03,3.5201061286344144
2007-11-04,3.603289837858664
2007-11-05,3.680076348317951
2007-11-06,3.750465660012275
2007-11-07,3.814457772941636
2007-11-08,3.8720526871060352
2007-11-09,3.9232504025054706
2007-11-10,3.9680509191399436
2007-11-11,4.0064542370094545
2007-11-12,4.038460356114002
2007-11-13,4.064069276453586
2007-11-14,4.083280998028209
2007-11-15,4.096095520837868
2007-11-16,4.102512844882565
2007-11-17,4.103207415079979
2007-11-18,4.098853676347793
2007-11-19,4.089451628686003
2007-11-20,4.075001272094614
2007-11-21,4.055502606573622
2007-11-22,4.030955632123029
2007-11-23,4.001360348742835
2007-11-24,3.966716756433039
2007-11-25,3.927024855193641
2007-11-26,3.8822846450246424
2007-11-27,3.8324961259260424
2007-11-28,3.777659297897841
2007-11-29,3.717774160940037
2007-11-30,3.652840715052633
2007-12-01,3.582858960235627
2007-12-02,3.5078288964890185
2007-12-03,3.4277505238128096
2007-12-04,3.3426238422069994
2007-12-05,3.2524488516715873
2007-12-06,3.1572255522065737
2007-12-07,3.0569539438119584
2007-12-08,2.951634026487742
2007-12-09,2.8412658002339244
2007-12-10,2.725849265050505
2007-12-11,2.605384420937484
2007-12-12,2.4798712678948616
2007-12-13,2.349309805922638
2007-12-14,2.2137000350208127
2007-12-15,2.0730419551893857
2007-12-16,1.9273355664283573
2007-12-17,1.7780818430561622
2007-12-18,1.634286630983403
2007-12-19,1.4974509045285154
2007-12-20,1.367574663691498
2007-12-21,1.2446579084723517
2007-12-22,1.128700638871076
2007-12-23,1.0197028548876717
2007-12-24,0.9176645565221377
2007-12-25,0.8225857437744749
2007-12-26,0.7344664166446823
2007-12-27,0.6533065751327611
2007-12-28,0.5791062192387106
2007-12-29,0.511865348962531
2007-12-30,0.451583964304222
2007-12-31,0.39826206526378405
2008-01-01,0.3518996518412169
2008-01-02,0.3124967240365205
2008-01-03,0.28005328184969497
2008-01-04,0.2545693252807404
2008-01-05,0.23604485432965644
2008-01-06,0.22447986899644343
2008-01-07,0.2198743692811012
2008-01-08,0.22222835518362993
2008-01-09,0.23154182670402937
2008-01-10,0.24781478384229963
2008-01-11,0.27104722659844077
2008-01-12,0.3012391549724528
2008-01-13,0.33839056896433556
2008-01-14,0.3825014685740892
2008-01-15,0.43357185380171365
2008-01-16,0.49160172464720897
2008-01-17,0.5550920908654937
2008-01-18,0.6150490109860789
2008-01-19,0.6699734947638831
2008-01-20,0.7198655421989067
2008-01-21,0.7647251532911494
2008-01-22,0.804552328040611
2008-01-23,0.8393470664472921
2008-01-24,0.8691093685111921
2008-01-25,0.8938392342323113
2008-01-26,0.9135366636106494
2008-01-27,0.9282016566462069
2008-01-28,0.9378342133389833
2008-01-29,0.9424343336889789
2008-01-30,0.9420020176961938
2008-01-31,0.9365372653606278
2008-02-01,0.9260400766822808
2008-02-02,0.910510451661153
2008-02-03,0.8899483902972443
2008-02-04,0.8643538925905547
2008-02-05,0.8337269585410841
2008-02-06,0.7980675881488329
2008-02-07,0.7573757814138008
2008-02-08,0.7116515383359876
2008-02-09,0.6608948589153938
2008-02-10,0.6051057431520189
2008-02-11,0.5442841910458632
2008-02-12,0.4784302025969268
2008-02-13,0.40754377780520923
2008-02-14,0.3316249166707111
2008-02-15,0.25067361919343184
2008-02-16,0.16596026146019027
2008-02-17,0.08510709999189597
2008-02-18,0.009384510875367893
2008-02-19,-0.06120750588939435
2008-02-20,-0.12666895030239075
2008-02-21,-0.18699982236362114
2008-02-22,-0.24220012207308567
2008-02-23,-0.29226984943078427
2008-02-24,-0.33720900443671686
2008-02-25,-0.37701758709088357
2008-02-26,-0.41169559739328443
2008-02-27,-0.4412430353439193
2008-02-28,-0.4656599009427882
2008-02-29,-0.48494619418989116
2008-03-01,-0.4991019150852283
2008-03-02,-0.5081270636287994
2008-03-03,-0.5120216398206048
2008-03-04,-0.5107856436606439
2008-03-05,-0.5044190751489175
2008-03-06,-0.4929219342854249
2008-03-07,-0.4762942210701666
2008-03-08,-0.45453593550314225
2008-03-09,-0.4276470775843519
2008-03-10,-0.3956276473137957
2008-03-11,-0.35847764469147353
2008-03-12,-0.3161970697173854
2008-03-13,-0.2687859223915316
2008-03-14,-0.21624420271391154
2008-03-15,-0.1585719106845258
2008-03-16,-0.09576904630337413
2008-03-17,-0.028747490211079498
2008-03-18,0.03702147374861902
2008-03-19,0.10062596493509833
2008-03-20,0.16206598334835837
2008-03-21,0.2213415289883993
2008-03-22,0.278452601855221
2008-03-23,0.33339920194882366
2008-03-24,0.38618132926920695
2008-03-25,0.43679898381637117
2008-03-26,0.4852521655903161
2008-03-27,0.5315408745910419
2008-03-28,0.5756651108185487
2008-03-29,0.617624874272836
2008-03-30,0.6574201649539041
2008-03-31,0.6950509828617533
2008-04-01,0.730517327996383
2008-04-02,0.7638192003577938
2008-04-03,0.7949565999459852
2008-04-04,0.8239295267609575
2008-04-05,0.8507379808027107
2008-04-06,0.8753819620712445
2008-04-07,0.8978614705665593
2008-04-08,0.9181765062886549
2008-04-09,0.9363270692375312
2008-04-10,0.9523131594131884
2008-04-11,0.9661347768156263
2008-04-12,0.9777919214448452
2008-04-13,0.9872845933008447
2008-04-14,0.9946127923836253
2008-04-15,0.9997765186931865
2008-04-16,1.0027757722295285
2008-04-17,1.0047475426337469
2008-04-18,1.006828819546938
2008-04-19,1.0090196029691005
2008-04-20,1.0113198929002354
2008-04-21,1.0137296893403425
2008-04-22,1.0162489922894216
2008-04-23,1.0188778017474729
2008-04-24,1.0216161177144965
2008-04-25,1.0244639401904918
2008-04-26,1.0274212691754596
2008-04-27,1.0304881046693994
2008-04-28,1.0336644466723115
2008-04-29,1.0369502951841958
2008-04-30,1.040345650205052
2008-05-01,1.0438505117348804
2008-05-02,1.047464879773681
2008-05-03,1.0511887543214535
2008-05-04,1.0550221353781983
2008-05-05,1.0589650229439154
2008-05-06,1.0630174170186044
2008-05-07,1.0671793176022655
2008-05-08,1.071450724694899
2008-05-09,1.0758316382965045
2008-05-10,1.0803220584070818
2008-05-11,1.0849219850266316
2008-05-12,1.0896314181551536
2008-05-13,1.0944503577926477
2008-05-14,1.0993788039391137
2008-05-15,1.104416756594552
2008-05-16,1.1095642157589625
2008-05-17,1.1147436119620866
2008-05-18,1.1194895283823738
2008-05-19,1.1237243955495657
2008-05-20,1.1274482134636623
2008-05-21,1.1306609821246638
2008-05-22,1.1333627015325698
2008-05-23,1.1355533716873802
2008-05-24,1.1372329925890958
2008-05-25,1.1384015642377159
2008-05-26,1.1390590866332406
2008-05-27,1.1392055597756703
2008-05-28,1.1388409836650044
2008-05-29,1.1379653583012432
2008-05-30,1.1365786836843867
2008-05-31,1.1346809598144352
2008-06-01,1.132272186691388
2008-06-02,1.1293523643152459
2008-06-03,1.1259214926860082
2008-06-04,1.1219795718036751
2008-06-05,1.117526601668247
2008-06-06,1.1125625822797234
2008-06-07,1.1070875136381044
2008-06-08,1.1011013957433904
2008-06-09,1.0946042285955808
2008-06-10,1.087596012194676
2008-06-11,1.080076746540676
2008-06-12,1.0720464316335807
2008-06-13,1.06350506747339
2008-06-14,1.054452654060104
2008-06-15,1.0448891913937226
2008-06-16,1.034814679474246
2008-06-17,1.0258099638136766
2008-06-18,1.0194558899240167
2008-06-19,1.0157524578052666
2008-06-20,1.0146996674574258
2008-06-21,1.0162975188804946
2008-06-22,1.020546012074473
2008-06-23,1.027445147039361
2008-06-24,1.0369949237751586
2008-06-25,1.0491953422818656
2008-06-26,1.0640464025594825
2008-06-27,1.0815481046080089
2008-06-28,1.1017004484274449
2008-06-29,1.1245034340177902
2008-06-30,1.1499570613790455
2008-07-01,1.17806133051121
2008-07-02,1.2088162414142842
2008-07-03,1.242221794088268
2008-07-04,1.2782779885331614
2008-07-05,1.3169848247489644
2008-07-06,1.358342302735677
2008-07-07,1.402350422493299
2008-07-08,1.449009184021831
2008-07-09,1.498318587321272
2008-07-10,1.5502786323916231
2008-07-11,1.6048893192328835
2008-07-12,1.6621506478450534
2008-07-13,1.722062618228133
2008-07-14,1.7846252303821224
2008-07-15,1.849838484307021
2008-07-16,1.9177023800028292
2008-07-17,1.9869633413148067
2008-07-18,2.050099911314508
2008-07-19,2.1058585138471955
2008-07-20,2.1542391489128665
2008-07-21,2.1952418165115213
2008-07-22,2.2288665166431607
2008-07-23,2.255113249307785
2008-07-24,2.2739820145053926
2008-07-25,2.2854728122359855
2008-07-26,2.2895856424995613
2008-07-27,2.286320505296123
2008-07-28,2.275677400625668
2008-07-29,2.257656328488198
2008-07-30,2.2322572888837118
2008-07-31,2.1994802818122103
2008-08-01,2.1593253072736927
2008-08-02,2.1117923652681596
2008-08-03,2.0568814557956103
2008-08-04,1.9945925788560461
2008-08-05,1.9249257344494661
2008-08-06,1.84788092257587
2008-08-07,1.763458143235258
2008-08-08,1.671657396427631
2008-08-09,1.572478682152988
2008-08-10,1.4659220004113291
2008-08-11,1.351987351202655
2008-08-12,1.2306747345269649
2008-08-13,1.1019841503842591
2008-08-14,0.9659155987745379
2008-08-15,0.8224690796978005
2008-08-16,0.6716445931540478
2008-08-17,0.515020437461936
2008-08-18,0.36206640253340827
2008-08-19,0.21436078668712066
2008-08-20,0.07190358992307364
2008-08-21,-0.06530518775873316
2008-08-22,-0.19726554635829935
2008-08-23,-0.323977485875625
2008-08-24,-0.4454410063107103
2008-08-25,-0.561656107663555
2008-08-26,-0.6726227899341591
2008-08-27,-0.7783410531225233
2008-08-28,-0.8788108972286465
2008-08-29,-0.9740323222525296
2008-08-30,-1.064005328194172
2008-08-31,-1.1487299150535741
2008-09-01,-1.2282060828307355
2008-09-02,-1.3024338315256565
2008-09-03,-1.3714131611383371
2008-09-04,-1.4351440716687773
2008-09-05,-1.493626563116977
2008-09-06,-1.546860635482936
2008-09-07,-1.5948462887666544
2008-09-08,-1.6375835229681328
2008-09-09,-1.6750723380873707
2008-09-10,-1.707312734124368
2008-09-11,-1.7343047110791248
2008-09-12,-1.7560482689516412
2008-09-13,-1.7725434077419169
2008-09-14,-1.7837901274499526
2008-09-15,-1.7897884280757475
2008-09-16,-1.7905383096193017
2008-09-17,-1.7885490688184704
2008-09-18,-1.786330002411108
2008-09-19,-1.7838811103972139
2008-09-20,-1.7812023927767884
2008-09-21,-1.7782938495498317
2008-09-22,-1.7751554807163439
2008-09-23,-1.7717872862763249
2008-09-24,-1.7681892662297745
2008-09-25,-1.7643614205766924
2008-09-26,-1.7603037493170797
2008-09-27,-1.7560162524509353
2008-09-28,-1.75149892997826
2008-09-29,-1.7467517818990528
2008-09-30,-1.741774808213315
2008-10-01,-1.7365680089210456
2008-10-02,-1.7311313840222446
2008-10-03,-1.7254649335169125
2008-10-04,-1.7195686574050493
2008-10-05,-1.7134425556866548
2008-10-06,-1.707086628361729
2008-10-07,-1.7005008754302715
2008-10-08,-1.6936852968922833
2008-10-09,-1.6866398927477635
2008-10-10,-1.6793646629967123
2008-10-11,-1.67185960763913
2008-10-12,-1.6641247266750165
2008-10-13,-1.6561600201043714
2008-10-14,-1.6479654879271952
2008-10-15,-1.639541130143488
2008-10-16,-1.630886946753249
2008-10-17,-1.622513200798261
2008-10-18,-1.6174814705292173
2008-10-19,-1.6163020189878996
2008-10-20,-1.618974846174308
2008-10-21,-1.625499952088443
2008-10-22,-1.6358773367303039
2008-10-23,-1.650107000099891
2008-10-24,-1.6681889421972047
2008-10-25,-1.6901231630222442
2008-10-26,-1.7159096625750099
2008-10-27,-1.7455484408555022
2008-10-28,-1.7790394978637203
2008-10-29,-1.8163828335996648
2008-10-30,-1.8575784480633355
2008-10-31,-1.9026263412547324
2008-11-01,-1.9515265131738555
2008-11-02,-2.004278963820705
2008-11-03,-2.0608836931952803
2008-11-04,-2.1213407012975822
2008-11-05,-2.18564998812761
2008-11-06,-2.253811553685364
2008-11-07,-2.3258253979708443
2008-11-08,-2.401691520984051
2008-11-09,-2.4814099227249837
2008-11-10,-2.564980603193643
2008-11-11,-2.652403562390028
2008-11-12,-2.7436788003141395
2008-11-13,-2.838806316965977
2008-11-14,-2.9377861123455413
2008-11-15,-3.040618186452831
2008-11-16,-3.147302539287847
2008-11-17,-3.25178447832885
2008-11-18,-3.3480093110541
2008-11-19,-3.435977037463596
2008-11-20,-3.515687657557339
2008-11-21,-3.587141171335329
2008-11-22,-3.6503375787975654
2008-11-23,-3.7052768799440488
2008-11-24,-3.7519590747747786
2008-11-25,-3.790384163289756
2008-11-26,-3.8205521454889797
2008-11-27,-3.84246302137245
2008-11-28,-3.8561167909401672
2008-11-29,-3.8615134541921314
2008-11-30,-3.8586530111283426
2008-12-01,-3.8475354617488
2008-12-02,-3.828160806053504
2008-12-03,-3.800529044042455
2008-12-04,-3.764640175715653
2008-12-05,-3.7204942010730977
2008-12-06,-3.668091120114789
2008-12-07,-3.6074309328407272
2008-12-08,-3.5385136392509127
2008-12-09,-3.461339239345344
2008-12-10,-3.3759077331240226
2008-12-11,-3.282219120586948
2008-12-12,-3.1802734017341194
2008-12-13,-3.0700705765655383
2008-12-14,-2.9516106450812045
2008-12-15,-2.8248936072811164
2008-12-16,-2.689919463165275
2008-12-17,-2.5479399452623928
2008-12-18,-2.406465448744736
2008-12-19,-2.2667477061410173
2008-12-20,-2.1287867174512365
2008-12-21,-1.9925824826753928
2008-12-22,-1.8581350018134872
2008-12-23,-1.7254442748655192
2008-12-24,-1.5945103018314883
2008-12-25,-1.465333082711396
2008-12-26,-1.3379126175052403
2008-12-27,-1.2122489062130228
2008-12-28,-1.0883419488347432
2008-12-29,-0.9661917453704009
2008-12-30,-0.8457982958199962
2008-12-31,-0.7271616001835295
2009-01-01,-0.6102816584610002
2009-01-02,-0.49515847065240864
2009-01-03,-0.38179203675775475
2009-01-04,-0.2701823567770385
2009-01-05,-0.16032943071025996
2009-01-06,-0.05223325855741904
2009-01-07,0.05410615968148428
2009-01-08,0.15868882400644987
2009-01-09,0.26151473441747786
2009-01-10,0.36258389091456816
2009-01-11,0.46189629349772077
2009-01-12,0.5594519421669358
2009-01-13,0.655250836922213
2009-01-14,0.7492929777635527
2009-01-15,0.8415783646909546
2009-01-16,0.9321069977044191
2009-01-17,1.0200699590271272
2009-01-18,1.1006137419981679
2009-01-19,1.1729294288407226
2009-01-20,1.2370170195547916
2009-01-21,1.2928765141403746
2009-01-22,1.340507912597472
2009-01-23,1.379911214926083
2009-01-24,1.4110864211262082
2009-01-25,1.4340335311978476
2009-01-26,1.4487525451410008
2009-01-27,1.4552434629556685
2009-01-28,1.45350628464185
2009-01-29,1.4435410101995456
2009-01-30,1.4253476396287554
2009-01-31,1.3989261729294789
2009-02-01,1.364276610101717
2009-02-02,1.3213989511454687
2009-02-03,1.2702931960607347
2009-02-04,1.2109593448475149
2009-02-05,1.143397397505809
2009-02-06,1.0676073540356172
2009-02-07,0.9835892144369395
2009-02-08,0.891342978709776
2009-02-09,0.7908686468541264
2009-02-10,0.6821662188699908
2009-02-11,0.5652356947573695
2009-02-12,0.4400770745162622
2009-02-13,0.30669035814666906
2009-02-14,0.16507554564858987
2009-02-15,0.01523263702202482
2009-02-16,-0.1335930265727375
2009-02-17,-0.272156103975408
2009-02-18,-0.40045659518598686
2009-02-19,-0.5184945002044741
2009-02-20,-0.6262698190308696
2009-02-21,-0.7237825516651739
2009-02-22,-0.8110326981073863
2009-02-23,-0.8880202583575071
2009-02-24,-0.9547452324155363
2009-02-25,-1.0112076202814735
2009-02-26,-1.0574074219553196
2009-02-27,-1.0933446374370734
2009-02-28,-1.1190192667267358
2009-03-01,-1.134431309824307
2009-03-02,-1.1395807667297864
2009-03-03,-1.1344676374431737
2009-03-04,-1.11909192196447
2009-03-05,-1.0934536202936742
2009-03-06,-1.057552732430787
2009-03-07,-1.0113892583758077
2009-03-08,-0.9549631981287375
2009-03-09,-0.8882745516895749
2009-03-10,-0.8113233190583213
2009-03-11,-0.7241095002349758
2009-03-12,-0.6266330952195385
2009-03-13,-0.5188941040120096
2009-03-14,-0.4008925266123894
2009-03-15,-0.27262836302067733
2009-03-16,-0.13410161323687353
2009-03-17,0.012286144797846425
2009-03-18,0.15212544343643042
2009-03-19,0.2830147047377025
2009-03-20,0.4049539287016629
2009-03-21,0.5179431153283122
2009-03-22,0.6219822646176498
2009-03-23,0.7170713765696759
2009-03-24,0.8032104511843904
2009-03-25,0.8803994884617933
2009-03-26,0.9486384884018844
2009-03-27,1.0079274510046647
2009-03-28,1.0582663762701328
2009-03-29,1.0996552641982897
2009-03-30,1.1320941147891348
2009-03-31,1.1555829280426686
2009-04-01,1.1701217039588907
2009-04-02,1.1757104425378009
2009-04-03,1.1723491437793998
2009-04-04,1.1600378076836877
2009-04-05,1.1387764342506634
2009-04-06,1.108565023480328
2009-04-07,1.0694035753726805
2009-04-08,1.0212920899277218
2009-04-09,0.9642305671454516
2009-04-10,0.8982190070258697
2009-04-11,0.8232574095689764
2009-04-12,0.7393457747747715
2009-04-13,0.646484102643255
2009-04-14,0.5446723931744267
2009-04-15,0.4339106463682872
2009-04-16,0.31419886222483606
2009-04-17,0.1925392606735943
2009-04-18,0.0759340616440824
2009-04-19,-0.03561673486369932
2009-04-20,-0.14211312884975053
2009-04-21,-0.24355512031407195
2009-04-22,-0.3399427092566632
2009-04-23,-0.43127589567752433
2009-04-24,-0.5175546795766552
2009-04-25,-0.5987790609540562
2009-04-26,-0.6749490398097271
2009-04-27,-0.7460646161436675
2009-04-28,-0.812125789955878
2009-04-29,-0.8731325612463584
2009-04-30,-0.9290849300151088
2009-05-01,-0.979982896262129
2009-05-02,-1.0258264599874187
2009-05-03,-1.0666156211909787
2009-05-04,-1.1023503798728085
2009-05-05,-1.133030736032908
2009-05-06,-1.1586566896712778
2009-05-07,-1.179228240787917
2009-05-08,-1.1947453893828264
2009-05-09,-1.2052081354560056
2009-05-10,-1.2106164790074543
2009-05-11,-1.2109704200371734
2009-05-12,-1.2062699585451622
2009-05-13,-1.1965150945314207
2009-05-14,-1.1817058279959494
2009-05-15,-1.1618421589387478
2009-05-16,-1.1369240873598159
2009-05-17,-1.1076084748556456
2009-05-18,-1.0778364910051874
2009-05-19,-1.0482649974049325
2009-05-20,-1.018893994054881
2009-05-21,-0.989723480955033
2009-05-22,-0.9607534581053884
2009-05-23,-0.9319839255059471
2009-05-24,-0.9034148831567097
2009-05-25,-0.8750463310576754
2009-05-26,-0.8468782692088447
2009-05-27,-0.8189106976102175
2009-05-28,-0.7911436162617936
2009-05-29,-0.7635770251635733
2009-05-30,-0.7362109243155565
2009-05-31,-0.7090453137177429
2009-06-01,-0.6820801933701328
2009-06-02,-0.6553155632727264
2009-06-03,-0.6287514234255234
2009-06-04,-0.6023877738285237
2009-06-05,-0.5762246144817277
2009-06-06,-0.550261945385135
2009-06-07,-0.5244997665387456
2009-06-08,-0.49893807794255995
2009-06-09,-0.4735768795965776
2009-06-10,-0.44841617150079877
2009-06-11,-0.42345595365522337
2009-06-12,-0.39869622605985144
2009-06-13,-0.3741369887146829
2009-06-14,-0.34977824161971793
2009-06-15,-0.32561998477495635
2009-06-16,-0.3016622181803983
2009-06-17,-0.27883712581621695
2009-06-18,-0.2580768916625856
2009-06-19,-0.23938151571950406
2009-06-20,-0.22275099798697262
2009-06-21,-0.20818533846499113
2009-06-22,-0.19568453715355963
2009-06-23,-0.18524859405267807
2009-06-24,-0.1768775091623465
2009-06-25,-0.17057128248256487
2009-06-26,-0.16632991401333325
2009-06-27,-0.16415340375465162
2009-06-28,-0.16404175170651994
2009-06-29,-0.1659949578689382
2009-06-30,-0.17001302224190648
2009-07-01,-0.1760959448254247
2009-07-02,-0.18424372561949293
2009-07-03,-0.19445636462411112
2009-07-04,-0.20673386183927925
2009-07-05,-0.22107621726499743
2009-07-06,-0.23748343090126547
2009-07-07,-0.25595550274808354
2009-07-08,-0.27649243280545166
2009-07-09,-0.29909422107336964
2009-07-10,-0.32376086755183764
2009-07-11,-0.35049237224085555
2009-07-12,-0.3792887351404235
2009-07-13,-0.4101499562505414
2009-07-14,-0.4430760355712093
2009-07-15,-0.4780669731024272
2009-07-16,-0.515122768844195
2009-07-17,-0.5539239877829231
2009-07-18,-0.5925540198370731
2009-07-19,-0.6306934299930558
2009-07-20,-0.6683422182508708
2009-07-21,-0.705500384610518
2009-07-22,-0.7421679290719976
2009-07-23,-0.7783448516353098
2009-07-24,-0.8140311523004541
2009-07-25,-0.849226831067431
2009-07-26,-0.88393188793624
2009-07-27,-0.9181463229068817
2009-07-28,-0.9518701359793557
2009-07-29,-0.9851033271536619
2009-07-30,-1.0178458964298005
2009-07-31,-1.0500978438077717
2009-08-01,-1.081859169287575
2009-08-02,-1.1131298728692107
2009-08-03,-1.143909954552679
2009-08-04,-1.1741994143379797
2009-08-05,-1.2039982522251127
2009-08-06,-1.2333064682140777
2009-08-07,-1.2621240623048753
2009-08-08,-1.2904510344975055
2009-08-09,-1.3182873847919678
2009-08-10,-1.3456331131882628
2009-08-11,-1.37248821968639
2009-08-12,-1.3988527042863494
2009-08-13,-1.4247265669881415
2009-08-14,-1.4501098077917656
2009-08-15,-1.4750024266972221
2009-08-16,-1.4994044237045114
2009-08-17,-1.5227738533552295
2009-08-18,-1.5418590428989567
2009-08-19,-1.5561180468772893
2009-08-20,-1.565550865290227
2009-08-21,-1.5701574981377713
2009-08-22,-1.5699379454199207
2009-08-23,-1.5648922071366758
2009-08-24,-1.5550202832880362
2009-08-25,-1.5403221738740027
2009-08-26,-1.5207978788945742
2009-08-27,-1.496447398349752
2009-08-28,-1.4672707322395349
2009-08-29,-1.4332678805639234
2009-08-30,-1.3944388433229178
2009-08-31,-1.3507836205165176
2009-09-01,-1.3023022121447232
2009-09-02,-1.248994618207534
2009-09-03,-1.1908608387049506
2009-09-04,-1.127900873636973
2009-09-05,-1.0601147230036008
2009-09-06,-0.9875023868048342
2009-09-07,-0.9100638650406733
2009-09-08,-0.8277991577111177
2009-09-09,-0.7407082648161679
2009-09-10,-0.648791186355824
2009-09-11,-0.5520479223300854
2009-09-12,-0.4504784727389523
2009-09-13,-0.3440828375824251
2009-09-14,-0.23286101686050328
2009-09-15,-0.11681301057318698
2009-09-16,0.004061181279523485
2009-09-17,0.12322255875281474
2009-09-18,0.23413212190187355
2009-09-19,0.3367898707266993
2009-09-20,0.4311958052272922
2009-09-21,0.5173499254036524
2009-09-22,0.5952522312557799
2009-09-23,0.6649027227836746
2009-09-24,0.7263013999873362
2009-09-25,0.7794482628667654
2009-09-26,0.8243433114219619
2009-09-27,0.8609865456529252
2009-09-28,0.889377965559656
2009-09-29,0.9095175711421538
2009-09-30,0.9214053624004193
2009-10-01,0.9250413393344518
2009-10-02,0.9204255019442511
2009-10-03,0.907557850229818
2009-10-04,0.886438384191152
2009-10-05,0.8570671038282531
2009-10-06,0.8194440091411217
2009-10-07,0.7735691001297572
2009-10-08,0.7194423767941603
2009-10-09,0.6570638391343303
2009-10-10,0.5864334871502676
2009-10-11,0.507551320841972
2009-10-12,0.4204173402094439
2009-10-13,0.325031545252683
2009-10-14,0.221393935971689
2009-10-15,0.10950451236646241
2009-10-16,-0.010636725562997017
2009-10-17,-0.13738548663538894
2009-10-18,-0.2608760237629125
2009-10-19,-0.3794640457642674
2009-10-20,-0.4931495526394536
2009-10-21,-0.601932544388471
2009-10-22,-0.7058130210113198
2009-10-23,-0.8047909825080002
2009-10-24,-0.8988664288785116
2009-10-25,-0.9880393601228549
2009-10-26,-1.072309776241029
2009-10-27,-1.1516776772330344
2009-10-28,-1.2261430630988714
2009-10-29,-1.2957059338385397
2009-10-30,-1.3603662894520394
2009-10-31,-1.42012412993937
2009-11-01,-1.4749794553005326
2009-11-02,-1.5249322655355264
2009-11-03,-1.5699825606443514
2009-11-04,-1.6101303406270078
2009-11-05,-1.6453756054834956
2009-11-06,-1.6757183552138144
2009-11-07,-1.7011585898179644
2009-11-08,-1.7216963092959465
2009-11-09,-1.7373315136477594
2009-11-10,-1.7480642028734037
2009-11-11,-1.7538943769728796
2009-11-12,-1.7548220359461866
2009-11-13,-1.7508471797933247
2009-11-14,-1.741969808514295
2009-11-15,-1.728189922109096
2009-11-16,-1.7095075205777284
2009-11-17,-1.6871998448247274
2009-11-18,-1.662544135754629
2009-11-19,-1.6355403933674313
2009-11-20,-1.6061886176631364
2009-11-21,-1.574488808641743
2009-11-22,-1.5404409663032514
2009-11-23,-1.5040450906476621
2009-11-24,-1.4653011816749746
2009-11-25,-1.4242092393851888
2009-11-26,-1.3807692637783051
2009-11-27,-1.3349812548543232
2009-11-28,-1.2868452126132435
2009-11-29,-1.2363611370550653
2009-11-30,-1.1835290281797894
2009-12-01,-1.1283488859874151
2009-12-02,-1.0708207104779426
2009-12-03,-1.0109445016513725
2009-12-04,-0.948720259507704
2009-12-05,-0.8841479840469375
2009-12-06,-0.8172276752690729
2009-12-07,-0.74795933317411
2009-12-08,-0.6763429577620491
2009-12-09,-0.6023785490328903
2009-12-10,-0.5260661069866334
2009-12-11,-0.4474056316232784
2009-12-12,-0.366397122942825
2009-12-13,-0.2830405809452739
2009-12-14,-0.19733600563062462
2009-12-15,-0.1092833969988769
2009-12-16,-0.01888275505003149
2009-12-17,0.07317379380029586
2009-12-18,0.16273349105840657
2009-12-19,0.24910421030868465
2009-12-20,0.3322859515511301
2009-12-21,0.41227871478574274
2009-12-22,0.48908250001252246
2009-12-23,0.5626973072314697
2009-12-24,0.633123136442584
2009-12-25,0.7003599876458656
2009-12-26,0.7644078608413146
2009-12-27,0.8252667560289306
2009-12-28,0.8829366732087139
2009-12-29,0.9374176123806645
2009-12-30,0.9887095735447824
2009-12-31,1.0368125567010675
2010-01-01,1.08172656184952
2010-01-02,1.1234515889901393
2010-01-03,1.1619876381229262
2010-01-04,1.1973347092478803
2010-01-05,1.2294928023650018
2010-01-06,1.2584619174742901
2010-01-07,1.284242054575746
2010-01-08,1.3068332136693692
2010-01-09,1.3262353947551597
2010-01-10,1.3424485978331173
2010-01-11,1.355472822903242
2010-01-12,1.365308069965534
2010-01-13,1.3719543390199933
2010-01-14,1.37541163006662
2010-01-15,1.3756799431054136
2010-01-16,1.3727592781363749
2010-01-17,1.3660952329570741
2010-01-18,1.3523613943529398
2010-01-19,1.3310033601215427
2010-01-20,1.3020211302628832
2010-01-21,1.2654147047769606
2010-01-22,1.2211840836637755
2010-01-23,1.1693292669233275
2010-01-24,1.109850254555617
2010-01-25,1.0427470465606439
2010-01-26,0.9680196429384076
2010-01-27,0.8856680436889091
2010-01-28,0.7956922488121477
2010-01-29,0.6980922583081237
2010-01-30,0.5928680721768368
2010-01-31,0.4800196904182873
2010-02-01,0.3595471130324753
2010-02-02,0.23145034001940032
2010-02-03,0.09572937137906262
2010-02-04,-0.047615792888537525
2010-02-05,-0.19858515278340066
2010-02-06,-0.3571787083055264
2010-02-07,-0.5233964594549151
2010-02-08,-0.6972384062315657
2010-02-09,-0.8787045486354795
2010-02-10,-1.0677948866666562
2010-02-11,-1.2645094203250953
2010-02-12,-1.4688481496107972
2010-02-13,-1.6808110745237619
2010-02-14,-1.900398195063989
2010-02-15,-2.127609511231479
2010-02-16,-2.350828761951312
2010-02-17,-2.55843968614857
2010-02-18,-2.750442283823251
2010-02-19,-2.9268365549753566
2010-02-20,-3.087622499604885
2010-02-21,-3.2328001177118386
2010-02-22,-3.362369409296216
2010-02-23,-3.476330374358018
2010-02-24,-3.5746830128972427
2010-02-25,-3.6574273249138916
2010-02-26,-3.7245633104079645
2010-02-27,-3.7760909693794615
2010-02-28,-3.812010301828382
2010-03-01,-3.832321307754728
2010-03-02,-3.837023987158497
2010-03-03,-3.8261183400396894
2010-03-04,-3.7996043663983063
2010-03-05,-3.7574820662343473
2010-03-06,-3.6997514395478124
2010-03-07,-3.626412486338701
2010-03-08,-3.537465206607014
2010-03-09,-3.4329096003527506
2010-03-10,-3.312745667575912
2010-03-11,-3.1769734082764964
2010-03-12,-3.025592822454505
2010-03-13,-2.8586039101099376
2010-03-14,-2.6760066712427943
2010-03-15,-2.477801105853075
2010-03-16,-2.26398721394078
2010-03-17,-2.0369056931978275
2010-03-18,-1.8106007297757323
2010-03-19,-1.5874130213664137
2010-03-20,-1.3673425679698712
2010-03-21,-1.150389369586105
2010-03-22,-0.936553426215115
2010-03-23,-0.7258347378569018
2010-03-24,-0.5182333045114647
2010-03-25,-0.31374912617880363
2010-03-26,-0.11238220285891899
2010-03-27,0.08586746544818918
2010-03-28,0.2809998787425213
2010-03-29,0.4730150370240768
2010-03-30,0.6619129402928559
2010-03-31,0.8476935885488591
2010-04-01,1.0303569817920857
2010-04-02,1.209903120022536
2010-04-03,1.38633200324021
2010-04-04,1.5596436314451079
2010-04-05,1.7298380046372293
2010-04-06,1.8969151228165742
2010-04-07,2.060874985983143
2010-04-08,2.2217175941369356
2010-04-09,2.3794429472779517
2010-04-10,2.5340510454061915
2010-04-11,2.685541888521655
2010-04-12,2.8339154766243424
2010-04-13,2.979171809714253
2010-04-14,3.1213108877913878
2010-04-15,3.260332710855746
2010-04-16,3.3962372789073276
2010-04-17,3.5240565129463897
2010-04-18,3.6388223339731884
2010-04-19,3.740534741987723
2010-04-20,3.8291937369899944
2010-04-21,3.9047993189800017
2010-04-22,3.967351487957746
2010-04-23,4.016850243923226
2010-04-24,4.053295586876443
2010-04-25,4.076687516817397
2010-04-26,4.087026033746086
2010-04-27,4.084311137662512
2010-04-28,4.068542828566675
2010-04-29,4.039721106458574
2010-04-30,3.9978459713382093
2010-05-01,3.9429174232055817
2010-05-02,3.874935462060689
2010-05-03,3.7939000879035345
2010-05-04,3.699811300734115
2010-05-05,3.592669100552432
2010-05-06,3.472473487358486
2010-05-07,3.3392244611522766
2010-05-08,3.1929220219338035
2010-05-09,3.0335661697030663
2010-05-10,2.8611569044600658
2010-05-11,2.6756942262048016
2010-05-12,2.4771781349372746
2010-05-13,2.2656086306574834
2010-05-14,2.0409857133654286
2010-05-15,1.80330938306111
2010-05-16,1.5525796397445277
2010-05-17,1.292248773681756
2010-05-18,1.043030526469234
2010-05-19,0.8083771883730363
2010-05-20,0.588288759393162
2010-05-21,0.38276523952961233
2010-05-22,0.19180662878238575
2010-05-23,0.01541292715148289
2010-05-24,-0.14641586536309548
2010-05-25,-0.29367974876135094
2010-05-26,-0.4263787230432818
2010-05-27,-0.5445127882088888
2010-05-28,-0.6480819442581724
2010-05-29,-0.7370861911911321
2010-05-30,-0.811525529007768
2010-05-31,-0.8713999577080798
2010-06-01,-0.916709477292068
2010-06-02,-0.9474540877597324
2010-06-03,-0.9636337891110728
2010-06-04,-0.9652485813460895
2010-06-05,-0.9522984644647825
2010-06-06,-0.9247834384671515
2010-06-07,-0.8827035033531965
2010-06-08,-0.8260586591229176
2010-06-09,-0.7548489057763155
2010-06-10,-0.6690742433133892
2010-06-11,-0.5687346717341389
2010-06-12,-0.4538301910385651
2010-06-13,-0.32436080122666733
2010-06-14,-0.18032650229844552
2010-06-15,-0.021727294253900215
2010-06-16,0.15143682290696892
2010-06-17,0.3265617133179352
2010-06-18,0.4910432411127722
2010-06-19,0.6448814062914796
2010-06-20,0.7880762088540573
2010-06-21,0.9206276488005055
2010-06-22,1.042535726130824
2010-06-23,1.153800440845013
2010-06-24,1.2544217929430728
2010-06-25,1.3443997824250027
2010-06-26,1.423734409290803
2010-06-27,1.492425673540474
2010-06-28,1.5504735751740153
2010-06-29,1.5978781141914271
2010-06-30,1.6346392905927098
2010-07-01,1.6607571043778622
2010-07-02,1.6762315555468852
2010-07-03,1.6810626440997793
2010-07-04,1.675250370036543
2010-07-05,1.6587947333571778
2010-07-06,1.6316957340616827
2010-07-07,1.593953372150058
2010-07-08,1.545567647622304
2010-07-09,1.4865385604784205
2010-07-10,1.4168661107184073
2010-07-11,1.3365502983422646
2010-07-12,1.245591123349992
2010-07-13,1.1439885857415903
2010-07-14,1.031742685517059
2010-07-15,0.9088534226763979
2010-07-16,0.7753207972196072
2010-07-17,0.6337984725562603
2010-07-18,0.5002084291437927
2010-07-19,0.37720433039177775
2010-07-20,0.2647861763002153
2010-07-21,0.16295396686910574
2010-07-22,0.07170770209844846
2010-07-23,-0.008952618011756378
2010-07-24,-0.07902699346150864
2010-07-25,-0.13851542425080846
2010-07-26,-0.18741791037965547
2010-07-27,-0.22573445184805002
2010-07-28,-0.253465048655992
2010-07-29,-0.27060970080348146
2010-07-30,-0.27716840829051853
2010-07-31,-0.27314117111710295
2010-08-01,-0.2585279892832348
2010-08-02,-0.2333288627889139
2010-08-03,-0.19754379163414063
2010-08-04,-0.15117277581891472
2010-08-05,-0.09421581534323666
2010-08-06,-0.026672910207105525
2010-08-07,0.051455939589477785
2010-08-08,0.14017073404651395
2010-08-09,0.23947147316400252
2010-08-10,0.3493581569419437
2010-08-11,0.46983078538033707
2010-08-12,0.6008893584791833
2010-08-13,0.742533876238482
2010-08-14,0.8947643386582332
2010-08-15,1.0575807457384372
2010-08-16,1.2309830974790936
2010-08-17,1.4124868637207824
2010-08-18,1.5871848635069818
2010-08-19,1.752592566678272
2010-08-20,1.9087099732346524
2010-08-21,2.055537083176124
2010-08-22,2.1930738965026864
2010-08-23,2.321320413214339
2010-08-24,2.4402766333110817
2010-08-25,2.549942556792916
2010-08-26,2.6503181836598393
2010-08-27,2.7414035139118553
2010-08-28,2.823198547548961
2010-08-29,2.895703284571157
2010-08-30,2.958917724978444
2010-08-31,3.0128418687708214
2010-09-01,3.0574757159482897
2010-09-02,3.0928192665108485
2010-09-03,3.1188725204584973
2010-09-04,3.135635477791238
2010-09-05,3.143108138509069
2010-09-06,3.1412905026119895
2010-09-07,3.130182570100001
2010-09-08,3.109784340973104
2010-09-09,3.0800958152312967
2010-09-10,3.0411169928745805
2010-09-11,2.992847873902955
2010-09-12,2.93528845831642
2010-09-13,2.8684387461149754
2010-09-14,2.7922987372986214
2010-09-15,2.706868431867358
2010-09-16,2.6121478298211853
2010-09-17,2.5135697846708727
2010-09-18,2.41656714992719
2010-09-19,2.321139925590136
2010-09-20,2.2272881116597127
2010-09-21,2.135011708135919
2010-09-22,2.0443107150187543
2010-09-23,1.9551851323082194
2010-09-24,1.867634960004314
2010-09-25,1.7816601981070384
2010-09-26,1.6972608466163925
2010-09-27,1.6144369055323762
2010-09-28,1.5331883748549897
2010-09-29,1.4535152545842323
2010-09-30,1.375417544720105
2010-10-01,1.298895245262607
2010-10-02,1.2239483562117388
2010-10-03,1.1505768775675
2010-10-04,1.0787808093298912
2010-10-05,1.0085601514989118
2010-10-06,0.939914904074562
2010-10-07,0.8728450670568418
2010-10-08,0.8073506404457513
2010-10-09,0.7434316242412904
2010-10-10,0.6810880184434591
2010-10-11,0.6203198230522574
2010-10-12,0.5611270380676855
2010-10-13,0.503509663489743
2010-10-14,0.4474676993184303
2010-10-15,0.3930011455537471
2010-10-16,0.34011000219569343
2010-10-17,0.28839181703250477
2010-10-18,0.23543187679359223
2010-10-19,0.18082772926719107
2010-10-20,0.12457937445330139
2010-10-21,0.0666868123519232
2010-10-22,0.00715004296305628
2010-10-23,-0.054030933713299235
2010-10-24,-0.11685611767714321
2010-10-25,-0.18132550892847593
2010-10-26,-0.2474391074672971
2010-10-27,-0.31519691329360694
2010-10-28,-0.3845989264074054
2010-10-29,-0.45564514680869234
2010-10-30,-0.5283355744974679
2010-10-31,-0.6026702094737321
2010-11-01,-0.6786490517374849
2010-11-02,-0.7562721012887262
2010-11-03,-0.835539358127456
2010-11-04,-0.9164508222536747
2010-11-05,-0.9990064936673818
2010-11-06,-1.0832063723685772
2010-11-07,-1.1690504583572614
2010-11-08,-1.2565387516334345
2010-11-09,-1.345671252197096
2010-11-10,-1.436447960048246
2010-11-11,-1.5288688751868846
2010-11-12,-1.622933997613012
2010-11-13,-1.7186433273266275
2010-11-14,-1.8159968643277322
2010-11-15,-1.9149946086163252
2010-11-16,-2.0156365601924064
2010-11-17,-2.1094507074054047
2010-11-18,-2.187965038604749
2010-11-19,-2.2511795537904375
2010-11-20,-2.2990942529624716
2010-11-21,-2.3317091361208506
2010-11-22,-2.3490242032655746
2010-11-23,-2.351039454396644
2010-11-24,-2.3377548895140587
2010-11-25,-2.309170508617818
2010-11-26,-2.2652863117079227
2010-11-27,-2.206102298784373
2010-11-28,-2.1316184698471683
2010-11-29,-2.0418348248963083
2010-11-30,-1.936751363931794
2010-12-01,-1.8163680869536247
2010-12-02,-1.6806849939618
2010-12-03,-1.529702084956321
2010-12-04,-1.3634193599371875
2010-12-05,-1.1818368189043986
2010-12-06,-0.9849544618579549
2010-12-07,-0.7727722887978565
2010-12-08,-0.5452902997241029
2010-12-09,-0.30250849463669505
2010-12-10,-0.04442687353563202
2010-12-11,0.22895456357908542
2010-12-12,0.5176358167074586
2010-12-13,0.8216168858494857
2010-12-14,1.140897771005168
2010-12-15,1.4754784721745056
2010-12-16,1.8253589893574977
2010-12-17,2.186189259208848
2010-12-18,2.5318689016567735
2010-12-19,2.8580478533559788
2010-12-20,3.1647261143064647
2010-12-21,3.45190368450823
2010-12-22,3.719580563961273
2010-12-23,3.9677567526655975
2010-12-24,4.1964322506212
2010-12-25,4.405607057828083
2010-12-26,4.595281174286244
2010-12-27,4.765454599995686
2010-12-28,4.916127334956407
2010-12-29,5.047299379168407
2010-12-30,5.158970732631688
2010-12-31,5.251141395346246
2011-01-01,5.323811367312086
2011-01-02,5.376980648529202
2011-01-03,5.4106492389976
2011-01-04,5.424817138717278
2011-01-05,5.419484347688234
2011-01-06,5.394650865910469
2011-01-07,5.350316693383985
2011-01-08,5.28648183010878
2011-01-09,5.203146276084855
2011-01-10,5.100310031312209
2011-01-11,4.9779730957908415
2011-01-12,4.836135469520754
2011-01-13,4.674797152501946
2011-01-14,4.4939581447344175
2011-01-15,4.293618446218168
2011-01-16,4.073778056953199
2011-01-17,3.8374892005776156
2011-01-18,3.6030652189200576
2011-01-19,3.3735583356186307
2011-01-20,3.1489685506733363
2011-01-21,2.9292958640841738
2011-01-22,2.714540275851143
2011-01-23,2.504701785974244
2011-01-24,2.2997803944534776
2011-01-25,2.099776101288842
2011-01-26,1.904688906480339
2011-01-27,1.7145188100279676
2011-01-28,1.529265811931728
2011-01-29,1.3489299121916205
2011-01-30,1.1735111108076441
2011-01-31,1.0030094077798002
2011-02-01,0.8374248031080883
2011-02-02,0.676757296792508
2011-02-03,0.5210068888330597
2011-02-04,0.3701735792297431
2011-02-05,0.2242573679825584
2011-02-06,0.08325825509150563
2011-02-07,-0.05282375944341544
2011-02-08,-0.18398867562220428
2011-02-09,-0.3102364934448615
2011-02-10,-0.4315672129113869
2011-02-11,-0.5479808340217804
2011-02-12,-0.6594773567760419
2011-02-13,-0.7660567811741716
2011-02-14,-0.8677191072161695
2011-02-15,-0.9644643349020355
2011-02-16,-1.0545462806044883
2011-02-17,-1.1362187606962464
2011-02-18,-1.20948177517731
2011-02-19,-1.2743353240476787
2011-02-20,-1.3307794073073527
2011-02-21,-1.3788140249563325
2011-02-22,-1.4184391769946176
2011-02-23,-1.449654863422208
2011-02-24,-1.472461084239104
2011-02-25,-1.4868578394453047
2011-02-26,-1.4928451290408111
2011-02-27,-1.490422953025623
2011-02-28,-1.4795913113997399
2011-03-01,-1.4603502041631624
2011-03-02,-1.4326996313158908
2011-03-03,-1.3966395928579238
2011-03-04,-1.3521700887892627
2011-03-05,-1.2992911191099064
2011-03-06,-1.2380026838198561
2011-03-07,-1.1683047829191107
2011-03-08,-1.0901974164076709
2011-03-09,-1.003680584285536
2011-03-10,-0.9087542865527072
2011-03-11,-0.8054185232091835
2011-03-12,-0.6936732942549649
2011-03-13,-0.5735185996900519
2011-03-14,-0.4449544395144442
2011-03-15,-0.3079808137281418
2011-03-16,-0.1625977223311449
2011-03-17,-0.010398796637270974
2011-03-18,0.13905417547057447
2011-03-19,0.2841675626785733
2011-03-20,0.4249413649867258
2011-03-21,0.5613755823950324
2011-03-22,0.6934702149034928
2011-03-23,0.8212252625121066
2011-03-24,0.9446407252208742
2011-03-25,1.0637166030297955
2011-03-26,1.1784528959388703
2011-03-27,1.2888496039480997
2011-03-28,1.394906727057482
2011-03-29,1.4966242652670183
2011-03-30,1.5940022185767082
2011-03-31,1.6870405869865521
2011-04-01,1.7757393704965498
2011-04-02,1.8600985691067007
2011-04-03,1.9401181828170055
2011-04-04,2.0157982116274646
2011-04-05,2.0871386555380766
2011-04-06,2.1541395145488424
2011-04-07,2.2168007886597625
2011-04-08,2.2751224778708363
2011-04-09,2.3291045821820635
2011-04-10,2.3787471015934445
2011-04-11,2.4240500361049793
2011-04-12,2.465013385716668
2011-04-13,2.5016371504285098
2011-04-14,2.533921330240506
2011-04-15,2.5618659251526554
2011-04-16,2.5854709351649587
2011-04-17,2.604670532068579
2011-04-18,2.6193988876546794
2011-04-19,2.6296560019232595
2011-04-20,2.6354418748743207
2011-04-21,2.636756506507861
2011-04-22,2.633599896823882
2011-04-23,2.625972045822383
2011-04-24,2.613872953503364
2011-04-25,2.5973026198668254
2011-04-26,2.576261044912767
2011-04-27,2.5507482286411887
2011-04-28,2.52076417105209
2011-04-29,2.4863088721454716
2011-04-30,2.447382331921334
2011-05-01,2.4039845503796764
2011-05-02,2.3561155275204984
2011-05-03,2.3037752633438005
2011-05-04,2.2469637578495827
2011-05-05,2.1856810110378455
2011-05-06,2.119927022908588
2011-05-07,2.0497017934618107
2011-05-08,1.9750053226975137
2011-05-09,1.8958376106156964
2011-05-10,1.8121986572163598
2011-05-11,1.724088462499503
2011-05-12,1.6315070264651266
2011-05-13,1.5344543491132303
2011-05-14,1.432930430443814
2011-05-15,1.3269352704568778
2011-05-16,1.2164688691524215
2011-05-17,1.102624433302631
2011-05-18,0.9919612035406181
2011-05-19,0.8855723866385683
2011-05-20,0.7834579825964814
2011-05-21,0.6856179914143582
2011-05-22,0.5920524130921977
2011-05-23,0.5027612476300002
2011-05-24,0.4177444950277661
2011-05-25,0.3370021552854947
2011-05-26,0.26053422840318674
2011-05-27,0.18834071438084182
2011-05-28,0.12042161321845993
2011-05-29,0.056776924916041235
2011-05-30,-0.002593350526414453
2011-05-31,-0.05768921310890694
2011-06-01,-0.1085106628314364
2011-06-02,-0.15505769969400277
2011-06-03,-0.197330323696606
2011-06-04,-0.23532853483924615
2011-06-05,-0.2690523331219232
2011-06-06,-0.29850171854463714
2011-06-07,-0.32367669110738795
2011-06-08,-0.34457725081017565
2011-06-09,-0.36120339765300036
2011-06-10,-0.37355513163586185
2011-06-11,-0.38163245275876034
2011-06-12,-0.3854353610216957
2011-06-13,-0.38496385642466785
2011-06-14,-0.380217938967677
2011-06-15,-0.37119760865072304
2011-06-16,-0.35790286547380595
2011-06-17,-0.33934126446357665
2011-06-18,-0.31452036064668604
2011-06-19,-0.283440154023134
2011-06-20,-0.24610064459292064
2011-06-21,-0.20250183235604582
2011-06-22,-0.15264371731250972
2011-06-23,-0.09652629946231224
2011-06-24,-0.03414957880545339
2011-06-25,0.03448644465806682
2011-06-26,0.10938177092824841
2011-06-27,0.1905364000050914
2011-06-28,0.2779503318885956
2011-06-29,0.3716235665787613
2011-06-30,0.4715561040755883
2011-07-01,0.5777479443790766
2011-07-02,0.6901990874892264
2011-07-03,0.8089095334060377
2011-07-04,0.93387928212951
2011-07-05,1.065108333659644
2011-07-06,1.2025966879964392
2011-07-07,1.3463443451398955
2011-07-08,1.496351305090014
2011-07-09,1.652617567846793
2011-07-10,1.8151431334102335
2011-07-11,1.9839280017803356
2011-07-12,2.1589721729570988
2011-07-13,2.3402756469405235
2011-07-14,2.5278384237306097
2011-07-15,2.7216605033273575
2011-07-16,2.921741885730766
2011-07-17,3.125855527483866
2011-07-18,3.3206391678448326
2011-07-19,3.503865763356698
2011-07-20,3.6755353140194607
2011-07-21,3.83564781983312
2011-07-22,3.9842032807976766
2011-07-23,4.121201696913131
2011-07-24,4.246643068179483
2011-07-25,4.360527394596733
2011-07-26,4.462854676164878
2011-07-27,4.553624912883922
2011-07-28,4.632838104753865
2011-07-29,4.700494251774702
2011-07-30,4.756593353946439
2011-07-31,4.8011354112690725
2011-08-01,4.834120423742602
2011-08-02,4.85554839136703
2011-08-03,4.865419314142355
2011-08-04,4.863733192068579
2011-08-05,4.8504900251456995
2011-08-06,4.8256898133737165
2011-08-07,4.789332556752631
2011-08-08,4.7414182552824435
2011-08-09,4.681946908963153
2011-08-10,4.61091851779476
2011-08-11,4.528333081777265
2011-08-12,4.434190600910666
2011-08-13,4.3284910751949655
2011-08-14,4.211234504630162
2011-08-15,4.082420889216254
2011-08-16,3.942050228953247
2011-08-17,3.7914648375768274
2011-08-18,3.63871859750115
2011-08-19,3.4851538224619047
2011-08-20,3.330770512459093
2011-08-21,3.1755686674927155
2011-08-22,3.0195482875627713
2011-08-23,2.8627093726692605
2011-08-24,2.705051922812183
2011-08-25,2.546575937991539
2011-08-26,2.3872814182073276
2011-08-27,2.227168363459551
2011-08-28,2.066236773748207
2011-08-29,1.9044866490732966
2011-08-30,1.7419179894348198
2011-08-31,1.578530794832776
2011-09-01,1.4143250652671655
2011-09-02,1.249300800737989
2011-09-03,1.0834580012452455
2011-09-04,0.9167966667889357
2011-09-05,0.7493167973690592
2011-09-06,0.5810183929856162
2011-09-07,0.4119014536386066
2011-09-08,0.24196597932803007
2011-09-09,0.07121197005388742
2011-09-10,-0.10036057418382185
2011-09-11,-0.27275165338509794
2011-09-12,-0.4459612675499404
2011-09-13,-0.6199894166783495
2011-09-14,-0.7948361007703255
2011-09-15,-0.9705013198258677
2011-09-16,-1.1469850738449765
2011-09-17,-1.3182784195128063
2011-09-18,-1.4783724135145122
2011-09-19,-1.6272670558500928
2011-09-20,-1.764962346519549
2011-09-21,-1.8914582855228805
2011-09-22,-2.0067548728600877
2011-09-23,-2.1108521085311702
2011-09-24,-2.203749992536128
2011-09-25,-2.285448524874962
2011-09-26,-2.355947705547671
2011-09-27,-2.415247534554255
2011-09-28,-2.463348011894715
2011-09-29,-2.5002491375690505
2011-09-30,-2.5259509115772616
2011-10-01,-2.540453333919348
2011-10-02,-2.5437564045953094
2011-10-03,-2.5358601236051466
2011-10-04,-2.516764490948859
2011-10-05,-2.4864695066264475
2011-10-06,-2.444975170637911
2011-10-07,-2.3922814829832495
2011-10-08,-2.3283884436624644
2011-10-09,-2.2532960526755543
2011-10-10,-2.167004310022519
2011-10-11,-2.0695132157033598
2011-10-12,-1.9608227697180765
2011-10-13,-1.8409329720666683
2011-10-14,-1.7098438227491355
2011-10-15,-1.567555321765478
2011-10-16,-1.414067469115696
2011-10-17,-1.2511714255258048
2011-10-18,-1.089614155351897
2011-10-19,-0.9311868193199875
2011-10-20,-0.7758894174300766
2011-10-21,-0.6237219496821643
2011-10-22,-0.4746844160762503
2011-10-23,-0.3287768166123348
2011-10-24,-0.1859991512904181
2011-10-25,-0.046351420110499385
2011-10-26,0.09016637692742026
2011-10-27,0.22355423982334155
2011-10-28,0.3538121685772645
2011-10-29,0.48094016318918875
2011-10-30,0.6049382236591145
2011-10-31,0.7258063499870417
2011-11-01,0.8435445421729706
2011-11-02,0.9581528002169011
2011-11-03,1.0696311241188328
2011-11-04,1.1779795138787659
2011-11-05,1.2831979694967006
2011-11-06,1.3852864909726368
2011-11-07,1.4842450783065744
2011-11-08,1.5800737314985138
2011-11-09,1.6727724505484545
2011-11-10,1.7623412354563965
2011-11-11,1.8487800862223402
2011-11-12,1.9320890028462856
2011-11-13,2.012267985328232
2011-11-14,2.08931703366818
2011-11-15,2.16323614786613
2011-11-16,2.2340253279220805
2011-11-17,2.3002231584037185
2011-11-18,2.360368223878728
2011-11-19,2.414460524347108
2011-11-20,2.46250005980886
2011-11-21,2.5044868302639833
2011-11-22,2.540420835712478
2011-11-23,2.5703020761543445
2011-11-24,2.594130551589582
2011-11-25,2.611906262018191
2011-11-26,2.6236292074401715
2011-11-27,2.6292993878555238
2011-11-28,2.628916803264248
2011-11-29,2.6224814536663423
2011-11-30,2.609993339061809
2011-12-01,2.5914524594506467
2011-12-02,2.5668588148328557
2011-12-03,2.536212405208437
2011-12-04,2.499513230577389
2011-12-05,2.456761290939713
2011-12-06,2.407956586295408
2011-12-07,2.3530991166444744
2011-12-08,2.2921888819869127
2011-12-09,2.2252258823227224
2011-12-10,2.152210117651903
2011-12-11,2.073141587974456
2011-12-12,1.9880202932903788
2011-12-13,1.8968462335996745
2011-12-14,1.7996194089023414
2011-12-15,1.6963398191983794
2011-12-16,1.587007464487789
2011-12-17,1.4730476122526428
2011-12-18,1.363011867385372
2011-12-19,1.2583254973680498
2011-12-20,1.1589885022006763
2011-12-21,1.0650008818832513
2011-12-22,0.9763626364157746
2011-12-23,0.8930737657982464
2011-12-24,0.8151342700306664
2011-12-25,0.7425441491130351
2011-12-26,0.6753034030453519
2011-12-27,0.6134120318276175
2011-12-28,0.5568700354598314
2011-12-29,0.5056774139419937
2011-12-30,0.4598341672741043
2011-12-31,0.4193402954561636
2012-01-01,0.3841957984881712
2012-01-02,0.3544006763701273
2012-01-03,0.3299549291020318
2012-01-04,0.31085855668388473
2012-01-05,0.29711155911568604
2012-01-06,0.2887139363974358
2012-01-07,0.28566568852913404
2012-01-08,0.2879668155107808
2012-01-09,0.29561731734237584
2012-01-10,0.3086171940239193
2012-01-11,0.3269664455554113
2012-01-12,0.3506650719368517
2012-01-13,0.3797130731682405
2012-01-14,0.4141104492495778
2012-01-15,0.4538572001808635
2012-01-16,0.4989533259620976
2012-01-17,0.5478366529682426
2012-01-18,0.5911341394490723
2012-01-19,0.6272836117795492
2012-01-20,0.6562850699596733
2012-01-21,0.6781385139894447
2012-01-22,0.6928439438688632
2012-01-23,0.700401359597929
2012-01-24,0.700810761176642
2012-01-25,0.6940721486050022
2012-01-26,0.6801855218830095
2012-01-27,0.6591508810106641
2012-01-28,0.6309682259879659
2012-01-29,0.5956375568149147
2012-01-30,0.5531588734915109
2012-01-31,0.5035321760177542
2012-02-01,0.4467574643936449
2012-02-02,0.3828347386191825
2012-02-03,0.3117639986943675
2012-02-04,0.23354524461919962
2012-02-05,0.14817847639367895
2012-02-06,0.055663694017805646
2012-02-07,-0.043999102508420644
2012-02-08,-0.1508099131849998
2012-02-09,-0.26476873801193157
2012-02-10,-0.38587557698921626
2012-02-11,-0.5141304301168536
2012-02-12,-0.6495332973948439
2012-02-13,-0.7920841788231869
2012-02-14,-0.9417830744018826
2012-02-15,-1.0986299841309315
2012-02-16,-1.260236552713913
2012-02-17,-1.4122726483723096
2012-02-18,-1.5523499158097007
2012-02-19,-1.680468355026087
2012-02-20,-1.7966279660214683
2012-02-21,-1.9008287487958446
2012-02-22,-1.993070703349216
2012-02-23,-2.073353829681582
2012-02-24,-2.141678127792943
2012-02-25,-2.198043597683299
2012-02-26,-2.24245023935265
2012-02-27,-2.274898052800996
2012-02-28,-2.2953870380283368
2012-02-29,-2.3039171950346726
2012-03-01,-2.300488523820003
2012-03-02,-2.285101024384329
2012-03-03,-2.2577546967276496
2012-03-04,-2.2184495408499654
2012-03-05,-2.1671855567512757
2012-03-06,-2.1039627444315814
2012-03-07,-2.0287811038908825
2012-03-08,-1.9416406351291773
2012-03-09,-1.8425413381464677
2012-03-10,-1.731483212942753
2012-03-11,-1.6084662595180335
2012-03-12,-1.4734904778723084
2012-03-13,-1.326555868005579
2012-03-14,-1.167662429917844
2012-03-15,-0.9968101636091041
2012-03-16,-0.8139990690793594
2012-03-17,-0.6216418438014953
2012-03-18,-0.4342146726128274
2012-03-19,-0.2541302529862424
2012-03-20,-0.08138858492173973
2012-03-21,0.08401033158068055
2012-03-22,0.2420664965210183
2012-03-23,0.39277990989927386
2012-03-24,0.5361505717154466
2012-03-25,0.6721784819695372
2012-03-26,0.8008636406615451
2012-03-27,0.9222060477914711
2012-03-28,1.0362057033593144
2012-03-29,1.142862607365075
2012-03-30,1.242176759808753
2012-03-31,1.3341481606903491
2012-04-01,1.4187768100098626
2012-04-02,1.4960627077672937
2012-04-03,1.5660058539626422
2012-04-04,1.6286062485959087
2012-04-05,1.6838638916670923
2012-04-06,1.7317787831761935
2012-04-07,1.7723509231232122
2012-04-08,1.8055803115081488
2012-04-09,1.8314669483310029
2012-04-10,1.8500108335917744
2012-04-11,1.8612119672904635
2012-04-12,1.8650703494270704
2012-04-13,1.8615859800015944
2012-04-14,1.8507588590140365
2012-04-15,1.8325889864643958
2012-04-16,1.8070763623526727
2012-04-17,1.7782237946424273
2012-04-18,1.750034091297219
2012-04-19,1.7225072523170475
2012-04-20,1.695643277701914
2012-04-21,1.6694421674518176
2012-04-22,1.6439039215667584
2012-04-23,1.6190285400467366
2012-04-24,1.594816022891752
2012-04-25,1.5712663701018046
2012-04-26,1.5483795816768948
2012-04-27,1.526155657617022
2012-04-28,1.5045945979221866
2012-04-29,1.4836964025923887
2012-04-30,1.463461071627628
2012-05-01,1.4438886050279045
2012-05-02,1.424979002793218
2012-05-03,1.4067322649235692
2012-05-04,1.3891483914189577
2012-05-05,1.3722273822793833
2012-05-06,1.3559692375048462
2012-05-07,1.3403739570953466
2012-05-08,1.3254415410508842
2012-05-09,1.311171989371459
2012-05-10,1.297565302057071
2012-05-11,1.2846214791077206
2012-05-12,1.2723405205234073
2012-05-13,1.2607224263041312
2012-05-14,1.2497671964498926
2012-05-15,1.2394748309606913
2012-05-16,1.229845329836527
2012-05-17,1.2208038378918427
2012-05-18,1.2119012240132914
2012-05-19,1.2030626330153154
2012-05-20,1.1942880648979148
2012-05-21,1.1855775196610898
2012-05-22,1.17693099730484
2012-05-23,1.1683484978291658
2012-05-24,1.1598300212340673
2012-05-25,1.1513755675195438
2012-05-26,1.1429851366855959
2012-05-27,1.1346587287322234
2012-05-28,1.1263963436594262
2012-05-29,1.1181979814672047
2012-05-30,1.1100636421555587
2012-05-31,1.1019933257244878
2012-06-01,1.0939870321739924
2012-06-02,1.0860447615040725
2012-06-03,1.0781665137147283
2012-06-04,1.0703522888059591
2012-06-05,1.0626020867777655
2012-06-06,1.0549159076301473
2012-06-07,1.0472937513631044
2012-06-08,1.0397356179766373
2012-06-09,1.0322415074707454
2012-06-10,1.024811419845429
2012-06-11,1.017445355100688
2012-06-12,1.0101433132365223
2012-06-13,1.0029052942529322
2012-06-14,0.9957312981499175
2012-06-15,0.9886213249274781
2012-06-16,0.9815753745856143
2012-06-17,0.97528373543551
2012-06-18,0.9704366957883496
2012-06-19,0.9670342556441325
2012-06-20,0.9650764150028592
2012-06-21,0.9645631738645297
2012-06-22,0.9654945322291437
2012-06-23,0.9678704900967017
2012-06-24,0.9716910474672031
2012-06-25,0.9769562043406482
2012-06-26,0.9836659607170372
2012-06-27,0.9918203165963697
2012-06-28,1.0014192719786459
2012-06-29,1.0124628268638658
2012-06-30,1.0249509812520294
2012-07-01,1.0388837351431368
2012-07-02,1.0542610885371877
2012-07-03,1.0710830414341825
2012-07-04,1.0893495938341207
2012-07-05,1.1090607457370028
2012-07-06,1.1302164971428286
2012-07-07,1.152816848051598
2012-07-08,1.1768617984633112
2012-07-09,1.2023513483779678
2012-07-10,1.229285497795568
2012-07-11,1.2576642467161123
2012-07-12,1.2874875951396
2012-07-13,1.3187555430660316
2012-07-14,1.351468090495407
2012-07-15,1.3856252374277258
2012-07-16,1.4212269838629883
2012-07-17,1.4578712455442675
2012-07-18,1.4931455169299996
2012-07-19,1.5266477137632588
2012-07-20,1.558377836044044
2012-07-21,1.5883358837723551
2012-07-22,1.6165218569481925
2012-07-23,1.642935755571557
2012-07-24,1.667577579642447
2012-07-25,1.690447329160864
2012-07-26,1.7115450041268063
2012-07-27,1.7308706045402757
2012-07-28,1.7484241304012713
2012-07-29,1.764205581709793
2012-07-30,1.7782149584658409
2012-07-31,1.790452260669415
2012-08-01,1.8009174883205157
2012-08-02,1.8096106414191422
2012-08-03,1.8165317199652955
2012-08-04,1.8216807239589754
2012-08-05,1.8250576534001812
2012-08-06,1.8266625082889127
2012-08-07,1.8264952886251709
2012-08-08,1.8245559944089558
2012-08-09,1.8208446256402666
2012-08-10,1.8153611823191038
2012-08-11,1.8081056644454674
2012-08-12,1.7990780720193569
2012-08-13,1.7882784050407732
2012-08-14,1.7757066635097154
2012-08-15,1.7613628474261838
2012-08-16,1.7452469567901792
2012-08-17,1.726932402746789
2012-08-18,1.7038596521665472
2012-08-19,1.6756021161945425
2012-08-20,1.6421597948307742
2012-08-21,1.6035326880752434
2012-08-22,1.5597207959279495
2012-08-23,1.5107241183888926
2012-08-24,1.4565426554580727
2012-08-25,1.39717640713549
2012-08-26,1.3326253734211435
2012-08-27,1.2628895543150347
2012-08-28,1.1879689498171628
2012-08-29,1.1078635599275275
2012-08-30,1.0225733846461296
2012-08-31,0.9320984239729685
2012-09-01,0.836438677908044
2012-09-02,0.7355941464513571
2012-09-03,0.6295648296029069
2012-09-04,0.5183507273626938
2012-09-05,0.4019518397307177
2012-09-06,0.2803681667069785
2012-09-07,0.15359970829147618
2012-09-08,0.021646464484210738
2012-09-09,-0.11549156471481753
2012-09-10,-0.25781437930560885
2012-09-11,-0.40532197928816305
2012-09-12,-0.5580143646624804
2012-09-13,-0.7158915354285607
2012-09-14,-0.8789534915864042
2012-09-15,-1.0472002331360108
2012-09-16,-1.2206317600773802
2012-09-17,-1.3887825621717997
2012-09-18,-1.5411871291805572
2012-09-19,-1.6778454611036522
2012-09-20,-1.7987575579410844
2012-09-21,-1.903923419692854
2012-09-22,-1.9933430463589616
2012-09-23,-2.0670164379394067
2012-09-24,-2.1249435944341895
2012-09-25,-2.1671245158433092
2012-09-26,-2.1935592021667674
2012-09-27,-2.2042476534045625
2012-09-28,-2.1991898695566956
2012-09-29,-2.1783858506231653
2012-09-30,-2.1418355966039737
2012-10-01,-2.0895391074991196
2012-10-02,-2.021496383308602
2012-10-03,-1.9377074240324232
2012-10-04,-1.8381722296705811
2012-10-05,-1.722890800223077
2012-10-06,-1.59186313568991
2012-10-07,-1.445089236071081
2012-10-08,-1.2825691013665896
2012-10-09,-1.104302731576435
2012-10-10,-0.9102901267006185
2012-10-11,-0.7005312867391393
2012-10-12,-0.47502621169199816
2012-10-13,-0.23377490155919461
2012-10-14,0.023222643659271625
2012-10-15,0.2959664239634004
2012-10-16,0.5844564393531917
2012-10-17,0.8841369135657406
2012-10-18,1.16767318902362
2012-10-19,1.430509489463925
2012-10-20,1.6726458148866554
2012-10-21,1.8940821652918114
2012-10-22,2.094818540679393
2012-10-23,2.2748549410494
2012-10-24,2.4341913664018335
2012-10-25,2.5728278167366927
2012-10-26,2.6907642920539763
2012-10-27,2.7880007923536865
2012-10-28,2.864537317635822
2012-10-29,2.9203738679003832
2012-10-30,2.95551044314737
2012-10-31,2.969947043376782
2012-11-01,2.9636836685886196
2012-11-02,2.9367203187828848
2012-11-03,2.889056993959574
2012-11-04,2.8206936941186886
2012-11-05,2.7316304192602296
2012-11-06,2.6218671693841955
2012-11-07,2.491403944490587
2012-11-08,2.3402407445794045
2012-11-09,2.168377569650648
2012-11-10,1.9758144197043164
2012-11-11,1.762551294740411
2012-11-12,1.5285881947589308
2012-11-13,1.2739251197598762
2012-11-14,0.9985620697432475
2012-11-15,0.7024990447090445
2012-11-16,0.3857360446572673
2012-11-17,0.06826338059594769
2012-11-18,-0.22992863646688333
2012-11-19,-0.5088400065312247
2012-11-20,-0.7684707295970763
2012-11-21,-1.0088208056644383
2012-11-22,-1.2298902347333114
2012-11-23,-1.4316790168036946
2012-11-24,-1.6141871518755884
2012-11-25,-1.7774146399489932
2012-11-26,-1.9213614810239086
2012-11-27,-2.046027675100334
2012-11-28,-2.1514132221782707
2012-11-29,-2.2375181222577174
2012-11-30,-2.3043423753386754
2012-12-01,-2.3518859814211437
2012-12-02,-2.3801489405051215
2012-12-03,-2.3891312525906114
2012-12-04,-2.3788329176776113
2012-12-05,-2.3492539357661215
2012-12-06,-2.3003943068561425
2012-12-07,-2.232254030947674
2012-12-08,-2.144833108040716
2012-12-09,-2.038131538135269
2012-12-10,-1.9121493212313325
2012-12-11,-1.766886457328907
2012-12-12,-1.6023429464279906
2012-12-13,-1.4185187885285864
2012-12-14,-1.215413983630692
2012-12-15,-0.9930285317343079
2012-12-16,-0.7513624328394347
2012-12-17,-0.4943125642223109
2012-12-18,-0.24526018954036638
2012-12-19,-0.008102186069840617
2012-12-20,0.21716144618926742
2012-12-21,0.4305307072369572
2012-12-22,0.632005597073228
2012-12-23,0.8215861156980814
2012-12-24,0.9992722631115163
2012-12-25,1.1650640393135332
2012-12-26,1.3189614443041318
2012-12-27,1.4609644780833118
2012-12-28,1.5910731406510739
2012-12-29,1.7092874320074174
2012-12-30,1.8156073521523433
2012-12-31,1.9100329010858506
2013-01-01,1.9925640788079395
2013-01-02,2.06320088531861
2013-01-03,2.121943320617863
2013-01-04,2.168791384705697
2013-01-05,2.2037450775821137
2013-01-06,2.226804399247111
2013-01-07,2.2379693497006907
2013-01-08,2.2372399289428526
2013-01-09,2.2246161369735957
2013-01-10,2.200097973792921
2013-01-11,2.1636854394008274
2013-01-12,2.1153785337973163
2013-01-13,2.0551772569823865
2013-01-14,1.9830816089560386
2013-01-15,1.899091589718272
2013-01-16,1.8032071992690881
2013-01-17,1.6967201471094582
2013-01-18,1.587380690245222
2013-01-19,1.4764805381773514
2013-01-20,1.3640196909058477
2013-01-21,1.24999814843071
2013-01-22,1.1344159107519385
2013-01-23,1.0172729778695329
2013-01-24,0.898569349783494
2013-01-25,0.7783050264938212
2013-01-26,0.6564800080005145
2013-01-27,0.5330942943035741
2013-01-28,0.40814788540299984
2013-01-29,0.2816407812987918
2013-01-30,0.15357298199094988
2013-01-31,0.023944487479474263
2013-02-01,-0.107244702235635
2013-02-02,-0.2399945871543782
2013-02-03,-0.374305167276755
2013-02-04,-0.5101764426027657
2013-02-05,-0.6476084131324105
2013-02-06,-0.7866010788656888
2013-02-07,-0.9271544398026009
2013-02-08,-1.0692684959431464
2013-02-09,-1.212943247287326
2013-02-10,-1.3581786938351397
2013-02-11,-1.5049748355865868
2013-02-12,-1.6533316725416678
2013-02-13,-1.8032492047003825
2013-02-14,-1.9547274320627313
2013-02-15,-2.1077663546287138
2013-02-16,-2.25477228312048
2013-02-17,-2.3881515282601815
2013-02-18,-2.5079040900478162
2013-02-19,-2.6140299684833868
2013-02-20,-2.706529163566891
2013-02-21,-2.7854016752983304
2013-02-22,-2.8506475036777044
2013-02-23,-2.902266648705013
2013-02-24,-2.940259110380256
2013-02-25,-2.9646248887034328
2013-02-26,-2.9753639836745442
2013-02-27,-2.9724763952935906
2013-02-28,-2.955962123560571
2013-03-01,-2.9258211684754865
2013-03-02,-2.882053530038337
2013-03-03,-2.8246592082491215
2013-03-04,-2.7536382031078404
2013-03-05,-2.6689905146144937
2013-03-06,-2.570716142769082
2013-03-07,-2.458815087571604
2013-03-08,-2.333287349022062
2013-03-09,-2.194132927120453
2013-03-10,-2.041351821866779
2013-03-11,-1.8749440332610403
2013-03-12,-1.6949095613032352
2013-03-13,-1.5012484059933648
2013-03-14,-1.2939605673314294
2013-03-15,-1.0730460453174282
2013-03-16,-0.8385048399513613
2013-03-17,-0.5934080378728048
2013-03-18,-0.3561821589192131
2013-03-19,-0.12989828973016138
2013-03-20,0.08544356969434973
2013-03-21,0.2898434193543214
2013-03-22,0.48330125924975265
2013-03-23,0.6658170893806437
2013-03-24,0.8373909097469943
2013-03-25,0.9980227203488049
2013-03-26,1.1477125211860748
2013-03-27,1.2864603122588054
2013-03-28,1.414266093566995
2013-03-29,1.5311298651106449
2013-03-30,1.6370516268897544
2013-03-31,1.732031378904324
2013-04-01,1.816069121154353
2013-04-02,1.8891648536398418
2013-04-03,1.9513185763607903
2013-04-04,2.0025302893171992
2013-04-05,2.0427999925090674
2013-04-06,2.0721276859363957
2013-04-07,2.0905133695991833
2013-04-08,2.0979570434974315
2013-04-09,2.094458707631139
2013-04-10,2.080018362000306
2013-04-11,2.0546360066049334
2013-04-12,2.0183116414450204
2013-04-13,1.9710452665205669
2013-04-14,1.9128368818315737
2013-04-15,1.8436864873780396
2013-04-16,1.763594083159966
2013-04-17,1.6782790885041272
2013-04-18,1.593460922737299
2013-04-19,1.50913958585948
2013-04-20,1.4253150778706722
2013-04-21,1.3419873987708746
2013-04-22,1.2591565485600869
2013-04-23,1.1768225272383097
2013-04-24,1.0949853348055427
2013-04-25,1.0136449712617859
2013-04-26,0.9328014366070394
2013-04-27,0.8524547308413034
2013-04-28,0.7726048539645775
2013-04-29,0.6932518059768618
2013-04-30,0.6143955868781564
2013-05-01,0.5360361966684614
2013-05-02,0.45817363534777644
2013-05-03,0.3808079029161019
2013-05-04,0.3039389993734376
2013-05-05,0.22756692471978357
2013-05-06,0.15169167895513966
2013-05-07,0.07631326207950614
2013-05-08,0.0014316740928829064
2013-05-09,-0.07295308500473023
2013-05-10,-0.14684101521333287
2013-05-11,-0.22023211653292543
2013-05-12,-0.2931263889635077
2013-05-13,-0.36552383250507947
2013-05-14,-0.43742444715764117
2013-05-15,-0.5088282329211926
2013-05-16,-0.5797351897957338
2013-05-17,-0.6498859443890285
2013-05-18,-0.7177242563476599
2013-05-19,-0.7829907522793916
2013-05-20,-0.8456854321842237
2013-05-21,-0.9058082960621563
2013-05-22,-0.9633593439131891
2013-05-23,-1.0183385757373224
2013-05-24,-1.0707459915345565
2013-05-25,-1.1205815913048909
2013-05-26,-1.1678453750483253
2013-05-27,-1.2125373427648605
2013-05-28,-1.254657494454496
2013-05-29,-1.294205830117232
2013-05-30,-1.3311823497530684
2013-05-31,-1.365587053362005
2013-06-01,-1.397419940944042
2013-06-02,-1.4266810124991798
2013-06-03,-1.4533702680274179
2013-06-04,-1.4774877075287562
2013-06-05,-1.4990333310031951
2013-06-06,-1.5180071384507343
2013-06-07,-1.5344091298713738
2013-06-08,-1.548239305265114
2013-06-09,-1.5594976646319547
2013-06-10,-1.5681842079718955
2013-06-11,-1.5742989352849368
2013-06-12,-1.5778418465710786
2013-06-13,-1.5788129418303207
2013-06-14,-1.5772122210626636
2013-06-15,-1.5730396842681065
2013-06-16,-1.56629533144665
2013-06-17,-1.5567002345809535
2013-06-18,-1.5439754656536766
2013-06-19,-1.5281210246648187
2013-06-20,-1.5091369116143811
2013-06-21,-1.4870231265023623
2013-06-22,-1.4617796693287635
2013-06-23,-1.433406540093584
2013-06-24,-1.401903738796824
2013-06-25,-1.3672712654384835
2013-06-26,-1.329509120018563
2013-06-27,-1.2886173025370615
2013-06-28,-1.24459581299398
2013-06-29,-1.1974446513893175
2013-06-30,-1.147163817723075
2013-07-01,-1.0937533119952518
2013-07-02,-1.0372131342058482
2013-07-03,-0.9775432843548639
2013-07-04,-0.9147437624422994
2013-07-05,-0.8488145684681543
2013-07-06,-0.7797557024324288
2013-07-07,-0.7075671643351227
2013-07-08,-0.632248954176236
2013-07-09,-0.5538010719557692
2013-07-10,-0.47222351767372184
2013-07-11,-0.38751629133009385
2013-07-12,-0.2996793929248854
2013-07-13,-0.20871282245809664
2013-07-14,-0.11461657992972739
2013-07-15,-0.017390665339777362
2013-07-16,0.08296492131175288
2013-07-17,0.1851158436762294
2013-07-18,0.2810560836618474
2013-07-19,0.36945130491997286
2013-07-20,0.4503015074506055
2013-07-21,0.5236066912537454
2013-07-22,0.5893668563293926
2013-07-23,0.6475820026775472
2013-07-24,0.698252130298209
2013-07-25,0.7413772391913784
2013-07-26,0.7769573293570546
2013-07-27,0.8049924007952384
2013-07-28,0.8254824535059295
2013-07-29,0.838427487489128
2013-07-30,0.8438275027448336
2013-07-31,0.8416824992730466
2013-08-01,0.8319924770737668
2013-08-02,0.8147574361469943
2013-08-03,0.7899773764927291
2013-08-04,0.7576522981109716
2013-08-05,0.7177822010017212
2013-08-06,0.6703670851649778
2013-08-07,0.6154069506007418
2013-08-08,0.552901797309013
2013-08-09,0.4828516252897919
2013-08-10,0.40525643454307786
2013-08-11,0.3201162250688713
2013-08-12,0.22743099686717178
2013-08-13,0.12720074993797964
2013-08-14,0.019425484281294907
2013-08-15,-0.09589480010288266
2013-08-16,-0.2187601032145529
2013-08-17,-0.34685757414907725
2013-08-18,-0.46631010747862417
2013-08-19,-0.5748048522985552
2013-08-20,-0.6723418086088698
2013-08-21,-0.7589209764095691
2013-08-22,-0.834542355700652
2013-08-23,-0.899205946482119
2013-08-24,-0.9529117487539701
2013-08-25,-0.9956597625162051
2013-08-26,-1.027449987768824
2013-08-27,-1.0482824245118272
2013-08-28,-1.0581570727452143
2013-08-29,-1.0570739324689855
2013-08-30,-1.0450330036831408
2013-08-31,-1.02203428638768
2013-09-01,-0.988077780582603
2013-09-02,-0.9431634862679101
2013-09-03,-0.8872914034436014
2013-09-04,-0.8204615321096767
2013-09-05,-0.742673872266136
2013-09-06,-0.6539284239129792
2013-09-07,-0.5542251870502064
2013-09-08,-0.44356416167781776
2013-09-09,-0.32194534779581313
2013-09-10,-0.18936874540419255
2013-09-11,-0.04583435450295599
2013-09-12,0.10865782490789673
2013-09-13,0.27410779282836517
2013-09-14,0.45051554925844983
2013-09-15,0.6378810941981506
2013-09-16,0.8362044276474669
2013-09-17,1.0347911719160172
2013-09-18,1.2229469493134204
2013-09-19,1.4006717598396745
2013-09-20,1.567965603494781
2013-09-21,1.7248284802787395
2013-09-22,1.87126039019155
2013-09-23,2.0072613332332123
2013-09-24,2.132831309403727
2013-09-25,2.2479703187030937
2013-09-26,2.3526783611313125
2013-09-27,2.4469554366883823
2013-09-28,2.530801545374305
2013-09-29,2.6042166871890795
2013-09-30,2.6672008621327064
2013-10-01,2.719754070205185
2013-10-02,2.7618763114065152
2013-10-03,2.7935675857366977
2013-10-04,2.8148278931957322
2013-10-05,2.8256572337836188
2013-10-06,2.8260556075003573
2013-10-07,2.816023014345947
2013-10-08,2.79555945432039
2013-10-09,2.7646649274236847
2013-10-10,2.7233394336558305
2013-10-11,2.6715829730168292
2013-10-12,2.60939554550668
2013-10-13,2.5367771511253827
2013-10-14,2.453727789872937
2013-10-15,2.360247461749344
2013-10-16,2.256336166754602
2013-10-17,2.1434535801097443
2013-10-18,2.0303577531409593
2013-10-19,1.9185083610692797
2013-10-20,1.8079054038947049
2013-10-21,1.6985488816172356
2013-10-22,1.5904387942368707
2013-10-23,1.4835751417536107
2013-10-24,1.3779579241674558
2013-10-25,1.2735871414784057
2013-10-26,1.1704627936864607
2013-10-27,1.0685848807916207
2013-10-28,0.9679534027938853
2013-10-29,0.8685683596932551
2013-10-30,0.7704297514897298
2013-10-31,0.6735375781833094
2013-11-01,0.5778918397739938
2013-11-02,0.4834925362617834
2013-11-03,0.39033966764667805
2013-11-04,0.2984332339286772
2013-11-05,0.20777323510778165
2013-11-06,0.118359671183991
2013-11-07,0.030192542157305116
2013-11-08,-0.056728151972275785
2013-11-09,-0.14240241120475167
2013-11-10,-0.22683023554012263
2013-11-11,-0.31001162497838874
2013-11-12,-0.3919465795195498
2013-11-13,-0.4726350991636059
2013-11-14,-0.5520771839105573
2013-11-15,-0.6302728337604036
2013-11-16,-0.7072220487131448
2013-11-17,-0.7784293685495512
2013-11-18,-0.8393993330503933
2013-11-19,-0.8901319422156702
2013-11-20,-0.9306271960453825
2013-11-21,-0.96088509453953
2013-11-22,-0.9809056376981128
2013-11-23,-0.9906888255211308
2013-11-24,-0.990234658008584
2013-11-25,-0.9795431351604725
2013-11-26,-0.9586142569767966
2013-11-27,-0.9274480234575556
2013-11-28,-0.8860444346027502
2013-11-29,-0.8344034904123796
2013-11-30,-0.7725251908864447
2013-12-01,-0.7004095360249447
2013-12-02,-0.6180565258278801
2013-12-03,-0.5254661602952508
2013-12-04,-0.4226384394270569
2013-12-05,-0.309573363223298
2013-12-06,-0.18627093168397463
2013-12-07,-0.05273114480908625
2013-12-08,0.09104599740136689
2013-12-09,0.24506049494738447
2013-12-10,0.409312347828967
2013-12-11,0.5838015560461141
2013-12-12,0.7685281195988262
2013-12-13,0.9634920384871026
2013-12-14,1.1686933127109442
2013-12-15,1.3841319422703506
2013-12-16,1.6098079271653214
2013-12-17,1.8425648566352093
2013-12-18,2.063464266116124
2013-12-19,2.2693497448474194
2013-12-20,2.460221292829094
2013-12-21,2.63607891006115
2013-12-22,2.7969225965435838
2013-12-23,2.9427523522763983
2013-12-24,3.0735681772595926
2013-12-25,3.1893700714931668
2013-12-26,3.2901580349771207
2013-12-27,3.375932067711454
2013-12-28,3.4466921696961674
2013-12-29,3.5024383409312607
2013-12-30,3.5431705814167342
2013-12-31,3.5688888911525867
2014-01-01,3.5795932701388193
2014-01-02,3.5752837183754314
2014-01-03,3.5559602358624236
2014-01-04,3.521622822599796
2014-01-05,3.4722714785875484
2014-01-06,3.4079062038256787
2014-01-07,3.3285269983141905
2014-01-08,3.2341338620530826
2014-01-09,3.124726795042353
2014-01-10,3.0003057972820044
2014-01-11,2.860870868772035
2014-01-12,2.706422009512445
2014-01-13,2.536959219503235
2014-01-14,2.3524824987444055
2014-01-15,2.1529918472359553
2014-01-16,1.938487264977885
2014-01-17,1.7116603350794486
2014-01-18,1.4886605561961714
2014-01-19,1.2721795114373076
2014-01-20,1.0622172008028572
2014-01-21,0.8587736242928209
2014-01-22,0.6618487819071972
2014-01-23,0.47144267364598713
2014-01-24,0.28755529950919084
2014-01-25,0.11018665949680775
2014-01-26,-0.06066324639116181
2014-01-27,-0.22499441815471802
2014-01-28,-0.38280685579386065
2014-01-29,-0.53410055930859
2014-01-30,-0.678875528698906
2014-01-31,-0.8171317639648082
2014-02-01,-0.9488692651062972
2014-02-02,-1.0740880321233728
2014-02-03,-1.1927880650160345
2014-02-04,-1.3049693637842832
2014-02-05,-1.4106319284281188
2014-02-06,-1.5097757589475405
2014-02-07,-1.6024008553425488
2014-02-08,-1.6885072176131433
2014-02-09,-1.7680948457593249
2014-02-10,-1.8411637397810927
2014-02-11,-1.9077138996784473
2014-02-12,-1.9677453254513884
2014-02-13,-2.021258017099916
2014-02-14,-2.0682519746240304
2014-02-15,-2.108727198023731
2014-02-16,-2.1421199988424573
2014-02-17,-2.1678666886236484
2014-02-18,-2.1859672673673036
2014-02-19,-2.196421735073423
2014-02-20,-2.1992300917420073
2014-02-21,-2.1943923373730563
2014-02-22,-2.1819084719665693
2014-02-23,-2.161778495522548
2014-02-24,-2.13400240804099
2014-02-25,-2.0985802095218964
2014-02-26,-2.0555118999652673
2014-02-27,-2.004797479371103
2014-02-28,-1.9464369477394035
2014-03-01,-1.880430305070168
2014-03-02,-1.806777551363398
2014-03-03,-1.7254786866190912
2014-03-04,-1.6365337108372497
2014-03-05,-1.5399426240178722
2014-03-06,-1.4357054261609594
2014-03-07,-1.3238221172665108
2014-03-08,-1.2042926973345272
2014-03-09,-1.0771171663650076
2014-03-10,-0.9422955243579533
2014-03-11,-0.7998277713133627
2014-03-12,-0.649713907231237
2014-03-13,-0.4919539321115757
2014-03-14,-0.32654784595437875
2014-03-15,-0.15349564875964636
2014-03-16,0.027202659472621637
2014-03-17,0.2138772920410877
2014-03-18,0.3965095287377286
2014-03-19,0.573429582861207
2014-03-20,0.7446374544115225
2014-03-21,0.910133143388676
2014-03-22,1.0699166497926669
2014-03-23,1.223987973623495
2014-03-24,1.372347114881161
2014-03-25,1.5149940735656646
2014-03-26,1.651928849677005
2014-03-27,1.7831514432151838
2014-03-28,1.9086618541801996
2014-03-29,2.0284600825720527
2014-03-30,2.1425461283907437
2014-03-31,2.250919991636272
2014-04-01,2.353581672308638
2014-04-02,2.450531170407841
2014-04-03,2.541768485933882
2014-04-04,2.627293618886761
2014-04-05,2.707106569266476
2014-04-06,2.7812073370730297
2014-04-07,2.84959592230642
2014-04-08,2.912272324966649
2014-04-09,2.9692365450537146
2014-04-10,3.020488582567618
2014-04-11,3.0660284375083586
2014-04-12,3.105856109875937
2014-04-13,3.1399715996703526
2014-04-14,3.1683749068916063
2014-04-15,3.191066031539697
2014-04-16,3.208044973614625
2014-04-17,3.2176879810443375
2014-04-18,3.21837130175678
2014-04-19,3.210094935751952
2014-04-20,3.1928588830298557
2014-04-21,3.1666631435904886
2014-04-22,3.1315077174338524
2014-04-23,3.087392604559946
2014-04-24,3.03431780496877
2014-04-25,2.972283318660324
2014-04-26,2.9012891456346086
2014-04-27,2.821335285891623
2014-04-28,2.7324217394313686
2014-04-29,2.6345485062538434
2014-04-30,2.527715586359049
2014-05-01,2.411922979746985
2014-05-02,2.287170686417651
2014-05-03,2.153458706371047
2014-05-04,2.0107870396071736
2014-05-05,1.8591556861260308
2014-05-06,1.6985646459276176
2014-05-07,1.5290139190119347
2014-05-08,1.3505035053789827
2014-05-09,1.1630334050287603
2014-05-10,0.9666036179612681
2014-05-11,0.7612141441765067
2014-05-12,0.5468649836744752
2014-05-13,0.32355613645517434
2014-05-14,0.0912876025186032
2014-05-15,-0.1499406181352372
2014-05-16,-0.4001285255063478
2014-05-17,-0.6558589733524254
2014-05-18,-0.896629084219655
2014-05-19,-1.1190217118657342
2014-05-20,-1.3230368562906631
2014-05-21,-1.508674517494441
2014-05-22,-1.6759346954770684
2014-05-23,-1.8248173902385456
2014-05-24,-1.9553226017788723
2014-05-25,-2.0674503300980493
2014-05-26,-2.1612005751960743
2014-05-27,-2.2365733370729495
2014-05-28,-2.2935686157286743
2014-05-29,-2.332186411163249
2014-05-30,-2.3524267233766727
2014-05-31,-2.3542895523689458
2014-06-01,-2.3377748981400677
2014-06-02,-2.302882760690041
2014-06-03,-2.249613140018863
2014-06-04,-2.177966036126534
2014-06-05,-2.087941449013055
2014-06-06,-1.979539378678425
2014-06-07,-1.852759825122645
2014-06-08,-1.7076027883457137
2014-06-09,-1.544068268347633
2014-06-10,-1.3621562651284014
2014-06-11,-1.1618667786880192
2014-06-12,-0.9431998090264865
2014-06-13,-0.7061553561438034
2014-06-14,-0.45073342003996947
2014-06-15,-0.17693400071498547
2014-06-16,0.11524290183114871
2014-06-17,0.40963881634719046
2014-06-18,0.6900952715818973
2014-06-19,0.9566122675352687
2014-06-20,1.209189804207304
2014-06-21,1.447827881598004
2014-06-22,1.6725264997073679
2014-06-23,1.883285658535397
2014-06-24,2.0801053580820903
2014-06-25,2.262985598347448
2014-06-26,2.4319263793314705
2014-06-27,2.586927701034157
2014-06-28,2.727989563455508
2014-06-29,2.855111966595524
2014-06-30,2.9682949104542042
2014-07-01,3.0675383950315496
2014-07-02,3.1528424203275573
2014-07-03,3.2242069863422316
2014-07-04,3.2816320930755696
2014-07-05,3.325117740527572
2014-07-06,3.3546639286982387
2014-07-07,3.3702706575875703
2014-07-08,3.3719379271955665
2014-07-09,3.3596657375222265
2014-07-10,3.333454088567551
2014-07-11,3.293302980331541
2014-07-12,3.239212412814194
2014-07-13,3.171182386015513
2014-07-14,3.0892128999354957
2014-07-15,2.9933039545741424
2014-07-16,2.883455549931454
2014-07-17,2.7615004884339234
2014-07-18,2.6384355846405083
2014-07-19,2.5160936409777026
2014-07-20,2.394474657445506
2014-07-21,2.2735786340439175
2014-07-22,2.153405570772939
2014-07-23,2.033955467632569
2014-07-24,1.915228324622808
2014-07-25,1.797224141743656
2014-07-26,1.6799429189951125
2014-07-27,1.563384656377179
2014-07-28,1.447549353889854
2014-07-29,1.3324370115331379
2014-07-30,1.2180476293070308
2014-07-31,1.1043812072115329
2014-08-01,0.9914377452466436
2014-08-02,0.8792172434123635
2014-08-03,0.7677197017086925
2014-08-04,0.6569451201356303
2014-08-05,0.5468934986931774
2014-08-06,0.4375648373813331
2014-08-07,0.328959136200098
2014-08-08,0.22107639514947172
2014-08-09,0.1139166142294546
2014-08-10,0.007479793440046309
2014-08-11,-0.09823406721875279
2014-08-12,-0.20322496774694304
2014-08-13,-0.30749290814452424
2014-08-14,-0.41103788841149647
2014-08-15,-0.5138599085478598
2014-08-16,-0.615958968553614
2014-08-17,-0.716143904863797
2014-08-18,-0.8072677360886342
2014-08-19,-0.8881392986631634
2014-08-20,-0.9587585925873843
2014-08-21,-1.0191256178612975
2014-08-22,-1.0692403744849024
2014-08-23,-1.1091028624581993
2014-08-24,-1.1387130817811881
2014-08-25,-1.1580710324538688
2014-08-26,-1.167176714476241
2014-08-27,-1.166030127848306
2014-08-28,-1.1546312725700627
2014-08-29,-1.132980148641511
2014-08-30,-1.1010767560626515
2014-08-31,-1.058921094833484
2014-09-01,-1.006513164954008
2014-09-02,-0.9438529664242243
2014-09-03,-0.8709404992441323
2014-09-04,-0.7877757634137325
2014-09-05,-0.6943587589330247
2014-09-06,-0.5906894858020084
2014-09-07,-0.4767679440206843
2014-09-08,-0.35259413358905206
2014-09-09,-0.21816805450711177
2014-09-10,-0.07348970677486358
2014-09-11,0.08144090960769296
2014-09-12,0.2466237946405574
2014-09-13,0.4220589483237297
2014-09-14,0.6077463706572106
2014-09-15,0.8036860616409993
2014-09-16,1.009878021275096
2014-09-17,1.2165635849750014
2014-09-18,1.4139840881562171
2014-09-19,1.6021395308187418
2014-09-20,1.781029912962576
2014-09-21,1.95065523458772
2014-09-22,2.111015495694174
2014-09-23,2.262110696281937
2014-09-24,2.4039408363510097
2014-09-25,2.536505915901392
2014-09-26,2.659805934933085
2014-09-27,2.773840893446086
2014-09-28,2.8786107914403978
2014-09-29,2.9741156289160187
2014-09-30,3.06035540587295
2014-10-01,3.1373301223111905
2014-10-02,3.2050397782307396
2014-10-03,3.2634843736315995
2014-10-04,3.3126639085137684
2014-10-05,3.352578382877247
2014-10-06,3.3832277967220357
2014-10-07,3.4046121500481332
2014-10-08,3.416731442855541
2014-10-09,3.4195856751442584
2014-10-10,3.413174846914284
2014-10-11,3.397498958165621
2014-10-12,3.3725580088982676
2014-10-13,3.338351999112223
2014-10-14,3.2948809288074883
2014-10-15,3.2421447979840634
2014-10-16,3.1801436066419475
2014-10-17,3.1097578108817947
2014-10-18,3.036270147307522
2014-10-19,2.960561072019782
2014-10-20,2.8826305850185747
2014-10-21,2.802478686303901
2014-10-22,2.720105375875759
2014-10-23,2.6355106537341504
2014-10-24,2.5486945198790756
2014-10-25,2.459656974310533
2014-10-26,2.368398017028523
2014-10-27,2.2749176480330466
2014-10-28,2.1792158673241024
2014-10-29,2.0812926749016913
2014-10-30,1.9811480707658133
2014-10-31,1.8787820549164682
2014-11-01,1.774194627353656
2014-11-02,1.6673857880773768
2014-11-03,1.5583555370876305
2014-11-04,1.447103874384417
2014-11-05,1.3336307999677361
2014-11-06,1.2179363138375885
2014-11-07,1.1000204159939737
2014-11-08,0.9798831064368917
2014-11-09,0.8575243851663429
2014-11-10,0.7329442521823266
2014-11-11,0.6061427074848434
2014-11-12,0.47711975107389326
2014-11-13,0.3458753829494759
2014-11-14,0.2124096031115914
2014-11-15,0.0767224115602399
2014-11-16,-0.06118619170457862
2014-11-17,-0.19547438272719395
2014-11-18,-0.3203003375519359
2014-11-19,-0.4356640561788041
2014-11-20,-0.5415655386077985
2014-11-21,-0.6380047848389195
2014-11-22,-0.7249817948721667
2014-11-23,-0.8024965687075404
2014-11-24,-0.8705491063450406
2014-11-25,-0.9291394077846671
2014-11-26,-0.9782674730264199
2014-11-27,-1.0179333020702992
2014-11-28,-1.048136894916305
2014-11-29,-1.068878251564437
2014-11-30,-1.0801573720146957
2014-12-01,-1.0819742562670804
2014-12-02,-1.0743289043215913
2014-12-03,-1.0572213161782293
2014-12-04,-1.0306514918369933
2014-12-05,-0.9946194312978837
2014-12-06,-0.9491251345609006
2014-12-07,-0.8941686016260438
2014-12-08,-0.8297498324933134
2014-12-09,-0.7558688271627093
2014-12-10,-0.6725255856342317
2014-12-11,-0.5797201079078805
2014-12-12,-0.4774523939836555
2014-12-13,-0.3657224438615574
2014-12-14,-0.24453025754158536
2014-12-15,-0.11387583502373941
2014-12-16,0.026240823691979914
2014-12-17,0.17392470184271452
2014-12-18,0.31780569885131427
2014-12-19,0.4559887979549213
2014-12-20,0.5884739991535356
2014-12-21,0.715261302447157
2014-12-22,0.8363507078357851
2014-12-23,0.9517422153194209
2014-12-24,1.0614358248980633
2014-12-25,1.1654315365717132
2014-12-26,1.2637293503403702
2014-12-27,1.3563292662040338
2014-12-28,1.4432312841627049
2014-12-29,1.524435404216383
2014-12-30,1.5999416263650685
2014-12-31,1.669749950608761
2015-01-01,1.7338603769474603
2015-01-02,1.7922729053811668
2015-01-03,1.8449875359098802
2015-01-04,1.8920042685336014
2015-01-05,1.9333231032523293
2015-01-06,1.9689440400660638
2015-01-07,1.9988670789748062
2015-01-08,2.0230922199785555
2015-01-09,2.041619463077312
2015-01-10,2.0544488082710757
2015-01-11,2.061580255559846
2015-01-12,2.0630138049436235
2015-01-13,2.058749456422408
2015-01-14,2.0487872099962003
2015-01-15,2.033127065664999
2015-01-16,2.0117690234288053
2015-01-17,1.9853716132816197
2015-01-18,1.9578860151874524
2015-01-19,1.929970759140304
2015-01-20,1.901625845140175
2015-01-21,1.8728512731870655
2015-01-22,1.8436470432809757
2015-01-23,1.814013155421904
2015-01-24,1.7839496096098526
2015-01-25,1.7534564058448199
2015-01-26,1.7225335441268068
2015-01-27,1.6911810244558132
2015-01-28,1.6593988468318388
2015-01-29,1.6271870112548834
2015-01-30,1.5945455177249477
2015-01-31,1.5614743662420305
2015-02-01,1.5279735568061334
2015-02-02,1.4940430894172554
2015-02-03,1.4596829640753965
2015-02-04,1.4248931807805572
2015-02-05,1.389673739532737
2015-02-06,1.354024640331936
2015-02-07,1.3179458831781545
2015-02-08,1.281437468071392
2015-02-09,1.2444993950116492
2015-02-10,1.2071316639989254
2015-02-11,1.1693342750332212
2015-02-12,1.131107228114536
2015-02-13,1.0924505232428703
2015-02-14,1.0533641604182238
2015-02-15,1.0138481396405967
2015-02-16,0.9752522850822761
2015-02-17,0.9389264209155499
2015-02-18,0.9048705471404178
2015-02-19,0.8730846637568799
2015-02-20,0.8435687707649361
2015-02-21,0.8163228681645864
2015-02-22,0.7913469559558313
2015-02-23,0.7686410341386701
2015-02-24,0.748205102713103
2015-02-25,0.7300391616791302
2015-02-26,0.7141432110367514
2015-02-27,0.7005172507859669
2015-02-28,0.6891612809267766
2015-03-01,0.6800753014591805
2015-03-02,0.6732593123831786
2015-03-03,0.6687133136987709
2015-03-04,0.6664373054059571
2015-03-05,0.6664312875047377
2015-03-06,0.6686952599951125
2015-03-07,0.6732292228770814
2015-03-08,0.6800331761506445
2015-03-09,0.6891071198158017
2015-03-10,0.7004510538725534
2015-03-11,0.714064978320899
2015-03-12,0.7299488931608387
2015-03-13,0.7481027983923727
2015-03-14,0.7685266940155009
2015-03-15,0.7912205800302233
2015-03-16,0.8161844564365399
2015-03-17,0.84323678029394
2015-03-18,0.8712882939593605
2015-03-19,0.9001574544922906
2015-03-20,0.9298442618927302
2015-03-21,0.9603487161606797
2015-03-22,0.9916708172961389
2015-03-23,1.0238105652991079
2015-03-24,1.0567679601695863
2015-03-25,1.0905430019075748
2015-03-26,1.1251356905130725
2015-03-27,1.1605460259860805
2015-03-28,1.1967740083265976
2015-03-29,1.2338196375346246
2015-03-30,1.2716829136101615
2015-03-31,1.310363836553208
2015-04-01,1.349862406363764
2015-04-02,1.3901786230418298
2015-04-03,1.4313124865874052
2015-04-04,1.4732639970004908
2015-04-05,1.5160331542810856
2015-04-06,1.55961995842919
2015-04-07,1.6040244094448042
2015-04-08,1.6492465073279285
2015-04-09,1.6952862520785623
2015-04-10,1.7421436436967055
2015-04-11,1.7898186821823585
2015-04-12,1.8383113675355216
2015-04-13,1.8876216997561939
2015-04-14,1.9377496788443762
2015-04-15,1.988695304800068
2015-04-16,2.0404585776232693
2015-04-17,2.086543467381703
2015-04-18,2.1204539441430916
2015-04-19,2.142190007907433
2015-04-20,2.15175165867473
2015-04-21,2.1491388964449807
2015-04-22,2.134351721218186
2015-04-23,2.1073901329943463
2015-04-24,2.0682541317734597
2015-04-25,2.0169437175555283
2015-04-26,1.953458890340551
2015-04-27,1.8777996501285281
2015-04-28,1.7899659969194592
2015-04-29,1.6899579307133448
2015-04-30,1.5777754515101854
2015-05-01,1.4534185593099802
2015-05-02,1.3168872541127283
2015-05-03,1.1681815359184315
2015-05-04,1.007301404727089
2015-05-05,0.834246860538701
2015-05-06,0.6490179033532669
2015-05-07,0.45161453317078737
2015-05-08,0.24203674999126276
2015-05-09,0.02028455381469142
2015-05-10,-0.21364205535892455
2015-05-11,-0.459743077529587
2015-05-12,-0.7180185126972948
2015-05-13,-0.9884683608620478
2015-05-14,-1.2710926220238468
2015-05-15,-1.5658912961826916
2015-05-16,-1.872864383338582
2015-05-17,-2.1874189408272393
2015-05-18,-2.4819973126629913
2015-05-19,-2.7520065561815583
2015-05-20,-2.9974466713829417
2015-05-21,-3.218317658267141
2015-05-22,-3.414619516834155
2015-05-23,-3.5863522470839855
2015-05-24,-3.7335158490166322
2015-05-25,-3.856110322632095
2015-05-26,-3.954135667930372
2015-05-27,-4.027591884911465
2015-05-28,-4.076478973575374
2015-05-29,-4.1007969339220995
2015-05-30,-4.10054576595164
2015-05-31,-4.075725469663996
2015-06-01,-4.026336045059168
2015-06-02,-3.9523774921371566
2015-06-03,-3.8538498108979606
2015-06-04,-3.730753001341579
2015-06-05,-3.5830870634680148
2015-06-06,-3.4108519972772653
2015-06-07,-3.2140478027693313
2015-06-08,-2.9926744799442133
2015-06-09,-2.7467320288019117
2015-06-10,-2.4762204493424256
2015-06-11,-2.181139741565755
2015-06-12,-1.8614899054718999
2015-06-13,-1.5172709410608614
2015-06-14,-1.148482848332638
2015-06-15,-0.7551256272872302
2015-06-16,-0.3371992779246389
2015-06-17,0.0823320720286068
2015-06-18,0.4805042948459769
2015-06-19,0.8573173905274709
2015-06-20,1.212771359073088
2015-06-21,1.546866200482829
2015-06-22,1.8596019147566945
2015-06-23,2.1509785018946834
2015-06-24,2.420995961896796
2015-06-25,2.6696542947630335
2015-06-26,2.8969535004933946
2015-06-27,3.1028935790878784
2015-06-28,3.287474530546487
2015-06-29,3.4506963548692196
2015-06-30,3.5925590520560764
2015-07-01,3.713062622107056
2015-07-02,3.81220706502216
2015-07-03,3.8899923808013885
2015-07-04,3.9464185694447402
2015-07-05,3.9814856309522155
2015-07-06,3.9951935653238158
2015-07-07,3.9875423725595387
2015-07-08,3.9585320526593866
2015-07-09,3.908162605623358
2015-07-10,3.8364340314514527
2015-07-11,3.7433463301436722
2015-07-12,3.628899501700014
2015-07-13,3.4930935461204813
2015-07-14,3.3359284634050725
2015-07-15,3.157404253553786
2015-07-16,2.9575209165666245
2015-07-17,2.73990178222695
2015-07-18,2.5262868292349365
2015-07-19,2.320299387373947
2015-07-20,2.121939456643982
2015-07-21,1.931207037045041
2015-07-22,1.7481021285771243
2015-07-23,1.5726247312402324
2015-07-24,1.404774845034364
2015-07-25,1.2445524699595198
2015-07-26,1.0919576060157
2015-07-27,0.9469902532029045
2015-07-28,0.8096504115211334
2015-07-29,0.6799380809703863
2015-07-30,0.5578532615506632
2015-07-31,0.44339595326196457
2015-08-01,0.3365661561042902
2015-08-02,0.23736387007763995
2015-08-03,0.145789095182014
2015-08-04,0.06184183141741217
2015-08-05,-0.014477921216165479
2015-08-06,-0.08317016271871876
2015-08-07,-0.14423489309024787
2015-08-08,-0.19767211233075285
2015-08-09,-0.24348182044023353
2015-08-10,-0.28166401741869
2015-08-11,-0.31221870326612233
2015-08-12,-0.33514587798253037
2015-08-13,-0.35044554156791424
2015-08-14,-0.35811769402227384
2015-08-15,-0.3581623353456092
2015-08-16,-0.35057946553792046
2015-08-17,-0.3353678866043062
2015-08-18,-0.31252041057535934
2015-08-19,-0.28203583945617855
2015-08-20,-0.24391417324676382
2015-08-21,-0.19815541194711525
2015-08-22,-0.14475955555723288
2015-08-23,-0.08372660407711652
2015-08-24,-0.015056557506766323
2015-08-25,0.06125058415381771
2015-08-26,0.1451948209046357
2015-08-27,0.23677615274568753
2015-08-28,0.3359945796769734
2015-08-29,0.4428501016984929
2015-08-30,0.5573427188102463
2015-08-31,0.6794724310122338
2015-09-01,0.8092392383044551
2015-09-02,0.9466431406869102
2015-09-03,1.0916841381595992
2015-09-04,1.2443622307225222
2015-09-05,1.404677418375679
2015-09-06,1.5726297011190693
2015-09-07,1.748219078952694
2015-09-08,1.9314455518765528
2015-09-09,2.122309119890645
2015-09-10,2.3208097829949708
2015-09-11,2.5269475411895312
2015-09-12,2.740722394474325
2015-09-13,2.9621343428493527
2015-09-14,3.191183386314615
2015-09-15,3.4278695248701103
2015-09-16,3.6721927585158394
2015-09-17,3.911898140817141
2015-09-18,4.134730725339353
2015-09-19,4.340690512082473
2015-09-20,4.529777501046503
2015-09-21,4.701991692231443
2015-09-22,4.857333085637293
2015-09-23,4.995801681264052
2015-09-24,5.117397479111722
2015-09-25,5.2221204791803
2015-09-26,5.309970681469791
2015-09-27,5.380948085980188
2015-09-28,5.435052692711497
2015-09-29,5.472284501663714
2015-09-30,5.492643512836843
2015-10-01,5.496129726230881
2015-10-02,5.482743141845828
2015-10-03,5.452483759681685
2015-10-04,5.4053515797384515
2015-10-05,5.341346602016127
2015-10-06,5.260468826514714
2015-10-07,5.162718253234209
2015-10-08,5.048094882174616
2015-10-09,4.91659871333593
2015-10-10,4.768229746718155
2015-10-11,4.602987982321289
2015-10-12,4.420873420145335
2015-10-13,4.221886060190289
2015-10-14,4.006025902456153
2015-10-15,3.773292946942926
2015-10-16,3.523687193650609
2015-10-17,3.2606025651160833
2015-10-18,3.00440259656063
2015-10-19,2.758481210521132
2015-10-20,2.5228384069975873
2015-10-21,2.297474185989998
2015-10-22,2.082388547498361
2015-10-23,1.877581491522679
2015-10-24,1.6830530180629526
2015-10-25,1.4988031271191784
2015-10-26,1.3248318186913592
2015-10-27,1.1611390927794945
2015-10-28,1.0077249493835836
2015-10-29,0.8645893885036269
2015-10-30,0.7317324101396244
2015-10-31,0.6091540142915765
2015-11-01,0.4968542009594822
2015-11-02,0.39483297014334234
2015-11-03,0.30309032184315676
2015-11-04,0.2216262560589251
2015-11-05,0.15044077279064783
2015-11-06,0.08953387203832482
2015-11-07,0.03890555380195591
2015-11-08,-0.0014441819184587434
2015-11-09,-0.03151533512291937
2015-11-10,-0.05130790581142572
2015-11-11,-0.06082189398397776
2015-11-12,-0.06005729964057576
2015-11-13,-0.04901412278121953
2015-11-14,-0.02769236340590907
2015-11-15,0.003907978485355513
2015-11-16,0.04578690289257431
2015-11-17,0.09265787926485392
2015-11-18,0.13923437705130107
2015-11-19,0.18551639625191566
2015-11-20,0.23150393686669765
2015-11-21,0.2771969988956471
2015-11-22,0.322595582338764
2015-11-23,0.3676996871960484
2015-11-24,0.41250931346750025
2015-11-25,0.4570244611531195
2015-11-26,0.5012451302529063
2015-11-27,0.5451713207668606
2015-11-28,0.5888030326949822
2015-11-29,0.6321402660372714
2015-11-30,0.675183020793728
2015-12-01,0.7179312969643521
2015-12-02,0.7603850945491436
2015-12-03,0.8025444135481028
2015-12-04,0.844409253961229
2015-12-05,0.885979615788523
2015-12-06,0.9272554990299844
2015-12-07,0.9682369036856131
2015-12-08,1.0089238297554095
2015-12-09,1.0493162772393732
2015-12-10,1.0894142461375045
2015-12-11,1.129217736449803
2015-12-12,1.168726748176269
2015-12-13,1.2079412813169028
2015-12-14,1.2468613358717038
2015-12-15,1.2854869118406724
2015-12-16,1.3238180092238083
2015-12-17,1.361273821089153
2015-12-18,1.3943695058449534
2015-12-19,1.4225242565592515
2015-12-20,1.4457380732320473
2015-12-21,1.4640109558633398
2015-12-22,1.47734290445313
2015-12-23,1.4857339190014176
2015-12-24,1.4891839995082023
2015-12-25,1.4876931459734846
2015-12-26,1.4812613583972638
2015-12-27,1.4698886367795407
2015-12-28,1.4535749811203151
2015-12-29,1.4323203914195863
2015-12-30,1.4061248676773552
2015-12-31,1.3749884098936214
2016-01-01,1.3389110180683848
2016-01-02,1.2978926922016454
2016-01-03,1.2519334322934037
2016-01-04,1.2010332383436593
2016-01-05,1.1451921103524123
2016-01-06,1.0844100483196621
2016-01-07,1.01868705224541
2016-01-08,0.9480231221296544
2016-01-09,0.8724182579723967
2016-01-10,0.7918724597736363
2016-01-11,0.706385727533373
2016-01-12,0.6159580612516071
2016-01-13,0.5205894609283387
2016-01-14,0.4202799265635677
2016-01-15,0.3150294581572938
2016-01-16,0.20483805570951732
2016-01-17,0.09085696641452647
2016-01-18,-0.020006326561948867
2016-01-19,-0.12660057602562053
2016-01-20,-0.22892578197648836
2016-01-21,-0.3269819444145526
2016-01-22,-0.42076906333981284
2016-01-23,-0.5102871387522695
2016-01-24,-0.5955361706519224
2016-01-25,-0.6765161590387716
2016-01-26,-0.7532271039128168
2016-01-27,-0.8256690052740586
2016-01-28,-0.8938418631224966
2016-01-29,-0.9577456774581304
2016-01-30,-1.017380448280961
2016-01-31,-1.0727461755909875
2016-02-01,-1.1238428593882104
2016-02-02,-1.1706704996726296
2016-02-03,-1.213229096444245
2016-02-04,-1.2515186497030566
2016-02-05,-1.2855391594490646
2016-02-06,-1.3152906256822687
2016-02-07,-1.3407730484026694
2016-02-08,-1.361986427610266
2016-02-09,-1.378930763305059
2016-02-10,-1.391606055487048
2016-02-11,-1.4000123041562333
2016-02-12,-1.404149509312615
2016-02-13,-1.404017670956193
2016-02-14,-1.399616789086967
2016-02-15,-1.3909468637049374
2016-02-16,-1.377665414593092
2016-02-17,-1.3577175604493583
2016-02-18,-1.330760821056724
2016-02-19,-1.2967951964151898
2016-02-20,-1.2558206865247552
2016-02-21,-1.20783729138542
2016-02-22,-1.1528450109971846
2016-02-23,-1.0908438453600486
2016-02-24,-1.0218337944740123
2016-02-25,-0.9458148583390756
2016-02-26,-0.8627870369552387
2016-02-27,-0.7727503303225013
2016-02-28,-0.6757047384408634
2016-02-29,-0.5716502613103255
2016-03-01,-0.4605868989308867
2016-03-02,-0.3425146513025482
2016-03-03,-0.21743351842530884
2016-03-04,-0.08534350029916928
2016-03-05,0.053755403075870664
2016-03-06,0.19986319169981093
2016-03-07,0.35297986557265143
2016-03-08,0.5131054246943925
2016-03-09,0.6802398690650341
2016-03-10,0.8543831986845756
2016-03-11,1.0355354135530177
2016-03-12,1.2236965136703604
2016-03-13,1.4188664990366031
2016-03-14,1.6210453696517466
2016-03-15,1.83023312551579
2016-03-16,2.046429766628734
2016-03-17,2.2665058256020507
2016-03-18,2.471684498104575
2016-03-19,2.658836316747778
2016-03-20,2.8279612815316604
2016-03-21,2.9790593924562234
2016-03-22,3.1121306495214647
2016-03-23,3.227175052727386
2016-03-24,3.3241926020739867
2016-03-25,3.4031832975612675
2016-03-26,3.4641471391892265
2016-03-27,3.5070841269578663
2016-03-28,3.5319942608671844
2016-03-29,3.5388775409171824
2016-03-30,3.5277339671078596
2016-03-31,3.498563539439217
2016-04-01,3.4513662579112534
2016-04-02,3.386142122523969
2016-04-03,3.302891133277365
2016-04-04,3.20161329017144
2016-04-05,3.0823085932061947
2016-04-06,2.9449770423816286
2016-04-07,2.7896186376977417
2016-04-08,2.6162333791545347
2016-04-09,2.4248212667520073
2016-04-10,2.215382300490159
2016-04-11,1.9879164803689906
2016-04-12,1.7424238063885011
2016-04-13,1.478904278548692
2016-04-14,1.1973578968495615
2016-04-15,0.8977846612911105
2016-04-16,0.5801845718733394
2016-04-17,0.2614062976908008
2016-04-18,-0.04170149216195379
2016-04-19,-0.3291387976849233
2016-04-20,-0.6009056188781071
2016-04-21,-0.8570019557415063
2016-04-22,-1.0974278082751205
2016-04-23,-1.32218317647895
2016-04-24,-1.531268060352994
2016-04-25,-1.7246824598972539
2016-04-26,-1.9024263751117287
2016-04-27,-2.0644998059964177
2016-04-28,-2.2109027525513225
2016-04-29,-2.3416352147764425
2016-04-30,-2.4566971926717773
2016-05-01,-2.5560886862373264
2016-05-02,-2.639809695473092
2016-05-03,-2.707860220379072
2016-05-04,-2.7602402609552668
2016-05-05,-2.7969498172016767
2016-05-06,-2.817988889118302
2016-05-07,-2.823357476705142
2016-05-08,-2.8130555799621977
2016-05-09,-2.7870831988894675
2016-05-10,-2.745440333486952
2016-05-11,-2.688126983754653
2016-05-12,-2.6151431496925683
2016-05-13,-2.5264888313006986
2016-05-14,-2.422164028579045
2016-05-15,-2.302168741527605
2016-05-16,-2.1665029701463805
2016-05-17,-2.017180546046826
2016-05-18,-1.8662844588976728
2016-05-19,-1.7158285403103746
2016-05-20,-1.565812790284932
2016-05-21,-1.4162372088213455
2016-05-22,-1.267101795919614
2016-05-23,-1.1184065515797383
2016-05-24,-0.9701514758017188
2016-05-25,-0.822336568585554
2016-05-26,-0.6749618299312454
2016-05-27,-0.5280272598387923
2016-05-28,-0.3815328583081945
2016-05-29,-0.23547862533945263
2016-05-30,-0.08986456093256637
2016-05-31,0.05530933491246421
2016-06-01,0.2000430621956395
2016-06-02,0.34433662091695894
2016-06-03,0.4881900110764226
2016-06-04,0.6316032326740311
2016-06-05,0.7745762857097835
2016-06-06,0.9171091701836804
2016-06-07,1.0592018860957217
2016-06-08,1.2008544334459077
2016-06-09,1.3420668122342378
2016-06-10,1.4828390224607124
2016-06-11,1.6231710641253314
2016-06-12,1.7630629372280948
2016-06-13,1.9025146417690022
2016-06-14,2.0415261777480547
2016-06-15,2.180097545165251
2016-06-16,2.3182287440205918
2016-06-17,2.4495161014298095
2016-06-18,2.5675559445086376
2016-06-19,2.672348273257074
2016-06-20,2.76389308767512
2016-06-21,2.842190387762776
2016-06-22,2.907240173520041
2016-06-23,2.959042444946916
2016-06-24,2.9975972020434005
2016-06-25,3.022904444809494
2016-06-26,3.0349641732451977
2016-06-27,3.033776387350511
2016-06-28,3.0193410871254334
2016-06-29,2.991658272569965
2016-06-30,2.950727943684107
2016-07-01,2.8965501004678584
2016-07-02,2.829124742921218
2016-07-03,2.7484518710441885
2016-07-04,2.654531484836768
2016-07-05,2.5473635842989575
2016-07-06,2.426948169430756
2016-07-07,2.293285240232164
2016-07-08,2.1463747967031814
2016-07-09,1.9862168388438088
2016-07-10,1.8128113666540453
2016-07-11,1.626158380133892
2016-07-12,1.4262578792833471
2016-07-13,1.2131098641024125
2016-07-14,0.9867143345910874
2016-07-15,0.7470712907493714
2016-07-16,0.4941807325772649
2016-07-17,0.23168431614453297
2016-07-18,-0.01856802213023915
2016-07-19,-0.25293462617728735
2016-07-20,-0.47141549599661076
2016-07-21,-0.6740106315882094
2016-07-22,-0.860720032952084
2016-07-23,-1.0315437000882344
2016-07-24,-1.1864816329966603
2016-07-25,-1.3255338316773624
2016-07-26,-1.4487002961303388
2016-07-27,-1.5559810263555913
2016-07-28,-1.64737602235312
2016-07-29,-1.7228852841229236
2016-07-30,-1.7825088116650034
2016-07-31,-1.8262466049793582
2016-08-01,-1.8540986640659884
2016-08-02,-1.8660649889248946
2016-08-03,-1.8621455795560764
2016-08-04,-1.8423404359595341
2016-08-05,-1.8066495581352675
2016-08-06,-1.7550729460832757
2016-08-07,-1.68761059980356
2016-08-08,-1.6042625192961197
2016-08-09,-1.5050287045609552
2016-08-10,-1.3899091555980658
2016-08-11,-1.2589038724074526
2016-08-12,-1.1120128549891144
2016-08-13,-0.9492361033430526
2016-08-14,-0.7705736174692659
2016-08-15,-0.5760253973677548
2016-08-16,-0.36559144303851954
2016-08-17,-0.1429383131952721
2016-08-18,0.06993463987971074
2016-08-19,0.26936085747271654
2016-08-20,0.4553403395837449
2016-08-21,0.6278730862127971
2016-08-22,0.7869590973598718
2016-08-23,0.9325983730249694
2016-08-24,1.0647909132080904
2016-08-25,1.1835367179092338
2016-08-26,1.2888357871284
2016-08-27,1.3806881208655901
2016-08-28,1.4590937191208027
2016-08-29,1.5240525818940382
2016-08-30,1.575564709185297
2016-08-31,1.6136301009945786
2016-09-01,1.638248757321883
2016-09-02,1.6494206781672105
2016-09-03,1.6471458635305607
2016-09-04,1.6314243134119342
2016-09-05,1.6022560278113307
2016-09-06,1.5596410067287498
2016-09-07,1.5035792501641925
2016-09-08,1.4340707581176575
2016-09-09,1.3511155305891462
2016-09-10,1.2547135675786572
2016-09-11,1.1448648690861918
2016-09-12,1.021569435111749
2016-09-13,0.8848272656553294
2016-09-14,0.7346383607169326
2016-09-15,0.5710027202965585
2016-09-16,0.39392034439420764
2016-09-17,0.21596853866382784
2016-09-18,0.04972460875936598
2016-09-19,-0.10481144531917695
2016-09-20,-0.24763962357180083
2016-09-21,-0.3787599259985065
2016-09-22,-0.4981723525992936
2016-09-23,-0.605876903374162
2016-09-24,-0.7018735783231116
2016-09-25,-0.7861623774461429
2016-09-26,-0.8587433007432557
2016-09-27,-0.9196163482144495
2016-09-28,-0.9687815198597249
2016-09-29,-1.0062388156790816
2016-09-30,-1.03198823567252
2016-10-01,-1.0460297798400395
2016-10-02,-1.0483634481816404
2016-10-03,-1.038989240697323
2016-10-04,-1.0179071573870866
2016-10-05,-0.9851171982509318
2016-10-06,-0.9406193632888583
2016-10-07,-0.8844136525008661
2016-10-08,-0.8165000658869557
2016-10-09,-0.7368786034471263
2016-10-10,-0.6455492651813783
2016-10-11,-0.5425120510897119
2016-10-12,-0.42776696117212676
2016-10-13,-0.30131399542862336
2016-10-14,-0.163153153859201
2016-10-15,-0.013284436463860036
2016-10-16,0.1482921567573996
2016-10-17,0.31912794158361873
2016-10-18,0.48453081268904424
2016-10-19,0.6420520858527169
2016-10-20,0.7916917610746368
2016-10-21,0.933449838354804
2016-10-22,1.0673263176932184
2016-10-23,1.1933211990898802
2016-10-24,1.3114344825447897
2016-10-25,1.4216661680579463
2016-10-26,1.5240162556293497
2016-10-27,1.618484745259001
2016-10-28,1.7050716369468992
2016-10-29,1.7837769306930447
2016-10-30,1.8546006264974377
2016-10-31,1.9175427243600778
2016-11-01,1.9726032242809652
2016-11-02,2.0197821262601003
2016-11-03,2.059079430297482
2016-11-04,2.0904951363931117
2016-11-05,2.1140292445469884
2016-11-06,2.1296817547591123
2016-11-07,2.137452667029483
2016-11-08,2.1373419813581016
2016-11-09,2.1293496977449675
2016-11-10,2.1134758161900806
2016-11-11,2.089720336693441
2016-11-12,2.058083259255049
2016-11-13,2.0185645838749036
2016-11-14,1.9711643105530061
2016-11-15,1.9158824392893554
2016-11-16,1.8527189700839524
2016-11-17,1.7882635233412274
2016-11-18,1.7291057194656112
2016-11-19,1.6752455584571033
2016-11-20,1.6266830403157049
2016-11-21,1.583418165041415
2016-11-22,1.5454509326342336
2016-11-23,1.5127813430941615
2016-11-24,1.4854093964211978
2016-11-25,1.463335092615343
2016-11-26,1.4465584316765971
2016-11-27,1.43507941360496
2016-11-28,1.4288980384004317
2016-11-29,1.4280143060630124
2016-11-30,1.4324282165927016
2016-12-01,1.4421397699894998
2016-12-02,1.4571489662534065
2016-12-03,1.4774558053844222
2016-12-04,1.5030602873825465
2016-12-05,1.53396241224778
2016-12-06,1.570162179980122
2016-12-07,1.6116595905795728
2016-12-08,1.6584546440461327
2016-12-09,1.710547340379801
2016-12-10,1.7679376795805783
2016-12-11,1.8306256616484644
2016-12-12,1.8986112865834592
2016-12-13,1.9718945543855628
2016-12-14,2.0504754650547756
2016-12-15,2.1343540185910967
2016-12-16,2.223530214994527
2016-12-17,2.316666947274898
2016-12-18,2.4057415734912033
2016-12-19,2.4894169866532767
2016-12-20,2.567693186761116
2016-12-21,2.640570173814724
2016-12-22,2.708047947814097
2016-12-23,2.770126508759238
2016-12-24,2.8268058566501457
2016-12-25,2.878085991486821
2016-12-26,2.923966913269263
2016-12-27,2.964448621997472
2016-12-28,2.999531117671448
2016-12-29,3.0292144002911905
2016-12-30,3.0534984698567014
2016-12-31,3.0723833263679783
2017-01-01,3.0858689698250226
2017-01-02,3.0939554002278324
2017-01-03,3.0966426175764106
2017-01-04,3.093930621870756
2017-01-05,3.085819413110868
2017-01-06,3.0723089912967465
2017-01-07,3.0533993564283928
2017-01-08,3.029090508505806
2017-01-09,2.999382447528986
2017-01-10,2.9642751734979336
2017-01-11,2.923768686412647
2017-01-12,2.8778629862731284
2017-01-13,2.8265580730793767
2017-01-14,2.769853946831392
2017-01-15,2.7077506075291735
2017-01-16,2.640248055172723
2017-01-17,2.567609773137404
2017-01-18,2.4914166616754088
2017-01-19,2.4119322041621016
2017-01-20,2.3291564005974834
2017-01-21,2.2430892509815537
2017-01-22,2.153730755314313
2017-01-23,2.0610809135957595
2017-01-24,1.9651397258258951
2017-01-25,1.8659071920047192
2017-01-26,1.7633833121322318
2017-01-27,1.6575680862084334
2017-01-28,1.5484615142333231
2017-01-29,1.4360635962069013
2017-01-30,1.3203743321291679
2017-01-31,1.201393722000123
2017-02-01,1.0791217658197672
2017-02-02,0.9535584635880991
2017-02-03,0.82470381530512
2017-02-04,0.6925578209708293
2017-02-05,0.5571204805852269
2017-02-06,0.41839179414831335
2017-02-07,0.27637176166008787
2017-02-08,0.1310603831205514
2017-02-09,-0.01754234147029683
2017-02-10,-0.16943641211245664
2017-02-11,-0.32462182880592777
2017-02-12,-0.48309859155071033
2017-02-13,-0.6448667003468046
2017-02-14,-0.8099261551942102
2017-02-15,-0.9782769560929273
2017-02-16,-1.1415168085756868
2017-02-17,-1.2912434181752195
2017-02-18,-1.4274567848915252
2017-02-19,-1.5501569087246039
2017-02-20,-1.6593437896744558
2017-02-21,-1.7550174277410815
2017-02-22,-1.8371778229244797
2017-02-23,-1.9058249752246514
2017-02-24,-1.960958884641596
2017-02-25,-2.0025795511753137
2017-02-26,-2.0306869748258047
2017-02-27,-2.0452811555930683
2017-02-28,-2.0463620934771054
2017-03-01,-2.0339297884779164
2017-03-02,-2.0079842405955004
2017-03-03,-1.9685254498298568
2017-03-04,-1.9155534161809868
2017-03-05,-1.8490681396488893
2017-03-06,-1.7690696202335658
2017-03-07,-1.675557857935015
2017-03-08,-1.5685328527532376
2017-03-09,-1.4479946046882326
2017-03-10,-1.3139431137400017
2017-03-11,-1.1663783799085436
2017-03-12,-1.0053004031938588
2017-03-13,-0.8307091835959467
2017-03-14,-0.642604721114808
2017-03-15,-0.44098701575044275
2017-03-16,-0.22585606750285017
2017-03-17,-0.0005776603824629106
2017-03-18,0.21465350154812649
2017-03-19,0.4164716342784861
2017-03-20,0.6048767378086156
2017-03-21,0.7798688121385159
2017-03-22,0.9414478572681865
2017-03-23,1.089613873197627
2017-03-24,1.2243668599268376
2017-03-25,1.3457068174558189
2017-03-26,1.4536337457845696
2017-03-27,1.5481476449130918
2017-03-28,1.6292485148413833
2017-03-29,1.6969363555694452
2017-03-30,1.7512111670972774
2017-03-31,1.79207294942488
2017-04-01,1.8195217025522523
2017-04-02,1.8335574264793952
2017-04-03,1.834180121206308
2017-04-04,1.821389786732992
2017-04-05,1.7951864230594452
2017-04-06,1.755570030185669
2017-04-07,1.702540608111663
2017-04-08,1.6360981568374273
2017-04-09,1.5562426763629618
2017-04-10,1.4629741666882665
2017-04-11,1.3562926278133411
2017-04-12,1.2361980597381867
2017-04-13,1.1026904624628018
2017-04-14,0.9557698359871873
2017-04-15,0.7954361803113431
2017-04-16,0.6216894954352692
2017-04-17,0.44620211683598976
2017-04-18,0.2806463799905282
2017-04-19,0.12502228489888514
2017-04-20,-0.02067016843893928
2017-04-21,-0.15643098002294553
2017-04-22,-0.28226014985313336
2017-04-23,-0.3981576779295029
2017-04-24,-0.504123564252054
2017-04-25,-0.600157808820787
2017-04-26,-0.6862604116357015
2017-04-27,-0.7624313726967973
2017-04-28,-0.8286706920040751
2017-04-29,-0.8849783695575344
2017-04-30,-0.9313544053571757
2017-05-01,-0.9677987994029984
2017-05-02,-0.9943115516950025
2017-05-03,-1.0108926622331886
2017-05-04,-1.017542131017556
2017-05-05,-1.0142599580481053
2017-05-06,-1.001046143324836
2017-05-07,-0.9779006868477486
2017-05-08,-0.9448235886168429
2017-05-09,-0.9018148486321185
2017-05-10,-0.8488744668935759
2017-05-11,-0.7860024434012151
2017-05-12,-0.7131987781550359
2017-05-13,-0.6304634711550384
2017-05-14,-0.5377965224012223
2017-05-15,-0.4351979318935881
2017-05-16,-0.32266769963213515
2017-05-17,-0.20243209476564802
2017-05-18,-0.08784873218682965
2017-05-19,0.018856118955535985
2017-05-20,0.11768245866144897
2017-05-21,0.20863028693090913
2017-05-22,0.29169960376391685
2017-05-23,0.3668904091604717
2017-05-24,0.43420270312057396
2017-05-25,0.49363648564422363
2017-05-26,0.5451917567314204
2017-05-27,0.5888685163821645
2017-05-28,0.6246667645964561
2017-05-29,0.6525865013742947
2017-05-30,0.6726277267156809
2017-05-31,0.6847904406206142
2017-06-01,0.6890746430890947
2017-06-02,0.6854803341211231
2017-06-03,0.6740075137166984
2017-06-04,0.654656181875821
2017-06-05,0.6274263385984911
2017-06-06,0.5923179838847082
2017-06-07,0.5493311177344726
2017-06-08,0.49846574014778444
2017-06-09,0.43972185112464374
2017-06-10,0.37309945066505035
2017-06-11,0.2985985387690041
2017-06-12,0.2162191154365052
2017-06-13,0.12596118066755363
2017-06-14,0.0278247344621493
2017-06-15,-0.07819022317970759
2017-06-16,-0.19208369225801714
2017-06-17,-0.3044238315492534
2017-06-18,-0.4057787998298904
2017-06-19,-0.49614859709992803
2017-06-20,-0.575533223359366
2017-06-21,-0.6439326786082047
2017-06-22,-0.7013469628464439
2017-06-23,-0.7477760760740838
2017-06-24,-0.7832200182911243
2017-06-25,-0.8076787894975654
2017-06-26,-0.8211523896934073
2017-06-27,-0.8236408188786495
2017-06-28,-0.8151440770532926
2017-06-29,-0.795662164217336
2017-06-30,-0.7651950803707804
2017-07-01,-0.7237428255136253
2017-07-02,-0.6713053996458703
2017-07-03,-0.6078828027675164
2017-07-04,-0.5334750348785631
2017-07-05,-0.44808209597901
2017-07-06,-0.351703986068858
2017-07-07,-0.24434070514810624
2017-07-08,-0.1259922532167553
2017-07-09,0.003341369725194847
2017-07-10,0.14366016367774487
2017-07-11,0.29496412864089383
2017-07-12,0.45725326461464266
2017-07-13,0.6305275715989904
2017-07-14,0.8147870495939378
2017-07-15,1.0100316985994848
2017-07-16,1.2162615186156307
2017-07-17,1.4308071239799127
2017-07-18,1.637652200717547
2017-07-19,1.834127363166071
2017-07-20,2.020232611325484
2017-07-21,2.1959679451957856
2017-07-22,2.3613333647769763
2017-07-23,2.516328870069057
2017-07-24,2.6609544610720257
2017-07-25,2.795210137785885
2017-07-26,2.9190959002106314
2017-07-27,3.0326117483462682
2017-07-28,3.135757682192794
2017-07-29,3.2285337017502087
2017-07-30,3.3109398070185128
2017-07-31,3.3829759979977054
2017-08-01,3.4446422746877876
2017-08-02,3.4959386370887584
2017-08-03,3.5368650852006183
2017-08-04,3.5674216190233685
2017-08-05,3.5876082385570074
2017-08-06,3.597424943801534
2017-08-07,3.5968717347569505
2017-08-08,3.5859486114232566
2017-08-09,3.5646555738004517
2017-08-10,3.5329926218885355
2017-08-11,3.4909597556875083
2017-08-12,3.4385569751973706
2017-08-13,3.375784280418122
2017-08-14,3.302641671349762
2017-08-15,3.219129147992291
2017-08-16,3.1252467103457104
2017-08-17,3.022233934734058
2017-08-18,2.9175282791015764
2017-08-19,2.812369319772304
2017-08-20,2.7067570567462425
2017-08-21,2.6006914900233915
2017-08-22,2.494172619603751
2017-08-23,2.3872004454873195
2017-08-24,2.2797749676740993
2017-08-25,2.1718961861640897
2017-08-26,2.0635641009572896
2017-08-27,1.9547787120537001
2017-08-28,1.8455400194533211
2017-08-29,1.7358480231561517
2017-08-30,1.6257027231621932
2017-08-31,1.515104119471445
2017-09-01,1.4040522120839067
2017-09-02,1.2925470009995788
2017-09-03,1.1805884862184612
2017-09-04,1.068176667740554
2017-09-05,0.9553115455658573
2017-09-06,0.8419931196943704
2017-09-07,0.728221390126094
2017-09-08,0.6139963568610277
2017-09-09,0.499318019899172
2017-09-10,0.38418637924052645
2017-09-11,0.26860143488509114
2017-09-12,0.15256318683286618
2017-09-13,0.03607163508385163
2017-09-14,-0.08087322036195291
2017-09-15,-0.19827137950454718
2017-09-16,-0.31612284234393095
2017-09-17,-0.42945733895081967
2017-09-18,-0.5333045993959286
2017-09-19,-0.6276646236792576
2017-09-20,-0.7125374118008062
2017-09-21,-0.7879229637605752
2017-09-22,-0.8538212795585642
2017-09-23,-0.9102323591947733
2017-09-24,-0.9571562026692022
2017-09-25,-0.9945928099818514
2017-09-26,-1.0225421811327207
2017-09-27,-1.0410043161218099
2017-09-28,-1.0499792149491194
2017-09-29,-1.0494668776146485
2017-09-30,-1.0394673041183982
2017-10-01,-1.0199804944603676
2017-10-02,-0.9910064486405569
2017-10-03,-0.9525451666589667
2017-10-04,-0.9045966485155963
2017-10-05,-0.8471608942104458
2017-10-06,-0.7802379037435158
2017-10-07,-0.7038276771148054
2017-10-08,-0.6179302143243155
2017-10-09,-0.5225455153720451
2017-10-10,-0.41767358025799506
2017-10-11,-0.30331440898216483
2017-10-12,-0.179468001544555
2017-10-13,-0.04613435794516516
2017-10-14,0.09668652181600466
2017-10-15,0.2489946377389544
2017-10-16,0.4107899898236844
2017-10-17,0.5800417116612889
2017-10-18,0.7445646047983385
2017-10-19,0.902327802825928
2017-10-20,1.053331305744057
2017-10-21,1.1975751135527257
2017-10-22,1.3350592262519345
2017-10-23,1.4657836438416831
2017-10-24,1.5897483663219716
2017-10-25,1.7069533936927996
2017-10-26,1.8173987259541675
2017-10-27,1.9210843631060754
2017-10-28,2.0180103051485228
2017-10-29,2.10817655208151
2017-10-30,2.1915831039050375
2017-10-31,2.2682299606191045
2017-11-01,2.3381171222237107
2017-11-02,2.401244588718858
2017-11-03,2.4576123601045445
2017-11-04,2.5072204363807704
2017-11-05,2.550068817547537
2017-11-06,2.5861575036048423
2017-11-07,2.6154864945526874
2017-11-08,2.638055790391073
2017-11-09,2.6538653911199988
2017-11-10,2.6629152967394636
2017-11-11,2.6652055072494685
2017-11-12,2.660736022650013
2017-11-13,2.6495068429410975
2017-11-14,2.6315179681227217
2017-11-15,2.606769398194886
2017-11-16,2.5752611331575896
2017-11-17,2.538673217731797
2017-11-18,2.4986856966384727
2017-11-19,2.455298569877615
2017-11-20,2.408511837449225
2017-11-21,2.3583254993533025
2017-11-22,2.304739555589847
2017-11-23,2.24775400615886
2017-11-24,2.1873688510603397
2017-11-25,2.1235840902942873
2017-11-26,2.0563997238607024
2017-11-27,1.985815751759585
2017-11-28,1.911832173990935
2017-11-29,1.834448990554752
2017-11-30,1.7536662014510376
2017-12-01,1.6694838066797897
2017-12-02,1.5819018062410097
2017-12-03,1.4909202001346973
2017-12-04,1.3965389883608526
2017-12-05,1.2987581709194749
2017-12-06,1.1975777478105651
2017-12-07,1.0929977190341225
2017-12-08,0.9850180845901474
2017-12-09,0.87363884447864
2017-12-10,0.7588599986995999
2017-12-11,0.6406815472530274
2017-12-12,0.5191034901389222
2017-12-13,0.3941258273572851
2017-12-14,0.26574855890811505
2017-12-15,0.13397168479141233
2017-12-16,-0.0012047949928227593
2017-12-17,-0.13852264669460587
2017-12-18,-0.27043246781403124
2017-12-19,-0.39567602460111473
2017-12-20,-0.5142533170558562
2017-12-21,-0.6261643451782557
2017-12-22,-0.7314091089683128
2017-12-23,-0.8299876084260284
2017-12-24,-0.9218998435514015
2017-12-25,-1.0071458143444327
2017-12-26,-1.0857255208051222
2017-12-27,-1.1576389629334694
2017-12-28,-1.2228861407294747
2017-12-29,-1.2814670541931374
2017-12-30,-1.333381703324459
2017-12-31,-1.3786300881234381
2018-01-01,-1.4172122085900751
2018-01-02,-1.4491280647243703
2018-01-03,-1.4743776565263231
2018-01-04,-1.4929609839959344
2018-01-05,-1.5048780471332033
2018-01-06,-1.51012884593813
2018-01-07,-1.5087133804107151
2018-01-08,-1.500631650550958
2018-01-09,-1.485883656358859
2018-01-10,-1.464469397834418
2018-01-11,-1.4363888749776348
2018-01-12,-1.4016420877885094
2018-01-13,-1.3602290362670422
2018-01-14,-1.312149720413233
2018-01-15,-1.2574041402270817
2018-01-16,-1.1959922957085887
2018-01-17,-1.1290829169564254
2018-01-18,-1.0636883845626273
2018-01-19,-1.000977428625866
2018-01-20,-0.9409500491461416
2018-01-21,-0.8836062461234544
2018-01-22,-0.8289460195578041
2018-01-23,-0.7769693694491908
2018-01-24,-0.7276762957976145
2018-01-25,-0.6810667986030751
2018-01-26,-0.6371408778655729
2018-01-27,-0.5958985335851077
2018-01-28,-0.5573397657616794
2018-01-29,-0.521464574395288
2018-01-30,-0.48827295948593374
2018-01-31,-0.4577649210336165
2018-02-01,-0.4299404590383363
2018-02-02,-0.404799573500093
2018-02-03,-0.38234226441888675
2018-02-04,-0.3625685317947175
2018-02-05,-0.34547837562758527
2018-02-06,-0.33107179591749003
2018-02-07,-0.31934879266443184
2018-02-08,-0.31030936586841057
2018-02-09,-0.30395351552942634
2018-02-10,-0.3002812416474791
2018-02-11,-0.2992925442225689
2018-02-12,-0.3009874232546957
2018-02-13,-0.30536587874385945
2018-02-14,-0.31242791069006026
2018-02-15,-0.32217351909329806
2018-02-16,-0.3304003304871723
2018-02-17,-0.33290597140528255
2018-02-18,-0.3296904418476287
2018-02-19,-0.3207537418142108
2018-02-20,-0.30609587130502885
2018-02-21,-0.2857168303200828
2018-02-22,-0.25961661885937276
2018-02-23,-0.2277952369228987
2018-02-24,-0.1902526845106605
2018-02-25,-0.14698896162265826
2018-02-26,-0.09800406825889185
2018-02-27,-0.04329800441936151
2018-02-28,0.017129229895932893
2018-03-01,0.0832776346869914
2018-03-02,0.1551472099538138
2018-03-03,0.23273795569640046
2018-03-04,0.3160498719147512
2018-03-05,0.4050829586088659
2018-03-06,0.4998372157787446
2018-03-07,0.6003126434243874
2018-03-08,0.7065092415457943
2018-03-09,0.8184270101429653
2018-03-10,0.9360659492159004
2018-03-11,1.0594260587645994
2018-03-12,1.1885073387890623
2018-03-13,1.3233097892892896
2018-03-14,1.4638334102652808
2018-03-15,1.6100782017170363
2018-03-16,1.7620441636445556
2018-03-17,1.917331314704102
2018-03-18,2.0615397668332536
2018-03-19,2.1922695386882736
2018-03-20,2.309520630269161
2018-03-21,2.413293041575917
2018-03-22,2.503586772608541
2018-03-23,2.5804018233670334
2018-03-24,2.643738193851394
2018-03-25,2.6935958840616228
2018-03-26,2.729974893997719
2018-03-27,2.752875223659685
2018-03-28,2.762296873047518
2018-03-29,2.7582398421612186
2018-03-30,2.7407041310007885
2018-03-31,2.709689739566226
2018-04-01,2.6651966678575314
2018-04-02,2.6072249158747054
2018-04-03,2.535774483617747
2018-04-04,2.450845371086658
2018-04-05,2.352437578281436
2018-04-06,2.240551105202083
2018-04-07,2.115185951848597
2018-04-08,1.9763421182209804
2018-04-09,1.8240196043192314
2018-04-10,1.6582184101433506
2018-04-11,1.4789385356933376
2018-04-12,1.2861799809691932
2018-04-13,1.079942745970917
2018-04-14,0.8602268306985084
2018-04-15,0.6270322351519683
2018-04-16,0.3803589593312966
2018-04-17,0.1359276412626685
2018-04-18,-0.09054108102774117
2018-04-19,-0.2990472075399316
2018-04-20,-0.4895907382739025
2018-04-21,-0.6621716732296548
2018-04-22,-0.8167900124071882
2018-04-23,-0.9534457558065025
2018-04-24,-1.0721389034275974
2018-04-25,-1.172869455270474
2018-04-26,-1.2556374113351314
2018-04-27,-1.3204427716215696
2018-04-28,-1.367285536129789
2018-04-29,-1.3961657048597889
2018-04-30,-1.4070832778115707
2018-05-01,-1.400038254985133
2018-05-02,-1.375030636380476
2018-05-03,-1.3320604219976002
2018-05-04,-1.2711276118365054
2018-05-05,-1.1922322058971915
2018-05-06,-1.095374204179659
2018-05-07,-0.980553606683907
2018-05-08,-0.8477704134099368
2018-05-09,-0.6970246243577466
2018-05-10,-0.528316239527338
2018-05-11,-0.34164525891870995
2018-05-12,-0.13701168253186305
2018-05-13,0.0855844896332026
2018-05-14,0.3261432575764873
2018-05-15,0.5846646212979911
2018-05-16,0.8611485807977142
2018-05-17,1.1510583447318206
2018-05-18,1.4271731650372992
2018-05-19,1.684956250370314
2018-05-20,1.9244076007308655
2018-05-21,2.1455272161189534
2018-05-22,2.3483150965345776
2018-05-23,2.532771241977739
2018-05-24,2.6988956524484364
2018-05-25,2.846688327946671
2018-05-26,2.9761492684724415
2018-05-27,3.087278474025749
2018-05-28,3.180075944606593
2018-05-29,3.2545416802149734
2018-05-30,3.3106756808508906
2018-05-31,3.3484779465143433
2018-06-01,3.3679484772053327
2018-06-02,3.3690872729238603
2018-06-03,3.3518943336699234
2018-06-04,3.316369659443523
2018-06-05,3.2625132502446594
2018-06-06,3.190325106073332
2018-06-07,3.099805226929541
2018-06-08,2.990953612813287
2018-06-09,2.8637702637245694
2018-06-10,2.7182551796633883
2018-06-11,2.554408360629744
2018-06-12,2.372229806623636
2018-06-13,2.171719517645064
2018-06-14,1.9528774936940292
2018-06-15,1.715703734770531
2018-06-16,1.4601982408745693
2018-06-17,1.2026457152366177
2018-06-18,0.9593308610871493
2018-06-19,0.7302536784261641
2018-06-20,0.515414167253663
2018-06-21,0.31481232756964533
2018-06-22,0.12844815937411108
2018-06-23,-0.04367833733293981
2018-06-24,-0.2015671625515069
2018-06-25,-0.345218316281591
2018-06-26,-0.4746317985231912
2018-06-27,-0.5898076092763079
2018-06-28,-0.6907457485409413
2018-06-29,-0.7774462163170911
2018-06-30,-0.8499090126047576
2018-07-01,-0.9081341374039404
2018-07-02,-0.9521215907146398
2018-07-03,-0.9818713725368556
2018-07-04,-0.9973834828705881
2018-07-05,-0.9986579217158367
2018-07-06,-0.9856946890726023
2018-07-07,-0.9584937849408841
2018-07-08,-0.9170552093206824
2018-07-09,-0.8613789622119975
2018-07-10,-0.7914650436148287
2018-07-11,-0.7073134535291766
2018-07-12,-0.6089241919550409
2018-07-13,-0.496297258892422
2018-07-14,-0.3694326543413193
2018-07-15,-0.22833037830173297
2018-07-16,-0.07299043077366335
2018-07-17,0.09388488174817836
2018-07-18,0.2560817202955254
2018-07-19,0.4108977783736666
2018-07-20,0.5583330559826016
2018-07-21,0.6983875531223306
2018-07-22,0.8310612697928534
2018-07-23,0.9563542059941705
2018-07-24,1.0742663617262815
2018-07-25,1.1847977369891871
2018-07-26,1.2879483317828857
2018-07-27,1.3837181461073786
2018-07-28,1.4721071799626657
2018-07-29,1.5531154333487467
2018-07-30,1.6267429062656216
2018-07-31,1.6929895987132908
2018-08-01,1.7518555106917533
2018-08-02,1.8033406422010103
2018-08-03,1.8474449932410613
2018-08-04,1.8841685638119066
2018-08-05,1.9135113539135455
2018-08-06,1.9354733635459782
2018-08-07,1.9500545927092048
2018-08-08,1.957255041403226
2018-08-09,1.9570747096280408
2018-08-10,1.9495135973836497
2018-08-11,1.9345717046700528
2018-08-12,1.9122490314872493
2018-08-13,1.8825455778352405
2018-08-14,1.8454613437140253
2018-08-15,1.8009963291236037
2018-08-16,1.749150534063977
2018-08-17,1.6907115419340029
2018-08-18,1.6304048531268382
2018-08-19,1.5690180510413416
2018-08-20,1.5065511356775134
2018-08-21,1.4430041070353536
2018-08-22,1.378376965114862
2018-08-23,1.312669709916039
2018-08-24,1.2458823414388842
2018-08-25,1.1780148596833977
2018-08-26,1.1090672646495794
2018-08-27,1.0390395563374297
2018-08-28,0.9679317347469485
2018-08-29,0.8957437998781352
2018-08-30,0.8224757517309907
2018-08-31,0.7481275903055142
2018-09-01,0.672699315601706
2018-09-02,0.5961909276195664
2018-09-03,0.5186024263590949
2018-09-04,0.43993381182029184
2018-09-05,0.36018508400315724
2018-09-06,0.2793562429076909
2018-09-07,0.19744728853389282
2018-09-08,0.11445822088176306
2018-09-09,0.03038903995130174
2018-09-10,-0.05476025425749118
2018-09-11,-0.1409896617446158
2018-09-12,-0.22829918251007214
2018-09-13,-0.31668881655386
2018-09-14,-0.4061585638759798
2018-09-15,-0.49670842447643115
2018-09-16,-0.588338398355214
2018-09-17,-0.6740584351212481
2018-09-18,-0.7468784843834534
2018-09-19,-0.8067985461418292
2018-09-20,-0.8538186203963757
2018-09-21,-0.8879387071470931
2018-09-22,-0.9091588063939816
2018-09-23,-0.9174789181370407
2018-09-24,-0.9128990423762705
2018-09-25,-0.8954191791116712
2018-09-26,-0.865039328343243
2018-09-27,-0.8217594900709854
2018-09-28,-0.7655796642948987
2018-09-29,-0.6964998510149826
2018-09-30,-0.6145200502312378
2018-10-01,-0.5196402619436635
2018-10-02,-0.4118604861522599
2018-10-03,-0.29118072285702745
2018-10-04,-0.15760097205796558
2018-10-05,-0.011121233755074572
2018-10-06,0.14825849205164557
2018-10-07,0.32053820536219496
2018-10-08,0.5057179061765731
2018-10-09,0.7037975944947813
2018-10-10,0.9147772703168178
2018-10-11,1.138656933642684
2018-10-12,1.3754365844723795
2018-10-13,1.6251162228059033
2018-10-14,1.887695848643257
2018-10-15,2.16317546198444
2018-10-16,2.451555062829452
2018-10-17,2.7491699380079
2018-10-18,3.0340318084974323
2018-10-19,3.3024759611276546
2018-10-20,3.554502395898567
2018-10-21,3.7901111128101705
2018-10-22,4.009302111862464
2018-10-23,4.212075393055448
2018-10-24,4.398430956389124
2018-10-25,4.568368801863489
2018-10-26,4.721888929478545
2018-10-27,4.858991339234291
2018-10-28,4.979676031130729
2018-10-29,5.083943005167857
2018-10-30,5.171792261345675
2018-10-31,5.243223799664183
2018-11-01,5.298237620123382
2018-11-02,5.336833722723273
2018-11-03,5.359012107463854
2018-11-04,5.3647727743451235
2018-11-05,5.3541157233670855
2018-11-06,5.327040954529738
2018-11-07,5.2835484678330795
2018-11-08,5.223638263277113
2018-11-09,5.1473103408618375
2018-11-10,5.054564700587251
2018-11-11,4.945401342453356
2018-11-12,4.819820266460152
2018-11-13,4.677821472607637
2018-11-14,4.519404960895814
2018-11-15,4.344570731324681
2018-11-16,4.153318783894238
2018-11-17,3.9558182178340044
2018-11-18,3.7622381323734966
2018-11-19,3.5725785275127135
2018-11-20,3.386839403251658
2018-11-21,3.205020759590327
2018-11-22,3.0271225965287227
2018-11-23,2.853144914066845
2018-11-24,2.683087712204692
2018-11-25,2.516950990942265
2018-11-26,2.354734750279565
2018-11-27,2.19643899021659
2018-11-28,2.0420637107533417
2018-11-29,1.8916089118898192
2018-11-30,1.7450745936260224
2018-12-01,1.6024607559619517
2018-12-02,1.4637673988976065
2018-12-03,1.328994522432988
2018-12-04,1.198142126568095
2018-12-05,1.0712102113029283
2018-12-06,0.948198776637487
2018-12-07,0.829107822571772
2018-12-08,0.7139373491057831
2018-12-09,0.60268735623952
2018-12-10,0.4953578439729828
2018-12-11,0.39194881230617173
2018-12-12,0.2924602612390863
2018-12-13,0.1968921907717272
2018-12-14,0.10524460090409388
2018-12-15,0.017517491636186384
2018-12-16,-0.06628913703199497
2018-12-17,-0.14586559155421297
2018-12-18,-0.21935371065304327
2018-12-19,-0.2864438007822486
2018-12-20,-0.3471358619418289
2018-12-21,-0.40142989413178415
2018-12-22,-0.44932589735211415
2018-12-23,-0.49082387160281926
2018-12-24,-0.5259238168838992
2018-12-25,-0.5546257331953542
2018-12-26,-0.5769296205371842
2018-12-27,-0.5928354789093889
2018-12-28,-0.6023433083119688
2018-12-29,-0.6054531087449234
2018-12-30,-0.6021648802082533
2018-12-31,-0.592478622701958
2019-01-01,-0.5763943362260376
2019-01-02,-0.553912020780492
2019-01-03,-0.5250316763653213
2019-01-04,-0.48975330298052583
2019-01-05,-0.44807690062610517
2019-01-06,-0.40000246930205935
2019-01-07,-0.34553000900838854
2019-01-08,-0.2846595197450928
2019-01-09,-0.21739100151217194
2019-01-10,-0.14372445430962602
2019-01-11,-0.06365987813745493
2019-01-12,0.022802727004341227
2019-01-13,0.11566336111576221
2019-01-14,0.2149220241968085
2019-01-15,0.3205787162474796
2019-01-16,0.43263343726777587
2019-01-17,0.5496699445985544
2019-01-18,0.6631907822849602
2019-01-19,0.77177970766785
2019-01-20,0.8754367207472245
2019-01-21,0.9741618215230826
2019-01-22,1.0679550099954258
2019-01-23,1.1568162861642524
2019-01-24,1.2407456500295637
2019-01-25,1.3197431015913592
2019-01-26,1.3938086408496388
2019-01-27,1.4629422678044028
2019-01-28,1.5271439824556512
2019-01-29,1.5864137848033837
2019-01-30,1.6407516748476008
2019-01-31,1.6901576525883018
2019-02-01,1.734631718025487
2019-02-02,1.7741738711591568
2019-02-03,1.8087841119893104
2019-02-04,1.8384624405159489
2019-02-05,1.8632088567390717
2019-02-06,1.8830233606586781
2019-02-07,1.897905952274769
2019-02-08,1.9078566315873442
2019-02-09,1.9128753985964035
2019-02-10,1.9129622533019472
2019-02-11,1.9081171957039755
2019-02-12,1.8983402258024877
2019-02-13,1.8836313435974843
2019-02-14,1.8639905490889652
2019-02-15,1.8394178422769305
2019-02-16,1.8111869901946949
2019-02-17,1.7805717598755746
2019-02-18,1.7475721513195686
2019-02-19,1.7121881645266779
2019-02-20,1.6744197994969015
2019-02-21,1.63426705623024
2019-02-22,1.5917299347266933
2019-02-23,1.5468084349862616
2019-02-24,1.4995025570089446
2019-02-25,1.449812300794742
2019-02-26,1.3977376663436543
2019-02-27,1.3432786536556816
2019-02-28,1.2864352627308235
2019-03-01,1.2272074935690804
2019-03-02,1.1655953461704522
2019-03-03,1.1015988205349385
2019-03-04,1.0352179166625397
2019-03-05,0.9664526345532555
2019-03-06,0.8953029742070864
2019-03-07,0.8217689356240319
2019-03-08,0.745850518804092
2019-03-09,0.667547723747267
2019-03-10,0.5868605504535569
2019-03-11,0.5037889989229616
2019-03-12,0.41833306915548096
2019-03-13,0.33049276115111514
2019-03-14,0.24026807490986418
2019-03-15,0.14765901043172786
2019-03-16,0.052665567716706406
2019-03-17,-0.04310412752256171
2019-03-18,-0.13000132101024403
2019-03-19,-0.20641788703370204
2019-03-20,-0.2723538255929355
2019-03-21,-0.327809136687945
2019-03-22,-0.3727838203187301
2019-03-23,-0.40727787648529074
2019-03-24,-0.4312913051876271
2019-03-25,-0.4448241064257392
2019-03-26,-0.44787628019962666
2019-03-27,-0.44044782650929026
2019-03-28,-0.42253874535472913
2019-03-29,-0.39414903673594387
2019-03-30,-0.3552787006529342
2019-03-31,-0.30592773710570037
2019-04-01,-0.246096146094242
2019-04-02,-0.17578392761855924
2019-04-03,-0.09499108167865232
2019-04-04,-0.0037176082745210707
2019-04-05,0.09803649259383451
2019-04-06,0.21027122092641434
2019-04-07,0.33298657672321874
2019-04-08,0.46618255998424746
2019-04-09,0.6098591707095004
2019-04-10,0.7640164088989776
2019-04-11,0.9286542745526793
2019-04-12,1.1037727676706053
2019-04-13,1.2893718882527552
2019-04-14,1.4854516362991304
2019-04-15,1.6920120118097293
2019-04-16,1.9090530147845524
2019-04-17,2.1229124166540947
2019-04-18,2.3199279888488515
2019-04-19,2.5000997313688216
2019-04-20,2.6634276442140057
2019-04-21,2.809911727384403
2019-04-22,2.9395519808800152
2019-04-23,3.052348404700841
2019-04-24,3.14830099884688
2019-04-25,3.2274097633181333
2019-04-26,3.289674698114602
2019-04-27,3.3350958032362823
2019-04-28,3.3636730786831777
2019-04-29,3.3754065244552867
2019-04-30,3.37029614055261
2019-05-01,3.3483419269751473
2019-05-02,3.309543883722897
2019-05-03,3.253902010795862
2019-05-04,3.1814163081940405
2019-05-05,3.0920867759174326
2019-05-06,2.9859134139660393
2019-05-07,2.8628962223398595
2019-05-08,2.7230352010388934
2019-05-09,2.5663303500631414
2019-05-10,2.392781669412603
2019-05-11,2.2023891590872786
2019-05-12,1.9951528190871683
2019-05-13,1.7710726494122722
2019-05-14,1.5301486500625894
2019-05-15,1.2723808210381211
2019-05-16,0.9977691623388658
2019-05-17,0.7101836222918848
2019-05-18,0.4328438908595342
2019-05-19,0.1696199163688752
2019-05-20,-0.07948830118009301
2019-05-21,-0.3144807617873702
2019-05-22,-0.5353574654529565
2019-05-23,-0.7421184121768524
2019-05-24,-0.9347636019590568
2019-05-25,-1.1132930347995709
2019-05-26,-1.2777067106983935
2019-05-27,-1.4280046296555253
2019-05-28,-1.5641867916709664
2019-05-29,-1.6862531967447167
2019-05-30,-1.794203844876776
2019-05-31,-1.8880387360671442
2019-06-01,-1.9677578703158216
2019-06-02,-2.0333612476228087
2019-06-03,-2.084848867988104
2019-06-04,-2.122220731411709
2019-06-05,-2.145476837893623
2019-06-06,-2.154617187433846
2019-06-07,-2.1496417800323777
2019-06-08,-2.1305506156892187
2019-06-09,-2.097343694404369
2019-06-10,-2.050021016177828
2019-06-11,-1.9885825810095965
2019-06-12,-1.9130283888996742
2019-06-13,-1.8233584398480607
2019-06-14,-1.7195727338547568
2019-06-15,-1.6016712709197618
2019-06-16,-1.4696540510430758
2019-06-17,-1.3304161199674012
2019-06-18,-1.19085252343544
2019-06-19,-1.0509632614471922
2019-06-20,-0.9107483340026583
2019-06-21,-0.7702077411018379
2019-06-22,-0.6293414827447311
2019-06-23,-0.4881495589313377
2019-06-24,-0.34663196966165816
2019-06-25,-0.20478871493569178
2019-06-26,-0.06261979475343926
2019-06-27,0.07987479088509979
2019-06-28,0.22269504197992518
2019-06-29,0.36584095853103704
2019-06-30,0.5093125405384353
2019-07-01,0.6531097880021202
2019-07-02,0.7972327009220913
2019-07-03,0.9416812792983491
2019-07-04,1.0864555231308928
2019-07-05,1.2315554324197235
2019-07-06,1.3769810071648403
2019-07-07,1.5227322473662437
2019-07-08,1.6688091530239337
2019-07-09,1.8152117241379095
2019-07-10,1.9619399607081722
2019-07-11,2.1089938627347213
2019-07-12,2.2563734302175567
2019-07-13,2.4040786631566786
2019-07-14,2.5521095615520872
2019-07-15,2.700466125403782
2019-07-16,2.849148354711763
2019-07-17,2.996033958433406
2019-07-18,3.1283891903129595
2019-07-19,3.2440917593078016
2019-07-20,3.3431416654179302
2019-07-21,3.4255389086433454
2019-07-22,3.4912834889840467
2019-07-23,3.5403754064400363
2019-07-24,3.5728146610113125
2019-07-25,3.588601252697876
2019-07-26,3.587735181499725
2019-07-27,3.570216447416862
2019-07-28,3.5360450504492857
2019-07-29,3.4852209905969964
2019-07-30,3.417744267859994
2019-07-31,3.3336148822382787
2019-08-01,3.2328328337318495
2019-08-02,3.1153981223407072
2019-08-03,2.9813107480648524
2019-08-04,2.8305707109042846
2019-08-05,2.663178010859004
2019-08-06,2.479132647929009
2019-08-07,2.278434622114302
2019-08-08,2.061083933414882
2019-08-09,1.827080581830748
2019-08-10,1.5764245673619015
2019-08-11,1.3091158900083424
2019-08-12,1.0251545497700691
2019-08-13,0.7245405466470838
2019-08-14,0.40727388063938513
2019-08-15,0.07335455174697245
2019-08-16,-0.2772174400301523
2019-08-17,-0.6397538344188798
2019-08-18,-0.9861250697805432
2019-08-19,-1.3116428858420317
2019-08-20,-1.6163072826033447
2019-08-21,-1.900118260064484
2019-08-22,-2.1630758182254475
2019-08-23,-2.4051799570862364
2019-08-24,-2.6264306766468506
2019-08-25,-2.8268279769072904
2019-08-26,-3.006371857867554
2019-08-27,-3.1650623195276446
2019-08-28,-3.3028993618875586
2019-08-29,-3.4198829849472987
2019-08-30,-3.516013188706864
2019-08-31,-3.5912899731662544
2019-09-01,-3.6457133383254696
2019-09-02,-3.67928328418451
2019-09-03,-3.6919998107433747
2019-09-04,-3.6838629180020663
2019-09-05,-3.654872605960582
2019-09-06,-3.6050288746189234
2019-09-07,-3.5343317239770884
2019-09-08,-3.44278115403508
2019-09-09,-3.330377164792897
2019-09-10,-3.1971197562505385
2019-09-11,-3.0430089284080055
2019-09-12,-2.8680446812652973
2019-09-13,-2.6722270148224143
2019-09-14,-2.4555559290793565
2019-09-15,-2.218031424036123
2019-09-16,-1.9596534996927157
2019-09-17,-1.6950522026785233
2019-09-18,-1.4388575796229353
2019-09-19,-1.1910696305259523
2019-09-20,-0.9516883553875746
2019-09-21,-0.7207137542078015
2019-09-22,-0.49814582698663307
2019-09-23,-0.2839845737240695
2019-09-24,-0.07822999442011111
2019-09-25,0.11911791092524311
2019-09-26,0.3080591423119921
2019-09-27,0.4885936997401358
2019-09-28,0.6607215832096751
2019-09-29,0.8244427927206096
2019-09-30,0.9797573282729394
2019-10-01,1.1266651898666642
2019-10-02,1.2651663775017838
2019-10-03,1.3952608911782989
2019-10-04,1.5169487308962093
2019-10-05,1.6302298966555144
2019-10-06,1.7351043884562152
2019-10-07,1.8315722062983106
2019-10-08,1.9196333501818015
2019-10-09,1.9992878201066875
2019-10-10,2.070535616072968
2019-10-11,2.1333767380806448
2019-10-12,2.1878111861297165
2019-10-13,2.233838960220183
2019-10-14,2.2714600603520445
2019-10-15,2.3006744865253013
2019-10-16,2.3214822387399536
2019-10-17,2.334114328429903
2019-10-18,2.339956824198565
2019-10-19,2.3392407374798414
2019-10-20,2.3319660682737324
2019-10-21,2.3181328165802375
2019-10-22,2.2977409823993575
2019-10-23,2.270790565731092
2019-10-24,2.2372815665754415
2019-10-25,2.1972139849324055
2019-10-26,2.150587820801984
2019-10-27,2.0974030741841774
2019-10-28,2.0376597450789844
2019-10-29,1.9713578334864066
2019-10-30,1.8984973394064437
2019-10-31,1.819078262839095
2019-11-01,1.7331006037843604
2019-11-02,1.640564362242241
2019-11-03,1.5414695382127361
2019-11-04,1.4358161316958455
2019-11-05,1.3236041426915701
2019-11-06,1.204833571199909
2019-11-07,1.079504417220862
2019-11-08,0.94761668075443
2019-11-09,0.8091703618006126
2019-11-10,0.6641654603594098
2019-11-11,0.5126019764308215
2019-11-12,0.3544799100148477
2019-11-13,0.1897992611114887
2019-11-14,0.01856002972074396
2019-11-15,-0.15923778415738604
2019-11-16,-0.34359418052290125
2019-11-17,-0.5236433770213533
2019-11-18,-0.6885195912982931
2019-11-19,-0.8382228233537208
2019-11-20,-0.9727530731876357
2019-11-21,-1.0921103408000385
2019-11-22,-1.196294626190929
2019-11-23,-1.2853059293603075
2019-11-24,-1.3591442503081737
2019-11-25,-1.4178095890345277
2019-11-26,-1.4613019455393692
2019-11-27,-1.4896213198226986
2019-11-28,-1.502767711884516
2019-11-29,-1.5007411217248205
2019-11-30,-1.4835415493436133
2019-12-01,-1.451168994740894
2019-12-02,-1.4036234579166615
2019-12-03,-1.3409049388709173
2019-12-04,-1.263013437603661
2019-12-05,-1.1699489541148922
2019-12-06,-1.061711488404611
2019-12-07,-0.9383010404728183
2019-12-08,-0.7997176103195125
2019-12-09,-0.6459611979446951
2019-12-10,-0.47703180334836476
2019-12-11,-0.29292942653052284
2019-12-12,-0.09365406749116788
2019-12-13,0.12079427376969872
2019-12-14,0.3504155972520777
2019-12-15,0.5952099029559695
2019-12-16,0.8551771908813731
2019-12-17,1.1269704228296744
2019-12-18,1.3905073696091885
2019-12-19,1.6424409930213022
2019-12-20,1.8827712930660145
2019-12-21,2.111498269743325
2019-12-22,2.3286219230532343
2019-12-23,2.5341422529957427
2019-12-24,2.7280592595708493
2019-12-25,2.9103729427785545
2019-12-26,3.081083302618859
2019-12-27,3.240190339091762
2019-12-28,3.3876940521972636
2019-12-29,3.5235944419353635
2019-12-30,3.6478915083060635
2019-12-31,3.760585251309361
2020-01-01,3.8616756709452575
2020-01-02,3.951162767213752
2020-01-03,4.029046540114846
2020-01-04,4.09532698964854
2020-01-05,4.150004115814831
2020-01-06,4.193077918613721
2020-01-07,4.22454839804521
2020-01-08,4.244415554109297
2020-01-09,4.252679386805983
2020-01-10,4.249339896135268
2020-01-11,4.234397082097152
2020-01-12,4.207850944691634
2020-01-13,4.169701483918715
2020-01-14,4.119948699778395
2020-01-15,4.058592592270673
2020-01-16,3.985633161395551
2020-01-17,3.9013143171538207
2020-01-18,3.8070995195502437
2020-01-19,3.7032326785856133
2020-01-20,3.5897137942599313
2020-01-21,3.4665428665731954
2020-01-22,3.333719895525407
2020-01-23,3.1912448811165657
2020-01-24,3.039117823346672
2020-01-25,2.877338722215725
2020-01-26,2.7059075777237247
2020-01-27,2.5248243898706724
2020-01-28,2.334089158656567
2020-01-29,2.1337018840814084
2020-01-30,1.923662566145197
2020-01-31,1.7039712048479327
2020-02-01,1.474627800189616
2020-02-02,1.235632352170246
2020-02-03,0.9869848607898233
2020-02-04,0.7286853260483473
2020-02-05,0.46073374794581884
2020-02-06,0.18313012648223798
2020-02-07,-0.10412553834239652
2020-02-08,-0.40103324652808353
2020-02-09,-0.7075929980748233
2020-02-10,-1.0238047929826164
2020-02-11,-1.3496686312514616
2020-02-12,-1.6851845128813603
2020-02-13,-2.0303524378723115
2020-02-14,-2.3851724062243154
2020-02-15,-2.749644417937373
2020-02-16,-3.1198310859263625
2020-02-17,-3.4721080876805663
2020-02-18,-3.802538036114863
2020-02-19,-4.1111209312292525
2020-02-20,-4.397856773023737
2020-02-21,-4.662745561498314
2020-02-22,-4.905787296652985
2020-02-23,-5.1269819784877475
2020-02-24,-5.326329607002605
2020-02-25,-5.503830182197555
2020-02-26,-5.659483704072599
2020-02-27,-5.793290172627736
2020-02-28,-5.905249587862966
2020-02-29,-5.99536194977829
2020-03-01,-6.063627258373706
2020-03-02,-6.110045513649218
2020-03-03,-6.134616715604821
2020-03-04,-6.137340864240518
2020-03-05,-6.1182179595563095
2020-03-06,-6.077248001552194
2020-03-07,-6.014430990228171
2020-03-08,-5.929766925584242
2020-03-09,-5.823255807620407
2020-03-10,-5.6948976363366635
2020-03-11,-5.544692411733014
2020-03-12,-5.372640133809459
2020-03-13,-5.178740802565997
2020-03-14,-4.962994418002628
2020-03-15,-4.725400980119352
2020-03-16,-4.4659604889161715
2020-03-17,-4.1878271093378245
2020-03-18,-3.9099258310527647
2020-03-19,-3.635410819005735
2020-03-20,-3.364282073196736
2020-03-21,-3.0965395936257663
2020-03-22,-2.8321833802928253
2020-03-23,-2.5712134331979137
2020-03-24,-2.313629752341033
2020-03-25,-2.0594323377221815
2020-03-26,-1.8086211893413593
2020-03-27,-1.561196307198567
2020-03-28,-1.3171576912938043
2020-03-29,-1.0765053416270713
2020-03-30,-0.8392392581983686
2020-03-31,-0.6053594410076945
2020-04-01,-0.3748658900550501
2020-04-02,-0.14775860534043583
2020-04-03,0.07596241313614857
2020-04-04,0.29629716537470396
2020-04-05,0.5132456513752293
2020-04-06,0.7268078711377249
2020-04-07,0.9369838246621911
2020-04-08,1.1437735119486279
2020-04-09,1.3471769329970347
2020-04-10,1.547194087807412
2020-04-11,1.7438249763797595
2020-04-12,1.9370695987140776
2020-04-13,2.1269279548103657
2020-04-14,2.3134000446686245
2020-04-15,2.4964858682888535
2020-04-16,2.6761854256710524
2020-04-17,2.8471790141713975
2020-04-18,3.004146931146064
2020-04-19,3.14708917659505
2020-04-20,3.2760057505183573
2020-04-21,3.390896652915985
2020-04-22,3.4917618837879343
2020-04-23,3.5786014431342044
2020-04-24,3.6514153309547943
2020-04-25,3.710203547249706
2020-04-26,3.7549660920189387
2020-04-27,3.7857029652624914
2020-04-28,3.8024141669803653
2020-04-29,3.80509969717256
2020-04-30,3.7937595558390758
2020-05-01,3.768393742979912
2020-05-02,3.729002258595069
2020-05-03,3.675585102684547
2020-05-04,3.608142275248346
2020-05-05,3.526673776286465
2020-05-06,3.4311796057989055
2020-05-07,3.3216597637856666
2020-05-08,3.198114250246749
2020-05-09,3.0605430651821512
2020-05-10,2.9089462085918747
2020-05-11,2.7433236804759193
2020-05-12,2.5636754808342843
2020-05-13,2.3700016096669705
2020-05-14,2.1623020669739774
2020-05-15,1.9405768527553053
2020-05-16,1.7048259670109536
2020-05-17,1.459450505649132
2020-05-18,1.2308570441190938
2020-05-19,1.0234466783290488
2020-05-20,0.837219408278996
2020-05-21,0.6721752339689362
2020-05-22,0.528314155398869
2020-05-23,0.4056361725687944
2020-05-24,0.3041412854787128
2020-05-25,0.22382949412862338
2020-05-26,0.16470079851852712
2020-05-27,0.1267551986484237
2020-05-28,0.10999269451831266
2020-05-29,0.11441328612819435
2020-05-30,0.14001697347806863
2020-05-31,0.186803756567936
2020-06-01,0.2547736353977961
2020-06-02,0.3439266099676485
2020-06-03,0.4542626802774935
2020-06-04,0.5857818463273318
2020-06-05,0.7384841081171621
2020-06-06,0.9123694656469855
2020-06-07,1.1074379189168018
2020-06-08,1.323689467926611
2020-06-09,1.5611241126764124
2020-06-10,1.8197418531662062
2020-06-11,2.0995426893959936
2020-06-12,2.400526621365773
2020-06-13,2.722693649075545
2020-06-14,3.066043772525311
2020-06-15,3.4305769917150686
2020-06-16,3.8162933066448184
2020-06-17,4.198282522806587
2020-06-18,4.551634445692402
2020-06-19,4.876349075302262
2020-06-20,5.172426411636165
2020-06-21,5.439866454694114
2020-06-22,5.6786692044761065
2020-06-23,5.888834660982145
2020-06-24,6.070362824212228
2020-06-25,6.223253694166355
2020-06-26,6.347507270844528
2020-06-27,6.443123554246746
2020-06-28,6.510102544373009
2020-06-29,6.548444241223316
2020-06-30,6.558148644797669
2020-07-01,6.539215755096066
2020-07-02,6.4916455721185065
2020-07-03,6.415438095864994
2020-07-04,6.310593326335526
2020-07-05,6.177111263530102
2020-07-06,6.0149919074487235
2020-07-07,5.824235258091389
2020-07-08,5.604841315458099
2020-07-09,5.356810079548856
2020-07-10,5.080141550363656
2020-07-11,4.774835727902502
2020-07-12,4.440892612165391
2020-07-13,4.078312203152327
2020-07-14,3.687094500863308
2020-07-15,3.2672395052983307
2020-07-16,2.8187472164574
2020-07-17,2.347705021016463
2020-07-18,1.8906372390312072
2020-07-19,1.4536312571775805
2020-07-20,1.0366870754555833
2020-07-21,0.6398046938652163
2020-07-22,0.26298411240647784
2020-07-23,-0.09377466892063115
2020-07-24,-0.430471650116111
2020-07-25,-0.7471068311799614
2020-07-26,-1.043680212112182
2020-07-27,-1.3201917929127729
2020-07-28,-1.5766415735817347
2020-07-29,-1.813029554119067
2020-07-30,-2.02935573452477
2020-07-31,-2.225620114798844
2020-08-01,-2.4018226949412873
2020-08-02,-2.557963474952102
2020-08-03,-2.694042454831287
2020-08-04,-2.8100596345788436
2020-08-05,-2.9060150141947707
2020-08-06,-2.981908593679067
2020-08-07,-3.037740373031734
2020-08-08,-3.0735103522527725
2020-08-09,-3.0892185313421807
2020-08-10,-3.0848649102999603
2020-08-11,-3.0604494891261105
2020-08-12,-3.01597226782063
2020-08-13,-2.951433246383522
2020-08-14,-2.8668324248147834
2020-08-15,-2.7621698031144146
2020-08-16,-2.637445381282418
2020-08-17,-2.494402008988661
2020-08-18,-2.343496784252363
2020-08-19,-2.186472556743394
2020-08-20,-2.0233293264617536
2020-08-21,-1.8540670934074417
2020-08-22,-1.678685857580459
2020-08-23,-1.497185618980805
2020-08-24,-1.3095663776084798
2020-08-25,-1.1158281334634836
2020-08-26,-0.9159708865458158
2020-08-27,-0.7099946368554771
2020-08-28,-0.497899384392467
2020-08-29,-0.27968512915678584
2020-08-30,-0.05535187114843375
2020-08-31,0.17510038963259
2020-09-01,0.411671653186285
2020-09-02,0.654361919512651
2020-09-03,0.9031711886116881
2020-09-04,1.1580994604833965
2020-09-05,1.419146735127776
2020-09-06,1.6863130125448267
2020-09-07,1.9595982927345486
2020-09-08,2.2390025756969423
2020-09-09,2.5245258614320067
2020-09-10,2.816168149939742
2020-09-11,3.113929441220149
2020-09-12,3.4178097352732273
2020-09-13,3.727809032098976
2020-09-14,4.043927331697398
2020-09-15,4.366164634068489
2020-09-16,4.694520939212251
2020-09-17,5.012300819018131
2020-09-18,5.302808845375576
2020-09-19,5.5660450182845835
2020-09-20,5.802009337745154
2020-09-21,6.010701803757288
2020-09-22,6.192122416320987
2020-09-23,6.346271175436248
2020-09-24,6.473148081103073
2020-09-25,6.572753133321462
2020-09-26,6.645086332091416
2020-09-27,6.690147677412932
2020-09-28,6.707937169286011
2020-09-29,6.698454807710654
2020-09-30,6.661700592686862
2020-10-01,6.597674524214632
2020-10-02,6.506376602293966
2020-10-03,6.387806826924865
2020-10-04,6.241965198107326
2020-10-05,6.06885171584135
2020-10-06,5.8684663801269386
2020-10-07,5.640809190964091
2020-10-08,5.385880148352808
2020-10-09,5.103679252293086
2020-10-10,4.794206502784928
2020-10-11,4.457461899828335
2020-10-12,4.093445443423305
2020-10-13,3.702157133569839
2020-10-14,3.2835969702679364
2020-10-15,2.8377649535175973
2020-10-16,2.3646610833188206
2020-10-17,1.871158897943267
2020-10-18,1.3984996270208818
2020-10-19,0.9535568088233234
2020-10-20,0.5363304433505912
2020-10-21,0.14682053060268666
2020-10-22,-0.2149729294203916
2020-10-23,-0.549049936718644
2020-10-24,-0.8554104912920686
2020-10-25,-1.1340545931406678
2020-10-26,-1.3849822422644387
2020-10-27,-1.6081934386633836
2020-10-28,-1.8036881823375017
2020-10-29,-1.9714664732867933
2020-10-30,-2.1115283115112584
2020-10-31,-2.223873697010896
2020-11-01,-2.3085026297857074
2020-11-02,-2.365415109835692
2020-11-03,-2.3946111371608505
2020-11-04,-2.3960907117611816
2020-11-05,-2.3698538336366863
2020-11-06,-2.315900502787364
2020-11-07,-2.234230719213215
2020-11-08,-2.1248444829142388
2020-11-09,-1.9877417938904371
2020-11-10,-1.822922652141808
2020-11-11,-1.6303870576683521
2020-11-12,-1.4101350104700698
2020-11-13,-1.1621665105469607
2020-11-14,-0.8864815578990246
2020-11-15,-0.5830801525262623
2020-11-16,-0.25196229442867324
2020-11-17,0.08829204130587534
2020-11-18,0.4191028795895165
2020-11-19,0.7404702204222495
2020-11-20,1.0523940638040745
2020-11-21,1.3548744097349916
2020-11-22,1.6479112582150008
2020-11-23,1.9315046092441028
2020-11-24,2.2056544628222965
2020-11-25,2.4703608189495823
2020-11-26,2.7256236776259604
2020-11-27,2.9714430388514304
2020-11-28,3.207818902625993
2020-11-29,3.4347512689496473
2020-11-30,3.6522401378223943
2020-12-01,3.860285509244233
2020-12-02,4.058887383215163
2020-12-03,4.248045759735187
2020-12-04,4.427760638804302
2020-12-05,4.59803202042251
2020-12-06,4.7588599045898095
2020-12-07,4.910244291306201
2020-12-08,5.052185180571685
2020-12-09,5.1846825723862615
2020-12-10,5.307736466749929
2020-12-11,5.42134686366269
2020-12-12,5.5255137631245415
2020-12-13,5.620237165135486
2020-12-14,5.7055170696955235
2020-12-15,5.781353476804652
2020-12-16,5.847746386462873
2020-12-17,5.904577264816267
2020-12-18,5.9511349087413095
2020-12-19,5.987300784384083
2020-12-20,6.013074891744588
2020-12-21,6.0284572308228235
2020-12-22,6.033447801618787
2020-12-23,6.028046604132483
2020-12-24,6.012253638363909
2020-12-25,5.986068904313065
2020-12-26,5.949492401979951
2020-12-27,5.902524131364568
2020-12-28,5.8451640924669155
2020-12-29,5.777412285286992
2020-12-30,5.699268709824801
2020-12-31,5.610733366080338
2021-01-01,5.511806254053607
2021-01-02,5.402487373744606
2021-01-03,5.282776725153334
2021-01-04,5.152674308279795
2021-01-05,5.012180123123985
2021-01-06,4.8612941696859036
2021-01-07,4.700016447965555
2021-01-08,4.5283469579629365
2021-01-09,4.346285699678048
2021-01-10,4.153832673110889
2021-01-11,3.950987878261461
2021-01-12,3.7377513151297626
2021-01-13,3.514122983715796
2021-01-14,3.280102884019559
2021-01-15,3.035691016041052
2021-01-16,2.780887379780276
2021-01-17,2.5175231172267614
2021-01-18,2.256585080317693
2021-01-19,1.9999044110426016
2021-01-20,1.7474811094014895
2021-01-21,1.499315175394355
2021-01-22,1.2554066090211975
2021-01-23,1.0157554102820179
2021-01-24,0.7803615791768165
2021-01-25,0.5492251157055925
2021-01-26,0.32234601986834654
2021-01-27,0.09972429166507825
2021-01-28,-0.11864006890421222
2021-01-29,-0.33274706183952507
2021-01-30,-0.5425966871408605
2021-01-31,-0.7481889448082176
2021-02-01,-0.9495238348415972
2021-02-02,-1.146601357240999
2021-02-03,-1.3394215120064226
2021-02-04,-1.527984299137869
2021-02-05,-1.7122897186353379
2021-02-06,-1.8923377704988285
2021-02-07,-2.068128454728342
2021-02-08,-2.2396617713238762
2021-02-09,-2.4069377202854336
2021-02-10,-2.5699563016130136
2021-02-11,-2.7287175153066157
2021-02-12,-2.8832213613662394
2021-02-13,-3.0334678397918857
2021-02-14,-3.1794569505835546
2021-02-15,-3.3211886937412456
2021-02-16,-3.4563824985287157
2021-02-17,-3.582757794209722
2021-02-18,-3.700314580784265
2021-02-19,-3.809052858252344
2021-02-20,-3.908972626613959
2021-02-21,-4.000073885869112
2021-02-22,-4.0823566360178
2021-02-23,-4.155820877060025
2021-02-24,-4.220466608995786
2021-02-25,-4.2762938318250825
2021-02-26,-4.323302545547916
2021-02-27,-4.361492750164286
2021-02-28,-4.390864445674192
2021-03-01,-4.411417632077635
2021-03-02,-4.423152309374615
2021-03-03,-4.4260684775651296
2021-03-04,-4.420166136649182
2021-03-05,-4.40544528662677
2021-03-06,-4.381905927497893
2021-03-07,-4.349548059262554
2021-03-08,-4.308371681920751
2021-03-09,-4.2583767954724845
2021-03-10,-4.199563399917754
2021-03-11,-4.131931495256561
2021-03-12,-4.055481081488903
2021-03-13,-3.970212158614782
2021-03-14,-3.8761247266341967
2021-03-15,-3.773218785547149
2021-03-16,-3.661494335353636
2021-03-17,-3.5422406885415243
2021-03-18,-3.423193720037998
2021-03-19,-3.3056427423309205
2021-03-20,-3.189587755420293
2021-03-21,-3.0750287593061136
2021-03-22,-2.961965753988384
2021-03-23,-2.8503987394671038
2021-03-24,-2.7403277157422723
2021-03-25,-2.6317526828138904
2021-03-26,-2.524673640681957
2021-03-27,-2.4190905893464745
2021-03-28,-2.31500352880744
2021-03-29,-2.212412459064855
2021-03-30,-2.1113173801187197
2021-03-31,-2.011718291969033
2021-04-01,-1.913615194615796
2021-04-02,-1.8170080880590076
2021-04-03,-1.721896972298669
2021-04-04,-1.6282818473347798
2021-04-05,-1.5361627131673394
2021-04-06,-1.4455395697963482
2021-04-07,-1.3564124172218064
2021-04-08,-1.268781255443714
2021-04-09,-1.1826460844620705
2021-04-10,-1.0980069042768765
2021-04-11,-1.0148637148881314
2021-04-12,-0.9332165162958361
2021-04-13,-0.8530653084999895
2021-04-14,-0.7744100915005925
2021-04-15,-0.6972508652976445
2021-04-16,-0.6215876298911458
2021-04-17,-0.546586318141797
2021-04-18,-0.4714128629102982
2021-04-19,-0.3960672641966495
2021-04-20,-0.3205495220008513
2021-04-21,-0.244859636322903
2021-04-22,-0.16899760716280496
2021-04-23,-0.09296343452055723
2021-04-24,-0.016757118396159593
2021-04-25,0.059621341210387965
2021-04-26,0.1361719442990853
2021-04-27,0.21289469086993223
2021-04-28,0.28978958092292917
2021-04-29,0.36685661445807594
2021-04-30,0.4440957914753725
2021-05-01,0.5215071119748188
2021-05-02,0.599090575956415
2021-05-03,0.676846183420161
2021-05-04,0.7547739343660568
2021-05-05,0.8328738287941023
2021-05-06,0.9111458667042979
2021-05-07,0.989590048096643
2021-05-08,1.068206372971138
2021-05-09,1.146994841327783
2021-05-10,1.2259554531665775
2021-05-11,1.3050882084875222
2021-05-12,1.3843931072906166
2021-05-13,1.4638701495758604
2021-05-14,1.5435193353432544
2021-05-15,1.6233406645927981
2021-05-16,1.7033341373244917
2021-05-17,1.7835794951367272
2021-05-18,1.8645551876198583
2021-05-19,1.9463409563722764
2021-05-20,2.028936801393982
2021-05-21,2.112342722684976
2021-05-22,2.196558720245256
2021-05-23,2.2815847940748237
2021-05-24,2.3674209441736798
2021-05-25,2.454067170541823
2021-05-26,2.5415234731792533
2021-05-27,2.6297898520859713
2021-05-28,2.718866307261977
2021-05-29,2.8087528387072696
2021-05-30,2.8994494464218503
2021-05-31,2.9909561304057175
2021-06-01,3.0832728906588733
2021-06-02,3.176399727181316
2021-06-03,3.2703366399730465
2021-06-04,3.3650836290340638
2021-06-05,3.4606406943643693
2021-06-06,3.557007835963961
2021-06-07,3.6541850538328413
2021-06-08,3.7521723479710087
2021-06-09,3.850969718378464
2021-06-10,3.9505771650552064
2021-06-11,4.050994688001236
2021-06-12,4.152222287216554
2021-06-13,4.254259962701158
2021-06-14,4.357107714455051
2021-06-15,4.460765542478231
2021-06-16,4.565233446770698
2021-06-17,4.663528028213834
2021-06-18,4.748665887689023
2021-06-19,4.820647025196261
2021-06-20,4.879471440735552
2021-06-21,4.925139134306893
2021-06-22,4.957650105910286
2021-06-23,4.977004355545731
2021-06-24,4.983201883213226
2021-06-25,4.976242688912772
2021-06-26,4.956126772644371
2021-06-27,4.92285413440802
2021-06-28,4.876424774203722
2021-06-29,4.816838692031474
2021-06-30,4.744095887891278
2021-07-01,4.658196361783132
2021-07-02,4.559140113707037
2021-07-03,4.446927143662995
2021-07-04,4.321557451651003
2021-07-05,4.183031037671063
2021-07-06,4.031347901723175
2021-07-07,3.8665080438073365
2021-07-08,3.68851146392355
2021-07-09,3.497358162071815
2021-07-10,3.293048138252131
2021-07-11,3.075581392464499
2021-07-12,2.844957924708917
2021-07-13,2.6011777349853875
2021-07-14,2.3442408232939096
2021-07-15,2.0741471896344814
2021-07-16,1.7908968340071052
2021-07-17,1.4976258968858795
2021-07-18,1.2131512211153928
2021-07-19,0.9406089471697445
2021-07-20,0.6799990750489351
2021-07-21,0.43132160475296427
2021-07-22,0.1945765362818315
2021-07-23,-0.030236130364463192
2021-07-24,-0.2431163951859194
2021-07-25,-0.44406425818253736
2021-07-26,-0.6330797193543168
2021-07-27,-0.8101627787012577
2021-07-28,-0.9753134362233604
2021-07-29,-1.1285316919206247
2021-07-30,-1.269817545793051
2021-07-31,-1.3991709978406386
2021-08-01,-1.5165920480633877
2021-08-02,-1.6220806964612982
2021-08-03,-1.7156369430343708
2021-08-04,-1.797260787782605
2021-08-05,-1.8669522307060011
2021-08-06,-1.924711271804558
2021-08-07,-1.970537911078277
2021-08-08,-2.004432148527158
2021-08-09,-2.0263939841512
2021-08-10,-2.036423417950404
2021-08-11,-2.0345204499247695
2021-08-12,-2.020685080074297
2021-08-13,-1.994917308398986
2021-08-14,-1.957217134898836
2021-08-15,-1.907584559573848
2021-08-16,-1.8460195824240222
2021-08-17,-1.773702821842291
2021-08-18,-1.6977179881862572
2021-08-19,-1.6192456998488536
2021-08-20,-1.5382859568300802
2021-08-21,-1.4548387591299379
2021-08-22,-1.368904106748426
2021-08-23,-1.2804819996855448
2021-08-24,-1.189572437941294
2021-08-25,-1.0961754215156738
2021-08-26,-1.0002909504086839
2021-08-27,-0.9019190246203247
2021-08-28,-0.801059644150596
2021-08-29,-0.697712808999498
2021-08-30,-0.5918785191670305
2021-08-31,-0.48355677465319347
2021-09-01,-0.3727475754579869
2021-09-02,-0.259450921581411
2021-09-03,-0.1436668130234656
2021-09-04,-0.025395249784150826
2021-09-05,0.0953637681365333
2021-09-06,0.21861024073858712
2021-09-07,0.3443441680220103
2021-09-08,0.47256554998680306
2021-09-09,0.6032743866329652
2021-09-10,0.7364706779604966
2021-09-11,0.8721544239693977
2021-09-12,1.0103256246596681
2021-09-13,1.1509842800313077
2021-09-14,1.2941303900843175
2021-09-15,1.4397639548186962
2021-09-16,1.5878849742344445
2021-09-17,1.735023578564764
2021-09-18,1.8777098980428573
2021-09-19,2.015943932668723
2021-09-20,2.1497256824423623
2021-09-21,2.279055147363775
2021-09-22,2.403932327432961
2021-09-23,2.52435722264992
2021-09-24,2.640329833014652
2021-09-25,2.7518501585271578
2021-09-26,2.8589181991874373
2021-09-27,2.9615339549954887
2021-09-28,3.059697425951314
2021-09-29,3.1534086120549127
2021-09-30,3.242667513306285
2021-10-01,3.3274741297054296
2021-10-02,3.407828461252348
2021-10-03,3.48373050794704
2021-10-04,3.5551802697895045
2021-10-05,3.6221777467797427
2021-10-06,3.684722938917754
2021-10-07,3.742815846203538
2021-10-08,3.7964564686370963
2021-10-09,3.8456448062184276
2021-10-10,3.8903808589475313
2021-10-11,3.930664626824409
2021-10-12,3.96649610984906
2021-10-13,3.997875308021484
2021-10-14,4.024802221341681
2021-10-15,4.047276849809652
2021-10-16,4.065299193425395
2021-10-17,4.079004473570148
2021-10-18,4.089204018531316
2021-10-19,4.096033049690136
2021-10-20,4.099491567046608
2021-10-21,4.099579570600732
2021-10-22,4.096297060352507
2021-10-23,4.089644036301935
2021-10-24,4.079620498449014
2021-10-25,4.066226446793744
2021-10-26,4.049461881336125
2021-10-27,4.0293268020761595
2021-10-28,4.0058212090138445
2021-10-29,3.9789451021491815
2021-10-30,3.9486984814821704
2021-10-31,3.9150813470128103
2021-11-01,3.8780936987411017
2021-11-02,3.837735536667046
2021-11-03,3.7940068607906414
2021-11-04,3.746907671111888
2021-11-05,3.6964379676307866
2021-11-06,3.6425977503473375
2021-11-07,3.5853870192615385
2021-11-08,3.5248057743733923
2021-11-09,3.460854015682898
2021-11-10,3.3935317431900547
2021-11-11,3.322838956894863
2021-11-12,3.2487756567973234
2021-11-13,3.171341842897435
2021-11-14,3.090537515195199
2021-11-15,3.006362673690614
2021-11-16,2.918817318383681
2021-11-17,2.8292708213122717
2021-11-18,2.739092554514257
2021-11-19,2.648282517989637
2021-11-20,2.556840711738413
2021-11-21,2.4647671357605834
2021-11-22,2.372061790056149
2021-11-23,2.27872467462511
2021-11-24,2.184755789467466
2021-11-25,2.090155134583217
2021-11-26,1.9949227099723632
2021-11-27,1.8990585156349045
2021-11-28,1.802562551570841
2021-11-29,1.7054348177801721
2021-11-30,1.607675314262899
2021-12-01,1.5092840410190207
2021-12-02,1.4102609980485372
2021-12-03,1.3106061853514495
2021-12-04,1.2103196029277563
2021-12-05,1.1094012507774584
2021-12-06,1.0078511289005556
2021-12-07,0.9056692372970477
2021-12-08,0.8028555759669352
2021-12-09,0.6994101449102177
2021-12-10,0.5953329441268953
2021-12-11,0.4906239736169681
2021-12-12,0.38528323338043585
2021-12-13,0.2793107234172989
2021-12-14,0.172706443727557
2021-12-15,0.0654703943112099
2021-12-16,-0.04239742483174188
2021-12-17,-0.14986584926450844
2021-12-18,-0.2507478923663494
2021-12-19,-0.3440123897004746
2021-12-20,-0.4296593412668843
2021-12-21,-0.5076887470655784
2021-12-22,-0.5781006070965564
2021-12-23,-0.6408949213598193
2021-12-24,-0.696071689855366
2021-12-25,-0.7436309125831974
2021-12-26,-0.7835725895433131
2021-12-27,-0.815896720735713
2021-12-28,-0.8406033061603971
2021-12-29,-0.8576923458173656
2021-12-30,-0.8671638397066187
2021-12-31,-0.8690177878281559
2022-01-01,-0.8632541901819777
2022-01-02,-0.8498730467680831
2022-01-03,-0.8288743575864733
2022-01-04,-0.8002581226371479
2022-01-05,-0.7640243419201066
2022-01-06,-0.7201730154353496
2022-01-07,-0.6687041431828773
2022-01-08,-0.6096177251626891
2022-01-09,-0.5429137613747852
2022-01-10,-0.46859225181916575
2022-01-11,-0.38665319649583046
2022-01-12,-0.29709659540477945
2022-01-13,-0.19992244854601293
2022-01-14,-0.09513075591953069
2022-01-15,0.017278482474667255
2022-01-16,0.13730526663658082
2022-01-17,0.26223552734316924
2022-01-18,0.3757848492561879
2022-01-19,0.4752391631525956
2022-01-20,0.5605984690323927
2022-01-21,0.6318627668955786
2022-01-22,0.6890320567421544
2022-01-23,0.732106338572119
2022-01-24,0.7610856123854731
2022-01-25,0.7759698781822161
2022-01-26,0.7767591359623482
2022-01-27,0.7634533857258701
2022-01-28,0.7360526274727809
2022-01-29,0.694556861203081
2022-01-30,0.6389660869167703
2022-01-31,0.5692803046138485
2022-02-01,0.4854995142943166
2022-02-02,0.3876237159581734
2022-02-03,0.27565290960541955
2022-02-04,0.14958709523605523
2022-02-05,0.00942627285007958
2022-02-06,-0.14482955755250626
2022-02-07,-0.3131803959717035
2022-02-08,-0.49562624240751074
2022-02-09,-0.6921670968599293
2022-02-10,-0.9028029593289586
2022-02-11,-1.1275338298145985
2022-02-12,-1.3663597083168493
2022-02-13,-1.6192805948357105
2022-02-14,-1.8862964893711829
2022-02-15,-2.167407391923266
2022-02-16,-2.4463035693031308
2022-02-17,-2.70667528832195
2022-02-18,-2.948522548979722
2022-02-19,-3.1718453512764477
2022-02-20,-3.3766436952121266
2022-02-21,-3.5629175807867597
2022-02-22,-3.7306670080003466
2022-02-23,-3.8798919768528863
2022-02-24,-4.01059248734438
2022-02-25,-4.122768539474826
2022-02-26,-4.216420133244227
2022-02-27,-4.291547268652581
2022-02-28,-4.3481499456998876
2022-03-01,-4.386228164386149
2022-03-02,-4.405781924711364
2022-03-03,-4.406811226675532
2022-03-04,-4.389316070278654
2022-03-05,-4.353296455520728
2022-03-06,-4.298752382401758
2022-03-07,-4.225683850921739
2022-03-08,-4.134090861080675
2022-03-09,-4.023973412878563
2022-03-10,-3.895331506315407
2022-03-11,-3.748165141391204
2022-03-12,-3.5824743181059526
2022-03-13,-3.398259036459656
2022-03-14,-3.1955192964523125
2022-03-15,-2.9742550980839235
2022-03-16,-2.734466441354487
2022-03-17,-2.4791177648902067
2022-03-18,-2.2259957004483013
2022-03-19,-1.9780646866549723
2022-03-20,-1.7353247235102196
2022-03-21,-1.4977758110140436
2022-03-22,-1.2654179491664441
2022-03-23,-1.0382511379674215
2022-03-24,-0.8162753774169758
2022-03-25,-0.5994906675151063
2022-03-26,-0.3878970082618136
2022-03-27,-0.18149439965709782
2022-03-28,0.0197171582990417
2022-03-29,0.21573766560660415
2022-03-30,0.40656712226558983
2022-03-31,0.5922055282759996
2022-04-01,0.7726528836378322
2022-04-02,0.947909188351088
2022-04-03,1.1179744424157672
2022-04-04,1.28284864583187
2022-04-05,1.442531798599396
2022-04-06,1.597023900718345
2022-04-07,1.7463249521887174
2022-04-08,1.8904349530105138
2022-04-09,2.029353903183733
2022-04-10,2.1630818027083754
2022-04-11,2.2916186515844417
2022-04-12,2.4149644498119307
2022-04-13,2.5331191973908433
2022-04-14,2.6460828943211796
2022-04-15,2.7538555406029386
2022-04-16,2.856437136236121
2022-04-17,2.950155675260718
2022-04-18,3.0313391517167214
2022-04-19,3.0999875656041294
2022-04-20,3.156100916922943
2022-04-21,3.1996792056731627
2022-04-22,3.2307224318547876
2022-04-23,3.2492305954678184
2022-04-24,3.2552036965122553
2022-04-25,3.2486417349880967
2022-04-26,3.229544710895345
2022-04-27,3.197912624233998
2022-04-28,3.153745475004057
2022-04-29,3.097043263205521
2022-04-30,3.027805988838392
2022-05-01,2.9460336519026677
2022-05-02,2.8517262523983486
2022-05-03,2.744883790325436
2022-05-04,2.6255062656839283
2022-05-05,2.4935936784738266
2022-05-06,2.3491460286951305
2022-05-07,2.19216331634784
2022-05-08,2.022645541431955
2022-05-09,1.8405927039474757
2022-05-10,1.646004803894402
2022-05-11,1.4388818412727336
2022-05-12,1.2192238160824715
2022-05-13,0.9870307283236147
2022-05-14,0.7423025779961636
2022-05-15,0.48503936510011814
2022-05-16,0.21524108963547792
2022-05-17,-0.06241002596737909
2022-05-18,-0.31982064712618846
2022-05-19,-0.5523085514105727
2022-05-20,-0.759873738820532
2022-05-21,-0.942516209356066
2022-05-22,-1.1002359630171752
2022-05-23,-1.2330329998038592
2022-05-24,-1.3409073197161185
2022-05-25,-1.423858922753953
2022-05-26,-1.4818878089173615
2022-05-27,-1.5149939782063457
2022-05-28,-1.5231774306209047
2022-05-29,-1.5064381661610389
2022-05-30,-1.4647761848267478
2022-05-31,-1.3981914866180316
2022-06-01,-1.3066840715348904
2022-06-02,-1.1902539395773244
2022-06-03,-1.0489010907453333
2022-06-04,-0.8826255250389167
2022-06-05,-0.6914272424580759
2022-06-06,-0.4753062430028101
2022-06-07,-0.23426252667311825
2022-06-08,0.0317039065309985
2022-06-09,0.32259305660953963
2022-06-10,0.6384049235625057
2022-06-11,0.9791395073898972
2022-06-12,1.3447968080917136
2022-06-13,1.735376825667955
2022-06-14,2.150879560118622
2022-06-15,2.5913050114437133
2022-06-16,3.0566531796432295
2022-06-17,3.5202068906410755
2022-06-18,3.955248970361156
2022-06-19,4.361779418803469
2022-06-20,4.739798235968017
2022-06-21,5.089305421854798
2022-06-22,5.4103009764638115
2022-06-23,5.70278489979506
2022-06-24,5.966757191848542
2022-06-25,6.2022178526242575
2022-06-26,6.409166882122207
2022-06-27,6.587604280342391
2022-06-28,6.7375300472848085
2022-06-29,6.858944182949459
2022-06-30,6.951846687336345
2022-07-01,7.016237560445463
2022-07-02,7.052116802276815
2022-07-03,7.059484412830401
2022-07-04,7.038340392106221
2022-07-05,6.988684740104274
2022-07-06,6.910517456824562
2022-07-07,6.803838542267082
2022-07-08,6.668647996431837
2022-07-09,6.504945819318826
2022-07-10,6.312732010928047
2022-07-11,6.092006571259504
2022-07-12,5.842769500313193
2022-07-13,5.565020798089117
2022-07-14,5.258760464587275
2022-07-15,4.923988499807665
2022-07-16,4.560704903750289
2022-07-17,4.173886493715861
2022-07-18,3.793394173508651
2022-07-19,3.424204760429374
2022-07-20,3.066318254478029
2022-07-21,2.7197346556546167
2022-07-22,2.384453963959136
2022-07-23,2.0604761793915882
2022-07-24,1.7478013019519716
2022-07-25,1.4464293316402876
2022-07-26,1.1563602684565353
2022-07-27,0.8775941124007163
2022-07-28,0.6101308634728286
2022-07-29,0.35397052167287324
2022-07-30,0.10911308700084982
2022-07-31,-0.12444144054324108
2022-08-01,-0.3466930609593998
2022-08-02,-0.5576417742476264
2022-08-03,-0.7572875804079208
2022-08-04,-0.9456304794402831
2022-08-05,-1.1226704713447133
2022-08-06,-1.288407556121211
2022-08-07,-1.4428417337697763
2022-08-08,-1.58597300429041
2022-08-09,-1.7178013676831114
2022-08-10,-1.8383268239478807
2022-08-11,-1.9475493730847178
2022-08-12,-2.0454690150936226
2022-08-13,-2.1320857499745953
2022-08-14,-2.2073995777276356
2022-08-15,-2.2714104983527434
2022-08-16,-2.32411851184992
2022-08-17,-2.3668765435581185
2022-08-18,-2.4078021455110683
2022-08-19,-2.448248243047724
2022-08-20,-2.488214836168085
2022-08-21,-2.5277019248721526
2022-08-22,-2.5667095091599257
2022-08-23,-2.605237589031405
2022-08-24,-2.6432861644865895
2022-08-25,-2.6808552355254807
2022-08-26,-2.7179448021480765
2022-08-27,-2.7545548643543794
2022-08-28,-2.7906854221443878
2022-08-29,-2.8263364755181017
2022-08-30,-2.8615080244755218
2022-08-31,-2.8962000690166474
2022-09-01,-2.930412609141479
2022-09-02,-2.9641456448500167
2022-09-03,-2.9973991761422596
2022-09-04,-3.0301732030182094
2022-09-05,-3.0624677254778643
2022-09-06,-3.094282743521225
2022-09-07,-3.1256182571482913
2022-09-08,-3.1564742663590644
2022-09-09,-3.1868507711535425
2022-09-10,-3.2167477715317268
2022-09-11,-3.246165267493617
2022-09-12,-3.2751032590392133
2022-09-13,-3.3035617461685147
2022-09-14,-3.331540728881523
2022-09-15,-3.359040207178236
2022-09-16,-3.3860601810586552
2022-09-17,-3.4094416823544402
2022-09-18,-3.4260257428972514
2022-09-19,-3.4358123626870865
2022-09-20,-3.438801541723947
2022-09-21,-3.4349932800078333
2022-09-22,-3.4243875775387442
2022-09-23,-3.4069844343166813
2022-09-24,-3.382783850341643
2022-09-25,-3.3517858256136304
2022-09-26,-3.3139903601326433
2022-09-27,-3.2693974538986814
2022-09-28,-3.2180071069117444
2022-09-29,-3.1598193191718327
2022-09-30,-3.094834090678947
2022-10-01,-3.0230514214330864
2022-10-02,-2.9444713114342504
2022-10-03,-2.8590937606824403
2022-10-04,-2.7669187691776553
2022-10-05,-2.6679463369198957
2022-10-06,-2.5621764639091613
2022-10-07,-2.449609150145452
2022-10-08,-2.3302443956287684
2022-10-09,-2.2040822003591103
2022-10-10,-2.0711225643364766
2022-10-11,-1.9313654875608688
2022-10-12,-1.7848109700322863
2022-10-13,-1.6314590117507293
2022-10-14,-1.4713096127161973
2022-10-15,-1.3043627729286906
2022-10-16,-1.130618492388209
2022-10-17,-0.9519882730936087
2022-10-18,-0.7799411270380221
2022-10-19,-0.6163885562203053
2022-10-20,-0.4613305606404581
2022-10-21,-0.31476714029848085
2022-10-22,-0.17669829519437277
2022-10-23,-0.04712402532813426
2022-10-24,0.07395566930023419
2022-10-25,0.18654078869073354
2022-10-26,0.29063133284336273
2022-10-27,0.38622730175812264
2022-10-28,0.4733286954350129
2022-10-29,0.5519355138740334
2022-10-30,0.6220477570751844
2022-10-31,0.6836654250384656
2022-11-01,0.7367885177638772
2022-11-02,0.7814170352514196
2022-11-03,0.817550977501092
2022-11-04,0.8451903445128948
2022-11-05,0.8643351362868281
2022-11-06,0.8749853528228917
2022-11-07,0.8771409941210853
2022-11-08,0.8708020601814097
2022-11-09,0.8559685510038645
2022-11-10,0.8326404665884497
2022-11-11,0.8008178069351651
2022-11-12,0.7605005720440109
2022-11-13,0.7116887619149871
2022-11-14,0.6543823765480937
2022-11-15,0.5885814159433307
2022-11-16,0.5142858801006981
2022-11-17,0.433972777158104
2022-11-18,0.3501191152534567
2022-11-19,0.26272489438675617
2022-11-20,0.17179011455800242
2022-11-21,0.07731477576719543
2022-11-22,-0.020701121985664764
2022-11-23,-0.12225757870057823
2022-11-24,-0.22735459437754488
2022-11-25,-0.3359921690165648
2022-11-26,-0.44817030261763796
2022-11-27,-0.5638889951807644
2022-11-28,-0.6831482467059439
2022-11-29,-0.8059480571931767
2022-11-30,-0.9322884266424628
2022-12-01,-1.062169355053802
2022-12-02,-1.1955908424271946
2022-12-03,-1.3325528887626406
2022-12-04,-1.4730554940601392
2022-12-05,-1.6170986583196916
2022-12-06,-1.7646823815412969
2022-12-07,-1.9158066637249556
2022-12-08,-2.070471504870668
2022-12-09,-2.2286769049784327
2022-12-10,-2.3904228640482508
2022-12-11,-2.5557093820801224
2022-12-12,-2.724536459074047
2022-12-13,-2.896904095030025
2022-12-14,-3.0728122899480566
2022-12-15,-3.252261043828141
2022-12-16,-3.4352503566702786
2022-12-17,-3.61920969268939
2022-12-18,-3.788715837174994
2022-12-19,-3.9411982543420128
2022-12-20,-4.076656944190445
2022-12-21,-4.195091906720292
2022-12-22,-4.296503141931552
2022-12-23,-4.380890649824226
2022-12-24,-4.448254430398314
2022-12-25,-4.498594483653816
2022-12-26,-4.531910809590731
2022-12-27,-4.548203408209062
2022-12-28,-4.547472279508805
2022-12-29,-4.529717423489963
2022-12-30,-4.494938840152534
2022-12-31,-4.443136529496519
2023-01-01,-4.374310491521919
2023-01-02,-4.28846072622873
2023-01-03,-4.185587233616957
2023-01-04,-4.0656900136865985
2023-01-05,-3.9287690664376527
2023-01-06,-3.77482439187012
2023-01-07,-3.603855989984003
2023-01-08,-3.4158638607792993
2023-01-09,-3.2108480042560092
2023-01-10,-2.9888084204141334
2023-01-11,-2.7497451092536713
2023-01-12,-2.493658070774622
2023-01-13,-2.2205473049769875
2023-01-14,-1.930412811860767
2023-01-15,-1.6232545914259602
2023-01-16,-1.2990726436725673
2023-01-17,-0.9618279481906882
2023-01-18,-0.6352863825209224
2023-01-19,-0.3234089262533702
2023-01-20,-0.026195579388030507
2023-01-21,0.25635365807509436
2023-01-22,0.524238786136007
2023-01-23,0.7774598047947061
2023-01-24,1.016016714051192
2023-01-25,1.2399095139054641
2023-01-26,1.4491382043575225
2023-01-27,1.6437027854073682
2023-01-28,1.8236032570550007
2023-01-29,1.9888396193004194
2023-01-30,2.1394118721436253
2023-01-31,2.275320015584617
2023-02-01,2.396564049623396
2023-02-02,2.5031439742599613
2023-02-03,2.5950597894943126
2023-02-04,2.672311495326452
2023-02-05,2.7348990917563776
2023-02-06,2.7828225787840895
2023-02-07,2.8160819564095876
2023-02-08,2.834677224632873
2023-02-09,2.838608383453945
2023-02-10,2.827875432872803
2023-02-11,2.8024783728894485
2023-02-12,2.76241720350388
2023-02-13,2.7076919247160984
2023-02-14,2.6383025365261044
2023-02-15,2.5542490389338957
2023-02-16,2.4636689749980953
2023-02-17,2.3746998877773233
2023-02-18,2.287341777271581
2023-02-19,2.201594643480867
2023-02-20,2.1174584864051815
2023-02-21,2.0349333060445254
2023-02-22,1.954019102398898
2023-02-23,1.8747158754683
2023-02-24,1.79702362525273
2023-02-25,1.720942351752189
2023-02-26,1.6464720549666767
2023-02-27,1.5736127348961937
2023-02-28,1.5023643915407392
2023-03-01,1.432727024900314
2023-03-02,1.3647006349749176
2023-03-03,1.2982852217645495
2023-03-04,1.2334807852692107
2023-03-05,1.1702873254889006
2023-03-06,1.1087048424236192
2023-03-07,1.0487333360733668
2023-03-08,0.9903728064381432
2023-03-09,0.9336232535179484
2023-03-10,0.8784846773127828
2023-03-11,0.8249570778226457
2023-03-12,0.7730404550475375
2023-03-13,0.7227348089874582
2023-03-14,0.6740401396424077
2023-03-15,0.6269564470123861
2023-03-16,0.5814837310973933
2023-03-17,0.5375642676950486
2023-03-18,0.49485171159106794
2023-03-19,0.4532883385830703
2023-03-20,0.41287414867105604
2023-03-21,0.3736091418550248
2023-03-22,0.33549331813497674
2023-03-23,0.298526677510912
2023-03-24,0.2627092199828304
2023-03-25,0.22804094555073195
2023-03-26,0.1945218542146167
2023-03-27,0.1621519459744847
2023-03-28,0.13093122083033581
2023-03-29,0.10085967878217016
2023-03-30,0.07193731982998773
2023-03-31,0.04416414397378841
2023-04-01,0.0175401512135723
2023-04-02,-0.007934658450660577
2023-04-03,-0.032260285018910276
2023-04-04,-0.055436728491176826
2023-04-05,-0.07746398886746016
2023-04-06,-0.09834206614776028
2023-04-07,-0.11807096033207724
2023-04-08,-0.13665067142041104
2023-04-09,-0.1540811994127616
2023-04-10,-0.17036254430912898
2023-04-11,-0.18549470610951319
2023-04-12,-0.1994776848139142
2023-04-13,-0.212311480422332
2023-04-14,-0.22399609293476666
2023-04-15,-0.2345315223512181
2023-04-16,-0.24391776867168632
2023-04-17,-0.25046596187563974
2023-04-18,-0.2524872319425466
2023-04-19,-0.2499815788724068
2023-04-20,-0.2429490026652205
2023-04-21,-0.23138950332098765
2023-04-22,-0.21530308083970823
2023-04-23,-0.19468973522138222
2023-04-24,-0.1695494664660097
2023-04-25,-0.1398822745735906
2023-04-26,-0.10568815954412498
2023-04-27,-0.06696712137761278
2023-04-28,-0.023719160074054068
2023-04-29,0.024055724366551397
2023-04-30,0.07635753194420315
2023-05-01,0.1331862626589016
2023-05-02,0.19454191651064665
2023-05-03,0.26042449349943814
2023-05-04,0.3308339936252763
2023-05-05,0.40577041688816096
2023-05-06,0.48523376328809226
2023-05-07,0.56922403282507
2023-05-08,0.6577412254990942
2023-05-09,0.7507853413101654
2023-05-10,0.8483563802582825
2023-05-11,0.9504543423434467
2023-05-12,1.0570792275656575
2023-05-13,1.1682310359249144
2023-05-14,1.283909767421218
2023-05-15,1.4041154220545684
2023-05-16,1.528847999824965
2023-05-17,1.6557630892943807
2023-05-18,1.7707942218346489
2023-05-19,1.871596986007741
2023-05-20,1.9581713818136581
2023-05-21,2.0305174092524
2023-05-22,2.088635068323966
2023-05-23,2.132524359028356
2023-05-24,2.1621852813655718
2023-05-25,2.1776178353356115
2023-05-26,2.1788220209384757
2023-05-27,2.1657978381741647
2023-05-28,2.1385452870426773
2023-05-29,2.0970643675440157
2023-05-30,2.041355079678178
2023-05-31,1.971417423445165
2023-06-01,1.887251398844976
2023-06-02,1.788857005877613
2023-06-03,1.6762342445430738
2023-06-04,1.5493831148413582
2023-06-05,1.4083036167724683
2023-06-06,1.2529957503364026
2023-06-07,1.0834595155331612
2023-06-08,0.8996949123627442
2023-06-09,0.7017019408251525
2023-06-10,0.48948060092038465
2023-06-11,0.2630308926484418
2023-06-12,0.022352816009323387
2023-06-13,-0.23255362899697074
2023-06-14,-0.5016884423704403
2023-06-15,-0.785051624111085
2023-06-16,-1.082643174218905
2023-06-17,-1.3819164792396248
2023-06-18,-1.6703249257189687
2023-06-19,-1.9478685136569358
2023-06-20,-2.2145472430535267
2023-06-21,-2.4703611139087407
2023-06-22,-2.7153101262225787
2023-06-23,-2.9493942799950403
2023-06-24,-3.172613575226125
2023-06-25,-3.384968011915834
2023-06-26,-3.586457590064166
2023-06-27,-3.777082309671122
2023-06-28,-3.956842170736702
2023-06-29,-4.125737173260904
2023-06-30,-4.283767317243732
2023-07-01,-4.430932602685183
2023-07-02,-4.567233029585256
2023-07-03,-4.692668597943954
2023-07-04,-4.807239307761275
2023-07-05,-4.910945159037221
2023-07-06,-5.003786151771789
2023-07-07,-5.0857622859649805
2023-07-08,-5.156873561616797
2023-07-09,-5.217119978727236
2023-07-10,-5.266501537296299
2023-07-11,-5.305018237323986
2023-07-12,-5.332670078810295
2023-07-13,-5.3494570617552295
2023-07-14,-5.355379186158788
2023-07-15,-5.350436452020968
2023-07-16,-5.334628859341772
2023-07-17,-5.308636467493633
2023-07-18,-5.276539632711133
2023-07-19,-5.239018414366706
2023-07-20,-5.1960728124603515
2023-07-21,-5.147702826992069
2023-07-22,-5.0939084579618585
2023-07-23,-5.034689705369722
2023-07-24,-4.970046569215657
2023-07-25,-4.899979049499664
2023-07-26,-4.824487146221744
2023-07-27,-4.7435708593818955
2023-07-28,-4.657230188980121
2023-07-29,-4.565465135016417
2023-07-30,-4.468275697490786
2023-07-31,-4.365661876403228
2023-08-01,-4.257623671753741
2023-08-02,-4.144161083542328
2023-08-03,-4.025274111768986
2023-08-04,-3.9009627564337177
2023-08-05,-3.7712270175365217
2023-08-06,-3.6360668950773967
2023-08-07,-3.4954823890563445
2023-08-08,-3.349473499473365
2023-08-09,-3.1980402263284584
2023-08-10,-3.0411825696216233
2023-08-11,-2.8789005293528613
2023-08-12,-2.711194105522171
2023-08-13,-2.538063298129554
2023-08-14,-2.3595081071750084
2023-08-15,-2.1755285326585354
2023-08-16,-1.9861245745801352
2023-08-17,-1.7935709058438811
2023-08-18,-1.6115155638742167
2023-08-19,-1.442233221575215
2023-08-20,-1.285723878946877
2023-08-21,-1.1419875359892029
2023-08-22,-1.011024192702192
2023-08-23,-0.8928338490858445
2023-08-24,-0.7874165051401603
2023-08-25,-0.6947721608651398
2023-08-26,-0.6149008162607824
2023-08-27,-0.5478024713270885
2023-08-28,-0.49347712606405836
2023-08-29,-0.4519247804716912
2023-08-30,-0.4231454345499879
2023-08-31,-0.4071390882989476
2023-09-01,-0.4039057417185711
2023-09-02,-0.4134453948088578
2023-09-03,-0.43575804756980796
2023-09-04,-0.4708437000014216
2023-09-05,-0.5187023521036986
2023-09-06,-0.579334003876639
2023-09-07,-0.6527386553202429
2023-09-08,-0.7389163064345106
2023-09-09,-0.8378669572194413
2023-09-10,-0.9495906076750352
2023-09-11,-1.074087257801293
2023-09-12,-1.211356907598214
2023-09-13,-1.3613995570657982
2023-09-14,-1.5242152062040466
2023-09-15,-1.699803855012958
2023-09-16,-1.8881655034925324
2023-09-17,-2.0751981085666813
2023-09-18,-2.246799627159315
2023-09-19,-2.4029700592704324
2023-09-20,-2.543709404900034
2023-09-21,-2.6690176640481207
2023-09-22,-2.778894836714692
2023-09-23,-2.873340922899748
2023-09-24,-2.952355922603288
2023-09-25,-3.0159398358253124
2023-09-26,-3.064092662565822
2023-09-27,-3.096814402824815
2023-09-28,-3.1141050566022934
2023-09-29,-3.115964623898256
2023-09-30,-3.1023931047127036
2023-10-01,-3.0733904990456353
2023-10-02,-3.028956806897051
2023-10-03,-2.9690920282669517
2023-10-04,-2.893796163155337
2023-10-05,-2.8030692115622062
2023-10-06,-2.6969111734875604
2023-10-07,-2.575322048931399
2023-10-08,-2.438301837893722
2023-10-09,-2.2858505403745295
2023-10-10,-2.1179681563738213
2023-10-11,-1.9346546858915978
2023-10-12,-1.735910128927859
2023-10-13,-1.5217344854826045
2023-10-14,-1.2921277555558346
2023-10-15,-1.0470899391475492
2023-10-16,-0.7866210362577478
2023-10-17,-0.5144018637600335
2023-10-18,-0.2525173228960152
2023-10-19,-0.00464823053929634
2023-10-20,0.22920541331012412
2023-10-21,0.4490436086522456
2023-10-22,0.6548663554870684
2023-10-23,0.8466736538145927
2023-10-24,1.0244655036348183
2023-10-25,1.1882419049477453
2023-10-26,1.338002857753373
2023-10-27,1.4737483620517025
2023-10-28,1.5954784178427328
2023-10-29,1.7031930251264649
2023-10-30,1.796892183902898
2023-10-31,1.876575894172032
2023-11-01,1.9422441559338677
2023-11-02,1.9938969691884048
2023-11-03,2.0315343339356433
2023-11-04,2.0551562501755822
2023-11-05,2.0647627179082235
2023-11-06,2.0603537371335654
2023-11-07,2.0419293078516083
2023-11-08,2.009489430062353
2023-11-09,1.963034103765799
2023-11-10,1.902563328961946
2023-11-11,1.8280771056507947
2023-11-12,1.7395754338323441
2023-11-13,1.637058313506595
2023-11-14,1.5205257446735476
2023-11-15,1.389977727333201
2023-11-16,1.245414261485556
2023-11-17,1.0981444768728237
2023-11-18,0.9594775032372149
2023-11-19,0.8294133405787303
2023-11-20,0.7079519888973701
2023-11-21,0.5950934481931336
2023-11-22,0.4908377184660211
2023-11-23,0.395184799716033
2023-11-24,0.30813469194316856
2023-11-25,0.22968739514742822
2023-11-26,0.15984290932881198
2023-11-27,0.09860123448731993
2023-11-28,0.045962370622951665
2023-11-29,0.0019263177357076167
2023-11-30,-0.033506924174412596
2023-12-01,-0.0603373551074087
2023-12-02,-0.07856497506328053
2023-12-03,-0.08818978404202865
2023-12-04,-0.08921178204365256
2023-12-05,-0.08163096906815238
2023-12-06,-0.06544734511552838
2023-12-07,-0.04066091018578022
2023-12-08,-0.007271664278907926
2023-12-09,0.03472039260508818
2023-12-10,0.08531526046620852
2023-12-11,0.14451293930445275
2023-12-12,0.2123134291198211
2023-12-13,0.28871672991231345
2023-12-14,0.3737228416819298
2023-12-15,0.46733176442867036
2023-12-16,0.5695434981525348
2023-12-17,0.6787730864172532
2023-12-18,0.7855107906052053
2023-12-19,0.8881716542801218
2023-12-20,0.986755677442002
2023-12-21,1.0812628600908458
2023-12-22,1.1716932022266535
2023-12-23,1.2580467038494252
2023-12-24,1.3403233649591606
2023-12-25,1.4185231855558602
2023-12-26,1.4926461656395233
2023-12-27,1.5626923052101502
2023-12-28,1.6286616042677413
2023-12-29,1.690554062812296
2023-12-30,1.7483696808438147
2023-12-31,1.802108458362297
2024-01-01,1.8517703953677431
2024-01-02,1.8973554918601534
2024-01-03,1.9388637478395276
2024-01-04,1.9762951633058656
2024-01-05,2.0096497382591676
2024-01-06,2.0389274726994326
2024-01-07,2.0641283666266625
2024-01-08,2.0852524200408555
2024-01-09,2.102299632942013
2024-01-10,2.115270005330134
2024-01-11,2.1241635372052188
2024-01-12,2.1289802285672677
2024-01-13,2.12972007941628
2024-01-14,2.126383089752257
2024-01-15,2.1189692595751968
2024-01-16,2.107478588885101
2024-01-17,2.0924341962752253
2024-01-18,2.0769747933051055
2024-01-19,2.061623498567998
2024-01-20,2.0463803120639033
2024-01-21,2.0312452337928204
2024-01-22,2.01621826375475
2024-01-23,2.0012994019496917
2024-01-24,1.986488648377646
2024-01-25,1.9717860030386127
2024-01-26,1.9571914659325913
2024-01-27,1.9427050370595826
2024-01-28,1.9283267164195859
2024-01-29,1.9140565040126014
2024-01-30,1.8998943998386295
2024-01-31,1.88584040389767
2024-02-01,1.8718945161897225
2024-02-02,1.8580567367147875
2024-02-03,1.8443270654728647
2024-02-04,1.8307055024639542
2024-02-05,1.8171920476880563
2024-02-06,1.8037867011451705
2024-02-07,1.7904894628352972
2024-02-08,1.7773003327584358
2024-02-09,1.7642193109145872
2024-02-10,1.7512463973037504
2024-02-11,1.738381591925926
2024-02-12,1.7256248947811144
2024-02-13,1.7129763058693144
2024-02-14,1.7004358251905272
2024-02-15,1.6880034527447523
2024-02-16,1.674659560299846
2024-02-17,1.6542863784629478
2024-02-18,1.625864279001914
2024-02-19,1.5893932619167448
2024-02-20,1.54487332720744
2024-02-21,1.492304474874
2024-02-22,1.4316867049164241
2024-02-23,1.363020017334713
2024-02-24,1.2863044121288663
2024-02-25,1.2015398892988838
2024-02-26,1.1087264488447661
2024-02-27,1.0078640907665126
2024-02-28,0.898952815064124
2024-02-29,0.7819926217375996
2024-03-01,0.6569835107869395
2024-03-02,0.5239254822121444
2024-03-03,0.3828185360132136
2024-03-04,0.23366267219014705
2024-03-05,0.07645789074294515
2024-03-06,-0.0887958083283921
2024-03-07,-0.26209842502386477
2024-03-08,-0.44344995934347314
2024-03-09,-0.6328504112872173
2024-03-10,-0.8302997808550964
2024-03-11,-1.0357980680471113
2024-03-12,-1.249345272863262
2024-03-13,-1.4709413953035475
2024-03-14,-1.7005864353679694
2024-03-15,-1.938280393056526
2024-03-16,-2.1840232683692187
2024-03-17,-2.434624945963161
2024-03-18,-2.6709447337810426
2024-03-19,-2.889792516479977
2024-03-20,-3.091168294059964
2024-03-21,-3.275072066521005
2024-03-22,-3.441503833863099
2024-03-23,-3.590463596086246
2024-03-24,-3.7219513531904465
2024-03-25,-3.8359671051757003
2024-03-26,-3.932510852042006
2024-03-27,-4.011582593789367
2024-03-28,-4.073182330417779
2024-03-29,-4.117310061927245
2024-03-30,-4.1439657883177645
2024-03-31,-4.153149509589337
2024-04-01,-4.1448612257419635
2024-04-02,-4.119100936775642
2024-04-03,-4.0758686426903745
2024-04-04,-4.01516434348616
2024-04-05,-3.9369880391629977
2024-04-06,-3.84133972972089
2024-04-07,-3.728219415159835
2024-04-08,-3.597627095479833
2024-04-09,-3.449562770680884
2024-04-10,-3.2840264407629887
2024-04-11,-3.1010181057261463
2024-04-12,-2.9005377655703577
2024-04-13,-2.682585420295622
2024-04-14,-2.447161069901939
2024-04-15,-2.194264714389309
2024-04-16,-1.9238963537577327
2024-04-17,-1.65278157190905
2024-04-18,-1.397645952745101
2024-04-19,-1.1584894962658858
2024-04-20,-0.9353122024714055
2024-04-21,-0.7281140713616586
2024-04-22,-0.5368951029366457
2024-04-23,-0.36165529719636685
2024-04-24,-0.20239465414082225
2024-04-25,-0.05911317377001096
2024-04-26,0.06818914391606613
2024-04-27,0.17951229891740875
2024-04-28,0.27485629123401767
2024-04-29,0.3542211208658926
2024-04-30,0.4176067878130338
2024-05-01,0.4650132920754406
2024-05-02,0.4964406336531138
2024-05-03,0.5118888125460529
2024-05-04,0.511357828754258
2024-05-05,0.4948476822777291
2024-05-06,0.46235837311646605
2024-05-07,0.41388990127046915
2024-05-08,0.34944226673973866
2024-05-09,0.26901546952427335
2024-05-10,0.17260950962407454
2024-05-11,0.060224387039141625
2024-05-12,-0.06813989823052521
2024-05-13,-0.21248334618492573
2024-05-14,-0.3728059568240604
2024-05-15,-0.5491077301479292
2024-05-16,-0.741388666156532
2024-05-17,-0.9469303881498623
2024-05-18,-1.1494226359278839
2024-05-19,-1.3461470327905893
2024-05-20,-1.5371035787379796
2024-05-21,-1.7222922737700541
2024-05-22,-1.9017131178868132
2024-05-23,-2.0753661110882566
2024-05-24,-2.2432512533743845
2024-05-25,-2.4053685447451976
2024-05-26,-2.5617179852006937
2024-05-27,-2.712299574740875
2024-05-28,-2.8571133133657414
2024-05-29,-2.9961592010752915
2024-05-30,-3.1294372378695265
2024-05-31,-3.2569474237484455
2024-06-01,-3.378689758712049
2024-06-02,-3.494664242760338
2024-06-03,-3.6048708758933103
2024-06-04,-3.7093096581109672
2024-06-05,-3.807980589413309
2024-06-06,-3.9008836698003346
2024-06-07,-3.9880188992720447
2024-06-08,-4.06938627782844
2024-06-09,-4.14498580546952
2024-06-10,-4.214817482195283
2024-06-11,-4.278881308005732
2024-06-12,-4.337177282900865
2024-06-13,-4.389705406880681
2024-06-14,-4.436465679945184
2024-06-15,-4.47745810209437
2024-06-16,-4.512682673328241
2024-06-17,-4.54147770504895
2024-06-18,-4.563181508658653
2024-06-19,-4.577794084157348
2024-06-20,-4.585315431545036
2024-06-21,-4.585745550821717
2024-06-22,-4.579084441987391
2024-06-23,-4.565332105042057
2024-06-24,-4.544488539985718
2024-06-25,-4.51655374681837
2024-06-26,-4.481527725540016
2024-06-27,-4.4394104761506545
2024-06-28,-4.390201998650286
2024-06-29,-4.333902293038911
2024-06-30,-4.270511359316528
2024-07-01,-4.200029197483138
2024-07-02,-4.12245580753874
2024-07-03,-4.037791189483337
2024-07-04,-3.9460353433169253
2024-07-05,-3.8471882690395076
2024-07-06,-3.7412499666510826
2024-07-07,-3.62822043615165
2024-07-08,-3.5080996775412108
2024-07-09,-3.3808876908197645
2024-07-10,-3.246584475987311
2024-07-11,-3.10519003304385
2024-07-12,-2.956704361989382
2024-07-13,-2.801127462823908
2024-07-14,-2.6384593355474264
2024-07-15,-2.4686999801599363
2024-07-16,-2.29184939666144
2024-07-17,-2.1098543763634723
2024-07-18,-1.9343956671352391
2024-07-19,-1.7674200602882766
2024-07-20,-1.6089275558225837
2024-07-21,-1.4589181537381612
2024-07-22,-1.3173918540350091
2024-07-23,-1.184348656713127
2024-07-24,-1.0597885617725147
2024-07-25,-0.9437115692131728
2024-07-26,-0.8361176790351009
2024-07-27,-0.7370068912382995
2024-07-28,-0.646379205822768
2024-07-29,-0.5642346227885068
2024-07-30,-0.4905731421355155
2024-07-31,-0.4253947638637946
2024-08-01,-0.3686994879733438
2024-08-02,-0.3204873144641632
2024-08-03,-0.28075824333625254
2024-08-04,-0.24951227458961223
2024-08-05,-0.22674940822424192
2024-08-06,-0.2124696442401419
2024-08-07,-0.20667298263731193
2024-08-08,-0.20935942341575223
2024-08-09,-0.22052896657546261
2024-08-10,-0.2401816121164432
2024-08-11,-0.2683173600386938
2024-08-12,-0.3049362103422147
2024-08-13,-0.3500381630270056
2024-08-14,-0.4036232180930668
2024-08-15,-0.4656913755403981
2024-08-16,-0.5362426353689996
2024-08-17,-0.6133390784637218
2024-08-18,-0.6853531901336677
2024-08-19,-0.750347051263688
2024-08-20,-0.8083206618537822
2024-08-21,-0.8592740219039513
2024-08-22,-0.9032071314141944
2024-08-23,-0.9401199903845119
2024-08-24,-0.9700125988149038
2024-08-25,-0.9928849567053698
2024-08-26,-1.0087370640559101
2024-08-27,-1.017568920866525
2024-08-28,-1.0193805271372138
2024-08-29,-1.0141718828679773
2024-08-30,-1.001942988058815
2024-08-31,-0.982693842709727
2024-09-01,-0.9564244468207131
2024-09-02,-0.923134800391774
2024-09-03,-0.8828249034229088
2024-09-04,-0.8354947559141181
2024-09-05,-0.7811443578654016
2024-09-06,-0.7197737092767594
2024-09-07,-0.6513828101481917
2024-09-08,-0.5759716604796979
2024-09-09,-0.4935402602712788
2024-09-10,-0.4040886095229339
2024-09-11,-0.3076167082346633
2024-09-12,-0.20412455640646707
2024-09-13,-0.0936121540383453
2024-09-14,0.0239204988697025
2024-09-15,0.14847340231767592
2024-09-16,0.28004655630557485
2024-09-17,0.4122695114124997
2024-09-18,0.5387718182175507
2024-09-19,0.6595534767207275
2024-09-20,0.7746144869220302
2024-09-21,0.883954848821459
2024-09-22,0.987574562419014
2024-09-23,1.0854736277146948
2024-09-24,1.1776520447085017
2024-09-25,1.2641098134004345
2024-09-26,1.3448469337904938
2024-09-27,1.419863405878678
2024-09-28,1.4891592296649891
2024-09-29,1.552734405149426
2024-09-30,1.610588932331989
2024-10-01,1.6627228112126782
2024-10-02,1.7091360417914927
2024-10-03,1.7498286240684335
2024-10-04,1.7848005580435005
2024-10-05,1.8140518437166933
2024-10-06,1.8375824810880124
2024-10-07,1.8553924701574571
2024-10-08,1.8674818109250282
2024-10-09,1.8738505033907251
2024-10-10,1.8744985475545477
2024-10-11,1.8694259434164968
2024-10-12,1.8586326909765716
2024-10-13,1.8421187902347724
2024-10-14,1.8198842411910994
2024-10-15,1.7919290438455524
2024-10-16,1.758253198198131
2024-10-17,1.718929044414862
2024-10-18,1.6743906234919026
2024-10-19,1.6247102755952785
2024-10-20,1.5698880007249902
2024-10-21,1.5099237988810374
2024-10-22,1.44481767006342
2024-10-23,1.374569614272138
2024-10-24,1.2991796315071922
2024-10-25,1.218647721768581
2024-10-26,1.132973885056306
2024-10-27,1.0421581213703663
2024-10-28,0.9462004307107623
2024-10-29,0.8451008130774936
2024-10-30,0.7388592684705609
2024-10-31,0.6274757968899634
2024-11-01,0.5109503983357012
2024-11-02,0.3892830728077752
2024-11-03,0.2624738203061844
2024-11-04,0.1305226408309289
2024-11-05,-0.006570465617990543
2024-11-06,-0.1488054990405745
2024-11-07,-0.29618245943682325
2024-11-08,-0.44870134680673646
2024-11-09,-0.6063621611503138
2024-11-10,-0.7691649024675558
2024-11-11,-0.9371095707584622
2024-11-12,-1.110196166023033
2024-11-13,-1.2884246882612682
2024-11-14,-1.4717951374731684
2024-11-15,-1.6603075136587324
2024-11-16,-1.8539618168179608
2024-11-17,-2.0414216466930446
2024-11-18,-2.2113506030261743
2024-11-19,-2.3637486858173493
2024-11-20,-2.4986158950665707
2024-11-21,-2.6159522307738374
2024-11-22,-2.7157576929391496
2024-11-23,-2.7980322815625076
2024-11-24,-2.862775996643912
2024-11-25,-2.9099888381833616
2024-11-26,-2.939670806180857
2024-11-27,-2.951821900636398
2024-11-28,-2.9464421215499854
2024-11-29,-2.923531468921618
2024-11-30,-2.883089942751297
2024-12-01,-2.8251175430390214
2024-12-02,-2.7496142697847907
2024-12-03,-2.656580122988607
2024-12-04,-2.5460151026504687
2024-12-05,-2.4179192087703756
2024-12-06,-2.272292441348329
2024-12-07,-2.1091348003843273
2024-12-08,-1.9284462858783717
2024-12-09,-1.7302268978304622
2024-12-10,-1.5144766362405984
2024-12-11,-1.2811955011087806
2024-12-12,-1.0303834924350075
2024-12-13,-0.7620406102192813
2024-12-14,-0.4761668544616004
2024-12-15,-0.17276222516196446
2024-12-16,0.148173277679625
2024-12-17,0.48227963621214925
2024-12-18,0.8033967433294931
2024-12-19,1.1071645811806368
2024-12-20,1.3935831497655806
2024-12-21,1.662652449084325
2024-12-22,1.9143724791368684
2024-12-23,2.148743239923213
2024-12-24,2.3657647314433574
2024-12-25,2.5654369536973016
2024-12-26,2.7477599066850464
2024-12-27,2.912733590406591
2024-12-28,3.060358004861935
2024-12-29,3.19063315005108
2024-12-30,3.3035590259740255
2024-12-31,3.3991356326307702
2025-01-01,3.477362970021315
2025-01-02,3.5382410381456597
2025-01-03,3.5817698370038054
2025-01-04,3.607949366595751
2025-01-05,3.6167796269214962
2025-01-06,3.6082606179810406
2025-01-07,3.582392339774387
2025-01-08,3.539174792301533
2025-01-09,3.4786079755624786
2025-01-10,3.400691889557225
2025-01-11,3.30542653428577
2025-01-12,3.1928119097481162
2025-01-13,3.062848015944262
2025-01-14,2.9155348528742087
2025-01-15,2.750872420537955
2025-01-16,2.5688607189355013
2025-01-17,2.372269516939325
2025-01-18,2.177717427784291
2025-01-19,1.9879742203428752
2025-01-20,1.8030398946150796
2025-01-21,1.6229144506009032
2025-01-22,1.4475978883003457
2025-01-23,1.2770902077134072
2025-01-24,1.1113914088400885
2025-01-25,0.9505014916803884
2025-01-26,0.7944204562343082
2025-01-27,0.6431483025018471
2025-01-28,0.4966850304830049
2025-01-29,0.3550306401777822
2025-01-30,0.21818513158617842
2025-01-31,0.08614850470819417
2025-02-01,-0.0410792404561709
2025-02-02,-0.16349810390691683
2025-02-03,-0.28110808564404327
2025-02-04,-0.39390918566755073
2025-02-05,-0.5019014039774391
2025-02-06,-0.605084740573708
2025-02-07,-0.7034591954563578
2025-02-08,-0.7970247686253881
2025-02-09,-0.8857814600807994
2025-02-10,-0.9697292698225914
2025-02-11,-1.0488681978507643
2025-02-12,-1.1231982441653179
2025-02-13,-1.192719408766252
2025-02-14,-1.2574316916535673
2025-02-15,-1.3173350928272631
2025-02-16,-1.368274388525684
2025-02-17,-1.4060943549871752
2025-02-18,-1.4307949922117356
2025-02-19,-1.442376300199366
2025-02-20,-1.4408382789500656
2025-02-21,-1.4261809284638356
2025-02-22,-1.398404248740675
2025-02-23,-1.3575082397805844
2025-02-24,-1.3034929015835635
2025-02-25,-1.2363582341496118
2025-02-26,-1.15610423747873
2025-02-27,-1.062730911570918
2025-02-28,-0.9562382564261759
2025-03-01,-0.8366262720445035
2025-03-02,-0.7038949584259009
2025-03-03,-0.5580443155703675
2025-03-04,-0.39907434347790416
2025-03-05,-0.22698504214851048
2025-03-06,-0.04177641158218662
2025-03-07,0.1565515482210674
2025-03-08,0.367998837261252
2025-03-09,0.5925654555383668
2025-03-10,0.830251403052412
2025-03-11,1.0810566798033872
2025-03-12,1.3449812857912926
2025-03-13,1.6220252210161286
2025-03-14,1.9121884854778946
2025-03-15,2.2154710791765915
2025-03-16,2.531873002112218
2025-03-17,2.8571538104481506
2025-03-18,3.165870841164642
2025-03-19,3.4537836504250676
2025-03-20,3.7208922382294265
2025-03-21,3.967196604577721
2025-03-22,4.192696749469949
2025-03-23,4.397392672906112
2025-03-24,4.58128437488621
2025-03-25,4.744371855410241
2025-03-26,4.886655114478206
2025-03-27,5.008134152090107
2025-03-28,5.108808968245941
2025-03-29,5.18867956294571
2025-03-30,5.247745936189412
2025-03-31,5.28600808797705
2025-04-01,5.3034660183086215
2025-04-02,5.300119727184127
2025-04-03,5.275969214603568
2025-04-04,5.231014480566943
2025-04-05,5.165255525074251
2025-04-06,5.078692348125494
2025-04-07,4.97132494972067
2025-04-08,4.843153329859783
2025-04-09,4.694177488542829
2025-04-10,4.524397425769809
2025-04-11,4.333813141540723
2025-04-12,4.122424635855572
2025-04-13,3.890231908714356
2025-04-14,3.6372349601170733
2025-04-15,3.363433790063725
2025-04-16,3.0688283985543108
2025-04-17,2.769961088107224
2025-04-18,2.4833741612408557
2025-04-19,2.2090676179552053
2025-04-20,1.9470414582502755
2025-04-21,1.697295682126064
2025-04-22,1.4598302895825714
2025-04-23,1.2346452806197978
2025-04-24,1.0217406552377433
2025-04-25,0.821116413436407
2025-04-26,0.6327725552157901
2025-04-27,0.4567090805758925
2025-04-28,0.29292598951671356
2025-04-29,0.1414232820382533
2025-04-30,0.00220095814051221
2025-05-01,-0.1247409821765098
2025-05-02,-0.2394025389128133
2025-05-03,-0.34178371206839775
2025-05-04,-0.43188450164326314
2025-05-05,-0.5097049076374094
2025-05-06,-0.5752449300508371
2025-05-07,-0.6285045688835457
2025-05-08,-0.6694838241355354
2025-05-09,-0.698182695806806
2025-05-10,-0.7146011838973577
2025-05-11,-0.7187392884071906
2025-05-12,-0.7105970093363047
2025-05-13,-0.6901743466846996
2025-05-14,-0.6574713004523756
2025-05-15,-0.6124878706393327
2025-05-16,-0.5552240572455708
2025-05-17,-0.4871645047716578
2025-05-18,-0.41721708022099974
2025-05-19,-0.34686642809416435
2025-05-20,-0.2761125483911516
2025-05-21,-0.2049554411119616
2025-05-22,-0.13339510625659426
2025-05-23,-0.061431543825049485
2025-05-24,0.010935246182672428
2025-05-25,0.0837052637665719
2025-05-26,0.1568785089266485
2025-05-27,0.23045498166290243
2025-05-28,0.3044346819753338
2025-05-29,0.3788176098639424
2025-05-30,0.45360376532872837
2025-05-31,0.5287931483696916
2025-06-01,0.6043857589868322
2025-06-02,0.6803815971801502
2025-06-03,0.7567806629496454
2025-06-04,0.833582956295318
2025-06-05,0.9107884772171678
2025-06-06,0.988397225715195
2025-06-07,1.0664092017893994
2025-06-08,1.1448244054397814
2025-06-09,1.2236428366663405
2025-06-10,1.302864495469077
2025-06-11,1.3824893818479909
2025-06-12,1.462517495803082
2025-06-13,1.5429488373343503
2025-06-14,1.6237834064417964
2025-06-15,1.7050212031254195
2025-06-16,1.7866622273852197
2025-06-17,1.8662459159157627
2025-06-18,1.9413117054116134
2025-06-19,2.011859595872771
2025-06-20,2.0778895872992362
2025-06-21,2.1394016796910096
2025-06-22,2.1963958730480897
2025-06-23,2.248872167370478
2025-06-24,2.2968305626581733
2025-06-25,2.340271058911176
2025-06-26,2.3791936561294866
2025-06-27,2.413598354313105
2025-06-28,2.4434851534620305
2025-06-29,2.4688540535762633
2025-06-30,2.489705054655804
2025-07-01,2.506038156700652
2025-07-02,2.5178533597108075
2025-07-03,2.5251506636862713
2025-07-04,2.527930068627042
2025-07-05,2.52619157453312
2025-07-06,2.5199351814045055
2025-07-07,2.509160889241199
2025-07-08,2.4938686980432
2025-07-09,2.474058607810508
2025-07-10,2.449730618543124
2025-07-11,2.4208847302410472
2025-07-12,2.3875209429042776
2025-07-13,2.349639256532816
2025-07-14,2.3072396711266623
2025-07-15,2.260322186685815
2025-07-16,2.208886803210276
2025-07-17,2.1531079698971967
2025-07-18,2.0940323819294857
2025-07-19,2.031834488504297
2025-07-20,1.966514289621628
2025-07-21,1.8980717852814804
2025-07-22,1.8265069754838539
2025-07-23,1.751819860228749
2025-07-24,1.6740104395161641
2025-07-25,1.5930787133461008
2025-07-26,1.509024681718558
2025-07-27,1.421848344633537
2025-07-28,1.3315497020910367
2025-07-29,1.238128754091057
2025-07-30,1.1415855006335989
2025-07-31,1.0419199417186615
2025-08-01,0.9391320773462452
2025-08-02,0.8332219075163497
2025-08-03,0.7241894322289755
2025-08-04,0.6120346514841222
2025-08-05,0.4967575652817902
2025-08-06,0.37835817362197854
2025-08-07,0.25683647650468844
2025-08-08,0.13219247392991923
2025-08-09,0.0044261658976709395
2025-08-10,-0.12646244759205633
2025-08-11,-0.26047336653926234
2025-08-12,-0.3976065909439477
2025-08-13,-0.5378621208061117
2025-08-14,-0.6812399561257548
2025-08-15,-0.827740096902877
2025-08-16,-0.9773625431374782
2025-08-17,-1.1278993752954303
2025-08-18,-1.2661030761719636
2025-08-19,-1.3897657262329501
2025-08-20,-1.4988873254783892
2025-08-21,-1.5934678739082826
2025-08-22,-1.6735073715226285
2025-08-23,-1.7390058183214276
2025-08-24,-1.7899632143046802
2025-08-25,-1.826379559472386
2025-08-26,-1.8482548538245438
2025-08-27,-1.8555890973611564
2025-08-28,-1.8483822900822218
2025-08-29,-1.82663443198774
2025-08-30,-1.7903455230777117
2025-08-31,-1.7395155633521362
2025-09-01,-1.674144552811014
2025-09-02,-1.5942324914543453
2025-09-03,-1.4997793792821292
2025-09-04,-1.390785216294367
2025-09-05,-1.2672500024910578
2025-09-06,-1.1291737378722013
2025-09-07,-0.9765564224377985
2025-09-08,-0.8093980561878484
2025-09-09,-0.6276986391223521
2025-09-10,-0.43145817124130853
2025-09-11,-0.2206766525447184
2025-09-12,0.0046459169674188784
2025-09-13,0.24450953729510236
2025-09-14,0.49891420843833345
2025-09-15,0.7678599303971111
2025-09-16,1.0513467031714352
2025-09-17,1.334509840453932
2025-09-18,1.6024846559372283
2025-09-19,1.855271149621323
2025-09-20,2.0928693215062157
2025-09-21,2.3152791715919077
2025-09-22,2.5225006998783983
2025-09-23,2.7145339063656877
2025-09-24,2.8913787910537754
2025-09-25,3.0530353539426622
2025-09-26,3.1995035950323483
2025-09-27,3.330783514322832
2025-09-28,3.4468751118141148
2025-09-29,3.5477783875061966
2025-09-30,3.633493341399077
2025-10-01,3.704019973492757
2025-10-02,3.759358283787234
2025-10-03,3.7995082722825106
2025-10-04,3.8244699389785857
2025-10-05,3.8342432838754594
2025-10-06,3.8288283069731324
2025-10-07,3.808225008271603
2025-10-08,3.7724333877708736
2025-10-09,3.7214534454709423
2025-10-10,3.6552851813718092
2025-10-11,3.5739285954734754
2025-10-12,3.4773836877759408
2025-10-13,3.365650458279204
2025-10-14,3.2387289069832663
2025-10-15,3.0966190338881274
2025-10-16,2.9393208389937873
2025-10-17,2.7691712435781337
2025-10-18,2.600191775308494
2025-10-19,2.4347193554627555
2025-10-20,2.27275398404092
2025-10-21,2.1142956610429864
2025-10-22,1.9593443864689541
2025-10-23,1.8079001603188238
2025-10-24,1.659962982592596
2025-10-25,1.515532853290269
2025-10-26,1.3746097724118447
2025-10-27,1.2371937399573225
2025-10-28,1.1032847559267016
2025-10-29,0.9728828203199829
2025-10-30,0.8459879331371658
2025-10-31,0.7226000943782509
2025-11-01,0.6027193040432377
2025-11-02,0.4863455621321265
2025-11-03,0.3734788686449174
2025-11-04,0.2641192235816098
2025-11-05,0.1582666269422043
2025-11-06,0.055921078726700914
2025-11-07,-0.04291742106490092
2025-11-08,-0.13824887243260067
2025-11-09,-0.23007327537639863
2025-11-10,-0.31839062989629463
2025-11-11,-0.4032009359922887
2025-11-12,-0.48450419366438086
2025-11-13,-0.5623004029125712
2025-11-14,-0.6365895637368597
2025-11-15,-0.707371676137246
2025-11-16,-0.7746467401137308
2025-11-17,-0.8361391608545443
2025-11-18,-0.889573343547918
2025-11-19,-0.9349492881938511
2025-11-20,-0.972266994792344
2025-11-21,-1.001526463343397
2025-11-22,-1.0227276938470096
2025-11-23,-1.0358706863031821
2025-11-24,-1.0409554407119146
2025-11-25,-1.0379819570732063
2025-11-26,-1.0269502353870585
2025-11-27,-1.0078602756534705
2025-11-28,-0.9807120778724421
2025-11-29,-0.9455056420439736
2025-11-30,-0.9022409681680645
2025-12-01,-0.850918056244716
2025-12-02,-0.7915369062739266
2025-12-03,-0.7240975182556975
2025-12-04,-0.6485998921900281
2025-12-05,-0.5650440280769184
2025-12-06,-0.4734299259163688
2025-12-07,-0.37375758570837886
2025-12-08,-0.26602700745294877
2025-12-09,-0.15023819115007853
2025-12-10,-0.026391136799767945
2025-12-11,0.10551415559798287
2025-12-12,0.24547768604317372
2025-12-13,0.3934994545358046
2025-12-14,0.5495794610758757
2025-12-15,0.7137177056633874
2025-12-16,0.8859141882983387
2025-12-17,1.0661689089807307
2025-12-18,1.2544818677105627
2025-12-19,1.4508530644878348
2025-12-20,1.6552824993125466
2025-12-21,1.867770172184699
2025-12-22,2.0883160831042917
2025-12-23,2.3169202320713245
2025-12-24,2.5535826190857978
2025-12-25,2.798303244147711
2025-12-26,3.051082107257064
2025-12-27,3.311919208413858
2025-12-28,3.5808145476180906
2025-12-29,3.8577681248697644
2025-12-30,4.142779940168879
2025-12-31,4.435849993515434
2026-01-01,4.736978284909427
2026-01-02,
2026-01-03,
2026-01-04,
2026-01-05,
2026-01-06,
2026-01-07,
2026-01-08,
2026-01-09,
2026-01-10,
2026-01-11,
2026-01-12,
2026-01-13,
2026-01-14,
2026-01-15,
2026-01-16,
2026-01-17,
2026-01-18,
2026-01-19,
2026-01-20,
2026-01-21,
2026-01-22,
2026-01-23,
2026-01-24,
2026-01-25,
2026-01-26,
2026-01-27,
2026-01-28,
2026-01-29,
2026-01-30,
2026-01-31,
2026-02-01,
2026-02-02,
2026-02-03,
2026-02-04,
2026-02-05,
2026-02-06,
2026-02-07,
2026-02-08,
2026-02-09,
2026-02-10,
2026-02-11,
2026-02-12,
2026-02-13,
2026-02-14,
2026-02-15,
2026-02-16,
2026-02-17,
2026-02-18,
2026-02-19,
2026-02-20,
2026-02-21,
2026-02-22,
2026-02-23,
2026-02-24,
2026-02-25,
2026-02-26,
2026-02-27,
2026-02-28,
2026-03-01,
2026-03-02,
2026-03-03,
2026-03-04,
2026-03-05,
2026-03-06,
2026-03-07,
2026-03-08,
2026-03-09,
2026-03-10,
2026-03-11,
2026-03-12,
2026-03-13,
2026-03-14,
2026-03-15,
2026-03-16,
2026-03-17,
2026-03-18,
2026-03-19,
2026-03-20,
2026-03-21,
2026-03-22,
2026-03-23,
2026-03-24,
2026-03-25,
2026-03-26,
2026-03-27,
2026-03-28,
2026-03-29,
2026-03-30,
2026-03-31,
2026-04-01,
2026-04-02,
2026-04-03,
2026-04-04,
2026-04-05,
2026-04-06,
2026-04-07,
2026-04-08,
2026-04-09,
2026-04-10,
2026-04-11,
2026-04-12,
2026-04-13,
2026-04-14,
2026-04-15,
2026-04-16,
2026-04-17,
2026-04-18,
2026-04-19,
2026-04-20,
2026-04-21,
2026-04-22,
2026-04-23,
2026-04-24,
2026-04-25,
2026-04-26,
2026-04-27,
2026-04-28,
2026-04-29,
2026-04-30,
2026-05-01,
2026-05-02,
2026-05-03,
2026-05-04,
2026-05-05,
2026-05-06,
2026-05-07,
2026-05-08,
2026-05-09,
2026-05-10,
2026-05-11,
2026-05-12,
2026-05-13,
2026-05-14,
2026-05-15,
2026-05-16,
2026-05-17,
2026-05-18,
2026-05-19,
2026-05-20,
2026-05-21,
2026-05-22,
2026-05-23,
2026-05-24,
2026-05-25,
2026-05-26,
2026-05-27,
2026-05-28,
2026-05-29,
2026-05-30,
2026-05-31,
2026-06-01,
2026-06-02,
2026-06-03,
2026-06-04,
2026-06-05,
2026-06-06,
2026-06-07,
2026-06-08,
2026-06-09,
2026-06-10,
2026-06-11,
2026-06-12,
2026-06-13,
2026-06-14,
2026-06-15,
2026-06-16,
2026-06-17,
2026-06-18,
2026-06-19,
2026-06-20,
2026-06-21,
2026-06-22,
2026-06-23,
2026-06-24,
2026-06-25,
2026-06-26,
2026-06-27,
2026-06-28,
2026-06-29,
2026-06-30,
