date,equity_pct
1999-01-01,-0.0698790583535027
1999-01-02,-0.05194417210839686
1999-01-03,-0.0338600091889429
1999-01-04,-0.01562656959514079
1999-01-05,0.002756146673009427
1999-01-06,0.021288139615507774
1999-01-07,0.039969409232354244
1999-01-08,0.05879995552354885
1999-01-09,0.07777977848909158
1999-01-10,0.09690887812898241
1999-01-11,0.11618725444322142
1999-01-12,0.13561490743180854
1999-01-13,0.15519183709474374
1999-01-14,0.1749180434320271
1999-01-15,0.1947935264436586
1999-01-16,0.21481828612963821
1999-01-17,0.23499232248996596
1999-01-18,0.2553156355246418
1999-01-19,0.2757882252336658
1999-01-20,0.29641009161703796
1999-01-21,0.3171812346747581
1999-01-22,0.3381016544068266
1999-01-23,0.3591713508132431
1999-01-24,0.38039032389400773
1999-01-25,0.40175857364912043
1999-01-26,0.4232761000785813
1999-01-27,0.4449429031823904
1999-01-28,0.4667589829605475
1999-01-29,0.48872433941305277
1999-01-30,0.5108389725399062
1999-01-31,0.5331028823411076
1999-02-01,0.5555160688166573
1999-02-02,0.578078531966555
1999-02-03,0.600790271790801
1999-02-04,0.623651288289395
1999-02-05,0.6466615814623372
1999-02-06,0.6698211513096274
1999-02-07,0.6931299978312658
1999-02-08,0.7165881210272523
1999-02-09,0.740195520897587
1999-02-10,0.7639521974422697
1999-02-11,0.7878581506613007
1999-02-12,0.8119133805546798
1999-02-13,0.836117887122407
1999-02-14,0.8604716703644821
1999-02-15,0.8849747302809056
1999-02-16,0.90909872157848
1999-02-17,0.9323152989640088
1999-02-18,0.9546244624374918
1999-02-19,0.9760262119989289
1999-02-20,0.9965205476483201
1999-02-21,1.0161074693856655
1999-02-22,1.0347869772109652
1999-02-23,1.052559071124219
1999-02-24,1.069423751125427
1999-02-25,1.0853810172145892
1999-02-26,1.1004308693917055
1999-02-27,1.114573307656776
1999-02-28,1.1278083320098005
1999-03-01,1.1401359424507798
1999-03-02,1.1515561389797127
1999-03-03,1.1620689215965998
1999-03-04,1.1716742903014412
1999-03-05,1.1803722450942369
1999-03-06,1.1881627859749868
1999-03-07,1.1950459129436903
1999-03-08,1.2010216260003488
1999-03-09,1.206089925144961
1999-03-10,1.2102508103775276
1999-03-11,1.2135042816980484
1999-03-12,1.2158503391065227
1999-03-13,1.217288982602952
1999-03-14,1.2178202121873352
1999-03-15,1.2174440278596728
1999-03-16,1.2161604296199642
1999-03-17,1.2139781831965637
1999-03-18,1.2109498829595953
1999-03-19,1.2070842946374123
1999-03-20,1.2023814182300145
1999-03-21,1.1968412537374031
1999-03-22,1.1904638011595767
1999-03-23,1.1832490604965364
1999-03-24,1.1751970317482814
1999-03-25,1.166307714914812
1999-03-26,1.1565811099961283
1999-03-27,1.1460172169922307
1999-03-28,1.134616035903118
1999-03-29,1.1223775667287914
1999-03-30,1.1093018094692502
1999-03-31,1.0953887641244948
1999-04-01,1.080638430694525
1999-04-02,1.0650508091793407
1999-04-03,1.048625899578942
1999-04-04,1.0313637018933293
1999-04-05,1.0132642161225016
1999-04-06,0.99432744226646
1999-04-07,0.9745533803252037
1999-04-08,0.9539420302987335
1999-04-09,0.9324933921870486
1999-04-10,0.9102074659901492
1999-04-11,0.8870842517080357
1999-04-12,0.8631237493407078
1999-04-13,0.8383259588881654
1999-04-14,0.8126908803504088
1999-04-15,0.7862185137274377
1999-04-16,0.7589088590192521
1999-04-17,0.7319641241634014
1999-04-18,0.7065865170974341
1999-04-19,0.6827760378213503
1999-04-20,0.6605326863351504
1999-04-21,0.6398564626388339
1999-04-22,0.6207473667324008
1999-04-23,0.6032053986158517
1999-04-24,0.5872305582891859
1999-04-25,0.5728228457524036
1999-04-26,0.5599822610055051
1999-04-27,0.5487088040484901
1999-04-28,0.5390024748813588
1999-04-29,0.530863273504111
1999-04-30,0.5242911999167468
1999-05-01,0.5192862541192662
1999-05-02,0.5158484361116692
1999-05-03,0.5139777458939557
1999-05-04,0.5136741834661258
1999-05-05,0.5149377488281796
1999-05-06,0.5177684419801168
1999-05-07,0.5221662629219377
1999-05-08,0.5281312116536422
1999-05-09,0.5356632881752303
1999-05-10,0.5447624924867019
1999-05-11,0.5554288245880572
1999-05-12,0.5676622844792961
1999-05-13,0.5814628721604185
1999-05-14,0.5968305876314245
1999-05-15,0.6137654308923141
1999-05-16,0.6322674019430873
1999-05-17,0.652047147794876
1999-05-18,0.671368550514472
1999-05-19,0.689942257113007
1999-05-20,0.7077682675904814
1999-05-21,0.7248465819468948
1999-05-22,0.7411772001822474
1999-05-23,0.7567601222965391
1999-05-24,0.77159534828977
1999-05-25,0.7856828781619403
1999-05-26,0.7990227119130494
1999-05-27,0.8116148495430979
1999-05-28,0.8234592910520855
1999-05-29,0.8345560364400123
1999-05-30,0.8449050857068782
1999-05-31,0.8545064388526833
1999-06-01,0.8633600958774276
1999-06-02,0.871466056781111
1999-06-03,0.8788243215637336
1999-06-04,0.8854348902252954
1999-06-05,0.8912977627657963
1999-06-06,0.8964129391852363
1999-06-07,0.9007804194836155
1999-06-08,0.904400203660934
1999-06-09,0.9072722917171916
1999-06-10,0.9093966836523883
1999-06-11,0.9107733794665243
1999-06-12,0.9114023791595993
1999-06-13,0.9112836827316135
1999-06-14,0.9104172901825671
1999-06-15,0.9088032015124596
1999-06-16,0.9064414167212913
1999-06-17,0.9037244183565446
1999-06-18,0.9010446889657018
1999-06-19,0.8984022285487625
1999-06-20,0.8957970371057272
1999-06-21,0.8932291146365956
1999-06-22,0.8906984611413676
1999-06-23,0.8882050766200437
1999-06-24,0.8857489610726235
1999-06-25,0.8833301144991069
1999-06-26,0.8809485368994943
1999-06-27,0.8786042282737855
1999-06-28,0.8762971886219805
1999-06-29,0.8740274179440791
1999-06-30,0.8717949162400817
1999-07-01,0.869599683509988
1999-07-02,0.8674417197537981
1999-07-03,0.8653210249715121
1999-07-04,0.8632375991631297
1999-07-05,0.8611914423286513
1999-07-06,0.8591825544680765
1999-07-07,0.8572109355814055
1999-07-08,0.8552765856686385
1999-07-09,0.8533795047297751
1999-07-10,0.8515196927648155
1999-07-11,0.8496971497737599
1999-07-12,0.8479118757566078
1999-07-13,0.8461638707133596
1999-07-14,0.8444531346440153
1999-07-15,0.8427796675485747
1999-07-16,0.8411434694270378
1999-07-17,0.8394408678334581
1999-07-18,0.8370498280921532
1999-07-19,0.8338666777571772
1999-07-20,0.8298914168285294
1999-07-21,0.82512404530621
1999-07-22,0.819564563190219
1999-07-23,0.8132129704805566
1999-07-24,0.8060692671772224
1999-07-25,0.7981334532802168
1999-07-26,0.7894055287895394
1999-07-27,0.7798854937051906
1999-07-28,0.7695733480271701
1999-07-29,0.758469091755478
1999-07-30,0.7465727248901144
1999-07-31,0.7338842474310793
1999-08-01,0.7204036593783724
1999-08-02,0.706130960731994
1999-08-03,0.691066151491944
1999-08-04,0.6752092316582224
1999-08-05,0.6585602012308295
1999-08-06,0.6411190602097646
1999-08-07,0.6228858085950282
1999-08-08,0.6038604463866203
1999-08-09,0.5840429735845408
1999-08-10,0.5634333901887897
1999-08-11,0.5420316961993671
1999-08-12,0.5198378916162727
1999-08-13,0.49685197643950696
1999-08-14,0.47307395066906954
1999-08-15,0.4485038143049604
1999-08-16,0.4231415673471799
1999-08-17,0.39736094405491296
1999-08-18,0.3734043499832715
1999-08-19,0.3516455193914407
1999-08-20,0.3320844522794205
1999-08-21,0.3147211486472112
1999-08-22,0.29955560849481244
1999-08-23,0.2865878318222245
1999-08-24,0.2758178186294472
1999-08-25,0.26724556891648066
1999-08-26,0.2608710826833247
1999-08-27,0.2566943599299796
1999-08-28,0.25471540065644516
1999-08-29,0.2549342048627213
1999-08-30,0.2573507725488082
1999-08-31,0.2619651037147059
1999-09-01,0.2687771983604142
1999-09-02,0.2777870564859332
1999-09-03,0.28899467809126295
1999-09-04,0.3024000631764034
1999-09-05,0.31800321174135454
1999-09-06,0.3358041237861163
1999-09-07,0.35580279931068887
1999-09-08,0.37799923831507215
1999-09-09,0.4023934407992661
1999-09-10,0.4289854067632707
1999-09-11,0.4577751362070861
1999-09-12,0.4887626291307121
1999-09-13,0.5219478855341488
1999-09-14,0.5573309054173964
1999-09-15,0.5949116887804545
1999-09-16,0.6346902356233233
1999-09-17,0.6748674116546749
1999-09-18,0.7136440825831812
1999-09-19,0.7510202484088422
1999-09-20,0.7869959091316577
1999-09-21,0.8215710647516281
1999-09-22,0.8547457152687532
1999-09-23,0.886519860683033
1999-09-24,0.9168935009944674
1999-09-25,0.9458666362030566
1999-09-26,0.9734392663088005
1999-09-27,0.9996113913116991
1999-09-28,1.0243830112117525
1999-09-29,1.0477541260089602
1999-09-30,1.069724735703323
1999-10-01,1.0902948402948405
1999-10-02,1.1094644397835125
1999-10-03,1.1272335341693394
1999-10-04,1.1436021234523208
1999-10-05,1.1585702076324569
1999-10-06,1.172137786709748
1999-10-07,1.1843048606841935
1999-10-08,1.1950714295557938
1999-10-09,1.204437493324549
1999-10-10,1.2124030519904585
1999-10-11,1.2189681055535229
1999-10-12,1.2241326540137423
1999-10-13,1.2278966973711158
1999-10-14,1.2302602356256445
1999-10-15,1.2312232687773277
1999-10-16,1.2307857968261655
1999-10-17,1.22905029288292
1999-10-18,1.2266315956121598
1999-10-19,1.2236321781246475
1999-10-20,1.2200520404203825
1999-10-21,1.215891182499365
1999-10-22,1.2111496043615948
1999-10-23,1.205827306007072
1999-10-24,1.1999242874357972
1999-10-25,1.1934405486477693
1999-10-26,1.1863760896429891
1999-10-27,1.1787309104214563
1999-10-28,1.170505010983171
1999-10-29,1.1616983913281331
1999-10-30,1.1523110514563426
1999-10-31,1.1423429913677996
1999-11-01,1.131794211062504
1999-11-02,1.1206647105404561
1999-11-03,1.1089544898016557
1999-11-04,1.0966635488461023
1999-11-05,1.0837918876737966
1999-11-06,1.0703395062847383
1999-11-07,1.0563064046789274
1999-11-08,1.0416925828563641
1999-11-09,1.0264980408170483
1999-11-10,1.0107227785609798
1999-11-11,0.9943667960881589
1999-11-12,0.9774300933985854
1999-11-13,0.9599126704922593
1999-11-14,0.9418145273691808
1999-11-15,0.9231356640293497
1999-11-16,0.9038760804727659
1999-11-17,0.8843012920501994
1999-11-18,0.8646768141124193
1999-11-19,0.8450026466594256
1999-11-20,0.8252787896912186
1999-11-21,0.8055052432077983
1999-11-22,0.7856820072091643
1999-11-23,0.765809081695317
1999-11-24,0.7458864666662564
1999-11-25,0.725914162121982
1999-11-26,0.7058921680624946
1999-11-27,0.6858204844877935
1999-11-28,0.6656991113978792
1999-11-29,0.645528048792751
1999-11-30,0.6253072966724099
1999-12-01,0.6050368550368551
1999-12-02,0.5847167238860869
1999-12-03,0.5643469032201053
1999-12-04,0.5439273930389102
1999-12-05,0.5234581933425018
1999-12-06,0.5029393041308798
1999-12-07,0.48237072540404435
1999-12-08,0.46175245716199553
1999-12-09,0.4410844994047333
1999-12-10,0.4203668521322576
1999-12-11,0.3995995153445685
1999-12-12,0.3787824890416659
1999-12-13,0.35791577322354995
1999-12-14,0.33699936789022056
1999-12-15,0.3160332730416776
1999-12-16,0.2950174886779213
1999-12-17,0.27416472271938647
1999-12-18,0.25475122268868156
1999-12-19,0.2369896965062414
1999-12-20,0.2208801441720662
1999-12-21,0.20642256568615583
1999-12-22,0.19361696104851023
1999-12-23,0.1824633302591295
1999-12-24,0.1729616733180136
1999-12-25,0.1651119902251625
1999-12-26,0.15891428098057625
1999-12-27,0.15436854558425483
1999-12-28,0.15147478403619824
1999-12-29,0.1502329963364065
1999-12-30,0.15064318248487957
1999-12-31,0.15270534248161746
2000-01-01,0.1564194763266202
2000-01-02,0.16178558401988777
2000-01-03,0.16880366556142015
2000-01-04,0.17747372095121738
2000-01-05,0.18779575018927944
2000-01-06,0.1997697532756063
2000-01-07,0.21339573021019803
2000-01-08,0.22867368099305463
2000-01-09,0.245603605624176
2000-01-10,0.2641855041035622
2000-01-11,0.28441937643121323
2000-01-12,0.3063052226071291
2000-01-13,0.32984304263130976
2000-01-14,0.35503283650375533
2000-01-15,0.38187460422446573
2000-01-16,0.4103683457934409
2000-01-17,0.44000620806152363
2000-01-18,0.46774107213376964
2000-01-19,0.49306508486102174
2000-01-20,0.5159782462432798
2000-01-21,0.536480556280544
2000-01-22,0.5545720149728143
2000-01-23,0.5702526223200907
2000-01-24,0.583522378322373
2000-01-25,0.5943812829796613
2000-01-26,0.6028293362919557
2000-01-27,0.6088665382592561
2000-01-28,0.6124928888815626
2000-01-29,0.613708388158875
2000-01-30,0.6125130360911936
2000-01-31,0.6089068326785182
2000-02-01,0.6028897779208489
2000-02-02,0.5944618718181855
2000-02-03,0.5836231143705283
2000-02-04,0.5703735055778771
2000-02-05,0.5547130454402318
2000-02-06,0.5366417339575927
2000-02-07,0.5161595711299596
2000-02-08,0.4932665569573325
2000-02-09,0.4679626914397115
2000-02-10,0.4402479745770965
2000-02-11,0.4101224063694875
2000-02-12,0.37758598681688466
2000-02-13,0.34263871591928774
2000-02-14,0.30528059367669697
2000-02-15,0.26551162008911217
2000-02-16,0.22391339739159902
2000-02-17,0.18397553899455088
2000-02-18,0.14627964713303349
2000-02-19,0.11082572180704671
2000-02-20,0.0776137630165906
2000-02-21,0.04664377076166512
2000-02-22,0.017915745042270264
2000-02-23,-0.008570314141593878
2000-02-24,-0.03281440678992737
2000-02-25,-0.05481653290273023
2000-02-26,-0.07457669248000244
2000-02-27,-0.092094885521744
2000-02-28,-0.1073711120279549
2000-02-29,-0.1204053719986351
2000-03-01,-0.1311976654337847
2000-03-02,-0.13974799233340365
2000-03-03,-0.14605635269749193
2000-03-04,-0.15012274652604954
2000-03-05,-0.15194717381907655
2000-03-06,-0.15152963457657287
2000-03-07,-0.14887012879853856
2000-03-08,-0.14396865648497356
2000-03-09,-0.1368252176358779
2000-03-10,-0.12743981225125162
2000-03-11,-0.11581244033109465
2000-03-12,-0.10194310187540703
2000-03-13,-0.0858317968841888
2000-03-14,-0.06747852535743988
2000-03-15,-0.04688328729516034
2000-03-16,-0.02404608269735013
2000-03-17,0.00048084719256226205
2000-03-18,0.023384054914005924
2000-03-19,0.04411129922355238
2000-03-20,0.06266258012120157
2000-03-21,0.07903789760695361
2000-03-22,0.09323725168080838
2000-03-23,0.10526064234276598
2000-03-24,0.11510806959282635
2000-03-25,0.12277953343098952
2000-03-26,0.12827503385725542
2000-03-27,0.13159457087162416
2000-03-28,0.13273814447409565
2000-03-29,0.13170575466466994
2000-03-30,0.12849740144334695
2000-03-31,0.12311308481012687
2000-04-01,0.1155528047650095
2000-04-02,0.1058165613079949
2000-04-03,0.09390435443908313
2000-04-04,0.07981618415827413
2000-04-05,0.0635520504655679
2000-04-06,0.04511195336096449
2000-04-07,0.024495892844463834
2000-04-08,0.0017038689160659456
2000-04-09,-0.023264118424229138
2000-04-10,-0.05040806917642141
2000-04-11,-0.07972798334051093
2000-04-12,-0.11122386091649766
2000-04-13,-0.14489570190438153
2000-04-14,-0.18074350630416278
2000-04-15,-0.21876727411584113
2000-04-16,-0.2589670053394167
2000-04-17,-0.29921016692946345
2000-04-18,-0.33736422584055564
2000-04-19,-0.37342918207269304
2000-04-20,-0.40740503562587554
2000-04-21,-0.4392917865001034
2000-04-22,-0.4690894346953766
2000-04-23,-0.496797980211695
2000-04-24,-0.5224174230490587
2000-04-25,-0.5459477632074676
2000-04-26,-0.5673890006869219
2000-04-27,-0.5867411354874211
2000-04-28,-0.604004167608966
2000-04-29,-0.6191780970515559
2000-04-30,-0.6322629238151912
2000-05-01,-0.6432586478998719
2000-05-02,-0.6521652693055975
2000-05-03,-0.6589827880323685
2000-05-04,-0.6637112040801848
2000-05-05,-0.6663505174490464
2000-05-06,-0.6669007281389533
2000-05-07,-0.6653618361499053
2000-05-08,-0.6617338414819028
2000-05-09,-0.6560167441349454
2000-05-10,-0.6482105441090332
2000-05-11,-0.6383152414041664
2000-05-12,-0.6263308360203449
2000-05-13,-0.6122573279575685
2000-05-14,-0.5960947172158374
2000-05-15,-0.5778430037951516
2000-05-16,-0.5575021876955111
2000-05-17,-0.5353989846543379
2000-05-18,-0.5134936890961646
2000-05-19,-0.49211301675841307
2000-05-20,-0.47125696764108344
2000-05-21,-0.4509255417441759
2000-05-22,-0.43111873906769
2000-05-23,-0.411836559611626
2000-05-24,-0.3930790033759841
2000-05-25,-0.374846070360764
2000-05-26,-0.35713776056596575
2000-05-27,-0.3399540739915895
2000-05-28,-0.323295010637635
2000-05-29,-0.3071605705041025
2000-05-30,-0.2915507535909919
2000-05-31,-0.2764655598983031
2000-06-01,-0.2619049894260363
2000-06-02,-0.24786904217419137
2000-06-03,-0.23435771814276835
2000-06-04,-0.22137101733176714
2000-06-05,-0.20890893974118788
2000-06-06,-0.19697148537103054
2000-06-07,-0.18555865422129503
2000-06-08,-0.17467044629198147
2000-06-09,-0.1643068615830898
2000-06-10,-0.15446790009462
2000-06-11,-0.1451535618265721
2000-06-12,-0.1363638467789461
2000-06-13,-0.128098754951742
2000-06-14,-0.12035828634495982
2000-06-15,-0.1131424409585995
2000-06-16,-0.10645121879266109
2000-06-17,-0.10008403144361736
2000-06-18,-0.09384029050794107
2000-06-19,-0.08771999598563221
2000-06-20,-0.08172314787669084
2000-06-21,-0.07584974618111688
2000-06-22,-0.07009979089891039
2000-06-23,-0.06447328203007137
2000-06-24,-0.05897021957459976
2000-06-25,-0.05359060353249561
2000-06-26,-0.04833443390375892
2000-06-27,-0.043201710688389676
2000-06-28,-0.03819243388638789
2000-06-29,-0.033306603497753544
2000-06-30,-0.028544219522486647
2000-07-01,-0.0239052819605872
2000-07-02,-0.019389790812055205
2000-07-03,-0.014997746076890656
2000-07-04,-0.010729147755093567
2000-07-05,-0.006583995846663921
2000-07-06,-0.002562290351601723
2000-07-07,0.0013359687300930222
2000-07-08,0.005110781398420321
2000-07-09,0.008762147653380164
2000-07-10,0.012290067494972561
2000-07-11,0.015694540923197508
2000-07-12,0.018975567938055004
2000-07-13,0.02213314853954505
2000-07-14,0.02516728272766765
2000-07-15,0.028077970502422802
2000-07-16,0.030865211863810495
2000-07-17,0.03344261728654947
2000-07-18,0.035291849618952056
2000-07-19,0.03632651933573702
2000-07-20,0.03654662643690432
2000-07-21,0.03595217092245396
2000-07-22,0.03454315279238595
2000-07-23,0.03231957204670031
2000-07-24,0.029281428685397008
2000-07-25,0.02542872270847606
2000-07-26,0.02076145411593745
2000-07-27,0.015279622907781202
2000-07-28,0.008983229084007303
2000-07-29,0.0018722726446157494
2000-07-30,-0.006053246410393444
2000-07-31,-0.0147933280810203
2000-08-01,-0.0243479723672648
2000-08-02,-0.03471717926912696
2000-08-03,-0.04590094878660676
2000-08-04,-0.05789928091970423
2000-08-05,-0.07071217566841931
2000-08-06,-0.08433963303275206
2000-08-07,-0.09878165301270245
2000-08-08,-0.11403823560827053
2000-08-09,-0.13010938081945622
2000-08-10,-0.1469950886462596
2000-08-11,-0.16469535908868058
2000-08-12,-0.18321019214671924
2000-08-13,-0.20253958782037554
2000-08-14,-0.22268354610964947
2000-08-15,-0.24364206701454108
2000-08-16,-0.2654151505350504
2000-08-17,-0.2876562770688038
2000-08-18,-0.30828632900156056
2000-08-19,-0.3269587867309471
2000-08-20,-0.34367365025696334
2000-08-21,-0.3584309195796096
2000-08-22,-0.37123059469888564
2000-08-23,-0.38207267561479147
2000-08-24,-0.39095716232732713
2000-08-25,-0.39788405483649264
2000-08-26,-0.4028533531422879
2000-08-27,-0.40586505724471306
2000-08-28,-0.406919167143768
2000-08-29,-0.4060156828394528
2000-08-30,-0.4031546043317674
2000-08-31,-0.39833593162071185
2000-09-01,-0.391559664706286
2000-09-02,-0.3828258035884901
2000-09-03,-0.37213434826732394
2000-09-04,-0.35948529874278773
2000-09-05,-0.3448786550148813
2000-09-06,-0.32831441708360465
2000-09-07,-0.3097925849489578
2000-09-08,-0.28931315861094076
2000-09-09,-0.2668761380695536
2000-09-10,-0.24248152332479622
2000-09-11,-0.21612931437666874
2000-09-12,-0.18781951122517104
2000-09-13,-0.15755211387030318
2000-09-14,-0.1253271223120651
2000-09-15,-0.09114453655045682
2000-09-16,-0.05500435658547842
2000-09-17,-0.01862431020551087
2000-09-18,0.016277874801064896
2000-09-19,0.04970219843424882
2000-09-20,0.08164866069404084
2000-09-21,0.11211726158044107
2000-09-22,0.14110800109344943
2000-09-23,0.16862087923306598
2000-09-24,0.19465589599929062
2000-09-25,0.2192130513921235
2000-09-26,0.24229234541156452
2000-09-27,0.2638937780576136
2000-09-28,0.28401734933027095
2000-09-29,0.3026630592295364
2000-09-30,0.31983090775541007
2000-10-01,0.3355208949078919
2000-10-02,0.3497330206869818
2000-10-03,0.36246728509267995
2000-10-04,0.3737236881249862
2000-10-05,0.3835022297839006
2000-10-06,0.3918029100694232
2000-10-07,0.3986257289815539
2000-10-08,0.4039706865202928
2000-10-09,0.40783778268563986
2000-10-10,0.41022701747759505
2000-10-11,0.4111383908961584
2000-10-12,0.41057190294133
2000-10-13,0.40852755361310966
2000-10-14,0.4050053429114975
2000-10-15,0.4000052708364935
2000-10-16,0.3935273373880976
2000-10-17,0.385721199726238
2000-10-18,0.37748480081048325
2000-10-19,0.36896779780076133
2000-10-20,0.3601701906970723
2000-10-21,0.35109197949941623
2000-10-22,0.341733164207793
2000-10-23,0.3320937448222026
2000-10-24,0.32217372134264527
2000-10-25,0.3119730937691207
2000-10-26,0.301491862101629
2000-10-27,0.29073002634017026
2000-10-28,0.2796875864847444
2000-10-29,0.2683645425353514
2000-10-30,0.25676089449199135
2000-10-31,0.24487664235466414
2000-11-01,0.2327117861233698
2000-11-02,0.22026632579810843
2000-11-03,0.20754026137887993
2000-11-04,0.19453359286568428
2000-11-05,0.18124632025852155
2000-11-06,0.16767844355739175
2000-11-07,0.15382996276229477
2000-11-08,0.13970087787323074
2000-11-09,0.12529118889019958
2000-11-10,0.11060089581320133
2000-11-11,0.09562999864223594
2000-11-12,0.08037849737730347
2000-11-13,0.06484639201840388
2000-11-14,0.04903368256553718
2000-11-15,0.03294036901870338
2000-11-16,0.016566451377902497
2000-11-17,0.0008328612071535048
2000-11-18,-0.01333946992952464
2000-11-19,-0.02595054203213187
2000-11-20,-0.03700035510066818
2000-11-21,-0.04648890913513362
2000-11-22,-0.05441620413552814
2000-11-23,-0.060782240101851785
2000-11-24,-0.06558701703410454
2000-11-25,-0.06883053493228639
2000-11-26,-0.07051279379639734
2000-11-27,-0.07063379362643739
2000-11-28,-0.06919353442240657
2000-11-29,-0.06619201618430483
2000-11-30,-0.06162923891213222
2000-12-01,-0.0555052026058887
2000-12-02,-0.04781990726557427
2000-12-03,-0.03857335289118896
2000-12-04,-0.02776553948273278
2000-12-05,-0.015396467040205673
2000-12-06,-0.0014661355636076887
2000-12-07,0.014025454947061205
2000-12-08,0.031078304491801028
2000-12-09,0.04969241307061165
2000-12-10,0.06986778068349324
2000-12-11,0.09160440733044571
2000-12-12,0.11490229301146908
2000-12-13,0.1397614377265633
2000-12-14,0.16618184147572848
2000-12-15,0.19416350425896456
2000-12-16,0.2237064260762715
2000-12-17,0.25446957933503356
2000-12-18,0.2844067984795555
2000-12-19,0.3131770559172218
2000-12-20,0.3407803516480323
2000-12-21,0.36721668567198695
2000-12-22,0.3924860579890857
2000-12-23,0.41658846859932885
2000-12-24,0.4395239175027161
2000-12-25,0.46129240469924754
2000-12-26,0.4818939301889232
2000-12-27,0.5013284939717431
2000-12-28,0.5195960960477072
2000-12-29,0.5366967364168154
2000-12-30,0.552630415079068
2000-12-31,0.5673971320344646
2001-01-01,0.5809968872830055
2001-01-02,0.5934296808246906
2001-01-03,0.6046955126595198
2001-01-04,0.6147943827874934
2001-01-05,0.6237262912086111
2001-01-06,0.631491237922873
2001-01-07,0.6380892229302791
2001-01-08,0.6435202462308295
2001-01-09,0.647784307824524
2001-01-10,0.6508814077113627
2001-01-11,0.6528115458913457
2001-01-12,0.6535747223644728
2001-01-13,0.653170937130744
2001-01-14,0.6516001901901597
2001-01-15,0.6488624815427193
2001-01-16,0.6449578111884233
2001-01-17,0.6398363783857636
2001-01-18,0.6331993786856941
2001-01-19,0.6249970113467066
2001-01-20,0.6152292763688014
2001-01-21,0.6038961737519783
2001-01-22,0.5909977034962377
2001-01-23,0.5765338656015789
2001-01-24,0.5605046600680027
2001-01-25,0.5429100868955085
2001-01-26,0.5237501460840963
2001-01-27,0.5030248376337666
2001-01-28,0.4807341615445191
2001-01-29,0.45687811781635385
2001-01-30,0.43145670644927064
2001-01-31,0.40446992744326965
2001-02-01,0.375917780798351
2001-02-02,0.3458002665145144
2001-02-03,0.31411738459176003
2001-02-04,0.280869135030088
2001-02-05,0.24605551782949808
2001-02-06,0.20967653298999037
2001-02-07,0.17173218051156486
2001-02-08,0.13222246039422159
2001-02-09,0.09114737263796052
2001-02-10,0.04850691724278162
2001-02-11,0.004301094208684974
2001-02-12,-0.04147009646432947
2001-02-13,-0.08880665477626169
2001-02-14,-0.13770858072711173
2001-02-15,-0.18817587431687954
2001-02-16,-0.2367701108123106
2001-02-17,-0.2800528654801505
2001-02-18,-0.31802413832039916
2001-02-19,-0.3506839293330565
2001-02-20,-0.3780322385181226
2001-02-21,-0.4000690658755976
2001-02-22,-0.4167944114054813
2001-02-23,-0.4282082751077738
2001-02-24,-0.43431065698247495
2001-02-25,-0.4351015570295849
2001-02-26,-0.43058097524910366
2001-02-27,-0.4207489116410312
2001-02-28,-0.40560536620536736
2001-03-01,-0.3851503389421124
2001-03-02,-0.35938382985126627
2001-03-03,-0.3283058389328288
2001-03-04,-0.2919163661868001
2001-03-05,-0.25021541161318017
2001-03-06,-0.20320297521196903
2001-03-07,-0.15087905698316662
2001-03-08,-0.09324365692677299
2001-03-09,-0.030296775042788063
2001-03-10,0.03796158866878809
2001-03-11,0.11153143420795533
2001-03-12,0.1904127615747139
2001-03-13,0.27460557076906383
2001-03-14,0.3641098617910048
2001-03-15,0.45892563464053715
2001-03-16,0.5590528893176607
2001-03-17,0.6632592320541228
2001-03-18,0.7641503002404078
2001-03-19,0.8604937001082626
2001-03-20,0.9522894316576873
2001-03-21,1.0395374948886826
2001-03-22,1.1222378898012477
2001-03-23,1.2003906163953828
2001-03-24,1.273995674671088
2001-03-25,1.3430530646283632
2001-03-26,1.4075627862672082
2001-03-27,1.4675248395876241
2001-03-28,1.5229392245896096
2001-03-29,1.573805941273165
2001-03-30,1.6201249896382905
2001-03-31,1.6618963696849864
2001-04-01,1.699120081413252
2001-04-02,1.7317961248230878
2001-04-03,1.7599244999144936
2001-04-04,1.7835052066874697
2001-04-05,1.8025382451420158
2001-04-06,1.8170236152781318
2001-04-07,1.8269613170958177
2001-04-08,1.8323513505950741
2001-04-09,1.8331937157759004
2001-04-10,1.8294884126382966
2001-04-11,1.8212354411822629
2001-04-12,1.8084348014077996
2001-04-13,1.791086493314906
2001-04-14,1.7691905169035826
2001-04-15,1.742746872173829
2001-04-16,1.711755559125646
2001-04-17,1.6780166377049566
2001-04-18,1.643330167857686
2001-04-19,1.6076961495838327
2001-04-20,1.5711145828833981
2001-04-21,1.5335854677563814
2001-04-22,1.4951088042027831
2001-04-23,1.4556845922226027
2001-04-24,1.4153128318158408
2001-04-25,1.3739935229824967
2001-04-26,1.331726665722571
2001-04-27,1.2885122600360632
2001-04-28,1.2443503059229741
2001-04-29,1.1992408033833026
2001-04-30,1.1531837524170496
2001-05-01,1.1061791530242149
2001-05-02,1.0582270052047977
2001-05-03,1.009327308958799
2001-05-04,0.9594800642862187
2001-05-05,0.9086852711870564
2001-05-06,0.8569429296613121
2001-05-07,0.804253039708986
2001-05-08,0.7506156013300782
2001-05-09,0.6960306145245885
2001-05-10,0.6404980792925168
2001-05-11,0.5840179956338635
2001-05-12,0.5265903635486283
2001-05-13,0.4682151830368112
2001-05-14,0.40889245409841224
2001-05-15,0.34862217673343154
2001-05-16,0.2874043509418688
2001-05-17,0.2257245878032522
2001-05-18,0.16649655379474845
2001-05-19,0.11020585999588543
2001-05-20,0.05685250640666314
2001-05-21,0.006436493027081637
2001-05-22,-0.04104218014285918
2001-05-23,-0.08558351310315934
2001-05-24,-0.12718750585381866
2001-05-25,-0.16585415839483741
2001-05-26,-0.20158347072621527
2001-05-27,-0.23437544284795248
2001-05-28,-0.26423007476004895
2001-05-29,-0.2911473664625048
2001-05-30,-0.3151273179553198
2001-05-31,-0.33616992923849404
2001-06-01,-0.3542752003120276
2001-06-02,-0.36944313117592054
2001-06-03,-0.3816737218301727
2001-06-04,-0.39096697227478405
2001-06-05,-0.3973228825097547
2001-06-06,-0.4007414525350847
2001-06-07,-0.40122268235077385
2001-06-08,-0.39876657195682236
2001-06-09,-0.3933731213532302
2001-06-10,-0.38504233053999726
2001-06-11,-0.37377419951712354
2001-06-12,-0.3595687282846092
2001-06-13,-0.342425916842454
2001-06-14,-0.32234576519065816
2001-06-15,-0.29932827332922163
2001-06-16,-0.27337344125814433
2001-06-17,-0.24619483033830777
2001-06-18,-0.2195060019305935
2001-06-19,-0.19330695603500134
2001-06-20,-0.16759769265153157
2001-06-21,-0.14237821178018392
2001-06-22,-0.11764851342095853
2001-06-23,-0.09340859757385543
2001-06-24,-0.06965846423887452
2001-06-25,-0.046398113416015796
2001-06-26,-0.023627545105279348
2001-06-27,-0.0013467593066651354
2001-06-28,0.020444243979826845
2001-06-29,0.04174546475419659
2001-06-30,0.06255690301644411
2001-07-01,0.0828785587665694
2001-07-02,0.10271043200457244
2001-07-03,0.12205252273045328
2001-07-04,0.14090483094421183
2001-07-05,0.1592673566458482
2001-07-06,0.17714009983536233
2001-07-07,0.1945230605127542
2001-07-08,0.2114162386780239
2001-07-09,0.22781963433117128
2001-07-10,0.24373324747219646
2001-07-11,0.25915707810109945
2001-07-12,0.2740911262178801
2001-07-13,0.2885353918225386
2001-07-14,0.3024898749150749
2001-07-15,0.3159545754954889
2001-07-16,0.32892949356378065
2001-07-17,0.34114175219596055
2001-07-18,0.3509540898480901
2001-07-19,0.35809362959617996
2001-07-20,0.36256037144022984
2001-07-21,0.3643543153802397
2001-07-22,0.3634754614162098
2001-07-23,0.35992380954814
2001-07-24,0.35369935977603023
2001-07-25,0.34480211209988065
2001-07-26,0.333232066519691
2001-07-27,0.3189892230354616
2001-07-28,0.30207358164719234
2001-07-29,0.2824851423548831
2001-07-30,0.26022390515853394
2001-07-31,0.23528987005814495
2001-08-01,0.2076830370537159
2001-08-02,0.17740340614524713
2001-08-03,0.1444509773327384
2001-08-04,0.10882575061618976
2001-08-05,0.07052772599560131
2001-08-06,0.029556903470972826
2001-08-07,-0.014086716957695474
2001-08-08,-0.06040313529040375
2001-08-09,-0.10939235152715186
2001-08-10,-0.16105436566793993
2001-08-11,-0.21538917771276778
2001-08-12,-0.2723967876616356
2001-08-13,-0.3320771955145433
2001-08-14,-0.3944304012714909
2001-08-15,-0.4594564049324784
2001-08-16,-0.5271552064975059
2001-08-17,-0.5964932791861502
2001-08-18,-0.6612694623158741
2001-08-19,-0.7204502291062541
2001-08-20,-0.7740355795572904
2001-08-21,-0.8220255136689836
2001-08-22,-0.8644200314413327
2001-08-23,-0.9012191328743384
2001-08-24,-0.9324228179680004
2001-08-25,-0.9580310867223188
2001-08-26,-0.9780439391372933
2001-08-27,-0.9924613752129248
2001-08-28,-1.0012833949492124
2001-08-29,-1.0045099983461565
2001-08-30,-1.002141185403757
2001-08-31,-0.9941769561220136
2001-09-01,-0.9806173105009268
2001-09-02,-0.9614622485404962
2001-09-03,-0.9367117702407219
2001-09-04,-0.9063658756016044
2001-09-05,-0.8704245646231431
2001-09-06,-0.8288878373053381
2001-09-07,-0.7817556936481895
2001-09-08,-0.7290281336516974
2001-09-09,-0.6707051573158617
2001-09-10,-0.6067867646406824
2001-09-11,-0.5372729556261593
2001-09-12,-0.4621637302722927
2001-09-13,-0.3814590885790826
2001-09-14,-0.29515903054652876
2001-09-15,-0.20326355617463115
2001-09-16,-0.10577266546339015
2001-09-17,-0.007651775464659117
2001-09-18,0.08613369676970856
2001-09-19,0.17558375123971273
2001-09-20,0.26069838794535305
2001-09-21,0.34147760688663
2001-09-22,0.4179214080635435
2001-09-23,0.4900297914760935
2001-09-24,0.5578027571242798
2001-09-25,0.6212403050081028
2001-09-26,0.6803424351275623
2001-09-27,0.735109147482658
2001-09-28,0.7855404420733904
2001-09-29,0.8316363188997592
2001-09-30,0.8733967779617645
2001-10-01,0.9108218192594064
2001-10-02,0.9439114427926846
2001-10-03,0.9726656485615994
2001-10-04,0.9970844365661505
2001-10-05,1.0171678068063381
2001-10-06,1.0329157592821623
2001-10-07,1.044328293993623
2001-10-08,1.0514054109407203
2001-10-09,1.0541471101234539
2001-10-10,1.0525533915418237
2001-10-11,1.0466242551958302
2001-10-12,1.0363597010854735
2001-10-13,1.0217597292107528
2001-10-14,1.0028243395716687
2001-10-15,0.9795535321682213
2001-10-16,0.9519473070004101
2001-10-17,0.9205582336860202
2001-10-18,0.8887017299317597
2001-10-19,0.8569303653554128
2001-10-20,0.82524413995698
2001-10-21,0.7936430537364614
2001-10-22,0.7621271066938564
2001-10-23,0.7306962988291654
2001-10-24,0.6993506301423886
2001-10-25,0.6680901006335255
2001-10-26,0.6369147103025763
2001-10-27,0.6058244591495413
2001-10-28,0.57481934717442
2001-10-29,0.5438993743772128
2001-10-30,0.5130645407579194
2001-10-31,0.48231484631654004
2001-11-01,0.4516502910530746
2001-11-02,0.42107087496752316
2001-11-03,0.39057659805988565
2001-11-04,0.360167460330162
2001-11-05,0.3298434617783524
2001-11-06,0.2996046024044567
2001-11-07,0.26945088220847485
2001-11-08,0.23938230119040704
2001-11-09,0.20939885935025315
2001-11-10,0.17950055668801326
2001-11-11,0.14968739320368724
2001-11-12,0.11995936889727521
2001-11-13,0.09031648376877714
2001-11-14,0.060758737818192944
2001-11-15,0.03128613104552274
2001-11-16,0.0018986634507665023
2001-11-17,-0.026219716737837486
2001-11-18,-0.051885061292050956
2001-11-19,-0.07509737021187382
2001-11-20,-0.09585664349730608
2001-11-21,-0.11416288114834779
2001-11-22,-0.1300160831649989
2001-11-23,-0.14341624954725946
2001-11-24,-0.15436338029512942
2001-11-25,-0.16285747540860881
2001-11-26,-0.16889853488769763
2001-11-27,-0.17248655873239585
2001-11-28,-0.17362154694270354
2001-11-29,-0.17230349951862062
2001-11-30,-0.16853241646014716
2001-12-01,-0.1623082977672831
2001-12-02,-0.15363114344002846
2001-12-03,-0.14250095347838326
2001-12-04,-0.1289177278823475
2001-12-05,-0.11288146665192114
2001-12-06,-0.09439216978710421
2001-12-07,-0.07344983728789671
2001-12-08,-0.05005446915429856
2001-12-09,-0.024206065386309986
2001-12-10,0.004095374016069301
2001-12-11,0.03484984905283908
2001-12-12,0.06805735972399952
2001-12-13,0.10371790602955046
2001-12-14,0.141831487969492
2001-12-15,0.18239810554382416
2001-12-16,0.22541775875254683
2001-12-17,0.2697594537964641
2001-12-18,0.30863722788039955
2001-12-19,0.3409200872051574
2001-12-20,0.3666080317707375
2001-12-21,0.38570106157713985
2001-12-22,0.3981991766243643
2001-12-23,0.4041023769124113
2001-12-24,0.4034106624412804
2001-12-25,0.39612403321097184
2001-12-26,0.38224248922148557
2001-12-27,0.3617660304728214
2001-12-28,0.33469465696497963
2001-12-29,0.3010283686979601
2001-12-30,0.2607671656717629
2001-12-31,0.21391104788638796
2002-01-01,0.1604600153418353
2002-01-02,0.10041406803810476
2002-01-03,0.033773205975196556
2002-01-04,-0.039462570846889256
2002-01-05,-0.1192932624281529
2002-01-06,-0.20571886876859427
2002-01-07,-0.29873938986821336
2002-01-08,-0.3983548257270102
2002-01-09,-0.5045651763449848
2002-01-10,-0.6173704417221371
2002-01-11,-0.7367706218584672
2002-01-12,-0.862765716753975
2002-01-13,-0.9953557264086603
2002-01-14,-1.1345406508225238
2002-01-15,-1.2803204899955645
2002-01-16,-1.4326952439277834
2002-01-17,-1.5895425092573996
2002-01-18,-1.7381278658137371
2002-01-19,-1.8763289102350147
2002-01-20,-2.0041456425212334
2002-01-21,-2.1215780626723926
2002-01-22,-2.228626170688493
2002-01-23,-2.325289966569533
2002-01-24,-2.4115694503155147
2002-01-25,-2.4874646219264362
2002-01-26,-2.5529754814022985
2002-01-27,-2.6081020287431023
2002-01-28,-2.6528442639488463
2002-01-29,-2.687202187019531
2002-01-30,-2.711175797955157
2002-01-31,-2.724765096755722
2002-02-01,-2.7279700834212295
2002-02-02,-2.7207907579516766
2002-02-03,-2.7032271203470644
2002-02-04,-2.6752791706073937
2002-02-05,-2.636946908732664
2002-02-06,-2.5882303347228737
2002-02-07,-2.5291294485780247
2002-02-08,-2.459644250298116
2002-02-09,-2.3797747398831484
2002-02-10,-2.289520917333121
2002-02-11,-2.188882782648035
2002-02-12,-2.0778603358278893
2002-02-13,-1.956453576872684
2002-02-14,-1.82466250578242
2002-02-15,-1.6824871225570965
2002-02-16,-1.5369692255689844
2002-02-17,-1.3951506131903542
2002-02-18,-1.2570312854212065
2002-02-19,-1.122611242261541
2002-02-20,-0.9918904837113575
2002-02-21,-0.8648690097706561
2002-02-22,-0.7415468204394368
2002-02-23,-0.6219239157177001
2002-02-24,-0.5060002956054453
2002-02-25,-0.39377596010267263
2002-02-26,-0.2852509092093819
2002-02-27,-0.18042514292557355
2002-02-28,-0.07929866125124738
2002-03-01,0.0181285358135967
2002-03-02,0.11185644826895845
2002-03-03,0.20188507611483814
2002-03-04,0.28821441935123576
2002-03-05,0.37084447797815107
2002-03-06,0.4497752519955844
2002-03-07,0.5250067414035353
2002-03-08,0.5965389462020043
2002-03-09,0.664371866390991
2002-03-10,0.7285055019704957
2002-03-11,0.788939852940518
2002-03-12,0.8456749193010581
2002-03-13,0.8987107010521163
2002-03-14,0.9480471981936921
2002-03-15,0.9936844107257861
2002-03-16,1.0356223386483976
2002-03-17,1.0740392690902032
2002-03-18,1.1100049248232595
2002-03-19,1.1436975929762432
2002-03-20,1.1751172735491533
2002-03-21,1.2042639665419907
2002-03-22,1.2311376719547553
2002-03-23,1.2557383897874468
2002-03-24,1.2780661200400651
2002-03-25,1.2981208627126104
2002-03-26,1.3159026178050826
2002-03-27,1.3314113853174825
2002-03-28,1.3446471652498087
2002-03-29,1.355609957602062
2002-03-30,1.3642997623742426
2002-03-31,1.37071657956635
2002-04-01,1.3748604091783845
2002-04-02,1.3767312512103458
2002-04-03,1.376329105662234
2002-04-04,1.3736539725340495
2002-04-05,1.368705851825792
2002-04-06,1.3614847435374613
2002-04-07,1.3519906476690577
2002-04-08,1.3402235642205813
2002-04-09,1.3261834931920315
2002-04-10,1.309870434583409
2002-04-11,1.2912843883947134
2002-04-12,1.2704253546259447
2002-04-13,1.247293333277103
2002-04-14,1.2218883243481886
2002-04-15,1.194210327839201
2002-04-16,1.1642593437501403
2002-04-17,1.133474094309537
2002-04-18,1.1032933017459208
2002-04-19,1.0737169660592916
2002-04-20,1.0447450872496498
2002-04-21,1.0163776653169951
2002-04-22,0.9886147002613279
2002-04-23,0.961456192082648
2002-04-24,0.9349021407809551
2002-04-25,0.9089525463562494
2002-04-26,0.8836074088085313
2002-04-27,0.8588667281378003
2002-04-28,0.8347305043440564
2002-04-29,0.8111987374272999
2002-04-30,0.7882714273875306
2002-05-01,0.7659485742247485
2002-05-02,0.7442301779389536
2002-05-03,0.7231162385301461
2002-05-04,0.7026067559983257
2002-05-05,0.6827017303434927
2002-05-06,0.6634011615656467
2002-05-07,0.644705049664788
2002-05-08,0.6266133946409167
2002-05-09,0.6091261964940327
2002-05-10,0.5922434552241357
2002-05-11,0.575965170831226
2002-05-12,0.5602913433153037
2002-05-13,0.5452219726763685
2002-05-14,0.5307570589144206
2002-05-15,0.51689660202946
2002-05-16,0.5036406020214865
2002-05-17,0.4908622995569229
2002-05-18,0.4778011386343039
2002-05-19,0.46433035992005206
2002-05-20,0.45044996341416743
2002-05-21,0.43615994911665007
2002-05-22,0.42146031702749975
2002-05-23,0.4063510671467166
2002-05-24,0.3908321994743008
2002-05-25,0.374903714010252
2002-05-26,0.3585656107545705
2002-05-27,0.34181788970725613
2002-05-28,0.324660550868309
2002-05-29,0.307093594237729
2002-05-30,0.2891170198155162
2002-05-31,0.2707308276016705
2002-06-01,0.251935017596192
2002-06-02,0.2327295897990808
2002-06-03,0.21311454421033674
2002-06-04,0.19308988082995976
2002-06-05,0.17265559965795013
2002-06-06,0.15181170069430758
2002-06-07,0.13055818393903218
2002-06-08,0.108895049392124
2002-06-09,0.08682229705358302
2002-06-10,0.06433992692340919
2002-06-11,0.041447939001602555
2002-06-12,0.01814633328816312
2002-06-13,-0.005564890216909163
2002-06-14,-0.02968573151361426
2002-06-15,-0.05421619060195215
2002-06-16,-0.07915626748192287
2002-06-17,-0.1038982278745833
2002-06-18,-0.12783433750099035
2002-06-19,-0.15096459636114393
2002-06-20,-0.17328900445504414
2002-06-21,-0.1948075617826909
2002-06-22,-0.21552026834408428
2002-06-23,-0.23542712413922423
2002-06-24,-0.2545281291681108
2002-06-25,-0.27282328343074397
2002-06-26,-0.2903125869271237
2002-06-27,-0.30699603965725
2002-06-28,-0.3228736416211229
2002-06-29,-0.3379453928187424
2002-06-30,-0.3522112932501085
2002-07-01,-0.3656713429152212
2002-07-02,-0.3783255418140804
2002-07-03,-0.3901738899466864
2002-07-04,-0.40121638731303877
2002-07-05,-0.4114530339131378
2002-07-06,-0.42088382974698346
2002-07-07,-0.42950877481457567
2002-07-08,-0.43732786911591454
2002-07-09,-0.4443411126509999
2002-07-10,-0.4505485054198319
2002-07-11,-0.45595004742241046
2002-07-12,-0.4605457386587356
2002-07-13,-0.46433557912880735
2002-07-14,-0.4673195688326257
2002-07-15,-0.4694977077701906
2002-07-16,-0.47086999594150214
2002-07-17,-0.4718610475050328
2002-07-18,-0.4750185474116175
2002-07-19,-0.48076710981972887
2002-07-20,-0.4891067347293668
2002-07-21,-0.5000374221405313
2002-07-22,-0.5135591720532224
2002-07-23,-0.5296719844674402
2002-07-24,-0.5483758593831847
2002-07-25,-0.5696707968004557
2002-07-26,-0.5935567967192532
2002-07-27,-0.6200338591395774
2002-07-28,-0.6491019840614283
2002-07-29,-0.6807611714848057
2002-07-30,-0.7150114214097097
2002-07-31,-0.7518527338361405
2002-08-01,-0.7912851087640976
2002-08-02,-0.8333085461935815
2002-08-03,-0.8779230461245919
2002-08-04,-0.9251286085571292
2002-08-05,-0.974925233491193
2002-08-06,-1.027312920926783
2002-08-07,-1.0822916708638999
2002-08-08,-1.1398614833025438
2002-08-09,-1.2000223582427139
2002-08-10,-1.2627742956844106
2002-08-11,-1.328117295627634
2002-08-12,-1.396051358072384
2002-08-13,-1.4665764830186605
2002-08-14,-1.5396926704664635
2002-08-15,-1.6153999204157934
2002-08-16,-1.6936982328666499
2002-08-17,-1.7731822603041754
2002-08-18,-1.8454199176392245
2002-08-19,-1.9090058573569393
2002-08-20,-1.9639400794573199
2002-08-21,-2.010222583940367
2002-08-22,-2.0478533708060795
2002-08-23,-2.076832440054458
2002-08-24,-2.0971597916855025
2002-08-25,-2.1088354256992132
2002-08-26,-2.1118593420955887
2002-08-27,-2.106231540874632
2002-08-28,-2.09195202203634
2002-08-29,-2.069020785580714
2002-08-30,-2.0374378315077544
2002-08-31,-1.99720315981746
2002-09-01,-1.948316770509832
2002-09-02,-1.8907786635848702
2002-09-03,-1.8245888390425737
2002-09-04,-1.7497472968829437
2002-09-05,-1.6662540371059793
2002-09-06,-1.5741090597116807
2002-09-07,-1.4733123647000483
2002-09-08,-1.3638639520710816
2002-09-09,-1.2457638218247808
2002-09-10,-1.1190119739611464
2002-09-11,-0.9836084084801778
2002-09-12,-0.8395531253818751
2002-09-13,-0.6868461246662381
2002-09-14,-0.525487406333267
2002-09-15,-0.35547697038296183
2002-09-16,-0.17681481681532274
2002-09-17,0.0016678564214084065
2002-09-18,0.17113985137899054
2002-09-19,0.33160116805742285
2002-09-20,0.4830518064567054
2002-09-21,0.6254917665768385
2002-09-22,0.758921048417822
2002-09-23,0.883339651979656
2002-09-24,0.9987475772623405
2002-09-25,1.1051448242658752
2002-09-26,1.202531392990261
2002-09-27,1.2909072834354962
2002-09-28,1.3702724956015826
2002-09-29,1.440627029488519
2002-09-30,1.5019708850963063
2002-10-01,1.554304062424944
2002-10-02,1.5976265614744318
2002-10-03,1.6319383822447704
2002-10-04,1.6572395247359593
2002-10-05,1.6735299889479982
2002-10-06,1.6808097748808881
2002-10-07,1.679078882534628
2002-10-08,1.6683373119092189
2002-10-09,1.6485850630046597
2002-10-10,1.619822135820951
2002-10-11,1.582048530358093
2002-10-12,1.5352642466160853
2002-10-13,1.479469284594928
2002-10-14,1.4146636442946212
2002-10-15,1.340847325715165
2002-10-16,1.2580203288565588
2002-10-17,1.1677020413128
2002-10-18,1.079008788647869
2002-10-19,0.993459958455762
2002-10-20,0.9110555507364791
2002-10-21,0.8317955654900209
2002-10-22,0.7556800027163866
2002-10-23,0.6827088624155765
2002-10-24,0.612882144587591
2002-10-25,0.5461998492324294
2002-10-26,0.48266197635009234
2002-10-27,0.42226852594057945
2002-10-28,0.36501949800389066
2002-10-29,0.31091489254002636
2002-10-30,0.25995470954898625
2002-10-31,0.21213894903077035
2002-11-01,0.1674676109853787
2002-11-02,0.1259406954128114
2002-11-03,0.08755820231306832
2002-11-04,0.05232013168614945
2002-11-05,0.020226483532054886
2002-11-06,-0.008722742149215392
2002-11-07,-0.034527545357661435
2002-11-08,-0.057187926093283235
2002-11-09,-0.07670388435608078
2002-11-10,-0.09307542014605405
2002-11-11,-0.10630253346320305
2002-11-12,-0.11638522430752782
2002-11-13,-0.12332349267902828
2002-11-14,-0.12711733857770455
2002-11-15,-0.12776676200355652
2002-11-16,-0.12527176295658424
2002-11-17,-0.12093231130644384
2002-11-18,-0.11604837692279146
2002-11-19,-0.1106199598056271
2002-11-20,-0.10464705995495079
2002-11-21,-0.09812967737076249
2002-11-22,-0.09106781205306223
2002-11-23,-0.08346146400184998
2002-11-24,-0.07531063321712576
2002-11-25,-0.06661531969888956
2002-11-26,-0.0573755234471414
2002-11-27,-0.047591244461881274
2002-11-28,-0.03726248274310917
2002-11-29,-0.026389238290825085
2002-11-30,-0.014971511105029034
2002-12-01,-0.003009301185721
2002-12-02,0.009497391467099008
2002-12-03,0.022548566853431
2002-12-04,0.03614422497327493
2002-12-05,0.050284365826630865
2002-12-06,0.06496898941349875
2002-12-07,0.08019809573387862
2002-12-08,0.09597168478777049
2002-12-09,0.11228975657517427
2002-12-10,0.12915231109609007
2002-12-11,0.14655934835051784
2002-12-12,0.16451086833845757
2002-12-13,0.18300687105990926
2002-12-14,0.20204735651487296
2002-12-15,0.22163232470334865
2002-12-16,0.24176177562533624
2002-12-17,0.2621441747001338
2002-12-18,0.281030314443528
2002-12-19,0.29812866027481716
2002-12-20,0.31343921219400106
2002-12-21,0.3269619702010797
2002-12-22,0.338696934296053
2002-12-23,0.34864410447892125
2002-12-24,0.3568034807496841
2002-12-25,0.3631750631083418
2002-12-26,0.3677588515548942
2002-12-27,0.37055484608934136
2002-12-28,0.3715630467116833
2002-12-29,0.37078345342191993
2002-12-30,0.36821606622005143
2002-12-31,0.36386088510607756
2003-01-01,0.3577179100799986
2003-01-02,0.34978714114181425
2003-01-03,0.34006857829152465
2003-01-04,0.32856222152912995
2003-01-05,0.31526807085462993
2003-01-06,0.3001861262680246
2003-01-07,0.2833163877693141
2003-01-08,0.2646588553584984
2003-01-09,0.24421352903557741
2003-01-10,0.2219804088005512
2003-01-11,0.19795949465341967
2003-01-12,0.17215078659418295
2003-01-13,0.144554284622841
2003-01-14,0.1151699887393938
2003-01-15,0.08399789894384131
2003-01-16,0.05103801523618366
2003-01-17,0.016469225220739958
2003-01-18,-0.018635145476574175
2003-01-19,-0.05409620925143944
2003-01-20,-0.08991396610385592
2003-01-21,-0.1260884160338235
2003-01-22,-0.16261955904134234
2003-01-23,-0.1995073951264123
2003-01-24,-0.23675192428903344
2003-01-25,-0.2743531465292057
2003-01-26,-0.31231106184692914
2003-01-27,-0.3506256702422038
2003-01-28,-0.38929697171502964
2003-01-29,-0.4283249662654066
2003-01-30,-0.46770965389333485
2003-01-31,-0.5074510345988141
2003-02-01,-0.5475491083818447
2003-02-02,-0.5880038752424263
2003-02-03,-0.628815335180559
2003-02-04,-0.6699834881962431
2003-02-05,-0.7115083342894784
2003-02-06,-0.7533898734602646
2003-02-07,-0.7956281057086023
2003-02-08,-0.8382230310344908
2003-02-09,-0.8811746494379307
2003-02-10,-0.9244829609189217
2003-02-11,-0.968147965477464
2003-02-12,-1.0121696631135573
2003-02-13,-1.0565480538272018
2003-02-14,-1.1012831376183976
2003-02-15,-1.1463749144871445
2003-02-16,-1.1882002052257021
2003-02-17,-1.2231358306263307
2003-02-18,-1.2511817906890297
2003-02-19,-1.2723380854137998
2003-02-20,-1.28660471480064
2003-02-21,-1.2939816788495513
2003-02-22,-1.2944689775605334
2003-02-23,-1.288066610933586
2003-02-24,-1.2747745789687093
2003-02-25,-1.2545928816659033
2003-02-26,-1.2275215190251678
2003-02-27,-1.193560491046503
2003-02-28,-1.152709797729909
2003-03-01,-1.1049694390753857
2003-03-02,-1.0503394150829335
2003-03-03,-0.9888197257525513
2003-03-04,-0.9204103710842398
2003-03-05,-0.8451113510779993
2003-03-06,-0.7629226657338296
2003-03-07,-0.6738443150517301
2003-03-08,-0.5778762990317018
2003-03-09,-0.47501861767374376
2003-03-10,-0.3652712709778566
2003-03-11,-0.24863425894404007
2003-03-12,-0.1251075815722943
2003-03-13,0.0053087611373807235
2003-03-14,0.1426147691849852
2003-03-15,0.2868104425705192
2003-03-16,0.43789578129398227
2003-03-17,0.5939891270376034
2003-03-18,0.7438005298947549
2003-03-19,0.885448331547665
2003-03-20,1.0189325319963343
2003-03-21,1.1442531312407627
2003-03-22,1.26141012928095
2003-03-23,1.3704035261168965
2003-03-24,1.4712333217486018
2003-03-25,1.563899516176066
2003-03-26,1.648402109399289
2003-03-27,1.724741101418272
2003-03-28,1.792916492233013
2003-03-29,1.8529282818435133
2003-03-30,1.9047764702497725
2003-03-31,1.9484610574517909
2003-04-01,1.983982043449568
2003-04-02,2.011339428243104
2003-04-03,2.0305332118323993
2003-04-04,2.0415633942174543
2003-04-05,2.0444299753982675
2003-04-06,2.0391329553748396
2003-04-07,2.02567233414717
2003-04-08,2.0040481117152606
2003-04-09,1.97426028807911
2003-04-10,1.9363088632387182
2003-04-11,1.8901938371940852
2003-04-12,1.8359152099452116
2003-04-13,1.7734729814920964
2003-04-14,1.7028671518347407
2003-04-15,1.6240977209731438
2003-04-16,1.5371646889073058
2003-04-17,1.4479104113318138
2003-04-18,1.3621772439412543
2003-04-19,1.279965186735627
2003-04-20,1.2012742397149327
2003-04-21,1.1261044028791707
2003-04-22,1.054455676228341
2003-04-23,0.9863280597624443
2003-04-24,0.92172155348148
2003-04-25,0.8606361573854481
2003-04-26,0.8030718714743488
2003-04-27,0.7490286957481821
2003-04-28,0.698506630206948
2003-04-29,0.6515056748506461
2003-04-30,0.6080258296792771
2003-05-01,0.5680670946928406
2003-05-02,0.5316294698913365
2003-05-03,0.49871295527476495
2003-05-04,0.469317550843126
2003-05-05,0.4434432565964196
2003-05-06,0.4210900725346457
2003-05-07,0.40225799865780426
2003-05-08,0.38694703496589544
2003-05-09,0.37515718145891924
2003-05-10,0.36688843813687544
2003-05-11,0.36214080499976425
2003-05-12,0.36091428204758563
2003-05-13,0.3632088692803394
2003-05-14,0.36902456669802586
2003-05-15,0.3783613743006448
2003-05-16,0.3912192920881963
2003-05-17,0.4072675006483809
2003-05-18,0.4245210835074025
2003-05-19,0.44264922125296147
2003-05-20,0.461651913885058
2003-05-21,0.4815291614036921
2003-05-22,0.5022809638088636
2003-05-23,0.5239073211005727
2003-05-24,0.5464082332788193
2003-05-25,0.5697837003436034
2003-05-26,0.5940337222949249
2003-05-27,0.619158299132784
2003-05-28,0.6451574308571806
2003-05-29,0.6720311174681146
2003-05-30,0.6997793589655863
2003-05-31,0.7284021553495953
2003-06-01,0.757899506620142
2003-06-02,0.7882714127772262
2003-06-03,0.8195178738208478
2003-06-04,0.851638889751007
2003-06-05,0.8846344605677036
2003-06-06,0.9185045862709377
2003-06-07,0.9532492668607092
2003-06-08,0.9888685023370185
2003-06-09,1.0253622926998651
2003-06-10,1.0627306379492494
2003-06-11,1.100973538085171
2003-06-12,1.1400909931076302
2003-06-13,1.1800830030166267
2003-06-14,1.2209495678121611
2003-06-15,1.262690687494233
2003-06-16,1.305306362062842
2003-06-17,1.347213768047702
2003-06-18,1.386830081978526
2003-06-19,1.4241553038553136
2003-06-20,1.4591894336780653
2003-06-21,1.4919324714467808
2003-06-22,1.5223844171614602
2003-06-23,1.5505452708221035
2003-06-24,1.5764150324287107
2003-06-25,1.5999937019812815
2003-06-26,1.6212812794798168
2003-06-27,1.6402777649243157
2003-06-28,1.6569831583147787
2003-06-29,1.6713974596512051
2003-06-30,1.683520668933596
2003-07-01,1.6933527861619506
2003-07-02,1.7008938113362688
2003-07-03,1.7061437444565515
2003-07-04,1.7091025855227975
2003-07-05,1.7097703345350077
2003-07-06,1.7081469914931817
2003-07-07,1.7042325563973197
2003-07-08,1.6980270292474215
2003-07-09,1.6895304100434874
2003-07-10,1.678742698785517
2003-07-11,1.6656638954735106
2003-07-12,1.650294000107468
2003-07-13,1.6326330126873894
2003-07-14,1.6126809332132748
2003-07-15,1.5904377616851237
2003-07-16,1.5659034981029367
2003-07-17,1.539177865352359
2003-07-18,1.510859200747259
2003-07-19,1.481047227173283
2003-07-20,1.4497419446304305
2003-07-21,1.416943353118701
2003-07-22,1.3826514526380955
2003-07-23,1.3468662431886131
2003-07-24,1.3095877247702543
2003-07-25,1.2708158973830193
2003-07-26,1.2305507610269069
2003-07-27,1.1887923157019187
2003-07-28,1.1455405614080536
2003-07-29,1.100795498145312
2003-07-30,1.054557125913694
2003-07-31,1.0068254447131995
2003-08-01,0.9576004545438283
2003-08-02,0.9068821554055806
2003-08-03,0.8546705472984563
2003-08-04,0.8009656302224556
2003-08-05,0.7457674041775784
2003-08-06,0.6890758691638244
2003-08-07,0.6308910251811939
2003-08-08,0.571212872229687
2003-08-09,0.5100414103093035
2003-08-10,0.44737663942004335
2003-08-11,0.38321855956190687
2003-08-12,0.31756717073489377
2003-08-13,0.25042247293900416
2003-08-14,0.1817844661742379
2003-08-15,0.11165315044059514
2003-08-16,0.04002852573807593
2003-08-17,-0.03205904188792163
2003-08-18,-0.09842735616500696
2003-08-19,-0.15804605104778183
2003-08-20,-0.21091512653624608
2003-08-21,-0.2570345826304
2003-08-22,-0.2964044193302434
2003-08-23,-0.32902463663577625
2003-08-24,-0.35489523454699873
2003-08-25,-0.3740162130639106
2003-08-26,-0.38638757218651193
2003-08-27,-0.392009311914803
2003-08-28,-0.3908814322487833
2003-08-29,-0.3830039331884533
2003-08-30,-0.3683768147338129
2003-08-31,-0.3470000768848618
2003-09-01,-0.3188737196416004
2003-09-02,-0.28399774300402825
2003-09-03,-0.2423721469721457
2003-09-04,-0.1939969315459527
2003-09-05,-0.13887209672544934
2003-09-06,-0.07699764251063534
2003-09-07,-0.008373568901510923
2003-09-08,0.06700012410192417
2003-09-09,0.14912343649966953
2003-09-10,0.23799636829172544
2003-09-11,0.33361891947809186
2003-09-12,0.4359910900587688
2003-09-13,0.545112880033756
2003-09-14,0.6609842894030541
2003-09-15,0.7836053181666625
2003-09-16,0.9129759663245812
2003-09-17,1.0419958886224785
2003-09-18,1.1635647398060225
2003-09-19,1.2776825198752124
2003-09-20,1.3843492288300487
2003-09-21,1.4835648666705317
2003-09-22,1.5753294333966612
2003-09-23,1.659642929008437
2003-09-24,1.7365053535058588
2003-09-25,1.805916706888927
2003-09-26,1.8678769891576423
2003-09-27,1.9223862003120034
2003-09-28,1.9694443403520112
2003-09-29,2.009051409277665
2003-09-30,2.041207407088966
2003-10-01,2.0659123337859127
2003-10-02,2.083166189368506
2003-10-03,2.092968973836746
2003-10-04,2.095320687190632
2003-10-05,2.090221329430164
2003-10-06,2.0776709005553435
2003-10-07,2.0576694005661684
2003-10-08,2.0302168294626406
2003-10-09,1.9953131872447585
2003-10-10,1.9529584739125228
2003-10-11,1.9031526894659336
2003-10-12,1.8458958339049911
2003-10-13,1.781187907229695
2003-10-14,1.7090289094400448
2003-10-15,1.6294188405360415
2003-10-16,1.542357700517684
2003-10-17,1.4492329521449085
2003-10-18,1.3583693719773264
2003-10-19,1.2711544227748723
2003-10-20,1.187588104537547
2003-10-21,1.1076704172653498
2003-10-22,1.0314013609582808
2003-10-23,0.9587809356163404
2003-10-24,0.8898091412395285
2003-10-25,0.8244859778278445
2003-10-26,0.7628114453812892
2003-10-27,0.7047855438998623
2003-10-28,0.6504082733835636
2003-10-29,0.5996796338323933
2003-10-30,0.5525996252463514
2003-10-31,0.509168247625438
2003-11-01,0.4693855009696527
2003-11-02,0.43325138527899604
2003-11-03,0.40076590055346767
2003-11-04,0.37192904679306754
2003-11-05,0.3467408239977959
2003-11-06,0.3252012321676526
2003-11-07,0.30731027130263766
2003-11-08,0.2930679414027512
2003-11-09,0.282474242467993
2003-11-10,0.27552917449836317
2003-11-11,0.2722327374938618
2003-11-12,0.2725849314544887
2003-11-13,0.27658575638024396
2003-11-14,0.28423521227112775
2003-11-15,0.29553329912713977
2003-11-16,0.31048001694828015
2003-11-17,0.3275471925033862
2003-11-18,0.34520665256129507
2003-11-19,0.3634583971220067
2003-11-20,0.3823024261855212
2003-11-21,0.4017387397518385
2003-11-22,0.42176733782095854
2003-11-23,0.4423882203928815
2003-11-24,0.4636013874676072
2003-11-25,0.48540683904513576
2003-11-26,0.5078045751254672
2003-11-27,0.5307945957086014
2003-11-28,0.5543769007945384
2003-11-29,0.5785514903832782
2003-11-30,0.603318364474821
2003-12-01,0.6286775230691665
2003-12-02,0.6546289661663147
2003-12-03,0.6811726937662659
2003-12-04,0.7083087058690197
2003-12-05,0.7360370024745766
2003-12-06,0.7643575835829362
2003-12-07,0.7932704491940985
2003-12-08,0.8227755993080639
2003-12-09,0.8528730339248318
2003-12-10,0.8835627530444027
2003-12-11,0.9148447566667763
2003-12-12,0.9467190447919528
2003-12-13,0.979185617419932
2003-12-14,1.0122444745507142
2003-12-15,1.0458956161842992
2003-12-16,1.080139042320687
2003-12-17,1.1145468415052424
2003-12-18,1.1465515450101553
2003-12-19,1.1757252413807908
2003-12-20,1.202067930617149
2003-12-21,1.2255796127192289
2003-12-22,1.2462602876870315
2003-12-23,1.2641099555205566
2003-12-24,1.279128616219804
2003-12-25,1.2913162697847738
2003-12-26,1.300672916215466
2003-12-27,1.3071985555118808
2003-12-28,1.3108931876740177
2003-12-29,1.311756812701877
2003-12-30,1.3097894305954592
2003-12-31,1.3049910413547634
2004-01-01,1.29736164497979
2004-01-02,1.286901241470539
2004-01-03,1.2736098308270105
2004-01-04,1.2574874130492044
2004-01-05,1.2385339881371207
2004-01-06,1.2167495560907593
2004-01-07,1.1921341169101207
2004-01-08,1.164687670595204
2004-01-09,1.13441021714601
2004-01-10,1.1013017565625383
2004-01-11,1.0653622888447891
2004-01-12,1.0265918139927621
2004-01-13,0.9849903320064577
2004-01-14,0.9405578428858757
2004-01-15,0.893294346631016
2004-01-16,0.8431998432418789
2004-01-17,0.7908993410530214
2004-01-18,0.7401428900717892
2004-01-19,0.6915554986327398
2004-01-20,0.6451371667358727
2004-01-21,0.6008878943811884
2004-01-22,0.5588076815686868
2004-01-23,0.5188965282983677
2004-01-24,0.4811544345702314
2004-01-25,0.4455814003842776
2004-01-26,0.41217742574050653
2004-01-27,0.38094251063891804
2004-01-28,0.35187665507951216
2004-01-29,0.32497985906228893
2004-01-30,0.30025212258724837
2004-01-31,0.2776934456543904
2004-02-01,0.2573038282637151
2004-02-02,0.2390832704152224
2004-02-03,0.22303177210891234
2004-02-04,0.20914933334478497
2004-02-05,0.19743595412284018
2004-02-06,0.18789163444307805
2004-02-07,0.18051637430549855
2004-02-08,0.17531017371010169
2004-02-09,0.17227303265688745
2004-02-10,0.17140495114585586
2004-02-11,0.17270592917700686
2004-02-12,0.17617596675034056
2004-02-13,0.18181506386585683
2004-02-14,0.18962322052355576
2004-02-15,0.19960043672343736
2004-02-16,0.21172798416159475
2004-02-17,0.2258934930145872
2004-02-18,0.24207823497850778
2004-02-19,0.2602822100533566
2004-02-20,0.2805054182391336
2004-02-21,0.3027478595358388
2004-02-22,0.32700953394347226
2004-02-23,0.35329044146203387
2004-02-24,0.3815905820915237
2004-02-25,0.4119099558319416
2004-02-26,0.44424856268328783
2004-02-27,0.47860640264556226
2004-02-28,0.5149834757187649
2004-02-29,0.5533797819028956
2004-03-01,0.5937953211979546
2004-03-02,0.6362300936039419
2004-03-03,0.6806840991208573
2004-03-04,0.7271573377487008
2004-03-05,0.7756498094874728
2004-03-06,0.8261615143371728
2004-03-07,0.878692452297801
2004-03-08,0.9332426233693573
2004-03-09,0.9898120275518419
2004-03-10,1.0484006648452546
2004-03-11,1.1090085352495955
2004-03-12,1.171635638764865
2004-03-13,1.2362819753910623
2004-03-14,1.302947545128188
2004-03-15,1.3716323479762418
2004-03-16,1.442336383935224
2004-03-17,1.5140353138288563
2004-03-18,1.5805831025994757
2004-03-19,1.6409554110708033
2004-03-20,1.69515223924284
2004-03-21,1.7431735871155856
2004-03-22,1.7850194546890394
2004-03-23,1.8206898419632027
2004-03-24,1.8501847489380745
2004-03-25,1.8735041756136552
2004-03-26,1.8906481219899443
2004-03-27,1.9016165880669427
2004-03-28,1.9064095738446498
2004-03-29,1.9050270793230655
2004-03-30,1.89746910450219
2004-03-31,1.8837356493820234
2004-04-01,1.8638267139625655
2004-04-02,1.8377422982438167
2004-04-03,1.8054824022257763
2004-04-04,1.767047025908445
2004-04-05,1.7224361692918224
2004-04-06,1.6716498323759088
2004-04-07,1.6146880151607035
2004-04-08,1.5515507176462076
2004-04-09,1.48223793983242
2004-04-10,1.4067496817193417
2004-04-11,1.3250859433069717
2004-04-12,1.237246724595311
2004-04-13,1.1432320255843589
2004-04-14,1.0430418462741153
2004-04-15,0.9366761866645806
2004-04-16,0.8241350467557549
2004-04-17,0.7114478905611984
2004-04-18,0.6046441820944715
2004-04-19,0.5037239213555742
2004-04-20,0.4086871083445069
2004-04-21,0.319533743061269
2004-04-22,0.23626382550586092
2004-04-23,0.1588773556782825
2004-04-24,0.08737433357853382
2004-04-25,0.02175475920661461
2004-04-26,-0.03798136743747476
2004-04-27,-0.09183404635373434
2004-04-28,-0.13980327754216432
2004-04-29,-0.18188906100276467
2004-04-30,-0.21809139673553538
2004-05-01,-0.2484102847404763
2004-05-02,-0.2728457250175875
2004-05-03,-0.29139771756686916
2004-05-04,-0.304066262388321
2004-05-05,-0.3108513594819432
2004-05-06,-0.31175300884773577
2004-05-07,-0.30677121048569855
2004-05-08,-0.2959059643958318
2004-05-09,-0.27915727057813516
2004-05-10,-0.2565251290326089
2004-05-11,-0.228009539759253
2004-05-12,-0.19361050275806743
2004-05-13,-0.15332801802905222
2004-05-14,-0.10716208557220716
2004-05-15,-0.05511270538753259
2004-05-16,0.002820122524971827
2004-05-17,0.06560475444879237
2004-05-18,0.12705132808484884
2004-05-19,0.18612819971662753
2004-05-20,0.24283536934412867
2004-05-21,0.2971728369673521
2004-05-22,0.349140602586298
2004-05-23,0.3987386662009662
2004-05-24,0.4459670278113568
2004-05-25,0.4908256874174698
2004-05-26,0.533314645019305
2004-05-27,0.5734339006168627
2004-05-28,0.6111834542101429
2004-05-29,0.6465633057991452
2004-05-30,0.6795734553838699
2004-05-31,0.710213902964317
2004-06-01,0.7384846485404866
2004-06-02,0.7643856921123785
2004-06-03,0.7879170336799928
2004-06-04,0.8090786732433293
2004-06-05,0.8278706108023883
2004-06-06,0.8442928463571696
2004-06-07,0.8583453799076731
2004-06-08,0.8700282114538993
2004-06-09,0.8793413409958478
2004-06-10,0.8862847685335186
2004-06-11,0.8908584940669118
2004-06-12,0.8930625175960272
2004-06-13,0.892896839120865
2004-06-14,0.8903614586414255
2004-06-15,0.885456376157708
2004-06-16,0.8781815916697129
2004-06-17,0.8696104281011163
2004-06-18,0.860816208375594
2004-06-19,0.8517989324931459
2004-06-20,0.8425586004537722
2004-06-21,0.8330952122574726
2004-06-22,0.8234087679042474
2004-06-23,0.8134992673940967
2004-06-24,0.80336671072702
2004-06-25,0.7930110979030178
2004-06-26,0.7824324289220898
2004-06-27,0.7716307037842361
2004-06-28,0.7606059224894569
2004-06-29,0.7493580850377518
2004-06-30,0.7378871914291212
2004-07-01,0.7261932416635647
2004-07-02,0.7142762357410826
2004-07-03,0.7021361736616748
2004-07-04,0.6897730554253413
2004-07-05,0.6771868810320821
2004-07-06,0.6643776504818972
2004-07-07,0.6513453637747867
2004-07-08,0.6380900209107503
2004-07-09,0.6246116218897884
2004-07-10,0.6109101667119006
2004-07-11,0.5969856553770874
2004-07-12,0.5828380878853482
2004-07-13,0.5684674642366835
2004-07-14,0.553873784431093
2004-07-15,0.5390570484685768
2004-07-16,0.5240172563491349
2004-07-17,0.5085776108169358
2004-07-18,0.49167732833698835
2004-07-19,0.47313961165346136
2004-07-20,0.45296446076635455
2004-07-21,0.4311518756756679
2004-07-22,0.4077018563814015
2004-07-23,0.38261440288355547
2004-07-24,0.3558895151821295
2004-07-25,0.327527193277124
2004-07-26,0.2975274371685384
2004-07-27,0.26589024685637336
2004-07-28,0.23261562234062844
2004-07-29,0.19770356362130379
2004-07-30,0.1611540706983993
2004-07-31,0.12296714357191511
2004-08-01,0.0831427822418511
2004-08-02,0.04168098670820737
2004-08-03,-0.0014182430290161218
2004-08-04,-0.046154906969819436
2004-08-05,-0.09252900511420242
2004-08-06,-0.14054053746216524
2004-08-07,-0.1901895040137077
2004-08-08,-0.2414759047688301
2004-08-09,-0.2943997397275322
2004-08-10,-0.3489610088898141
2004-08-11,-0.40515971225567554
2004-08-12,-0.46299584982511693
2004-08-13,-0.522469421598138
2004-08-14,-0.5835804275747389
2004-08-15,-0.6463288677549195
2004-08-16,-0.71071474213868
2004-08-17,-0.7756748946708883
2004-08-18,-0.8348303890207536
2004-08-19,-0.8871180691331436
2004-08-20,-0.9325379350080585
2004-08-21,-0.9710899866454987
2004-08-22,-1.0027742240454638
2004-08-23,-1.0275906472079537
2004-08-24,-1.0455392561329686
2004-08-25,-1.0566200508205084
2004-08-26,-1.060833031270573
2004-08-27,-1.058178197483163
2004-08-28,-1.0486555494582777
2004-08-29,-1.0322650871959176
2004-08-30,-1.0090068106960821
2004-08-31,-0.978880719958772
2004-09-01,-0.9418868149839864
2004-09-02,-0.898025095771726
2004-09-03,-0.8472955623219904
2004-09-04,-0.7896982146347798
2004-09-05,-0.7252330527100945
2004-09-06,-0.6539000765479339
2004-09-07,-0.5756992861482981
2004-09-08,-0.49063068151118755
2004-09-09,-0.39869426263660174
2004-09-10,-0.29989002952454114
2004-09-11,-0.19421798217500544
2004-09-12,-0.0816781205879945
2004-09-13,0.037729555236491186
2004-09-14,0.16400504529845217
2004-09-15,0.2971483495978883
2004-09-16,0.4371594681347991
2004-09-17,0.5770700271579625
2004-09-18,0.7099116529161567
2004-09-19,0.8356843454093806
2004-09-20,0.9543881046376345
2004-09-21,1.0660229306009186
2004-09-22,1.1705888232992334
2004-09-23,1.268085782732578
2004-09-24,1.3585138089009527
2004-09-25,1.4418729018043577
2004-09-26,1.5181630614427934
2004-09-27,1.5873842878162585
2004-09-28,1.6495365809247542
2004-09-29,1.7046199407682798
2004-09-30,1.752634367346836
2004-10-01,1.793579860660422
2004-10-02,1.8274564207090385
2004-10-03,1.8542640474926853
2004-10-04,1.8740027410113618
2004-10-05,1.8866725012650687
2004-10-06,1.8922733282538058
2004-10-07,1.8908052219775728
2004-10-08,1.8822681824363705
2004-10-09,1.8666622096301981
2004-10-10,1.8439873035590557
2004-10-11,1.8142434642229437
2004-10-12,1.7774306916218623
2004-10-13,1.7335489857558106
2004-10-14,1.6825983466247891
2004-10-15,1.6245787742287976
2004-10-16,1.5594902685678365
2004-10-17,1.4886003076153413
2004-10-18,1.419513759211925
2004-10-19,1.3534981013310232
2004-10-20,1.2905533339726363
2004-10-21,1.230679457136764
2004-10-22,1.173876470823406
2004-10-23,1.1201443750325624
2004-10-24,1.069483169764234
2004-10-25,1.0218928550184196
2004-10-26,0.9773734307951201
2004-10-27,0.9359248970943354
2004-10-28,0.8975472539160649
2004-10-29,0.8622405012603093
2004-10-30,0.8300046391270681
2004-10-31,0.8008396675163416
2004-11-01,0.7747455864281296
2004-11-02,0.7517223958624324
2004-11-03,0.7317700958192497
2004-11-04,0.7148886862985814
2004-11-05,0.7010781673004279
2004-11-06,0.690338538824789
2004-11-07,0.6826698008716646
2004-11-08,0.678071953441055
2004-11-09,0.6765449965329597
2004-11-10,0.6780889301473793
2004-11-11,0.6827037542843133
2004-11-12,0.690389468943762
2004-11-13,0.7011460741257252
2004-11-14,0.7149735698302031
2004-11-15,0.7318719560571955
2004-11-16,0.7518412328067025
2004-11-17,0.7728402194022492
2004-11-18,0.7928277351673606
2004-11-19,0.8118037801020365
2004-11-20,0.8297683542062771
2004-11-21,0.8467214574800824
2004-11-22,0.8626630899234523
2004-11-23,0.8775932515363869
2004-11-24,0.8915119423188861
2004-11-25,0.9044191622709498
2004-11-26,0.9163149113925785
2004-11-27,0.9271991896837716
2004-11-28,0.9370719971445295
2004-11-29,0.9459333337748519
2004-11-30,0.9537831995747392
2004-12-01,0.9606215945441908
2004-12-02,0.9664485186832072
2004-12-03,0.9712639719917885
2004-12-04,0.9750679544699342
2004-12-05,0.9778604661176447
2004-12-06,0.9796415069349196
2004-12-07,0.9804110769217593
2004-12-08,0.9801691760781638
2004-12-09,0.9789158044041327
2004-12-10,0.9766509618996664
2004-12-11,0.9733746485647647
2004-12-12,0.9690868643994276
2004-12-13,0.9637876094036554
2004-12-14,0.9574768835774476
2004-12-15,0.9501546869208045
2004-12-16,0.941821019433726
2004-12-17,0.9326412196417835
2004-12-18,0.9236073186984036
2004-12-19,0.9148846551291582
2004-12-20,0.9064732289340468
2004-12-21,0.8983730401130695
2004-12-22,0.8905840886662262
2004-12-23,0.8831063745935172
2004-12-24,0.875939897894942
2004-12-25,0.8690846585705012
2004-12-26,0.8625406566201942
2004-12-27,0.8563078920440217
2004-12-28,0.8503863648419832
2004-12-29,0.8447760750140786
2004-12-30,0.8394770225603082
2004-12-31,0.8344892074806719
2005-01-01,0.8298126297751698
2005-01-02,0.8254472894438016
2005-01-03,0.8213931864865676
2005-01-04,0.8176503209034679
2005-01-05,0.8142186926945022
2005-01-06,0.8110983018596702
2005-01-07,0.8082891483989729
2005-01-08,0.8057912323124095
2005-01-09,0.8036045535999802
2005-01-10,0.801729112261685
2005-01-11,0.8001649082975238
2005-01-12,0.7989119417074969
2005-01-13,0.7979702124916039
2005-01-14,0.7973397206498453
2005-01-15,0.7970204661822204
2005-01-16,0.7970124490887299
2005-01-17,0.7969928763409808
2005-01-18,0.7950249897686179
2005-01-19,0.7907859963432483
2005-01-20,0.7842758960648725
2005-01-21,0.77549468893349
2005-01-22,0.7644423749491011
2005-01-23,0.7511189541117055
2005-01-24,0.7355244264213034
2005-01-25,0.7176587918778948
2005-01-26,0.6975220504814799
2005-01-27,0.6751142022320583
2005-01-28,0.6504352471296302
2005-01-29,0.6234851851741956
2005-01-30,0.5942640163657547
2005-01-31,0.5627717407043069
2005-02-01,0.5290083581898529
2005-02-02,0.4929738688223923
2005-02-03,0.45466827260192516
2005-02-04,0.4140915695284516
2005-02-05,0.3712437596019715
2005-02-06,0.32612484282248494
2005-02-07,0.27873481918999177
2005-02-08,0.2290736887044921
2005-02-09,0.17714145136598597
2005-02-10,0.12293810717447332
2005-02-11,0.06646365612995417
2005-02-12,0.007718098232428455
2005-02-13,-0.053298566518103704
2005-02-14,-0.11658633812164237
2005-02-15,-0.1821452165781876
2005-02-16,-0.24554112392390087
2005-02-17,-0.30233998219494385
2005-02-18,-0.3525417913913163
2005-02-19,-0.3961465515130185
2005-02-20,-0.43315426256005024
2005-02-21,-0.46356492453241177
2005-02-22,-0.4873785374301029
2005-02-23,-0.5045951012531236
2005-02-24,-0.515214616001474
2005-02-25,-0.5192370816751539
2005-02-26,-0.5166624982741637
2005-02-27,-0.5074908657985029
2005-02-28,-0.4917221842481717
2005-03-01,-0.4693564536231703
2005-03-02,-0.4403936739234986
2005-03-03,-0.40483384514915627
2005-03-04,-0.36267696730014376
2005-03-05,-0.31392304037646085
2005-03-06,-0.25857206437810765
2005-03-07,-0.19662403930508404
2005-03-08,-0.12807896515739
2005-03-09,-0.05293684193502554
2005-03-10,0.028802330362009177
2005-03-11,0.1171385517337143
2005-03-12,0.2120718221800896
2005-03-13,0.31360214170113554
2005-03-14,0.4217295102968517
2005-03-15,0.5364539279672382
2005-03-16,0.6577753947122952
2005-03-17,0.7839541282776024
2005-03-18,0.9045514351366387
2005-03-19,1.0178275330349842
2005-03-20,1.1237824219726382
2005-03-21,1.2224161019496016
2005-03-22,1.3137285729658743
2005-03-23,1.397719835021456
2005-03-24,1.4743898881163464
2005-03-25,1.543738732250546
2005-03-26,1.6057663674240545
2005-03-27,1.6604727936368728
2005-03-28,1.7078580108889994
2005-03-29,1.7479220191804352
2005-03-30,1.78066481851118
2005-03-31,1.806086408881234
2005-04-01,1.8241867902905968
2005-04-02,1.834965962739269
2005-04-03,1.83842392622725
2005-04-04,1.8345606807545405
2005-04-05,1.8233762263211395
2005-04-06,1.8048705629270476
2005-04-07,1.7790436905722649
2005-04-08,1.7458956092567912
2005-04-09,1.7054263189806267
2005-04-10,1.6576358197437708
2005-04-11,1.6025241115462243
2005-04-12,1.540091194387987
2005-04-13,1.4703370682690584
2005-04-14,1.393261733189439
2005-04-15,1.3088651891491285
2005-04-16,1.2171474361481271
2005-04-17,1.123381299879583
2005-04-18,1.0328396060366434
2005-04-19,0.9455223546193083
2005-04-20,0.8614295456275785
2005-04-21,0.7805611790614532
2005-04-22,0.7029172549209327
2005-04-23,0.6284977732060171
2005-04-24,0.5573027339167063
2005-04-25,0.4893321370530001
2005-04-26,0.4245859826148988
2005-04-27,0.36306427060240254
2005-04-28,0.3047670010155109
2005-04-29,0.2496941738542239
2005-04-30,0.1978457891185419
2005-05-01,0.1492218468084646
2005-05-02,0.10382234692399211
2005-05-03,0.0616472894651244
2005-05-04,0.0226966744318615
2005-05-05,-0.01302949817579655
2005-05-06,-0.04553122835784992
2005-05-07,-0.07480851611429841
2005-05-08,-0.10086136144514214
2005-05-09,-0.12368976435038107
2005-05-10,-0.14329372483001515
2005-05-11,-0.15967324288404453
2005-05-12,-0.17282831851246908
2005-05-13,-0.1827589517152888
2005-05-14,-0.18946514249250376
2005-05-15,-0.19294689084411393
2005-05-16,-0.19320419677011927
2005-05-17,-0.19040487032661235
2005-05-18,-0.18555577185014813
2005-05-19,-0.1788247113968191
2005-05-20,-0.17021168896662528
2005-05-21,-0.15971670455956669
2005-05-22,-0.1473397581756433
2005-05-23,-0.13308084981485505
2005-05-24,-0.11693997947720208
2005-05-25,-0.0989171471626843
2005-05-26,-0.07901235287130172
2005-05-27,-0.057225596603054346
2005-05-28,-0.03355687835794214
2005-05-29,-0.008006198135965223
2005-05-30,0.019426444062876528
2005-05-31,0.048741048238583086
2005-06-01,0.0799376143911545
2005-06-02,0.1130161425205906
2005-06-03,0.1479766326268915
2005-06-04,0.18481908471005729
2005-06-05,0.22354349877008778
2005-06-06,0.26414987480698304
2005-06-07,0.30663821282074316
2005-06-08,0.35100851281136813
2005-06-09,0.3972607747788578
2005-06-10,0.44539499872321225
2005-06-11,0.4954111846444316
2005-06-12,0.5473093325425157
2005-06-13,0.6010894424174644
2005-06-14,0.6567515142692782
2005-06-15,0.7142955480979567
2005-06-16,0.7737215439034999
2005-06-17,0.8329397497859276
2005-06-18,0.8898604138452597
2005-06-19,0.9444835360814956
2005-06-20,0.9968091164946358
2005-06-21,1.04683715508468
2005-06-22,1.0945676518516285
2005-06-23,1.140000606795481
2005-06-24,1.1831360199162377
2005-06-25,1.2239738912138989
2005-06-26,1.2625142206884636
2005-06-27,1.2987570083399331
2005-06-28,1.3327022541683065
2005-06-29,1.3643499581735836
2005-06-30,1.3937001203557657
2005-07-01,1.4207527407148512
2005-07-02,1.445507819250841
2005-07-03,1.4679653559637353
2005-07-04,1.4881253508535335
2005-07-05,1.505987803920236
2005-07-06,1.5215527151638424
2005-07-07,1.5348200845843532
2005-07-08,1.545789912181768
2005-07-09,1.554462197956087
2005-07-10,1.56083694190731
2005-07-11,1.5649141440354373
2005-07-12,1.5666938043404686
2005-07-13,1.5661759228224041
2005-07-14,1.563360499481244
2005-07-15,1.5582475343169877
2005-07-16,1.5508370273296355
2005-07-17,1.5409552835628708
2005-07-18,1.527560133278789
2005-07-19,1.5104778815210738
2005-07-20,1.489708528289725
2005-07-21,1.4652520735847425
2005-07-22,1.4371085174061262
2005-07-23,1.4052778597538769
2005-07-24,1.3697601006279931
2005-07-25,1.3305552400284761
2005-07-26,1.2876632779553252
2005-07-27,1.241084214408541
2005-07-28,1.1908180493881229
2005-07-29,1.1368647828940714
2005-07-30,1.0792244149263859
2005-07-31,1.017896945485067
2005-08-01,0.952882374570114
2005-08-02,0.8841807021815277
2005-08-03,0.8117919283193078
2005-08-04,0.7357160529834543
2005-08-05,0.6559530761739671
2005-08-06,0.572502997890846
2005-08-07,0.4853658181340915
2005-08-08,0.39454153690370325
2005-08-09,0.3000301541996814
2005-08-10,0.20183167002202568
2005-08-11,0.0999460843707366
2005-08-12,-0.005626602754186275
2005-08-13,-0.11488639135274267
2005-08-14,-0.22783328142493284
2005-08-15,-0.34446727297075674
2005-08-16,-0.4647883659902142
2005-08-17,-0.5867316814627908
2005-08-18,-0.6979079452653983
2005-08-19,-0.7962522783775224
2005-08-20,-0.8817646807991624
2005-08-21,-0.9544451525303196
2005-08-22,-1.0142936935709927
2005-08-23,-1.0613103039211824
2005-08-24,-1.0954949835808887
2005-08-25,-1.1168477325501114
2005-08-26,-1.1253685508288498
2005-08-27,-1.1210574384171057
2005-08-28,-1.1039143953148776
2005-08-29,-1.0739394215221658
2005-08-30,-1.0311325170389705
2005-08-31,-0.9754936818652916
2005-09-01,-0.9070229160011292
2005-09-02,-0.8257202194464831
2005-09-03,-0.7315855922013533
2005-09-04,-0.6246190342657404
2005-09-05,-0.5048205456396437
2005-09-06,-0.3721901263230634
2005-09-07,-0.22672777631599952
2005-09-08,-0.06843349561845201
2005-09-09,0.10269271576957904
2005-09-10,0.2866508578480935
2005-09-11,0.4834409306170915
2005-09-12,0.6930629340765733
2005-09-13,0.9155168682265382
2005-09-14,1.1508027330669874
2005-09-15,1.3989205285979198
2005-09-16,1.6598702548193358
2005-09-17,1.920446702140332
2005-09-18,2.167444660970006
2005-09-19,2.4008641313083556
2005-09-20,2.6207051131553825
2005-09-21,2.8269676065110865
2005-09-22,3.0196516113754677
2005-09-23,3.198757127748526
2005-09-24,3.3642841556302607
2005-09-25,3.5162326950206726
2005-09-26,3.654602745919762
2005-09-27,3.7793943083275274
2005-09-28,3.8906073822439704
2005-09-29,3.98824196766909
2005-09-30,4.0722980646028875
2005-10-01,4.142775673045362
2005-10-02,4.199674792996512
2005-10-03,4.24299542445634
2005-10-04,4.272737567424844
2005-10-05,4.288901221902026
2005-10-06,4.291486387887884
2005-10-07,4.280493065382419
2005-10-08,4.255921254385632
2005-10-09,4.217770954897522
2005-10-10,4.166042166918087
2005-10-11,4.100734890447331
2005-10-12,4.021849125485252
2005-10-13,3.929384872031849
2005-10-14,3.8233421300871235
2005-10-15,3.703720899651075
2005-10-16,3.570521180723703
2005-10-17,3.4259396294714897
2005-10-18,3.2831561828933236
2005-10-19,3.144367497155685
2005-10-20,3.009573572258575
2005-10-21,2.8787744082019935
2005-10-22,2.75197000498594
2005-10-23,2.6291603626104143
2005-10-24,2.5103454810754187
2005-10-25,2.395525360380949
2005-10-26,2.284700000527009
2005-10-27,2.1778694015135978
2005-10-28,2.075033563340714
2005-10-29,1.9761924860083586
2005-10-30,1.8813461695165314
2005-10-31,1.7904946138652327
2005-11-01,1.7036378190544623
2005-11-02,1.6207757850842202
2005-11-03,1.5419085119545066
2005-11-04,1.4670359996653208
2005-11-05,1.3961582482166637
2005-11-06,1.3292752576085347
2005-11-07,1.2663870278409337
2005-11-08,1.2074935589138613
2005-11-09,1.1525948508273174
2005-11-10,1.1016909035813014
2005-11-11,1.0547817171758138
2005-11-12,1.0118672916108546
2005-11-13,0.9729476268864237
2005-11-14,0.9380227230025211
2005-11-15,0.9070925799591467
2005-11-16,0.8801571977563006
2005-11-17,0.8565847751871145
2005-11-18,0.8357435110447199
2005-11-19,0.8176334053291165
2005-11-20,0.8022544580403049
2005-11-21,0.7896066691782847
2005-11-22,0.779690038743056
2005-11-23,0.7725045667346189
2005-11-24,0.768050253152973
2005-11-25,0.7663270979981188
2005-11-26,0.7673351012700561
2005-11-27,0.7710742629687849
2005-11-28,0.7775445830943052
2005-11-29,0.7867460616466169
2005-11-30,0.7986786986257203
2005-12-01,0.813342494031615
2005-12-02,0.8307374478643011
2005-12-03,0.850863560123779
2005-12-04,0.8737208308100481
2005-12-05,0.899309259923109
2005-12-06,0.9276288474629611
2005-12-07,0.9586795934296048
2005-12-08,0.9924614978230402
2005-12-09,1.0289745606432668
2005-12-10,1.068218781890285
2005-12-11,1.1101941615640947
2005-12-12,1.1549006996646958
2005-12-13,1.2023383961920886
2005-12-14,1.252507251146273
2005-12-15,1.3054072645272485
2005-12-16,1.3610384363350156
2005-12-17,1.4185531376173357
2005-12-18,1.4728655946607743
2005-12-19,1.5231281785130937
2005-12-20,1.569340889174293
2005-12-21,1.611503726644373
2005-12-22,1.6496166909233327
2005-12-23,1.6836797820111733
2005-12-24,1.7136929999078936
2005-12-25,1.7396563446134947
2005-12-26,1.7615698161279756
2005-12-27,1.7794334144513368
2005-12-28,1.7932471395835787
2005-12-29,1.8030109915247003
2005-12-30,1.8087249702747028
2005-12-31,1.8103890758335852
2006-01-01,1.808003308201348
2006-01-02,1.8015676673779908
2006-01-03,1.791082153363514
2006-01-04,1.7765467661579177
2006-01-05,1.7579615057612015
2006-01-06,1.735326372173365
2006-01-07,1.7086413653944095
2006-01-08,1.6779064854243342
2006-01-09,1.643121732263139
2006-01-10,1.6042871059108244
2006-01-11,1.5614026063673896
2006-01-12,1.5144682336328354
2006-01-13,1.4634839877071613
2006-01-14,1.4084498685903675
2006-01-15,1.3493658762824539
2006-01-16,1.2862320107834206
2006-01-17,1.2194044139854496
2006-01-18,1.151019937241633
2006-01-19,1.081434722444152
2006-01-20,1.0106487695930075
2006-01-21,0.9386620786881995
2006-01-22,0.8654746497297275
2006-01-23,0.7910864827175914
2006-01-24,0.7154975776517918
2006-01-25,0.6387079345323282
2006-01-26,0.5607175533592008
2006-01-27,0.4815264341324097
2006-01-28,0.40113457685195475
2006-01-29,0.319541981517836
2006-01-30,0.23674864813005334
2006-01-31,0.15275457668860687
2006-02-01,0.0675597671934967
2006-02-02,-0.018835780355277415
2006-02-03,-0.10643206595771518
2006-02-04,-0.19522908961381685
2006-02-05,-0.2852268513235825
2006-02-06,-0.3764253510870118
2006-02-07,-0.468824588904105
2006-02-08,-0.5624245647748618
2006-02-09,-0.6572252786992825
2006-02-10,-0.7532267306773672
2006-02-11,-0.8504289207091156
2006-02-12,-0.9488318487945278
2006-02-13,-1.0484355149336038
2006-02-14,-1.1492399191263436
2006-02-15,-1.2512450613727473
2006-02-16,-1.3472164041656165
2006-02-17,-1.4299194099977528
2006-02-18,-1.4993540788691562
2006-02-19,-1.5555204107798268
2006-02-20,-1.5984184057297646
2006-02-21,-1.6280480637189696
2006-02-22,-1.644409384747442
2006-02-23,-1.6475023688151815
2006-02-24,-1.637327015922188
2006-02-25,-1.6138833260684613
2006-02-26,-1.5771712992540021
2006-02-27,-1.52719093547881
2006-02-28,-1.4639422347428852
2006-03-01,-1.3874251970462277
2006-03-02,-1.2976398223888377
2006-03-03,-1.1945861107707139
2006-03-04,-1.0782640621918578
2006-03-05,-0.9486736766522688
2006-03-06,-0.8058149541519473
2006-03-07,-0.6496878946908924
2006-03-08,-0.4802924982691048
2006-03-09,-0.29762876488658435
2006-03-10,-0.10169669454333134
2006-03-11,0.10750371276065471
2006-03-12,0.32997245702537337
2006-03-13,0.5657095382508252
2006-03-14,0.8147149564370095
2006-03-15,1.076988711583927
2006-03-16,1.3525308036915773
2006-03-17,1.6374712989634939
2006-03-18,1.90859059462088
2006-03-19,2.162018756867268
2006-03-20,2.3977557857026595
2006-03-21,2.615801681127054
2006-03-22,2.8161564431404513
2006-03-23,2.998820071742851
2006-03-24,3.1637925669342537
2006-03-25,3.3110739287146593
2006-03-26,3.440664157084067
2006-03-27,3.552563252042479
2006-03-28,3.6467712135898926
2006-03-29,3.7232880417263097
2006-03-30,3.782113736451729
2006-03-31,3.8232482977661526
2006-04-01,3.846691725669577
2006-04-02,3.8524440201620056
2006-04-03,3.8405051812434357
2006-04-04,3.810875208913871
2006-04-05,3.763554103173307
2006-04-06,3.698541864021746
2006-04-07,3.615838491459188
2006-04-08,3.5154439854856334
2006-04-09,3.3973583461010817
2006-04-10,3.261581573305532
2006-04-11,3.1081136670989853
2006-04-12,2.936954627481442
2006-04-13,2.748104454452901
2006-04-14,2.5415631480133634
2006-04-15,2.3173307081628276
2006-04-16,2.0754071349012957
2006-04-17,1.8293430109032043
2006-04-18,1.592688918842992
2006-04-19,1.3654448587206587
2006-04-20,1.147610830536205
2006-04-21,0.9391868342896301
2006-04-22,0.7401728699809345
2006-04-23,0.5505689376101179
2006-04-24,0.3703750371771808
2006-04-25,0.19959116868212226
2006-04-26,0.0382173321249429
2006-04-27,-0.11374647249435672
2006-04-28,-0.25630024517577743
2006-04-29,-0.3894439859193193
2006-04-30,-0.5131776947249819
2006-05-01,-0.6275013715927651
2006-05-02,-0.7324150165226695
2006-05-03,-0.8279186295146947
2006-05-04,-0.9140122105688406
2006-05-05,-0.9906957596851073
2006-05-06,-1.0579692768634952
2006-05-07,-1.1158327621040036
2006-05-08,-1.1642862154066331
2006-05-09,-1.2033296367713833
2006-05-10,-1.2329630261982543
2006-05-11,-1.2531863836872463
2006-05-12,-1.2639997092383595
2006-05-13,-1.265403002851593
2006-05-14,-1.2573962645269476
2006-05-15,-1.2399794942644229
2006-05-16,-1.2131526920640192
2006-05-17,-1.17800897655764
2006-05-18,-1.1411070595367088
2006-05-19,-1.1035400596331284
2006-05-20,-1.0653079768468998
2006-05-21,-1.0264108111780224
2006-05-22,-0.9868485626264963
2006-05-23,-0.9466212311923216
2006-05-24,-0.9057288168754983
2006-05-25,-0.8641713196760263
2006-05-26,-0.8219487395939058
2006-05-27,-0.7790610766291366
2006-05-28,-0.7355083307817186
2006-05-29,-0.6912905020516521
2006-05-30,-0.646407590438937
2006-05-31,-0.6008595959435732
2006-06-01,-0.5546465185655607
2006-06-02,-0.5077683583048997
2006-06-03,-0.4602251151615901
2006-06-04,-0.41201678913563167
2006-06-05,-0.3631433802270247
2006-06-06,-0.31360488843576917
2006-06-07,-0.2634013137618648
2006-06-08,-0.2125326562053119
2006-06-09,-0.1609989157661104
2006-06-10,-0.10880009244426025
2006-06-11,-0.0559361862397614
2006-06-12,-0.0024071971526139634
2006-06-13,0.05178687481718209
2006-06-14,0.10664602966962684
2006-06-15,0.1621702674047202
2006-06-16,0.21835958802246214
2006-06-17,0.27351721883725255
2006-06-18,0.32594638716349145
2006-06-19,0.3756470930011786
2006-06-20,0.4226193363503139
2006-06-21,0.4668631172108976
2006-06-22,0.5083784355829296
2006-06-23,0.5471652914664099
2006-06-24,0.5832236848613386
2006-06-25,0.6165536157677155
2006-06-26,0.6471550841855407
2006-06-27,0.6750280901148143
2006-06-28,0.7001726335555363
2006-06-29,0.7225887145077065
2006-06-30,0.742276332971325
2006-07-01,0.7592354889463918
2006-07-02,0.7734661824329069
2006-07-03,0.7849684134308704
2006-07-04,0.793742181940282
2006-07-05,0.7997874879611421
2006-07-06,0.8031043314934504
2006-07-07,0.8036927125372072
2006-07-08,0.8015526310924121
2006-07-09,0.7966840871590655
2006-07-10,0.7890870807371669
2006-07-11,0.778761611826717
2006-07-12,0.7657076804277151
2006-07-13,0.7499252865401618
2006-07-14,0.7314144301640566
2006-07-15,0.7101751112993996
2006-07-16,0.686207329946191
2006-07-17,0.6593078021718413
2006-07-18,0.6282568243808117
2006-07-19,0.5928511126405129
2006-07-20,0.5530906669509449
2006-07-21,0.5089754873121075
2006-07-22,0.4605055737240008
2006-07-23,0.4076809261866248
2006-07-24,0.3505015446999797
2006-07-25,0.2889674292640652
2006-07-26,0.22307857987888122
2006-07-27,0.1528349965444282
2006-07-28,0.07823667926070581
2006-07-29,-0.0007163719722858407
2006-07-30,-0.08402415715454678
2006-07-31,-0.1716866762860771
2006-08-01,-0.2637039293668766
2006-08-02,-0.3600759163969454
2006-08-03,-0.4608026373762836
2006-08-04,-0.565884092304891
2006-08-05,-0.6753202811827677
2006-08-06,-0.7891112040099137
2006-08-07,-0.9072568607863287
2006-08-08,-1.0297572515120137
2006-08-09,-1.1566123761869673
2006-08-10,-1.2878222348111907
2006-08-11,-1.4233868273846828
2006-08-12,-1.5633061539074447
2006-08-13,-1.7075802143794756
2006-08-14,-1.8562090088007759
2006-08-15,-2.0091925371713453
2006-08-16,-2.1665307994911847
2006-08-17,-2.325555714125117
2006-08-18,-2.470258791262085
2006-08-19,-2.597971949266914
2006-08-20,-2.7086951881396026
2006-08-21,-2.8024285078801525
2006-08-22,-2.879171908488562
2006-08-23,-2.938925389964832
2006-08-24,-2.9816889523089625
2006-08-25,-3.007462595520953
2006-08-26,-3.016246319600803
2006-08-27,-3.008040124548515
2006-08-28,-2.9828440103640865
2006-08-29,-2.940657977047518
2006-08-30,-2.8814820245988106
2006-08-31,-2.805316153017963
2006-09-01,-2.712160362304976
2006-09-02,-2.602014652459849
2006-09-03,-2.4748790234825817
2006-09-04,-2.3307534753731756
2006-09-05,-2.16963800813163
2006-09-06,-1.9915326217579437
2006-09-07,-1.7964373162521183
2006-09-08,-1.5843520916141531
2006-09-09,-1.3552769478440483
2006-09-10,-1.1092118849418038
2006-09-11,-0.8461569029074197
2006-09-12,-0.5661120017408959
2006-09-13,-0.26907718144223275
2006-09-14,0.04494755798857106
2006-09-15,0.37596221655151435
2006-09-16,0.7239667942465968
2006-09-17,1.0709513397880823
2006-09-18,1.3989059018902354
2006-09-19,1.707830480553054
2006-09-20,1.9977250757765384
2006-09-21,2.26858968756069
2006-09-22,2.5204243159055086
2006-09-23,2.7532289608109934
2006-09-24,2.9670036222771436
2006-09-25,3.1617483003039615
2006-09-26,3.337462994891446
2006-09-27,3.4941477060395956
2006-09-28,3.631802433748413
2006-09-29,3.750427178017896
2006-09-30,3.8500219388480468
2006-10-01,3.9305867162388624
2006-10-02,3.9921215101903456
2006-10-03,4.034626320702496
2006-10-04,4.058101147775311
2006-10-05,4.062545991408793
2006-10-06,4.047960851602942
2006-10-07,4.014345728357757
2006-10-08,3.961700621673239
2006-10-09,3.8900255315493864
2006-10-10,3.7993204579862003
2006-10-11,3.6895854009836824
2006-10-12,3.5608203605418303
2006-10-13,3.413025336660644
2006-10-14,3.2462003293401245
2006-10-15,3.0603453385802712
2006-10-16,2.8554603643810847
2006-10-17,2.635061437405985
2006-10-18,2.420244741635495
2006-10-19,2.2145263077330353
2006-10-20,2.0179061356986043
2006-10-21,1.8303842255322054
2006-10-22,1.651960577233835
2006-10-23,1.4826351908034947
2006-10-24,1.3224080662411852
2006-10-25,1.1712792035469048
2006-10-26,1.029248602720655
2006-10-27,0.8963162637624353
2006-10-28,0.7724821866722453
2006-10-29,0.6577463714500854
2006-10-30,0.5521088180959555
2006-10-31,0.4555695266098557
2006-11-01,0.3681284969917858
2006-11-02,0.289785729241746
2006-11-03,0.2205412233597363
2006-11-04,0.16039497934575647
2006-11-05,0.10934699719980664
2006-11-06,0.06739727692188702
2006-11-07,0.0345458185119973
2006-11-08,0.010792621970137663
2006-11-09,-0.0038623127036920835
2006-11-10,-0.009418985509491747
2006-11-11,-0.005877396447261329
2006-11-12,0.006762454482999006
2006-11-13,0.02850056728128937
2006-11-14,0.05933694194760987
2006-11-15,0.09927157848196029
2006-11-16,0.14830447688434067
2006-11-17,0.20158324628055638
2006-11-18,0.2542554957964127
2006-11-19,0.3063212254319095
2006-11-20,0.3577804351870468
2006-11-21,0.4086331250618246
2006-11-22,0.45887929505624286
2006-11-23,0.5085189451703018
2006-11-24,0.5575520754040011
2006-11-25,0.6059786857573409
2006-11-26,0.6537987762303215
2006-11-27,0.7010123468229426
2006-11-28,0.7476193975352039
2006-11-29,0.7936199283671059
2006-11-30,0.8390139393186485
2006-12-01,0.8838014303898316
2006-12-02,0.9279824015806551
2006-12-03,0.9715568528911194
2006-12-04,1.0145247843212237
2006-12-05,1.0568861958709692
2006-12-06,1.0986410875403547
2006-12-07,1.139789459329381
2006-12-08,1.1803313112380478
2006-12-09,1.220266643266355
2006-12-10,1.2595954554143027
2006-12-11,1.298317747681891
2006-12-12,1.3364335200691198
2006-12-13,1.3739427725759892
2006-12-14,1.410845505202499
2006-12-15,1.4471417179486494
2006-12-16,1.4828314108144403
2006-12-17,1.5177704267797278
2006-12-18,1.5510938237236462
2006-12-19,1.5826574446260522
2006-12-20,1.6124612894869457
2006-12-21,1.6405053583063265
2006-12-22,1.6667896510841942
2006-12-23,1.6913141678205497
2006-12-24,1.714078908515392
2006-12-25,1.735083873168722
2006-12-26,1.7543290617805387
2006-12-27,1.7718144743508433
2006-12-28,1.787540110879635
2006-12-29,1.801505971366914
2006-12-30,1.8137120558126802
2006-12-31,1.824158364216934
2007-01-01,1.8328448965796749
2007-01-02,1.839771652900903
2007-01-03,1.8449386331806181
2007-01-04,1.848345837418821
2007-01-05,1.8499932656155114
2007-01-06,1.849880917770688
2007-01-07,1.848008793884353
2007-01-08,1.844376893956505
2007-01-09,1.8389852179871444
2007-01-10,1.831833765976271
2007-01-11,1.8229225379238847
2007-01-12,1.8122515338299856
2007-01-13,1.799820753694574
2007-01-14,1.7856301975176498
2007-01-15,1.7696798652992127
2007-01-16,1.7519697570392632
2007-01-17,1.731826049922393
2007-01-18,1.7052058070561567
2007-01-19,1.6714352056251462
2007-01-20,1.6305142456293624
2007-01-21,1.5824429270688043
2007-01-22,1.5272212499434725
2007-01-23,1.4648492142533662
2007-01-24,1.3953268199984867
2007-01-25,1.3186540671788327
2007-01-26,1.234830955794405
2007-01-27,1.1438574858452037
2007-01-28,1.0457336573312284
2007-01-29,0.940459470252479
2007-01-30,0.8280349246089556
2007-01-31,0.7084600204006581
2007-02-01,0.5817347576275873
2007-02-02,0.4478591362897423
2007-02-03,0.30683315638712333
2007-02-04,0.15865681791973052
2007-02-05,0.0033301208875633863
2007-02-06,-0.15914693470937713
2007-02-07,-0.32877434887109186
2007-02-08,-0.5055521215975802
2007-02-09,-0.6894802528888425
2007-02-10,-0.880558742744879
2007-02-11,-1.0787875911656895
2007-02-12,-1.2841667981512734
2007-02-13,-1.4966963637016315
2007-02-14,-1.7163762878167634
2007-02-15,-1.9432065704966694
2007-02-16,-2.1628044455312367
2007-02-17,-2.3607871467103543
2007-02-18,-2.53715467403402
2007-02-19,-2.6919070275022356
2007-02-20,-2.8250442071150004
2007-02-21,-2.9365662128723153
2007-02-22,-3.0264730447741788
2007-02-23,-3.094764702820592
2007-02-24,-3.1414411870115546
2007-02-25,-3.1665024973470657
2007-02-26,-3.169948633827127
2007-02-27,-3.1517795964517377
2007-02-28,-3.111995385220897
2007-03-01,-3.050596000134606
2007-03-02,-2.9675814411928654
2007-03-03,-2.862951708395673
2007-03-04,-2.7367068017430305
2007-03-05,-2.588846721234937
2007-03-06,-2.419371466871393
2007-03-07,-2.228281038652398
2007-03-08,-2.015575436577953
2007-03-09,-1.7812546606480564
2007-03-10,-1.5253187108627102
2007-03-11,-1.2477675872219127
2007-03-12,-0.9486012897256649
2007-03-13,-0.6278198183739666
2007-03-14,-0.28542317316681726
2007-03-15,0.07858864589578256
2007-03-16,0.46421563881383343
2007-03-17,0.866053293481483
2007-03-18,1.2516745372636218
2007-03-19,1.6156748580543978
2007-03-20,1.9580542558538108
2007-03-21,2.2788127306618624
2007-03-22,2.5779502824785516
2007-03-23,2.855466911303878
2007-03-24,3.111362617137842
2007-03-25,3.345637399980444
2007-03-26,3.558291259831682
2007-03-27,3.74932419669156
2007-03-28,3.918736210560074
2007-03-29,4.066527301437225
2007-03-30,4.192697469323015
2007-03-31,4.297246714217442
2007-04-01,4.380175036120506
2007-04-02,4.441482435032208
2007-04-03,4.481168910952547
2007-04-04,4.499234463881526
2007-04-05,4.49567909381914
2007-04-06,4.470502800765392
2007-04-07,4.423705584720281
2007-04-08,4.355287445683809
2007-04-09,4.265248383655974
2007-04-10,4.153588398636776
2007-04-11,4.020307490626217
2007-04-12,3.8654056596242943
2007-04-13,3.688882905631009
2007-04-14,3.490739228646362
2007-04-15,3.270974628670352
2007-04-16,3.02958910570298
2007-04-17,2.7824134804868805
2007-04-18,2.5452785737646892
2007-04-19,2.3181843855364055
2007-04-20,2.1011309158020306
2007-04-21,1.8941181645615632
2007-04-22,1.6971461318150038
2007-04-23,1.5102148175623529
2007-04-24,1.3333242218036097
2007-04-25,1.1664743445387744
2007-04-26,1.0096651857678471
2007-04-27,0.8628967454908285
2007-04-28,0.7261690237077174
2007-04-29,0.5994820204185145
2007-04-30,0.4828357356232194
2007-05-01,0.3762301693218327
2007-05-02,0.27966532151435375
2007-05-03,0.1931411922007829
2007-05-04,0.11665778138112015
2007-05-05,0.0502150890553655
2007-05-06,-0.006186884776481304
2007-05-07,-0.05254814011441993
2007-05-08,-0.08886867695845062
2007-05-09,-0.11514849530857311
2007-05-10,-0.13138759516478765
2007-05-11,-0.1375859765270942
2007-05-12,-0.13374363939549266
2007-05-13,-0.11986058376998318
2007-05-14,-0.09593680965056553
2007-05-15,-0.0619723170372399
2007-05-16,-0.01796710593000619
2007-05-17,0.03481832073714116
2007-05-18,0.08882094536023609
2007-05-19,0.14278026500528418
2007-05-20,0.19669627967228556
2007-05-21,0.25056898936124
2007-05-22,0.3043983940721477
2007-05-23,0.35818449380500866
2007-05-24,0.41192728855982275
2007-05-25,0.46562677833659016
2007-05-26,0.5192829631353106
2007-05-27,0.5728958429559843
2007-05-28,0.6264654177986113
2007-05-29,0.6799916876631914
2007-05-30,0.7334746525497248
2007-05-31,0.7869143124582112
2007-06-01,0.8403106673886509
2007-06-02,0.893663717341044
2007-06-03,0.94697346231539
2007-06-04,1.0002399023116892
2007-06-05,1.053463037329942
2007-06-06,1.1066428673701476
2007-06-07,1.1597793924323063
2007-06-08,1.2128726125164186
2007-06-09,1.2659225276224841
2007-06-10,1.3189291377505024
2007-06-11,1.3718924429004742
2007-06-12,1.4248124430723992
2007-06-13,1.4776891382662771
2007-06-14,1.5305225284821087
2007-06-15,1.5833126137198932
2007-06-16,1.6360593939796308
2007-06-17,1.6853097870263165
2007-06-18,1.7276107106249448
2007-06-19,1.7629621647755147
2007-06-20,1.7913641494780277
2007-06-21,1.812816664732483
2007-06-22,1.8273197105388805
2007-06-23,1.8348732868972208
2007-06-24,1.8354773938075033
2007-06-25,1.8291320312697281
2007-06-26,1.8158371992838955
2007-06-27,1.7955928978500053
2007-06-28,1.7683991269680577
2007-06-29,1.7342558866380524
2007-06-30,1.6931631768599897
2007-07-01,1.6451209976338692
2007-07-02,1.590129348959691
2007-07-03,1.5281882308374555
2007-07-04,1.4592976432671625
2007-07-05,1.3834575862488117
2007-07-06,1.3006680597824034
2007-07-07,1.2109290638679375
2007-07-08,1.114240598505414
2007-07-09,1.010602663694833
2007-07-10,0.9000152594361943
2007-07-11,0.7824783857294983
2007-07-12,0.6579920425747443
2007-07-13,0.5265562299719333
2007-07-14,0.38817094792106455
2007-07-15,0.24283619642213786
2007-07-16,0.09055197547515374
2007-07-17,-0.0674598455996737
2007-07-18,-0.2238680508810614
2007-07-19,-0.37745077104879576
2007-07-20,-0.5282080061028762
2007-07-21,-0.6761397560433027
2007-07-22,-0.8212460208700755
2007-07-23,-0.9635268005831948
2007-07-24,-1.1029820951826603
2007-07-25,-1.2396119046684724
2007-07-26,-1.3734162290406302
2007-07-27,-1.5043950682991345
2007-07-28,-1.6325484224439852
2007-07-29,-1.7578762914751822
2007-07-30,-1.8803786753927254
2007-07-31,-2.000055574196615
2007-08-01,-2.1169069878868503
2007-08-02,-2.2309329164634324
2007-08-03,-2.3421333599263603
2007-08-04,-2.4505083182756353
2007-08-05,-2.5560577915112566
2007-08-06,-2.658781779633223
2007-08-07,-2.758680282641536
2007-08-08,-2.8557533005361964
2007-08-09,-2.950000833317202
2007-08-10,-3.0414228809845545
2007-08-11,-3.1300194435382527
2007-08-12,-3.2157905209782975
2007-08-13,-3.2987361133046886
2007-08-14,-3.378856220517426
2007-08-15,-3.456150842616509
2007-08-16,-3.5306199796019393
2007-08-17,-3.6008607861510837
2007-08-18,-3.6584561903281516
2007-08-19,-3.7020033468105105
2007-08-20,-3.7315022555981603
2007-08-21,-3.746952916691103
2007-08-22,-3.7483553300893364
2007-08-23,-3.735709495792861
2007-08-24,-3.7090154138016773
2007-08-25,-3.6682730841157856
2007-08-26,-3.613482506735184
2007-08-27,-3.5446436816598754
2007-08-28,-3.4617566088898575
2007-08-29,-3.364821288425131
2007-08-30,-3.2538377202656963
2007-08-31,-3.1288059044115526
2007-09-01,-2.9897258408627008
2007-09-02,-2.83659752961914
2007-09-03,-2.6694209706808705
2007-09-04,-2.488196164047893
2007-09-05,-2.292923109720207
2007-09-06,-2.0836018076978124
2007-09-07,-1.860232257980709
2007-09-08,-1.622814460568897
2007-09-09,-1.3713484154623765
2007-09-10,-1.105834122661148
2007-09-11,-0.8262715821652102
2007-09-12,-0.5326607939745643
2007-09-13,-0.22500175808921033
2007-09-14,0.09670552549085312
2007-09-15,0.4324610567656252
2007-09-16,0.7822648357351052
2007-09-17,1.1287634565230196
2007-09-18,1.4546035132530957
2007-09-19,1.7597850059253317
2007-09-20,2.0443079345397277
2007-09-21,2.308172299096285
2007-09-22,2.5513780995950026
2007-09-23,2.773925336035881
2007-09-24,2.9758140084189195
2007-09-25,3.1570441167441192
2007-09-26,3.31761566101148
2007-09-27,3.4575286412210002
2007-09-28,3.576783057372682
2007-09-29,3.6753789094665237
2007-09-30,3.7533161975025267
2007-10-01,3.8105949214806896
2007-10-02,3.8472150814010133
2007-10-03,3.8631766772634983
2007-10-04,3.858479709068143
2007-10-05,3.8331241768149487
2007-10-06,3.7871100805039144
2007-10-07,3.720437420135041
2007-10-08,3.633106195708329
2007-10-09,3.525116407223776
2007-10-10,3.396468054681384
2007-10-11,3.247161138081154
2007-10-12,3.0771956574230837
2007-10-13,2.886571612707174
2007-10-14,2.675289003933425
2007-10-15,2.443347831101837
2007-10-16,2.1907480942124087
2007-10-17,1.9214518978773052
2007-10-18,1.6592318697695088
2007-10-19,1.408050114501184
2007-10-20,1.1679066320723297
2007-10-21,0.9388014224829474
2007-10-22,0.7207344857330351
2007-10-23,0.513705821822594
2007-10-24,0.3177154307516248
2007-10-25,0.1327633125201256
2007-10-26,-0.04115053287190178
2007-10-27,-0.20402610542445826
2007-10-28,-0.35586340513754383
2007-10-29,-0.4966624320111583
2007-10-30,-0.6264231860453017
2007-10-31,-0.7451456672399737
2007-11-01,-0.8528298755951749
2007-11-02,-0.9494758111109053
2007-11-03,-1.0350834737871644
2007-11-04,-1.1096528636239524
2007-11-05,-1.1731839806212694
2007-11-06,-1.2256768247791152
2007-11-07,-1.2671313960974897
2007-11-08,-1.2975476945763935
2007-11-09,-1.3169257202158262
2007-11-10,-1.3252654730157878
2007-11-11,-1.322566952976278
2007-11-12,-1.3088301600972976
2007-11-13,-1.2840550943788458
2007-11-14,-1.2482417558209231
2007-11-15,-1.2013901444235293
2007-11-16,-1.1435002601866646
2007-11-17,-1.0816149253448495
2007-11-18,-1.0227769621326046
2007-11-19,-0.9669863705499298
2007-11-20,-0.9142431505968256
2007-11-21,-0.8645473022732917
2007-11-22,-0.8178988255793279
2007-11-23,-0.7742977205149346
2007-11-24,-0.7337439870801116
2007-11-25,-0.6962376252748587
2007-11-26,-0.6617786350991763
2007-11-27,-0.6303670165530644
2007-11-28,-0.6020027696365227
2007-11-29,-0.576685894349551
2007-11-30,-0.5544163906921499
2007-12-01,-0.535194258664319
2007-12-02,-0.5190194982660585
2007-12-03,-0.5058921094973683
2007-12-04,-0.4958120923582484
2007-12-05,-0.48877944684869884
2007-12-06,-0.4847941729687195
2007-12-07,-0.48385627071831055
2007-12-08,-0.48596574009747195
2007-12-09,-0.49112258110620355
2007-12-10,-0.4993267937445055
2007-12-11,-0.5105783780123778
2007-12-12,-0.5248773339098204
2007-12-13,-0.5422236614368333
2007-12-14,-0.5626173605934166
2007-12-15,-0.5860584313795701
2007-12-16,-0.6125468737952939
2007-12-17,-0.6415031077886383
2007-12-18,-0.6694496530479039
2007-12-19,-0.6958069295211418
2007-12-20,-0.7205749372083512
2007-12-21,-0.7437536761095321
2007-12-22,-0.7653431462246849
2007-12-23,-0.7853433475538095
2007-12-24,-0.8037542800969057
2007-12-25,-0.8205759438539737
2007-12-26,-0.8358083388250134
2007-12-27,-0.8494514650100249
2007-12-28,-0.8615053224090081
2007-12-29,-0.8719699110219628
2007-12-30,-0.8808452308488895
2007-12-31,-0.8881312818897877
2008-01-01,-0.8938280641446578
2008-01-02,-0.8979355776134995
2008-01-03,-0.9004538222963131
2008-01-04,-0.9013827981930983
2008-01-05,-0.9007225053038553
2008-01-06,-0.898472943628584
2008-01-07,-0.8946341131672844
2008-01-08,-0.8892060139199565
2008-01-09,-0.8821886458866004
2008-01-10,-0.873582009067216
2008-01-11,-0.8633861034618032
2008-01-12,-0.8516009290703622
2008-01-13,-0.8382264858928931
2008-01-14,-0.8232627739293955
2008-01-15,-0.8067097931798698
2008-01-16,-0.7885675436443157
2008-01-17,-0.7696860674022967
2008-01-18,-0.7551656169311936
2008-01-19,-0.7458562343105695
2008-01-20,-0.7417579195404245
2008-01-21,-0.7428706726207589
2008-01-22,-0.7491944935515722
2008-01-23,-0.7607293823328647
2008-01-24,-0.7774753389646365
2008-01-25,-0.7994323634468872
2008-01-26,-0.826600455779617
2008-01-27,-0.8589796159628261
2008-01-28,-0.8965698439965144
2008-01-29,-0.9393711398806817
2008-01-30,-0.9873835036153282
2008-01-31,-1.040606935200454
2008-02-01,-1.0990414346360586
2008-02-02,-1.1626870019221427
2008-02-03,-1.2315436370587058
2008-02-04,-1.305611340045748
2008-02-05,-1.3848901108832694
2008-02-06,-1.46937994957127
2008-02-07,-1.5590808561097498
2008-02-08,-1.6539928304987086
2008-02-09,-1.7541158727381465
2008-02-10,-1.8594499828280635
2008-02-11,-1.9699951607684596
2008-02-12,-2.085751406559335
2008-02-13,-2.2067187202006897
2008-02-14,-2.3328971016925233
2008-02-15,-2.464286551034836
2008-02-16,-2.5983351173420015
2008-02-17,-2.7197310953002622
2008-02-18,-2.8259225340239897
2008-02-19,-2.916909433513186
2008-02-20,-2.9926917937678503
2008-02-21,-3.0532696147879834
2008-02-22,-3.098642896573584
2008-02-23,-3.1288116391246525
2008-02-24,-3.1437758424411895
2008-02-25,-3.143535506523194
2008-02-26,-3.128090631370667
2008-02-27,-3.0974412169836083
2008-02-28,-3.0515872633620176
2008-02-29,-2.9905287705058945
2008-03-01,-2.9142657384152395
2008-03-02,-2.8227981670900535
2008-03-03,-2.716126056530335
2008-03-04,-2.5942494067360844
2008-03-05,-2.4571682177073026
2008-03-06,-2.3048824894439885
2008-03-07,-2.1373922219461425
2008-03-08,-1.954697415213765
2008-03-09,-1.7567980692468548
2008-03-10,-1.5436941840454135
2008-03-11,-1.31538575960944
2008-03-12,-1.0718727959389343
2008-03-13,-0.8131552930338971
2008-03-14,-0.5392332508943272
2008-03-15,-0.25010666952022675
2008-03-16,0.05422445108840645
2008-03-17,0.36988061646883585
2008-03-18,0.6735848598446506
2008-03-19,0.9614576867531136
2008-03-20,1.2334990971942257
2008-03-21,1.4897090911679876
2008-03-22,1.7300876686743982
2008-03-23,1.9546348297134581
2008-03-24,2.163350574285167
2008-03-25,2.3562349023895255
2008-03-26,2.5332878140265325
2008-03-27,2.694509309196189
2008-03-28,2.8398993878984946
2008-03-29,2.9694580501334498
2008-03-30,3.0831852959010533
2008-03-31,3.1810811252013065
2008-04-01,3.263145538034209
2008-04-02,3.32937853439976
2008-04-03,3.3797801142979607
2008-04-04,3.4143502777288104
2008-04-05,3.4330890246923094
2008-04-06,3.4359963551884576
2008-04-07,3.4230722692172546
2008-04-08,3.3943167667787013
2008-04-09,3.3497298478727964
2008-04-10,3.289311512499541
2008-04-11,3.213061760658935
2008-04-12,3.1209805923509784
2008-04-13,3.0130680075756704
2008-04-14,2.8893240063330117
2008-04-15,2.749748588623002
2008-04-16,2.5943417544456415
2008-04-17,2.43358052859897
2008-04-18,2.2779419358810276
2008-04-19,2.1274259762918124
2008-04-20,1.982032649831327
2008-04-21,1.8417619564995698
2008-04-22,1.706613896296541
2008-04-23,1.576588469222241
2008-04-24,1.4516856752766696
2008-04-25,1.3319055144598264
2008-04-26,1.2172479867717119
2008-04-27,1.1077130922123264
2008-04-28,1.003300830781669
2008-04-29,0.9040112024797403
2008-04-30,0.8098442073065404
2008-05-01,0.720799845262069
2008-05-02,0.6368781163463259
2008-05-03,0.5580790205593115
2008-05-04,0.4844025579010257
2008-05-05,0.4158487283714685
2008-05-06,0.3524175319706398
2008-05-07,0.2941089686985397
2008-05-08,0.2409230385551682
2008-05-09,0.19285974154052526
2008-05-10,0.14991907765461093
2008-05-11,0.1121010468974251
2008-05-12,0.0794056492689679
2008-05-13,0.051832884769239265
2008-05-14,0.029382753398239193
2008-05-15,0.012055255155967698
2008-05-16,-0.00014960995757523776
2008-05-17,-0.007807081523768305
2008-05-18,-0.014368597030883841
2008-05-19,-0.020409396060300542
2008-05-20,-0.02592947861201843
2008-05-21,-0.030928844686037488
2008-05-22,-0.03540749428235773
2008-05-23,-0.03936542740097915
2008-05-24,-0.042802644041901754
2008-05-25,-0.04571914420512553
2008-05-26,-0.04811492789065047
2008-05-27,-0.0499899950984766
2008-05-28,-0.05134434582860391
2008-05-29,-0.0521779800810324
2008-05-30,-0.05249089785576207
2008-05-31,-0.052283099152792896
2008-06-01,-0.0515545839721249
2008-06-02,-0.05030535231375811
2008-06-03,-0.048535404177692476
2008-06-04,-0.04624473956392802
2008-06-05,-0.04343335847246476
2008-06-06,-0.04010126090330267
2008-06-07,-0.03624844685644174
2008-06-08,-0.03187491633188199
2008-06-09,-0.026980669329623442
2008-06-10,-0.021565705849666054
2008-06-11,-0.015630025892009843
2008-06-12,-0.009173629456654817
2008-06-13,-0.002196516543600957
2008-06-14,0.005301312847151716
2008-06-15,0.013319858715603214
2008-06-16,0.021859121061753528
2008-06-17,0.029693593453871018
2008-06-18,0.03559776946022405
2008-06-19,0.039571649080812586
2008-06-20,0.04161523231563665
2008-06-21,0.04172851916469623
2008-06-22,0.03991150962799134
2008-06-23,0.03616420370552197
2008-06-24,0.030486601397288128
2008-06-25,0.02287870270328981
2008-06-26,0.013340507623527014
2008-06-27,0.001872016157999717
2008-06-28,-0.011526771693292004
2008-06-29,-0.02685585593034824
2008-06-30,-0.04411523655316892
2008-07-01,-0.0633049135617541
2008-07-02,-0.08442488695610377
2008-07-03,-0.10747515673621792
2008-07-04,-0.13245572290209648
2008-07-05,-0.1593665854537396
2008-07-06,-0.18820774439114715
2008-07-07,-0.21897919971431917
2008-07-08,-0.25168095142325575
2008-07-09,-0.2863129995179567
2008-07-10,-0.32287534399842216
2008-07-11,-0.3613679848646521
2008-07-12,-0.4017909221166465
2008-07-13,-0.44414415575440536
2008-07-14,-0.4884276857779288
2008-07-15,-0.5346415121872167
2008-07-16,-0.582785634982269
2008-07-17,-0.6326096879219975
2008-07-18,-0.6826114735598712
2008-07-19,-0.7325406256548025
2008-07-20,-0.782397144206791
2008-07-21,-0.8321810292158363
2008-07-22,-0.881892280681939
2008-07-23,-0.9315308986050991
2008-07-24,-0.981096882985316
2008-07-25,-1.0305902338225905
2008-07-26,-1.0800109511169218
2008-07-27,-1.1293590348683105
2008-07-28,-1.1786344850767565
2008-07-29,-1.2278373017422595
2008-07-30,-1.2769674848648196
2008-07-31,-1.326025034444437
2008-08-01,-1.3750099504811115
2008-08-02,-1.4239222329748433
2008-08-03,-1.4727618819256323
2008-08-04,-1.5215288973334786
2008-08-05,-1.5702232791983821
2008-08-06,-1.6188450275203423
2008-08-07,-1.6673941422993597
2008-08-08,-1.715870623535435
2008-08-09,-1.764274471228567
2008-08-10,-1.8126056853787564
2008-08-11,-1.8608642659860026
2008-08-12,-1.9090502130503064
2008-08-13,-1.9571635265716671
2008-08-14,-2.005204206550085
2008-08-15,-2.05317225298556
2008-08-16,-2.1010676658780927
2008-08-17,-2.148115517895678
2008-08-18,-2.1896662450462916
2008-08-19,-2.2249449199979288
2008-08-20,-2.2539515427505887
2008-08-21,-2.2766861133042737
2008-08-22,-2.293148631658982
2008-08-23,-2.3033390978147135
2008-08-24,-2.3072575117714695
2008-08-25,-2.304903873529249
2008-08-26,-2.2962781830880514
2008-08-27,-2.2813804404478786
2008-08-28,-2.260210645608729
2008-08-29,-2.2327687985706035
2008-08-30,-2.1990548993335013
2008-08-31,-2.159068947897423
2008-09-01,-2.1128109442623684
2008-09-02,-2.0602808884283377
2008-09-03,-2.0014787803953302
2008-09-04,-1.936404620163347
2008-09-05,-1.8650584077323873
2008-09-06,-1.7874401431024511
2008-09-07,-1.7035498262735391
2008-09-08,-1.6133874572456504
2008-09-09,-1.5169530360187857
2008-09-10,-1.4142465625929448
2008-09-11,-1.3052680369681275
2008-09-12,-1.190017459144334
2008-09-13,-1.068494829121564
2008-09-14,-0.9407001468998177
2008-09-15,-0.806633412479095
2008-09-16,-0.6662946258593964
2008-09-17,-0.5267361487928232
2008-09-18,-0.3950103430314769
2008-09-19,-0.271117208575358
2008-09-20,-0.15505674542446654
2008-09-21,-0.046828953578802006
2008-09-22,0.05356616696163541
2008-09-23,0.14612861619684547
2008-09-24,0.23085839412682832
2008-09-25,0.30775550075158414
2008-09-26,0.3768199360711129
2008-09-27,0.438051700085414
2008-09-28,0.4914507927944883
2008-09-29,0.5370172141983351
2008-09-30,0.574750964296955
2008-10-01,0.6046520430903477
2008-10-02,0.626720450578513
2008-10-03,0.6409561867614514
2008-10-04,0.6473592516391622
2008-10-05,0.6459296452116461
2008-10-06,0.6366673674789027
2008-10-07,0.6195724184409321
2008-10-08,0.5946447980977346
2008-10-09,0.5618845064493094
2008-10-10,0.5212915434956573
2008-10-11,0.47286590923677807
2008-10-12,0.41660760367267147
2008-10-13,0.3525166268033379
2008-10-14,0.280592978628777
2008-10-15,0.20083665914898896
2008-10-16,0.11324766836397358
2008-10-17,0.019289093444612535
2008-10-18,-0.0722605425838068
2008-10-19,-0.15993815255040292
2008-10-20,-0.2437437364551757
2008-10-21,-0.32367729429812525
2008-10-22,-0.3997388260792516
2008-10-23,-0.47192833179855487
2008-10-24,-0.5402458114560348
2008-10-25,-0.6046912650516917
2008-10-26,-0.665264692585525
2008-10-27,-0.7219660940575354
2008-10-28,-0.7747954694677226
2008-10-29,-0.8237528188160864
2008-10-30,-0.8688381421026272
2008-10-31,-0.9100514393273447
2008-11-01,-0.9473927104902388
2008-11-02,-0.9808619555913101
2008-11-03,-1.0104591746305578
2008-11-04,-1.0361843676079825
2008-11-05,-1.058037534523584
2008-11-06,-1.0760186753773622
2008-11-07,-1.090127790169317
2008-11-08,-1.1003648788994487
2008-11-09,-1.1067299415677574
2008-11-10,-1.1092229781742426
2008-11-11,-1.1078439887189049
2008-11-12,-1.1025929732017437
2008-11-13,-1.0934699316227594
2008-11-14,-1.080474863981952
2008-11-15,-1.0636077702793212
2008-11-16,-1.0428686505148672
2008-11-17,-1.0199591060571724
2008-11-18,-0.9965807382748184
2008-11-19,-0.9727335471678056
2008-11-20,-0.948417532736134
2008-11-21,-0.9236326949798034
2008-11-22,-0.8983790338988138
2008-11-23,-0.8726565494931654
2008-11-24,-0.8464652417628581
2008-11-25,-0.8198051107078917
2008-11-26,-0.7926761563282666
2008-11-27,-0.7650783786239826
2008-11-28,-0.7370117775950399
2008-11-29,-0.708476353241438
2008-11-30,-0.6794721055631772
2008-12-01,-0.6499990345602575
2008-12-02,-0.620057140232679
2008-12-03,-0.5896464225804416
2008-12-04,-0.5587668816035453
2008-12-05,-0.52741851730199
2008-12-06,-0.49560132967577586
2008-12-07,-0.4633153187249028
2008-12-08,-0.4305604844493708
2008-12-09,-0.3973368268491799
2008-12-10,-0.36364434592433015
2008-12-11,-0.3294830416748215
2008-12-12,-0.2948529141006539
2008-12-13,-0.2597539632018275
2008-12-14,-0.2241861889783421
2008-12-15,-0.18814959143019777
2008-12-16,-0.15164417055739454
2008-12-17,-0.11505494566298273
2008-12-18,-0.08069203256526382
2008-12-19,-0.04894045056728811
2008-12-20,-0.01980019966905553
2008-12-21,0.0067287201294339025
2008-12-22,0.03064630882818004
2008-12-23,0.051952566427183135
2008-12-24,0.07064749292644298
2008-12-25,0.08673108832595969
2008-12-26,0.10020335262573327
2008-12-27,0.11106428582576358
2008-12-28,0.11931388792605077
2008-12-29,0.12495215892659475
2008-12-30,0.12797909882739564
2008-12-31,0.1283947076284533
2009-01-01,0.1261989853297678
2009-01-02,0.12139193193133908
2009-01-03,0.1139735474331672
2009-01-04,0.10394383183525219
2009-01-05,0.09130278513759398
2009-01-06,0.07605040734019257
2009-01-07,0.058186698443048065
2009-01-08,0.03771165844616033
2009-01-09,0.014625287349529446
2009-01-10,-0.011072414846844618
2009-01-11,-0.039381448142961864
2009-01-12,-0.07030181253882234
2009-01-13,-0.10383350803442588
2009-01-14,-0.1399765346297727
2009-01-15,-0.17873089232486256
2009-01-16,-0.2200965811196957
2009-01-17,-0.2638189796192874
2009-01-18,-0.3083703594537308
2009-01-19,-0.35349609922804126
2009-01-20,-0.3991961989422189
2009-01-21,-0.44547065859626345
2009-01-22,-0.49231947819017535
2009-01-23,-0.5397426577239541
2009-01-24,-0.5877401971976001
2009-01-25,-0.636312096611113
2009-01-26,-0.6854583559644931
2009-01-27,-0.7351789752577403
2009-01-28,-0.7854739544908547
2009-01-29,-0.836343293663836
2009-01-30,-0.8877869927766846
2009-01-31,-0.9398050518294
2009-02-01,-0.9923974708219828
2009-02-02,-1.0455642497544324
2009-02-03,-1.099305388626749
2009-02-04,-1.153620887438933
2009-02-05,-1.2085107461909843
2009-02-06,-1.2639749648829024
2009-02-07,-1.3200135435146876
2009-02-08,-1.3766264820863396
2009-02-09,-1.433813780597859
2009-02-10,-1.4915754390492455
2009-02-11,-1.549911457440499
2009-02-12,-1.6088218357716197
2009-02-13,-1.6683065740426075
2009-02-14,-1.7283656722534622
2009-02-15,-1.7889991304041843
2009-02-16,-1.8467900373317927
2009-02-17,-1.8983214818733076
2009-02-18,-1.9435934640287285
2009-02-19,-1.9826059837980554
2009-02-20,-2.0153590411812887
2009-02-21,-2.041852636178428
2009-02-22,-2.0620867687894737
2009-02-23,-2.0760614390144263
2009-02-24,-2.083776646853284
2009-02-25,-2.0852323923060485
2009-02-26,-2.0804286753727186
2009-02-27,-2.0693654960532952
2009-02-28,-2.0520428543477776
2009-03-01,-2.028460750256167
2009-03-02,-1.9986191837784626
2009-03-03,-1.962518154914664
2009-03-04,-1.9201576636647713
2009-03-05,-1.8715377100287849
2009-03-06,-1.8166582940067049
2009-03-07,-1.755519415598531
2009-03-08,-1.6881210748042634
2009-03-09,-1.6144632716239014
2009-03-10,-1.5345460060574465
2009-03-11,-1.4483692781048974
2009-03-12,-1.355933087766254
2009-03-13,-1.2572374350415174
2009-03-14,-1.1522823199306869
2009-03-15,-1.0410677424337624
2009-03-16,-0.9235937025507442
2009-03-17,-0.801229910485443
2009-03-18,-0.682194627460724
2009-03-19,-0.5678575636803979
2009-03-20,-0.4582187191444652
2009-03-21,-0.3532780938529249
2009-03-22,-0.25303568780577784
2009-03-23,-0.1574915010030238
2009-03-24,-0.06664553344466274
2009-03-25,0.019502214869305423
2009-03-26,0.10095174393888037
2009-03-27,0.17770305376406254
2009-03-28,0.2497561443448516
2009-03-29,0.3171110156812478
2009-03-30,0.3797676677732508
2009-03-31,0.43772610062086104
2009-04-01,0.4909863142240781
2009-04-02,0.5395483085829023
2009-04-03,0.5834120836973333
2009-04-04,0.6225776395673717
2009-04-05,0.6570449761930168
2009-04-06,0.6868140935742689
2009-04-07,0.711884991711128
2009-04-08,0.7322576706035943
2009-04-09,0.7479321302516674
2009-04-10,0.7589083706553476
2009-04-11,0.7651863918146348
2009-04-12,0.766766193729529
2009-04-13,0.7636477764000302
2009-04-14,0.7558311398261385
2009-04-15,0.7433162840078537
2009-04-16,0.7261032089451759
2009-04-17,0.7064570876680091
2009-04-18,0.6866430932062569
2009-04-19,0.6666612255599195
2009-04-20,0.6465114847289969
2009-04-21,0.626193870713489
2009-04-22,0.6057083835133958
2009-04-23,0.5850550231287175
2009-04-24,0.5642337895594538
2009-04-25,0.5432446828056049
2009-04-26,0.5220877028671709
2009-04-27,0.5007628497441515
2009-04-28,0.4792701234365469
2009-04-29,0.457609523944357
2009-04-30,0.43578105126758193
2009-05-01,0.4137847054062216
2009-05-02,0.3916204863602759
2009-05-03,0.3692883941297451
2009-05-04,0.346788428714629
2009-05-05,0.3241205901149277
2009-05-06,0.3012848783306411
2009-05-07,0.2782812933617692
2009-05-08,0.25510983520831215
2009-05-09,0.2317705038702698
2009-05-10,0.2082632993476422
2009-05-11,0.18458822164042937
2009-05-12,0.1607452707486313
2009-05-13,0.136734446672248
2009-05-14,0.11255574941127944
2009-05-15,0.08820917896572562
2009-05-16,0.06369473533558653
2009-05-17,0.03936661601741099
2009-05-18,0.01735000599049152
2009-05-19,-0.0020008972486230507
2009-05-20,-0.018686093699932793
2009-05-21,-0.03270558336343762
2009-05-22,-0.044059366239137636
2009-05-23,-0.05274744232703279
2009-05-24,-0.058769811627123046
2009-05-25,-0.06212647413940851
2009-05-26,-0.06281742986388904
2009-05-27,-0.060842678800564716
2009-05-28,-0.05620222094943552
2009-05-29,-0.0488960563105015
2009-05-30,-0.038924184883762626
2009-05-31,-0.02628660666921885
2009-06-01,-0.0109833216668702
2009-06-02,0.006985670123283254
2009-06-03,0.027620368701241568
2009-06-04,0.05092077406700483
2009-06-05,0.07688688622057285
2009-06-06,0.10551870516194575
2009-06-07,0.13681623089112355
2009-06-08,0.1707794634081063
2009-06-09,0.20740840271289376
2009-06-10,0.24670304880548613
2009-06-11,0.2886634016858834
2009-06-12,0.3332894613540855
2009-06-13,0.3805812278100924
2009-06-14,0.43053870105390435
2009-06-15,0.483161881085521
2009-06-16,0.5384507679049425
2009-06-17,0.5935247510029759
2009-06-18,0.6455032198704279
2009-06-19,0.6943861745072984
2009-06-20,0.7401736149135877
2009-06-21,0.7828655410892955
2009-06-22,0.8224619530344219
2009-06-23,0.858962850748967
2009-06-24,0.8923682342329308
2009-06-25,0.9226781034863131
2009-06-26,0.9498924585091142
2009-06-27,0.9740112993013338
2009-06-28,0.9950346258629722
2009-06-29,1.012962438194029
2009-06-30,1.0277947362945048
2009-07-01,1.039531520164399
2009-07-02,1.0481727898037116
2009-07-03,1.0537185452124433
2009-07-04,1.0561687863905933
2009-07-05,1.0555235133381622
2009-07-06,1.0517827260551496
2009-07-07,1.0449464245415554
2009-07-08,1.0350146087973802
2009-07-09,1.0219872788226236
2009-07-10,1.0058644346172854
2009-07-11,0.9866460761813661
2009-07-12,0.9643322035148651
2009-07-13,0.9389228166177831
2009-07-14,0.9104179154901197
2009-07-15,0.8788175001318747
2009-07-16,0.8441215705430484
2009-07-17,0.806548853362534
2009-07-18,0.7674117084236894
2009-07-19,0.7269288623654081
2009-07-20,0.68510031518769
2009-07-21,0.6419260668905349
2009-07-22,0.5974061174739429
2009-07-23,0.5515404669379141
2009-07-24,0.5043291152824485
2009-07-25,0.455772062507546
2009-07-26,0.40586930861320636
2009-07-27,0.3546208535994303
2009-07-28,0.3020266974662172
2009-07-29,0.24808684021356708
2009-07-30,0.19280128184148024
2009-07-31,0.13617002234995648
2009-08-01,0.0781930617389959
2009-08-02,0.018870400008598374
2009-08-03,-0.04179796284123593
2009-08-04,-0.10381202681050722
2009-08-05,-0.16717179189921524
2009-08-06,-0.23187725810736018
2009-08-07,-0.29792842543494186
2009-08-08,-0.3653252938819607
2009-08-09,-0.4340678634484162
2009-08-10,-0.5041561341343087
2009-08-11,-0.5755901059396379
2009-08-12,-0.6483697788644041
2009-08-13,-0.722495152908607
2009-08-14,-0.7979662280722469
2009-08-15,-0.8747830043553236
2009-08-16,-0.9529454817578373
2009-08-17,-1.031287406485237
2009-08-18,-1.1028112557702183
2009-08-19,-1.1663507758182299
2009-08-20,-1.2219059666292718
2009-08-21,-1.269476828203345
2009-08-22,-1.3090633605404485
2009-08-23,-1.3406655636405826
2009-08-24,-1.3642834375037474
2009-08-25,-1.3799169821299426
2009-08-26,-1.3875661975191684
2009-08-27,-1.3872310836714252
2009-08-28,-1.3789116405867123
2009-08-29,-1.36260786826503
2009-08-30,-1.3383197667063784
2009-08-31,-1.3060473359107574
2009-09-01,-1.2657905758781671
2009-09-02,-1.217549486608607
2009-09-03,-1.1613240681020778
2009-09-04,-1.097114320358579
2009-09-05,-1.0249202433781113
2009-09-06,-0.9447418371606736
2009-09-07,-0.8565791017062667
2009-09-08,-0.7604320370148905
2009-09-09,-0.6563006430865449
2009-09-10,-0.54418491992123
2009-09-11,-0.42408486751894553
2009-09-12,-0.2960004858796918
2009-09-13,-0.15993177500346867
2009-09-14,-0.01587873489027598
2009-09-15,0.13615863445988616
2009-09-16,0.2961803330470174
2009-09-17,0.4557296617500559
2009-09-18,0.6063499214479401
2009-09-19,0.7480411121406692
2009-09-20,0.8808032338282432
2009-09-21,1.0046362865106626
2009-09-22,1.1195402701879271
2009-09-23,1.225515184860037
2009-09-24,1.322561030526992
2009-09-25,1.410677807188792
2009-09-26,1.4898655148454378
2009-09-27,1.560124153496928
2009-09-28,1.621453723143264
2009-09-29,1.6738542237844445
2009-09-30,1.717325655420471
2009-10-01,1.7518680180513426
2009-10-02,1.7774813116770587
2009-10-03,1.7941655362976205
2009-10-04,1.801920691913027
2009-10-05,1.8007467785232791
2009-10-06,1.7906437961283763
2009-10-07,1.7716117447283186
2009-10-08,1.7436506243231065
2009-10-09,1.7067604349127392
2009-10-10,1.6609411764972168
2009-10-11,1.60619284907654
2009-10-12,1.5425154526507088
2009-10-13,1.469908987219722
2009-10-14,1.3883734527835807
2009-10-15,1.297908849342285
2009-10-16,1.1985151768958338
2009-10-17,1.0919829322372478
2009-10-18,0.9890550961246459
2009-10-19,0.8915221653510474
2009-10-20,0.799384139916453
2009-10-21,0.7126410198208621
2009-10-22,0.6312928050642748
2009-10-23,0.5553394956466909
2009-10-24,0.4847810915681113
2009-10-25,0.4196175928285349
2009-10-26,0.35984899942796245
2009-10-27,0.3054753113663936
2009-10-28,0.25649652864382844
2009-10-29,0.21291265126026698
2009-10-30,0.17472367921570917
2009-10-31,0.14192961251015518
2009-11-01,0.1145304511436049
2009-11-02,0.09252619511605804
2009-11-03,0.07591684442751506
2009-11-04,0.06470239907797572
2009-11-05,0.058882859067440084
2009-11-06,0.05845822439590814
2009-11-07,0.0634284950633799
2009-11-08,0.07379367106985539
2009-11-09,0.08955375241533448
2009-11-10,0.11070873909981728
2009-11-11,0.13725863112330383
2009-11-12,0.16920342848579406
2009-11-13,0.20654313118728787
2009-11-14,0.24927773922778554
2009-11-15,0.2974072526072868
2009-11-16,0.35093167132579167
2009-11-17,0.4067692513669243
2009-11-18,0.4618382487143088
2009-11-19,0.5161386633679449
2009-11-20,0.5696704953278328
2009-11-21,0.6224337445939723
2009-11-22,0.6744284111663634
2009-11-23,0.7256544950450065
2009-11-24,0.7761119962299011
2009-11-25,0.8258009147210476
2009-11-26,0.8747212505184457
2009-11-27,0.9228730036220957
2009-11-28,0.9702561740319973
2009-11-29,1.0168707617481505
2009-11-30,1.0627167667705555
2009-12-01,1.1077941890992122
2009-12-02,1.1521030287341207
2009-12-03,1.195643285675281
2009-12-04,1.2384149599226928
2009-12-05,1.2804180514763566
2009-12-06,1.3216525603362719
2009-12-07,1.362118486502439
2009-12-08,1.401815829974858
2009-12-09,1.4407445907535283
2009-12-10,1.4789047688384505
2009-12-11,1.5162963642296245
2009-12-12,1.5529193769270502
2009-12-13,1.5887738069307276
2009-12-14,1.623859654240657
2009-12-15,1.6581769188568376
2009-12-16,1.69172560077927
2009-12-17,1.7241509895698386
2009-12-18,1.7533248225998455
2009-12-19,1.7788923894311757
2009-12-20,1.8008536900638288
2009-12-21,1.819208724497805
2009-12-22,1.8339574927331037
2009-12-23,1.845099994769726
2009-12-24,1.8526362306076705
2009-12-25,1.8565662002469383
2009-12-26,1.8568899036875288
2009-12-27,1.8536073409294427
2009-12-28,1.846718511972679
2009-12-29,1.8362234168172384
2009-12-30,1.822122055463121
2009-12-31,1.8044144279103262
2010-01-01,1.7831005341588546
2010-01-02,1.7581803742087057
2010-01-03,1.7296539480598796
2010-01-04,1.6975212557123769
2010-01-05,1.6617822971661966
2010-01-06,1.622437072421339
2010-01-07,1.579485581477805
2010-01-08,1.5329278243355942
2010-01-09,1.4827638009947057
2010-01-10,1.4289935114551404
2010-01-11,1.3716169557168978
2010-01-12,1.3106341337799783
2010-01-13,1.2460450456443815
2010-01-14,1.177849691310108
2010-01-15,1.1060480707771572
2010-01-16,1.0306401840455297
2010-01-17,0.9521588073491476
2010-01-18,0.8738005980915515
2010-01-19,0.7960983325066637
2010-01-20,0.7190520105944849
2010-01-21,0.6426616323550147
2010-01-22,0.5669271977882532
2010-01-23,0.49184870689420007
2010-01-24,0.4174261596728558
2010-01-25,0.34365955612422006
2010-01-26,0.2705488962482931
2010-01-27,0.1980941800450748
2010-01-28,0.1262954075145651
2010-01-29,0.05515257865676409
2010-01-30,-0.015334306528328411
2010-01-31,-0.08516524804071213
2010-02-01,-0.1543402458803871
2010-02-02,-0.22285930004735355
2010-02-03,-0.29072241054161124
2010-02-04,-0.35792957736316033
2010-02-05,-0.42448080051200093
2010-02-06,-0.4903760799881327
2010-02-07,-0.5556154157915558
2010-02-08,-0.6201988079222702
2010-02-09,-0.684126256380276
2010-02-10,-0.7473977611655732
2010-02-11,-0.8100133222781618
2010-02-12,-0.8719729397180416
2010-02-13,-0.9332766134852127
2010-02-14,-0.9939243435796753
2010-02-15,-1.0539161300014293
2010-02-16,-1.109161055787659
2010-02-17,-1.155568203975549
2010-02-18,-1.1931375745650994
2010-02-19,-1.2218691675563103
2010-02-20,-1.2417629829491812
2010-02-21,-1.2528190207437129
2010-02-22,-1.2550372809399046
2010-02-23,-1.248417763537757
2010-02-24,-1.2329604685372695
2010-02-25,-1.2086653959384421
2010-02-26,-1.1755325457412753
2010-02-27,-1.1335619179457688
2010-02-28,-1.0827535125519228
2010-03-01,-1.023107329559737
2010-03-02,-0.954623368969212
2010-03-03,-0.8773016307803468
2010-03-04,-0.791142114993142
2010-03-05,-0.6961448216075976
2010-03-06,-0.5923097506237137
2010-03-07,-0.47963690204148995
2010-03-08,-0.3581262758609266
2010-03-09,-0.22777787208202363
2010-03-10,-0.08859169070478097
2010-03-11,0.05943226827080113
2010-03-12,0.2162940048447231
2010-03-13,0.38199351901698475
2010-03-14,0.5565308107875858
2010-03-15,0.739905880156527
2010-03-16,0.9321187271238074
2010-03-17,1.1304685285918274
2010-03-18,1.318750345974984
2010-03-19,1.4942633561756777
2010-03-20,1.6570075591939075
2010-03-21,1.8069829550296745
2010-03-22,1.944189543682978
2010-03-23,2.0686273251538183
2010-03-24,2.180296299442195
2010-03-25,2.2791964665481084
2010-03-26,2.3653278264715585
2010-03-27,2.4386903792125456
2010-03-28,2.499284124771069
2010-03-29,2.547109063147129
2010-03-30,2.582165194340726
2010-03-31,2.60445251835186
2010-04-01,2.61397103518053
2010-04-02,2.610720744826736
2010-04-03,2.5947016472904796
2010-04-04,2.56591374257176
2010-04-05,2.5243570306705765
2010-04-06,2.4700315115869302
2010-04-07,2.40293718532082
2010-04-08,2.323074051872247
2010-04-09,2.2304421112412105
2010-04-10,2.1250413634277106
2010-04-11,2.006871808431747
2010-04-12,1.8759334462533208
2010-04-13,1.732226276892431
2010-04-14,1.5757503003490776
2010-04-15,1.406505516623261
2010-04-16,1.2244919257149809
2010-04-17,1.0395737755621413
2010-04-18,0.8616153141026452
2010-04-19,0.6906165413364926
2010-04-20,0.5265774572636844
2010-04-21,0.3694980618842195
2010-04-22,0.21937835519809826
2010-04-23,0.07621833720532083
2010-04-24,-0.059981992094112736
2010-04-25,-0.18922263270020287
2010-04-26,-0.31150358461294936
2010-04-27,-0.42682484783235164
2010-04-28,-0.5351864223584104
2010-04-29,-0.6365883081911256
2010-04-30,-0.7310305053304971
2010-05-01,-0.8185130137765247
2010-05-02,-0.8990358335292087
2010-05-03,-0.972598964588549
2010-05-04,-1.0392024069545454
2010-05-05,-1.0988461606271982
2010-05-06,-1.1515302256065074
2010-05-07,-1.1972546018924726
2010-05-08,-1.2360192894850943
2010-05-09,-1.2678242883843722
2010-05-10,-1.292669598590306
2010-05-11,-1.3105552201028967
2010-05-12,-1.3214811529221437
2010-05-13,-1.3254473970480467
2010-05-14,-1.3224539524806058
2010-05-15,-1.3125008192198215
2010-05-16,-1.2955879972656934
2010-05-17,-1.2724533298194936
2010-05-18,-1.2475238760888556
2010-05-19,-1.2215374792750509
2010-05-20,-1.19449413937808
2010-05-21,-1.166393856397943
2010-05-22,-1.137236630334639
2010-05-23,-1.107022461188169
2010-05-24,-1.0757513489585326
2010-05-25,-1.0434232936457297
2010-05-26,-1.0100382952497606
2010-05-27,-0.9755963537706249
2010-05-28,-0.940097469208323
2010-05-29,-0.9035416415628549
2010-05-30,-0.8659288708342202
2010-05-31,-0.8272591570224191
2010-06-01,-0.7875325001274516
2010-06-02,-0.7467489001493179
2010-06-03,-0.7049083570880179
2010-06-04,-0.6620108709435513
2010-06-05,-0.6180564417159184
2010-06-06,-0.5730450694051192
2010-06-07,-0.5269767540111535
2010-06-08,-0.47985149553402145
2010-06-09,-0.4316692939737232
2010-06-10,-0.3824301493302585
2010-06-11,-0.33213406160362735
2010-06-12,-0.2807810307938299
2010-06-13,-0.22837105690086598
2010-06-14,-0.1749041399247358
2010-06-15,-0.12038027986543916
2010-06-16,-0.06479947672297626
2010-06-17,-0.010137309844969546
2010-06-18,0.04163064142095833
2010-06-19,0.09050437707480735
2010-06-20,0.1364838971165774
2010-06-21,0.17956920154626865
2010-06-22,0.219760290363881
2010-06-23,0.2570571635694145
2010-06-24,0.2914598211628691
2010-06-25,0.3229682631442449
2010-06-26,0.3515824895135418
2010-06-27,0.3773025002707598
2010-06-28,0.400128295415899
2010-06-29,0.42005987494895924
2010-06-30,0.4370972388699408
2010-07-01,0.4512403871788434
2010-07-02,0.46248931987566694
2010-07-03,0.4708440369604119
2010-07-04,0.47630453843307774
2010-07-05,0.47887082429366484
2010-07-06,0.4785428945421732
2010-07-07,0.47532074917860245
2010-07-08,0.46920438820295307
2010-07-09,0.46019381161522466
2010-07-10,0.4482890194154173
2010-07-11,0.4334900116035313
2010-07-12,0.4157967881795662
2010-07-13,0.39520934914352246
2010-07-14,0.3717276944953998
2010-07-15,0.34535182423519806
2010-07-16,0.3160817383629176
2010-07-17,0.28407694550736307
2010-07-18,0.25029449744136256
2010-07-19,0.2148939027937208
2010-07-20,0.17787516156443794
2010-07-21,0.13923827375351394
2010-07-22,0.09898323936094872
2010-07-23,0.057110058386742296
2010-07-24,0.013618730830894644
2010-07-25,-0.03149074330659416
2010-07-26,-0.07821836402572417
2010-07-27,-0.12656413132649533
2010-07-28,-0.1765280452089077
2010-07-29,-0.22811010567296125
2010-07-30,-0.281310312718656
2010-07-31,-0.3361286663459919
2010-08-01,-0.392565166554969
2010-08-02,-0.45061981334558726
2010-08-03,-0.5102926067178467
2010-08-04,-0.5715835466717475
2010-08-05,-0.6344926332072893
2010-08-06,-0.6990198663244723
2010-08-07,-0.7651652460232964
2010-08-08,-0.832928772303762
2010-08-09,-0.9023104451658686
2010-08-10,-0.9733102646096164
2010-08-11,-1.0459282306350053
2010-08-12,-1.1201643432420354
2010-08-13,-1.196018602430707
2010-08-14,-1.2734910082010193
2010-08-15,-1.352581560552973
2010-08-16,-1.4332902594865682
2010-08-17,-1.5142889736531764
2010-08-18,-1.5876089149610295
2010-08-19,-1.6519219520614998
2010-08-20,-1.7072280849545869
2010-08-21,-1.7535273136402918
2010-08-22,-1.7908196381186134
2010-08-23,-1.819105058389552
2010-08-24,-1.838383574453108
2010-08-25,-1.848655186309281
2010-08-26,-1.849919893958071
2010-08-27,-1.8421776973994786
2010-08-28,-1.825428596633503
2010-08-29,-1.7996725916601444
2010-08-30,-1.764909682479403
2010-08-31,-1.721139869091279
2010-09-01,-1.6683631514957715
2010-09-02,-1.6065795296928815
2010-09-03,-1.5357890036826085
2010-09-04,-1.455991573464953
2010-09-05,-1.3671872390399145
2010-09-06,-1.2693760004074925
2010-09-07,-1.1625578575676883
2010-09-08,-1.0467328105205007
2010-09-09,-0.9219008592659306
2010-09-10,-0.7880620038039774
2010-09-11,-0.6452162441346415
2010-09-12,-0.49336358025792276
2010-09-13,-0.3325040121738211
2010-09-14,-0.1626375398823364
2010-09-15,0.016235836616531298
2010-09-16,0.20411611732278168
2010-09-17,0.39183664405110935
2010-09-18,0.5702307586162094
2010-09-19,0.739298461018081
2010-09-20,0.8990397512567243
2010-09-21,1.0494546293321398
2010-09-22,1.1905430952443274
2010-09-23,1.322305148993287
2010-09-24,1.4447407905790184
2010-09-25,1.5578500200015215
2010-09-26,1.6616328372607971
2010-09-27,1.756089242356844
2010-09-28,1.8412192352896632
2010-09-29,1.9170228160592542
2010-09-30,1.9834999846656176
2010-10-01,2.040650741108753
2010-10-02,2.088475085388659
2010-10-03,2.1269730175053385
2010-10-04,2.156144537458789
2010-10-05,2.1759896452490115
2010-10-06,2.1865083408760064
2010-10-07,2.1877006243397727
2010-10-08,2.179566495640312
2010-10-09,2.1621059547776222
2010-10-10,2.135319001751704
2010-10-11,2.0992056365625587
2010-10-12,2.053765859210185
2010-10-13,1.9989996696945833
2010-10-14,1.9349070680157534
2010-10-15,1.8614880541736958
2010-10-16,1.7787426281684096
2010-10-17,1.6881415914880222
2010-10-18,1.5985097530612933
2010-10-19,1.5113179143763489
2010-10-20,1.4265660754331895
2010-10-21,1.3442542362318153
2010-10-22,1.2643823967722256
2010-10-23,1.1869505570544208
2010-10-24,1.1119587170784013
2010-10-25,1.0394068768441662
2010-10-26,0.9692950363517161
2010-10-27,0.9016231956010512
2010-10-28,0.8363913545921708
2010-10-29,0.7735995133250755
2010-10-30,0.713247671799765
2010-10-31,0.6553358300162395
2010-11-01,0.5998639879744987
2010-11-02,0.546832145674543
2010-11-03,0.49624030311637196
2010-11-04,0.4480884602999859
2010-11-05,0.40237661722538476
2010-11-06,0.3591047738925686
2010-11-07,0.3182729303015372
2010-11-08,0.2798810864522907
2010-11-09,0.24392924234482913
2010-11-10,0.21041739797915235
2010-11-11,0.1793455533552606
2010-11-12,0.15071370847315366
2010-11-13,0.12452186333283156
2010-11-14,0.1007700179342944
2010-11-15,0.07945817227754214
2010-11-16,0.06058632636257476
2010-11-17,0.04421305815831241
2010-11-18,0.030396945633675246
2010-11-19,0.01913798878866325
2010-11-20,0.010436187623276461
2010-11-21,0.00429154213751486
2010-11-22,0.000704052331378437
2010-11-23,-0.0003262817951327998
2010-11-24,0.0012005397579811575
2010-11-25,0.005284516990720279
2010-11-26,0.011925649903084609
2010-11-27,0.02112393849507414
2010-11-28,0.032879382766688815
2010-11-29,0.04719198271792869
2010-11-30,0.06406173834879375
2010-12-01,0.083488649659284
2010-12-02,0.10547271664939946
2010-12-03,0.1300139393191401
2010-12-04,0.15711231766850586
2010-12-05,0.1867678516974969
2010-12-06,0.21898054140611306
2010-12-07,0.2537503867943544
2010-12-08,0.29107738786222104
2010-12-09,0.3309615446097127
2010-12-10,0.3734028570368296
2010-12-11,0.41840132514357176
2010-12-12,0.46595694892993905
2010-12-13,0.5160697283959315
2010-12-14,0.5687396635415491
2010-12-15,0.623966754366792
2010-12-16,0.6817510008716601
2010-12-17,0.7413517062869251
2010-12-18,0.7983246899972167
2010-12-19,0.8519292552333071
2010-12-20,0.9021654019951961
2010-12-21,0.9490331302828837
2010-12-22,0.9925324400963698
2010-12-23,1.0326633314356546
2010-12-24,1.0694258043007376
2010-12-25,1.1028198586916198
2010-12-26,1.1328454946083
2010-12-27,1.1595027120507793
2010-12-28,1.1827915110190568
2010-12-29,1.202711891513133
2010-12-30,1.2192638535330078
2010-12-31,1.2324473970786811
2011-01-01,1.242262522150153
2011-01-02,1.2487092287474235
2011-01-03,1.2517875168704926
2011-01-04,1.2514973865193604
2011-01-05,1.2478388376940266
2011-01-06,1.2408118703944913
2011-01-07,1.2304164846207548
2011-01-08,1.2166526803728168
2011-01-09,1.1995204576506775
2011-01-10,1.1790198164543366
2011-01-11,1.1551507567837942
2011-01-12,1.1279132786390507
2011-01-13,1.0973073820201056
2011-01-14,1.0633330669269592
2011-01-15,1.025990333359611
2011-01-16,0.9852791813180619
2011-01-17,0.9415812672946458
2011-01-18,0.8971865302433721
2011-01-19,0.8524766266565755
2011-01-20,0.8074515565342562
2011-01-21,0.762111319876414
2011-01-22,0.716455916683049
2011-01-23,0.6704853469541607
2011-01-24,0.62419961068975
2011-01-25,0.5775987078898162
2011-01-26,0.5306826385543595
2011-01-27,0.48345140268338
2011-01-28,0.4359050002768777
2011-01-29,0.38804343133485236
2011-01-30,0.3398666958573042
2011-01-31,0.29137479384423315
2011-02-01,0.2425677252956393
2011-02-02,0.19344549021152252
2011-02-03,0.1440080885918829
2011-02-04,0.09425552043672042
2011-02-05,0.04418778574603496
2011-02-06,-0.006195115480173285
2011-02-07,-0.05689318324190446
2011-02-08,-0.10790641753915839
2011-02-09,-0.15923481837193526
2011-02-10,-0.21087838574023504
2011-02-11,-0.2628371196440577
2011-02-12,-0.3151110200834032
2011-02-13,-0.36770008705827156
2011-02-14,-0.4206043205686628
2011-02-15,-0.47382372061457695
2011-02-16,-0.5237980938156325
2011-02-17,-0.5669672467914479
2011-02-18,-0.6033311795420233
2011-02-19,-0.6328898920673588
2011-02-20,-0.655643384367454
2011-02-21,-0.6715916564423093
2011-02-22,-0.6807347082919246
2011-02-23,-0.6830725399162998
2011-02-24,-0.6786051513154349
2011-02-25,-0.6673325424893298
2011-02-26,-0.6492547134379848
2011-02-27,-0.6243716641613998
2011-02-28,-0.5926833946595745
2011-03-01,-0.5541899049325094
2011-03-02,-0.5088911949802043
2011-03-03,-0.45678726480265897
2011-03-04,-0.3978781143998736
2011-03-05,-0.3321637437718482
2011-03-06,-0.25964415291858284
2011-03-07,-0.18031934184007728
2011-03-08,-0.09418931053633171
2011-03-09,-0.0012540590073459826
2011-03-10,0.0984864127468796
2011-03-11,0.20503210472634534
2011-03-12,0.318383016931051
2011-03-13,0.4385391493609969
2011-03-14,0.5655005020161827
2011-03-15,0.6992670748966089
2011-03-16,0.8398388680022748
2011-03-17,0.9852684592669012
2011-03-18,1.1238713162928091
2011-03-19,1.2537000170137185
2011-03-20,1.3747545614296293
2011-03-21,1.4870349495405424
2011-03-22,1.590541181346457
2011-03-23,1.6852732568473732
2011-03-24,1.771231176043291
2011-03-25,1.8484149389342108
2011-03-26,1.9168245455201316
2011-03-27,1.9764599958010551
2011-03-28,2.02732128977698
2011-03-29,2.0694084274479065
2011-03-30,2.102721408813834
2011-03-31,2.1272602338747646
2011-04-01,2.143024902630696
2011-04-02,2.150015415081629
2011-04-03,2.148231771227564
2011-04-04,2.1376739710685007
2011-04-05,2.118342014604439
2011-04-06,2.090235901835379
2011-04-07,2.0533556327613205
2011-04-08,2.0077012073822647
2011-04-09,1.9532726256982096
2011-04-10,1.8900698877091564
2011-04-11,1.8180929934151049
2011-04-12,1.7373419428160553
2011-04-13,1.647816735912007
2011-04-14,1.5495173727029607
2011-04-15,1.442443853188916
2011-04-16,1.3265961773698731
2011-04-17,1.2082458898124262
2011-04-18,1.0936645350831689
2011-04-19,0.9828521131821017
2011-04-20,0.8758086241092246
2011-04-21,0.7725340678645375
2011-04-22,0.6730284444480401
2011-04-23,0.5772917538597327
2011-04-24,0.4853239960996156
2011-04-25,0.39712517116768814
2011-04-26,0.31269527906395084
2011-04-27,0.23203431978840353
2011-04-28,0.1551422933410461
2011-04-29,0.08201919972187859
2011-04-30,0.0126650389309012
2011-05-01,-0.0529201890318862
2011-05-02,-0.11473648416648377
2011-05-03,-0.17278384647289136
2011-05-04,-0.22706227595110887
2011-05-05,-0.2775717726011364
2011-05-06,-0.3243123364229741
2011-05-07,-0.36728396741662167
2011-05-08,-0.40648666558207935
2011-05-09,-0.4419204309193471
2011-05-10,-0.47358526342842466
2011-05-11,-0.5014811631093125
2011-05-12,-0.5256081299620102
2011-05-13,-0.545966163986518
2011-05-14,-0.5625552651828358
2011-05-15,-0.5753754335509637
2011-05-16,-0.5844266690909015
2011-05-17,-0.5898731078259777
2011-05-18,-0.5926995658961622
2011-05-19,-0.5930701793247831
2011-05-20,-0.5909849481118408
2011-05-21,-0.586443872257335
2011-05-22,-0.5794469517612656
2011-05-23,-0.5699941866236328
2011-05-24,-0.5580855768444367
2011-05-25,-0.5437211224236772
2011-05-26,-0.526900823361354
2011-05-27,-0.5076246796574676
2011-05-28,-0.4858926913120177
2011-05-29,-0.4617048583250044
2011-05-30,-0.4350611806964276
2011-05-31,-0.4059616584262873
2011-06-01,-0.3744062915145835
2011-06-02,-0.3403950799613166
2011-06-03,-0.30392802376648603
2011-06-04,-0.26500512293009204
2011-06-05,-0.22362637745213473
2011-06-06,-0.17979178733261392
2011-06-07,-0.1335013525715295
2011-06-08,-0.08475507316888176
2011-06-09,-0.03355294912467064
2011-06-10,0.02010501956110395
2011-06-11,0.07621883288844199
2011-06-12,0.13478849085734346
2011-06-13,0.1958139934678083
2011-06-14,0.25929534071983673
2011-06-15,0.3252325326134285
2011-06-16,0.39362556914858365
2011-06-17,0.4601115495827137
2011-06-18,0.5203275731732303
2011-06-19,0.5742736399201329
2011-06-20,0.621949749823422
2011-06-21,0.6633559028830973
2011-06-22,0.698492099099159
2011-06-23,0.727358338471607
2011-06-24,0.7499546210004413
2011-06-25,0.7662809466856619
2011-06-26,0.7763373155272689
2011-06-27,0.780123727525262
2011-06-28,0.7776401826796417
2011-06-29,0.7688866809904076
2011-06-30,0.75386322245756
2011-07-01,0.7325698070810985
2011-07-02,0.7050064348610232
2011-07-03,0.6711731057973345
2011-07-04,0.6310698198900319
2011-07-05,0.5846965771391156
2011-07-06,0.5320533775445858
2011-07-07,0.47314022110644227
2011-07-08,0.4079571078246849
2011-07-09,0.33650403769931414
2011-07-10,0.2587810107303295
2011-07-11,0.1747880269177312
2011-07-12,0.08452508626151914
2011-07-13,-0.012007811238306406
2011-07-14,-0.11481066558174567
2011-07-15,-0.22388347676879897
2011-07-16,-0.3392262447994656
2011-07-17,-0.4595591557119468
2011-07-18,-0.5772033257354476
2011-07-19,-0.6908789409081693
2011-07-20,-0.8005860012301113
2011-07-21,-0.9063245067012737
2011-07-22,-1.0080944573216568
2011-07-23,-1.1058958530912606
2011-07-24,-1.1997286940100849
2011-07-25,-1.2895929800781298
2011-07-26,-1.3754887112953949
2011-07-27,-1.4574158876618808
2011-07-28,-1.5353745091775874
2011-07-29,-1.6093645758425144
2011-07-30,-1.6793860876566622
2011-07-31,-1.7454390446200303
2011-08-01,-1.8075234467326184
2011-08-02,-1.8656392939944277
2011-08-03,-1.9197865864054575
2011-08-04,-1.9699653239657082
2011-08-05,-2.016175506675179
2011-08-06,-2.05841713453387
2011-08-07,-2.096690207541782
2011-08-08,-2.130994725698915
2011-08-09,-2.1613306890052684
2011-08-10,-2.1876980974608418
2011-08-11,-2.210096951065636
2011-08-12,-2.228527249819651
2011-08-13,-2.242988993722886
2011-08-14,-2.253482182775342
2011-08-15,-2.260006816977018
2011-08-16,-2.2625628963279154
2011-08-17,-2.260989427047544
2011-08-18,-2.2543204464529705
2011-08-19,-2.242394960763705
2011-08-20,-2.225212969979748
2011-08-21,-2.202774474101101
2011-08-22,-2.175079473127762
2011-08-23,-2.1421279670597317
2011-08-24,-2.10391995589701
2011-08-25,-2.060455439639597
2011-08-26,-2.0117344182874923
2011-08-27,-1.9577568918406971
2011-08-28,-1.8985228602992104
2011-08-29,-1.834032323663032
2011-08-30,-1.7642852819321626
2011-08-31,-1.6892817351066016
2011-09-01,-1.6090216831863495
2011-09-02,-1.523505126171406
2011-09-03,-1.4327320640617713
2011-09-04,-1.3367024968574452
2011-09-05,-1.235416424558428
2011-09-06,-1.1288738471647193
2011-09-07,-1.0170747646763192
2011-09-08,-0.900019177093228
2011-09-09,-0.7777070844154453
2011-09-10,-0.6501384866429715
2011-09-11,-0.5173133837758062
2011-09-12,-0.3792317758139497
2011-09-13,-0.2358936627574019
2011-09-14,-0.08729904460616264
2011-09-15,0.06655207863976799
2011-09-16,0.22565970698038962
2011-09-17,0.3828852943145875
2011-09-18,0.5310902945412469
2011-09-19,0.670274707660367
2011-09-20,0.8004385336719482
2011-09-21,0.9215817725759905
2011-09-22,1.033704424372494
2011-09-23,1.1368064890614584
2011-09-24,1.230887966642884
2011-09-25,1.3159488571167708
2011-09-26,1.391989160483119
2011-09-27,1.4590088767419274
2011-09-28,1.5170080058931976
2011-09-29,1.5659865479369288
2011-09-30,1.6059445028731212
2011-10-01,1.6368818707017745
2011-10-02,1.6587986514228887
2011-10-03,1.6716948450364646
2011-10-04,1.675570451542501
2011-10-05,1.6704254709409987
2011-10-06,1.6562599032319576
2011-10-07,1.6330737484153774
2011-10-08,1.6008670064912587
2011-10-09,1.5596396774596006
2011-10-10,1.5093917613204035
2011-10-11,1.450123258073668
2011-10-12,1.3818341677193935
2011-10-13,1.3045244902575799
2011-10-14,1.2181942256882277
2011-10-15,1.1228433740113364
2011-10-16,1.018471935226906
2011-10-17,0.9066468549867904
2011-10-18,0.7967698072021093
2011-10-19,0.6904077375247165
2011-10-20,0.5875606459546121
2011-10-21,0.4882285324917958
2011-10-22,0.3924113971362675
2011-10-23,0.30010923988802746
2011-10-24,0.21132206074707585
2011-10-25,0.12604985971341195
2011-10-26,0.04429263678703664
2011-10-27,-0.033949608032050535
2011-10-28,-0.10867687474384961
2011-10-29,-0.17988916334836041
2011-10-30,-0.2475864738455831
2011-10-31,-0.3117688062355175
2011-11-01,-0.3724361605181638
2011-11-02,-0.429588536693522
2011-11-03,-0.4832259347615918
2011-11-04,-0.5333483547223735
2011-11-05,-0.5799557965758672
2011-11-06,-0.6230482603220724
2011-11-07,-0.6626257459609894
2011-11-08,-0.6986882534926184
2011-11-09,-0.7312357829169592
2011-11-10,-0.7602683342340117
2011-11-11,-0.7857859074437761
2011-11-12,-0.8077885025462523
2011-11-13,-0.8262761195414402
2011-11-14,-0.8412487584293401
2011-11-15,-0.8527064192099517
2011-11-16,-0.8606491018832751
2011-11-17,-0.8657592102781082
2011-11-18,-0.8687191482232491
2011-11-19,-0.8695289157186974
2011-11-20,-0.8681885127644534
2011-11-21,-0.8646979393605171
2011-11-22,-0.8590571955068882
2011-11-23,-0.851266281203567
2011-11-24,-0.8413251964505535
2011-11-25,-0.8292339412478474
2011-11-26,-0.8149925155954492
2011-11-27,-0.7986009194933584
2011-11-28,-0.7800591529415754
2011-11-29,-0.7593672159400998
2011-11-30,-0.7365251084889322
2011-12-01,-0.7115328305880718
2011-12-02,-0.684390382237519
2011-12-03,-0.6550977634372742
2011-12-04,-0.6236549741873368
2011-12-05,-0.590062014487707
2011-12-06,-0.5543188843383849
2011-12-07,-0.5164255837393702
2011-12-08,-0.4763821126906634
2011-12-09,-0.43418847119226406
2011-12-10,-0.3898446592441724
2011-12-11,-0.3433506768463883
2011-12-12,-0.29470652399891173
2011-12-13,-0.24391220070174294
2011-12-14,-0.1909677069548817
2011-12-15,-0.13587304275832798
2011-12-16,-0.078628208112082
2011-12-17,-0.019787014952652976
2011-12-18,0.03732766510090342
2011-12-19,0.09216202011207801
2011-12-20,0.14471605008087068
2011-12-21,0.1949897550072813
2011-12-22,0.24298313489131002
2011-12-23,0.28869618973295685
2011-12-24,0.3321289195322218
2011-12-25,0.3732813242891047
2011-12-26,0.4121534040036058
2011-12-27,0.4487451586757249
2011-12-28,0.4830565883054621
2011-12-29,0.5150876928928172
2011-12-30,0.5448384724377906
2011-12-31,0.572308926940382
2012-01-01,0.5974990564005915
2012-01-02,0.6204088608184188
2012-01-03,0.6410383401938646
2012-01-04,0.6593874945269284
2012-01-05,0.6754563238176102
2012-01-06,0.6892448280659099
2012-01-07,0.7007530072718278
2012-01-08,0.7099808614353638
2012-01-09,0.7169283905565179
2012-01-10,0.72159559463529
2012-01-11,0.7239824736716802
2012-01-12,0.7240890276656884
2012-01-13,0.7219152566173147
2012-01-14,0.7174611605265592
2012-01-15,0.7107267393934216
2012-01-16,0.7017119932179022
2012-01-17,0.69037653390188
2012-01-18,0.6764780328566304
2012-01-19,0.6599761019840327
2012-01-20,0.6408707412840868
2012-01-21,0.6191619507567928
2012-01-22,0.5948497304021505
2012-01-23,0.5679340802201601
2012-01-24,0.5384150002108217
2012-01-25,0.5062924903741348
2012-01-26,0.4715665507100999
2012-01-27,0.43423718121871685
2012-01-28,0.3943043818999856
2012-01-29,0.35176815275390605
2012-01-30,0.3066284937804785
2012-01-31,0.25888540497970275
2012-02-01,0.2085388863515789
2012-02-02,0.15558893789610667
2012-02-03,0.10003555961328642
2012-02-04,0.041878751503117956
2012-02-05,-0.01888148643439869
2012-02-06,-0.08224515419926347
2012-02-07,-0.14821225179147643
2012-02-08,-0.21678277921103764
2012-02-09,-0.28795673645794695
2012-02-10,-0.36173412353220447
2012-02-11,-0.43811494043381
2012-02-12,-0.5170991871627638
2012-02-13,-0.5986868637190659
2012-02-14,-0.6828779701027159
2012-02-15,-0.7696725063137144
2012-02-16,-0.8576181330375978
2012-02-17,-0.9380008143875889
2012-02-18,-1.0093682110492237
2012-02-19,-1.0717203230225032
2012-02-20,-1.1250571503074267
2012-02-21,-1.1693786929039949
2012-02-22,-1.2046849508122073
2012-02-23,-1.2309759240320637
2012-02-24,-1.2482516125635645
2012-02-25,-1.2565120164067092
2012-02-26,-1.2557571355614987
2012-02-27,-1.2459869700279322
2012-02-28,-1.2272015198060102
2012-02-29,-1.1994007848957324
2012-03-01,-1.1625847652970986
2012-03-02,-1.1167534610101097
2012-03-03,-1.0619068720347646
2012-03-04,-0.9980449983710639
2012-03-05,-0.9251678400190078
2012-03-06,-0.8432753969785955
2012-03-07,-0.752367669249828
2012-03-08,-0.6524446568327043
2012-03-09,-0.543506359727225
2012-03-10,-0.42555277793339025
2012-03-11,-0.2985839114511994
2012-03-12,-0.16259976028065298
2012-03-13,-0.017600324421750854
2012-03-14,0.1364143961255071
2012-03-15,0.29944440136112027
2012-03-16,0.4714896912850897
2012-03-17,0.6500822974410625
2012-03-18,0.8204144090909264
2012-03-19,0.9800180577783288
2012-03-20,1.1288932435032697
2012-03-21,1.2670399662657499
2012-03-22,1.3944582260657683
2012-03-23,1.511148022903326
2012-03-24,1.6171093567784223
2012-03-25,1.712342227691057
2012-03-26,1.7968466356412303
2012-03-27,1.870622580628943
2012-03-28,1.9336700626541936
2012-03-29,1.9859890817169836
2012-03-30,2.027579637817312
2012-03-31,2.0584417309551792
2012-04-01,2.0785753611305853
2012-04-02,2.0879805283435298
2012-04-03,2.0866572325940136
2012-04-04,2.0746054738820354
2012-04-05,2.0518252522075966
2012-04-06,2.018316567570696
2012-04-07,1.9740794199713343
2012-04-08,1.9191138094095117
2012-04-09,1.8534197358852276
2012-04-10,1.776997199398482
2012-04-11,1.689846199949276
2012-04-12,1.591966737537608
2012-04-13,1.4833588121634789
2012-04-14,1.364022423826888
2012-04-15,1.2339575725278364
2012-04-16,1.0931642582663232
2012-04-17,0.9499348526095389
2012-04-18,0.8125617271246722
2012-04-19,0.6810448818117236
2012-04-20,0.5553843166706935
2012-04-21,0.435580031701581
2012-04-22,0.3216320269043867
2012-04-23,0.21354030227911047
2012-04-24,0.11130485782575239
2012-04-25,0.014925693544312042
2012-04-26,-0.07559719056521011
2012-04-27,-0.1602637945028139
2012-04-28,-0.23907411826849995
2012-04-29,-0.31202816186226795
2012-04-30,-0.37912592528411776
2012-05-01,-0.4403674085340495
2012-05-02,-0.49575261161206324
2012-05-03,-0.545281534518159
2012-05-04,-0.5889541772523367
2012-05-05,-0.6267705398145962
2012-05-06,-0.6587306222049377
2012-05-07,-0.6848344244233611
2012-05-08,-0.7050819464698665
2012-05-09,-0.719473188344454
2012-05-10,-0.728008150047123
2012-05-11,-0.7306868315778744
2012-05-12,-0.7275092329367076
2012-05-13,-0.7184753541236226
2012-05-14,-0.7035851951386197
2012-05-15,-0.6828387559816987
2012-05-16,-0.6562360366528597
2012-05-17,-0.6245885113917136
2012-05-18,-0.5927650256359264
2012-05-19,-0.5615770536251092
2012-05-20,-0.5310245953592619
2012-05-21,-0.5011076508383848
2012-05-22,-0.47182622006247743
2012-05-23,-0.44318030303154005
2012-05-24,-0.41516989974557283
2012-05-25,-0.3877950102045753
2012-05-26,-0.36105563440854793
2012-05-27,-0.3349517723574905
2012-05-28,-0.30948342405140294
2012-05-29,-0.2846505894902855
2012-05-30,-0.26045326867413787
2012-05-31,-0.23689146160296026
2012-06-01,-0.2139651682767526
2012-06-02,-0.19167438869551498
2012-06-03,-0.1700191228592473
2012-06-04,-0.1489993707679495
2012-06-05,-0.12861513242162173
2012-06-06,-0.10886640782026397
2012-06-07,-0.08975319696387608
2012-06-08,-0.0712754998524582
2012-06-09,-0.05343331648601032
2012-06-10,-0.03622664686453236
2012-06-11,-0.019655490988024365
2012-06-12,-0.003719848856486351
2012-06-13,0.011580279530081696
2012-06-14,0.026244894171679793
2012-06-15,0.040273995068307915
2012-06-16,0.05366758221996605
2012-06-17,0.06605192216920475
2012-06-18,0.07705328145857453
2012-06-19,0.08667166008807534
2012-06-20,0.0949070580577072
2012-06-21,0.10175947536747011
2012-06-22,0.10722891201736408
2012-06-23,0.11131536800738911
2012-06-24,0.1140188433375452
2012-06-25,0.11533933800783233
2012-06-26,0.11527685201825055
2012-06-27,0.11383138536879979
2012-06-28,0.11100293805948011
2012-06-29,0.10679151009029145
2012-06-30,0.10119710146123388
2012-07-01,0.0942197121723074
2012-07-02,0.08585934222351187
2012-07-03,0.07611599161484749
2012-07-04,0.06498966034631412
2012-07-05,0.0524803484179118
2012-07-06,0.038588055829640575
2012-07-07,0.023312782581500366
2012-07-08,0.006654528673491221
2012-07-09,-0.011386705894386846
2012-07-10,-0.03081092112213387
2012-07-11,-0.051618117009749845
2012-07-12,-0.07380829355723477
2012-07-13,-0.09738145076458862
2012-07-14,-0.12233758863181142
2012-07-15,-0.14867670715890322
2012-07-16,-0.1763988063458639
2012-07-17,-0.20542330647734908
2012-07-18,-0.2352667292612921
2012-07-19,-0.26584849498234875
2012-07-20,-0.2971686036405187
2012-07-21,-0.32922705523580215
2012-07-22,-0.362023849768199
2012-07-23,-0.3955589872377094
2012-07-24,-0.42983246764433325
2012-07-25,-0.46484429098807056
2012-07-26,-0.5005944572689212
2012-07-27,-0.5370829664868854
2012-07-28,-0.5743098186419631
2012-07-29,-0.6122750137341542
2012-07-30,-0.6509785517634588
2012-07-31,-0.6904204327298767
2012-08-01,-0.730600656633408
2012-08-02,-0.771519223474053
2012-08-03,-0.8131761332518113
2012-08-04,-0.8555713859666833
2012-08-05,-0.8987049816186686
2012-08-06,-0.9425769202077672
2012-08-07,-0.9871872017339791
2012-08-08,-1.032535826197305
2012-08-09,-1.078622793597744
2012-08-10,-1.1254481039352966
2012-08-11,-1.1730117572099625
2012-08-12,-1.221313753421742
2012-08-13,-1.270354092570635
2012-08-14,-1.3201327746566411
2012-08-15,-1.3706497996797609
2012-08-16,-1.4219051676399945
2012-08-17,-1.4728779069760005
2012-08-18,-1.517442188319737
2012-08-19,-1.5545770401098629
2012-08-20,-1.5842824623463778
2012-08-21,-1.6065584550292833
2012-08-22,-1.6214050181585777
2012-08-23,-1.6288221517342618
2012-08-24,-1.6288098557563353
2012-08-25,-1.6213681302247986
2012-08-26,-1.6064969751396512
2012-08-27,-1.5841963905008938
2012-08-28,-1.5544663763085258
2012-08-29,-1.5173069325625472
2012-08-30,-1.4727180592629585
2012-08-31,-1.420699756409759
2012-09-01,-1.361252024002949
2012-09-02,-1.294374862042529
2012-09-03,-1.220068270528498
2012-09-04,-1.1383322494608572
2012-09-05,-1.0491667988396058
2012-09-06,-0.9525719186647436
2012-09-07,-0.8485476089362711
2012-09-08,-0.7370938696541883
2012-09-09,-0.6182107008184952
2012-09-10,-0.4918981024291913
2012-09-11,-0.3581560744862772
2012-09-12,-0.2169846169897527
2012-09-13,-0.06838372993961776
2012-09-14,0.0876465866641278
2012-09-15,0.25110633282148387
2012-09-16,0.42199550853245005
2012-09-17,0.591978361805494
2012-09-18,0.7527191406490837
2012-09-19,0.9042178450632181
2012-09-20,1.0464744750478976
2012-09-21,1.1794890306031225
2012-09-22,1.3032615117288926
2012-09-23,1.4177919184252075
2012-09-24,1.5230802506920678
2012-09-25,1.6191265085294735
2012-09-26,1.7059306919374244
2012-09-27,1.7834928009159199
2012-09-28,1.851812835464961
2012-09-29,1.9108907955845473
2012-09-30,1.9607266812746789
2012-10-01,2.001320492535356
2012-10-02,2.032672229366577
2012-10-03,2.0547818917683442
2012-10-04,2.067649479740656
2012-10-05,2.0712749932835135
2012-10-06,2.065658432396916
2012-10-07,2.0507997970808636
2012-10-08,2.026699087335357
2012-10-09,1.9933563031603947
2012-10-10,1.9507714445559776
2012-10-11,1.898944511522106
2012-10-12,1.8378755040587795
2012-10-13,1.7675644221659983
2012-10-14,1.6880112658437623
2012-10-15,1.5992160350920712
2012-10-16,1.5011787299109254
2012-10-17,1.3956449623856555
2012-10-18,1.293088405028245
2012-10-19,1.195254669924024
2012-10-20,1.1021437570729933
2012-10-21,1.0137556664751524
2012-10-22,0.9300903981305016
2012-10-23,0.8511479520390404
2012-10-24,0.7769283282007695
2012-10-25,0.7074315266156882
2012-10-26,0.642657547283797
2012-10-27,0.5826063902050957
2012-10-28,0.5272780553795844
2012-10-29,0.4766725428072629
2012-10-30,0.43078985248813134
2012-10-31,0.3896299844221898
2012-11-01,0.3531929386094381
2012-11-02,0.3214787150498764
2012-11-03,0.29448731374350456
2012-11-04,0.2722187346903227
2012-11-05,0.2546729778903307
2012-11-06,0.24185004334352872
2012-11-07,0.23374993104991662
2012-11-08,0.23037264100949453
2012-11-09,0.23171817322226226
2012-11-10,0.23778652768821992
2012-11-11,0.2485777044073676
2012-11-12,0.26409170337970517
2012-11-13,0.28432852460523256
2012-11-14,0.30928816808395004
2012-11-15,0.33897063381585735
2012-11-16,0.3733759218009546
2012-11-17,0.4099794263251178
2012-11-18,0.4462565416742229
2012-11-19,0.48220726784826984
2012-11-20,0.5178316048472587
2012-11-21,0.5531295526711894
2012-11-22,0.5881011113200619
2012-11-23,0.6227462807938764
2012-11-24,0.6570650610926326
2012-11-25,0.691057452216331
2012-11-26,0.7247234541649711
2012-11-27,0.7580630669385531
2012-11-28,0.7910762905370771
2012-11-29,0.8237631249605428
2012-11-30,0.8561235702089505
2012-12-01,0.8881576262823
2012-12-02,0.9198652931805913
2012-12-03,0.9512465709038248
2012-12-04,0.9823014594519999
2012-12-05,1.0130299588251173
2012-12-06,1.043432069023176
2012-12-07,1.073507790046177
2012-12-08,1.1032571218941196
2012-12-09,1.1326800645670043
2012-12-10,1.1617766180648308
2012-12-11,1.190546782387599
2012-12-12,1.2189905575353093
2012-12-13,1.2471079435079615
2012-12-14,1.2748989403055557
2012-12-15,1.3023635479280915
2012-12-16,1.3295017663755693
2012-12-17,1.35604968252739
2012-12-18,1.3804238176599584
2012-12-19,1.4023602586526758
2012-12-20,1.4218590055055425
2012-12-21,1.438920058218558
2012-12-22,1.453543416791722
2012-12-23,1.4657290812250354
2012-12-24,1.4754770515184972
2012-12-25,1.4827873276721084
2012-12-26,1.4876599096858683
2012-12-27,1.4900947975597771
2012-12-28,1.4900919912938346
2012-12-29,1.4876514908880414
2012-12-30,1.482773296342397
2012-12-31,1.4754574076569014
2013-01-01,1.465703824831555
2013-01-02,1.453512547866357
2013-01-03,1.4388835767613082
2013-01-04,1.4218169115164083
2013-01-05,1.4023125521316575
2013-01-06,1.380370498607055
2013-01-07,1.3559907509426021
2013-01-08,1.329173309138298
2013-01-09,1.2999181731941427
2013-01-10,1.2682253431101362
2013-01-11,1.2340948188862788
2013-01-12,1.19752660052257
2013-01-13,1.1585206880190104
2013-01-14,1.1170770813755997
2013-01-15,1.0731957805923378
2013-01-16,1.026876785669225
2013-01-17,0.9784972578356833
2013-01-18,0.9303201644682482
2013-01-19,0.8827226667963416
2013-01-20,0.8357047648199641
2013-01-21,0.7892664585391156
2013-01-22,0.7434077479537956
2013-01-23,0.6981286330640044
2013-01-24,0.6534291138697422
2013-01-25,0.6093091903710086
2013-01-26,0.565768862567804
2013-01-27,0.5228081304601283
2013-01-28,0.48042699404798134
2013-01-29,0.4386254533313631
2013-01-30,0.3974035083102737
2013-01-31,0.3567611589847132
2013-02-01,0.3166984053546816
2013-02-02,0.27721524742017867
2013-02-03,0.2383116851812046
2013-02-04,0.1999877186377594
2013-02-05,0.16224334778984292
2013-02-06,0.1250785726374554
2013-02-07,0.08849339318059657
2013-02-08,0.05248780941926667
2013-02-09,0.017061821353465578
2013-02-10,-0.017784571016806763
2013-02-11,-0.052051367691550235
2013-02-12,-0.08573856867076486
2013-02-13,-0.11884617395445068
2013-02-14,-0.15137418354260768
2013-02-15,-0.18332259743523588
2013-02-16,-0.21049312216455787
2013-02-17,-0.22868746426279632
2013-02-18,-0.23790562372995117
2013-02-19,-0.23814760056602252
2013-02-20,-0.22941339477101025
2013-02-21,-0.21170300634491454
2013-02-22,-0.18501643528773518
2013-02-23,-0.14935368159947232
2013-02-24,-0.10471474528012588
2013-02-25,-0.05109962632969586
2013-02-26,0.01149167525181773
2013-02-27,0.08305915946441488
2013-02-28,0.16360282630809558
2013-03-01,0.2531226757828598
2013-03-02,0.35161870788870747
2013-03-03,0.4590909226256389
2013-03-04,0.5755393199936538
2013-03-05,0.7009638999927522
2013-03-06,0.8353646626229342
2013-03-07,0.9787416078841996
2013-03-08,1.1310947357765488
2013-03-09,1.2924240462999816
2013-03-10,1.462729539454498
2013-03-11,1.6420112152400976
2013-03-12,1.8302690736567806
2013-03-13,2.027503114704548
2013-03-14,2.233713338383398
2013-03-15,2.4488997446933327
2013-03-16,2.67306233363435
2013-03-17,2.9033230124792864
2013-03-18,3.122413224865153
2013-03-19,3.327454878064785
2013-03-20,3.518447972078181
2013-03-21,3.695392506905345
2013-03-22,3.8582884825462727
2013-03-23,4.007135899000966
2013-03-24,4.141934756269424
2013-03-25,4.26268505435165
2013-03-26,4.369386793247638
2013-03-27,4.4620399729573945
2013-03-28,4.540644593480914
2013-03-29,4.6052006548182
2013-03-30,4.655708156969251
2013-03-31,4.692167099934068
2013-04-01,4.71457748371265
2013-04-02,4.722939308304997
2013-04-03,4.717252573711109
2013-04-04,4.697517279930987
2013-04-05,4.663733426964631
2013-04-06,4.61590101481204
2013-04-07,4.554020043473213
2013-04-08,4.478090512948153
2013-04-09,4.388112423236859
2013-04-10,4.284085774339329
2013-04-11,4.166010566255564
2013-04-12,4.033886798985566
2013-04-13,3.8877144725293324
2013-04-14,3.727493586886864
2013-04-15,3.553224142058161
2013-04-16,3.364906138043224
2013-04-17,3.1722847514334838
2013-04-18,2.9851051588203714
2013-04-19,2.803367360203887
2013-04-20,2.627071355584032
2013-04-21,2.456217144960804
2013-04-22,2.2908047283342046
2013-04-23,2.1308341057042335
2013-04-24,1.9763052770708907
2013-04-25,1.8272182424341756
2013-04-26,1.6835730017940893
2013-04-27,1.5453695551506315
2013-04-28,1.4126079025038019
2013-04-29,1.2852880438535998
2013-04-30,1.1634099792000268
2013-05-01,1.0469737085430817
2013-05-02,0.9359792318827643
2013-05-03,0.8304265492190758
2013-05-04,0.7303156605520152
2013-05-05,0.6356465658815832
2013-05-06,0.5464192652077791
2013-05-07,0.46263375853060335
2013-05-08,0.38429004585005583
2013-05-09,0.3113881271661365
2013-05-10,0.2439280024788455
2013-05-11,0.1819096717881827
2013-05-12,0.12533313509414815
2013-05-13,0.07419839239674185
2013-05-14,0.02850544369596378
2013-05-15,-0.01174571100818606
2013-05-16,-0.04655507171570767
2013-05-17,-0.0760932297542339
2013-05-18,-0.10138373308956207
2013-05-19,-0.12259717304932498
2013-05-20,-0.13973354963352266
2013-05-21,-0.15279286284215515
2013-05-22,-0.16177511267522243
2013-05-23,-0.16668029913272447
2013-05-24,-0.16750842221466133
2013-05-25,-0.16425948192103296
2013-05-26,-0.1569334782518393
2013-05-27,-0.14553041120708055
2013-05-28,-0.13005028078675646
2013-05-29,-0.1104930869908672
2013-05-30,-0.08685882981941276
2013-05-31,-0.059147509272393026
2013-06-01,-0.027359125349808
2013-06-02,0.008506321948342032
2013-06-03,0.04844883262205735
2013-06-04,0.09246840667133797
2013-06-05,0.14056504409618373
2013-06-06,0.19273874489659465
2013-06-07,0.24898950907257095
2013-06-08,0.3093173366241125
2013-06-09,0.3737222275512191
2013-06-10,0.44220418185389093
2013-06-11,0.5147631995321281
2013-06-12,0.5913992805859304
2013-06-13,0.6721124250152979
2013-06-14,0.7569026328202308
2013-06-15,0.8457699040007287
2013-06-16,0.9387142385567918
2013-06-17,1.030000482043092
2013-06-18,1.1138934800143012
2013-06-19,1.1903932324704187
2013-06-20,1.259499739411445
2013-06-21,1.3212130008373801
2013-06-22,1.3755330167482238
2013-06-23,1.4224597871439766
2013-06-24,1.4619933120246378
2013-06-25,1.4941335913902078
2013-06-26,1.5188806252406868
2013-06-27,1.5362344135760742
2013-06-28,1.5461949563963706
2013-06-29,1.5487622537015755
2013-06-30,1.5439363054916895
2013-07-01,1.531717111766712
2013-07-02,1.5121046725266427
2013-07-03,1.485098987771483
2013-07-04,1.4507000575012314
2013-07-05,1.408907881715889
2013-07-06,1.3597224604154552
2013-07-07,1.30314379359993
2013-07-08,1.2391718812693135
2013-07-09,1.1678067234236063
2013-07-10,1.0890483200628072
2013-07-11,1.0028966711869172
2013-07-12,0.9093517767959355
2013-07-13,0.808413636889863
2013-07-14,0.7000822514686991
2013-07-15,0.5843576205324434
2013-07-16,0.46123974408109714
2013-07-17,0.3322263701178908
2013-07-18,0.20630398666221272
2013-07-19,0.08497034171729431
2013-07-20,-0.03177456471686432
2013-07-21,-0.14393073264026315
2013-07-22,-0.2514981620529024
2013-07-23,-0.35447685295478204
2013-07-24,-0.452866805345902
2013-07-25,-0.5466680192262623
2013-07-26,-0.6358804945958627
2013-07-27,-0.7205042314547035
2013-07-28,-0.8005392298027847
2013-07-29,-0.8759854896401061
2013-07-30,-0.946843010966668
2013-07-31,-1.01311179378247
2013-08-01,-1.074791838087512
2013-08-02,-1.131883143881795
2013-08-03,-1.1843857111653178
2013-08-04,-1.2322995399380812
2013-08-05,-1.275624630200085
2013-08-06,-1.3143609819513289
2013-08-07,-1.3485085951918128
2013-08-08,-1.3780674699215376
2013-08-09,-1.4030376061405023
2013-08-10,-1.4234190038487073
2013-08-11,-1.4392116630461531
2013-08-12,-1.4504155837328385
2013-08-13,-1.4570307659087647
2013-08-14,-1.4590572095739311
2013-08-15,-1.4564949147283375
2013-08-16,-1.4493438813719848
2013-08-17,-1.4375662153938165
2013-08-18,-1.4209345521274999
2013-08-19,-1.3994109974619786
2013-08-20,-1.3729955513972532
2013-08-21,-1.341688213933324
2013-08-22,-1.3054889850701905
2013-08-23,-1.2643978648078527
2013-08-24,-1.2184148531463108
2013-08-25,-1.1675399500855648
2013-08-26,-1.1117731556256143
2013-08-27,-1.05111446976646
2013-08-28,-0.9855638925081014
2013-08-29,-0.9151214238505387
2013-08-30,-0.8397870637937718
2013-08-31,-0.7595608123378007
2013-09-01,-0.6744426694826253
2013-09-02,-0.5844326352282458
2013-09-03,-0.48953070957466205
2013-09-04,-0.3897368925218744
2013-09-05,-0.28505118406988245
2013-09-06,-0.17547358421868633
2013-09-07,-0.061004092968286024
2013-09-08,0.0583572896813186
2013-09-09,0.18261056373012724
2013-09-10,0.31175572917814
2013-09-11,0.44579278602535705
2013-09-12,0.5847217342717782
2013-09-13,0.7285425739174034
2013-09-14,0.8772553049622333
2013-09-15,1.030859927406267
2013-09-16,1.1893564412495046
2013-09-17,1.3464842560793029
2013-09-18,1.4959827814830187
2013-09-19,1.6378520174606503
2013-09-20,1.7720919640121986
2013-09-21,1.898702621137664
2013-09-22,2.0176839888370464
2013-09-23,2.1290360671103454
2013-09-24,2.232758855957561
2013-09-25,2.328852355378694
2013-09-26,2.417316565373743
2013-09-27,2.498151485942709
2013-09-28,2.5713571170855922
2013-09-29,2.636933458802392
2013-09-30,2.6948805110931087
2013-10-01,2.745198273957742
2013-10-02,2.787886747396292
2013-10-03,2.8229459314087584
2013-10-04,2.850375825995142
2013-10-05,2.8701764311554423
2013-10-06,2.8823477468896597
2013-10-07,2.8868897731977934
2013-10-08,2.8838025100798443
2013-10-09,2.8730859575358116
2013-10-10,2.8547401155656953
2013-10-11,2.8287649841694966
2013-10-12,2.7951605633472147
2013-10-13,2.753926853098849
2013-10-14,2.705063853424401
2013-10-15,2.6485715643238685
2013-10-16,2.5844499857972534
2013-10-17,2.5139206515734207
2013-10-18,2.44431276402556
2013-10-19,2.3768478568825384
2013-10-20,2.311525930144355
2013-10-21,2.2483469838110097
2013-10-22,2.187311017882502
2013-10-23,2.128418032358833
2013-10-24,2.071668027240002
2013-10-25,2.017061002526009
2013-10-26,1.9645969582168545
2013-10-27,1.9142758943125384
2013-10-28,1.8660978108130604
2013-10-29,1.8200627077184206
2013-10-30,1.776170585028619
2013-10-31,1.7344214427436555
2013-11-01,1.69481528086353
2013-11-02,1.657352099388243
2013-11-03,1.6220318983177942
2013-11-04,1.5888546776521832
2013-11-05,1.557820437391411
2013-11-06,1.5289291775354767
2013-11-07,1.5021808980843803
2013-11-08,1.4775755990381225
2013-11-09,1.455113280396703
2013-11-10,1.4347939421601215
2013-11-11,1.4166175843283781
2013-11-12,1.4005842069014731
2013-11-13,1.3866938098794062
2013-11-14,1.3749463932621777
2013-11-15,1.3653419570497873
2013-11-16,1.357880501242235
2013-11-17,1.350240777795644
2013-11-18,1.3401015386661375
2013-11-19,1.327462783853715
2013-11-20,1.3123245133583767
2013-11-21,1.294686727180123
2013-11-22,1.2745494253189535
2013-11-23,1.2519126077748683
2013-11-24,1.2267762745478674
2013-11-25,1.1991404256379505
2013-11-26,1.1690050610451186
2013-11-27,1.1363701807693705
2013-11-28,1.101235784810707
2013-11-29,1.0636018731691272
2013-11-30,1.0234684458446326
2013-12-01,0.9808355028372217
2013-12-02,0.9357030441468949
2013-12-03,0.8880710697736528
2013-12-04,0.8379395797174951
2013-12-05,0.7853085739784215
2013-12-06,0.7301780525564321
2013-12-07,0.6725480154515272
2013-12-08,0.6124184626637066
2013-12-09,0.5497893941929701
2013-12-10,0.48466081003931805
2013-12-11,0.4170327102027504
2013-12-12,0.34690509468326675
2013-12-13,0.27427796348086775
2013-12-14,0.1991513165955529
2013-12-15,0.12152515402732218
2013-12-16,0.041399475776175865
2013-12-17,-0.04037521882077421
2013-12-18,-0.11869593374085756
2013-12-19,-0.1927121696469624
2013-12-20,-0.26242392653908875
2013-12-21,-0.3278312044172366
2013-12-22,-0.38893400328140565
2013-12-23,-0.44573232313159633
2013-12-24,-0.49822616396780844
2013-12-25,-0.546415525790042
2013-12-26,-0.5903004085982971
2013-12-27,-0.6298808123925734
2013-12-28,-0.6651567371728714
2013-12-29,-0.6961281829391907
2013-12-30,-0.7227951496915316
2013-12-31,-0.7451576374298938
2014-01-01,-0.7632156461542776
2014-01-02,-0.7769691758646826
2014-01-03,-0.7864182265611093
2014-01-04,-0.7915627982435574
2014-01-05,-0.7924028909120269
2014-01-06,-0.7889385045665176
2014-01-07,-0.7811696392070301
2014-01-08,-0.7690962948335641
2014-01-09,-0.7527184714461194
2014-01-10,-0.7320361690446962
2014-01-11,-0.7070493876292944
2014-01-12,-0.6777581271999139
2014-01-13,-0.6441623877565551
2014-01-14,-0.6062621692992176
2014-01-15,-0.5640574718279016
2014-01-16,-0.517548295342607
2014-01-17,-0.4677031843248004
2014-01-18,-0.4203334056632805
2014-01-19,-0.3764075038395135
2014-01-20,-0.33592547885349977
2014-01-21,-0.2988873307052392
2014-01-22,-0.26529305939473163
2014-01-23,-0.23514266492197716
2014-01-24,-0.20843614728697588
2014-01-25,-0.18517350648972766
2014-01-26,-0.16535474253023263
2014-01-27,-0.14897985540849062
2014-01-28,-0.13604884512450183
2014-01-29,-0.12656171167826602
2014-01-30,-0.12051845506978338
2014-01-31,-0.1179190752990539
2014-02-01,-0.1187635723660775
2014-02-02,-0.12305194627085418
2014-02-03,-0.130784197013384
2014-02-04,-0.14196032459366692
2014-02-05,-0.15658032901170302
2014-02-06,-0.1746442102674922
2014-02-07,-0.1961519683610345
2014-02-08,-0.22110360329232978
2014-02-09,-0.2494991150613783
2014-02-10,-0.2813385036681799
2014-02-11,-0.31662176911273465
2014-02-12,-0.3553489113950425
2014-02-13,-0.3975199305151034
2014-02-14,-0.4431348264729175
2014-02-15,-0.4921935992684847
2014-02-16,-0.5411047100554329
2014-02-17,-0.58627661998739
2014-02-18,-0.627709329064356
2014-02-19,-0.6654028372863308
2014-02-20,-0.6993571446533144
2014-02-21,-0.7295722511653072
2014-02-22,-0.7560481568223087
2014-02-23,-0.7787848616243191
2014-02-24,-0.7977823655713385
2014-02-25,-0.8130406686633667
2014-02-26,-0.8245597709004038
2014-02-27,-0.8323396722824498
2014-02-28,-0.8363803728095046
2014-03-01,-0.8366818724815684
2014-03-02,-0.8332441712986411
2014-03-03,-0.8260672692607227
2014-03-04,-0.8151511663678132
2014-03-05,-0.8004958626199125
2014-03-06,-0.7821013580170207
2014-03-07,-0.7599676525591378
2014-03-08,-0.7340947462462639
2014-03-09,-0.7044826390783987
2014-03-10,-0.6711313310555428
2014-03-11,-0.6340408221776953
2014-03-12,-0.5932111124448569
2014-03-13,-0.5486422018570275
2014-03-14,-0.5003340904142067
2014-03-15,-0.44828677811639517
2014-03-16,-0.39250026496359225
2014-03-17,-0.33379844193335906
2014-03-18,-0.27712465489106064
2014-03-19,-0.2233027948142577
2014-03-20,-0.1723328617029502
2014-03-21,-0.1242148555571381
2014-03-22,-0.07894877637682143
2014-03-23,-0.03653462416200035
2014-03-24,0.0030276010873253084
2014-03-25,0.039737899371155495
2014-03-26,0.07359627068949018
2014-03-27,0.10460271504232947
2014-03-28,0.13275723242967324
2014-03-29,0.15805982285152156
2014-03-30,0.18051048630787436
2014-03-31,0.20010922279873178
2014-04-01,0.2168560323240937
2014-04-02,0.23075091488396007
2014-04-03,0.241793870478331
2014-04-04,0.2499848991072066
2014-04-05,0.2553240007705866
2014-04-06,0.25781117546847115
2014-04-07,0.2574464232008602
2014-04-08,0.25422974396775383
2014-04-09,0.248161137769152
2014-04-10,0.2392406046050546
2014-04-11,0.22746814447546182
2014-04-12,0.21284375738037362
2014-04-13,0.19536744331978986
2014-04-14,0.17503920229371067
2014-04-15,0.151859034302136
2014-04-16,0.12582693934506584
2014-04-17,0.09950024212802484
2014-04-18,0.07543626735653758
2014-04-19,0.05363501503060403
2014-04-20,0.034096485150224315
2014-04-21,0.0168206777153983
2014-04-22,0.0018075927261259985
2014-04-23,-0.010942769817592516
2014-04-24,-0.02143040991575727
2014-04-25,-0.029655327568368334
2014-04-26,-0.03561752277542565
2014-04-27,-0.03931699553692916
2014-04-28,-0.04075374585287896
2014-04-29,-0.03992777372327502
2014-04-30,-0.036839079148117335
2014-05-01,-0.0314876621274059
2014-05-02,-0.023873522661140692
2014-05-03,-0.013996660749321804
2014-05-04,-0.0018570763919491032
2014-05-05,0.012545230410977298
2014-05-06,0.029210259659457484
2014-05-07,0.048138011353491404
2014-05-08,0.06932848549307902
2014-05-09,0.0927816820782205
2014-05-10,0.11849760110891558
2014-05-11,0.1464762425851645
2014-05-12,0.17671760650696716
2014-05-13,0.2092216928743235
2014-05-14,0.24398850168723363
2014-05-15,0.28101803294569755
2014-05-16,0.3203102866497151
2014-05-17,0.36139088116205526
2014-05-18,0.40141352665933056
2014-05-19,0.4399038415043097
2014-05-20,0.4768618256969928
2014-05-21,0.5122874792373797
2014-05-22,0.5461808021254706
2014-05-23,0.5785417943612653
2014-05-24,0.609370455944764
2014-05-25,0.6386667868759667
2014-05-26,0.666430787154873
2014-05-27,0.6926624567814834
2014-05-28,0.7173617957557977
2014-05-29,0.7405288040778158
2014-05-30,0.7621634817475379
2014-05-31,0.7822658287649639
2014-06-01,0.8008358451300936
2014-06-02,0.8178735308429275
2014-06-03,0.8333788859034651
2014-06-04,0.8473519103117066
2014-06-05,0.8597926040676522
2014-06-06,0.8707009671713014
2014-06-07,0.8800769996226546
2014-06-08,0.8879207014217119
2014-06-09,0.8942320725684729
2014-06-10,0.8990111130629379
2014-06-11,0.9022578229051067
2014-06-12,0.9039722020949795
2014-06-13,0.9041542506325561
2014-06-14,0.9028039685178367
2014-06-15,0.8999213557508211
2014-06-16,0.8955064123315094
2014-06-17,0.8895582465941752
2014-06-18,0.8820759668730915
2014-06-19,0.8730595731682583
2014-06-20,0.8625090654796762
2014-06-21,0.8504244438073446
2014-06-22,0.8368057081512636
2014-06-23,0.8216528585114334
2014-06-24,0.804965894887854
2014-06-25,0.786744817280525
2014-06-26,0.7669896256894468
2014-06-27,0.7457003201146194
2014-06-28,0.7228769005560427
2014-06-29,0.6985193670137166
2014-06-30,0.6726277194876413
2014-07-01,0.6452019579778168
2014-07-02,0.6162420824842426
2014-07-03,0.5857480930069193
2014-07-04,0.5537199895458468
2014-07-05,0.5201577721010249
2014-07-06,0.48506144067245366
2014-07-07,0.4484309952601331
2014-07-08,0.4102664358640633
2014-07-09,0.3705677624842442
2014-07-10,0.32933497512067567
2014-07-11,0.28656807377335797
2014-07-12,0.24226705844229082
2014-07-13,0.19643192912747454
2014-07-14,0.14906268582890886
2014-07-15,0.10015932854659376
2014-07-16,0.04972185728052944
2014-07-17,-0.0016320394976880768
2014-07-18,-0.050196230958482566
2014-07-19,-0.0953530286302582
2014-07-20,-0.13710243251301477
2014-07-21,-0.1754444426067522
2014-07-22,-0.21037905891147068
2014-07-23,-0.24190628142717013
2014-07-24,-0.2700261101538506
2014-07-25,-0.2947385450915121
2014-07-26,-0.3160435862401544
2014-07-27,-0.3339412335997778
2014-07-28,-0.34843148717038214
2014-07-29,-0.35951434695196743
2014-07-30,-0.3671898129445338
2014-07-31,-0.37145788514808104
2014-08-01,-0.3723185635626092
2014-08-02,-0.3697718481881185
2014-08-03,-0.3638177390246086
2014-08-04,-0.3544562360720798
2014-08-05,-0.34168733933053214
2014-08-06,-0.3255110487999651
2014-08-07,-0.30592736448037916
2014-08-08,-0.2829362863717743
2014-08-09,-0.25653781447415036
2014-08-10,-0.22673194878750738
2014-08-11,-0.19351868931184543
2014-08-12,-0.15689803604716437
2014-08-13,-0.11686998899346437
2014-08-14,-0.07343454815074535
2014-08-15,-0.026591713519007194
2014-08-16,0.023658514901749868
2014-08-17,0.07656907112077016
2014-08-18,0.12765755919351832
2014-08-19,0.1761769131292385
2014-08-20,0.22212713292793054
2014-08-21,0.26550821858959484
2014-08-22,0.306320170114231
2014-08-23,0.3445629875018391
2014-08-24,0.38023667075241935
2014-08-25,0.4133412198659715
2014-08-26,0.44387663484249557
2014-08-27,0.4718429156819919
2014-08-28,0.4972400623844601
2014-08-29,0.5200680749499003
2014-08-30,0.5403269533783126
2014-08-31,0.5580166976696969
2014-09-01,0.5731373078240531
2014-09-02,0.5856887838413812
2014-09-03,0.5956711257216815
2014-09-04,0.6030843334649537
2014-09-05,0.6079284070711981
2014-09-06,0.6102033465404142
2014-09-07,0.6099091518726025
2014-09-08,0.6070458230677628
2014-09-09,0.6016133601258952
2014-09-10,0.5936117630469995
2014-09-11,0.5830410318310758
2014-09-12,0.569901166478124
2014-09-13,0.5541921669881443
2014-09-14,0.5359140333611367
2014-09-15,0.5150667655971011
2014-09-16,0.4916503636960373
2014-09-17,0.46872618283896267
2014-09-18,0.4493555782068941
2014-09-19,0.4335385497998314
2014-09-20,0.42127509761777493
2014-09-21,0.4125652216607243
2014-09-22,0.4074089219286797
2014-09-23,0.40580619842164123
2014-09-24,0.4077570511396087
2014-09-25,0.4132614800825822
2014-09-26,0.4223194852505618
2014-09-27,0.4349310666435473
2014-09-28,0.4510962242615389
2014-09-29,0.47081495810453655
2014-09-30,0.4940872681725401
2014-10-01,0.5209131544655498
2014-10-02,0.5512926169835655
2014-10-03,0.585225655726587
2014-10-04,0.6227122706946148
2014-10-05,0.6637524618876485
2014-10-06,0.7083462293056882
2014-10-07,0.756493572948734
2014-10-08,0.8081944928167857
2014-10-09,0.8634489889098437
2014-10-10,0.9222570612279073
2014-10-11,0.9846187097709772
2014-10-12,1.0505339345390532
2014-10-13,1.120002735532135
2014-10-14,1.1930251127502227
2014-10-15,1.2696010661933168
2014-10-16,1.3497305958614167
2014-10-17,1.4322568452288442
2014-10-18,1.5102386751415278
2014-10-19,1.5825192290737886
2014-10-20,1.649098507025627
2014-10-21,1.709976508997043
2014-10-22,1.7651532349880363
2014-10-23,1.814628684998607
2014-10-24,1.858402859028756
2014-10-25,1.8964757570784818
2014-10-26,1.9288473791477854
2014-10-27,1.9555177252366664
2014-10-28,1.9764867953451248
2014-10-29,1.9917545894731608
2014-10-30,2.0013211076207744
2014-10-31,2.005186349787965
2014-11-01,2.0033503159747337
2014-11-02,1.9958130061810797
2014-11-03,1.9825744204070033
2014-11-04,1.9636345586525041
2014-11-05,1.9389934209175828
2014-11-06,1.908651007202239
2014-11-07,1.8726073175064721
2014-11-08,1.8308623518302831
2014-11-09,1.7834161101736719
2014-11-10,1.7302685925366377
2014-11-11,1.6714197989191812
2014-11-12,1.6068697293213023
2014-11-13,1.5366183837430007
2014-11-14,1.460665762184277
2014-11-15,1.3790118646451301
2014-11-16,1.2916566911255611
2014-11-17,1.2025178078708278
2014-11-18,1.1155127811261882
2014-11-19,1.0306416108916416
2014-11-20,0.9479042971671893
2014-11-21,0.8673008399528301
2014-11-22,0.7888312392485648
2014-11-23,0.712495495054393
2014-11-24,0.6382936073703149
2014-11-25,0.5662255761963301
2014-11-26,0.49629140153243917
2014-11-27,0.4284910833786418
2014-11-28,0.3628246217349381
2014-11-29,0.2992920166013279
2014-11-30,0.23789326797781138
2014-12-01,0.1786283758643884
2014-12-02,0.12149734026105898
2014-12-03,0.06650016116782317
2014-12-04,0.013636838584681137
2014-12-05,-0.03709262748836743
2014-12-06,-0.08568823705132236
2014-12-07,-0.1321499901041837
2014-12-08,-0.17647788664695147
2014-12-09,-0.21867192667962554
2014-12-10,-0.25873211020220604
2014-12-11,-0.296658437214693
2014-12-12,-0.33245090771708624
2014-12-13,-0.36610952170938593
2014-12-14,-0.39763427919159205
2014-12-15,-0.42702518016370455
2014-12-16,-0.45428222462572343
2014-12-17,-0.479409539076854
2014-12-18,-0.5024318825123274
2014-12-19,-0.5233533814313494
2014-12-20,-0.5421740358339197
2014-12-21,-0.5588938457200381
2014-12-22,-0.5735128110897049
2014-12-23,-0.58603093194292
2014-12-24,-0.5964482082796834
2014-12-25,-0.6047646400999951
2014-12-26,-0.6109802274038549
2014-12-27,-0.6150949701912634
2014-12-28,-0.6171088684622199
2014-12-29,-0.6170219222167248
2014-12-30,-0.614834131454778
2014-12-31,-0.6105454961763795
2015-01-01,-0.6041560163815294
2015-01-02,-0.5956656920702275
2015-01-03,-0.5850745232424738
2015-01-04,-0.5723825098982686
2015-01-05,-0.5575896520376116
2015-01-06,-0.5406959496605028
2015-01-07,-0.5217014027669424
2015-01-08,-0.5006060113569305
2015-01-09,-0.47740977543046664
2015-01-10,-0.45211269498755113
2015-01-11,-0.424714770028184
2015-01-12,-0.39521600055236505
2015-01-13,-0.3636163865600945
2015-01-14,-0.32991592805137226
2015-01-15,-0.29411462502619823
2015-01-16,-0.2562124774845726
2015-01-17,-0.216622531821348
2015-01-18,-0.17782306640564113
2015-01-19,-0.14022712763230472
2015-01-20,-0.10383471550133883
2015-01-21,-0.06864583001274352
2015-01-22,-0.034660471166518596
2015-01-23,-0.0018786389626641957
2015-01-24,0.029699666598819695
2015-01-25,0.06007444551793307
2015-01-26,0.08924569779467595
2015-01-27,0.11721342342904835
2015-01-28,0.14397762242105025
2015-01-29,0.16953829477068164
2015-01-30,0.19389544047794255
2015-01-31,0.21704905954283293
2015-02-01,0.2389991519653528
2015-02-02,0.25974571774550226
2015-02-03,0.2792887568832811
2015-02-04,0.2976282693786895
2015-02-05,0.31476425523172746
2015-02-06,0.3306967144423949
2015-02-07,0.3454256470106918
2015-02-08,0.35895105293661816
2015-02-09,0.37127293222017405
2015-02-10,0.3823912848613595
2015-02-11,0.3923061108601744
2015-02-12,0.4010174102166188
2015-02-13,0.40852518293069273
2015-02-14,0.41482942900239617
2015-02-15,0.41993014843172904
2015-02-16,0.4253974338533832
2015-02-17,0.43280137790205003
2015-02-18,0.4421419805777297
2015-02-19,0.4534192418804222
2015-02-20,0.46663316181012743
2015-02-21,0.4817837403668456
2015-02-22,0.4988709775505765
2015-02-23,0.5178948733613203
2015-02-24,0.5388554277990768
2015-02-25,0.5617526408638461
2015-02-26,0.5865865125556282
2015-02-27,0.6133570428744232
2015-02-28,0.6420642318202309
2015-03-01,0.6727080793930514
2015-03-02,0.7052885855928849
2015-03-03,0.739805750419731
2015-03-04,0.77625957387359
2015-03-05,0.8146500559544617
2015-03-06,0.8549771966623464
2015-03-07,0.8972409959972436
2015-03-08,0.941441453959154
2015-03-09,0.9875785705480769
2015-03-10,1.0356523457640128
2015-03-11,1.0856627796069613
2015-03-12,1.1376098720769225
2015-03-13,1.191493623173897
2015-03-14,1.247314032897884
2015-03-15,1.305071101248884
2015-03-16,1.3647648282268965
2015-03-17,1.4257342368598251
2015-03-18,1.4840134653150885
2015-03-19,1.5389415366205899
2015-03-20,1.5905184507763288
2015-03-21,1.638744207782306
2015-03-22,1.6836188076385212
2015-03-23,1.7251422503449743
2015-03-24,1.763314535901665
2015-03-25,1.798135664308594
2015-03-26,1.8296056355657604
2015-03-27,1.8577244496731657
2015-03-28,1.882492106630808
2015-03-29,1.9039086064386885
2015-03-30,1.921973949096807
2015-03-31,1.9366881346051634
2015-04-01,1.948051162963758
2015-04-02,1.95606303417259
2015-04-03,1.9607237482316602
2015-04-04,1.9620333051409686
2015-04-05,1.9599917049005144
2015-04-06,1.9545989475102985
2015-04-07,1.9458550329703201
2015-04-08,1.9337599612805803
2015-04-09,1.918313732441078
2015-04-10,1.8995163464518134
2015-04-11,1.8773678033127872
2015-04-12,1.8518681030239987
2015-04-13,1.823017245585448
2015-04-14,1.7908152309971355
2015-04-15,1.7552620592590606
2015-04-16,1.7163577303712239
2015-04-17,1.6756215331465991
2015-04-18,1.634572756398161
2015-04-19,1.5932114001259081
2015-04-20,1.551537464329842
2015-04-21,1.5095509490099621
2015-04-22,1.4672518541662682
2015-04-23,1.4246401797987607
2015-04-24,1.3817159259074392
2015-04-25,1.3384790924923036
2015-04-26,1.2949296795533545
2015-04-27,1.251067687090592
2015-04-28,1.206893115104015
2015-04-29,1.1624059635936244
2015-04-30,1.1176062325594203
2015-05-01,1.072493922001402
2015-05-02,1.0270690319195699
2015-05-03,0.9813315623139242
2015-05-04,0.9352815131844645
2015-05-05,0.888918884531191
2015-05-06,0.8422436763541036
2015-05-07,0.7952558886532024
2015-05-08,0.7479555214284875
2015-05-09,0.7003425746799588
2015-05-10,0.652417048407616
2015-05-11,0.6041789426114597
2015-05-12,0.5556282572914896
2015-05-13,0.5067649924477055
2015-05-14,0.45758914808010764
2015-05-15,0.408100724188696
2015-05-16,0.35829972077347044
2015-05-17,0.30851004290749545
2015-05-18,0.2606751210291562
2015-05-19,0.2151188602115171
2015-05-20,0.17184126045457818
2015-05-21,0.13084232175833946
2015-05-22,0.09212204412280071
2015-05-23,0.05568042754796213
2015-05-24,0.021517472033823766
2015-05-25,-0.010366822419614626
2015-05-26,-0.039972455812352696
2015-05-27,-0.06729942814439074
2015-05-28,-0.09234773941572869
2015-05-29,-0.11511738962636645
2015-05-30,-0.1356083787763041
2015-05-31,-0.1538207068655416
2015-06-01,-0.169754373894079
2015-06-02,-0.1834093798619163
2015-06-03,-0.19478572476905345
2015-06-04,-0.20388340861549045
2015-06-05,-0.21070243140122738
2015-06-06,-0.2152427931262641
2015-06-07,-0.2175044937906007
2015-06-08,-0.21748753339423718
2015-06-09,-0.21519191193717357
2015-06-10,-0.2106176294194098
2015-06-11,-0.2037646858409459
2015-06-12,-0.1946330812017819
2015-06-13,-0.18322281550191774
2015-06-14,-0.1695338887413535
2015-06-15,-0.15356630092008908
2015-06-16,-0.13532005203812458
2015-06-17,-0.11679483347715879
2015-06-18,-0.0999903366188906
2015-06-19,-0.08490656146332003
2015-06-20,-0.07154350801044707
2015-06-21,-0.059901176260271714
2015-06-22,-0.04997956621279395
2015-06-23,-0.04177867786801381
2015-06-24,-0.03529851122593128
2015-06-25,-0.030539066286546325
2015-06-26,-0.02750034304985901
2015-06-27,-0.02618234151586931
2015-06-28,-0.026585061684577187
2015-06-29,-0.02870850355598269
2015-06-30,-0.03255266713008578
2015-07-01,-0.0381175524068865
2015-07-02,-0.04540315938638484
2015-07-03,-0.05440948806858076
2015-07-04,-0.06513653845347427
2015-07-05,-0.07758431054106545
2015-07-06,-0.09175280433135416
2015-07-07,-0.10764201982434052
2015-07-08,-0.1252519570200245
2015-07-09,-0.14458261591840604
2015-07-10,-0.16563399651948524
2015-07-11,-0.188406098823262
2015-07-12,-0.2128989228297364
2015-07-13,-0.23911246853890838
2015-07-14,-0.267046735950778
2015-07-15,-0.29670172506534526
2015-07-16,-0.32807743588261
2015-07-17,-0.3611146087477006
2015-07-18,-0.3954576857313857
2015-07-19,-0.4310474071787936
2015-07-20,-0.4678837730899242
2015-07-21,-0.5059667834647774
2015-07-22,-0.5452964383033534
2015-07-23,-0.5858727376056522
2015-07-24,-0.6276956813716735
2015-07-25,-0.6707652696014178
2015-07-26,-0.7150815022948847
2015-07-27,-0.7606443794520742
2015-07-28,-0.8074539010729866
2015-07-29,-0.8555100671576216
2015-07-30,-0.9048128777059793
2015-07-31,-0.9553623327180598
2015-08-01,-1.007158432193863
2015-08-02,-1.0602011761333887
2015-08-03,-1.1144905645366374
2015-08-04,-1.1700265974036088
2015-08-05,-1.226809274734303
2015-08-06,-1.2848385965287195
2015-08-07,-1.3441145627868587
2015-08-08,-1.4046371735087213
2015-08-09,-1.4664064286943062
2015-08-10,-1.529422328343614
2015-08-11,-1.5936848724566441
2015-08-12,-1.659194061033397
2015-08-13,-1.725949894073873
2015-08-14,-1.7939523715780714
2015-08-15,-1.8632014935459924
2015-08-16,-1.9336972599776368
2015-08-17,-2.0043796812129977
2015-08-18,-2.0688888192920447
2015-08-19,-2.1261646845547713
2015-08-20,-2.1762072770011778
2015-08-21,-2.219016596631265
2015-08-22,-2.254592643445032
2015-08-23,-2.2829354174424785
2015-08-24,-2.3040449186236063
2015-08-25,-2.317921146988413
2015-08-26,-2.3245641025368995
2015-08-27,-2.323973785269067
2015-08-28,-2.3161501951849144
2015-08-29,-2.301093332284442
2015-08-30,-2.2788031965676496
2015-08-31,-2.2492797880345368
2015-09-01,-2.2125231066851043
2015-09-02,-2.1685331525193514
2015-09-03,-2.117309925537279
2015-09-04,-2.058853425738887
2015-09-05,-1.9931636531241743
2015-09-06,-1.9202406076931418
2015-09-07,-1.8400842894457896
2015-09-08,-1.7526946983821174
2015-09-09,-1.6580718345021255
2015-09-10,-1.5562156978058133
2015-09-11,-1.4471262882931815
2015-09-12,-1.3308036059642296
2015-09-13,-1.2072476508189578
2015-09-14,-1.076458422857366
2015-09-15,-0.9384359220794539
2015-09-16,-0.7931801484852221
2015-09-17,-0.6471992614402444
2015-09-18,-0.5070014203100938
2015-09-19,-0.3725866250947711
2015-09-20,-0.24395487579427622
2015-09-21,-0.12110617240860862
2015-09-22,-0.004040514937768505
2015-09-23,0.10724209661824378
2015-09-24,0.21274166225942842
2015-09-25,0.3124581819857857
2015-09-26,0.40639165579731545
2015-09-27,0.49454208369401714
2015-09-28,0.5769094656758916
2015-09-29,0.6534938017429383
2015-09-30,0.7242950918951576
2015-10-01,0.7893133361325492
2015-10-02,0.848548534455113
2015-10-03,0.9020006868628496
2015-10-04,0.9496697933557584
2015-10-05,0.9915558539338395
2015-10-06,1.0276588685970933
2015-10-07,1.0579788373455192
2015-10-08,1.0825157601791178
2015-10-09,1.1012696370978885
2015-10-10,1.1142404681018314
2015-10-11,1.1214282531909474
2015-10-12,1.1228329923652354
2015-10-13,1.1184546856246957
2015-10-14,1.1082933329693287
2015-10-15,1.092348934399134
2015-10-16,1.0706214899141115
2015-10-17,1.0438129382270285
2015-10-18,1.0161349116144858
2015-10-19,0.9882893487892503
2015-10-20,0.9602762497513221
2015-10-21,0.9320956145007011
2015-10-22,0.9037474430373872
2015-10-23,0.8752317353613805
2015-10-24,0.8465484914726814
2015-10-25,0.8176977113712891
2015-10-26,0.7886793950572042
2015-10-27,0.7594935425304266
2015-10-28,0.730140153790956
2015-10-29,0.7006192288387928
2015-10-30,0.6709307676739368
2015-10-31,0.6410747702963879
2015-11-01,0.6110512367061464
2015-11-02,0.5808601669032121
2015-11-03,0.550501560887585
2015-11-04,0.519975418659265
2015-11-05,0.48928174021825227
2015-11-06,0.4584205255645468
2015-11-07,0.4273917746981486
2015-11-08,0.39619548761905754
2015-11-09,0.36483166432727376
2015-11-10,0.3333003048227972
2015-11-11,0.3016014091056279
2015-11-12,0.2697349771757657
2015-11-13,0.2377010090332108
2015-11-14,0.20549950467796319
2015-11-15,0.17313046411002272
2015-11-16,0.14059388732938952
2015-11-17,0.1080834770569987
2015-11-18,0.07579293601378545
2015-11-19,0.0437222641997498
2015-11-20,0.011871461614891747
2015-11-21,-0.01975947174078872
2015-11-22,-0.0511705358672916
2015-11-23,-0.08236173076461692
2015-11-24,-0.11333305643276462
2015-11-25,-0.1440845128717348
2015-11-26,-0.17461610008152734
2015-11-27,-0.20492781806214228
2015-11-28,-0.23501966681357966
2015-11-29,-0.26489164633583945
2015-11-30,-0.2945437566289216
2015-12-01,-0.3239759976928262
2015-12-02,-0.3531883695275533
2015-12-03,-0.38218087213310276
2015-12-04,-0.41095350550947457
2015-12-05,-0.4395062696566689
2015-12-06,-0.46783916457468555
2015-12-07,-0.49595219026352466
2015-12-08,-0.5238453467231863
2015-12-09,-0.5515186339536701
2015-12-10,-0.5789720519549765
2015-12-11,-0.6062056007271052
2015-12-12,-0.6332192802700564
2015-12-13,-0.66001309058383
2015-12-14,-0.6865870316684259
2015-12-15,-0.7129411035238443
2015-12-16,-0.7390753061500851
2015-12-17,-0.7650552706544462
2015-12-18,-0.791274783680714
2015-12-19,-0.817799476336187
2015-12-20,-0.8446293486208648
2015-12-21,-0.8717644005347474
2015-12-22,-0.8992046320778346
2015-12-23,-0.926950043250127
2015-12-24,-0.9550006340516238
2015-12-25,-0.9833564044823256
2015-12-26,-1.0120173545422322
2015-12-27,-1.0409834842313437
2015-12-28,-1.07025479354966
2015-12-29,-1.0998312824971808
2015-12-30,-1.1297129510739068
2015-12-31,-1.1598997992798374
2016-01-01,-1.1903918271149732
2016-01-02,-1.2211890345793133
2016-01-03,-1.2522914216728587
2016-01-04,-1.2836989883956087
2016-01-05,-1.3154117347475633
2016-01-06,-1.347429660728723
2016-01-07,-1.3797527663390874
2016-01-08,-1.4123810515786568
2016-01-09,-1.445314516447431
2016-01-10,-1.4785531609454097
2016-01-11,-1.5120969850725936
2016-01-12,-1.545945988828982
2016-01-13,-1.5801001722145753
2016-01-14,-1.6145595352293736
2016-01-15,-1.6493240778733766
2016-01-16,-1.6843938001465846
2016-01-17,-1.7195081024377972
2016-01-18,-1.7531033870798158
2016-01-19,-1.7849190544614404
2016-01-20,-1.8149551045826708
2016-01-21,-1.8432115374435074
2016-01-22,-1.8696883530439499
2016-01-23,-1.8943855513839982
2016-01-24,-1.917303132463653
2016-01-25,-1.938441096282913
2016-01-26,-1.9577994428417793
2016-01-27,-1.9753781721402517
2016-01-28,-1.9911772841783297
2016-01-29,-2.0051967789560137
2016-01-30,-2.017436656473304
2016-01-31,-2.0278969167302003
2016-02-01,-2.036577559726702
2016-02-02,-2.04347858546281
2016-02-03,-2.048599993938524
2016-02-04,-2.0519417851538444
2016-02-05,-2.0535039591087703
2016-02-06,-2.0532865158033022
2016-02-07,-2.0512894552374403
2016-02-08,-2.0475127774111836
2016-02-09,-2.0419564823245335
2016-02-10,-2.0346205699774895
2016-02-11,-2.025505040370051
2016-02-12,-2.014609893502219
2016-02-13,-2.0019351293739924
2016-02-14,-1.987480747985372
2016-02-15,-1.9712467493363575
2016-02-16,-1.953090503810437
2016-02-17,-1.932156233708539
2016-02-18,-1.908301309414151
2016-02-19,-1.8815257309272737
2016-02-20,-1.8518294982479067
2016-02-21,-1.81921261137605
2016-02-22,-1.7836750703117037
2016-02-23,-1.7452168750548676
2016-02-24,-1.703838025605542
2016-02-25,-1.6595385219637264
2016-02-26,-1.6123183641294216
2016-02-27,-1.5621775521026269
2016-02-28,-1.5091160858833423
2016-02-29,-1.4531339654715685
2016-03-01,-1.3942311908673046
2016-03-02,-1.3324077620705514
2016-03-03,-1.2676636790813085
2016-03-04,-1.1999989418995758
2016-03-05,-1.1294135505253537
2016-03-06,-1.0559075049586417
2016-03-07,-0.9794808051994404
2016-03-08,-0.900133451247749
2016-03-09,-0.8178654431035682
2016-03-10,-0.7326767807668976
2016-03-11,-0.6445674642377375
2016-03-12,-0.5535374935160876
2016-03-13,-0.45958686860194814
2016-03-14,-0.3627155894953189
2016-03-15,-0.2629236561962003
2016-03-16,-0.16021106870459176
2016-03-17,-0.0556428317420487
2016-03-18,0.04439102636209901
2016-03-19,0.1388255008862959
2016-03-20,0.22766059183054219
2016-03-21,0.31089629919483797
2016-03-22,0.38853262297918323
2016-03-23,0.460569563183578
2016-03-24,0.527007119808022
2016-03-25,0.5878452928525154
2016-03-26,0.6430840823170583
2016-03-27,0.6927234882016506
2016-03-28,0.7367635105062924
2016-03-29,0.7752041492309836
2016-03-30,0.808045404375724
2016-03-31,0.8352872759405142
2016-04-01,0.8569297639253536
2016-04-02,0.8729728683302425
2016-04-03,0.8834165891551806
2016-04-04,0.8882609264001684
2016-04-05,0.8875058800652055
2016-04-06,0.881151450150292
2016-04-07,0.8691976366554279
2016-04-08,0.8516444395806133
2016-04-09,0.8284918589258482
2016-04-10,0.7997398946911324
2016-04-11,0.7653885468764661
2016-04-12,0.7254378154818492
2016-04-13,0.6798877005072818
2016-04-14,0.6287382019527635
2016-04-15,0.5719893198182949
2016-04-16,0.5096410541038756
2016-04-17,0.4456189128010483
2016-04-18,0.38384840390135494
2016-04-19,0.3243295274047958
2016-04-20,0.26706228331137105
2016-04-21,0.21204667162108032
2016-04-22,0.15928269233392378
2016-04-23,0.10877034544990144
2016-04-24,0.06050963096901328
2016-04-25,0.014500548891259252
2016-04-26,-0.029256900783360563
2016-04-27,-0.07076271805484603
2016-04-28,-0.11001690292319746
2016-04-29,-0.1470194553884147
2016-04-30,-0.18177037545049776
2016-05-01,-0.2142696631094466
2016-05-02,-0.2445173183652613
2016-05-03,-0.2725133412179418
2016-05-04,-0.2982577316674881
2016-05-05,-0.3217504897139002
2016-05-06,-0.3429916153571781
2016-05-07,-0.36198110859732185
2016-05-08,-0.3787189694343314
2016-05-09,-0.3932051978682068
2016-05-10,-0.40543979389894796
2016-05-11,-0.415422757526555
2016-05-12,-0.42315408875102783
2016-05-13,-0.4286337875723664
2016-05-14,-0.43186185399057087
2016-05-15,-0.43283828800564117
2016-05-16,-0.4315630896175772
2016-05-17,-0.42828241922864313
2016-05-18,-0.4244732392524228
2016-05-19,-0.4203817100911803
2016-05-20,-0.4160078317449155
2016-05-21,-0.4113516042136286
2016-05-22,-0.40641302749731933
2016-05-23,-0.40119210159598784
2016-05-24,-0.3956888265096343
2016-05-25,-0.38990320223825836
2016-05-26,-0.38383522878186027
2016-05-27,-0.37748490614044
2016-05-28,-0.37085223431399744
2016-05-29,-0.3639372133025327
2016-05-30,-0.35673984310604573
2016-05-31,-0.3492601237245365
2016-06-01,-0.3414980551580051
2016-06-02,-0.3334536374064515
2016-06-03,-0.3251268704698757
2016-06-04,-0.31651775434827756
2016-06-05,-0.3076262890416573
2016-06-06,-0.2984524745500147
2016-06-07,-0.28899631087335
2016-06-08,-0.27925779801166306
2016-06-09,-0.26923693596495385
2016-06-10,-0.25893372473322246
2016-06-11,-0.24834816431646883
2016-06-12,-0.237480254714693
2016-06-13,-0.2263299959278949
2016-06-14,-0.21489738795607466
2016-06-15,-0.20318243079923212
2016-06-16,-0.1911851244573674
2016-06-17,-0.1793701923866356
2016-06-18,-0.1682023580431917
2016-06-19,-0.15768162142703573
2016-06-20,-0.14780798253816782
2016-06-21,-0.1385814413765878
2016-06-22,-0.1300019979422958
2016-06-23,-0.12206965223529173
2016-06-24,-0.11478440425557564
2016-06-25,-0.10814625400314748
2016-06-26,-0.10215520147800733
2016-06-27,-0.09681124668015514
2016-06-28,-0.09211438960959091
2016-06-29,-0.08806463026631464
2016-06-30,-0.08466196865032634
2016-07-01,-0.081906404761626
2016-07-02,-0.07979793860021363
2016-07-03,-0.07833657016608922
2016-07-04,-0.07752229945925278
2016-07-05,-0.07735512647970431
2016-07-06,-0.0778350512274438
2016-07-07,-0.07896207370247126
2016-07-08,-0.08073619390478669
2016-07-09,-0.08315741183439006
2016-07-10,-0.08622572749128142
2016-07-11,-0.08994114087546073
2016-07-12,-0.09430365198692801
2016-07-13,-0.09931326082568326
2016-07-14,-0.10496996739172648
2016-07-15,-0.11127377168505767
2016-07-16,-0.1182246737056768
2016-07-17,-0.12585328362361953
2016-07-18,-0.1343432624590995
2016-07-19,-0.14372522038215235
2016-07-20,-0.15399915739277809
2016-07-21,-0.16516507349097667
2016-07-22,-0.1772229686767481
2016-07-23,-0.19017284295009249
2016-07-24,-0.2040146963110097
2016-07-25,-0.2187485287594998
2016-07-26,-0.2343743402955627
2016-07-27,-0.25089213091919854
2016-07-28,-0.26830190063040726
2016-07-29,-0.28660364942918887
2016-07-30,-0.30579737731554324
2016-07-31,-0.3258830842894706
2016-08-01,-0.3468607703509708
2016-08-02,-0.3687304355000438
2016-08-03,-0.3914920797366897
2016-08-04,-0.4151457030609086
2016-08-05,-0.43969130547270024
2016-08-06,-0.4651288869720647
2016-08-07,-0.4914584475590021
2016-08-08,-0.5186799872335125
2016-08-09,-0.5467935059955956
2016-08-10,-0.5757990038452516
2016-08-11,-0.6056964807824805
2016-08-12,-0.6364859368072823
2016-08-13,-0.6681673719196569
2016-08-14,-0.7007407861196044
2016-08-15,-0.7342061794071247
2016-08-16,-0.7685635517822181
2016-08-17,-0.8032542484779328
2016-08-18,-0.8349263408925602
2016-08-19,-0.8630211742591489
2016-08-20,-0.8875387485776985
2016-08-21,-0.90847906384821
2016-08-22,-0.9258421200706823
2016-08-23,-0.939627917245116
2016-08-24,-0.949836455371511
2016-08-25,-0.9564677344498671
2016-08-26,-0.9595217544801845
2016-08-27,-0.9589985154624633
2016-08-28,-0.9548980173967032
2016-08-29,-0.9472202602829043
2016-08-30,-0.935965244121067
2016-08-31,-0.9211329689111907
2016-09-01,-0.9027234346532754
2016-09-02,-0.8807366413473218
2016-09-03,-0.8551725889933294
2016-09-04,-0.826031277591298
2016-09-05,-0.7933127071412281
2016-09-06,-0.7570168776431193
2016-09-07,-0.7171437890969717
2016-09-08,-0.6736934415027855
2016-09-09,-0.6266658348605606
2016-09-10,-0.5760609691702969
2016-09-11,-0.5218788444319945
2016-09-12,-0.4641194606456533
2016-09-13,-0.4027828178112734
2016-09-14,-0.3378689159288547
2016-09-15,-0.2693777549983971
2016-09-16,-0.197309335019901
2016-09-17,-0.12465333842381038
2016-09-18,-0.05439944764056949
2016-09-19,0.013452337329821786
2016-09-20,0.07890201648736299
2016-09-21,0.14194958983205452
2016-09-22,0.20259505736389635
2016-09-23,0.2608384190828884
2016-09-24,0.31667967498903066
2016-09-25,0.3701188250823232
2016-09-26,0.42115586936276594
2016-09-27,0.46979080783035876
2016-09-28,0.516023640485102
2016-09-29,0.5598543673269953
2016-09-30,0.6012829883560391
2016-10-01,0.640309503572233
2016-10-02,0.676933912975577
2016-10-03,0.7111562165660714
2016-10-04,0.7429764143437159
2016-10-05,0.7723945063085107
2016-10-06,0.7994104924604557
2016-10-07,0.8240243727995509
2016-10-08,0.8462361473257963
2016-10-09,0.8660458160391921
2016-10-10,0.8834533789397377
2016-10-11,0.898458836027434
2016-10-12,0.9110621873022805
2016-10-13,0.921263432764277
2016-10-14,0.9290625724134239
2016-10-15,0.934459606249721
2016-10-16,0.9374545342731682
2016-10-17,0.9382802654650838
2016-10-18,0.9383342537133756
2016-10-19,0.9378494079993617
2016-10-20,0.9368257283230422
2016-10-21,0.9352632146844171
2016-10-22,0.9331618670834861
2016-10-23,0.9305216855202495
2016-10-24,0.9273426699947074
2016-10-25,0.9236248205068596
2016-10-26,0.9193681370567058
2016-10-27,0.9145726196442467
2016-10-28,0.9092382682694817
2016-10-29,0.903365082932411
2016-10-30,0.8969530636330348
2016-10-31,0.8900022103713529
2016-11-01,0.8825125231473651
2016-11-02,0.8744840019610718
2016-11-03,0.8659166468124729
2016-11-04,0.8568104577015682
2016-11-05,0.8471654346283578
2016-11-06,0.8369815775928418
2016-11-07,0.82625888659502
2016-11-08,0.8149973616348926
2016-11-09,0.8031970027124595
2016-11-10,0.7908578098277208
2016-11-11,0.7779797829806764
2016-11-12,0.7645629221713263
2016-11-13,0.7506072273996705
2016-11-14,0.736112698665709
2016-11-15,0.721079335969442
2016-11-16,0.7055071393108691
2016-11-17,0.6895807235654932
2016-11-18,0.6734847036088165
2016-11-19,0.6572190794408389
2016-11-20,0.640783851061561
2016-11-21,0.6241790184709822
2016-11-22,0.6074045816691027
2016-11-23,0.5904605406559227
2016-11-24,0.5733468954314418
2016-11-25,0.5560636459956603
2016-11-26,0.538610792348578
2016-11-27,0.5209883344901952
2016-11-28,0.5031962724205118
2016-11-29,0.4852346061395274
2016-11-30,0.46710333564724255
2016-12-01,0.4488024609436569
2016-12-02,0.43033198202877054
2016-12-03,0.41169189890258356
2016-12-04,0.3928822115650959
2016-12-05,0.37390292001630754
2016-12-06,0.3547540242562185
2016-12-07,0.3354355242848287
2016-12-08,0.3159474201021383
2016-12-09,0.29628971170814716
2016-12-10,0.27646239910285536
2016-12-11,0.25646548228626287
2016-12-12,0.23629896125836963
2016-12-13,0.21596283601917582
2016-12-14,0.1954571065686813
2016-12-15,0.17478177290688593
2016-12-16,0.15393683503379002
2016-12-17,0.13307485356246093
2016-12-18,0.1131111921713036
2016-12-19,0.09419841147338558
2016-12-20,0.0763365114687069
2016-12-21,0.059525492157267455
2016-12-22,0.04376535353906739
2016-12-23,0.02905609561410658
2016-12-24,0.015397718382385087
2016-12-25,0.0027902218439029027
2016-12-26,-0.008766394001340013
2016-12-27,-0.019272129153343573
2016-12-28,-0.028726983612107865
2016-12-29,-0.03713095737763283
2016-12-30,-0.04448405044991853
2016-12-31,-0.050786262828964895
2017-01-01,-0.056037594514772
2017-01-02,-0.060238045507339716
2017-01-03,-0.06338761580666817
2017-01-04,-0.06548630541275734
2017-01-05,-0.0665341143256072
2017-01-06,-0.06653104254521772
2017-01-07,-0.06547709007158897
2017-01-08,-0.06337225690472092
2017-01-09,-0.06021654304461357
2017-01-10,-0.05600994849126691
2017-01-11,-0.05075247324468093
2017-01-12,-0.04444411730485565
2017-01-13,-0.03708488067179108
2017-01-14,-0.028674763345487204
2017-01-15,-0.01921376532594402
2017-01-16,-0.00870188661316153
2017-01-17,0.002394054716283511
2017-01-18,0.011273150202930675
2017-01-19,0.017468581770203197
2017-01-20,0.020980349418101115
2017-01-21,0.02180845314662436
2017-01-22,0.019952892955773027
2017-01-23,0.015413668845547032
2017-01-24,0.008190780815946406
2017-01-25,-0.0017157711330288465
2017-01-26,-0.014305987001378754
2017-01-27,-0.029579866789103248
2017-01-28,-0.04753741049620241
2017-01-29,-0.06817861812267616
2017-01-30,-0.09150348966852459
2017-01-31,-0.11751202513374764
2017-02-01,-0.1462042245183453
2017-02-02,-0.17758008782231757
2017-02-03,-0.2116396150456645
2017-02-04,-0.248382806188386
2017-02-05,-0.2878096612504823
2017-02-06,-0.32992018023195313
2017-02-07,-0.37471436313279866
2017-02-08,-0.4221922099530186
2017-02-09,-0.47235372069261333
2017-02-10,-0.5251988953515827
2017-02-11,-0.5807277339299267
2017-02-12,-0.6389402364276452
2017-02-13,-0.6998364028447385
2017-02-14,-0.7634162331812063
2017-02-15,-0.8296797274370489
2017-02-16,-0.8941665159714042
2017-02-17,-0.9524162291434104
2017-02-18,-1.0044288669530674
2017-02-19,-1.0502044294003754
2017-02-20,-1.0897429164853343
2017-02-21,-1.1230443282079443
2017-02-22,-1.1501086645682053
2017-02-23,-1.1709359255661171
2017-02-24,-1.1855261112016797
2017-02-25,-1.1938792214748932
2017-02-26,-1.1959952563857577
2017-02-27,-1.1918742159342732
2017-02-28,-1.1815161001204393
2017-03-01,-1.1649209089442567
2017-03-02,-1.142088642405725
2017-03-03,-1.1130193005048443
2017-03-04,-1.077712883241614
2017-03-05,-1.0361693906160352
2017-03-06,-0.9883888226281071
2017-03-07,-0.9343711792778299
2017-03-08,-0.8741164605652036
2017-03-09,-0.8076246664902281
2017-03-10,-0.7348957970529041
2017-03-11,-0.6559298522532305
2017-03-12,-0.5707268320912078
2017-03-13,-0.4792867365668363
2017-03-14,-0.3816095656801156
2017-03-15,-0.2776953194310457
2017-03-16,-0.1675439978196269
2017-03-17,-0.05258739131731555
2017-03-18,0.0585837572471481
2017-03-19,0.16453765740230727
2017-03-20,0.2652743091481619
2017-03-21,0.3607937124847126
2017-03-22,0.4510958674119589
2017-03-23,0.5361807739299008
2017-03-24,0.6160484320385382
2017-03-25,0.6906988417378714
2017-03-26,0.7601320030279001
2017-03-27,0.8243479159086249
2017-03-28,0.8833465803800449
2017-03-29,0.9371279964421606
2017-03-30,0.985692164094972
2017-03-31,1.0290390833384793
2017-04-01,1.067168754172682
2017-04-02,1.1000811765975802
2017-04-03,1.1277763506131744
2017-04-04,1.1502542762194643
2017-04-05,1.1675149534164495
2017-04-06,1.1795583822041305
2017-04-07,1.186384562582507
2017-04-08,1.1879934945515795
2017-04-09,1.1843851781113475
2017-04-10,1.1755596132618111
2017-04-11,1.1615168000029703
2017-04-12,1.1422567383348252
2017-04-13,1.1177794282573759
2017-04-14,1.088084869770622
2017-04-15,1.053173062874564
2017-04-16,1.0130440075692015
2017-04-17,0.9708636078859105
2017-04-18,0.9297977678560669
2017-04-19,0.8898464874796703
2017-04-20,0.8510097667567212
2017-04-21,0.8132876056872193
2017-04-22,0.7766800042711646
2017-04-23,0.7411869625085573
2017-04-24,0.7068084803993971
2017-04-25,0.6735445579436843
2017-04-26,0.6413951951414189
2017-04-27,0.6103603919926005
2017-04-28,0.5804401484972297
2017-04-29,0.5516344646553059
2017-04-30,0.5239433404668294
2017-05-01,0.4973667759318003
2017-05-02,0.47190477105021833
2017-05-03,0.4475573258220837
2017-05-04,0.4243244402473963
2017-05-05,0.40220611432615627
2017-05-06,0.38120234805836345
2017-05-07,0.3613131414440178
2017-05-08,0.3425384944831196
2017-05-09,0.3248784071756686
2017-05-10,0.3083328795216648
2017-05-11,0.2929019115211084
2017-05-12,0.2785855031739992
2017-05-13,0.2653836544803373
2017-05-14,0.25329636544012263
2017-05-15,0.24232363605335527
2017-05-16,0.23246546632003515
2017-05-17,0.22370372152499696
2017-05-18,0.21592959337724849
2017-05-19,0.2091249471616243
2017-05-20,0.20328978287812446
2017-05-21,0.198424100526749
2017-05-22,0.19452790010749776
2017-05-23,0.1916011816203709
2017-05-24,0.18964394506536844
2017-05-25,0.1886561904424902
2017-05-26,0.18863791775173633
2017-05-27,0.18958912699310684
2017-05-28,0.19150981816660162
2017-05-29,0.19439999127222077
2017-05-30,0.1982596463099642
2017-05-31,0.20308878327983199
2017-06-01,0.2088874021818241
2017-06-02,0.21565550301594058
2017-06-03,0.22339308578218137
2017-06-04,0.23210015048054647
2017-06-05,0.2417766971110359
2017-06-06,0.25242272567364965
2017-06-07,0.26403823616838773
2017-06-08,0.27662322859525024
2017-06-09,0.29017770295423695
2017-06-10,0.30470165924534803
2017-06-11,0.3201950974685835
2017-06-12,0.3366580176239432
2017-06-13,0.35409041971142724
2017-06-14,0.3724923037310357
2017-06-15,0.3918636696827684
2017-06-16,0.41220451756662546
2017-06-17,0.43185790882793273
2017-06-18,0.4491669049120161
2017-06-19,0.4641315058188754
2017-06-20,0.4767517115485108
2017-06-21,0.48702752210092226
2017-06-22,0.4949589374761097
2017-06-23,0.5005459576740733
2017-06-24,0.5037885826948129
2017-06-25,0.5046868125383285
2017-06-26,0.50324064720462
2017-06-27,0.4994500866936878
2017-06-28,0.49331513100553165
2017-06-29,0.48483578014015133
2017-06-30,0.47401203409754733
2017-07-01,0.4608438928777192
2017-07-02,0.4453313564806671
2017-07-03,0.4274744249063911
2017-07-04,0.4072730981548912
2017-07-05,0.38472737622616726
2017-07-06,0.35983725912021935
2017-07-07,0.3326027468370476
2017-07-08,0.3030238393766518
2017-07-09,0.2711005367390321
2017-07-10,0.23683283892418835
2017-07-11,0.20022074593212077
2017-07-12,0.16126425776282913
2017-07-13,0.11996337441631368
2017-07-14,0.07631809589257414
2017-07-15,0.030328422191610638
2017-07-16,-0.018005646686576806
2017-07-17,-0.06830605983435978
2017-07-18,-0.11830451180596832
2017-07-19,-0.16762295169377425
2017-07-20,-0.21626137949777735
2017-07-21,-0.26421979521797767
2017-07-22,-0.3114981988543753
2017-07-23,-0.35809659040697017
2017-07-24,-0.40401496987576235
2017-07-25,-0.4492533372607518
2017-07-26,-0.4938116925619383
2017-07-27,-0.5376900357793222
2017-07-28,-0.5808883669129034
2017-07-29,-0.6234066859626818
2017-07-30,-0.6652449929286575
2017-07-31,-0.7064032878108304
2017-08-01,-0.7468815706092004
2017-08-02,-0.7866798413237679
2017-08-03,-0.8257980999545325
2017-08-04,-0.8642363465014946
2017-08-05,-0.9019945809646538
2017-08-06,-0.93907280334401
2017-08-07,-0.9754710136395636
2017-08-08,-1.0111892118513148
2017-08-09,-1.046227397979263
2017-08-10,-1.0805855720234083
2017-08-11,-1.1142637339837511
2017-08-12,-1.1472618838602908
2017-08-13,-1.179580021653028
2017-08-14,-1.2112181473619625
2017-08-15,-1.242176260987094
2017-08-16,-1.2724543625284233
2017-08-17,-1.3012864344572563
2017-08-18,-1.3240763716014339
2017-08-19,-1.3400581564322624
2017-08-20,-1.3492317889497423
2017-08-21,-1.3515972691538736
2017-08-22,-1.347154597044656
2017-08-23,-1.3359037726220893
2017-08-24,-1.317844795886174
2017-08-25,-1.29297766683691
2017-08-26,-1.2613023854742968
2017-08-27,-1.2228189517983357
2017-08-28,-1.1775273658090253
2017-08-29,-1.1254276275063662
2017-08-30,-1.0665197368903583
2017-08-31,-1.0008036939610017
2017-09-01,-0.928279498718296
2017-09-02,-0.8489471511622418
2017-09-03,-0.7628066512928388
2017-09-04,-0.669857999110087
2017-09-05,-0.5701011946139866
2017-09-06,-0.4635362378045372
2017-09-07,-0.3501631286817391
2017-09-08,-0.2299818672455919
2017-09-09,-0.1029924534960963
2017-09-10,0.030805112566748085
2017-09-11,0.17141083094294124
2017-09-12,0.31882470163248344
2017-09-13,0.473046724635374
2017-09-14,0.6340768999516139
2017-09-15,0.8019152275812023
2017-09-16,0.9765617075241393
2017-09-17,1.1491730205124586
2017-09-18,1.310905847278195
2017-09-19,1.4617601878213466
2017-09-20,1.6017360421419145
2017-09-21,1.7308334102398983
2017-09-22,1.8490522921152985
2017-09-23,1.956392687768115
2017-09-24,2.0528545971983476
2017-09-25,2.138438020405996
2017-09-26,2.2131429573910606
2017-09-27,2.2769694081535414
2017-09-28,2.329917372693439
2017-09-29,2.3719868510107514
2017-09-30,2.403177843105481
2017-10-01,2.4234903489776265
2017-10-02,2.4329243686271873
2017-10-03,2.4314799020541655
2017-10-04,2.419156949258559
2017-10-05,2.3959555102403685
2017-10-06,2.3618755849995945
2017-10-07,2.3169171735362366
2017-10-08,2.261080275850295
2017-10-09,2.1943648919417686
2017-10-10,2.1167710218106595
2017-10-11,2.028298665456966
2017-10-12,1.9289478228806887
2017-10-13,1.818718494081827
2017-10-14,1.6976106790603822
2017-10-15,1.5656243778163534
2017-10-16,1.4227595903497403
2017-10-17,1.2711459854952813
2017-10-18,1.1235615762614017
2017-10-19,0.9821360314828389
2017-10-20,0.846869351159593
2017-10-21,0.7177615352916649
2017-10-22,0.5948125838790531
2017-10-23,0.4780224969217583
2017-10-24,0.36739127441978103
2017-10-25,0.26291891637312026
2017-10-26,0.16460542278177692
2017-10-27,0.07245079364575052
2017-10-28,-0.013544971034959084
2017-10-29,-0.09338187126035147
2017-10-30,-0.16705990703042695
2017-10-31,-0.23457907834518518
2017-11-01,-0.2959393852046266
2017-11-02,-0.3511408276087509
2017-11-03,-0.4001834055575582
2017-11-04,-0.4430671190510485
2017-11-05,-0.4797919680892218
2017-11-06,-0.510357952672078
2017-11-07,-0.534765072799617
2017-11-08,-0.5530133284718393
2017-11-09,-0.5651027196887444
2017-11-10,-0.5710332464503326
2017-11-11,-0.5708049087566036
2017-11-12,-0.5644177066075576
2017-11-13,-0.5518716400031947
2017-11-14,-0.5331667089435147
2017-11-15,-0.5083029134285177
2017-11-16,-0.47728025345820374
2017-11-17,-0.44345679640546615
2017-11-18,-0.4101906096431984
2017-11-19,-0.3774816931714005
2017-11-20,-0.3453300469900726
2017-11-21,-0.31373567109921446
2017-11-22,-0.28269856549882627
2017-11-23,-0.2522187301889079
2017-11-24,-0.22229616516945946
2017-11-25,-0.1929308704404808
2017-11-26,-0.16412284600197208
2017-11-27,-0.13587209185393326
2017-11-28,-0.10817860799636433
2017-11-29,-0.08104239442926524
2017-11-30,-0.054463451152636004
2017-12-01,-0.0284417781664767
2017-12-02,-0.002977375470787226
2017-12-03,0.02192975693443237
2017-12-04,0.046279619049182034
2017-12-05,0.07007221087346187
2017-12-06,0.09330753240727181
2017-12-07,0.11598558365061187
2017-12-08,0.13810636460348208
2017-12-09,0.1596698752658824
2017-12-10,0.1806761156378128
2017-12-11,0.20112508571927337
2017-12-12,0.22101678551026405
2017-12-13,0.24035121501078485
2017-12-14,0.2591283742208358
2017-12-15,0.27734826314041683
2017-12-16,0.295010881769528
2017-12-17,0.3120917242011544
2017-12-18,0.32844375499320577
2017-12-19,0.3440424682386674
2017-12-20,0.3588878639375393
2017-12-21,0.3729799420898213
2017-12-22,0.38631870269551344
2017-12-23,0.39890414575461586
2017-12-24,0.41073627126712836
2017-12-25,0.4218150792330511
2017-12-26,0.43214056965238407
2017-12-27,0.4417127425251271
2017-12-28,0.4505315978512804
2017-12-29,0.4585971356308438
2017-12-30,0.46590935586381743
2017-12-31,0.47246825855020125
2018-01-01,0.4782738436899952
2018-01-02,0.48332611128319936
2018-01-03,0.48762506132981365
2018-01-04,0.49117069382983825
2018-01-05,0.4939630087832729
2018-01-06,0.4960020061901177
2018-01-07,0.4972876860503728
2018-01-08,0.4978200483640381
2018-01-09,0.4975990931311135
2018-01-10,0.4966248203515991
2018-01-11,0.49489723002549485
2018-01-12,0.49241632215280084
2018-01-13,0.4891820967335169
2018-01-14,0.48519455376764326
2018-01-15,0.48045369325517967
2018-01-16,0.4749595151961264
2018-01-17,0.4681918867215398
2018-01-18,0.45703001061775955
2018-01-19,0.4409537540158422
2018-01-20,0.41996311691578786
2018-01-21,0.39405809931759633
2018-01-22,0.3632387012212678
2018-01-23,0.3275049226268021
2018-01-24,0.2868567635341993
2018-01-25,0.24129422394345945
2018-01-26,0.1908173038545825
2018-01-27,0.13542600326756854
2018-01-28,0.07512032218241742
2018-01-29,0.009900260599129252
2018-01-30,-0.06023418148229607
2018-01-31,-0.1352830040618585
2018-02-01,-0.2152462071395578
2018-02-02,-0.3001237907153944
2018-02-03,-0.38991575478936796
2018-02-04,-0.4846220993614786
2018-02-05,-0.5842428244317266
2018-02-06,-0.6887779300001114
2018-02-07,-0.7982274160666336
2018-02-08,-0.9125912826312924
2018-02-09,-1.0318695296940885
2018-02-10,-1.1560621572550218
2018-02-11,-1.2851691653140922
2018-02-12,-1.4191905538712994
2018-02-13,-1.558126322926644
2018-02-14,-1.7019764724801254
2018-02-15,-1.8507410025317443
2018-02-16,-1.9957682643568013
2018-02-17,-2.1284066092305984
2018-02-18,-2.248656037153135
2018-02-19,-2.3565165481244117
2018-02-20,-2.4519881421444274
2018-02-21,-2.5350708192131846
2018-02-22,-2.6057645793306805
2018-02-23,-2.664069422496917
2018-02-24,-2.7099853487118923
2018-02-25,-2.7435123579756078
2018-02-26,-2.764650450288063
2018-02-27,-2.7733996256492586
2018-02-28,-2.769759884059193
2018-03-01,-2.7537312255178685
2018-03-02,-2.7253136500252833
2018-03-03,-2.6845071575814377
2018-03-04,-2.6313117481863317
2018-03-05,-2.565727421839966
2018-03-06,-2.4877541785423403
2018-03-07,-2.3973920182934543
2018-03-08,-2.294640941093308
2018-03-09,-2.179500946941901
2018-03-10,-2.051972035839235
2018-03-11,-1.9120542077853082
2018-03-12,-1.7597474627801206
2018-03-13,-1.5950518008236738
2018-03-14,-1.4179672219159662
2018-03-15,-1.228493726056999
2018-03-16,-1.026631313246771
2018-03-17,-0.8152100664614735
2018-03-18,-0.6112104835582476
2018-03-19,-0.41746264751328377
2018-03-20,-0.23396655832658234
2018-03-21,-0.06072221599814241
2018-03-22,0.10227037947203552
2018-03-23,0.255011228083951
2018-03-24,0.3975003298376045
2018-03-25,0.5297376847329965
2018-03-26,0.6517232927701259
2018-03-27,0.7634571539489936
2018-03-28,0.8649392682695991
2018-03-29,0.9561696357319426
2018-03-30,1.0371482563360241
2018-03-31,1.1078751300818437
2018-04-01,1.168350256969401
2018-04-02,1.2185736369986964
2018-04-03,1.2585452701697297
2018-04-04,1.2882651564825014
2018-04-05,1.3077332959370107
2018-04-06,1.3169496885332581
2018-04-07,1.3159143342712432
2018-04-08,1.3046272331509665
2018-04-09,1.2830883851724277
2018-04-10,1.2512977903356268
2018-04-11,1.209255448640564
2018-04-12,1.1569613600872393
2018-04-13,1.0944155246756524
2018-04-14,1.0216179424058036
2018-04-15,0.9385686132776925
2018-04-16,0.8452675372913196
2018-04-17,0.7483220145709767
2018-04-18,0.6543393452409558
2018-04-19,0.5633195293012568
2018-04-20,0.4752625667518802
2018-04-21,0.3901684575928254
2018-04-22,0.3080372018240926
2018-04-23,0.2288687994456821
2018-04-24,0.1526632504575935
2018-04-25,0.07942055485982678
2018-04-26,0.00914071265238232
2018-04-27,-0.05817627616474006
2018-04-28,-0.12253041159154043
2018-04-29,-0.18392169362801888
2018-04-30,-0.2423501222741752
2018-05-01,-0.2978156975300095
2018-05-02,-0.3503184193955217
2018-05-03,-0.39985828787071187
2018-05-04,-0.44643530295558004
2018-05-05,-0.490049464650126
2018-05-06,-0.5307007729543501
2018-05-07,-0.5683892278682521
2018-05-08,-0.603114829391832
2018-05-09,-0.63487757752509
2018-05-10,-0.6636774722680256
2018-05-11,-0.6895145136206395
2018-05-12,-0.7123887015829313
2018-05-13,-0.7323000361549009
2018-05-14,-0.7492485173365486
2018-05-15,-0.7632341451278742
2018-05-16,-0.7742569195288778
2018-05-17,-0.7824072727359697
2018-05-18,-0.7882277979276131
2018-05-19,-0.7918089273002182
2018-05-20,-0.7931506608537853
2018-05-21,-0.7922529985883141
2018-05-22,-0.7891159405038048
2018-05-23,-0.7837394866002574
2018-05-24,-0.7761236368776718
2018-05-25,-0.7662683913360481
2018-05-26,-0.7541737499753861
2018-05-27,-0.739839712795686
2018-05-28,-0.7232662797969478
2018-05-29,-0.7044534509791714
2018-05-30,-0.6834012263423568
2018-05-31,-0.6601096058865041
2018-06-01,-0.6345785896116131
2018-06-02,-0.6068081775176842
2018-06-03,-0.5767983696047171
2018-06-04,-0.5445491658727116
2018-06-05,-0.5100605663216682
2018-06-06,-0.47333257095158654
2018-06-07,-0.43436517976246664
2018-06-08,-0.3931583927543086
2018-06-09,-0.34971220992711255
2018-06-10,-0.3040266312808782
2018-06-11,-0.25610165681560576
2018-06-12,-0.20593728653129517
2018-06-13,-0.15353352042794635
2018-06-14,-0.0988903585055594
2018-06-15,-0.042007800764134344
2018-06-16,0.017114152796328885
2018-06-17,0.07553310126289282
2018-06-18,0.13030664372262019
2018-06-19,0.18143478017551076
2018-06-20,0.22891751062156454
2018-06-21,0.2727548350607817
2018-06-22,0.3129467534931621
2018-06-23,0.3494932659187058
2018-06-24,0.38239437233741275
2018-06-25,0.41165007274928306
2018-06-26,0.43726036715431665
2018-06-27,0.45922525555251353
2018-06-28,0.47754473794387375
2018-06-29,0.4922188143283971
2018-06-30,0.5032474847060839
2018-07-01,0.510630749076934
2018-07-02,0.5143686074409471
2018-07-03,0.5144610597981238
2018-07-04,0.5109081061484638
2018-07-05,0.503709746491967
2018-07-06,0.4928659808286334
2018-07-07,0.47837680915846326
2018-07-08,0.46024223148145627
2018-07-09,0.4384622477976126
2018-07-10,0.4130368581069322
2018-07-11,0.3839660624094152
2018-07-12,0.3512498607050613
2018-07-13,0.31488825299387085
2018-07-14,0.2748812392758438
2018-07-15,0.2312288195509797
2018-07-16,0.1839309938192791
2018-07-17,0.1334627253190169
2018-07-18,0.08267379347984362
2018-07-19,0.03203916154003426
2018-07-20,-0.018441170500410973
2018-07-21,-0.06876720264149219
2018-07-22,-0.1189389348832094
2018-07-23,-0.1689563672255626
2018-07-24,-0.21881949966855177
2018-07-25,-0.268528332212177
2018-07-26,-0.31808286485643805
2018-07-27,-0.3674830976013352
2018-07-28,-0.41672903044686826
2018-07-29,-0.4658206633930373
2018-07-30,-0.5147579964398424
2018-07-31,-0.5635410295872834
2018-08-01,-0.6121697628353604
2018-08-02,-0.6606441961840733
2018-08-03,-0.7089643296334223
2018-08-04,-0.7571301631834073
2018-08-05,-0.8051416968340283
2018-08-06,-0.852998930585285
2018-08-07,-0.9007018644371777
2018-08-08,-0.9482504983897068
2018-08-09,-0.9956448324428715
2018-08-10,-1.0428848665966723
2018-08-11,-1.089970600851109
2018-08-12,-1.1369020352061818
2018-08-13,-1.1836791696618905
2018-08-14,-1.230302004218235
2018-08-15,-1.2767705388752157
2018-08-16,-1.3230847736328326
2018-08-17,-1.368543926035673
2018-08-18,-1.4089433013512633
2018-08-19,-1.4435821171241907
2018-08-20,-1.4724603733544557
2018-08-21,-1.4955780700420587
2018-08-22,-1.5129352071869988
2018-08-23,-1.5245317847892763
2018-08-24,-1.5303678028488918
2018-08-25,-1.5304432613658445
2018-08-26,-1.5247581603401343
2018-08-27,-1.5133124997717624
2018-08-28,-1.4961062796607276
2018-08-29,-1.4731395000070304
2018-08-30,-1.4444121608106708
2018-08-31,-1.4099242620716486
2018-09-01,-1.369675803789964
2018-09-02,-1.3236667859656168
2018-09-03,-1.2718972085986069
2018-09-04,-1.2143670716889348
2018-09-05,-1.1510763752366004
2018-09-06,-1.082025119241603
2018-09-07,-1.0072133037039435
2018-09-08,-0.9266409286236212
2018-09-09,-0.8403079940006367
2018-09-10,-0.7482144998349896
2018-09-11,-0.6503604461266802
2018-09-12,-0.5467458328757082
2018-09-13,-0.4373706600820737
2018-09-14,-0.3222349277457765
2018-09-15,-0.20133863586681688
2018-09-16,-0.07468178444519491
2018-09-17,0.05160049985101043
2018-09-18,0.17137309035372053
2018-09-19,0.28463598706293475
2018-09-20,0.3913891899786532
2018-09-21,0.49163269910087626
2018-09-22,0.5853665144296037
2018-09-23,0.6725906359648356
2018-09-24,0.7533050637065718
2018-09-25,0.8275097976548125
2018-09-26,0.8952048378095577
2018-09-27,0.9563901841708069
2018-09-28,1.011065836738561
2018-09-29,1.0592317955128192
2018-09-30,1.100888060493582
2018-10-01,1.1360346316808492
2018-10-02,1.1646715090746202
2018-10-03,1.1867986926748961
2018-10-04,1.2024161824816764
2018-10-05,1.211523978494961
2018-10-06,1.2141220807147501
2018-10-07,1.2102104891410435
2018-10-08,1.1997892037738414
2018-10-09,1.1828582246131436
2018-10-10,1.15941755165895
2018-10-11,1.1294671849112612
2018-10-12,1.0930071243700767
2018-10-13,1.0500373700353967
2018-10-14,1.0005579219072207
2018-10-15,0.9445687799855496
2018-10-16,0.8820699442703824
2018-10-17,0.8140387572338722
2018-10-18,0.7463392737089326
2018-10-19,0.6799488361677161
2018-10-20,0.6148674446102225
2018-10-21,0.5510950990364519
2018-10-22,0.48863179944640445
2018-10-23,0.42747754584007974
2018-10-24,0.36763233821747826
2018-10-25,0.30909617657859956
2018-10-26,0.25186906092344397
2018-10-27,0.19595099125201146
2018-10-28,0.14134196756430173
2018-10-29,0.08804198986031518
2018-10-30,0.03605105814005152
2018-10-31,-0.014630827596489038
2018-11-01,-0.0640036673493067
2018-11-02,-0.11206746111840134
2018-11-03,-0.15882220890377294
2018-11-04,-0.2042679107054216
2018-11-05,-0.24840456652334725
2018-11-06,-0.29123217635754983
2018-11-07,-0.33275074020802947
2018-11-08,-0.37296025807478617
2018-11-09,-0.4118607299578198
2018-11-10,-0.44945215585713044
2018-11-11,-0.48573453577271813
2018-11-12,-0.5207078697045828
2018-11-13,-0.5543721576527244
2018-11-14,-0.5867273996171432
2018-11-15,-0.6177735955978388
2018-11-16,-0.6475107455948115
2018-11-17,-0.6741597241719274
2018-11-18,-0.6959414058930528
2018-11-19,-0.7128557907581874
2018-11-20,-0.7249028787673316
2018-11-21,-0.732082669920485
2018-11-22,-0.7343951642176479
2018-11-23,-0.7318403616588203
2018-11-24,-0.7244182622440021
2018-11-25,-0.7121288659731931
2018-11-26,-0.6949721728463937
2018-11-27,-0.6729481828636036
2018-11-28,-0.6460568960248231
2018-11-29,-0.6142983123300517
2018-11-30,-0.5776724317792901
2018-12-01,-0.5361792543725377
2018-12-02,-0.4898187801097946
2018-12-03,-0.43859100899106107
2018-12-04,-0.3824959410163369
2018-12-05,-0.3215335761856221
2018-12-06,-0.25570391449891683
2018-12-07,-0.18500695595622083
2018-12-08,-0.1094427005575342
2018-12-09,-0.029011148302857215
2018-12-10,0.05628770080781062
2018-12-11,0.14645384677446882
2018-12-12,0.24148728959711785
2018-12-13,0.34138802927575723
2018-12-14,0.44615606581038736
2018-12-15,0.5557913992010082
2018-12-16,0.6702940294476195
2018-12-17,0.7882218605821776
2018-12-18,0.9009223167964194
2018-12-19,1.0069533021223018
2018-12-20,1.1063148165598242
2018-12-21,1.1990068601089872
2018-12-22,1.28502943276979
2018-12-23,1.3643825345422333
2018-12-24,1.4370661654263166
2018-12-25,1.5030803254220404
2018-12-26,1.5624250145294043
2018-12-27,1.6151002327484083
2018-12-28,1.6611059800790526
2018-12-29,1.700442256521337
2018-12-30,1.733109062075262
2018-12-31,1.759106396740827
2019-01-01,1.7784342605180323
2019-01-02,1.7910926534068776
2019-01-03,1.797081575407363
2019-01-04,1.7964010265194892
2019-01-05,1.7890510067432555
2019-01-06,1.7750315160786612
2019-01-07,1.7543425545257079
2019-01-08,1.726984122084395
2019-01-09,1.6929562187547218
2019-01-10,1.652258844536689
2019-01-11,1.6048919994302964
2019-01-12,1.550855683435544
2019-01-13,1.490149896552432
2019-01-14,1.42277463878096
2019-01-15,1.3487299101211283
2019-01-16,1.268015710572937
2019-01-17,1.1812738629707213
2019-01-18,1.0923553043204959
2019-01-19,1.0019018574565963
2019-01-20,0.9099135223790223
2019-01-21,0.8163902990877743
2019-01-22,0.7213321875828519
2019-01-23,0.6247391878642552
2019-01-24,0.5266112999319843
2019-01-25,0.4269485237860392
2019-01-26,0.32575085942642
2019-01-27,0.2230183068531265
2019-01-28,0.11875086606615871
2019-01-29,0.012948537065516746
2019-01-30,-0.09438868014879963
2019-01-31,-0.20326078557679014
2019-02-01,-0.3136677792184547
2019-02-02,-0.4256096610737936
2019-02-03,-0.5390864311428066
2019-02-04,-0.6540980894254941
2019-02-05,-0.770644635921856
2019-02-06,-0.8887260706318917
2019-02-07,-1.008342393555602
2019-02-08,-1.129493604692986
2019-02-09,-1.2521797040440446
2019-02-10,-1.3764006916087772
2019-02-11,-1.5021565673871844
2019-02-12,-1.6294473313792655
2019-02-13,-1.7582729835850208
2019-02-14,-1.8886335240044505
2019-02-15,-2.0205289526375547
2019-02-16,-2.1459966061825804
2019-02-17,-2.257073821337776
2019-02-18,-2.3537605981031415
2019-02-19,-2.4360569364786766
2019-02-20,-2.5039628364643813
2019-02-21,-2.5574782980602566
2019-02-22,-2.5966033212663016
2019-02-23,-2.621337906082516
2019-02-24,-2.6316820525089004
2019-02-25,-2.6276357605454543
2019-02-26,-2.6091990301921775
2019-02-27,-2.576371861449071
2019-02-28,-2.529154254316134
2019-03-01,-2.4675462087933675
2019-03-02,-2.3915477248807706
2019-03-03,-2.3011588025783434
2019-03-04,-2.196379441886086
2019-03-05,-2.0772096428039974
2019-03-06,-1.94364940533208
2019-03-07,-1.7956987294703317
2019-03-08,-1.6333576152187532
2019-03-09,-1.4566260625773444
2019-03-10,-1.2655040715461057
2019-03-11,-1.0599916421250364
2019-03-12,-0.8400887743141372
2019-03-13,-0.6057954681134078
2019-03-14,-0.35711172352284787
2019-03-15,-0.09403754054245816
2019-03-16,0.18342708082776252
2019-03-17,0.4715186322371506
2019-03-18,0.7476560635817349
2019-03-19,1.0080758665108525
2019-03-20,1.252778041024503
2019-03-21,1.4817625871226885
2019-03-22,1.6950295048054074
2019-03-23,1.8925787940726597
2019-03-24,2.0744104549244455
2019-03-25,2.2405244873607653
2019-03-26,2.390920891381618
2019-03-27,2.5255996669870058
2019-03-28,2.644560814176926
2019-03-29,2.74780433295138
2019-03-30,2.8353302233103683
2019-03-31,2.90713848525389
2019-04-01,2.963229118781945
2019-04-02,3.003602123894533
2019-04-03,3.028257500591656
2019-04-04,3.0371952488733127
2019-04-05,3.030415368739502
2019-04-06,3.0079178601902257
2019-04-07,2.9697027232254825
2019-04-08,2.915769957845274
2019-04-09,2.846119564049598
2019-04-10,2.7607515418384563
2019-04-11,2.6596658912118474
2019-04-12,2.542862612169773
2019-04-13,2.410341704712232
2019-04-14,2.2621031688392246
2019-04-15,2.098147004550751
2019-04-16,1.9184732118468109
2019-04-17,1.7343825926491925
2019-04-18,1.5571759488796841
2019-04-19,1.3868532805382847
2019-04-20,1.2234145876249953
2019-04-21,1.0668598701398155
2019-04-22,0.9171891280827453
2019-04-23,0.774402361453785
2019-04-24,0.6384995702529342
2019-04-25,0.5094807544801927
2019-04-26,0.38734591413556135
2019-04-27,0.27209504921903965
2019-04-28,0.16372815973062735
2019-04-29,0.06224524567032461
2019-04-30,-0.032353692961868324
2019-05-01,-0.1200686561659516
2019-05-02,-0.20089964394192533
2019-05-03,-0.2748466562897894
2019-05-04,-0.34190969320954373
2019-05-05,-0.4020887547011883
2019-05-06,-0.4553838407647235
2019-05-07,-0.5017949514001488
2019-05-08,-0.5413220866074646
2019-05-09,-0.5739652463866708
2019-05-10,-0.5997244307377672
2019-05-11,-0.618599639660754
2019-05-12,-0.6305908731556312
2019-05-13,-0.6356981312223988
2019-05-14,-0.6339214138610567
2019-05-15,-0.6252607210716049
2019-05-16,-0.6097160528540434
2019-05-17,-0.5881920862523954
2019-05-18,-0.5661168835307985
2019-05-19,-0.5443951217332755
2019-05-20,-0.5230268008598268
2019-05-21,-0.5020119209104521
2019-05-22,-0.48135048188515156
2019-05-23,-0.461042483783925
2019-05-24,-0.4410879266067727
2019-05-25,-0.4214868103536944
2019-05-26,-0.40223913502469016
2019-05-27,-0.3833449006197601
2019-05-28,-0.36480410713890404
2019-05-29,-0.34661675458212216
2019-05-30,-0.3287828429494143
2019-05-31,-0.3113023722407806
2019-06-01,-0.2941753424562209
2019-06-02,-0.27740175359573543
2019-06-03,-0.260981605659324
2019-06-04,-0.2449148986469866
2019-06-05,-0.2292016325587234
2019-06-06,-0.21384180739453423
2019-06-07,-0.19883542315441916
2019-06-08,-0.18418247983837818
2019-06-09,-0.16988297744641134
2019-06-10,-0.15593691597851853
2019-06-11,-0.14234429543469987
2019-06-12,-0.1291051158149553
2019-06-13,-0.11621937711928478
2019-06-14,-0.10368707934768841
2019-06-15,-0.09150822250016609
2019-06-16,-0.07968280657671789
2019-06-17,-0.06850804297510547
2019-06-18,-0.05828114309309051
2019-06-19,-0.049002106930672994
2019-06-20,-0.040670934487852986
2019-06-21,-0.03328762576463041
2019-06-22,-0.026852180761005307
2019-06-23,-0.021364599476977674
2019-06-24,-0.016824881912547506
2019-06-25,-0.013233028067714793
2019-06-26,-0.010589037942479547
2019-06-27,-0.008892911536841778
2019-06-28,-0.008144648850801454
2019-06-29,-0.00834424988435861
2019-06-30,-0.009491714637513216
2019-07-01,-0.0115870431102653
2019-07-02,-0.014630235302614841
2019-07-03,-0.018621291214561853
2019-07-04,-0.023560210846106315
2019-07-05,-0.02944699419724827
2019-07-06,-0.036281641267987656
2019-07-07,-0.04406415205832452
2019-07-08,-0.052794526568258865
2019-07-09,-0.06247276479779064
2019-07-10,-0.07309886674691991
2019-07-11,-0.08467283241564662
2019-07-12,-0.09719466180397081
2019-07-13,-0.11066435491189246
2019-07-14,-0.12508191173941158
2019-07-15,-0.14044733228652817
2019-07-16,-0.15676061655324222
2019-07-17,-0.17410964499757575
2019-07-18,-0.19302170036766086
2019-07-19,-0.21358466312151972
2019-07-20,-0.23579853325915218
2019-07-21,-0.25966331078055827
2019-07-22,-0.28517899568573796
2019-07-23,-0.3123455879746914
2019-07-24,-0.3411630876474185
2019-07-25,-0.3716314947039192
2019-07-26,-0.40375080914419353
2019-07-27,-0.4375210309682415
2019-07-28,-0.4729421601760632
2019-07-29,-0.5100141967676585
2019-07-30,-0.5487371407430275
2019-07-31,-0.58911099210217
2019-08-01,-0.6311357508450863
2019-08-02,-0.6748114169717762
2019-08-03,-0.7201379904822397
2019-08-04,-0.767115471376477
2019-08-05,-0.8157438596544879
2019-08-06,-0.8660231553162723
2019-08-07,-0.9179533583618302
2019-08-08,-0.9715344687911623
2019-08-09,-1.0267664866042676
2019-08-10,-1.0836494118011468
2019-08-11,-1.1421832443817996
2019-08-12,-1.2023679843462258
2019-08-13,-1.264203631694426
2019-08-14,-1.3276901864263997
2019-08-15,-1.392827648542147
2019-08-16,-1.4596160180416682
2019-08-17,-1.526809169663488
2019-08-18,-1.5869303518387576
2019-08-19,-1.638733439306002
2019-08-20,-1.682218432065221
2019-08-21,-1.7173853301164155
2019-08-22,-1.7442341334595846
2019-08-23,-1.7627648420947284
2019-08-24,-1.7729774560218474
2019-08-25,-1.7748719752409412
2019-08-26,-1.7684483997520093
2019-08-27,-1.7537067295550535
2019-08-28,-1.7306469646500717
2019-08-29,-1.699269105037065
2019-08-30,-1.6595731507160334
2019-08-31,-1.6115591016869768
2019-09-01,-1.5552269579498943
2019-09-02,-1.4905767195047877
2019-09-03,-1.4176083863516553
2019-09-04,-1.336321958490498
2019-09-05,-1.2467174359213158
2019-09-06,-1.1487948186441082
2019-09-07,-1.0425541066588755
2019-09-08,-0.9279952999656177
2019-09-09,-0.8051183985643349
2019-09-10,-0.6739234024550269
2019-09-11,-0.534410311637694
2019-09-12,-0.38657912611233575
2019-09-13,-0.2304298458789527
2019-09-14,-0.06596247093754418
2019-09-15,0.10682299871188941
2019-09-16,0.28792656306934794
2019-09-17,0.4688587593428694
2019-09-18,0.6411301247404926
2019-09-19,0.8047406592622165
2019-09-20,0.9596903629080409
2019-09-21,1.1059792356779667
2019-09-22,1.2436072775719937
2019-09-23,1.3725744885901219
2019-09-24,1.4928808687323507
2019-09-25,1.604526417998681
2019-09-26,1.7075111363891124
2019-09-27,1.8018350239036445
2019-09-28,1.8874980805422776
2019-09-29,1.964500306305012
2019-09-30,2.0328417011918476
2019-10-01,2.0925222652027844
2019-10-02,2.1435419983378217
2019-10-03,2.1859009005969603
2019-10-04,2.2195989719802
2019-10-05,2.2446362124875403
2019-10-06,2.2610126221189826
2019-10-07,2.2687282008745253
2019-10-08,2.267782948754169
2019-10-09,2.2581768657579144
2019-10-10,2.2399099518857595
2019-10-11,2.2129822071377068
2019-10-12,2.1773936315137554
2019-10-13,2.1331442250139045
2019-10-14,2.0802339876381546
2019-10-15,2.018662919386506
2019-10-16,1.9484310202589583
2019-10-17,1.8708559622870076
2019-10-18,1.7938437776596279
2019-10-19,1.718712138408315
2019-10-20,1.6454610445330689
2019-10-21,1.57409049603389
2019-10-22,1.5046004929107777
2019-10-23,1.436991035163732
2019-10-24,1.371262122792754
2019-10-25,1.307413755797842
2019-10-26,1.2454459341789974
2019-10-27,1.1853586579362196
2019-10-28,1.1271519270695085
2019-10-29,1.0708257415788645
2019-10-30,1.0163801014642873
2019-10-31,0.9638150067257769
2019-11-01,0.9131304573633332
2019-11-02,0.8643264533769567
2019-11-03,0.8174029947666471
2019-11-04,0.7723600815324041
2019-11-05,0.7291977136742281
2019-11-06,0.6879158911921189
2019-11-07,0.6485146140860766
2019-11-08,0.6109938823561012
2019-11-09,0.5753536960021929
2019-11-10,0.5415940550243511
2019-11-11,0.5097149594225764
2019-11-12,0.4797164091968685
2019-11-13,0.45159840434722737
2019-11-14,0.42536094487365333
2019-11-15,0.40100403077614605
2019-11-16,0.3785276620547056
2019-11-17,0.3570914864964137
2019-11-18,0.33585515188835174
2019-11-19,0.31481865823051963
2019-11-20,0.29398200552291764
2019-11-21,0.2733451937655456
2019-11-22,0.25290822295840354
2019-11-23,0.2326710931014915
2019-11-24,0.21263380419480943
2019-11-25,0.19279635623835734
2019-11-26,0.17315874923213523
2019-11-27,0.15372098317614313
2019-11-28,0.13448305807038105
2019-11-29,0.1154449739148489
2019-11-30,0.09660673070954678
2019-12-01,0.0779683284544746
2019-12-02,0.059529767149632415
2019-12-03,0.04129104679502022
2019-12-04,0.023252167390638047
2019-12-05,0.005413128936485837
2019-12-06,-0.0122260685674364
2019-12-07,-0.029665425121128634
2019-12-08,-0.0469049407245909
2019-12-09,-0.06394461537782314
2019-12-10,-0.08078444908082542
2019-12-11,-0.09742444183359772
2019-12-12,-0.11386459363614002
2019-12-13,-0.13010490448845233
2019-12-14,-0.14614537439053465
2019-12-15,-0.16198600334238702
2019-12-16,-0.17762679134400935
2019-12-17,-0.19294412781074202
2019-12-18,-0.2071963492346267
2019-12-19,-0.22025984503100385
2019-12-20,-0.23213461519987336
2019-12-21,-0.24282065974123515
2019-12-22,-0.25231797865508937
2019-12-23,-0.260626571941436
2019-12-24,-0.26774643960027494
2019-12-25,-0.27367758163160627
2019-12-26,-0.2784199980354299
2019-12-27,-0.281973688811746
2019-12-28,-0.2843386539605544
2019-12-29,-0.2855148934818552
2019-12-30,-0.28550240737564836
2019-12-31,-0.2843011956419339
2020-01-01,-0.2819112582807118
2020-01-02,-0.278332595291982
2020-01-03,-0.2735652066757447
2020-01-04,-0.2676090924319997
2020-01-05,-0.2604642525607471
2020-01-06,-0.2521306870619868
2020-01-07,-0.24260839593571895
2020-01-08,-0.23189737918194342
2020-01-09,-0.21999763680066026
2020-01-10,-0.20690916879186946
2020-01-11,-0.19263197515557104
2020-01-12,-0.177166055891765
2020-01-13,-0.1605114110004513
2020-01-14,-0.14266804048163004
2020-01-15,-0.12363594433530108
2020-01-16,-0.10341512256146453
2020-01-17,-0.08293062760133632
2020-01-18,-0.0677327741022127
2020-01-19,-0.058746614505309686
2020-01-20,-0.05597214881062722
2020-01-21,-0.059409377018165295
2020-01-22,-0.06905829912792402
2020-01-23,-0.08491891513990325
2020-01-24,-0.10699122505410313
2020-01-25,-0.13527522887052354
2020-01-26,-0.16977092658916457
2020-01-27,-0.21047831821002613
2020-01-28,-0.25739740373310827
2020-01-29,-0.310528183158411
2020-01-30,-0.3698706564859343
2020-01-31,-0.43542482371567826
2020-02-01,-0.5071906848476426
2020-02-02,-0.5851682398818279
2020-02-03,-0.6693574888182334
2020-02-04,-0.7597584316568596
2020-02-05,-0.8563710683977065
2020-02-06,-0.9591953990407738
2020-02-07,-1.068231423586062
2020-02-08,-1.1834791420335704
2020-02-09,-1.3049385543832994
2020-02-10,-1.4326096606352492
2020-02-11,-1.5664924607894193
2020-02-12,-1.7065869548458101
2020-02-13,-1.8528931428044215
2020-02-14,-2.0054110246652534
2020-02-15,-2.164140600428306
2020-02-16,-2.326841465544873
2020-02-17,-2.480071192722715
2020-02-18,-2.621589377413126
2020-02-19,-2.7513960196161054
2020-02-20,-2.8694911193316535
2020-02-21,-2.9758746765597714
2020-02-22,-3.070546691300458
2020-02-23,-3.1535071635537126
2020-02-24,-3.2247560933195367
2020-02-25,-3.2842934805979285
2020-02-26,-3.3321193253888906
2020-02-27,-3.3682336276924207
2020-02-28,-3.39263638750852
2020-02-29,-3.4053276048371877
2020-03-01,-3.4063072796784244
2020-03-02,-3.39557541203223
2020-03-03,-3.3731320018986044
2020-03-04,-3.3389770492775477
2020-03-05,-3.2931105541690604
2020-03-06,-3.2355325165731412
2020-03-07,-3.1662429364897915
2020-03-08,-3.08524181391901
2020-03-09,-2.9925291488607972
2020-03-10,-2.888104941315154
2020-03-11,-2.7719691912820785
2020-03-12,-2.644121898761573
2020-03-13,-2.504563063753636
2020-03-14,-2.3532926862582673
2020-03-15,-2.1903107662754677
2020-03-16,-2.0156173038052376
2020-03-17,-1.8316303300240602
2020-03-18,-1.6528580319908484
2020-03-19,-1.4817184408820863
2020-03-20,-1.3182115566977737
2020-03-21,-1.162337379437911
2020-03-22,-1.0140959091024977
2020-03-23,-0.8734871456915344
2020-03-24,-0.7405110892050212
2020-03-25,-0.6151677396429571
2020-03-26,-0.49745709700534313
2020-03-27,-0.38737916129217875
2020-03-28,-0.2849339325034643
2020-03-29,-0.1901214106391996
2020-03-30,-0.10294159569938481
2020-03-31,-0.023394487684019367
2020-04-01,0.0485199134068962
2020-04-02,0.11280160757336181
2020-04-03,0.16945059481537775
2020-04-04,0.21846687513294413
2020-04-05,0.25985044852606054
2020-04-06,0.2936013149947273
2020-04-07,0.3197194745389442
2020-04-08,0.3382049271587115
2020-04-09,0.3490576728540289
2020-04-10,0.35227771162489663
2020-04-11,0.34786504347131464
2020-04-12,0.3358196683932828
2020-04-13,0.31614158639080125
2020-04-14,0.28883079746386986
2020-04-15,0.2538873016124888
2020-04-16,0.21131109883665797
2020-04-17,0.1653405480425784
2020-04-18,0.12021400813645094
2020-04-19,0.07593147911827565
2020-04-20,0.03249296098805266
2020-04-21,-0.010101546254218215
2020-04-22,-0.051852042608536875
2020-04-23,-0.09275852807490338
2020-04-24,-0.13282100265331762
2020-04-25,-0.17203946634377978
2020-04-26,-0.21041391914628974
2020-04-27,-0.24794436106084736
2020-04-28,-0.2846307920874529
2020-04-29,-0.3204732122261063
2020-04-30,-0.3554716214768075
2020-05-01,-0.3896260198395564
2020-05-02,-0.4229364073143532
2020-05-03,-0.4554027839011978
2020-05-04,-0.48702514960009025
2020-05-05,-0.5178035044110304
2020-05-06,-0.5477378483340185
2020-05-07,-0.5768281813690543
2020-05-08,-0.605074503516138
2020-05-09,-0.6324768147752695
2020-05-10,-0.6590351151464486
2020-05-11,-0.6847494046296758
2020-05-12,-0.7096196832249508
2020-05-13,-0.7336459509322734
2020-05-14,-0.7568282077516439
2020-05-15,-0.7791664536830623
2020-05-16,-0.8006606887265284
2020-05-17,-0.8212163920377681
2020-05-18,-0.840266438551136
2020-05-19,-0.8577163074223579
2020-05-20,-0.8735659986514337
2020-05-21,-0.8878155122383634
2020-05-22,-0.9004648481831471
2020-05-23,-0.9115140064857846
2020-05-24,-0.9209629871462763
2020-05-25,-0.9288117901646219
2020-05-26,-0.9350604155408213
2020-05-27,-0.9397088632748748
2020-05-28,-0.9427571333667821
2020-05-29,-0.9442052258165434
2020-05-30,-0.9440531406241587
2020-05-31,-0.9423008777896278
2020-06-01,-0.938948437312951
2020-06-02,-0.9339958191941281
2020-06-03,-0.9274430234331591
2020-06-04,-0.919290050030044
2020-06-05,-0.909536898984783
2020-06-06,-0.8981835702973758
2020-06-07,-0.8852300639678227
2020-06-08,-0.8706763799961235
2020-06-09,-0.8545225183822781
2020-06-10,-0.8367684791262868
2020-06-11,-0.8174142622281494
2020-06-12,-0.7964598676878659
2020-06-13,-0.7739052955054363
2020-06-14,-0.749750545680861
2020-06-15,-0.7239956182141393
2020-06-16,-0.6966405131052715
2020-06-17,-0.6685964462767928
2020-06-18,-0.6407746336512374
2020-06-19,-0.6131750752286056
2020-06-20,-0.5857977710088975
2020-06-21,-0.558642720992113
2020-06-22,-0.531709925178252
2020-06-23,-0.5049993835673147
2020-06-24,-0.47851109615930076
2020-06-25,-0.4522450629542104
2020-06-26,-0.4262012839520438
2020-06-27,-0.40037975915280083
2020-06-28,-0.3747804885564814
2020-06-29,-0.3494034721630854
2020-06-30,-0.3242487099726132
2020-07-01,-0.2993162019850645
2020-07-02,-0.27460594820043926
2020-07-03,-0.25011794861873776
2020-07-04,-0.2258522032399598
2020-07-05,-0.20180871206410542
2020-07-06,-0.1779874750911746
2020-07-07,-0.1543884923211674
2020-07-08,-0.13101176375408374
2020-07-09,-0.10785728938992374
2020-07-10,-0.08492506922868727
2020-07-11,-0.06221510327037442
2020-07-12,-0.03972739151498508
2020-07-13,-0.017461933962519417
2020-07-14,0.0045812693870226975
2020-07-15,0.02640221853364126
2020-07-16,0.048000913477336225
2020-07-17,0.0689303169550286
2020-07-18,0.08650820538824472
2020-07-19,0.10028754151390569
2020-07-20,0.11026832533201143
2020-07-21,0.11645055684256192
2020-07-22,0.11883423604555719
2020-07-23,0.1174193629409973
2020-07-24,0.11220593752888218
2020-07-25,0.10319395980921185
2020-07-26,0.09038342978198625
2020-07-27,0.07377434744720547
2020-07-28,0.053366712804869515
2020-07-29,0.029160525854978313
2020-07-30,0.0011557865975319354
2020-07-31,-0.030647504967469687
2020-08-01,-0.0662493488400266
2020-08-02,-0.10564974502013866
2020-08-03,-0.1488486935078059
2020-08-04,-0.19584619430302844
2020-08-05,-0.24664224740580606
2020-08-06,-0.301236852816139
2020-08-07,-0.35963001053402704
2020-08-08,-0.42182172055947054
2020-08-09,-0.4878119828924691
2020-08-10,-0.5576007975330228
2020-08-11,-0.6311881644811318
2020-08-12,-0.708574083736796
2020-08-13,-0.7897585553000154
2020-08-14,-0.87474157917079
2020-08-15,-0.9635231553491198
2020-08-16,-1.056103283835005
2020-08-17,-1.1509839813086378
2020-08-18,-1.2391773478511723
2020-08-19,-1.3191854001428016
2020-08-20,-1.3910081381835244
2020-08-21,-1.4546455619733427
2020-08-22,-1.510097671512255
2020-08-23,-1.5573644668002615
2020-08-24,-1.5964459478373627
2020-08-25,-1.6273421146235583
2020-08-26,-1.6500529671588477
2020-08-27,-1.6645785054432323
2020-08-28,-1.670918729476711
2020-08-29,-1.669073639259284
2020-08-30,-1.6590432347909516
2020-08-31,-1.6408275160717134
2020-09-01,-1.6144264831015696
2020-09-02,-1.5798401358805203
2020-09-03,-1.5370684744085652
2020-09-04,-1.486111498685705
2020-09-05,-1.4269692087119388
2020-09-06,-1.3596416044872668
2020-09-07,-1.2841286860116894
2020-09-08,-1.2004304532852066
2020-09-09,-1.108546906307818
2020-09-10,-1.0084780450795239
2020-09-11,-0.9002238696003241
2020-09-12,-0.7837843798702188
2020-09-13,-0.6591595758892078
2020-09-14,-0.5263494576572914
2020-09-15,-0.38535402517446893
2020-09-16,-0.23617327844074132
2020-09-17,-0.08671796207661245
2020-09-18,0.05510117929741334
2020-09-19,0.18928414568133556
2020-09-20,0.31583093707515447
2020-09-21,0.43474155347887017
2020-09-22,0.5460159948924826
2020-09-23,0.6496542613159918
2020-09-24,0.7456563527493973
2020-09-25,0.8340222691927
2020-09-26,0.9147520106458994
2020-09-27,0.9878455771089951
2020-09-28,1.053302968581988
2020-09-29,1.111124185064877
2020-09-30,1.1613092265576632
2020-10-01,1.203858093060346
2020-10-02,1.2387707845729254
2020-10-03,1.2660473010954016
2020-10-04,1.2856876426277746
2020-10-05,1.297691809170044
2020-10-06,1.3020598007222102
2020-10-07,1.298791617284273
2020-10-08,1.287887258856233
2020-10-09,1.2693467254380892
2020-10-10,1.243170017029842
2020-10-11,1.2093571336314919
2020-10-12,1.1679080752430384
2020-10-13,1.1188228418644814
2020-10-14,1.0621014334958214
2020-10-15,0.9977438501370581
2020-10-16,0.9257500917881913
2020-10-17,0.847433526747024
2020-10-18,0.7706743648003732
2020-10-19,0.6967859742460415
2020-10-20,0.6257683550840288
2020-10-21,0.5576215073143356
2020-10-22,0.49234543093696115
2020-10-23,0.42994012595190584
2020-10-24,0.3704055923591699
2020-10-25,0.3137418301587528
2020-10-26,0.25994883935065505
2020-10-27,0.20902661993487645
2020-10-28,0.16097517191141683
2020-10-29,0.11579449528027651
2020-10-30,0.07348459004145522
2020-10-31,0.03404545619495317
2020-11-01,-0.0025229062592299
2020-11-02,-0.03622049732109375
2020-11-03,-0.06704731699063843
2020-11-04,-0.09500336526786404
2020-11-05,-0.12008864215277049
2020-11-06,-0.14230314764535779
2020-11-07,-0.16164688174562591
2020-11-08,-0.17811984445357498
2020-11-09,-0.1917220357692049
2020-11-10,-0.20245345569251566
2020-11-11,-0.2103141042235073
2020-11-12,-0.2153039813621798
2020-11-13,-0.21742308710853314
2020-11-14,-0.21667142146256738
2020-11-15,-0.21304898442428247
2020-11-16,-0.20655577599367841
2020-11-17,-0.1983548031433627
2020-11-18,-0.1896090728459428
2020-11-19,-0.18031858510141865
2020-11-20,-0.17048333990979037
2020-11-21,-0.16010333727105783
2020-11-22,-0.14917857718522104
2020-11-23,-0.1377090596522801
2020-11-24,-0.125694784672235
2020-11-25,-0.11313575224508561
2020-11-26,-0.10003196237083203
2020-11-27,-0.08638341504947429
2020-11-28,-0.07219011028101234
2020-11-29,-0.05745204806544615
2020-11-30,-0.042169228402775774
2020-12-01,-0.0263416512930012
2020-12-02,-0.009969316736122382
2020-12-03,0.006947775267860616
2020-12-04,0.02440962471894779
2020-12-05,0.04241623161713922
2020-12-06,0.06096759596243481
2020-12-07,0.08006371775483462
2020-12-08,0.09970459699433869
2020-12-09,0.11989023368094688
2020-12-10,0.1406206278146593
2020-12-11,0.16189577939547595
2020-12-12,0.18371568842339678
2020-12-13,0.2060803548984218
2020-12-14,0.22898977882055108
2020-12-15,0.25244396018978454
2020-12-16,0.2764428990061222
2020-12-17,0.30075866614842783
2020-12-18,0.3240236868898841
2020-12-19,0.34601003210935477
2020-12-20,0.3667177018068399
2020-12-21,0.3861466959823394
2020-12-22,0.4042970146358532
2020-12-23,0.4211686577673816
2020-12-24,0.43676162537692426
2020-12-25,0.45107591746448145
2020-12-26,0.464111534030053
2020-12-27,0.4758684750736389
2020-12-28,0.4863467405952393
2020-12-29,0.49554633059485403
2020-12-30,0.5034672450724832
2020-12-31,0.5101094840281268
2021-01-01,0.5154730474617848
2021-01-02,0.5195579353734572
2021-01-03,0.522364147763144
2021-01-04,0.5238916846308452
2021-01-05,0.5241405459765609
2021-01-06,0.5231107318002908
2021-01-07,0.5208022421020353
2021-01-08,0.5172150768817941
2021-01-09,0.5123492361395675
2021-01-10,0.5062047198753551
2021-01-11,0.49878152808915716
2021-01-12,0.4900796607809736
2021-01-13,0.4800991179508045
2021-01-14,0.46883989959864986
2021-01-15,0.45630200572450946
2021-01-16,0.44248543632838366
2021-01-17,0.42745035558739247
2021-01-18,0.4115577485642581
2021-01-19,0.39486777943610063
2021-01-20,0.37738044820292027
2021-01-21,0.35909575486471695
2021-01-22,0.34001369942149073
2021-01-23,0.3201342818732414
2021-01-24,0.2994575022199692
2021-01-25,0.277983360461674
2021-01-26,0.2557118565983559
2021-01-27,0.23264299063001476
2021-01-28,0.2087767625566507
2021-01-29,0.1841131723782637
2021-01-30,0.15865222009485364
2021-01-31,0.13239390570642068
2021-02-01,0.1053382292129648
2021-02-02,0.0774851906144859
2021-02-03,0.04883478991098406
2021-02-04,0.01938702710245926
2021-02-05,-0.010858097811088567
2021-02-06,-0.04190058482965928
2021-02-07,-0.07374043395325303
2021-02-08,-0.10637764518186967
2021-02-09,-0.13981221851550926
2021-02-10,-0.1740441539541719
2021-02-11,-0.20907345149785744
2021-02-12,-0.24490011114656596
2021-02-13,-0.28152413290029743
2021-02-14,-0.31894551675905186
2021-02-15,-0.3571642627228293
2021-02-16,-0.39333831466070207
2021-02-17,-0.4246256164417427
2021-02-18,-0.451026168065951
2021-02-19,-0.4725399695333271
2021-02-20,-0.489167020843871
2021-02-21,-0.5009073219975828
2021-02-22,-0.5077608729944624
2021-02-23,-0.5097276738345097
2021-02-24,-0.5068077245177248
2021-02-25,-0.49900102504410765
2021-02-26,-0.4863075754136582
2021-02-27,-0.4687273756263767
2021-02-28,-0.44626042568226293
2021-03-01,-0.418906725581317
2021-03-02,-0.38666627532353887
2021-03-03,-0.34953907490892844
2021-03-04,-0.3075251243374858
2021-03-05,-0.2606244236092109
2021-03-06,-0.208836972724104
2021-03-07,-0.15216277168216474
2021-03-08,-0.09060182048339327
2021-03-09,-0.024154119127789527
2021-03-10,0.04718033238464639
2021-03-11,0.12340153405391445
2021-03-12,0.20450948588001466
2021-03-13,0.2905041878629473
2021-03-14,0.381385640002712
2021-03-15,0.47715384229930896
2021-03-16,0.5778087947527382
2021-03-17,0.6818751896327842
2021-03-18,0.7805011805581544
2021-03-19,0.8722114597986333
2021-03-20,0.957006027354221
2021-03-21,1.0348848832249178
2021-03-22,1.1058480274107234
2021-03-23,1.1698954599116378
2021-03-24,1.2270271807276607
2021-03-25,1.2772431898587928
2021-03-26,1.3205434873050332
2021-03-27,1.3569280730663835
2021-03-28,1.3863969471428417
2021-03-29,1.408950109534409
2021-03-30,1.4245875602410851
2021-03-31,1.4333092992628702
2021-04-01,1.4351153265997638
2021-04-02,1.4300056422517664
2021-04-03,1.4179802462188777
2021-04-04,1.3990391385010983
2021-04-05,1.3731823190984274
2021-04-06,1.3404097880108652
2021-04-07,1.300721545238412
2021-04-08,1.2541175907810675
2021-04-09,1.2005979246388319
2021-04-10,1.1401625468117051
2021-04-11,1.0728114572996872
2021-04-12,0.9985446561027782
2021-04-13,0.9173621432209778
2021-04-14,0.8292639186542864
2021-04-15,0.7342499824027034
2021-04-16,0.6323203344662298
2021-04-17,0.5292583572201501
2021-04-18,0.4308474330397496
2021-04-19,0.3370875619250282
2021-04-20,0.24797874387598642
2021-04-21,0.16352097889262376
2021-04-22,0.08371426697494024
2021-04-23,0.008558608122936183
2021-04-24,-0.06194599766338863
2021-04-25,-0.12779955038403432
2021-04-26,-0.18900205003900075
2021-04-27,-0.24555349662828774
2021-04-28,-0.2974538901518955
2021-04-29,-0.34470323060982405
2021-04-30,-0.3873015180020734
2021-05-01,-0.4252487523286434
2021-05-02,-0.4585449335895341
2021-05-03,-0.48719006178474566
2021-05-04,-0.5111841369142777
2021-05-05,-0.5305271589781306
2021-05-06,-0.5452191279763043
2021-05-07,-0.5552600439087987
2021-05-08,-0.5606499067756138
2021-05-09,-0.5613887165767497
2021-05-10,-0.5574764733122062
2021-05-11,-0.5489131769819835
2021-05-12,-0.5356988275860817
2021-05-13,-0.5178334251245004
2021-05-14,-0.49531696959723986
2021-05-15,-0.4681494610043001
2021-05-16,-0.4363308993456809
2021-05-17,-0.40059452634632353
2021-05-18,-0.3653397923558721
2021-05-19,-0.3312999390992676
2021-05-20,-0.29847496657650996
2021-05-21,-0.2668648747875993
2021-05-22,-0.2364696637325355
2021-05-23,-0.20728933341131858
2021-05-24,-0.1793238838239487
2021-05-25,-0.15257331497042553
2021-05-26,-0.1270376268507494
2021-05-27,-0.10271681946492016
2021-05-28,-0.07961089281293778
2021-05-29,-0.05771984689480232
2021-05-30,-0.03704368171051376
2021-05-31,-0.01758239726007213
2021-06-01,0.0006640064565226266
2021-06-02,0.017695529439270462
2021-06-03,0.03351217168817139
2021-06-04,0.048113933203225434
2021-06-05,0.06150081398443255
2021-06-06,0.07367281403179277
2021-06-07,0.08462993334530605
2021-06-08,0.09437217192497248
2021-06-09,0.102899529770792
2021-06-10,0.11021200688276458
2021-06-11,0.11630960326089029
2021-06-12,0.12119231890516909
2021-06-13,0.12486015381560095
2021-06-14,0.12731310799218595
2021-06-15,0.12855118143492403
2021-06-16,0.1285743741438152
2021-06-17,0.128070553518497
2021-06-18,0.12772758695860692
2021-06-19,0.12754547446414494
2021-06-20,0.1275242160351111
2021-06-21,0.1276638116715054
2021-06-22,0.1279642613733278
2021-06-23,0.12842556514057837
2021-06-24,0.12904772297325703
2021-06-25,0.12983073487136382
2021-06-26,0.13077460083489875
2021-06-27,0.1318793208638618
2021-06-28,0.133144894958253
2021-06-29,0.1345713231180723
2021-06-30,0.13615860534331975
2021-07-01,0.1379067416339953
2021-07-02,0.13981573199009897
2021-07-03,0.1418855764116308
2021-07-04,0.14411627489859072
2021-07-05,0.14650782745097882
2021-07-06,0.149060234068795
2021-07-07,0.15177349475203933
2021-07-08,0.1546476095007118
2021-07-09,0.15768257831481233
2021-07-10,0.16087840119434105
2021-07-11,0.16423507813929786
2021-07-12,0.1677526091496828
2021-07-13,0.1714309942254959
2021-07-14,0.1752702333667371
2021-07-15,0.17927032657340644
2021-07-16,0.1834312738455039
2021-07-17,0.18747071344764354
2021-07-18,0.18969447496750944
2021-07-19,0.18982019666971572
2021-07-20,0.18784787855426238
2021-07-21,0.18377752062114933
2021-07-22,0.17760912287037664
2021-07-23,0.16934268530194432
2021-07-24,0.15897820791585235
2021-07-25,0.14651569071210077
2021-07-26,0.13195513369068942
2021-07-27,0.1152965368516185
2021-07-28,0.09653990019488792
2021-07-29,0.07568522372049769
2021-07-30,0.05273250742844777
2021-07-31,0.027681751318738228
2021-08-01,0.0005329553913689877
2021-08-02,-0.028713880353659856
2021-08-03,-0.06005875591634838
2021-08-04,-0.09350167129669656
2021-08-05,-0.12904262649470433
2021-08-06,-0.16668162151037183
2021-08-07,-0.20641865634369888
2021-08-08,-0.24825373099468576
2021-08-09,-0.2921868454633322
2021-08-10,-0.3382179997496383
2021-08-11,-0.38634719385360394
2021-08-12,-0.43657442777522937
2021-08-13,-0.4888997015145144
2021-08-14,-0.5433230150714591
2021-08-15,-0.5998443684460634
2021-08-16,-0.6584637616383274
2021-08-17,-0.7180782548671688
2021-08-18,-0.7720702094460931
2021-08-19,-0.8193366855940177
2021-08-20,-0.8598776833109428
2021-08-21,-0.8936932025968689
2021-08-22,-0.9207832434517953
2021-08-23,-0.9411478058757221
2021-08-24,-0.9547868898686497
2021-08-25,-0.9617004954305777
2021-08-26,-0.961888622561506
2021-08-27,-0.9553512712614355
2021-08-28,-0.942088441530365
2021-08-29,-0.9221001333682953
2021-08-30,-0.8953863467752263
2021-08-31,-0.8619470817511575
2021-09-01,-0.8217823382960895
2021-09-02,-0.7748921164100219
2021-09-03,-0.7212764160929547
2021-09-04,-0.6609352373448883
2021-09-05,-0.5938685801658223
2021-09-06,-0.5200764445557569
2021-09-07,-0.4395588305146921
2021-09-08,-0.35231573804262784
2021-09-09,-0.25834716713956407
2021-09-10,-0.157653117805501
2021-09-11,-0.05023359004043836
2021-09-12,0.06391141615562376
2021-09-13,0.1847819007826852
2021-09-14,0.31237786384074634
2021-09-15,0.4466993053298069
2021-09-16,0.5877462252498666
2021-09-17,0.7281247719236945
2021-09-18,0.8604410936740592
2021-09-19,0.98469519050096
2021-09-20,1.1008870624043974
2021-09-21,1.2090167093843711
2021-09-22,1.3090841314408816
2021-09-23,1.4010893285739288
2021-09-24,1.485032300783512
2021-09-25,1.5609130480696323
2021-09-26,1.6287315704322889
2021-09-27,1.6884878678714819
2021-09-28,1.7401819403872116
2021-09-29,1.7838137879794775
2021-09-30,1.8193834106482805
2021-10-01,1.8468908083936195
2021-10-02,1.8663359812154952
2021-10-03,1.8777189291139076
2021-10-04,1.8810396520888562
2021-10-05,1.8762981501403415
2021-10-06,1.8634944232683632
2021-10-07,1.8426284714729213
2021-10-08,1.8137002947540164
2021-10-09,1.7767098931116476
2021-10-10,1.7316572665458154
2021-10-11,1.6785424150565196
2021-10-12,1.617365338643761
2021-10-13,1.5481260373075383
2021-10-14,1.4708245110478522
2021-10-15,1.3854607598647026
2021-10-16,1.2920347837580894
2021-10-17,1.1918427559483165
2021-10-18,1.0926617157572058
2021-10-19,0.995787836405061
2021-10-20,0.9012211178918816
2021-10-21,0.8089615602176685
2021-10-22,0.7190091633824207
2021-10-23,0.6313639273861386
2021-10-24,0.5460258522288226
2021-10-25,0.46299493791047197
2021-10-26,0.3822711844310874
2021-10-27,0.30385459179066854
2021-10-28,0.22774515998921524
2021-10-29,0.15394288902672795
2021-10-30,0.0824477789032063
2021-10-31,0.013259829618650493
2021-11-01,-0.0536209588269397
2021-11-02,-0.11819458643356404
2021-11-03,-0.18046105320122255
2021-11-04,-0.24042035912991547
2021-11-05,-0.29807250421964254
2021-11-06,-0.3534174884704038
2021-11-07,-0.40645531188219924
2021-11-08,-0.4571859744550291
2021-11-09,-0.5056094761888932
2021-11-10,-0.5517258170837914
2021-11-11,-0.5955349971397239
2021-11-12,-0.6370370163566907
2021-11-13,-0.6762318747346916
2021-11-14,-0.7131195722737269
2021-11-15,-0.7477001089737964
2021-11-16,-0.7799734848349
2021-11-17,-0.8094842317152647
2021-11-18,-0.8357768814731172
2021-11-19,-0.8588514341084571
2021-11-20,-0.8787078896212847
2021-11-21,-0.8953462480115999
2021-11-22,-0.9087665092794027
2021-11-23,-0.9189686734246932
2021-11-24,-0.9259527404474714
2021-11-25,-0.9297187103477372
2021-11-26,-0.9302665831254907
2021-11-27,-0.9275963587807319
2021-11-28,-0.9217080373134606
2021-11-29,-0.912601618723677
2021-11-30,-0.9002771030113812
2021-12-01,-0.8847344901765728
2021-12-02,-0.8659737802192522
2021-12-03,-0.8439949731394193
2021-12-04,-0.8187980689370739
2021-12-05,-0.7903830676122162
2021-12-06,-0.7587499691648462
2021-12-07,-0.7238987735949638
2021-12-08,-0.6858294809025689
2021-12-09,-0.6445420910876619
2021-12-10,-0.6000366041502424
2021-12-11,-0.5523130200903106
2021-12-12,-0.5013713389078664
2021-12-13,-0.44721156060291
2021-12-14,-0.38983368517544115
2021-12-15,-0.3292377126254597
2021-12-16,-0.26542364295296617
2021-12-17,-0.1992226938392151
2021-12-18,-0.1356221713717358
2021-12-19,-0.07545329323178315
2021-12-20,-0.018716059419357063
2021-12-21,0.03458953006554246
2021-12-22,0.0844634752229152
2021-12-23,0.1309057760527615
2021-12-24,0.17391643255508107
2021-12-25,0.21349544472987414
2021-12-26,0.2496428125771406
2021-12-27,0.28235853609688033
2021-12-28,0.3116426152890935
2021-12-29,0.33749505015378
2021-12-30,0.35991584069094
2021-12-31,0.37890498690057334
2022-01-01,0.3944624887826801
2022-01-02,0.40658834633726015
2022-01-03,0.4152825595643136
2022-01-04,0.4205451284638405
2022-01-05,0.4223760530358408
2022-01-06,0.4207753332803143
2022-01-07,0.41574296919726134
2022-01-08,0.4072789607866819
2022-01-09,0.3953833080485757
2022-01-10,0.3800560109829429
2022-01-11,0.3612970695897834
2022-01-12,0.33910648386909736
2022-01-13,0.3134842538208847
2022-01-14,0.28443037944514543
2022-01-15,0.2519448607418795
2022-01-16,0.216027697711087
2022-01-17,0.17693554118338703
2022-01-18,0.1362082961424943
2022-01-19,0.09410261341902793
2022-01-20,0.05061849301298787
2022-01-21,0.0057559349243743825
2022-01-22,-0.040485060846812915
2022-01-23,-0.08810449430057374
2022-01-24,-0.1371023654369082
2022-01-25,-0.18747867425581624
2022-01-26,-0.23923342075729795
2022-01-27,-0.29236660494135325
2022-01-28,-0.3468782268079822
2022-01-29,-0.40276828635718476
2022-01-30,-0.460036783588961
2022-01-31,-0.5186837185033107
2022-02-01,-0.5787090911002342
2022-02-02,-0.6401129013797312
2022-02-03,-0.7028951493418018
2022-02-04,-0.767055834986446
2022-02-05,-0.8325949583136641
2022-02-06,-0.8995125193234557
2022-02-07,-0.9678085180158208
2022-02-08,-1.0374829543907593
2022-02-09,-1.1085358284482718
2022-02-10,-1.1809671401883577
2022-02-11,-1.2547768896110174
2022-02-12,-1.3299650767162505
2022-02-13,-1.4065317015040575
2022-02-14,-1.4844767639744378
2022-02-15,-1.563800264127392
2022-02-16,-1.6388032612603545
2022-02-17,-1.7037868146707609
2022-02-18,-1.7587509243586106
2022-02-19,-1.8036955903239038
2022-02-20,-1.8386208125666403
2022-02-21,-1.863526591086821
2022-02-22,-1.8784129258844449
2022-02-23,-1.8832798169595124
2022-02-24,-1.8781272643120235
2022-02-25,-1.8629552679419776
2022-02-26,-1.8377638278493753
2022-02-27,-1.802552944034217
2022-02-28,-1.7573226164965017
2022-03-01,-1.7020728452362304
2022-03-02,-1.6368036302534028
2022-03-03,-1.5615149715480179
2022-03-04,-1.476206869120077
2022-03-05,-1.3808793229695797
2022-03-06,-1.2755323330965262
2022-03-07,-1.1601658995009159
2022-03-08,-1.034780022182749
2022-03-09,-0.8993747011420254
2022-03-10,-0.753949936378746
2022-03-11,-0.5985057278929098
2022-03-12,-0.4330420756845171
2022-03-13,-0.2575589797535679
2022-03-14,-0.07205644010006221
2022-03-15,0.12346554327599978
2022-03-16,0.3290069703746185
2022-03-17,0.541833896000012
2022-03-18,0.7455426489774899
2022-03-19,0.9373992841112705
2022-03-20,1.1174038014013539
2022-03-21,1.2855562008477406
2022-03-22,1.44185648245043
2022-03-23,1.5863046462094226
2022-03-24,1.7189006921247176
2022-03-25,1.8396446201963157
2022-03-26,1.9485364304242163
2022-03-27,2.045576122808421
2022-03-28,2.1307636973489275
2022-03-29,2.204099154045737
2022-03-30,2.2655824928988495
2022-03-31,2.315213713908265
2022-04-01,2.3529928170739836
2022-04-02,2.3789198023960045
2022-04-03,2.3929946698743287
2022-04-04,2.3952174195089557
2022-04-05,2.3855880512998855
2022-04-06,2.3641065652471185
2022-04-07,2.330772961350654
2022-04-08,2.285587239610493
2022-04-09,2.228549400026634
2022-04-10,2.1596594425990783
2022-04-11,2.078917367327825
2022-04-12,1.9863231742128755
2022-04-13,1.8818768632542282
2022-04-14,1.7655784344518841
2022-04-15,1.6374278878058426
2022-04-16,1.4974252233161043
2022-04-17,1.3534524796087493
2022-04-18,1.2133916953098574
2022-04-19,1.0772428704194283
2022-04-20,0.9450060049374632
2022-04-21,0.8166810988639616
2022-04-22,0.6922681521989229
2022-04-23,0.5717671649423477
2022-04-24,0.4551781370942359
2022-04-25,0.3425010686545872
2022-04-26,0.23373595962340207
2022-04-27,0.12888281000068044
2022-04-28,0.027941619786422095
2022-04-29,-0.06908761101937316
2022-04-30,-0.1622048824167049
2022-05-01,-0.2514101944055731
2022-05-02,-0.33670354698597826
2022-05-03,-0.41808494015791997
2022-05-04,-0.49555437392139823
2022-05-05,-0.5691118482764131
2022-05-06,-0.6387573632229648
2022-05-07,-0.7044909187610531
2022-05-08,-0.766312514890678
2022-05-09,-0.8242221516118396
2022-05-10,-0.8782198289245376
2022-05-11,-0.9283055468287726
2022-05-12,-0.9744793053245443
2022-05-13,-1.0167411044118522
2022-05-14,-1.055090944090697
2022-05-15,-1.0895288243610786
2022-05-16,-1.1200547452229965
2022-05-17,-1.146663826531174
2022-05-18,-1.1693267874139461
2022-05-19,-1.1880387477260352
2022-05-20,-1.202799707467442
2022-05-21,-1.2136096666381662
2022-05-22,-1.220468625238207
2022-05-23,-1.2233765832675658
2022-05-24,-1.2223335407262417
2022-05-25,-1.2173394976142349
2022-05-26,-1.2083944539315452
2022-05-27,-1.1954984096781731
2022-05-28,-1.1786513648541181
2022-05-29,-1.1578533194593805
2022-05-30,-1.1331042734939603
2022-05-31,-1.1044042269578571
2022-06-01,-1.071753179851071
2022-06-02,-1.0351511321736029
2022-06-03,-0.9945980839254519
2022-06-04,-0.9500940351066179
2022-06-05,-0.9016389857171014
2022-06-06,-0.8492329357569023
2022-06-07,-0.7928758852260201
2022-06-08,-0.7325678341244556
2022-06-09,-0.6683087824522083
2022-06-10,-0.6000987302092783
2022-06-11,-0.5279376773956654
2022-06-12,-0.4518256240113701
2022-06-13,-0.371762570056392
2022-06-14,-0.28774851553073105
2022-06-15,-0.1997834604343876
2022-06-16,-0.10786740476736145
2022-06-17,-0.016413241450115152
2022-06-18,0.07016613659688889
2022-06-19,0.15187072937365056
2022-06-20,0.22870053688016956
2022-06-21,0.3006555591164463
2022-06-22,0.36773579608248064
2022-06-23,0.42994124777827253
2022-06-24,0.48727191420382204
2022-06-25,0.5397277953591292
2022-06-26,0.5873088912441938
2022-06-27,0.6300152018590162
2022-06-28,0.6678467272035961
2022-06-29,0.7008034672779335
2022-06-30,0.7288854220820288
2022-07-01,0.7520925916158814
2022-07-02,0.7704249758794914
2022-07-03,0.7838825748728595
2022-07-04,0.7924653885959849
2022-07-05,0.7961734170488679
2022-07-06,0.7950066602315086
2022-07-07,0.7889651181439068
2022-07-08,0.7780487907860626
2022-07-09,0.762257678157976
2022-07-10,0.7415917802596469
2022-07-11,0.7160510970910756
2022-07-12,0.6856356286522616
2022-07-13,0.6503453749432055
2022-07-14,0.610180335963907
2022-07-15,0.5651405117143657
2022-07-16,0.5152259021945823
2022-07-17,0.460913162918956
2022-07-18,0.4050622269738831
2022-07-19,0.34814974987376335
2022-07-20,0.29017573161859667
2022-07-21,0.231140172208383
2022-07-22,0.1710430716431224
2022-07-23,0.1098844299228148
2022-07-24,0.04766424704746018
2022-07-25,-0.015617476982941364
2022-07-26,-0.07996074216838987
2022-07-27,-0.14536554850888533
2022-07-28,-0.21183189600442773
2022-07-29,-0.2793597846550171
2022-07-30,-0.34794921446065347
2022-07-31,-0.41760018542133676
2022-08-01,-0.488312697537067
2022-08-02,-0.5600867508078442
2022-08-03,-0.6329223452336683
2022-08-04,-0.7068194808145396
2022-08-05,-0.7817781575504577
2022-08-06,-0.8577983754414227
2022-08-07,-0.9348801344874345
2022-08-08,-1.0130234346884937
2022-08-09,-1.0922282760445996
2022-08-10,-1.1724946585557525
2022-08-11,-1.2538225822219524
2022-08-12,-1.336212047043199
2022-08-13,-1.419663053019493
2022-08-14,-1.5041756001508337
2022-08-15,-1.5897496884372213
2022-08-16,-1.676385317878656
2022-08-17,-1.7628671755210368
2022-08-18,-1.8419033836397571
2022-08-19,-1.9122786292807163
2022-08-20,-1.9739929124439135
2022-08-21,-2.0270462331293504
2022-08-22,-2.0714385913370257
2022-08-23,-2.1071699870669396
2022-08-24,-2.1342404203190926
2022-08-25,-2.152649891093484
2022-08-26,-2.162398399390114
2022-08-27,-2.163485945208983
2022-08-28,-2.1559125285500906
2022-08-29,-2.1396781494134367
2022-08-30,-2.1147828077990223
2022-08-31,-2.0812265037068456
2022-09-01,-2.0390092371369084
2022-09-02,-1.9881310080892096
2022-09-03,-1.9285918165637492
2022-09-04,-1.8603916625605281
2022-09-05,-1.7835305460795459
2022-09-06,-1.6980084671208016
2022-09-07,-1.6038254256842968
2022-09-08,-1.5009814217700304
2022-09-09,-1.3894764553780028
2022-09-10,-1.2693105265082139
2022-09-11,-1.1404836351606635
2022-09-12,-1.0029957813353523
2022-09-13,-0.8568469650322795
2022-09-14,-0.7020371862514454
2022-09-15,-0.53856644499285
2022-09-16,-0.36643474125649345
2022-09-17,-0.19389135576160457
2022-09-18,-0.029185569227411386
2022-09-19,0.12768261834608535
2022-09-20,0.2767132069588853
2022-09-21,0.4179061966109895
2022-09-22,0.5512615873023973
2022-09-23,0.676779379033109
2022-09-24,0.7944595718031242
2022-09-25,0.9043021656124435
2022-09-26,1.0063071604610665
2022-09-27,1.100474556348993
2022-09-28,1.1868043532762234
2022-09-29,1.2652965512427574
2022-09-30,1.3359511502485955
2022-10-01,1.3987681502937372
2022-10-02,1.4537475513781826
2022-10-03,1.5008893535019319
2022-10-04,1.540193556664985
2022-10-05,1.5716601608673415
2022-10-06,1.595289166109002
2022-10-07,1.6110805723899662
2022-10-08,1.6190343797102342
2022-10-09,1.619150588069806
2022-10-10,1.6114291974686812
2022-10-11,1.5958702079068605
2022-10-12,1.5724736193843438
2022-10-13,1.5412394319011304
2022-10-14,1.5021676454572208
2022-10-15,1.4552582600526152
2022-10-16,1.400511275687313
2022-10-17,1.3391176765069521
2022-10-18,1.2782233673853551
2022-10-19,1.2190193324681597
2022-10-20,1.1615055717553655
2022-10-21,1.1056820852469729
2022-10-22,1.0515488729429812
2022-10-23,0.999105934843391
2022-10-24,0.9483532709482027
2022-10-25,0.8992908812574152
2022-10-26,0.851918765771029
2022-10-27,0.8062369244890444
2022-10-28,0.762245357411461
2022-10-29,0.7199440645382791
2022-10-30,0.6793330458694985
2022-10-31,0.6404123014051192
2022-11-01,0.6031818311451412
2022-11-02,0.5676416350895648
2022-11-03,0.5337917132383896
2022-11-04,0.5016320655916157
2022-11-05,0.47116269214924317
2022-11-06,0.44238359291127205
2022-11-07,0.4152947678777022
2022-11-08,0.3898962170485338
2022-11-09,0.36618794042376673
2022-11-10,0.34416993800340095
2022-11-11,0.3238422097874366
2022-11-12,0.3052047557758736
2022-11-13,0.2882575759687119
2022-11-14,0.2730006703659516
2022-11-15,0.25943403896759265
2022-11-16,0.24755768177363502
2022-11-17,0.23673883604595305
2022-11-18,0.22634473904642102
2022-11-19,0.21637539077503884
2022-11-20,0.20683079123180667
2022-11-21,0.19771094041672435
2022-11-22,0.18901583832979196
2022-11-23,0.1807454849710095
2022-11-24,0.17289988034037695
2022-11-25,0.16547902443789428
2022-11-26,0.1584829172635616
2022-11-27,0.15191155881737878
2022-11-28,0.14576494909934595
2022-11-29,0.14004308810946295
2022-11-30,0.13474597584772993
2022-12-01,0.1298736123141468
2022-12-02,0.12542599750871355
2022-12-03,0.12140313143143028
2022-12-04,0.1178050140822969
2022-12-05,0.11463164546131346
2022-12-06,0.11188302556847991
2022-12-07,0.1095591544037963
2022-12-08,0.1076600319672626
2022-12-09,0.10618565825887882
2022-12-10,0.10513603327864494
2022-12-11,0.104511157026561
2022-12-12,0.10431102950262695
2022-12-13,0.10453565070684284
2022-12-14,0.10518502063920865
2022-12-15,0.10625913929972437
2022-12-16,0.10775800668839
2022-12-17,0.10966791220030177
2022-12-18,0.11190659220603685
2022-12-19,0.11446033610069153
2022-12-20,0.11732914388426575
2022-12-21,0.12051301555675953
2022-12-22,0.12401195111817284
2022-12-23,0.12782595056850574
2022-12-24,0.13195501390775816
2022-12-25,0.13639914113593016
2022-12-26,0.14115833225302168
2022-12-27,0.1462325872590328
2022-12-28,0.15162190615396345
2022-12-29,0.15732628893781364
2022-12-30,0.1633457356105834
2022-12-31,0.16968024617227273
2023-01-01,0.1763298206228816
2023-01-02,0.18329445896241
2023-01-03,0.190574161190858
2023-01-04,0.19816892730822555
2023-01-05,0.2060787573145126
2023-01-06,0.2143036512097192
2023-01-07,0.22284360899384542
2023-01-08,0.2316986306668912
2023-01-09,0.2408687162288565
2023-01-10,0.2503538656797414
2023-01-11,0.2601540790195458
2023-01-12,0.27026935624826975
2023-01-13,0.28069969736591327
2023-01-14,0.29144510237247634
2023-01-15,0.3025055712679589
2023-01-16,0.31388110405236114
2023-01-17,0.3248466966038451
2023-01-18,0.33105232419138436
2023-01-19,0.3317729826931411
2023-01-20,0.32700867210911533
2023-01-21,0.31675939243930706
2023-01-22,0.30102514368371636
2023-01-23,0.27980592584234304
2023-01-24,0.25310173891518734
2023-01-25,0.22091258290224897
2023-01-26,0.18323845780352818
2023-01-27,0.140079363619025
2023-01-28,0.09143530034873922
2023-01-29,0.037306267992670915
2023-01-30,-0.022307733449179874
2023-01-31,-0.08740670397681322
2023-02-01,-0.1579906435902289
2023-02-02,-0.23405955228942718
2023-02-03,-0.31561343007440795
2023-02-04,-0.4026522769451712
2023-02-05,-0.49517609290171716
2023-02-06,-0.5931848779440454
2023-02-07,-0.6966786320721563
2023-02-08,-0.8056573552860493
2023-02-09,-0.9201210475857251
2023-02-10,-1.0400697089711834
2023-02-11,-1.1655033394424243
2023-02-12,-1.2964219389994476
2023-02-13,-1.4328255076422534
2023-02-14,-1.5747140453708417
2023-02-15,-1.7220875521852124
2023-02-16,-1.8647677394161277
2023-02-17,-1.99257631839435
2023-02-18,-2.1055132891198785
2023-02-19,-2.2035786515927143
2023-02-20,-2.2867724058128567
2023-02-21,-2.3550945517803057
2023-02-22,-2.4085450894950617
2023-02-23,-2.4471240189571244
2023-02-24,-2.4708313401664936
2023-02-25,-2.479667053123169
2023-02-26,-2.4736311578271515
2023-02-27,-2.4527236542784414
2023-02-28,-2.416944542477037
2023-03-01,-2.36629382242294
2023-03-02,-2.30077149411615
2023-03-03,-2.220377557556666
2023-03-04,-2.125112012744489
2023-03-05,-2.014974859679618
2023-03-06,-1.8899660983620554
2023-03-07,-1.7500857287917981
2023-03-08,-1.5953337509688486
2023-03-09,-1.4257101648932047
2023-03-10,-1.2412149705648685
2023-03-11,-1.0418481679838385
2023-03-12,-0.8276097571501153
2023-03-13,-0.5984997380636989
2023-03-14,-0.354518110724589
2023-03-15,-0.09566487513278599
2023-03-16,0.17805996871171048
2023-03-17,0.46316686497217663
2023-03-18,0.7387184786282706
2023-03-19,1.0012252538432689
2023-03-20,1.250687190617171
2023-03-21,1.4871042889499788
2023-03-22,1.7104765488416904
2023-03-23,1.920803970292306
2023-03-24,2.1180865533018265
2023-03-25,2.3023242978702516
2023-03-26,2.4735172039975803
2023-03-27,2.6316652716838145
2023-03-28,2.7767685009289527
2023-03-29,2.908826891732995
2023-03-30,3.0278404440959417
2023-03-31,3.1338091580177934
2023-04-01,3.2267330334985487
2023-04-02,3.3066120705382085
2023-04-03,3.373446269136773
2023-04-04,3.4272356292942425
2023-04-05,3.467980151010616
2023-04-06,3.4956798342858932
2023-04-07,3.5103346791200747
2023-04-08,3.511944685513162
2023-04-09,3.500509853465153
2023-04-10,3.476030182976048
2023-04-11,3.4385056740458477
2023-04-12,3.3879363266745517
2023-04-13,3.32432214086216
2023-04-14,3.247663116608673
2023-04-15,3.1579592539140906
2023-04-16,3.055210552778412
2023-04-17,2.9476576452245005
2023-04-18,2.8435411632752174
2023-04-19,2.7428611069305626
2023-04-20,2.6456174761905373
2023-04-21,2.55181027105514
2023-04-22,2.4614394915243714
2023-04-23,2.3745051375982316
2023-04-24,2.29100720927672
2023-04-25,2.210945706559837
2023-04-26,2.1343206294475836
2023-04-27,2.0611319779399575
2023-04-28,1.991379752036961
2023-04-29,1.9250639517385926
2023-04-30,1.8621845770448533
2023-05-01,1.8027416279557424
2023-05-02,1.74673510447126
2023-05-03,1.6941650065914062
2023-05-04,1.6450313343161813
2023-05-05,1.5993340876455853
2023-05-06,1.5570732665796174
2023-05-07,1.518248871118278
2023-05-08,1.4828609012615677
2023-05-09,1.4509093570094858
2023-05-10,1.4223942383620323
2023-05-11,1.3973155453192079
2023-05-12,1.375673277881012
2023-05-13,1.3574674360474446
2023-05-14,1.342698019818506
2023-05-15,1.3313650291941959
2023-05-16,1.3234684641745142
2023-05-17,1.318503615577277
2023-05-18,1.313442228309376
2023-05-19,1.3077795931886271
2023-05-20,1.3015157102150299
2023-05-21,1.2946505793885852
2023-05-22,1.2871842007092922
2023-05-23,1.2791165741771506
2023-05-24,1.2704476997921619
2023-05-25,1.2611775775543246
2023-05-26,1.2513062074636392
2023-05-27,1.240833589520106
2023-05-28,1.2297597237237246
2023-05-29,1.2180846100744953
2023-05-30,1.205808248572418
2023-05-31,1.1929306392174923
2023-06-01,1.1794517820097186
2023-06-02,1.1653716769490972
2023-06-03,1.1506903240356274
2023-06-04,1.1354077232693098
2023-06-05,1.1195238746501441
2023-06-06,1.1030387781781303
2023-06-07,1.0859524338532682
2023-06-08,1.0682648416755585
2023-06-09,1.0499760016450006
2023-06-10,1.0310859137615946
2023-06-11,1.0115945780253406
2023-06-12,0.9915019944362385
2023-06-13,0.9708081629942883
2023-06-14,0.9495130836994903
2023-06-15,0.927616756551844
2023-06-16,0.9051191815513497
2023-06-17,0.8824893132092214
2023-06-18,0.8601961060366732
2023-06-19,0.8382395600337045
2023-06-20,0.8166196752003162
2023-06-21,0.7953364515365076
2023-06-22,0.774389889042279
2023-06-23,0.7537799877176303
2023-06-24,0.7335067475625616
2023-06-25,0.7135701685770728
2023-06-26,0.6939702507611639
2023-06-27,0.674706994114835
2023-06-28,0.6557803986380862
2023-06-29,0.6371904643309172
2023-06-30,0.6189371911933281
2023-07-01,0.601020579225319
2023-07-02,0.5834406284268898
2023-07-03,0.5661973387980406
2023-07-04,0.5492907103387713
2023-07-05,0.532720743049082
2023-07-06,0.5164874369289726
2023-07-07,0.5005907919784431
2023-07-08,0.4850308081974937
2023-07-09,0.4698074855861241
2023-07-10,0.4549208241443345
2023-07-11,0.44037082387212484
2023-07-12,0.426157484769495
2023-07-13,0.4122808068364453
2023-07-14,0.39874079007297547
2023-07-15,0.3855374344790855
2023-07-16,0.3726707400547755
2023-07-17,0.3594494153263929
2023-07-18,0.3417257114520211
2023-07-19,0.31880833695800753
2023-07-20,0.2906972918443522
2023-07-21,0.25739257611105515
2023-07-22,0.21889418975811634
2023-07-23,0.17520213278553573
2023-07-24,0.12631640519331339
2023-07-25,0.07223700698144926
2023-07-26,0.012963938149943335
2023-07-27,-0.05150280130120428
2023-07-28,-0.12116321137199372
2023-07-29,-0.19601729206242488
2023-07-30,-0.2760650433724978
2023-07-31,-0.36130646530221255
2023-08-01,-0.451741557851569
2023-08-02,-0.5473703210205673
2023-08-03,-0.6481927548092072
2023-08-04,-0.7542088592174891
2023-08-05,-0.8654186342454127
2023-08-06,-0.9818220798929779
2023-08-07,-1.1034191961601847
2023-08-08,-1.2302099830470339
2023-08-09,-1.3621944405535245
2023-08-10,-1.4993725686796568
2023-08-11,-1.6417443674254308
2023-08-12,-1.7893098367908469
2023-08-13,-1.9420689767759045
2023-08-14,-2.1000217873806037
2023-08-15,-2.263168268604945
2023-08-16,-2.431508420448928
2023-08-17,-2.602582058187962
2023-08-18,-2.761628073474501
2023-08-19,-2.9061862815839548
2023-08-20,-3.0362566825163215
2023-08-21,-3.151839276271604
2023-08-22,-3.2529340628498002
2023-08-23,-3.339541042250911
2023-08-24,-3.411660214474936
2023-08-25,-3.469291579521875
2023-08-26,-3.5124351373917273
2023-08-27,-3.541090888084496
2023-08-28,-3.555258831600178
2023-08-29,-3.554938967938774
2023-08-30,-3.5401312971002854
2023-08-31,-3.5108358190847104
2023-09-01,-3.4670525338920495
2023-09-02,-3.408781441522303
2023-09-03,-3.3360225419754705
2023-09-04,-3.248775835251553
2023-09-05,-3.14704132135055
2023-09-06,-3.0308190002724604
2023-09-07,-2.900108872017285
2023-09-08,-2.754910936585025
2023-09-09,-2.5952251939756783
2023-09-10,-2.4210516441892467
2023-09-11,-2.232390287225729
2023-09-12,-2.029241123085126
2023-09-13,-1.8116041517674368
2023-09-14,-1.5794793732726622
2023-09-15,-1.3328667876008011
2023-09-16,-1.0717663947518552
2023-09-17,-0.8090541217695133
2023-09-18,-0.5576058956974649
2023-09-19,-0.31742171653571066
2023-09-20,-0.08850158428425056
2023-09-21,0.12915450105691603
2023-09-22,0.33554653948778873
2023-09-23,0.5306745310083675
2023-09-24,0.7145384756186522
2023-09-25,0.8871383733186434
2023-09-26,1.0484742241083407
2023-09-27,1.1985460279877436
2023-09-28,1.337353784956853
2023-09-29,1.4648974950156686
2023-09-30,1.5811771581641905
2023-10-01,1.686192774402418
2023-10-02,1.779944343730352
2023-10-03,1.862431866147992
2023-10-04,1.9336553416553381
2023-10-05,1.9936147702523899
2023-10-06,2.0423101519391484
2023-10-07,2.079741486715613
2023-10-08,2.1059087745817835
2023-10-09,2.1208120155376604
2023-10-10,2.124451209583243
2023-10-11,2.1168263567185317
2023-10-12,2.097937456943527
2023-10-13,2.067784510258228
2023-10-14,2.0263675166626354
2023-10-15,1.973686476156749
2023-10-16,1.9097413887405683
2023-10-17,1.8359488699194357
2023-10-18,1.7608086127254017
2023-10-19,1.6857372326638078
2023-10-20,1.6107347297346544
2023-10-21,1.535801103937941
2023-10-22,1.4609363552736678
2023-10-23,1.3861404837418345
2023-10-24,1.3114134893424423
2023-10-25,1.2367553720754898
2023-10-26,1.1621661319409775
2023-10-27,1.0876457689389056
2023-10-28,1.0131942830692737
2023-10-29,0.9388116743320823
2023-10-30,0.8644979427273313
2023-10-31,0.7902530882550203
2023-11-01,0.7160771109151495
2023-11-02,0.6419700107077191
2023-11-03,0.5679317876327288
2023-11-04,0.4939624416901786
2023-11-05,0.4200619728800689
2023-11-06,0.3462303812023994
2023-11-07,0.27246766665717004
2023-11-08,0.198773829244381
2023-11-09,0.1251488689640322
2023-11-10,0.051592785816123594
2023-11-11,-0.021894420199344785
2023-11-12,-0.09531274908237292
2023-11-13,-0.1686622008329607
2023-11-14,-0.24194277545110848
2023-11-15,-0.3151544729368158
2023-11-16,-0.3882972932900829
2023-11-17,-0.4580296326107257
2023-11-18,-0.5210098869985601
2023-11-19,-0.5772380564535861
2023-11-20,-0.6267141409758035
2023-11-21,-0.6694381405652124
2023-11-22,-0.705410055221813
2023-11-23,-0.7346298849456051
2023-11-24,-0.7570976297365887
2023-11-25,-0.7728132895947638
2023-11-26,-0.7817768645201306
2023-11-27,-0.7839883545126888
2023-11-28,-0.7794477595724387
2023-11-29,-0.7681550796993801
2023-11-30,-0.7501103148935131
2023-12-01,-0.7253134651548376
2023-12-02,-0.6937645304833536
2023-12-03,-0.6554635108790612
2023-12-04,-0.6104104063419604
2023-12-05,-0.558605216872051
2023-12-06,-0.5000479424693333
2023-12-07,-0.434738583133807
2023-12-08,-0.36267713886547237
2023-12-09,-0.2838636096643293
2023-12-10,-0.19829799553037766
2023-12-11,-0.1059802964636177
2023-12-12,-0.006910512464049082
2023-12-13,0.09891135646832767
2023-12-14,0.21148531033351314
2023-12-15,0.33081134913150717
2023-12-16,0.4568894728623094
2023-12-17,0.5880762880898704
2023-12-18,0.7145114341978929
2023-12-19,0.8345515177503273
2023-12-20,0.948196538747174
2023-12-21,1.0554464971884319
2023-12-22,1.156301393074102
2023-12-23,1.250761226404184
2023-12-24,1.3388259971786778
2023-12-25,1.4204957053975835
2023-12-26,1.4957703510609008
2023-12-27,1.5646499341686302
2023-12-28,1.6271344547207718
2023-12-29,1.6832239127173243
2023-12-30,1.7329183081582897
2023-12-31,1.7762176410436663
2024-01-01,1.813121911373455
2024-01-02,1.8436311191476553
2024-01-03,1.867745264366268
2024-01-04,1.8854643470292924
2024-01-05,1.8967883671367285
2024-01-06,1.9017173246885763
2024-01-07,1.9002512196848362
2024-01-08,1.892390052125508
2024-01-09,1.8781338220105916
2024-01-10,1.857482529340087
2024-01-11,1.8304361741139943
2024-01-12,1.7969947563323136
2024-01-13,1.7571582759950446
2024-01-14,1.7109267331021876
2024-01-15,1.6583001276537421
2024-01-16,1.5992784596497092
2024-01-17,1.5345465409760524
2024-01-18,1.4682132429485613
2024-01-19,1.400963377453201
2024-01-20,1.3327969444899712
2024-01-21,1.2637139440588725
2024-01-22,1.1937143761599038
2024-01-23,1.122798240793066
2024-01-24,1.050965537958359
2024-01-25,0.9782162676557823
2024-01-26,0.9045504298853361
2024-01-27,0.8299680246470208
2024-01-28,0.754469051940836
2024-01-29,0.6780535117667817
2024-01-30,0.6007214041248582
2024-01-31,0.5224727290150653
2024-02-01,0.4433074864374029
2024-02-02,0.363225676391871
2024-02-03,0.28222729887847003
2024-02-04,0.20031235389719942
2024-02-05,0.11748084144805955
2024-02-06,0.033732761531050204
2024-02-07,-0.05093188585382849
2024-02-08,-0.13651310070657663
2024-02-09,-0.22301088302719407
2024-02-10,-0.31042523281568096
2024-02-11,-0.39875615007203713
2024-02-12,-0.4880036347962628
2024-02-13,-0.5781676869883579
2024-02-14,-0.6692483066483222
2024-02-15,-0.7612454937761561
2024-02-16,-0.8529337391483299
2024-02-17,-0.9369599874236684
2024-02-18,-1.0120987293786414
2024-02-19,-1.0783499650132498
2024-02-20,-1.135713694327493
2024-02-21,-1.1841899173213715
2024-02-22,-1.223778633994885
2024-02-23,-1.2544798443480334
2024-02-24,-1.2762935483808167
2024-02-25,-1.289219746093235
2024-02-26,-1.2932584374852887
2024-02-27,-1.288409622556977
2024-02-28,-1.2746733013083005
2024-02-29,-1.2520494737392591
2024-03-01,-1.2205381398498525
2024-03-02,-1.1801392996400812
2024-03-03,-1.1308529531099445
2024-03-04,-1.0726791002594431
2024-03-05,-1.005617741088577
2024-03-06,-0.9296688755973457
2024-03-07,-0.8448325037857494
2024-03-08,-0.7511086256537881
2024-03-09,-0.6484972412014617
2024-03-10,-0.5369983504287705
2024-03-11,-0.4166119533357143
2024-03-12,-0.2873380499222931
2024-03-13,-0.14917664018850704
2024-03-14,-0.002127724134355597
2024-03-15,0.15380869824016025
2024-03-16,0.31863262693504146
2024-03-17,0.49019984236907166
2024-03-18,0.6556450270549571
2024-03-19,0.8128239614114812
2024-03-20,0.9617366454386442
2024-03-21,1.1023830791364466
2024-03-22,1.2347632625048877
2024-03-23,1.3588771955439682
2024-03-24,1.4747248782536875
2024-03-25,1.582306310634046
2024-03-26,1.6816214926850432
2024-03-27,1.77267042440668
2024-03-28,1.8554531057989552
2024-03-29,1.9299695368618697
2024-03-30,1.996219717595423
2024-03-31,2.054203647999616
2024-04-01,2.1039213280744473
2024-04-02,2.1453727578199184
2024-04-03,2.1785579372360275
2024-04-04,2.2034768663227764
2024-04-05,2.220129545080164
2024-04-06,2.228515973508191
2024-04-07,2.228636151606857
2024-04-08,2.220490079376162
2024-04-09,2.2040777568161056
2024-04-10,2.1793991839266886
2024-04-11,2.146454360707911
2024-04-12,2.1052432871597717
2024-04-13,2.0557659632822722
2024-04-14,1.9980223890754112
2024-04-15,1.9320125645391892
2024-04-16,1.8577364896736062
2024-04-17,1.7801893478349724
2024-04-18,1.7043663223795966
2024-04-19,1.6302674133074786
2024-04-20,1.5578926206186197
2024-04-21,1.4872419443130187
2024-04-22,1.4183153843906762
2024-04-23,1.351112940851592
2024-04-24,1.2856346136957661
2024-04-25,1.2218804029231982
2024-04-26,1.1598503085338892
2024-04-27,1.0995443305278383
2024-04-28,1.0409624689050456
2024-04-29,0.9841047236655112
2024-04-30,0.9289710948092353
2024-05-01,0.8755615823362176
2024-05-02,0.8238761862464581
2024-05-03,0.7739149065399571
2024-05-04,0.7256777432167143
2024-05-05,0.6791646962767298
2024-05-06,0.6343757657200038
2024-05-07,0.5913109515465359
2024-05-08,0.5499702537563266
2024-05-09,0.5103536723493753
2024-05-10,0.4724612073256824
2024-05-11,0.4362928586852479
2024-05-12,0.4018486264280718
2024-05-13,0.36912851055415385
2024-05-14,0.3381325110634943
2024-05-15,0.30886062795609304
2024-05-16,0.28131286123195004
2024-05-17,0.25536613135887615
2024-05-18,0.23028196114373534
2024-05-19,0.2059372710543383
2024-05-20,0.18233206109068503
2024-05-21,0.15946633125277562
2024-05-22,0.13734008154060995
2024-05-23,0.11595331195418801
2024-05-24,0.09530602249350997
2024-05-25,0.07539821315857563
2024-05-26,0.056229883949385155
2024-05-27,0.03780103486593845
2024-05-28,0.02011166590823549
2024-05-29,0.0031617770762763686
2024-05-30,-0.013048631629938988
2024-05-31,-0.02851956021041053
2024-06-01,-0.0432510086651383
2024-06-02,-0.05724297699412229
2024-06-03,-0.07049546519736247
2024-06-04,-0.08300847327485888
2024-06-05,-0.09478200122661148
2024-06-06,-0.10581604905262029
2024-06-07,-0.1161106167528853
2024-06-08,-0.12566570432740656
2024-06-09,-0.134481311776184
2024-06-10,-0.14255743909921767
2024-06-11,-0.14989408629650752
2024-06-12,-0.1564912533680536
2024-06-13,-0.16234894031385588
2024-06-14,-0.1674671471339144
2024-06-15,-0.1718458738282291
2024-06-16,-0.1754851203968
2024-06-17,-0.17858012711426802
2024-06-18,-0.18132613425527402
2024-06-19,-0.18372314181981797
2024-06-20,-0.1857711498078999
2024-06-21,-0.18747015821951982
2024-06-22,-0.18882016705467766
2024-06-23,-0.18982117631337353
2024-06-24,-0.19047318599560734
2024-06-25,-0.19077619610137914
2024-06-26,-0.19073020663068893
2024-06-27,-0.19033521758353666
2024-06-28,-0.1895912289599224
2024-06-29,-0.1884982407598461
2024-06-30,-0.18705625298330777
2024-07-01,-0.1852652656303074
2024-07-02,-0.183125278700845
2024-07-03,-0.1806362921949206
2024-07-04,-0.17779830611253417
2024-07-05,-0.17461132045368571
2024-07-06,-0.17107533521837526
2024-07-07,-0.1671903504066027
2024-07-08,-0.1629563660183682
2024-07-09,-0.15837338205367163
2024-07-10,-0.15344139851251304
2024-07-11,-0.14816041539489241
2024-07-12,-0.14253043270080976
2024-07-13,-0.1365514504302651
2024-07-14,-0.13022346858325842
2024-07-15,-0.12354648715978968
2024-07-16,-0.11652050615985891
2024-07-17,-0.10978260500912157
2024-07-18,-0.10715526026151
2024-07-19,-0.10927555134267962
2024-07-20,-0.11614347825263045
2024-07-21,-0.1277590409913625
2024-07-22,-0.14412223955887574
2024-07-23,-0.1652330739551702
2024-07-24,-0.19109154418024585
2024-07-25,-0.2216976502341027
2024-07-26,-0.2570513921167407
2024-07-27,-0.29715276982816
2024-07-28,-0.3420017833683605
2024-07-29,-0.3915984327373422
2024-07-30,-0.445942717935105
2024-07-31,-0.5050346389616491
2024-08-01,-0.5688741958169744
2024-08-02,-0.6374613885010808
2024-08-03,-0.7107962170139684
2024-08-04,-0.7888786813556375
2024-08-05,-0.8717087815260877
2024-08-06,-0.9592865175253189
2024-08-07,-1.051611889353331
2024-08-08,-1.148684897010125
2024-08-09,-1.2505055404957
2024-08-10,-1.3570738198100563
2024-08-11,-1.4683897349531934
2024-08-12,-1.584453285925112
2024-08-13,-1.7052644727258117
2024-08-14,-1.8308232953552925
2024-08-15,-1.9611297538135546
2024-08-16,-2.096183848100598
2024-08-17,-2.23381619571767
2024-08-18,-2.361010501672257
2024-08-19,-2.4755973834656047
2024-08-20,-2.5775768410977133
2024-08-21,-2.666948874568585
2024-08-22,-2.743713483878218
2024-08-23,-2.807870669026612
2024-08-24,-2.8594204300137687
2024-08-25,-2.898362766839686
2024-08-26,-2.9246976795043653
2024-08-27,-2.938425168007807
2024-08-28,-2.9395452323500098
2024-08-29,-2.9280578725309736
2024-08-30,-2.9039630885507
2024-08-31,-2.8672608804091877
2024-09-01,-2.817951248106437
2024-09-02,-2.7560341916424482
2024-09-03,-2.6815097110172204
2024-09-04,-2.594377806230755
2024-09-05,-2.4946384772830514
2024-09-06,-2.382291724174109
2024-09-07,-2.257337546903928
2024-09-08,-2.1197759454725094
2024-09-09,-1.9696069198798518
2024-09-10,-1.8068304701259559
2024-09-11,-1.631446596210822
2024-09-12,-1.44345529813445
2024-09-13,-1.242856575896839
2024-09-14,-1.02965042949799
2024-09-15,-0.8038368589379024
2024-09-16,-0.5654158642165765
2024-09-17,-0.3268604171390683
2024-09-18,-0.1006434895104325
2024-09-19,0.11323491866933014
2024-09-20,0.3147748074002189
2024-09-21,0.5039761766822354
2024-09-22,0.6808390265153789
2024-09-23,0.8453633568996491
2024-09-24,0.9975491678350463
2024-09-25,1.1373964593215709
2024-09-26,1.2649052313592224
2024-09-27,1.3800754839480003
2024-09-28,1.4829072170879058
2024-09-29,1.573400430778938
2024-09-30,1.6515551250210976
2024-10-01,1.717371299814384
2024-10-02,1.7708489551587967
2024-10-03,1.8119880910543371
2024-10-04,1.8407887075010043
2024-10-05,1.8572508044987983
2024-10-06,1.8613743820477195
2024-10-07,1.8531594401477678
2024-10-08,1.8326059787989433
2024-10-09,1.799713998001245
2024-10-10,1.7544834977546742
2024-10-11,1.6969144780592302
2024-10-12,1.6270069389149133
2024-10-13,1.5447608803217234
2024-10-14,1.4501763022796605
2024-10-15,1.343253204788725
2024-10-16,1.2239915878489156
2024-10-17,1.0945247461372134
2024-10-18,0.9676524477154957
2024-10-19,0.8455079872607425
2024-10-20,0.7280913647729537
2024-10-21,0.6154025802521297
2024-10-22,0.5074416336982694
2024-10-23,0.4042085251113738
2024-10-24,0.3057032544914428
2024-10-25,0.2119258218384758
2024-10-26,0.12287622715247354
2024-10-27,0.03855447043343557
2024-10-28,-0.04103944831863811
2024-10-29,-0.11590552910374725
2024-10-30,-0.18604377192189214
2024-10-31,-0.2514541767730725
2024-11-01,-0.3121367436572886
2024-11-02,-0.3680914725745402
2024-11-03,-0.41931836352482743
2024-11-04,-0.4658174165081503
2024-11-05,-0.5075886315245087
2024-11-06,-0.5446320085739027
2024-11-07,-0.5769475476563323
2024-11-08,-0.6045352487717975
2024-11-09,-0.6273951119202985
2024-11-10,-0.645527137101835
2024-11-11,-0.6589313243164069
2024-11-12,-0.6676076735640146
2024-11-13,-0.6715561848446577
2024-11-14,-0.6707768581583368
2024-11-15,-0.6652696935050512
2024-11-16,-0.6550346908848013
2024-11-17,-0.6418869748219723
2024-11-18,-0.62764166984095
2024-11-19,-0.612298775941734
2024-11-20,-0.5958582931243244
2024-11-21,-0.5783202213887214
2024-11-22,-0.5596845607349247
2024-11-23,-0.5399513111629345
2024-11-24,-0.5191204726727507
2024-11-25,-0.4971920452643734
2024-11-26,-0.4741660289378027
2024-11-27,-0.45004242369303826
2024-11-28,-0.4248212295300804
2024-11-29,-0.3985024464489289
2024-11-30,-0.37108607444958397
2024-12-01,-0.3425721135320455
2024-12-02,-0.31296056369631325
2024-12-03,-0.28225142494238764
2024-12-04,-0.25044469727026847
2024-12-05,-0.21754038067995574
2024-12-06,-0.18353847517144944
2024-12-07,-0.14843898074474965
2024-12-08,-0.11224189739985624
2024-12-09,-0.07494722513676937
2024-12-10,-0.03655496395548887
2024-12-11,0.002934886143985088
2024-12-12,0.043522325161652685
2024-12-13,0.08520735309751375
2024-12-14,0.12798996995156844
2024-12-15,0.17187017572381663
2024-12-16,0.21684797041425838
2024-12-17,0.2622451836560166
2024-12-18,0.3039927932478287
2024-12-19,0.3414126288228177
2024-12-20,0.37450469038098355
2024-12-21,0.40326897792232635
2024-12-22,0.4277054914468457
2024-12-23,0.44781423095454226
2024-12-24,0.46359519644541547
2024-12-25,0.4750483879194656
2024-12-26,0.48217380537669263
2024-12-27,0.4849714488170964
2024-12-28,0.4834413182406771
2024-12-29,0.4775834136474346
2024-12-30,0.46739773503736914
2024-12-31,0.4528842824104804
2025-01-01,0.4340430557667685
2025-01-02,0.4108740551062335
2025-01-03,0.3833772804288753
2025-01-04,0.351552731734694
2025-01-05,0.31540040902368954
2025-01-06,0.2749203122958619
2025-01-07,0.23011244155121113
2025-01-08,0.18097679678973735
2025-01-09,0.12751337801144022
2025-01-10,0.06972218521632008
2025-01-11,0.0076032184043767605
2025-01-12,-0.0588435224243898
2025-01-13,-0.1296180372699793
2025-01-14,-0.2047203261323922
2025-01-15,-0.2841503890116279
2025-01-16,-0.36790822590768707
2025-01-17,-0.4552364526781639
2025-01-18,-0.5415907644686283
2025-01-19,-0.6262137771366746
2025-01-20,-0.7091054906823031
2025-01-21,-0.7902659051055134
2025-01-22,-0.8696950204063062
2025-01-23,-0.9473928365846805
2025-01-24,-1.0233593536406371
2025-01-25,-1.0975945715741757
2025-01-26,-1.1700984903852965
2025-01-27,-1.2408711100739993
2025-01-28,-1.3099124306402843
2025-01-29,-1.3772224520841512
2025-01-30,-1.4428011744056004
2025-01-31,-1.506648597604631
2025-02-01,-1.5687647216812446
2025-02-02,-1.6291495466354395
2025-02-03,-1.6878030724672166
2025-02-04,-1.7447252991765758
2025-02-05,-1.7999162267635176
2025-02-06,-1.8533758552280408
2025-02-07,-1.9051041845701466
2025-02-08,-1.955101214789834
2025-02-09,-2.0033669458871035
2025-02-10,-2.049901377861955
2025-02-11,-2.0947045107143887
2025-02-12,-2.1377763444444047
2025-02-13,-2.1791168790520024
2025-02-14,-2.218726114537182
2025-02-15,-2.256604050899944
2025-02-16,-2.289566870205928
2025-02-17,-2.3144307545207736
2025-02-18,-2.33119570384448
2025-02-19,-2.3398617181770494
2025-02-20,-2.3404287975184794
2025-02-21,-2.3328969418687713
2025-02-22,-2.3172661512279253
2025-02-23,-2.2935364255959407
2025-02-24,-2.2617077649728174
2025-02-25,-2.2217801693585555
2025-02-26,-2.1737536387531557
2025-02-27,-2.117628173156617
2025-02-28,-2.0534037725689402
2025-03-01,-1.9810804369901256
2025-03-02,-1.9006581664201725
2025-03-03,-1.8121369608590803
2025-03-04,-1.71551682030685
2025-03-05,-1.6107977447634816
2025-03-06,-1.497979734228975
2025-03-07,-1.3770627887033295
2025-03-08,-1.248046908186546
2025-03-09,-1.1109320926786235
2025-03-10,-0.9657183421795634
2025-03-11,-0.8124056566893646
2025-03-12,-0.6509940362080273
2025-03-13,-0.4814834807355517
2025-03-14,-0.3038739902719378
2025-03-15,-0.11816556481718547
2025-03-16,0.07564179562870532
2025-03-17,0.2754629826199828
2025-03-18,0.46878734548213735
2025-03-19,0.6535297757694176
2025-03-20,0.8296902734818233
2025-03-21,0.9972688386193549
2025-03-22,1.1562654711820122
2025-03-23,1.306680171169795
2025-03-24,1.4485129385827034
2025-03-25,1.5817637734207373
2025-03-26,1.7064326756838966
2025-03-27,1.8225196453721824
2025-03-28,1.9300246824855931
2025-03-29,2.0289477870241295
2025-03-30,2.119288958987792
2025-03-31,2.2010481983765797
2025-04-01,2.274225505190493
2025-04-02,2.3388208794295315
2025-04-03,2.3948343210936964
2025-04-04,2.4422658301829867
2025-04-05,2.4811154066974024
2025-04-06,2.511383050636944
2025-04-07,2.533068762001611
2025-04-08,2.546172540791404
2025-04-09,2.550694387006322
2025-04-10,2.546634300646366
2025-04-11,2.533992281711536
2025-04-12,2.512768330201831
2025-04-13,2.4829624461172517
2025-04-14,2.444574629457798
2025-04-15,2.39760488022347
2025-04-16,2.3420531984142676
2025-04-17,2.2826153289164135
2025-04-18,2.2239870166161304
2025-04-19,2.1661682615134166
2025-04-20,2.1091590636082738
2025-04-21,2.052959422900701
2025-04-22,1.9975693393906993
2025-04-23,1.942988813078268
2025-04-24,1.889217843963407
2025-04-25,1.8362564320461163
2025-04-26,1.7841045773263966
2025-04-27,1.7327622798042468
2025-04-28,1.6822295394796678
2025-04-29,1.6325063563526592
2025-04-30,1.5835927304232214
2025-05-01,1.5354886616913537
2025-05-02,1.4881941501570564
2025-05-03,1.4417091958203299
2025-05-04,1.396033798681174
2025-05-05,1.3511679587395882
2025-05-06,1.307111675995573
2025-05-07,1.263864950449128
2025-05-08,1.221427782100254
2025-05-09,1.17980017094895
2025-05-10,1.1389821169952163
2025-05-11,1.0989736202390539
2025-05-12,1.0597746806804615
2025-05-13,1.0213852983194396
2025-05-14,0.9838054731559881
2025-05-15,0.9470352051901072
2025-05-16,0.9110744944217966
2025-05-17,0.8761464365537818
2025-05-18,0.8435896058024126
2025-05-19,0.8136270978704145
2025-05-20,0.7862589127577874
2025-05-21,0.7614850504645312
2025-05-22,0.7393055109906458
2025-05-23,0.7197202943361313
2025-05-24,0.7027294005009881
2025-05-25,0.6883328294852153
2025-05-26,0.6765305812888138
2025-05-27,0.6673226559117833
2025-05-28,0.6607090533541236
2025-05-29,0.6566897736158347
2025-05-30,0.6552648166969168
2025-05-31,0.65643418259737
2025-06-01,0.660197871317194
2025-06-02,0.666555882856389
2025-06-03,0.6755082172149549
2025-06-04,0.6870548743928917
2025-06-05,0.7011958543901995
2025-06-06,0.7179311572068782
2025-06-07,0.7372607828429277
2025-06-08,0.7591847312983484
2025-06-09,0.7837030025731399
2025-06-10,0.8108155966673023
2025-06-11,0.8405225135808357
2025-06-12,0.8728237533137401
2025-06-13,0.9077193158660152
2025-06-14,0.9452092012376615
2025-06-15,0.9852934094286786
2025-06-16,1.0279719404390666
2025-06-17,1.070700030328016
2025-06-18,1.1109329151547183
2025-06-19,1.1486705949191722
2025-06-20,1.1839130696213784
2025-06-21,1.2166603392613369
2025-06-22,1.2469124038390476
2025-06-23,1.2746692633545107
2025-06-24,1.2999309178077256
2025-06-25,1.3226973671986932
2025-06-26,1.3429686115274129
2025-06-27,1.3607446507938845
2025-06-28,1.3760254849981088
2025-06-29,1.388811114140085
2025-06-30,1.3991015382198135
2025-07-01,1.4068967572372943
2025-07-02,1.4121967711925272
2025-07-03,1.4150015800855125
2025-07-04,1.4153111839162498
2025-07-05,1.4131255826847395
2025-07-06,1.4084447763909813
2025-07-07,1.4012687650349753
2025-07-08,1.3915975486167218
2025-07-09,1.37943112713622
2025-07-10,1.3647695005934708
2025-07-11,1.347612668988474
2025-07-12,1.327960632321229
2025-07-13,1.3058133905917362
2025-07-14,1.281170943799996
2025-07-15,1.2540332919460078
2025-07-16,1.2244004350297717
2025-07-17,1.192111810816178
2025-07-18,1.1562040458945642
2025-07-19,1.116516578029821
2025-07-20,1.073049407221948
2025-07-21,1.0258025334709453
2025-07-22,0.9747759567768127
2025-07-23,0.9199696771395505
2025-07-24,0.8613836945591583
2025-07-25,0.7990180090356365
2025-07-26,0.7328726205689846
2025-07-27,0.6629475291592033
2025-07-28,0.5892427348062923
2025-07-29,0.5117582375102514
2025-07-30,0.43049403727108065
2025-07-31,0.34545013408878017
2025-08-01,0.25662652796335
2025-08-02,0.1640232188947899
2025-08-03,0.06764020688310021
2025-08-04,-0.03252250807171935
2025-08-05,-0.13646492596966858
2025-08-06,-0.24418704681074768
2025-08-07,-0.3556888705949563
2025-08-08,-0.4709703973222952
2025-08-09,-0.5900316269927635
2025-08-10,-0.7128725596063616
2025-08-11,-0.8394931951630894
2025-08-12,-0.9698935336629472
2025-08-13,-1.1040735751059345
2025-08-14,-1.2420333194920516
2025-08-15,-1.3837727668212987
2025-08-16,-1.5292919170936754
2025-08-17,-1.6762291047511573
2025-08-18,-1.8104143364455942
2025-08-19,-1.9294859466189618
2025-08-20,-2.033443935271259
2025-08-21,-2.122288302402488
2025-08-22,-2.1960190480126474
2025-08-23,-2.2546361721017365
2025-08-24,-2.298139674669757
2025-08-25,-2.326529555716707
2025-08-26,-2.3398058152425874
2025-08-27,-2.337968453247399
2025-08-28,-2.3210174697311414
2025-08-29,-2.288952864693814
2025-08-30,-2.241774638135417
2025-08-31,-2.1794827900559506
2025-09-01,-2.102077320455414
2025-09-02,-2.009558229333809
2025-09-03,-1.9019255166911333
2025-09-04,-1.7791791825273888
2025-09-05,-1.6413192268425751
2025-09-06,-1.4883456496366916
2025-09-07,-1.3202584509097381
2025-09-08,-1.1370576306617155
2025-09-09,-0.9387431888926236
2025-09-10,-0.725315125602462
2025-09-11,-0.49677344079123126
2025-09-12,-0.25311813445893044
2025-09-13,0.005650793394439292
2025-09-14,0.2795333427688792
2025-09-15,0.5685295136643881
2025-09-16,0.8726393060809667
2025-09-17,1.1761658686129692
2025-09-18,1.4634123498547518
2025-09-19,1.7343787498063121
2025-09-20,1.9890650684676512
2025-09-21,2.2274713058387694
2025-09-22,2.4495974619196668
2025-09-23,2.655443536710343
2025-09-24,2.845009530210798
2025-09-25,3.018295442421032
2025-09-26,3.1753012733410455
2025-09-27,3.3160270229708364
2025-09-28,3.4404726913104073
2025-09-29,3.548638278359757
2025-09-30,3.6405237841188858
2025-10-01,3.716129208587794
2025-10-02,3.7754545517664795
2025-10-03,3.818499813654945
2025-10-04,3.845264994253189
2025-10-05,3.8557500935612117
2025-10-06,3.8499551115790136
2025-10-07,3.8278800483065942
2025-10-08,3.789524903743954
2025-10-09,3.734889677891093
2025-10-10,3.66397437074801
2025-10-11,3.5767789823147065
2025-10-12,3.473303512591182
2025-10-13,3.353547961577436
2025-10-14,3.2175123292734695
2025-10-15,3.0651966156792816
2025-10-16,2.896600820794872
2025-10-17,2.7144456786896316
2025-10-18,2.5350555937798966
2025-10-19,2.361151300135057
2025-10-20,2.1927327977551117
2025-10-21,2.029800086640063
2025-10-22,1.8723531667899083
2025-10-23,1.7203920382046487
2025-10-24,1.5739167008842851
2025-10-25,1.4329271548288158
2025-10-26,1.297423400038242
2025-10-27,1.167405436512564
2025-10-28,1.0428732642517802
2025-10-29,0.9238268832558921
2025-10-30,0.810266293524899
2025-10-31,0.7021914950588012
2025-11-01,0.5996024878575984
2025-11-02,0.5024992719212907
2025-11-03,0.41088184724987853
2025-11-04,0.3247502138433611
2025-11-05,0.24410437170173901
2025-11-06,0.16894432082501218
2025-11-07,0.09927006121318041
2025-11-08,0.03508159286624384
2025-11-09,-0.02362108421579762
2025-11-10,-0.0768379700329439
2025-11-11,-0.12456906458519501
2025-11-12,-0.1668143678725509
2025-11-13,-0.20357387989501172
2025-11-14,-0.23484760065257734
2025-11-15,-0.26063553014524776
2025-11-16,-0.2809376683730231
2025-11-17,-0.29718099536829584
2025-11-18,-0.31079249116345886
2025-11-19,-0.32177215575851204
2025-11-20,-0.3301199891534553
2025-11-21,-0.33583599134828884
2025-11-22,-0.3389201623430125
2025-11-23,-0.3393725021376263
2025-11-24,-0.33719301073213037
2025-11-25,-0.33238168812652447
2025-11-26,-0.32493853432080894
2025-11-27,-0.3148635493149835
2025-11-28,-0.3021567331090483
2025-11-29,-0.28681808570300316
2025-11-30,-0.2688476070968482
2025-12-01,-0.2482452972905835
2025-12-02,-0.22501115628420887
2025-12-03,-0.19914518407772455
2025-12-04,-0.17064738067113028
2025-12-05,-0.13951774606442627
2025-12-06,-0.10575628025761245
2025-12-07,-0.06936298325068878
2025-12-08,-0.030337855043655233
2025-12-09,0.011319104363488042
2025-12-10,0.055607894970741235
2025-12-11,0.10252851677810428
2025-12-12,0.15208096978557709
2025-12-13,0.20426525399315967
2025-12-14,0.25908136940085214
2025-12-15,0.31652931600865447
2025-12-16,0.37660909381656643
2025-12-17,0.43932070282458846
2025-12-18,0.5046641430327202
2025-12-19,0.5726394144409618
2025-12-20,0.6432465170493131
2025-12-21,0.7164854508577744
2025-12-22,0.7923562158663453
2025-12-23,0.8708588120750262
2025-12-24,0.951993239483817
2025-12-25,1.0357594980927176
2025-12-26,1.122157587901728
2025-12-27,1.2111875089108481
2025-12-28,1.302849261120078
2025-12-29,1.3971428445294176
2025-12-30,1.4940682591388674
2025-12-31,1.593625504948427
2026-01-01,1.695814581958096
2026-01-02,
2026-01-03,
2026-01-04,
2026-01-05,
2026-01-06,
2026-01-07,
2026-01-08,
2026-01-09,
2026-01-10,
2026-01-11,
2026-01-12,
2026-01-13,
2026-01-14,
2026-01-15,
2026-01-16,
2026-01-17,
2026-01-18,
2026-01-19,
2026-01-20,
2026-01-21,
2026-01-22,
2026-01-23,
2026-01-24,
2026-01-25,
2026-01-26,
2026-01-27,
2026-01-28,
2026-01-29,
2026-01-30,
2026-01-31,
2026-02-01,
2026-02-02,
2026-02-03,
2026-02-04,
2026-02-05,
2026-02-06,
2026-02-07,
2026-02-08,
2026-02-09,
2026-02-10,
2026-02-11,
2026-02-12,
2026-02-13,
2026-02-14,
2026-02-15,
2026-02-16,
2026-02-17,
2026-02-18,
2026-02-19,
2026-02-20,
2026-02-21,
2026-02-22,
2026-02-23,
2026-02-24,
2026-02-25,
2026-02-26,
2026-02-27,
2026-02-28,
2026-03-01,
2026-03-02,
2026-03-03,
2026-03-04,
2026-03-05,
2026-03-06,
2026-03-07,
2026-03-08,
2026-03-09,
2026-03-10,
2026-03-11,
2026-03-12,
2026-03-13,
2026-03-14,
2026-03-15,
2026-03-16,
2026-03-17,
2026-03-18,
2026-03-19,
2026-03-20,
2026-03-21,
2026-03-22,
2026-03-23,
2026-03-24,
2026-03-25,
2026-03-26,
2026-03-27,
2026-03-28,
2026-03-29,
2026-03-30,
2026-03-31,
2026-04-01,
2026-04-02,
2026-04-03,
2026-04-04,
2026-04-05,
2026-04-06,
2026-04-07,
2026-04-08,
2026-04-09,
2026-04-10,
2026-04-11,
2026-04-12,
2026-04-13,
2026-04-14,
2026-04-15,
2026-04-16,
2026-04-17,
2026-04-18,
2026-04-19,
2026-04-20,
2026-04-21,
2026-04-22,
2026-04-23,
2026-04-24,
2026-04-25,
2026-04-26,
2026-04-27,
2026-04-28,
2026-04-29,
2026-04-30,
2026-05-01,
2026-05-02,
2026-05-03,
2026-05-04,
2026-05-05,
2026-05-06,
2026-05-07,
2026-05-08,
2026-05-09,
2026-05-10,
2026-05-11,
2026-05-12,
2026-05-13,
2026-05-14,
2026-05-15,
2026-05-16,
2026-05-17,
2026-05-18,
2026-05-19,
2026-05-20,
2026-05-21,
2026-05-22,
2026-05-23,
2026-05-24,
2026-05-25,
2026-05-26,
2026-05-27,
2026-05-28,
2026-05-29,
2026-05-30,
2026-05-31,
2026-06-01,
2026-06-02,
2026-06-03,
2026-06-04,
2026-06-05,
2026-06-06,
2026-06-07,
2026-06-08,
2026-06-09,
2026-06-10,
2026-06-11,
2026-06-12,
2026-06-13,
2026-06-14,
2026-06-15,
2026-06-16,
2026-06-17,
2026-06-18,
2026-06-19,
2026-06-20,
2026-06-21,
2026-06-22,
2026-06-23,
2026-06-24,
2026-06-25,
2026-06-26,
2026-06-27,
2026-06-28,
2026-06-29,
2026-06-30,
