date,log_wui
1999-01-01,-1.9853138789551377
1999-01-02,-1.974067106892943
1999-01-03,-1.9629574866141475
1999-01-04,-1.951985018118752
1999-01-05,-1.9411497014067551
1999-01-06,-1.9304515364781576
1999-01-07,-1.91989052333296
1999-01-08,-1.9094666619711615
1999-01-09,-1.8991799523927628
1999-01-10,-1.8890303945977631
1999-01-11,-1.879017988586163
1999-01-12,-1.8691427343579627
1999-01-13,-1.8594046319131612
1999-01-14,-1.849803681251759
1999-01-15,-1.840339882373757
1999-01-16,-1.8310132352791535
1999-01-17,-1.8218237399679502
1999-01-18,-1.812771396440146
1999-01-19,-1.803856204695741
1999-01-20,-1.7950781647347356
1999-01-21,-1.7864372765571295
1999-01-22,-1.7779335401629233
1999-01-23,-1.769566955552116
1999-01-24,-1.761337522724708
1999-01-25,-1.7532452416806996
1999-01-26,-1.7452901124200906
1999-01-27,-1.7374721349428812
1999-01-28,-1.729791309249071
1999-01-29,-1.7222476353386602
1999-01-30,-1.714841113211649
1999-01-31,-1.7075717428680373
1999-02-01,-1.7004395243078243
1999-02-02,-1.6934444575310117
1999-02-03,-1.6865865425375977
1999-02-04,-1.6798657793275833
1999-02-05,-1.6732821679009684
1999-02-06,-1.666835708257753
1999-02-07,-1.660526400397937
1999-02-08,-1.6543542443215205
1999-02-09,-1.6483192400285032
1999-02-10,-1.6424213875188856
1999-02-11,-1.636660686792667
1999-02-12,-1.6310371378498483
1999-02-13,-1.6255507406904284
1999-02-14,-1.6202014953144084
1999-02-15,-1.6149894017217876
1999-02-16,-1.609914459912566
1999-02-17,-1.6049766698867445
1999-02-18,-1.6001760316443219
1999-02-19,-1.5955125451852985
1999-02-20,-1.590986210509675
1999-02-21,-1.5865970276174506
1999-02-22,-1.5823449965086258
1999-02-23,-1.5782301171832005
1999-02-24,-1.5742523896411744
1999-02-25,-1.5704118138825476
1999-02-26,-1.5667083899073204
1999-02-27,-1.5631421177154925
1999-02-28,-1.5597129973070643
1999-03-01,-1.5564210286820352
1999-03-02,-1.5532662118404057
1999-03-03,-1.5502485467821756
1999-03-04,-1.5473680335073445
1999-03-05,-1.5446246720159131
1999-03-06,-1.5420184623078812
1999-03-07,-1.5395494043832487
1999-03-08,-1.5372174982420153
1999-03-09,-1.5350227438841817
1999-03-10,-1.5329651413097476
1999-03-11,-1.5310446905187127
1999-03-12,-1.5292613915110769
1999-03-13,-1.5276152442868411
1999-03-14,-1.5261062488460047
1999-03-15,-1.524734405188567
1999-03-16,-1.5234997133145292
1999-03-17,-1.5224021732238908
1999-03-18,-1.521441784916652
1999-03-19,-1.5206185483928119
1999-03-20,-1.519932463652372
1999-03-21,-1.5193835306953314
1999-03-22,-1.5189717495216897
1999-03-23,-1.5186971201314479
1999-03-24,-1.518559642524605
1999-03-25,-1.5185593167011617
1999-03-26,-1.5186961426611183
1999-03-27,-1.5189701204044739
1999-03-28,-1.5193812499312287
1999-03-29,-1.5199295312413834
1999-03-30,-1.5206149643349374
1999-03-31,-1.5214375492118908
1999-04-01,-1.5223972858722434
1999-04-02,-1.5234941743159955
1999-04-03,-1.5247282145431469
1999-04-04,-1.5260994065536977
1999-04-05,-1.5276077503476482
1999-04-06,-1.529253245924998
1999-04-07,-1.5310358932857473
1999-04-08,-1.532955692429896
1999-04-09,-1.5350126433574438
1999-04-10,-1.5372067460683911
1999-04-11,-1.5395380005627382
1999-04-12,-1.5420064068404842
1999-04-13,-1.5446119649016299
1999-04-14,-1.5473546747461748
1999-04-15,-1.5502345363741192
1999-04-16,-1.5532515497854633
1999-04-17,-1.5564057149802064
1999-04-18,-1.5596970319583492
1999-04-19,-1.5631255007198912
1999-04-20,-1.5666911212648327
1999-04-21,-1.5703938935931738
1999-04-22,-1.5742338177049138
1999-04-23,-1.5782108936000538
1999-04-24,-1.5823251212785927
1999-04-25,-1.5865765007405312
1999-04-26,-1.5909650319858692
1999-04-27,-1.5954907150146067
1999-04-28,-1.6001535498267436
1999-04-29,-1.6049535364222798
1999-04-30,-1.6098906748012154
1999-05-01,-1.6149649649635502
1999-05-02,-1.6201764069092848
1999-05-03,-1.6255250006384188
1999-05-04,-1.631010746150952
1999-05-05,-1.6366336434468844
1999-05-06,-1.6423936925262166
1999-05-07,-1.648290893388948
1999-05-08,-1.654325246035079
1999-05-09,-1.6604967504646093
1999-05-10,-1.666805406677539
1999-05-11,-1.6732512146738683
1999-05-12,-1.6798341744535965
1999-05-13,-1.6865542860167242
1999-05-14,-1.693411549363252
1999-05-15,-1.7004059644931784
1999-05-16,-1.7075375314065049
1999-05-17,-1.714782821159006
1999-05-18,-1.722001260085336
1999-05-19,-1.7291694192412708
1999-05-20,-1.7362872986268099
1999-05-21,-1.7433548982419536
1999-05-22,-1.7503722180867016
1999-05-23,-1.757339258161054
1999-05-24,-1.7642560184650118
1999-05-25,-1.7711224989985732
1999-05-26,-1.77793869976174
1999-05-27,-1.78470462075451
1999-05-28,-1.7914202619768853
1999-05-29,-1.7980856234288654
1999-05-30,-1.8047007051104496
1999-05-31,-1.8112655070216386
1999-06-01,-1.8177800291624318
1999-06-02,-1.8242442715328295
1999-06-03,-1.830658234132832
1999-06-04,-1.8370219169624389
1999-06-05,-1.8433353200216507
1999-06-06,-1.849598443310466
1999-06-07,-1.855811286828887
1999-06-08,-1.8619738505769117
1999-06-09,-1.8680861345545414
1999-06-10,-1.874148138761775
1999-06-11,-1.8801598631986136
1999-06-12,-1.8861213078650567
1999-06-13,-1.8920324727611042
1999-06-14,-1.897893357886756
1999-06-15,-1.9037039632420127
1999-06-16,-1.9094642888268742
1999-06-17,-1.91517433464134
1999-06-18,-1.9208341006854093
1999-06-19,-1.9264435869590844
1999-06-20,-1.9320027934623634
1999-06-21,-1.937511720195247
1999-06-22,-1.9429703671577352
1999-06-23,-1.948378734349828
1999-06-24,-1.953736821771525
1999-06-25,-1.959044629422827
1999-06-26,-1.9643021573037334
1999-06-27,-1.9695094054142444
1999-06-28,-1.9746663737543595
1999-06-29,-1.9797730623240792
1999-06-30,-1.9848294711234036
1999-07-01,-1.9898356001523323
1999-07-02,-1.9947914494108656
1999-07-03,-1.9996970188990038
1999-07-04,-2.004552308616746
1999-07-05,-2.009357318564093
1999-07-06,-2.014112048741044
1999-07-07,-2.0188164991476
1999-07-08,-2.023470669783761
1999-07-09,-2.0280745606495256
1999-07-10,-2.032628171744895
1999-07-11,-2.0371315030698693
1999-07-12,-2.041584554624448
1999-07-13,-2.0459873264086306
1999-07-14,-2.050339818422418
1999-07-15,-2.0546420306658106
1999-07-16,-2.0588939631388072
1999-07-17,-2.063095615841408
1999-07-18,-2.067246988773614
1999-07-19,-2.071348081935424
1999-07-20,-2.0753988953268387
1999-07-21,-2.0793994289478577
1999-07-22,-2.0833496827984814
1999-07-23,-2.08724965687871
1999-07-24,-2.091099351188543
1999-07-25,-2.0948987657279794
1999-07-26,-2.0986479004970215
1999-07-27,-2.102346755495668
1999-07-28,-2.105995330723919
1999-07-29,-2.109593626181774
1999-07-30,-2.1131416418692335
1999-07-31,-2.1166393777862984
1999-08-01,-2.1200868339329673
1999-08-02,-2.1234840103092405
1999-08-03,-2.126830906915118
1999-08-04,-2.1301275237506005
1999-08-05,-2.133373860815688
1999-08-06,-2.136569918110379
1999-08-07,-2.139715695634675
1999-08-08,-2.142811193388576
1999-08-09,-2.1458564113720806
1999-08-10,-2.14885134958519
1999-08-11,-2.151796008027904
1999-08-12,-2.1546903867002225
1999-08-13,-2.1575344856021457
1999-08-14,-2.1603283047336737
1999-08-15,-2.1630718440948056
1999-08-16,-2.165765103685542
1999-08-17,-2.1684080835058834
1999-08-18,-2.171000783555829
1999-08-19,-2.1735432038353792
1999-08-20,-2.1760353443445335
1999-08-21,-2.1784772050832926
1999-08-22,-2.180868786051657
1999-08-23,-2.183210087249625
1999-08-24,-2.185501108677198
1999-08-25,-2.1877418503343753
1999-08-26,-2.1899323122211567
1999-08-27,-2.192072494337543
1999-08-28,-2.194162396683534
1999-08-29,-2.19620201925913
1999-08-30,-2.198191362064329
1999-08-31,-2.200130425099134
1999-09-01,-2.202019208363543
1999-09-02,-2.203857711857556
1999-09-03,-2.205645935581174
1999-09-04,-2.2073838795343965
1999-09-05,-2.2090715437172235
1999-09-06,-2.210708928129655
1999-09-07,-2.2122960327716905
1999-09-08,-2.2138328576433315
1999-09-09,-2.2153194027445764
1999-09-10,-2.216755668075426
1999-09-11,-2.21814165363588
1999-09-12,-2.2194773594259383
1999-09-13,-2.220762785445602
1999-09-14,-2.2219979316948693
1999-09-15,-2.2231827981737418
1999-09-16,-2.224317384882218
1999-09-17,-2.2254016918202995
1999-09-18,-2.226435718987985
1999-09-19,-2.227419466385275
1999-09-20,-2.22835293401217
1999-09-21,-2.229236121868669
1999-09-22,-2.230069029954773
1999-09-23,-2.230851658270481
1999-09-24,-2.231584006815794
1999-09-25,-2.2322660755907116
1999-09-26,-2.232897864595233
1999-09-27,-2.2334793738293595
1999-09-28,-2.2340106032930906
1999-09-29,-2.2344915529864258
1999-09-30,-2.2349222229093657
1999-10-01,-2.2353026130619105
1999-10-02,-2.235664678167599
1999-10-03,-2.236040372949973
1999-10-04,-2.236429697409031
1999-10-05,-2.2368326515447743
1999-10-06,-2.237249235357202
1999-10-07,-2.2376794488463143
1999-10-08,-2.2381232920121117
1999-10-09,-2.2385807648545937
1999-10-10,-2.23905186737376
1999-10-11,-2.239536599569611
1999-10-12,-2.240034961442147
1999-10-13,-2.2405469529913673
1999-10-14,-2.241072574217273
1999-10-15,-2.2416118251198625
1999-10-16,-2.242164705699137
1999-10-17,-2.242731215955097
1999-10-18,-2.2433113558877404
1999-10-19,-2.2439051254970694
1999-10-20,-2.2445125247830826
1999-10-21,-2.2451335537457804
1999-10-22,-2.2457682123851637
1999-10-23,-2.2464165007012307
1999-10-24,-2.2470784186939827
1999-10-25,-2.24775396636342
1999-10-26,-2.248443143709541
1999-10-27,-2.249145950732347
1999-10-28,-2.249862387431838
1999-10-29,-2.2505924538080135
1999-10-30,-2.2513361498608737
1999-10-31,-2.2520934755904185
1999-11-01,-2.252864430996648
1999-11-02,-2.253649016079563
1999-11-03,-2.254447230839162
1999-11-04,-2.255259075275445
1999-11-05,-2.2560845493884134
1999-11-06,-2.2569236531780663
1999-11-07,-2.257776386644404
1999-11-08,-2.258642749787427
1999-11-09,-2.2595227426071336
1999-11-10,-2.2604163651035254
1999-11-11,-2.2613236172766014
1999-11-12,-2.2622444991263624
1999-11-13,-2.2631790106528085
1999-11-14,-2.2641271518559387
1999-11-15,-2.2650889227357545
1999-11-16,-2.266064323292254
1999-11-17,-2.2670533535254385
1999-11-18,-2.2680560134353076
1999-11-19,-2.269072303021862
1999-11-20,-2.2701022222851006
1999-11-21,-2.2711457712250236
1999-11-22,-2.2722029498416316
1999-11-23,-2.2732737581349243
1999-11-24,-2.2743581961049015
1999-11-25,-2.275456263751564
1999-11-26,-2.27656796107491
1999-11-27,-2.277693288074942
1999-11-28,-2.2788322447516576
1999-11-29,-2.2799848311050583
1999-11-30,-2.281151047135144
1999-12-01,-2.282330892841914
1999-12-02,-2.283524368225369
1999-12-03,-2.2847314732855084
1999-12-04,-2.2859522080223327
1999-12-05,-2.287186572435842
1999-12-06,-2.2884345665260355
1999-12-07,-2.289696190292913
1999-12-08,-2.290971443736476
1999-12-09,-2.292260326856724
1999-12-10,-2.2935628396536565
1999-12-11,-2.294878982127273
1999-12-12,-2.2962087542775746
1999-12-13,-2.2975521561045613
1999-12-14,-2.298909187608232
1999-12-15,-2.300279848788588
1999-12-16,-2.301664139645628
1999-12-17,-2.303062060179353
1999-12-18,-2.3044736103897634
1999-12-19,-2.3058987902768573
1999-12-20,-2.3073375998406367
1999-12-21,-2.308790039081101
1999-12-22,-2.3102561079982493
1999-12-23,-2.3117358065920826
1999-12-24,-2.3132291348626
1999-12-25,-2.314736092809803
1999-12-26,-2.31625668043369
1999-12-27,-2.3177908977342616
1999-12-28,-2.3193387447115184
1999-12-29,-2.3209002213654597
1999-12-30,-2.322475327696086
1999-12-31,-2.3240640637033962
2000-01-01,-2.325666429387392
2000-01-02,-2.327282424748072
2000-01-03,-2.328912049785437
2000-01-04,-2.3305553044994864
2000-01-05,-2.33221218889022
2000-01-06,-2.3338827029576397
2000-01-07,-2.3355668467017425
2000-01-08,-2.337264620122531
2000-01-09,-2.338976023220004
2000-01-10,-2.340701055994161
2000-01-11,-2.3424397184450036
2000-01-12,-2.34419201057253
2000-01-13,-2.345957932376742
2000-01-14,-2.347737483857638
2000-01-15,-2.3495306650152195
2000-01-16,-2.3513374758494847
2000-01-17,-2.353157916360435
2000-01-18,-2.3549919865480704
2000-01-19,-2.35683968641239
2000-01-20,-2.3587010159533945
2000-01-21,-2.3605759751710833
2000-01-22,-2.3624645640654576
2000-01-23,-2.3643667826365156
2000-01-24,-2.3662826308842586
2000-01-25,-2.3682121088086867
2000-01-26,-2.370155216409799
2000-01-27,-2.3721119536875963
2000-01-28,-2.374082320642078
2000-01-29,-2.376066317273245
2000-01-30,-2.378063943581096
2000-01-31,-2.380075199565632
2000-02-01,-2.382100085226852
2000-02-02,-2.384138600564757
2000-02-03,-2.3861907455793476
2000-02-04,-2.3882565202706223
2000-02-05,-2.390335924638582
2000-02-06,-2.392428958683226
2000-02-07,-2.3945356224045544
2000-02-08,-2.396655915802568
2000-02-09,-2.398789838877266
2000-02-10,-2.4009373916286494
2000-02-11,-2.4030985740567163
2000-02-12,-2.4052733861614684
2000-02-13,-2.4074618279429054
2000-02-14,-2.4096638994010267
2000-02-15,-2.411879600535833
2000-02-16,-2.4140924508131603
2000-02-17,-2.4162035670280244
2000-02-18,-2.4181964686462623
2000-02-19,-2.420071155667873
2000-02-20,-2.421827628092857
2000-02-21,-2.4234658859212144
2000-02-22,-2.4249859291529456
2000-02-23,-2.4263877577880497
2000-02-24,-2.4276713718265275
2000-02-25,-2.4288367712683785
2000-02-26,-2.4298839561136023
2000-02-27,-2.4308129263622003
2000-02-28,-2.4316236820141715
2000-02-29,-2.4323162230695154
2000-03-01,-2.432890549528233
2000-03-02,-2.433346661390324
2000-03-03,-2.4336845586557887
2000-03-04,-2.433904241324626
2000-03-05,-2.4340057093968372
2000-03-06,-2.4339889628724216
2000-03-07,-2.4338540017513797
2000-03-08,-2.43360082603371
2000-03-09,-2.4332294357194146
2000-03-10,-2.4327398308084924
2000-03-11,-2.4321320113009435
2000-03-12,-2.4314059771967678
2000-03-13,-2.4305617284959657
2000-03-14,-2.4295992651985365
2000-03-15,-2.428518587304481
2000-03-16,-2.427319694813799
2000-03-17,-2.4260025877264897
2000-03-18,-2.4245672660425543
2000-03-19,-2.4230137297619923
2000-03-20,-2.4213419788848034
2000-03-21,-2.419552013410988
2000-03-22,-2.4176438333405454
2000-03-23,-2.415617438673477
2000-03-24,-2.413472829409781
2000-03-25,-2.4112100055494587
2000-03-26,-2.4088289670925103
2000-03-27,-2.406329714038935
2000-03-28,-2.4037122463887326
2000-03-29,-2.4009765641419034
2000-03-30,-2.3981226672984484
2000-03-31,-2.3951505558583657
2000-04-01,-2.392060229821657
2000-04-02,-2.3888516891883214
2000-04-03,-2.3855249339583597
2000-04-04,-2.382079964131771
2000-04-05,-2.378516779708555
2000-04-06,-2.374835380688713
2000-04-07,-2.3710357670722444
2000-04-08,-2.3671179388591486
2000-04-09,-2.3630818960494264
2000-04-10,-2.3589276386430784
2000-04-11,-2.3546551666401023
2000-04-12,-2.3502644800405004
2000-04-13,-2.3457555788442717
2000-04-14,-2.341128463051417
2000-04-15,-2.3363831326619344
2000-04-16,-2.3315195876758255
2000-04-17,-2.32653782809309
2000-04-18,-2.3214378539137286
2000-04-19,-2.316219665137739
2000-04-20,-2.3108832617651243
2000-04-21,-2.3054286437958824
2000-04-22,-2.2998558112300134
2000-04-23,-2.2941647640675185
2000-04-24,-2.288355502308397
2000-04-25,-2.2824280259526475
2000-04-26,-2.2763823350002723
2000-04-27,-2.2702184294512704
2000-04-28,-2.2639363093056417
2000-04-29,-2.2575359745633863
2000-04-30,-2.251017425224504
2000-05-01,-2.244380661288996
2000-05-02,-2.237625682756861
2000-05-03,-2.2307524896280984
2000-05-04,-2.2237610819027105
2000-05-05,-2.216651459580695
2000-05-06,-2.2094236226620523
2000-05-07,-2.2020775711467846
2000-05-08,-2.1946133050348893
2000-05-09,-2.187030824326367
2000-05-10,-2.1793301290212184
2000-05-11,-2.1715112191194432
2000-05-12,-2.1635740946210418
2000-05-13,-2.155518755526013
2000-05-14,-2.1473452018343577
2000-05-15,-2.1390534335460756
2000-05-16,-2.130643450661167
2000-05-17,-2.122137533688051
2000-05-18,-2.1136693656772367
2000-05-19,-2.105261227137142
2000-05-20,-2.096913118067769
2000-05-21,-2.088625038469116
2000-05-22,-2.0803969883411844
2000-05-23,-2.072228967683973
2000-05-24,-2.064120976497482
2000-05-25,-2.0560730147817123
2000-05-26,-2.048085082536662
2000-05-27,-2.0401571797623332
2000-05-28,-2.0322893064587246
2000-05-29,-2.0244814626258365
2000-05-30,-2.01673364826367
2000-05-31,-2.009045863372223
2000-06-01,-2.0014181079514977
2000-06-02,-1.9938503820014926
2000-06-03,-1.9863426855222077
2000-06-04,-1.978895018513644
2000-06-05,-1.9715073809758004
2000-06-06,-1.9641797729086774
2000-06-07,-1.9569121943122754
2000-06-08,-1.949704645186594
2000-06-09,-1.9425571255316332
2000-06-10,-1.9354696353473928
2000-06-11,-1.9284421746338731
2000-06-12,-1.9214747433910737
2000-06-13,-1.9145673416189957
2000-06-14,-1.9077199693176379
2000-06-15,-1.9009326264870006
2000-06-16,-1.8942053131270837
2000-06-17,-1.887538029237888
2000-06-18,-1.8809307748194126
2000-06-19,-1.874383549871658
2000-06-20,-1.8678963543946236
2000-06-21,-1.8614691883883103
2000-06-22,-1.8551020518527173
2000-06-23,-1.8487949447878451
2000-06-24,-1.8425478671936935
2000-06-25,-1.8363608190702627
2000-06-26,-1.8302338004175522
2000-06-27,-1.8241668112355627
2000-06-28,-1.8181598515242932
2000-06-29,-1.8122129212837448
2000-06-30,-1.806326020513917
2000-07-01,-1.8004991492148097
2000-07-02,-1.7947323073864232
2000-07-03,-1.7890254950287572
2000-07-04,-1.7833787121418117
2000-07-05,-1.777791958725587
2000-07-06,-1.7722652347800827
2000-07-07,-1.7667985403052995
2000-07-08,-1.7613918753012363
2000-07-09,-1.756045239767894
2000-07-10,-1.7507586337052723
2000-07-11,-1.7455320571133712
2000-07-12,-1.7403655099921909
2000-07-13,-1.7352589923417312
2000-07-14,-1.7302125041619918
2000-07-15,-1.7252260454529733
2000-07-16,-1.7202996162146755
2000-07-17,-1.715433216447098
2000-07-18,-1.7106268461502414
2000-07-19,-1.705880505324105
2000-07-20,-1.7011941939686896
2000-07-21,-1.6965679120839945
2000-07-22,-1.6920016596700203
2000-07-23,-1.687495436726767
2000-07-24,-1.683049243254234
2000-07-25,-1.6786630792524215
2000-07-26,-1.6743369447213299
2000-07-27,-1.670070839660959
2000-07-28,-1.6658647640713085
2000-07-29,-1.6617187179523785
2000-07-30,-1.657632701304169
2000-07-31,-1.6536067141266801
2000-08-01,-1.6496407564199123
2000-08-02,-1.6457348281838649
2000-08-03,-1.641888929418538
2000-08-04,-1.638103060123932
2000-08-05,-1.6343772203000464
2000-08-06,-1.6307114099468811
2000-08-07,-1.627105629064437
2000-08-08,-1.6235598776527138
2000-08-09,-1.6200741557117104
2000-08-10,-1.6166484632414277
2000-08-11,-1.613282800241866
2000-08-12,-1.609977166713025
2000-08-13,-1.6067315626549041
2000-08-14,-1.6035459880675043
2000-08-15,-1.600420442950825
2000-08-16,-1.5973549273048664
2000-08-17,-1.594306557257801
2000-08-18,-1.5912324489378031
2000-08-19,-1.588132602344872
2000-08-20,-1.5850070174790079
2000-08-21,-1.5818556943402102
2000-08-22,-1.5786786329284797
2000-08-23,-1.5754758332438161
2000-08-24,-1.5722472952862192
2000-08-25,-1.5689930190556893
2000-08-26,-1.5657130045522263
2000-08-27,-1.56240725177583
2000-08-28,-1.5590757607265011
2000-08-29,-1.5557185314042383
2000-08-30,-1.5523355638090435
2000-08-31,-1.5489268579409146
2000-09-01,-1.5454924137998531
2000-09-02,-1.542032231385858
2000-09-03,-1.53854631069893
2000-09-04,-1.535034651739069
2000-09-05,-1.531497254506275
2000-09-06,-1.5279341190005478
2000-09-07,-1.5243452452218873
2000-09-08,-1.520730633170294
2000-09-09,-1.5170902828457673
2000-09-10,-1.5134241942483078
2000-09-11,-1.509732367377915
2000-09-12,-1.506014802234589
2000-09-13,-1.5022714988183297
2000-09-14,-1.4985024571291377
2000-09-15,-1.4947076771670125
2000-09-16,-1.4908871589319541
2000-09-17,-1.4870409024239626
2000-09-18,-1.483168907643038
2000-09-19,-1.47927117458918
2000-09-20,-1.4753477032623892
2000-09-21,-1.4713984936626652
2000-09-22,-1.467423545790008
2000-09-23,-1.463422859644418
2000-09-24,-1.4593964352258944
2000-09-25,-1.4553442725344383
2000-09-26,-1.4512663715700487
2000-09-27,-1.447162732332726
2000-09-28,-1.4430333548224705
2000-09-29,-1.4388782390392816
2000-09-30,-1.4346973849831592
2000-10-01,-1.4304907926541044
2000-10-02,-1.4262584620521161
2000-10-03,-1.422000393177195
2000-10-04,-1.4177165860293404
2000-10-05,-1.4134070406085528
2000-10-06,-1.409071756914832
2000-10-07,-1.4047107349481782
2000-10-08,-1.4003239747085914
2000-10-09,-1.3959114761960716
2000-10-10,-1.3914732394106182
2000-10-11,-1.387009264352232
2000-10-12,-1.3825195510209132
2000-10-13,-1.3780040994166602
2000-10-14,-1.3734629095394748
2000-10-15,-1.3688959813893562
2000-10-16,-1.3643033149663044
2000-10-17,-1.3596849102703192
2000-10-18,-1.3550407673014013
2000-10-19,-1.35037088605955
2000-10-20,-1.3456752665447658
2000-10-21,-1.3409539087570486
2000-10-22,-1.3362068126963977
2000-10-23,-1.3314339783628144
2000-10-24,-1.3266354057562977
2000-10-25,-1.3218110948768478
2000-10-26,-1.316961045724465
2000-10-27,-1.3120852582991487
2000-10-28,-1.3071837326008995
2000-10-29,-1.3022564686297171
2000-10-30,-1.2973034663856018
2000-10-31,-1.2923247258685533
2000-11-01,-1.2873202470785716
2000-11-02,-1.282290030015657
2000-11-03,-1.277234074679809
2000-11-04,-1.2721523810710282
2000-11-05,-1.2670449491893139
2000-11-06,-1.261911779034667
2000-11-07,-1.2567528706070865
2000-11-08,-1.251568223906573
2000-11-09,-1.2463578389331265
2000-11-10,-1.241121715686747
2000-11-11,-1.2358598541674342
2000-11-12,-1.2305722543751882
2000-11-13,-1.2252589163100092
2000-11-14,-1.2199198399718971
2000-11-15,-1.214555025360852
2000-11-16,-1.2091644724768735
2000-11-17,-1.2038295356856124
2000-11-18,-1.1986315693527183
2000-11-19,-1.1935705734781916
2000-11-20,-1.1886465480620325
2000-11-21,-1.1838594931042403
2000-11-22,-1.1792094086048162
2000-11-23,-1.174696294563759
2000-11-24,-1.170320150981069
2000-11-25,-1.1660809778567465
2000-11-26,-1.1619787751907913
2000-11-27,-1.1580135429832032
2000-11-28,-1.1541852812339828
2000-11-29,-1.1504939899431297
2000-11-30,-1.1469396691106437
2000-12-01,-1.1435223187365253
2000-12-02,-1.140241938820774
2000-12-03,-1.1370985293633902
2000-12-04,-1.1340920903643739
2000-12-05,-1.1312226218237245
2000-12-06,-1.1284901237414429
2000-12-07,-1.1258945961175282
2000-12-08,-1.1234360389519813
2000-12-09,-1.1211144522448013
2000-12-10,-1.118929835995989
2000-12-11,-1.1168821902055435
2000-12-12,-1.1149715148734658
2000-12-13,-1.1131978099997557
2000-12-14,-1.1115610755844123
2000-12-15,-1.1100613116274365
2000-12-16,-1.1086985181288278
2000-12-17,-1.1074726950885871
2000-12-18,-1.1063838425067134
2000-12-19,-1.1054319603832066
2000-12-20,-1.1046170487180673
2000-12-21,-1.1039391075112959
2000-12-22,-1.1033981367628913
2000-12-23,-1.1029941364728542
2000-12-24,-1.1027271066411846
2000-12-25,-1.1025970472678819
2000-12-26,-1.102603958352947
2000-12-27,-1.1027478398963793
2000-12-28,-1.1030286918981786
2000-12-29,-1.1034465143583456
2000-12-30,-1.10400130727688
2000-12-31,-1.1046930706537814
2001-01-01,-1.1055218044890502
2001-01-02,-1.1064875087826866
2001-01-03,-1.1075901835346902
2001-01-04,-1.108829828745061
2001-01-05,-1.1102064444137998
2001-01-06,-1.1117200305409052
2001-01-07,-1.1133705871263782
2001-01-08,-1.1151581141702185
2001-01-09,-1.117082611672426
2001-01-10,-1.119144079633001
2001-01-11,-1.1213425180519432
2001-01-12,-1.1236779269292527
2001-01-13,-1.1261503062649298
2001-01-14,-1.128759656058974
2001-01-15,-1.131505976311386
2001-01-16,-1.1343892670221647
2001-01-17,-1.137409528191311
2001-01-18,-1.1405667598188247
2001-01-19,-1.1438609619047058
2001-01-20,-1.147292134448954
2001-01-21,-1.1508602774515697
2001-01-22,-1.1545653909125526
2001-01-23,-1.1584074748319029
2001-01-24,-1.1623865292096205
2001-01-25,-1.1665025540457057
2001-01-26,-1.170755549340158
2001-01-27,-1.1751455150929777
2001-01-28,-1.1796724513041648
2001-01-29,-1.1843363579737192
2001-01-30,-1.189137235101641
2001-01-31,-1.1940750826879298
2001-02-01,-1.199149900732586
2001-02-02,-1.20436168923561
2001-02-03,-1.2097104481970011
2001-02-04,-1.2151961776167592
2001-02-05,-1.220818877494885
2001-02-06,-1.226578547831378
2001-02-07,-1.2324751886262386
2001-02-08,-1.2385087998794662
2001-02-09,-1.2446793815910615
2001-02-10,-1.2509869337610238
2001-02-11,-1.2574314563893536
2001-02-12,-1.2640129494760504
2001-02-13,-1.270731413021115
2001-02-14,-1.2775868470245468
2001-02-15,-1.2845792514863457
2001-02-16,-1.2915542825589386
2001-02-17,-1.2983575963947525
2001-02-18,-1.3049891929937865
2001-02-19,-1.3114490723560412
2001-02-20,-1.3177372344815166
2001-02-21,-1.3238536793702123
2001-02-22,-1.3297984070221285
2001-02-23,-1.3355714174372655
2001-02-24,-1.3411727106156233
2001-02-25,-1.346602286557201
2001-02-26,-1.3518601452619998
2001-02-27,-1.3569462867300188
2001-02-28,-1.3618607109612586
2001-03-01,-1.366603417955719
2001-03-02,-1.3711744077133996
2001-03-03,-1.375573680234301
2001-03-04,-1.3798012355184235
2001-03-05,-1.3838570735657654
2001-03-06,-1.3877411943763285
2001-03-07,-1.3914535979501121
2001-03-08,-1.3949942842871164
2001-03-09,-1.3983632533873414
2001-03-10,-1.4015605052507862
2001-03-11,-1.4045860398774523
2001-03-12,-1.4074398572673386
2001-03-13,-1.4101219574204453
2001-03-14,-1.4126323403367729
2001-03-15,-1.414971006016321
2001-03-16,-1.4171379544590899
2001-03-17,-1.4191331856650786
2001-03-18,-1.4209566996342886
2001-03-19,-1.422608496366719
2001-03-20,-1.4240885758623698
2001-03-21,-1.425396938121241
2001-03-22,-1.4265335831433332
2001-03-23,-1.4274985109286453
2001-03-24,-1.4282917214771789
2001-03-25,-1.4289132147889323
2001-03-26,-1.4293629908639063
2001-03-27,-1.429641049702101
2001-03-28,-1.4297473913035168
2001-03-29,-1.4296820156681522
2001-03-30,-1.4294449227960087
2001-03-31,-1.4290361126870854
2001-04-01,-1.4284555853413832
2001-04-02,-1.4277033407589013
2001-04-03,-1.42677937893964
2001-04-04,-1.425683699883599
2001-04-05,-1.4244163035907789
2001-04-06,-1.4229771900611794
2001-04-07,-1.4213663592948
2001-04-08,-1.4195838112916415
2001-04-09,-1.4176295460517034
2001-04-10,-1.4155035635749857
2001-04-11,-1.413205863861489
2001-04-12,-1.4107364469112125
2001-04-13,-1.4080953127241569
2001-04-14,-1.4052824613003216
2001-04-15,-1.402297892639707
2001-04-16,-1.3991416067423126
2001-04-17,-1.395813603608139
2001-04-18,-1.3923138832371862
2001-04-19,-1.388642445629454
2001-04-20,-1.3847992907849418
2001-04-21,-1.3807844187036502
2001-04-22,-1.3765978293855796
2001-04-23,-1.3722395228307294
2001-04-24,-1.3677094990390997
2001-04-25,-1.3630077580106905
2001-04-26,-1.358134299745502
2001-04-27,-1.353089124243534
2001-04-28,-1.3478722315047866
2001-04-29,-1.3424836215292595
2001-04-30,-1.3369232943169536
2001-05-01,-1.3311912498678677
2001-05-02,-1.3252874881820025
2001-05-03,-1.3192120092593576
2001-05-04,-1.3129648130999338
2001-05-05,-1.30654589970373
2001-05-06,-1.2999552690707468
2001-05-07,-1.2931929212009845
2001-05-08,-1.2862588560944426
2001-05-09,-1.2791530737511212
2001-05-10,-1.2718755741710206
2001-05-11,-1.2644263573541403
2001-05-12,-1.2568054233004806
2001-05-13,-1.2490127720100415
2001-05-14,-1.2410484034828229
2001-05-15,-1.2329123177188253
2001-05-16,-1.2246045147180475
2001-05-17,-1.2161662757348906
2001-05-18,-1.207845288295751
2001-05-19,-1.1996828336550285
2001-05-20,-1.1916789118127236
2001-05-21,-1.1838335227688357
2001-05-22,-1.1761466665233655
2001-05-23,-1.1686183430763124
2001-05-24,-1.1612485524276766
2001-05-25,-1.1540372945774582
2001-05-26,-1.1469845695256566
2001-05-27,-1.140090377272273
2001-05-28,-1.1333547178173062
2001-05-29,-1.1267775911607572
2001-05-30,-1.1203589973026251
2001-05-31,-1.1140989362429103
2001-06-01,-1.1079974079816128
2001-06-02,-1.1020544125187326
2001-06-03,-1.0962699498542698
2001-06-04,-1.0906440199882244
2001-06-05,-1.0851766229205964
2001-06-06,-1.0798677586513852
2001-06-07,-1.0747174271805917
2001-06-08,-1.0697256285082155
2001-06-09,-1.0648923626342561
2001-06-10,-1.0602176295587145
2001-06-11,-1.05570142928159
2001-06-12,-1.051343761802883
2001-06-13,-1.047144627122593
2001-06-14,-1.0431040252407207
2001-06-15,-1.0392219561572653
2001-06-16,-1.0354984198722272
2001-06-17,-1.0319334163856066
2001-06-18,-1.028526945697403
2001-06-19,-1.025279007807617
2001-06-20,-1.0221896027162485
2001-06-21,-1.019258730423297
2001-06-22,-1.0164863909287625
2001-06-23,-1.013872584232646
2001-06-24,-1.0114173103349462
2001-06-25,-1.009120569235664
2001-06-26,-1.006982360934799
2001-06-27,-1.0050026854323515
2001-06-28,-1.003181542728321
2001-06-29,-1.0015189328227079
2001-06-30,-1.000014855715512
2001-07-01,-0.9986693114067338
2001-07-02,-0.9974822998963724
2001-07-03,-0.9964538211844285
2001-07-04,-0.9955838752709018
2001-07-05,-0.9948724621557924
2001-07-06,-0.9943195818391006
2001-07-07,-0.9939252343208258
2001-07-08,-0.9936894196009683
2001-07-09,-0.9936121376795283
2001-07-10,-0.9936933885565054
2001-07-11,-0.9939331722318998
2001-07-12,-0.9943314887057115
2001-07-13,-0.9948883379779406
2001-07-14,-0.995603720048587
2001-07-15,-0.9964776349176507
2001-07-16,-0.9975100825851319
2001-07-17,-0.99870106305103
2001-07-18,-1.0000505763153456
2001-07-19,-1.0015586223780786
2001-07-20,-1.0032252012392286
2001-07-21,-1.005050312898796
2001-07-22,-1.0070339573567808
2001-07-23,-1.009176134613183
2001-07-24,-1.0114768446680023
2001-07-25,-1.0139360875212389
2001-07-26,-1.0165538631728928
2001-07-27,-1.019330171622964
2001-07-28,-1.0222650128714528
2001-07-29,-1.0253583869183585
2001-07-30,-1.0286102937636814
2001-07-31,-1.0320207334074218
2001-08-01,-1.0355897058495795
2001-08-02,-1.0393172110901547
2001-08-03,-1.0432032491291467
2001-08-04,-1.0472478199665565
2001-08-05,-1.0514509236023835
2001-08-06,-1.0558125600366277
2001-08-07,-1.060332729269289
2001-08-08,-1.065011431300368
2001-08-09,-1.069848666129864
2001-08-10,-1.0748444337577774
2001-08-11,-1.0799987341841082
2001-08-12,-1.0853115674088563
2001-08-13,-1.0907829334320214
2001-08-14,-1.096412832253604
2001-08-15,-1.1022012638736038
2001-08-16,-1.108148228292021
2001-08-17,-1.1141926994327063
2001-08-18,-1.1202736512195113
2001-08-19,-1.1263910836524351
2001-08-20,-1.1325449967314785
2001-08-21,-1.1387353904566409
2001-08-22,-1.1449622648279227
2001-08-23,-1.151225619845324
2001-08-24,-1.1575254555088441
2001-08-25,-1.1638617718184836
2001-08-26,-1.1702345687742426
2001-08-27,-1.1766438463761204
2001-08-28,-1.183089604624118
2001-08-29,-1.1895718435182345
2001-08-30,-1.1960905630584704
2001-08-31,-1.2026457632448255
2001-09-01,-1.2092374440773002
2001-09-02,-1.2158656055558936
2001-09-03,-1.2225302476806066
2001-09-04,-1.2292313704514388
2001-09-05,-1.23596897386839
2001-09-06,-1.242743057931461
2001-09-07,-1.249553622640651
2001-09-08,-1.25640066799596
2001-09-09,-1.2632841939973884
2001-09-10,-1.2702042006449363
2001-09-11,-1.2771606879386033
2001-09-12,-1.2841536558783897
2001-09-13,-1.2911831044642954
2001-09-14,-1.29824903369632
2001-09-15,-1.305351443574464
2001-09-16,-1.3124903340987275
2001-09-17,-1.3196657052691099
2001-09-18,-1.326877557085612
2001-09-19,-1.3341258895482329
2001-09-20,-1.3414107026569733
2001-09-21,-1.3487319964118332
2001-09-22,-1.356089770812812
2001-09-23,-1.3634840258599104
2001-09-24,-1.3709147615531276
2001-09-25,-1.3783819778924646
2001-09-26,-1.3858856748779202
2001-09-27,-1.3934258525094956
2001-09-28,-1.4010025107871902
2001-09-29,-1.4086156497110038
2001-09-30,-1.4162652692809368
2001-10-01,-1.4239513694969894
2001-10-02,-1.4316739503591607
2001-10-03,-1.4394330118674517
2001-10-04,-1.4472285540218617
2001-10-05,-1.4550605768223908
2001-10-06,-1.4629290802690396
2001-10-07,-1.4708340643618074
2001-10-08,-1.4787755291006943
2001-10-09,-1.486753474485701
2001-10-10,-1.4947679005168264
2001-10-11,-1.5028188071940713
2001-10-12,-1.5109061945174356
2001-10-13,-1.519030062486919
2001-10-14,-1.5271904111025218
2001-10-15,-1.5353872403642435
2001-10-16,-1.5436205502720852
2001-10-17,-1.5518903408260452
2001-10-18,-1.5601966120261248
2001-10-19,-1.5685393638723242
2001-10-20,-1.5769185963646424
2001-10-21,-1.5853343095030799
2001-10-22,-1.5937865032876364
2001-10-23,-1.6022751777183126
2001-10-24,-1.6108003327951081
2001-10-25,-1.6193619685180225
2001-10-26,-1.6279600848870566
2001-10-27,-1.6365946819022095
2001-10-28,-1.645265759563482
2001-10-29,-1.6539733178708738
2001-10-30,-1.6627173568243845
2001-10-31,-1.671497876424015
2001-11-01,-1.6803148766697642
2001-11-02,-1.689168357561633
2001-11-03,-1.6980583190996206
2001-11-04,-1.706984761283728
2001-11-05,-1.7159476841139543
2001-11-06,-1.7249470875903001
2001-11-07,-1.7339829717127653
2001-11-08,-1.7430553364813495
2001-11-09,-1.752164181896053
2001-11-10,-1.7613095079568757
2001-11-11,-1.770491314663818
2001-11-12,-1.779709602016879
2001-11-13,-1.7889643700160596
2001-11-14,-1.7982556186613596
2001-11-15,-1.8075833479527788
2001-11-16,-1.8169475578903165
2001-11-17,-1.8262693102677017
2001-11-18,-1.83546966687866
2001-11-19,-1.844548627723192
2001-11-20,-1.8535061928012977
2001-11-21,-1.8623423621129769
2001-11-22,-1.8710571356582297
2001-11-23,-1.879650513437057
2001-11-24,-1.8881224954494569
2001-11-25,-1.8964730816954305
2001-11-26,-1.904702272174978
2001-11-27,-1.912810066888099
2001-11-28,-1.9207964658347942
2001-11-29,-1.9286614690150625
2001-11-30,-1.9364050764289042
2001-12-01,-1.9440272880763199
2001-12-02,-1.9515281039573091
2001-12-03,-1.9589075240718723
2001-12-04,-1.9661655484200087
2001-12-05,-1.9733021770017192
2001-12-06,-1.9803174098170029
2001-12-07,-1.9872112468658598
2001-12-08,-1.9939836881482913
2001-12-09,-2.000634733664296
2001-12-10,-2.0071643834138744
2001-12-11,-2.0135726373970257
2001-12-12,-2.019859495613752
2001-12-13,-2.0260249580640513
2001-12-14,-2.032069024747924
2001-12-15,-2.037991695665371
2001-12-16,-2.0437929708163907
2001-12-17,-2.0494728502009845
2001-12-18,-2.0550313338191515
2001-12-19,-2.0604684216708926
2001-12-20,-2.065784113756207
2001-12-21,-2.070978410075095
2001-12-22,-2.076051310627557
2001-12-23,-2.081002815413593
2001-12-24,-2.0858329244332023
2001-12-25,-2.0905416376863846
2001-12-26,-2.0951289551731413
2001-12-27,-2.099594876893471
2001-12-28,-2.103939402847375
2001-12-29,-2.108162533034852
2001-12-30,-2.1122642674559033
2001-12-31,-2.1162446061105276
2002-01-01,-2.120103548998726
2002-01-02,-2.123841096120498
2002-01-03,-2.1274572474758435
2002-01-04,-2.1309520030647624
2002-01-05,-2.134325362887255
2002-01-06,-2.1375773269433216
2002-01-07,-2.1407078952329615
2002-01-08,-2.143717067756175
2002-01-09,-2.146604844512962
2002-01-10,-2.149371225503323
2002-01-11,-2.1520162107272576
2002-01-12,-2.1545398001847658
2002-01-13,-2.156941993875848
2002-01-14,-2.159222791800503
2002-01-15,-2.161382193958732
2002-01-16,-2.1634202003505347
2002-01-17,-2.1653368109759112
2002-01-18,-2.167132025834861
2002-01-19,-2.168805844927385
2002-01-20,-2.1703582682534814
2002-01-21,-2.1717892958131526
2002-01-22,-2.173098927606397
2002-01-23,-2.1742871636332155
2002-01-24,-2.1753540038936072
2002-01-25,-2.1762994483875726
2002-01-26,-2.1771234971151108
2002-01-27,-2.1778261500762235
2002-01-28,-2.1784074072709103
2002-01-29,-2.17886726869917
2002-01-30,-2.179205734361003
2002-01-31,-2.1794228042564106
2002-02-01,-2.179518478385391
2002-02-02,-2.179492756747946
2002-02-03,-2.1793456393440738
2002-02-04,-2.1790771261737754
2002-02-05,-2.1786872172370506
2002-02-06,-2.1781759125339
2002-02-07,-2.177543212064322
2002-02-08,-2.1767891158283184
2002-02-09,-2.175913623825888
2002-02-10,-2.1749167360570314
2002-02-11,-2.173798452521749
2002-02-12,-2.172558773220039
2002-02-13,-2.1711976981519037
2002-02-14,-2.1697152273173415
2002-02-15,-2.1681113607163534
2002-02-16,-2.1663860983489385
2002-02-17,-2.164539440215097
2002-02-18,-2.1625713863148297
2002-02-19,-2.160481936648136
2002-02-20,-2.158271091215016
2002-02-21,-2.1559388500154695
2002-02-22,-2.153485213049496
2002-02-23,-2.150910180317097
2002-02-24,-2.1482137518182713
2002-02-25,-2.145395927553019
2002-02-26,-2.1424567075213403
2002-02-27,-2.1393960917232353
2002-02-28,-2.1362140801587044
2002-03-01,-2.132910672827747
2002-03-02,-2.129485869730363
2002-03-03,-2.1259396708665528
2002-03-04,-2.1222720762363156
2002-03-05,-2.118483085839653
2002-03-06,-2.1145726996765637
2002-03-07,-2.1105409177470476
2002-03-08,-2.1063877400511055
2002-03-09,-2.102113166588737
2002-03-10,-2.097717197359942
2002-03-11,-2.0931998323647205
2002-03-12,-2.088561071603073
2002-03-13,-2.083800915075
2002-03-14,-2.078919362780499
2002-03-15,-2.073916414719572
2002-03-16,-2.0687920708922194
2002-03-17,-2.0635463312984395
2002-03-18,-2.0581791959382336
2002-03-19,-2.052690664811602
2002-03-20,-2.0470807379185434
2002-03-21,-2.041349415259058
2002-03-22,-2.0354966968331465
2002-03-23,-2.029522582640809
2002-03-24,-2.023427072682045
2002-03-25,-2.0172101669568545
2002-03-26,-2.010871865465238
2002-03-27,-2.0044121682071947
2002-03-28,-1.9978310751827253
2002-03-29,-1.991128586391829
2002-03-30,-1.9843047018345068
2002-03-31,-1.9773594215107586
2002-04-01,-1.9702927454205832
2002-04-02,-1.9631046735639823
2002-04-03,-1.955795205940954
2002-04-04,-1.9483643425515003
2002-04-05,-1.9408120833956197
2002-04-06,-1.9331384284733129
2002-04-07,-1.9253433777845796
2002-04-08,-1.9174269313294199
2002-04-09,-1.909389089107834
2002-04-10,-1.9012298511198216
2002-04-11,-1.8929492173653828
2002-04-12,-1.884547187844518
2002-04-13,-1.8760237625572267
2002-04-14,-1.867378941503509
2002-04-15,-1.8586127246833646
2002-04-16,-1.849725112096794
2002-04-17,-1.8407161037437971
2002-04-18,-1.8315856996243738
2002-04-19,-1.8223338997385243
2002-04-20,-1.812960704086248
2002-04-21,-1.8034661126675455
2002-04-22,-1.7938501254824166
2002-04-23,-1.7841127425308618
2002-04-24,-1.7742539638128807
2002-04-25,-1.7642737893284726
2002-04-26,-1.7541722190776383
2002-04-27,-1.7439492530603777
2002-04-28,-1.733604891276691
2002-04-29,-1.7231391337265776
2002-04-30,-1.712551980410038
2002-05-01,-1.7018434313270718
2002-05-02,-1.691013486477679
2002-05-03,-1.6800621458618603
2002-05-04,-1.6689894094796152
2002-05-05,-1.657795277330944
2002-05-06,-1.646479749415846
2002-05-07,-1.6350428257343217
2002-05-08,-1.6234845062863708
2002-05-09,-1.6118047910719937
2002-05-10,-1.6000036800911905
2002-05-11,-1.5880811733439608
2002-05-12,-1.5760372708303043
2002-05-13,-1.5638719725502215
2002-05-14,-1.5515852785037134
2002-05-15,-1.539177188690778
2002-05-16,-1.5266477031114165
2002-05-17,-1.513996821765628
2002-05-18,-1.5012573182490503
2002-05-19,-1.4886258341355005
2002-05-20,-1.4761351430206149
2002-05-21,-1.463785244904394
2002-05-22,-1.451576139786837
2002-05-23,-1.4395078276679445
2002-05-24,-1.427580308547717
2002-05-25,-1.4157935824261534
2002-05-26,-1.4041476493032543
2002-05-27,-1.3926425091790195
2002-05-28,-1.381278162053449
2002-05-29,-1.3700546079265434
2002-05-30,-1.3589718467983019
2002-05-31,-1.3480298786687246
2002-06-01,-1.337228703537812
2002-06-02,-1.3265683214055637
2002-06-03,-1.3160487322719798
2002-06-04,-1.3056699361370607
2002-06-05,-1.2954319330008053
2002-06-06,-1.2853347228632146
2002-06-07,-1.2753783057242885
2002-06-08,-1.2655626815840266
2002-06-09,-1.2558878504424291
2002-06-10,-1.2463538122994962
2002-06-11,-1.2369605671552275
2002-06-12,-1.2277081150096234
2002-06-13,-1.2185964558626836
2002-06-14,-1.2096255897144084
2002-06-15,-1.2007955165647972
2002-06-16,-1.1921062364138506
2002-06-17,-1.1835577492615683
2002-06-18,-1.1751500551079506
2002-06-19,-1.1668831539529971
2002-06-20,-1.1587570457967082
2002-06-21,-1.1507717306390834
2002-06-22,-1.1429272084801236
2002-06-23,-1.1352234793198277
2002-06-24,-1.1276605431581965
2002-06-25,-1.1202383999952295
2002-06-26,-1.112957049830927
2002-06-27,-1.1058164926652887
2002-06-28,-1.0988167284983148
2002-06-29,-1.0919577573300057
2002-06-30,-1.0852395791603606
2002-07-01,-1.0786621939893801
2002-07-02,-1.0722256018170642
2002-07-03,-1.0659298026434125
2002-07-04,-1.0597747964684252
2002-07-05,-1.0537605832921022
2002-07-06,-1.0478871631144435
2002-07-07,-1.0421545359354496
2002-07-08,-1.03656270175512
2002-07-09,-1.0311116605734547
2002-07-10,-1.025801412390454
2002-07-11,-1.0206319572061173
2002-07-12,-1.015603295020445
2002-07-13,-1.0107154258334377
2002-07-14,-1.0059683496450944
2002-07-15,-1.0013620664554157
2002-07-16,-0.9968965762644011
2002-07-17,-0.9925718790720509
2002-07-18,-0.9883879748783655
2002-07-19,-0.9843448636833442
2002-07-20,-0.9804425454869874
2002-07-21,-0.976681020289295
2002-07-22,-0.9730602880902669
2002-07-23,-0.9695803488899034
2002-07-24,-0.9662412026882042
2002-07-25,-0.9630428494851693
2002-07-26,-0.959985289280799
2002-07-27,-0.957068522075093
2002-07-28,-0.9542925478680513
2002-07-29,-0.9516573666596743
2002-07-30,-0.9491629784499616
2002-07-31,-0.9468093832389132
2002-08-01,-0.9445965810265291
2002-08-02,-0.9425245718128095
2002-08-03,-0.9405933555977545
2002-08-04,-0.9388029323813638
2002-08-05,-0.9371533021636373
2002-08-06,-0.9356444649445754
2002-08-07,-0.9342764207241778
2002-08-08,-0.933049169502445
2002-08-09,-0.9319627112793762
2002-08-10,-0.9310170460549717
2002-08-11,-0.9302121738292319
2002-08-12,-0.9295480946021564
2002-08-13,-0.9290248083737452
2002-08-14,-0.9286423151439986
2002-08-15,-0.9284006149129163
2002-08-16,-0.9282997076804985
2002-08-17,-0.9283395934467449
2002-08-18,-0.9285202722116559
2002-08-19,-0.9288417439752312
2002-08-20,-0.9293040087374711
2002-08-21,-0.9299070664983751
2002-08-22,-0.9306509172579436
2002-08-23,-0.9315355610161766
2002-08-24,-0.9325609977730741
2002-08-25,-0.9337272275286358
2002-08-26,-0.9350342502828619
2002-08-27,-0.9364820660357525
2002-08-28,-0.9380706747873074
2002-08-29,-0.9398000765375268
2002-08-30,-0.9416702712864107
2002-08-31,-0.9436812590339589
2002-09-01,-0.9458330397801714
2002-09-02,-0.9481256135250484
2002-09-03,-0.95055898026859
2002-09-04,-0.9531331400107956
2002-09-05,-0.9558480927516659
2002-09-06,-0.9587038384912006
2002-09-07,-0.9617003772293995
2002-09-08,-0.9648377089662631
2002-09-09,-0.968115833701791
2002-09-10,-0.9715347514359831
2002-09-11,-0.9750944621688399
2002-09-12,-0.9787949659003607
2002-09-13,-0.9826362626305464
2002-09-14,-0.9866183523593963
2002-09-15,-0.9907412350869105
2002-09-16,-0.9950049108130891
2002-09-17,-0.9994093795379322
2002-09-18,-1.0039546412614397
2002-09-19,-1.0086406959836118
2002-09-20,-1.013467543704448
2002-09-21,-1.0184351844239488
2002-09-22,-1.0235436181421136
2002-09-23,-1.0287928448589434
2002-09-24,-1.0341828645744373
2002-09-25,-1.0397136772885958
2002-09-26,-1.0453852830014183
2002-09-27,-1.0511976817129054
2002-09-28,-1.057150873423057
2002-09-29,-1.063244858131873
2002-09-30,-1.0694796358393535
2002-10-01,-1.075855206545498
2002-10-02,-1.0823715702503072
2002-10-03,-1.089028726953781
2002-10-04,-1.095826676655919
2002-10-05,-1.1027654193567211
2002-10-06,-1.109844955056188
2002-10-07,-1.1170652837543191
2002-10-08,-1.1244264054511146
2002-10-09,-1.1319283201465746
2002-10-10,-1.1395710278406992
2002-10-11,-1.1473545285334878
2002-10-12,-1.155278822224941
2002-10-13,-1.1633439089150588
2002-10-14,-1.1715497886038408
2002-10-15,-1.1798964612912872
2002-10-16,-1.188383926977398
2002-10-17,-1.1970121856621734
2002-10-18,-1.2057812373456132
2002-10-19,-1.2146910820277173
2002-10-20,-1.2237417197084854
2002-10-21,-1.2329331503879182
2002-10-22,-1.2422653740660154
2002-10-23,-1.2517383907427775
2002-10-24,-1.2613522004182034
2002-10-25,-1.2711068030922938
2002-10-26,-1.2810021987650488
2002-10-27,-1.291038387436468
2002-10-28,-1.3012153691065518
2002-10-29,-1.3115331437753
2002-10-30,-1.3219917114427124
2002-10-31,-1.3325910721087892
2002-11-01,-1.3433312257735306
2002-11-02,-1.3542121724369363
2002-11-03,-1.3652339120990065
2002-11-04,-1.3763964447597412
2002-11-05,-1.38769977041914
2002-11-06,-1.3991438890772032
2002-11-07,-1.410728800733931
2002-11-08,-1.4224545053893234
2002-11-09,-1.4343210030433797
2002-11-10,-1.4463282936961006
2002-11-11,-1.458476377347486
2002-11-12,-1.4707652539975358
2002-11-13,-1.4831949236462498
2002-11-14,-1.4957653862936284
2002-11-15,-1.5084766419396716
2002-11-16,-1.521328690584379
2002-11-17,-1.5340754855341716
2002-11-18,-1.5464709800954701
2002-11-19,-1.5585151742682746
2002-11-20,-1.5702080680525854
2002-11-21,-1.581549661448401
2002-11-22,-1.5925399544557235
2002-11-23,-1.6031789470745517
2002-11-24,-1.6134666393048858
2002-11-25,-1.6234030311467262
2002-11-26,-1.6329881226000718
2002-11-27,-1.6422219136649243
2002-11-28,-1.6511044043412821
2002-11-29,-1.6596355946291457
2002-11-30,-1.6678154845285158
2002-12-01,-1.6756440740393914
2002-12-02,-1.683121363161773
2002-12-03,-1.6902473518956609
2002-12-04,-1.6970220402410543
2002-12-05,-1.7034454281979536
2002-12-06,-1.7095175157663594
2002-12-07,-1.7152383029462706
2002-12-08,-1.720607789737688
2002-12-09,-1.7256259761406112
2002-12-10,-1.7302928621550406
2002-12-11,-1.7346084477809756
2002-12-12,-1.7385727330184166
2002-12-13,-1.7421857178673634
2002-12-14,-1.7454474023278164
2002-12-15,-1.7483577863997757
2002-12-16,-1.7509168700832405
2002-12-17,-1.753124653378211
2002-12-18,-1.7549811362846879
2002-12-19,-1.7564863188026705
2002-12-20,-1.757640200932159
2002-12-21,-1.758442782673154
2002-12-22,-1.7588940640256543
2002-12-23,-1.7589940449896608
2002-12-24,-1.758742725565173
2002-12-25,-1.758140105752191
2002-12-26,-1.7571861855507156
2002-12-27,-1.7558809649607459
2002-12-28,-1.7542244439822816
2002-12-29,-1.752216622615324
2002-12-30,-1.749857500859872
2002-12-31,-1.7471470787159262
2003-01-01,-1.744085356183486
2003-01-02,-1.7406723332625518
2003-01-03,-1.7369080099531233
2003-01-04,-1.732792386255201
2003-01-05,-1.7283254621687851
2003-01-06,-1.7235072376938745
2003-01-07,-1.7183377128304698
2003-01-08,-1.7128168875785714
2003-01-09,-1.7069447619381788
2003-01-10,-1.7007213359092925
2003-01-11,-1.6941466094919118
2003-01-12,-1.6872205826860367
2003-01-13,-1.6799432554916678
2003-01-14,-1.6723146279088053
2003-01-15,-1.6643346999374484
2003-01-16,-1.656003471577597
2003-01-17,-1.6473209428292523
2003-01-18,-1.6382871136924129
2003-01-19,-1.6289019841670798
2003-01-20,-1.6191655542532528
2003-01-21,-1.6090778239509314
2003-01-22,-1.5986387932601163
2003-01-23,-1.5878484621808067
2003-01-24,-1.5767068307130028
2003-01-25,-1.5652138988567057
2003-01-26,-1.553369666611914
2003-01-27,-1.5411741339786285
2003-01-28,-1.5286273009568487
2003-01-29,-1.515729167546575
2003-01-30,-1.5024797337478069
2003-01-31,-1.4888789995605451
2003-02-01,-1.4749269649847891
2003-02-02,-1.4606236300205393
2003-02-03,-1.4459689946677954
2003-02-04,-1.430963058926557
2003-02-05,-1.415605822796825
2003-02-06,-1.3998972862785988
2003-02-07,-1.3838374493718786
2003-02-08,-1.3674263120766639
2003-02-09,-1.3506638743929555
2003-02-10,-1.3335501363207531
2003-02-11,-1.3160850978600567
2003-02-12,-1.298268759010866
2003-02-13,-1.280101119773181
2003-02-14,-1.2615821801470026
2003-02-15,-1.2427119401323297
2003-02-16,-1.2238113566521756
2003-02-17,-1.205201386629553
2003-02-18,-1.1868820300644618
2003-02-19,-1.168853286956902
2003-02-20,-1.1511151573068739
2003-02-21,-1.133667641114377
2003-02-22,-1.1165107383794115
2003-02-23,-1.0996444491019777
2003-02-24,-1.0830687732820752
2003-02-25,-1.0667837109197043
2003-02-26,-1.0507892620148644
2003-02-27,-1.0350854265675564
2003-02-28,-1.0196722045777797
2003-03-01,-1.0045495960455346
2003-03-02,-0.9897176009708206
2003-03-03,-0.9751762193536385
2003-03-04,-0.9609254511939876
2003-03-05,-0.946965296491868
2003-03-06,-0.9332957552472799
2003-03-07,-0.9199168274602235
2003-03-08,-0.9068285131306985
2003-03-09,-0.8940308122587048
2003-03-10,-0.8815237248442427
2003-03-11,-0.8693072508873118
2003-03-12,-0.8573813903879126
2003-03-13,-0.8457461433460447
2003-03-14,-0.8344015097617083
2003-03-15,-0.8233474896349035
2003-03-16,-0.8125840829656299
2003-03-17,-0.8021112897538878
2003-03-18,-0.7919291099996771
2003-03-19,-0.7820375437029982
2003-03-20,-0.7724365908638505
2003-03-21,-0.7631262514822341
2003-03-22,-0.7541065255581494
2003-03-23,-0.7453774130915959
2003-03-24,-0.7369389140825742
2003-03-25,-0.7287910285310836
2003-03-26,-0.7209337564371245
2003-03-27,-0.713367097800697
2003-03-28,-0.7060910526218012
2003-03-29,-0.6991056209004363
2003-03-30,-0.6924108026366033
2003-03-31,-0.6860065978303014
2003-04-01,-0.6798930064815311
2003-04-02,-0.6740700285902922
2003-04-03,-0.6685376641565848
2003-04-04,-0.6632959131804089
2003-04-05,-0.6583447756617644
2003-04-06,-0.6536842516006515
2003-04-07,-0.6493143409970697
2003-04-08,-0.6452350438510196
2003-04-09,-0.6414463601625008
2003-04-10,-0.6379482899315136
2003-04-11,-0.6347408331580577
2003-04-12,-0.6318239898421334
2003-04-13,-0.6291977599837405
2003-04-14,-0.6268621435828792
2003-04-15,-0.6248171406395491
2003-04-16,-0.6230627511537505
2003-04-17,-0.6215989751254833
2003-04-18,-0.6204258125547477
2003-04-19,-0.6195432634415435
2003-04-20,-0.6189513277858708
2003-04-21,-0.6186500055877294
2003-04-22,-0.6186392968471197
2003-04-23,-0.6189192015640412
2003-04-24,-0.6194897197384942
2003-04-25,-0.6203508513704786
2003-04-26,-0.6215025964599946
2003-04-27,-0.6229449550070421
2003-04-28,-0.6246779270116208
2003-04-29,-0.6267015124737312
2003-04-30,-0.629015711393373
2003-05-01,-0.6316205237705461
2003-05-02,-0.6345159496052507
2003-05-03,-0.6377019888974869
2003-05-04,-0.6411786416472545
2003-05-05,-0.6449459078545534
2003-05-06,-0.6490037875193837
2003-05-07,-0.6533522806417458
2003-05-08,-0.6579913872216391
2003-05-09,-0.6629211072590638
2003-05-10,-0.66814144075402
2003-05-11,-0.6736523877065077
2003-05-12,-0.6794539481165268
2003-05-13,-0.6855461219840775
2003-05-14,-0.6919289093091595
2003-05-15,-0.6986023100917729
2003-05-16,-0.7055663243319179
2003-05-17,-0.7128113239934033
2003-05-18,-0.7202795408590824
2003-05-19,-0.7279613468927644
2003-05-20,-0.735856742094449
2003-05-21,-0.7439657264641363
2003-05-22,-0.7522883000018266
2003-05-23,-0.7608244627075195
2003-05-24,-0.7695742145812151
2003-05-25,-0.7785375556229135
2003-05-26,-0.7877144858326147
2003-05-27,-0.7971050052103188
2003-05-28,-0.8067091137560254
2003-05-29,-0.8165268114697348
2003-05-30,-0.826558098351447
2003-05-31,-0.8368029744011621
2003-06-01,-0.8472614396188798
2003-06-02,-0.8579334940046003
2003-06-03,-0.8688191375583234
2003-06-04,-0.8799183702800496
2003-06-05,-0.8912311921697783
2003-06-06,-0.9027576032275098
2003-06-07,-0.9144976034532442
2003-06-08,-0.9264511928469812
2003-06-09,-0.9386183714087208
2003-06-10,-0.9509991391384633
2003-06-11,-0.9635934960362087
2003-06-12,-0.9764014421019568
2003-06-13,-0.9894229773357075
2003-06-14,-1.0026581017374612
2003-06-15,-1.0161068153072175
2003-06-16,-1.0297691180449766
2003-06-17,-1.0436450099507384
2003-06-18,-1.057734491024503
2003-06-19,-1.0720375612662705
2003-06-20,-1.0865542206760406
2003-06-21,-1.1012844692538133
2003-06-22,-1.1162283069995889
2003-06-23,-1.1313857339133673
2003-06-24,-1.1467567499951485
2003-06-25,-1.1623413552449324
2003-06-26,-1.1781395496627192
2003-06-27,-1.1941513332485085
2003-06-28,-1.2103767060023007
2003-06-29,-1.2268156679240956
2003-06-30,-1.2434682190138933
2003-07-01,-1.2603343592716938
2003-07-02,-1.277414088697497
2003-07-03,-1.2947074072913027
2003-07-04,-1.3122143150531114
2003-07-05,-1.329934811982923
2003-07-06,-1.3478688980807374
2003-07-07,-1.3660165733465544
2003-07-08,-1.384377837780374
2003-07-09,-1.4029526913821964
2003-07-10,-1.4217411341520219
2003-07-11,-1.4407431660898498
2003-07-12,-1.4599587871956803
2003-07-13,-1.4793879974695137
2003-07-14,-1.49903079691135
2003-07-15,-1.5188871855211894
2003-07-16,-1.538957163299031
2003-07-17,-1.5592407302448756
2003-07-18,-1.579737886358723
2003-07-19,-1.6004486316405733
2003-07-20,-1.621372966090426
2003-07-21,-1.6425108897082814
2003-07-22,-1.6638624024941397
2003-07-23,-1.6854275044480007
2003-07-24,-1.707206195569865
2003-07-25,-1.7291984758597314
2003-07-26,-1.7514043453176007
2003-07-27,-1.7738238039434728
2003-07-28,-1.7964568517373478
2003-07-29,-1.8193034886992254
2003-07-30,-1.8423637148291059
2003-07-31,-1.8656375301269885
2003-08-01,-1.8891249345928744
2003-08-02,-1.9128259282267632
2003-08-03,-1.9367405110286546
2003-08-04,-1.960868682998549
2003-08-05,-1.985210444136446
2003-08-06,-2.0097657944423455
2003-08-07,-2.034534733916248
2003-08-08,-2.0595172625581535
2003-08-09,-2.0847133803680613
2003-08-10,-2.110123087345972
2003-08-11,-2.1357463834918855
2003-08-12,-2.161583268805802
2003-08-13,-2.1876337432877206
2003-08-14,-2.2138978069376423
2003-08-15,-2.2403754597555667
2003-08-16,-2.267066701741494
2003-08-17,-2.2936114796023235
2003-08-18,-2.3196497400449556
2003-08-19,-2.34518148306939
2003-08-20,-2.3702067086756267
2003-08-21,-2.394725416863665
2003-08-22,-2.4187376076335063
2003-08-23,-2.44224328098515
2003-08-24,-2.465242436918595
2003-08-25,-2.4877350754338434
2003-08-26,-2.5097211965308928
2003-08-27,-2.5312008002097452
2003-08-28,-2.5521738864703996
2003-08-29,-2.572640455312856
2003-08-30,-2.5926005067371163
2003-08-31,-2.6120540407431774
2003-09-01,-2.631001057331041
2003-09-02,-2.6494415565007063
2003-09-03,-2.6673755382521747
2003-09-04,-2.6848030025854452
2003-09-05,-2.7017239495005176
2003-09-06,-2.7181383789973923
2003-09-07,-2.7340462910760692
2003-09-08,-2.749447685736549
2003-09-09,-2.7643425629788303
2003-09-10,-2.7787309228029136
2003-09-11,-2.7926127652088
2003-09-12,-2.8059880901964886
2003-09-13,-2.8188568977659796
2003-09-14,-2.8312191879172715
2003-09-15,-2.8430749606503674
2003-09-16,-2.854424215965265
2003-09-17,-2.8652669538619637
2003-09-18,-2.8756031743404664
2003-09-19,-2.8854328774007705
2003-09-20,-2.894756063042877
2003-09-21,-2.9035727312667854
2003-09-22,-2.9118828820724962
2003-09-23,-2.91968651546001
2003-09-24,-2.9269836314293247
2003-09-25,-2.933774229980443
2003-09-26,-2.9400583111133627
2003-09-27,-2.945835874828085
2003-09-28,-2.9511069211246097
2003-09-29,-2.9558714500029364
2003-09-30,-2.9601294614630644
2003-10-01,-2.963880955504996
2003-10-02,-2.967125932128729
2003-10-03,-2.969864391334265
2003-10-04,-2.972096333121603
2003-10-05,-2.973821757490743
2003-10-06,-2.975040664441685
2003-10-07,-2.9757530539744304
2003-10-08,-2.9759589260889774
2003-10-09,-2.9756582807853267
2003-10-10,-2.9748511180634782
2003-10-11,-2.9735374379234316
2003-10-12,-2.971717240365188
2003-10-13,-2.9693905253887465
2003-10-14,-2.9665572929941066
2003-10-15,-2.9632175431812686
2003-10-16,-2.9593712759502346
2003-10-17,-2.955018491301002
2003-10-18,-2.9501591892335712
2003-10-19,-2.944793369747943
2003-10-20,-2.9389210328441164
2003-10-21,-2.932542178522093
2003-10-22,-2.9256568067818716
2003-10-23,-2.918264917623453
2003-10-24,-2.9103665110468357
2003-10-25,-2.9019615870520212
2003-10-26,-2.8930501456390085
2003-10-27,-2.883632186807798
2003-10-28,-2.873707710558391
2003-10-29,-2.863276716890785
2003-10-30,-2.852339205804981
2003-10-31,-2.8408951773009803
2003-11-01,-2.8289446313787807
2003-11-02,-2.8164875680383843
2003-11-03,-2.8035239872797897
2003-11-04,-2.790053889102997
2003-11-05,-2.7760772735080077
2003-11-06,-2.7615941404948203
2003-11-07,-2.7466044900634343
2003-11-08,-2.7311083222138515
2003-11-09,-2.715105636946071
2003-11-10,-2.698596434260092
2003-11-11,-2.6815807141559165
2003-11-12,-2.6640584766335413
2003-11-13,-2.6460297216929693
2003-11-14,-2.6274944493342
2003-11-15,-2.6084526595572326
2003-11-16,-2.588904352362067
2003-11-17,-2.569191711195122
2003-11-18,-2.549656919502814
2003-11-19,-2.5302999772851433
2003-11-20,-2.5111208845421116
2003-11-21,-2.492119641273716
2003-11-22,-2.4732962474799582
2003-11-23,-2.454650703160839
2003-11-24,-2.436183008316356
2003-11-25,-2.4178931629465112
2003-11-26,-2.399781167051303
2003-11-27,-2.3818470206307336
2003-11-28,-2.364090723684801
2003-11-29,-2.3465122762135056
2003-11-30,-2.329111678216848
2003-12-01,-2.3118889296948284
2003-12-02,-2.294844030647446
2003-12-03,-2.2779769810747013
2003-12-04,-2.2612877809765934
2003-12-05,-2.2447764303531232
2003-12-06,-2.228442929204291
2003-12-07,-2.212287277530096
2003-12-08,-2.196309475330539
2003-12-09,-2.1805095226056195
2003-12-10,-2.164887419355337
2003-12-11,-2.1494431655796924
2003-12-12,-2.134176761278685
2003-12-13,-2.1190882064523153
2003-12-14,-2.104177501100583
2003-12-15,-2.0894446452234883
2003-12-16,-2.0748896388210314
2003-12-17,-2.0605124818932117
2003-12-18,-2.0463131744400296
2003-12-19,-2.032291716461485
2003-12-20,-2.018448107957578
2003-12-21,-2.0047823489283085
2003-12-22,-1.9912944393736767
2003-12-23,-1.977984379293682
2003-12-24,-1.964852168688325
2003-12-25,-1.9518978075576054
2003-12-26,-1.9391212959015234
2003-12-27,-1.9265226337200787
2003-12-28,-1.9141018210132716
2003-12-29,-1.9018588577811029
2003-12-30,-1.889793744023571
2003-12-31,-1.8779064797406766
2004-01-01,-1.86619706493242
2004-01-02,-1.8546654995988003
2004-01-03,-1.8433117837398187
2004-01-04,-1.8321359173554743
2004-01-05,-1.8211379004457677
2004-01-06,-1.8103177330106985
2004-01-07,-1.7996754150502665
2004-01-08,-1.7892109465644725
2004-01-09,-1.7789243275533158
2004-01-10,-1.7688155580167964
2004-01-11,-1.758884637954915
2004-01-12,-1.7491315673676706
2004-01-13,-1.7395563462550645
2004-01-14,-1.7301589746170951
2004-01-15,-1.7209394524537638
2004-01-16,-1.7118977797650694
2004-01-17,-1.7030339565510133
2004-01-18,-1.6943479828115944
2004-01-19,-1.6858398585468128
2004-01-20,-1.6775095837566687
2004-01-21,-1.6693571584411622
2004-01-22,-1.6613825826002933
2004-01-23,-1.653585856234062
2004-01-24,-1.6459669793424685
2004-01-25,-1.6385259519255113
2004-01-26,-1.6312627739831929
2004-01-27,-1.6241774455155118
2004-01-28,-1.617269966522468
2004-01-29,-1.6105403370040616
2004-01-30,-1.6039885569602927
2004-01-31,-1.5976146263911615
2004-02-01,-1.591418545296668
2004-02-02,-1.5854003136768116
2004-02-03,-1.579559931531593
2004-02-04,-1.5738973988610119
2004-02-05,-1.5684127156650682
2004-02-06,-1.5631058819437622
2004-02-07,-1.5579768976970934
2004-02-08,-1.5530257629250621
2004-02-09,-1.5482524776276687
2004-02-10,-1.543657041804913
2004-02-11,-1.5392394554567943
2004-02-12,-1.5349997185833133
2004-02-13,-1.53093783118447
2004-02-14,-1.5270537932602637
2004-02-15,-1.5233476048106955
2004-02-16,-1.5198192658357645
2004-02-17,-1.5164687763354712
2004-02-18,-1.5132961363098152
2004-02-19,-1.510301345758797
2004-02-20,-1.5074844046824158
2004-02-21,-1.504845313080673
2004-02-22,-1.5023840709535672
2004-02-23,-1.5001006783010988
2004-02-24,-1.497995135123268
2004-02-25,-1.4960674414200748
2004-02-26,-1.494317597191519
2004-02-27,-1.4927456024376011
2004-02-28,-1.4913514571583202
2004-02-29,-1.490135161353677
2004-03-01,-1.4890967150236714
2004-03-02,-1.4882361181683033
2004-03-03,-1.4875533707875728
2004-03-04,-1.4870484728814797
2004-03-05,-1.486721424450024
2004-03-06,-1.4865722254932061
2004-03-07,-1.4866008760110256
2004-03-08,-1.4868073760034826
2004-03-09,-1.487191725470577
2004-03-10,-1.487753924412309
2004-03-11,-1.4884939728286788
2004-03-12,-1.489411870719686
2004-03-13,-1.4905076180853303
2004-03-14,-1.4917812149256124
2004-03-15,-1.493232661240532
2004-03-16,-1.4948619570300892
2004-03-17,-1.496669102294284
2004-03-18,-1.4986540970331164
2004-03-19,-1.500816941246586
2004-03-20,-1.5031576349346931
2004-03-21,-1.505676178097438
2004-03-22,-1.5083725707348203
2004-03-23,-1.51124681284684
2004-03-24,-1.5142989044334976
2004-03-25,-1.5175288454947922
2004-03-26,-1.5209366360307244
2004-03-27,-1.5245222760412944
2004-03-28,-1.5282857655265019
2004-03-29,-1.532227104486347
2004-03-30,-1.5363462929208294
2004-03-31,-1.5406433308299494
2004-04-01,-1.5451182182137067
2004-04-02,-1.5496984901080813
2004-04-03,-1.5543116815490532
2004-04-04,-1.558957792536622
2004-04-05,-1.5636368230707873
2004-04-06,-1.5683487731515502
2004-04-07,-1.5730936427789097
2004-04-08,-1.5778714319528664
2004-04-09,-1.5826821406734202
2004-04-10,-1.5875257689405706
2004-04-11,-1.5924023167543186
2004-04-12,-1.5973117841146631
2004-04-13,-1.6022541710216045
2004-04-14,-1.6072294774751432
2004-04-15,-1.6122377034752786
2004-04-16,-1.6172788490220111
2004-04-17,-1.6223529141153403
2004-04-18,-1.6274598987552666
2004-04-19,-1.6325998029417903
2004-04-20,-1.6377726266749109
2004-04-21,-1.6429783699546285
2004-04-22,-1.6482170327809431
2004-04-23,-1.6534886151538544
2004-04-24,-1.6587931170733627
2004-04-25,-1.664130538539468
2004-04-26,-1.6695008795521704
2004-04-27,-1.6749041401114697
2004-04-28,-1.6803403202173661
2004-04-29,-1.6858094198698592
2004-04-30,-1.6913114390689499
2004-05-01,-1.6968463778146368
2004-05-02,-1.702414236106921
2004-05-03,-1.7080150139458024
2004-05-04,-1.7136487113312806
2004-05-05,-1.719315328263356
2004-05-06,-1.7250148647420283
2004-05-07,-1.7307473207672972
2004-05-08,-1.7365126963391637
2004-05-09,-1.742310991457627
2004-05-10,-1.748142206122687
2004-05-11,-1.754006340334344
2004-05-12,-1.7599033940925977
2004-05-13,-1.7658333673974491
2004-05-14,-1.771796260248897
2004-05-15,-1.777792072646942
2004-05-16,-1.7838208045915844
2004-05-17,-1.7898824560828233
2004-05-18,-1.7959770271206594
2004-05-19,-1.8021045177050923
2004-05-20,-1.8082649278361225
2004-05-21,-1.8144582575137491
2004-05-22,-1.8206845067379733
2004-05-23,-1.8269436755087938
2004-05-24,-1.8332357638262118
2004-05-25,-1.8395607716902265
2004-05-26,-1.8459186991008387
2004-05-27,-1.8523095460580477
2004-05-28,-1.8587333125618535
2004-05-29,-1.8651899986122562
2004-05-30,-1.871679604209256
2004-05-31,-1.878202129352853
2004-06-01,-1.884757574043047
2004-06-02,-1.8913459382798377
2004-06-03,-1.8979672220632255
2004-06-04,-1.90462142539321
2004-06-05,-1.911308548269792
2004-06-06,-1.9180285906929706
2004-06-07,-1.9247815526627459
2004-06-08,-1.9315674341791191
2004-06-09,-1.9383862352420884
2004-06-10,-1.9452379558516548
2004-06-11,-1.9521225960078188
2004-06-12,-1.9590401557105794
2004-06-13,-1.965990634959937
2004-06-14,-1.9729740337558916
2004-06-15,-1.9799903520984432
2004-06-16,-1.9870395899875914
2004-06-17,-1.9941217474233373
2004-06-18,-2.0012368244056797
2004-06-19,-2.0083848209346193
2004-06-20,-2.015565737010156
2004-06-21,-2.0227795726322895
2004-06-22,-2.0300263278010195
2004-06-23,-2.037306002516347
2004-06-24,-2.044618596778272
2004-06-25,-2.051964110586793
2004-06-26,-2.059342543941912
2004-06-27,-2.0667538968436268
2004-06-28,-2.0741981692919396
2004-06-29,-2.081675361286849
2004-06-30,-2.0891854728283548
2004-07-01,-2.0967285039164585
2004-07-02,-2.104304454551158
2004-07-03,-2.1119133247324555
2004-07-04,-2.11955511446035
2004-07-05,-2.127229823734841
2004-07-06,-2.1349374525559295
2004-07-07,-2.1426780009236146
2004-07-08,-2.150451468837897
2004-07-09,-2.1582578562987766
2004-07-10,-2.1660971633062527
2004-07-11,-2.1739693898603254
2004-07-12,-2.1818745359609957
2004-07-13,-2.1898126016082626
2004-07-14,-2.197783586802127
2004-07-15,-2.205787491542588
2004-07-16,-2.213824315829646
2004-07-17,-2.221894059663301
2004-07-18,-2.229996723043553
2004-07-19,-2.238132305970402
2004-07-20,-2.2463008084438485
2004-07-21,-2.254502230463891
2004-07-22,-2.2627365720305312
2004-07-23,-2.271003833143768
2004-07-24,-2.2793040138036025
2004-07-25,-2.2876371140100327
2004-07-26,-2.296003133763061
2004-07-27,-2.304402073062686
2004-07-28,-2.3128339319089077
2004-07-29,-2.3212987103017264
2004-07-30,-2.329796408241142
2004-07-31,-2.338327025727155
2004-08-01,-2.346890562759765
2004-08-02,-2.3554870193389723
2004-08-03,-2.3641163954647757
2004-08-04,-2.3727786911371767
2004-08-05,-2.3814739063561747
2004-08-06,-2.390202041121769
2004-08-07,-2.3989630954339614
2004-08-08,-2.4077570692927495
2004-08-09,-2.4165839626981356
2004-08-10,-2.425443775650118
2004-08-11,-2.4343365081486974
2004-08-12,-2.4432621601938744
2004-08-13,-2.4522207317856473
2004-08-14,-2.4612122229240185
2004-08-15,-2.4702366336089865
2004-08-16,-2.4792939638405507
2004-08-17,-2.488271846313905
2004-08-18,-2.4970579137242415
2004-08-19,-2.50565216607156
2004-08-20,-2.5140546033558615
2004-08-21,-2.5222652255771445
2004-08-22,-2.5302840327354095
2004-08-23,-2.5381110248306573
2004-08-24,-2.5457462018628867
2004-08-25,-2.5531895638320985
2004-08-26,-2.5604411107382936
2004-08-27,-2.56750084258147
2004-08-28,-2.5743687593616285
2004-08-29,-2.5810448610787695
2004-08-30,-2.5875291477328926
2004-08-31,-2.5938216193239976
2004-09-01,-2.5999222758520855
2004-09-02,-2.6058311173171553
2004-09-03,-2.611548143719207
2004-09-04,-2.617073355058242
2004-09-05,-2.622406751334258
2004-09-06,-2.627548332547257
2004-09-07,-2.632498098697238
2004-09-08,-2.6372560497842015
2004-09-09,-2.641822185808147
2004-09-10,-2.6461965067690745
2004-09-11,-2.6503790126669844
2004-09-12,-2.6543697035018767
2004-09-13,-2.658168579273751
2004-09-14,-2.6617756399826074
2004-09-15,-2.665190885628447
2004-09-16,-2.6684143162112672
2004-09-17,-2.6714459317310704
2004-09-18,-2.674285732187856
2004-09-19,-2.676933717581624
2004-09-20,-2.6793898879123743
2004-09-21,-2.6816542431801063
2004-09-22,-2.6837267833848206
2004-09-23,-2.6856075085265174
2004-09-24,-2.687296418605196
2004-09-25,-2.6887935136208574
2004-09-26,-2.6900987935735006
2004-09-27,-2.6912122584631266
2004-09-28,-2.692133908289734
2004-09-29,-2.692863743053324
2004-09-30,-2.693401762753896
2004-10-01,-2.693747967391451
2004-10-02,-2.6939023569659875
2004-10-03,-2.6938649314775067
2004-10-04,-2.6936356909260075
2004-10-05,-2.693214635311491
2004-10-06,-2.6926017646339564
2004-10-07,-2.6917970788934045
2004-10-08,-2.690800578089834
2004-10-09,-2.6896122622232466
2004-10-10,-2.6882321312936415
2004-10-11,-2.6866601853010184
2004-10-12,-2.6848964242453777
2004-10-13,-2.6829408481267185
2004-10-14,-2.6807934569450422
2004-10-15,-2.6784542507003475
2004-10-16,-2.675923229392636
2004-10-17,-2.6732003930219053
2004-10-18,-2.6702857415881582
2004-10-19,-2.6671792750913927
2004-10-20,-2.6638809935316097
2004-10-21,-2.6603908969088086
2004-10-22,-2.65670898522299
2004-10-23,-2.6528352584741537
2004-10-24,-2.6487697166622994
2004-10-25,-2.644512359787427
2004-10-26,-2.6400631878495373
2004-10-27,-2.6354222008486294
2004-10-28,-2.6305893987847044
2004-10-29,-2.625564781657761
2004-10-30,-2.620348349467801
2004-10-31,-2.614940102214822
2004-11-01,-2.609340039898826
2004-11-02,-2.6035481625198114
2004-11-03,-2.5975644700777787
2004-11-04,-2.5913889625727298
2004-11-05,-2.585021640004662
2004-11-06,-2.5784625023735765
2004-11-07,-2.571711549679474
2004-11-08,-2.5647687819223526
2004-11-09,-2.5576341991022145
2004-11-10,-2.5503078012190574
2004-11-11,-2.5427895882728837
2004-11-12,-2.535079560263692
2004-11-13,-2.527177717191482
2004-11-14,-2.5190840590562544
2004-11-15,-2.5107985858580095
2004-11-16,-2.502321297596746
2004-11-17,-2.4937562479291424
2004-11-18,-2.4852074905118773
2004-11-19,-2.47667502534495
2004-11-20,-2.4681588524283593
2004-11-21,-2.4596589717621065
2004-11-22,-2.4511753833461913
2004-11-23,-2.4427080871806135
2004-11-24,-2.434257083265374
2004-11-25,-2.425822371600471
2004-11-26,-2.4174039521859063
2004-11-27,-2.409001825021679
2004-11-28,-2.4006159901077893
2004-11-29,-2.392246447444237
2004-11-30,-2.383893197031022
2004-12-01,-2.3755562388681453
2004-12-02,-2.367235572955606
2004-12-03,-2.3589311992934037
2004-12-04,-2.35064311788154
2004-12-05,-2.3423713287200134
2004-12-06,-2.3341158318088238
2004-12-07,-2.325876627147972
2004-12-08,-2.317653714737458
2004-12-09,-2.3094470945772816
2004-12-10,-2.301256766667443
2004-12-11,-2.2930827310079414
2004-12-12,-2.284924987598778
2004-12-13,-2.2767835364399516
2004-12-14,-2.268658377531463
2004-12-15,-2.2605495108733127
2004-12-16,-2.252456936465499
2004-12-17,-2.2443806543080225
2004-12-18,-2.2363206644008846
2004-12-19,-2.2282769667440845
2004-12-20,-2.2202495613376207
2004-12-21,-2.2122384481814956
2004-12-22,-2.2042436272757073
2004-12-23,-2.196265098620257
2004-12-24,-2.188302862215144
2004-12-25,-2.180356918060369
2004-12-26,-2.1724272661559314
2004-12-27,-2.1645139065018317
2004-12-28,-2.156616839098069
2004-12-29,-2.148736063944644
2004-12-30,-2.1408715810415564
2004-12-31,-2.133023390388807
2005-01-01,-2.125191491986395
2005-01-02,-2.1173758858343206
2005-01-03,-2.1095765719325827
2005-01-04,-2.101793550281184
2005-01-05,-2.0940268208801216
2005-01-06,-2.0862763837293974
2005-01-07,-2.07854223882901
2005-01-08,-2.0708243861789613
2005-01-09,-2.0631228257792498
2005-01-10,-2.055437557629876
2005-01-11,-2.0477685817308395
2005-01-12,-2.0401158980821403
2005-01-13,-2.0324795066837793
2005-01-14,-2.0248594075357556
2005-01-15,-2.0172556006380695
2005-01-16,-2.0096680859907208
2005-01-17,-2.0020968635937098
2005-01-18,-1.9945419334470365
2005-01-19,-1.9870032955507007
2005-01-20,-1.9794809499047026
2005-01-21,-1.9719748965090418
2005-01-22,-1.9644851353637185
2005-01-23,-1.9570116664687331
2005-01-24,-1.9495544898240853
2005-01-25,-1.9421136054297747
2005-01-26,-1.934689013285802
2005-01-27,-1.9272807133921668
2005-01-28,-1.9198887057488694
2005-01-29,-1.912512990355909
2005-01-30,-1.9051535672132862
2005-01-31,-1.8978104363210018
2005-02-01,-1.8904835976790542
2005-02-02,-1.8831730512874443
2005-02-03,-1.8758787971461721
2005-02-04,-1.8686008352552377
2005-02-05,-1.8613391656146407
2005-02-06,-1.8540937882243813
2005-02-07,-1.8468647030844592
2005-02-08,-1.8396519101948747
2005-02-09,-1.8324554095556285
2005-02-10,-1.8252752011667188
2005-02-11,-1.8181112850281473
2005-02-12,-1.8109636611399136
2005-02-13,-1.8038323295020173
2005-02-14,-1.7967172901144581
2005-02-15,-1.7896185429772369
2005-02-16,-1.7825360880903531
2005-02-17,-1.7754699254538067
2005-02-18,-1.7684200550675984
2005-02-19,-1.7613864769317273
2005-02-20,-1.754369191046194
2005-02-21,-1.747368197410998
2005-02-22,-1.7403834960261402
2005-02-23,-1.7334150868916192
2005-02-24,-1.7264629700074359
2005-02-25,-1.7195271453735905
2005-02-26,-1.7126076129900825
2005-02-27,-1.7057043728569123
2005-02-28,-1.6988174249740793
2005-03-01,-1.6919467693415837
2005-03-02,-1.685092405959426
2005-03-03,-1.6782543348276064
2005-03-04,-1.6714325559461238
2005-03-05,-1.6646270693149787
2005-03-06,-1.6578378749341713
2005-03-07,-1.6510649728037021
2005-03-08,-1.6443083629235695
2005-03-09,-1.6375680452937746
2005-03-10,-1.6308440199143175
2005-03-11,-1.6241362867851985
2005-03-12,-1.6174448459064164
2005-03-13,-1.610769697277972
2005-03-14,-1.6041108408998652
2005-03-15,-1.5974682767720962
2005-03-16,-1.5908420048946648
2005-03-17,-1.5842320252675706
2005-03-18,-1.5776383378908143
2005-03-19,-1.5710609427643951
2005-03-20,-1.5644998398883139
2005-03-21,-1.5579550292625703
2005-03-22,-1.551426510887164
2005-03-23,-1.5449142847620956
2005-03-24,-1.5384183508873646
2005-03-25,-1.5319387092629708
2005-03-26,-1.525475359888915
2005-03-27,-1.519028302765197
2005-03-28,-1.5125975378918162
2005-03-29,-1.506183065268773
2005-03-30,-1.4997848848960678
2005-03-31,-1.4934029967736995
2005-04-01,-1.4870374009016691
2005-04-02,-1.4806970135583521
2005-04-03,-1.474435332414004
2005-04-04,-1.4682612737470007
2005-04-05,-1.4621748375573418
2005-04-06,-1.4561760238450279
2005-04-07,-1.4502648326100585
2005-04-08,-1.4444412638524335
2005-04-09,-1.4387053175721536
2005-04-10,-1.4330569937692181
2005-04-11,-1.4274962924436274
2005-04-12,-1.4220232135953814
2005-04-13,-1.4166377572244802
2005-04-14,-1.4113399233309232
2005-04-15,-1.4061297119147114
2005-04-16,-1.401007122975844
2005-04-17,-1.3959721565143213
2005-04-18,-1.3910248125301432
2005-04-19,-1.3861650910233103
2005-04-20,-1.3813929919938215
2005-04-21,-1.3767085154416778
2005-04-22,-1.3721116613668782
2005-04-23,-1.367602429769424
2005-04-24,-1.3631808206493141
2005-04-25,-1.358846834006549
2005-04-26,-1.3546004698411285
2005-04-27,-1.3504417281530525
2005-04-28,-1.3463706089423213
2005-04-29,-1.3423871122089348
2005-04-30,-1.3384912379528928
2005-05-01,-1.334682986174196
2005-05-02,-1.3309623568728433
2005-05-03,-1.3273293500488355
2005-05-04,-1.3237839657021724
2005-05-05,-1.3203262038328543
2005-05-06,-1.3169560644408806
2005-05-07,-1.313673547526251
2005-05-08,-1.310478653088967
2005-05-09,-1.3073713811290273
2005-05-10,-1.3043517316464326
2005-05-11,-1.301419704641182
2005-05-12,-1.2985753001132763
2005-05-13,-1.2958185180627155
2005-05-14,-1.2931493584894993
2005-05-15,-1.2905678213936276
2005-05-16,-1.2880739067751006
2005-05-17,-1.285667614633918
2005-05-18,-1.2833489449700806
2005-05-19,-1.281117897783588
2005-05-20,-1.2789744730744395
2005-05-21,-1.2769186708426359
2005-05-22,-1.274950491088177
2005-05-23,-1.273069933811063
2005-05-24,-1.2712769990112933
2005-05-25,-1.2695716866888687
2005-05-26,-1.2679539968437885
2005-05-27,-1.266423929476053
2005-05-28,-1.2649814845856622
2005-05-29,-1.2636266621726162
2005-05-30,-1.2623594622369148
2005-05-31,-1.2611798847785578
2005-06-01,-1.2600879297975458
2005-06-02,-1.2590835972938783
2005-06-03,-1.2581668872675558
2005-06-04,-1.2573377997185777
2005-06-05,-1.2565963346469444
2005-06-06,-1.2559424920526556
2005-06-07,-1.255376271935712
2005-06-08,-1.2548976742961124
2005-06-09,-1.2545066991338578
2005-06-10,-1.2542033464489477
2005-06-11,-1.2539876162413826
2005-06-12,-1.2538595085111621
2005-06-13,-1.253819023258286
2005-06-14,-1.2538661604827548
2005-06-15,-1.254000920184568
2005-06-16,-1.2542233023637264
2005-06-17,-1.2545333070202291
2005-06-18,-1.2549309341540766
2005-06-19,-1.2554161837652689
2005-06-20,-1.2559890558538056
2005-06-21,-1.256649550419687
2005-06-22,-1.2573976674629135
2005-06-23,-1.2582334069834842
2005-06-24,-1.2591567689813998
2005-06-25,-1.2601677534566598
2005-06-26,-1.261266360409265
2005-06-27,-1.2624525898392145
2005-06-28,-1.2637264417465088
2005-06-29,-1.2650879161311477
2005-06-30,-1.2665370129931315
2005-07-01,-1.2680737323324596
2005-07-02,-1.2696980741491326
2005-07-03,-1.2714100384431501
2005-07-04,-1.2732096252145126
2005-07-05,-1.2750968344632196
2005-07-06,-1.2770716661892714
2005-07-07,-1.2791341203926678
2005-07-08,-1.281284197073409
2005-07-09,-1.2835218962314945
2005-07-10,-1.2858472178669251
2005-07-11,-1.2882601619797
2005-07-12,-1.2907607285698197
2005-07-13,-1.2933489176372843
2005-07-14,-1.2960247291820934
2005-07-15,-1.298788163204247
2005-07-16,-1.3016392197037456
2005-07-17,-1.304577898680589
2005-07-18,-1.307604200134777
2005-07-19,-1.3107181240663093
2005-07-20,-1.3139196704751863
2005-07-21,-1.3172088393614083
2005-07-22,-1.320585630724975
2005-07-23,-1.3240500445658863
2005-07-24,-1.3276020808841422
2005-07-25,-1.3312417396797427
2005-07-26,-1.334969020952688
2005-07-27,-1.338783924702978
2005-07-28,-1.342686450930613
2005-07-29,-1.346676599635592
2005-07-30,-1.3507543708179162
2005-07-31,-1.354919764477585
2005-08-01,-1.3591727806145981
2005-08-02,-1.3635134192289562
2005-08-03,-1.367941680320659
2005-08-04,-1.3724575638897063
2005-08-05,-1.3770610699360986
2005-08-06,-1.381752198459835
2005-08-07,-1.3865309494609166
2005-08-08,-1.3913973229393428
2005-08-09,-1.3963513188951135
2005-08-10,-1.401392937328229
2005-08-11,-1.406522178238689
2005-08-12,-1.4117390416264939
2005-08-13,-1.4170435274916435
2005-08-14,-1.4224356358341375
2005-08-15,-1.4279153666539763
2005-08-16,-1.4334827199511602
2005-08-17,-1.4391411680346577
2005-08-18,-1.444894183213439
2005-08-19,-1.4507417654875032
2005-08-20,-1.456683914856851
2005-08-21,-1.4627206313214816
2005-08-22,-1.4688519148813959
2005-08-23,-1.4750777655365936
2005-08-24,-1.4813981832870744
2005-08-25,-1.4878131681328393
2005-08-26,-1.4943227200738867
2005-08-27,-1.5009268391102177
2005-08-28,-1.5076255252418322
2005-08-29,-1.5144187784687302
2005-08-30,-1.5213065987909111
2005-08-31,-1.5282889862083757
2005-09-01,-1.5353659407211235
2005-09-02,-1.542537462329155
2005-09-03,-1.5498035510324693
2005-09-04,-1.5571642068310667
2005-09-05,-1.5646194297249483
2005-09-06,-1.5721692197141128
2005-09-07,-1.5798135767985608
2005-09-08,-1.5875525009782925
2005-09-09,-1.5953859922533067
2005-09-10,-1.603314050623605
2005-09-11,-1.611336676089186
2005-09-12,-1.6194538686500508
2005-09-13,-1.627665628306199
2005-09-14,-1.6359719550576302
2005-09-15,-1.6443728489043448
2005-09-16,-1.6528683098463433
2005-09-17,-1.6614583378836247
2005-09-18,-1.6701429330161897
2005-09-19,-1.6789220952440376
2005-09-20,-1.6877958245671691
2005-09-21,-1.6967641209855842
2005-09-22,-1.7058269844992822
2005-09-23,-1.7149844151082638
2005-09-24,-1.724236412812529
2005-09-25,-1.7335829776120768
2005-09-26,-1.7430241095069088
2005-09-27,-1.7525598084970235
2005-09-28,-1.762190074582422
2005-09-29,-1.7719149077631038
2005-09-30,-1.7817343080390684
2005-10-01,-1.791648275410317
2005-10-02,-1.8016568098768486
2005-10-03,-1.811759911438664
2005-10-04,-1.8219575800957621
2005-10-05,-1.8322498158481442
2005-10-06,-1.8426366186958092
2005-10-07,-1.8531179886387577
2005-10-08,-1.863693925676989
2005-10-09,-1.8743644298105044
2005-10-10,-1.8851295010393032
2005-10-11,-1.895989139363385
2005-10-12,-1.9069433447827504
2005-10-13,-1.9179921172973988
2005-10-14,-1.9291354569073307
2005-10-15,-1.940373363612546
2005-10-16,-1.9517058374130447
2005-10-17,-1.9631328783088267
2005-10-18,-1.974654486299892
2005-10-19,-1.986270661386241
2005-10-20,-1.9979814035678725
2005-10-21,-2.009786712844788
2005-10-22,-2.021686589216987
2005-10-23,-2.033681032684469
2005-10-24,-2.0457700432472348
2005-10-25,-2.057953620905283
2005-10-26,-2.0702317656586153
2005-10-27,-2.082604477507231
2005-10-28,-2.09507175645113
2005-10-29,-2.1076336024903117
2005-10-30,-2.1202900156247777
2005-10-31,-2.1330409958545267
2005-11-01,-2.1458865431795586
2005-11-02,-2.1588266575998745
2005-11-03,-2.1718613391154733
2005-11-04,-2.1849905877263556
2005-11-05,-2.1982144034325213
2005-11-06,-2.2115327862339704
2005-11-07,-2.224945736130703
2005-11-08,-2.2384532531227186
2005-11-09,-2.2520553372100176
2005-11-10,-2.2657519883925996
2005-11-11,-2.279543206670466
2005-11-12,-2.293428992043615
2005-11-13,-2.3074093445120476
2005-11-14,-2.321484264075763
2005-11-15,-2.335653750734762
2005-11-16,-2.3499178044890447
2005-11-17,-2.364151018531384
2005-11-18,-2.3782279860545534
2005-11-19,-2.392148707058554
2005-11-20,-2.4059131815433843
2005-11-21,-2.419521409509045
2005-11-22,-2.4329733909555364
2005-11-23,-2.446269125882857
2005-11-24,-2.4594086142910085
2005-11-25,-2.472391856179991
2005-11-26,-2.485218851549803
2005-11-27,-2.497889600400446
2005-11-28,-2.5104041027319184
2005-11-29,-2.5227623585442216
2005-11-30,-2.534964367837356
2005-12-01,-2.54701013061132
2005-12-02,-2.558899646866114
2005-12-03,-2.5706329166017383
2005-12-04,-2.582209939818194
2005-12-05,-2.5936307165154786
2005-12-06,-2.6048952466935944
2005-12-07,-2.61600353035254
2005-12-08,-2.6269555674923164
2005-12-09,-2.637751358112923
2005-12-10,-2.6483909022143606
2005-12-11,-2.658874199796627
2005-12-12,-2.6692012508597247
2005-12-13,-2.6793720554036526
2005-12-14,-2.689386613428411
2005-12-15,-2.6992449249339994
2005-12-16,-2.708946989920418
2005-12-17,-2.718492808387668
2005-12-18,-2.7278823803357475
2005-12-19,-2.7371157057646567
2005-12-20,-2.7461927846743968
2005-12-21,-2.755113617064968
2005-12-22,-2.763878202936368
2005-12-23,-2.7724865422885996
2005-12-24,-2.780938635121661
2005-12-25,-2.789234481435553
2005-12-26,-2.7973740812302754
2005-12-27,-2.805357434505828
2005-12-28,-2.81318454126221
2005-12-29,-2.820855401499424
2005-12-30,-2.828370015217467
2005-12-31,-2.8357283824163413
2006-01-01,-2.8429305030960443
2006-01-02,-2.8499763772565796
2006-01-03,-2.856866004897944
2006-01-04,-2.8635993860201387
2006-01-05,-2.8701765206231653
2006-01-06,-2.8765974087070205
2006-01-07,-2.8828620502717066
2006-01-08,-2.888970445317223
2006-01-09,-2.8949225938435696
2006-01-10,-2.9007184958507466
2006-01-11,-2.906358151338754
2006-01-12,-2.911841560307592
2006-01-13,-2.9171687227572596
2006-01-14,-2.922339638687758
2006-01-15,-2.927354308099087
2006-01-16,-2.9322127309912456
2006-01-17,-2.9369149073642355
2006-01-18,-2.941460837218055
2006-01-19,-2.945850520552705
2006-01-20,-2.9500839573681854
2006-01-21,-2.9541611476644962
2006-01-22,-2.9580820914416375
2006-01-23,-2.961846788699608
2006-01-24,-2.96545523943841
2006-01-25,-2.9689074436580416
2006-01-26,-2.972203401358504
2006-01-27,-2.9753431125397967
2006-01-28,-2.97832657720192
2006-01-29,-2.981153795344873
2006-01-30,-2.9838247669686564
2006-01-31,-2.9863394920732707
2006-02-01,-2.9886979706587153
2006-02-02,-2.990900202724989
2006-02-03,-2.9929461882720947
2006-02-04,-2.99483592730003
2006-02-05,-2.996569419808795
2006-02-06,-2.9981466657983913
2006-02-07,-2.9995676652688177
2006-02-08,-3.0008324182200736
2006-02-09,-3.0019409246521613
2006-02-10,-3.002893184565078
2006-02-11,-3.003689197958826
2006-02-12,-3.0043289648334035
2006-02-13,-3.0048124851888116
2006-02-14,-3.0051397590250506
2006-02-15,-3.005310786342119
2006-02-16,-3.0053394314675503
2006-02-17,-3.005239558728878
2006-02-18,-3.005011168126099
2006-02-19,-3.0046542596592167
2006-02-20,-3.004168833328229
2006-02-21,-3.0035548891331354
2006-02-22,-3.002812427073938
2006-02-23,-3.001941447150636
2006-02-24,-3.000941949363229
2006-02-25,-2.9998139337117165
2006-02-26,-2.9985574001961
2006-02-27,-2.997172348816378
2006-02-28,-2.995658779572551
2006-03-01,-2.99401669246462
2006-03-02,-2.992246087492583
2006-03-03,-2.9903469646564425
2006-03-04,-2.9883193239561967
2006-03-05,-2.9861631653918455
2006-03-06,-2.983878488963389
2006-03-07,-2.981465294670829
2006-03-08,-2.978923582514164
2006-03-09,-2.9762533524933934
2006-03-10,-2.9734546046085186
2006-03-11,-2.9705273388595383
2006-03-12,-2.9674715552464535
2006-03-13,-2.9642872537692635
2006-03-14,-2.960974434427969
2006-03-15,-2.9575330972225697
2006-03-16,-2.9539632421530655
2006-03-17,-2.950264869219456
2006-03-18,-2.9464379784217423
2006-03-19,-2.9424825697599233
2006-03-20,-2.9383986432339997
2006-03-21,-2.934186198843971
2006-03-22,-2.9298452365898378
2006-03-23,-2.925375756471599
2006-03-24,-2.920777758489257
2006-03-25,-2.9160512426428085
2006-03-26,-2.911196208932256
2006-03-27,-2.9062126573575977
2006-03-28,-2.9011005879188354
2006-03-29,-2.8958600006159685
2006-03-30,-2.890490895448996
2006-03-31,-2.884993272417919
2006-04-01,-2.879367131522737
2006-04-02,-2.8736124727634507
2006-04-03,-2.867729296140059
2006-04-04,-2.861717601652562
2006-04-05,-2.855577389300961
2006-04-06,-2.849308659085255
2006-04-07,-2.8429114110054434
2006-04-08,-2.8363856450615277
2006-04-09,-2.8297313612535073
2006-04-10,-2.8229485595813815
2006-04-11,-2.816037240045151
2006-04-12,-2.8089974026448155
2006-04-13,-2.8018290473803753
2006-04-14,-2.794532174251831
2006-04-15,-2.787106783259181
2006-04-16,-2.779552874402426
2006-04-17,-2.7718704476815663
2006-04-18,-2.764059503096602
2006-04-19,-2.756120040647533
2006-04-20,-2.7480520603343592
2006-04-21,-2.7398555621570795
2006-04-22,-2.7315305461156956
2006-04-23,-2.723077012210207
2006-04-24,-2.7144949604406134
2006-04-25,-2.705784390806915
2006-04-26,-2.6969453033091124
2006-04-27,-2.687977697947204
2006-04-28,-2.678881574721191
2006-04-29,-2.6696569336310736
2006-04-30,-2.6603037746768514
2006-05-01,-2.6508220978585237
2006-05-02,-2.641211903176091
2006-05-03,-2.6314731906295536
2006-05-04,-2.621605960218912
2006-05-05,-2.611610211944165
2006-05-06,-2.6014859458053126
2006-05-07,-2.5912331618023567
2006-05-08,-2.580851859935295
2006-05-09,-2.570342040204129
2006-05-10,-2.5597037026088576
2006-05-11,-2.5489368471494815
2006-05-12,-2.5380414738260004
2006-05-13,-2.5270175826384147
2006-05-14,-2.5158651735867243
2006-05-15,-2.5045842466709294
2006-05-16,-2.493174801891029
2006-05-17,-2.481674750397139
2006-05-18,-2.470311559089952
2006-05-19,-2.4591231391195825
2006-05-20,-2.448109490486032
2006-05-21,-2.4372706131892987
2006-05-22,-2.426606507229383
2006-05-23,-2.4161171726062856
2006-05-24,-2.4058026093200064
2006-05-25,-2.3956628173705448
2006-05-26,-2.385697796757901
2006-05-27,-2.3759075474820754
2006-05-28,-2.366292069543068
2006-05-29,-2.3568513629408785
2006-05-30,-2.3475854276755066
2006-05-31,-2.338494263746953
2006-06-01,-2.329577871155217
2006-06-02,-2.320836249900299
2006-06-03,-2.312269399982199
2006-06-04,-2.303877321400918
2006-06-05,-2.2956600141564536
2006-06-06,-2.2876174782488077
2006-06-07,-2.2797497136779796
2006-06-08,-2.2720567204439694
2006-06-09,-2.264538498546777
2006-06-10,-2.257195047986403
2006-06-11,-2.250026368762847
2006-06-12,-2.2430324608761083
2006-06-13,-2.2362133243261884
2006-06-14,-2.2295689591130863
2006-06-15,-2.2230993652368016
2006-06-16,-2.2168045426973357
2006-06-17,-2.210684491494687
2006-06-18,-2.204739211628856
2006-06-19,-2.198968703099844
2006-06-20,-2.193372965907649
2006-06-21,-2.1879520000522725
2006-06-22,-2.182705805533714
2006-06-23,-2.1776343823519735
2006-06-24,-2.17273773050705
2006-06-25,-2.1680158499989455
2006-06-26,-2.1634687408276587
2006-06-27,-2.15909640299319
2006-06-28,-2.154898836495539
2006-06-29,-2.1508760413347057
2006-06-30,-2.147028017510691
2006-07-01,-2.143354765023494
2006-07-02,-2.1398562838731148
2006-07-03,-2.1365325740595535
2006-07-04,-2.13338363558281
2006-07-05,-2.130409468442885
2006-07-06,-2.127610072639778
2006-07-07,-2.1249854481734887
2006-07-08,-2.1225355950440172
2006-07-09,-2.1202605132513637
2006-07-10,-2.1181602027955284
2006-07-11,-2.1162346636765106
2006-07-12,-2.1144838958943106
2006-07-13,-2.1129078994489294
2006-07-14,-2.1115066743403657
2006-07-15,-2.11028022056862
2006-07-16,-2.1092285381336926
2006-07-17,-2.1083516270355824
2006-07-18,-2.1076494872742906
2006-07-19,-2.1071221188498175
2006-07-20,-2.1067695217621614
2006-07-21,-2.106591696011323
2006-07-22,-2.106588641597303
2006-07-23,-2.106760358520101
2006-07-24,-2.1071068467797174
2006-07-25,-2.107628106376151
2006-07-26,-2.108324137309403
2006-07-27,-2.1091949395794725
2006-07-28,-2.1102405131863606
2006-07-29,-2.1114608581300662
2006-07-30,-2.11285597441059
2006-07-31,-2.1144258620279315
2006-08-01,-2.1161705209820907
2006-08-02,-2.1180899512730686
2006-08-03,-2.120184152900864
2006-08-04,-2.1224531258654777
2006-08-05,-2.124896870166909
2006-08-06,-2.1275153858051583
2006-08-07,-2.1303086727802256
2006-08-08,-2.1332767310921112
2006-08-09,-2.136419560740814
2006-08-10,-2.139737161726335
2006-08-11,-2.1432295340486744
2006-08-12,-2.146896677707832
2006-08-13,-2.1507385927038065
2006-08-14,-2.1547552790366
2006-08-15,-2.1589467367062105
2006-08-16,-2.1633129657126395
2006-08-17,-2.1676761075204514
2006-08-18,-2.171858303594211
2006-08-19,-2.175859553933919
2006-08-20,-2.179679858539575
2006-08-21,-2.1833192174111784
2006-08-22,-2.18677763054873
2006-08-23,-2.1900550979522295
2006-08-24,-2.193151619621677
2006-08-25,-2.1960671955570725
2006-08-26,-2.198801825758416
2006-08-27,-2.2013555102257074
2006-08-28,-2.2037282489589467
2006-08-29,-2.2059200419581333
2006-08-30,-2.207930889223269
2006-08-31,-2.209760790754352
2006-09-01,-2.211409746551383
2006-09-02,-2.2128777566143616
2006-09-03,-2.2141648209432887
2006-09-04,-2.2152709395381636
2006-09-05,-2.216196112398986
2006-09-06,-2.216940339525757
2006-09-07,-2.2175036209184755
2006-09-08,-2.2178859565771423
2006-09-09,-2.2180873465017568
2006-09-10,-2.2181077906923194
2006-09-11,-2.21794728914883
2006-09-12,-2.217605841871288
2006-09-13,-2.2170834488596944
2006-09-14,-2.2163801101140486
2006-09-15,-2.2154958256343513
2006-09-16,-2.2144305954206014
2006-09-17,-2.213184419472799
2006-09-18,-2.2117572977909457
2006-09-19,-2.210149230375039
2006-09-20,-2.208360217225081
2006-09-21,-2.206390258341071
2006-09-22,-2.2042393537230085
2006-09-23,-2.2019075033708946
2006-09-24,-2.199394707284728
2006-09-25,-2.1967009654645095
2006-09-26,-2.1938262779102393
2006-09-27,-2.1907706446219164
2006-09-28,-2.1875340655995426
2006-09-29,-2.184116540843116
2006-09-30,-2.1805180703526372
2006-10-01,-2.176738654128106
2006-10-02,-2.172778292169524
2006-10-03,-2.1686369844768887
2006-10-04,-2.164314731050202
2006-10-05,-2.1598115318894626
2006-10-06,-2.1551273869946717
2006-10-07,-2.150262296365829
2006-10-08,-2.1452162600029334
2006-10-09,-2.1399892779059866
2006-10-10,-2.134581350074987
2006-10-11,-2.1289924765099357
2006-10-12,-2.123222657210833
2006-10-13,-2.117271892177677
2006-10-14,-2.1111401814104696
2006-10-15,-2.10482752490921
2006-10-16,-2.098333922673899
2006-10-17,-2.0916593747045353
2006-10-18,-2.084803881001119
2006-10-19,-2.077767441563651
2006-10-20,-2.0705500563921313
2006-10-21,-2.06315172548656
2006-10-22,-2.055572448846936
2006-10-23,-2.04781222647326
2006-10-24,-2.039871058365532
2006-10-25,-2.0317489445237515
2006-10-26,-2.0234458849479195
2006-10-27,-2.0149618796380353
2006-10-28,-2.0062969285940992
2006-10-29,-1.9974510318161105
2006-10-30,-1.9884241893040704
2006-10-31,-1.979216401057978
2006-11-01,-1.9698276670778332
2006-11-02,-1.960257987363637
2006-11-03,-1.950507361915388
2006-11-04,-1.9405757907330874
2006-11-05,-1.9304632738167344
2006-11-06,-1.9201698111663301
2006-11-07,-1.9096954027818729
2006-11-08,-1.8990400486633643
2006-11-09,-1.8882037488108032
2006-11-10,-1.8771865032241901
2006-11-11,-1.865988311903525
2006-11-12,-1.8546091748488078
2006-11-13,-1.8430490920600384
2006-11-14,-1.8313080635372172
2006-11-15,-1.8193860892803442
2006-11-16,-1.807283169289419
2006-11-17,-1.7952123975681187
2006-11-18,-1.7833868681201204
2006-11-19,-1.7718065809454253
2006-11-20,-1.7604715360440322
2006-11-21,-1.7493817334159407
2006-11-22,-1.7385371730611527
2006-11-23,-1.7279378549796662
2006-11-24,-1.7175837791714825
2006-11-25,-1.7074749456366012
2006-11-26,-1.697611354375022
2006-11-27,-1.6879930053867453
2006-11-28,-1.678619898671771
2006-11-29,-1.6694920342300992
2006-11-30,-1.6606094120617299
2006-12-01,-1.6519720321666624
2006-12-02,-1.6435798945448974
2006-12-03,-1.6354329991964347
2006-12-04,-1.6275313461212748
2006-12-05,-1.6198749353194166
2006-12-06,-1.6124637667908612
2006-12-07,-1.6052978405356084
2006-12-08,-1.5983771565536573
2006-12-09,-1.591701714845009
2006-12-10,-1.5852715154096633
2006-12-11,-1.579086558247619
2006-12-12,-1.573146843358878
2006-12-13,-1.567452370743439
2006-12-14,-1.562003140401302
2006-12-15,-1.5567991523324678
2006-12-16,-1.5518404065369358
2006-12-17,-1.5471269030147061
2006-12-18,-1.5426586417657793
2006-12-19,-1.5384356227901543
2006-12-20,-1.5344578460878315
2006-12-21,-1.5307253116588118
2006-12-22,-1.5272380195030937
2006-12-23,-1.5239959696206782
2006-12-24,-1.520999162011565
2006-12-25,-1.5182475966757543
2006-12-26,-1.515741273613246
2006-12-27,-1.51348019282404
2006-12-28,-1.511464354308136
2006-12-29,-1.509693758065535
2006-12-30,-1.5081684040962358
2006-12-31,-1.5068882924002394
2007-01-01,-1.5058534229775449
2007-01-02,-1.5050637958281534
2007-01-03,-1.5045194109520634
2007-01-04,-1.5042202683492762
2007-01-05,-1.5041663680197919
2007-01-06,-1.504357709963609
2007-01-07,-1.504794294180729
2007-01-08,-1.505476120671151
2007-01-09,-1.506403189434876
2007-01-10,-1.5075755004719027
2007-01-11,-1.508993053782232
2007-01-12,-1.5106558493658635
2007-01-13,-1.5125638872227976
2007-01-14,-1.5147171673530337
2007-01-15,-1.5171156897565727
2007-01-16,-1.5197594544334134
2007-01-17,-1.5226484613835571
2007-01-18,-1.5257827106070028
2007-01-19,-1.5291622021037508
2007-01-20,-1.5327869358738013
2007-01-21,-1.5366569119171545
2007-01-22,-1.5407721302338095
2007-01-23,-1.545132590823767
2007-01-24,-1.5497382936870268
2007-01-25,-1.5545892388235893
2007-01-26,-1.5596854262334536
2007-01-27,-1.5650268559166207
2007-01-28,-1.57061352787309
2007-01-29,-1.5764454421028615
2007-01-30,-1.5825225986059355
2007-01-31,-1.588844997382312
2007-02-01,-1.5954126384319909
2007-02-02,-1.6022255217549717
2007-02-03,-1.6092836473512553
2007-02-04,-1.616587015220841
2007-02-05,-1.6241356253637291
2007-02-06,-1.6319294777799196
2007-02-07,-1.6399685724694129
2007-02-08,-1.6482529094322076
2007-02-09,-1.6567824886683056
2007-02-10,-1.6655573101777055
2007-02-11,-1.6745773739604077
2007-02-12,-1.683842680016412
2007-02-13,-1.693353228345719
2007-02-14,-1.7031090189483287
2007-02-15,-1.71311005182424
2007-02-16,-1.7232513583433795
2007-02-17,-1.7334279698756718
2007-02-18,-1.7436398864211164
2007-02-19,-1.7538871079797143
2007-02-20,-1.764169634551465
2007-02-21,-1.774487466136368
2007-02-22,-1.7848406027344246
2007-02-23,-1.795229044345634
2007-02-24,-1.805652790969996
2007-02-25,-1.8161118426075105
2007-02-26,-1.8266061992581784
2007-02-27,-1.8371358609219988
2007-02-28,-1.8477008275989721
2007-03-01,-1.858301099289098
2007-03-02,-1.868936675992377
2007-03-03,-1.8796075577088092
2007-03-04,-1.890313744438394
2007-03-05,-1.901055236181131
2007-03-06,-1.9118320329370215
2007-03-07,-1.9226441347060648
2007-03-08,-1.9334915414882607
2007-03-09,-1.9443742532836095
2007-03-10,-1.9552922700921112
2007-03-11,-1.9662455919137656
2007-03-12,-1.9772342187485732
2007-03-13,-1.988258150596533
2007-03-14,-1.9993173874576464
2007-03-15,-2.0104119293319123
2007-03-16,-2.021541776219331
2007-03-17,-2.032706928119902
2007-03-18,-2.0439073850336262
2007-03-19,-2.055143146960504
2007-03-20,-2.0664142139005337
2007-03-21,-2.0777205858537164
2007-03-22,-2.089062262820052
2007-03-23,-2.1004392447995404
2007-03-24,-2.1118515317921824
2007-03-25,-2.1232991237979766
2007-03-26,-2.1347820208169237
2007-03-27,-2.1463002228490233
2007-03-28,-2.1578537298942764
2007-03-29,-2.1694425419526815
2007-03-30,-2.18106665902424
2007-03-31,-2.192726081108951
2007-04-01,-2.204420808206815
2007-04-02,-2.2161508403178325
2007-04-03,-2.227916177442002
2007-04-04,-2.2397168195793244
2007-04-05,-2.2515527667297994
2007-04-06,-2.2634240188934283
2007-04-07,-2.2753305760702087
2007-04-08,-2.2872724382601426
2007-04-09,-2.2992496054632294
2007-04-10,-2.3112620776794692
2007-04-11,-2.3233098549088615
2007-04-12,-2.335392937151407
2007-04-13,-2.3475113244071046
2007-04-14,-2.359665016675956
2007-04-15,-2.371854013957959
2007-04-16,-2.384078316253116
2007-04-17,-2.3963379235614255
2007-04-18,-2.4086328358828877
2007-04-19,-2.420963053217503
2007-04-20,-2.4333285755652705
2007-04-21,-2.445729402926191
2007-04-22,-2.4581655353002647
2007-04-23,-2.4706369726874913
2007-04-24,-2.483143715087871
2007-04-25,-2.4956857625014024
2007-04-26,-2.5082631149280874
2007-04-27,-2.5208757723679254
2007-04-28,-2.533523734820916
2007-04-29,-2.5462070022870593
2007-04-30,-2.5589255747663557
2007-05-01,-2.571679452258805
2007-05-02,-2.5844686347644066
2007-05-03,-2.597293122283162
2007-05-04,-2.6101529148150693
2007-05-05,-2.6230480123601296
2007-05-06,-2.6359784149183425
2007-05-07,-2.6489441224897092
2007-05-08,-2.661945135074228
2007-05-09,-2.6749814526719
2007-05-10,-2.6880530752827245
2007-05-11,-2.7011600029067018
2007-05-12,-2.714302235543832
2007-05-13,-2.727479773194115
2007-05-14,-2.740692615857551
2007-05-15,-2.75394076353414
2007-05-16,-2.767224216223881
2007-05-17,-2.7804894110451723
2007-05-18,-2.793414970708388
2007-05-19,-2.8059473323319253
2007-05-20,-2.818086495915784
2007-05-21,-2.829832461459964
2007-05-22,-2.8411852289644655
2007-05-23,-2.8521447984292885
2007-05-24,-2.8627111698544327
2007-05-25,-2.872884343239898
2007-05-26,-2.882664318585685
2007-05-27,-2.892051095891794
2007-05-28,-2.9010446751582233
2007-05-29,-2.9096450563849747
2007-05-30,-2.917852239572047
2007-05-31,-2.925666224719441
2007-06-01,-2.933087011827156
2007-06-02,-2.940114600895193
2007-06-03,-2.9467489919235508
2007-06-04,-2.952990184912231
2007-06-05,-2.9588381798612318
2007-06-06,-2.9642929767705537
2007-06-07,-2.969354575640198
2007-06-08,-2.9740229764701627
2007-06-09,-2.978298179260449
2007-06-10,-2.982180184011057
2007-06-11,-2.985668990721986
2007-06-12,-2.988764599393237
2007-06-13,-2.991467010024809
2007-06-14,-2.9937762226167024
2007-06-15,-2.9956922371689174
2007-06-16,-2.9972150536814537
2007-06-17,-2.9983446721543117
2007-06-18,-2.99908109258749
2007-06-19,-2.999424314980991
2007-06-20,-2.999374339334812
2007-06-21,-2.9989311656489557
2007-06-22,-2.9980947939234195
2007-06-23,-2.9968652241582063
2007-06-24,-2.9952424563533135
2007-06-25,-2.9932264905087425
2007-06-26,-2.9908173266244926
2007-06-27,-2.988014964700564
2007-06-28,-2.9848194047369567
2007-06-29,-2.981230646733671
2007-06-30,-2.9772486906907067
2007-07-01,-2.972873536608064
2007-07-02,-2.9681051844857427
2007-07-03,-2.9629436343237425
2007-07-04,-2.9573888861220636
2007-07-05,-2.9514409398807064
2007-07-06,-2.9450997955996705
2007-07-07,-2.9383654532789563
2007-07-08,-2.9312379129185624
2007-07-09,-2.9237171745184907
2007-07-10,-2.915803238078741
2007-07-11,-2.907496103599312
2007-07-12,-2.898795771080204
2007-07-13,-2.889702240521417
2007-07-14,-2.8802155119229527
2007-07-15,-2.8703355852848094
2007-07-16,-2.8600624606069878
2007-07-17,-2.849396137889487
2007-07-18,-2.838336617132308
2007-07-19,-2.8268838983354505
2007-07-20,-2.8150379814989135
2007-07-21,-2.802798866622698
2007-07-22,-2.7901665537068046
2007-07-23,-2.7771410427512326
2007-07-24,-2.763722333755982
2007-07-25,-2.749910426721053
2007-07-26,-2.735705321646444
2007-07-27,-2.721107018532157
2007-07-28,-2.706115517378193
2007-07-29,-2.6907308181845484
2007-07-30,-2.674952920951226
2007-07-31,-2.6587818256782243
2007-08-01,-2.6422175323655446
2007-08-02,-2.6252600410131866
2007-08-03,-2.6079093516211493
2007-08-04,-2.5901654641894343
2007-08-05,-2.57202837871804
2007-08-06,-2.553498095206967
2007-08-07,-2.5345746136562157
2007-08-08,-2.515257934065786
2007-08-09,-2.4955480564356773
2007-08-10,-2.47544498076589
2007-08-11,-2.454948707056424
2007-08-12,-2.43405923530728
2007-08-13,-2.4127765655184565
2007-08-14,-2.391100697689955
2007-08-15,-2.369031631821775
2007-08-16,-2.346569367913916
2007-08-17,-2.3240323079539684
2007-08-18,-2.301738853929523
2007-08-19,-2.279689005840579
2007-08-20,-2.2578827636871375
2007-08-21,-2.2363201274691966
2007-08-22,-2.2150010971867578
2007-08-23,-2.1939256728398213
2007-08-24,-2.173093854428386
2007-08-25,-2.1525056419524526
2007-08-26,-2.132161035412021
2007-08-27,-2.112060034807091
2007-08-28,-2.0922026401376628
2007-08-29,-2.072588851403736
2007-08-30,-2.0532186686053118
2007-08-31,-2.034092091742388
2007-09-01,-2.0152091208149674
2007-09-02,-1.9965697558230477
2007-09-03,-1.9781739967666296
2007-09-04,-1.9600218436457137
2007-09-05,-1.9421132964602994
2007-09-06,-1.9244483552103866
2007-09-07,-1.9070270198959758
2007-09-08,-1.8898492905170667
2007-09-09,-1.8729151670736588
2007-09-10,-1.8562246495657533
2007-09-11,-1.8397777379933498
2007-09-12,-1.8235744323564476
2007-09-13,-1.807614732655047
2007-09-14,-1.7918986388891478
2007-09-15,-1.776426151058751
2007-09-16,-1.7611972691638558
2007-09-17,-1.746211993204462
2007-09-18,-1.7314703231805704
2007-09-19,-1.71697225909218
2007-09-20,-1.7027178009392918
2007-09-21,-1.6887069487219053
2007-09-22,-1.67493970244002
2007-09-23,-1.6614160620936371
2007-09-24,-1.6481360276827555
2007-09-25,-1.635099599207376
2007-09-26,-1.6223067766674981
2007-09-27,-1.6097575600631215
2007-09-28,-1.5974519493942472
2007-09-29,-1.5853899446608746
2007-09-30,-1.5735715458630035
2007-10-01,-1.561996753000634
2007-10-02,-1.5506655660737667
2007-10-03,-1.5395779850824007
2007-10-04,-1.5287340100265365
2007-10-05,-1.518133640906174
2007-10-06,-1.5077768777213136
2007-10-07,-1.4976637204719547
2007-10-08,-1.4877941691580974
2007-10-09,-1.478168223779742
2007-10-10,-1.4687858843368882
2007-10-11,-1.4596471508295366
2007-10-12,-1.4507520232576863
2007-10-13,-1.4421005016213375
2007-10-14,-1.433692585920491
2007-10-15,-1.4255282761551458
2007-10-16,-1.4176075723253028
2007-10-17,-1.4099304744309609
2007-10-18,-1.4024969824721207
2007-10-19,-1.395307096448783
2007-10-20,-1.3883608163609467
2007-10-21,-1.381658142208612
2007-10-22,-1.375199073991779
2007-10-23,-1.3689836117104477
2007-10-24,-1.3630117553646184
2007-10-25,-1.3572835049542906
2007-10-26,-1.3517988604794646
2007-10-27,-1.3465578219401406
2007-10-28,-1.3415603893363182
2007-10-29,-1.336806562667997
2007-10-30,-1.332296341935178
2007-10-31,-1.328029727137861
2007-11-01,-1.324006718276045
2007-11-02,-1.3202273153497315
2007-11-03,-1.316691518358919
2007-11-04,-1.3133993273036089
2007-11-05,-1.3103507421838
2007-11-06,-1.307545762999493
2007-11-07,-1.3049843897506883
2007-11-08,-1.3026666224373846
2007-11-09,-1.300592461059583
2007-11-10,-1.2987619056172828
2007-11-11,-1.2971749561104846
2007-11-12,-1.2958316125391882
2007-11-13,-1.2947318749033934
2007-11-14,-1.2938757432031003
2007-11-15,-1.2932632174383087
2007-11-16,-1.2928942976090194
2007-11-17,-1.2926213220561216
2007-11-18,-1.292296629120505
2007-11-19,-1.29192021880217
2007-11-20,-1.2914920911011165
2007-11-21,-1.2910122460173439
2007-11-22,-1.2904806835508535
2007-11-23,-1.2898974037016444
2007-11-24,-1.2892624064697167
2007-11-25,-1.2885756918550706
2007-11-26,-1.2878372598577057
2007-11-27,-1.2870471104776224
2007-11-28,-1.2862052437148206
2007-11-29,-1.2853116595693002
2007-11-30,-1.2843663580410611
2007-12-01,-1.2833693391301038
2007-12-02,-1.2823206028364278
2007-12-03,-1.2812201491600335
2007-12-04,-1.2800679781009205
2007-12-05,-1.278864089659089
2007-12-06,-1.2776084838345387
2007-12-07,-1.2763011606272705
2007-12-08,-1.2749421200372832
2007-12-09,-1.2735313620645774
2007-12-10,-1.2720688867091534
2007-12-11,-1.2705546939710104
2007-12-12,-1.268988783850149
2007-12-13,-1.2673711563465695
2007-12-14,-1.2657018114602712
2007-12-15,-1.2639807491912542
2007-12-16,-1.262207969539519
2007-12-17,-1.260383472505065
2007-12-18,-1.2585072580878924
2007-12-19,-1.2565793262880016
2007-12-20,-1.2545996771053922
2007-12-21,-1.252568310540064
2007-12-22,-1.2504852265920174
2007-12-23,-1.2483504252612523
2007-12-24,-1.2461639065477688
2007-12-25,-1.2439256704515664
2007-12-26,-1.241635716972646
2007-12-27,-1.2392940461110065
2007-12-28,-1.2369006578666488
2007-12-29,-1.2344555522395724
2007-12-30,-1.2319587292297778
2007-12-31,-1.2294101888372644
2008-01-01,-1.2268099310620324
2008-01-02,-1.224157955904082
2008-01-03,-1.221454263363413
2008-01-04,-1.2186988534400256
2008-01-05,-1.2158917261339197
2008-01-06,-1.213032881445095
2008-01-07,-1.210122319373552
2008-01-08,-1.2071600399192903
2008-01-09,-1.2041460430823103
2008-01-10,-1.2010803288626113
2008-01-11,-1.1979628972601946
2008-01-12,-1.1947937482750586
2008-01-13,-1.1915728819072042
2008-01-14,-1.1883002981566317
2008-01-15,-1.1849759970233404
2008-01-16,-1.1815999785073306
2008-01-17,-1.178172242608602
2008-01-18,-1.174692789327155
2008-01-19,-1.1711616186629898
2008-01-20,-1.1675787306161056
2008-01-21,-1.1639441251865033
2008-01-22,-1.160257802374182
2008-01-23,-1.1565197621791428
2008-01-24,-1.1527300046013846
2008-01-25,-1.148888529640908
2008-01-26,-1.1449953372977126
2008-01-27,-1.1410504275717992
2008-01-28,-1.137053800463167
2008-01-29,-1.1330054559718161
2008-01-30,-1.1289053940977467
2008-01-31,-1.1247536148409591
2008-02-01,-1.1205501182014526
2008-02-02,-1.1162949041792278
2008-02-03,-1.1119879727742843
2008-02-04,-1.1076293239866224
2008-02-05,-1.103218957816242
2008-02-06,-1.0987568742631428
2008-02-07,-1.0942430733273256
2008-02-08,-1.0896775550087896
2008-02-09,-1.0850603193075348
2008-02-10,-1.0803913662235618
2008-02-11,-1.0756706957568698
2008-02-12,-1.0708983079074599
2008-02-13,-1.066074202675331
2008-02-14,-1.0611983800604838
2008-02-15,-1.056270840062918
2008-02-16,-1.051312371483764
2008-02-17,-1.0464477071298028
2008-02-18,-1.0416976358021657
2008-02-19,-1.0370621575008516
2008-02-20,-1.0325412722258607
2008-02-21,-1.0281349799771933
2008-02-22,-1.0238432807548496
2008-02-23,-1.019666174558829
2008-02-24,-1.0156036613891322
2008-02-25,-1.0116557412457585
2008-02-26,-1.0078224141287082
2008-02-27,-1.0041036800379817
2008-02-28,-1.0004995389735782
2008-02-29,-0.9970099909354981
2008-03-01,-0.9936350359237415
2008-03-02,-0.9903746739383086
2008-03-03,-0.9872289049791987
2008-03-04,-0.9841977290464125
2008-03-05,-0.9812811461399494
2008-03-06,-0.97847915625981
2008-03-07,-0.9757917594059938
2008-03-08,-0.9732189555785012
2008-03-09,-0.970760744777332
2008-03-10,-0.9684171270024861
2008-03-11,-0.9661881022539636
2008-03-12,-0.9640736705317646
2008-03-13,-0.962073831835889
2008-03-14,-0.9601885861663366
2008-03-15,-0.958417933523108
2008-03-16,-0.9567618739062027
2008-03-17,-0.9552204073156205
2008-03-18,-0.9537935337513621
2008-03-19,-0.9524812532134269
2008-03-20,-0.951283565701815
2008-03-21,-0.9502004712165268
2008-03-22,-0.9492319697575619
2008-03-23,-0.9483780613249204
2008-03-24,-0.9476387459186024
2008-03-25,-0.9470140235386075
2008-03-26,-0.9465038941849362
2008-03-27,-0.9461083578575885
2008-03-28,-0.9458274145565639
2008-03-29,-0.9456610642818629
2008-03-30,-0.9456093070334853
2008-03-31,-0.945672142811431
2008-04-01,-0.9458495716157002
2008-04-02,-0.9461415934462927
2008-04-03,-0.9465482083032088
2008-04-04,-0.9470694161864484
2008-04-05,-0.9477052170960111
2008-04-06,-0.9484556110318973
2008-04-07,-0.949320597994107
2008-04-08,-0.95030017798264
2008-04-09,-0.9513943509974966
2008-04-10,-0.9526031170386765
2008-04-11,-0.9539264761061796
2008-04-12,-0.9553644282000064
2008-04-13,-0.9569169733201566
2008-04-14,-0.95858411146663
2008-04-15,-0.960365842639427
2008-04-16,-0.9622621668385473
2008-04-17,-0.9642730840639911
2008-04-18,-0.9663985943157584
2008-04-19,-0.9686386975938488
2008-04-20,-0.9709933938982629
2008-04-21,-0.9734626832290003
2008-04-22,-0.976046565586061
2008-04-23,-0.9787450409694454
2008-04-24,-0.981558109379153
2008-04-25,-0.984485770815184
2008-04-26,-0.9875280252775385
2008-04-27,-0.9906848727662163
2008-04-28,-0.9939563132812176
2008-04-29,-0.9973423468225424
2008-04-30,-1.0008429733901905
2008-05-01,-1.004458192984162
2008-05-02,-1.0081880056044568
2008-05-03,-1.012032411251075
2008-05-04,-1.015991409924017
2008-05-05,-1.0200650016232822
2008-05-06,-1.0242531863488706
2008-05-07,-1.0285559641007829
2008-05-08,-1.0329733348790182
2008-05-09,-1.0375052986835769
2008-05-10,-1.042151855514459
2008-05-11,-1.0469130053716647
2008-05-12,-1.051788748255194
2008-05-13,-1.0567790841650464
2008-05-14,-1.0618840131012222
2008-05-15,-1.0671035350637212
2008-05-16,-1.072437650052544
2008-05-17,-1.0778586867755748
2008-05-18,-1.0832006174801214
2008-05-19,-1.0884357708740677
2008-05-20,-1.0935641469574149
2008-05-21,-1.098585745730162
2008-05-22,-1.1035005671923093
2008-05-23,-1.1083086113438572
2008-05-24,-1.1130098781848052
2008-05-25,-1.1176043677151535
2008-05-26,-1.1220920799349017
2008-05-27,-1.1264730148440505
2008-05-28,-1.1307471724425995
2008-05-29,-1.1349145527305489
2008-05-30,-1.1389751557078984
2008-05-31,-1.142928981374648
2008-06-01,-1.1467760297307983
2008-06-02,-1.1505163007763488
2008-06-03,-1.1541497945112993
2008-06-04,-1.1576765109356502
2008-06-05,-1.1610964500494012
2008-06-06,-1.1644096118525527
2008-06-07,-1.1676159963451043
2008-06-08,-1.1707156035270563
2008-06-09,-1.1737084333984085
2008-06-10,-1.1765944859591608
2008-06-11,-1.1793737612093138
2008-06-12,-1.1820462591488665
2008-06-13,-1.1846119797778198
2008-06-14,-1.1870709230961736
2008-06-15,-1.1894230891039272
2008-06-16,-1.1916684778010813
2008-06-17,-1.1938070891876358
2008-06-18,-1.1958389232635904
2008-06-19,-1.197763980028945
2008-06-20,-1.1995822594837
2008-06-21,-1.2012937616278556
2008-06-22,-1.202898486461411
2008-06-23,-1.2043964339843671
2008-06-24,-1.2057876041967233
2008-06-25,-1.2070719970984798
2008-06-26,-1.2082496126896367
2008-06-27,-1.2093204509701936
2008-06-28,-1.2102845119401506
2008-06-29,-1.2111417955995083
2008-06-30,-1.2118923019482661
2008-07-01,-1.212536030986424
2008-07-02,-1.2130729827139826
2008-07-03,-1.2135031571309411
2008-07-04,-1.2138265542373
2008-07-05,-1.2140431740330588
2008-07-06,-1.2141530165182184
2008-07-07,-1.214156081692778
2008-07-08,-1.214052369556738
2008-07-09,-1.213841880110098
2008-07-10,-1.2135246133528585
2008-07-11,-1.2131005692850192
2008-07-12,-1.21256974790658
2008-07-13,-1.2119321492175417
2008-07-14,-1.2111877732179028
2008-07-15,-1.2103366199076648
2008-07-16,-1.2093786892868268
2008-07-17,-1.2083139813553891
2008-07-18,-1.2071424961133517
2008-07-19,-1.2058642335607144
2008-07-20,-1.2044791936974775
2008-07-21,-1.2029873765236407
2008-07-22,-1.2013887820392044
2008-07-23,-1.1996834102441682
2008-07-24,-1.1978712611385325
2008-07-25,-1.195952334722297
2008-07-26,-1.1939266309954617
2008-07-27,-1.1917941499580267
2008-07-28,-1.1895548916099918
2008-07-29,-1.1872088559513574
2008-07-30,-1.184756042982123
2008-07-31,-1.182196452702289
2008-08-01,-1.1795300851118553
2008-08-02,-1.1767569402108218
2008-08-03,-1.1738770179991886
2008-08-04,-1.170890318476956
2008-08-05,-1.1677968416441233
2008-08-06,-1.1645965875006907
2008-08-07,-1.1612895560466585
2008-08-08,-1.1578757472820267
2008-08-09,-1.1543551612067953
2008-08-10,-1.1507277978209638
2008-08-11,-1.1469936571245325
2008-08-12,-1.143152739117502
2008-08-13,-1.1392050437998713
2008-08-14,-1.1351505711716412
2008-08-15,-1.1309893212328113
2008-08-16,-1.1267212939833815
2008-08-17,-1.122515155360146
2008-08-18,-1.1185395712998993
2008-08-19,-1.1147945418026413
2008-08-20,-1.1112800668683716
2008-08-21,-1.1079961464970904
2008-08-22,-1.1049427806887977
2008-08-23,-1.1021199694434938
2008-08-24,-1.0995277127611782
2008-08-25,-1.0971660106418515
2008-08-26,-1.0950348630855131
2008-08-27,-1.0931342700921636
2008-08-28,-1.0914642316618022
2008-08-29,-1.0900247477944296
2008-08-30,-1.0888158184900454
2008-08-31,-1.08783744374865
2008-09-01,-1.087089623570243
2008-09-02,-1.0865723579548245
2008-09-03,-1.0862856469023947
2008-09-04,-1.0862294904129532
2008-09-05,-1.0864038884865004
2008-09-06,-1.0868088411230366
2008-09-07,-1.0874443483225609
2008-09-08,-1.0883104100850738
2008-09-09,-1.089407026410575
2008-09-10,-1.0907341972990652
2008-09-11,-1.0922919227505439
2008-09-12,-1.094080202765011
2008-09-13,-1.0960990373424666
2008-09-14,-1.0983484264829109
2008-09-15,-1.1008283701863437
2008-09-16,-1.103538868452765
2008-09-17,-1.106479921282175
2008-09-18,-1.1096515286745736
2008-09-19,-1.1130536906299606
2008-09-20,-1.116686407148336
2008-09-21,-1.1205496782297002
2008-09-22,-1.124643503874053
2008-09-23,-1.1289678840813941
2008-09-24,-1.133522818851724
2008-09-25,-1.1383083081850425
2008-09-26,-1.1433243520813492
2008-09-27,-1.1485709505406447
2008-09-28,-1.1540481035629289
2008-09-29,-1.1597558111482016
2008-09-30,-1.1656940732964625
2008-10-01,-1.1718628900077122
2008-10-02,-1.1782622612819507
2008-10-03,-1.1848921871191773
2008-10-04,-1.1917526675193928
2008-10-05,-1.1988437024825966
2008-10-06,-1.206165292008789
2008-10-07,-1.2137174360979703
2008-10-08,-1.2215001347501397
2008-10-09,-1.229513387965298
2008-10-10,-1.2377571957434448
2008-10-11,-1.24623155808458
2008-10-12,-1.254936474988704
2008-10-13,-1.2638719464558164
2008-10-14,-1.273037972485917
2008-10-15,-1.2824345530790067
2008-10-16,-1.2920616882350848
2008-10-17,-1.3019193779541514
2008-10-18,-1.3120076222362065
2008-10-19,-1.3223264210812502
2008-10-20,-1.332875774489282
2008-10-21,-1.3436556824603034
2008-10-22,-1.3546661449943125
2008-10-23,-1.3659071620913108
2008-10-24,-1.3773787337512973
2008-10-25,-1.389080859974272
2008-10-26,-1.401013540760236
2008-10-27,-1.413176776109188
2008-10-28,-1.4255705660211289
2008-10-29,-1.438194910496058
2008-10-30,-1.4510498095339757
2008-10-31,-1.4641352631348825
2008-11-01,-1.4774512712987773
2008-11-02,-1.4909978340256607
2008-11-03,-1.5047749513155328
2008-11-04,-1.5187826231683936
2008-11-05,-1.5330208495842426
2008-11-06,-1.5474896305630805
2008-11-07,-1.5621889661049067
2008-11-08,-1.5771188562097218
2008-11-09,-1.5922793008775251
2008-11-10,-1.607670300108317
2008-11-11,-1.6232918539020975
2008-11-12,-1.6391439622588666
2008-11-13,-1.655226625178624
2008-11-14,-1.6715398426613703
2008-11-15,-1.6880836147071052
2008-11-16,-1.7048579413158285
2008-11-17,-1.7216658744486226
2008-11-18,-1.7383104660665702
2008-11-19,-1.7547917161696713
2008-11-20,-1.7711096247579259
2008-11-21,-1.7872641918313332
2008-11-22,-1.8032554173898954
2008-11-23,-1.8190833014336094
2008-11-24,-1.8347478439624774
2008-11-25,-1.850249044976499
2008-11-26,-1.8655869044756737
2008-11-27,-1.8807614224600022
2008-11-28,-1.8957725989294836
2008-11-29,-1.910620433884119
2008-11-30,-1.9253049273239073
2008-12-01,-1.9398260792488493
2008-12-02,-1.954183889658944
2008-12-03,-1.968378358554193
2008-12-04,-1.9824094859345953
2008-12-05,-1.9962772718001502
2008-12-06,-2.0099817161508593
2008-12-07,-2.0235228189867214
2008-12-08,-2.0369005803077367
2008-12-09,-2.050115000113906
2008-12-10,-2.063166078405229
2008-12-11,-2.0760538151817043
2008-12-12,-2.088778210443333
2008-12-13,-2.1013392641901163
2008-12-14,-2.113736976422052
2008-12-15,-2.1259713471391413
2008-12-16,-2.138042376341384
2008-12-17,-2.1499500640287805
2008-12-18,-2.1616944102013305
2008-12-19,-2.1732754148590328
2008-12-20,-2.184693078001889
2008-12-21,-2.1959473996298997
2008-12-22,-2.207038379743062
2008-12-23,-2.2179660183413787
2008-12-24,-2.228730315424849
2008-12-25,-2.239331270993472
2008-12-26,-2.2497688850472493
2008-12-27,-2.2600431575861792
2008-12-28,-2.2701540886102625
2008-12-29,-2.2801016781195
2008-12-30,-2.28988592611389
2008-12-31,-2.299506832593434
2009-01-01,-2.3089643975581304
2009-01-02,-2.318258621007981
2009-01-03,-2.327389502942985
2009-01-04,-2.3363570433631424
2009-01-05,-2.3451612422684533
2009-01-06,-2.3538020996589175
2009-01-07,-2.3622796155345354
2009-01-08,-2.370593789895306
2009-01-09,-2.3787446227412303
2009-01-10,-2.3867321140723075
2009-01-11,-2.3945562638885387
2009-01-12,-2.402217072189923
2009-01-13,-2.409714538976461
2009-01-14,-2.4170486642481523
2009-01-15,-2.4242194480049974
2009-01-16,-2.4312268902469953
2009-01-17,-2.438070990974147
2009-01-18,-2.4447517501864517
2009-01-19,-2.45126916788391
2009-01-20,-2.4576232440665216
2009-01-21,-2.4638139787342865
2009-01-22,-2.469841371887205
2009-01-23,-2.4757054235252767
2009-01-24,-2.481406133648502
2009-01-25,-2.4869435022568807
2009-01-26,-2.4923175293504127
2009-01-27,-2.4975282149290985
2009-01-28,-2.502575558992937
2009-01-29,-2.5074595615419293
2009-01-30,-2.5121802225760748
2009-01-31,-2.516737542095374
2009-02-01,-2.5211315200998268
2009-02-02,-2.5253621565894324
2009-02-03,-2.5294294515641917
2009-02-04,-2.5333334050241043
2009-02-05,-2.53707401696917
2009-02-06,-2.54065128739939
2009-02-07,-2.5440652163147623
2009-02-08,-2.5473158037152883
2009-02-09,-2.5504030496009684
2009-02-10,-2.5533269539718013
2009-02-11,-2.556087516827788
2009-02-12,-2.5586847381689273
2009-02-13,-2.561118617995221
2009-02-14,-2.563389156306667
2009-02-15,-2.565496353103267
2009-02-16,-2.567374876654327
2009-02-17,-2.5689593952291543
2009-02-18,-2.5702499088277486
2009-02-19,-2.5712464174501095
2009-02-20,-2.5719489210962374
2009-02-21,-2.572357419766132
2009-02-22,-2.572471913459794
2009-02-23,-2.572292402177223
2009-02-24,-2.571818885918419
2009-02-25,-2.571051364683381
2009-02-26,-2.5699898384721105
2009-02-27,-2.5686343072846074
2009-02-28,-2.566984771120871
2009-03-01,-2.565041229980901
2009-03-02,-2.5628036838646984
2009-03-03,-2.560272132772263
2009-03-04,-2.5574465767035943
2009-03-05,-2.554327015658692
2009-03-06,-2.5509134496375574
2009-03-07,-2.54720587864019
2009-03-08,-2.5432043026665894
2009-03-09,-2.538908721716755
2009-03-10,-2.5343191357906876
2009-03-11,-2.529435544888388
2009-03-12,-2.524257949009855
2009-03-13,-2.518786348155088
2009-03-14,-2.5130207423240893
2009-03-15,-2.506961131516857
2009-03-16,-2.500607515733392
2009-03-17,-2.493959894973693
2009-03-18,-2.4870182692377614
2009-03-19,-2.479782638525597
2009-03-20,-2.4722530028371996
2009-03-21,-2.464429362172569
2009-03-22,-2.4563117165317054
2009-03-23,-2.447900065914608
2009-03-24,-2.4391944103212784
2009-03-25,-2.4301947497517156
2009-03-26,-2.4209010842059198
2009-03-27,-2.4113134136838905
2009-03-28,-2.4014317381856287
2009-03-29,-2.391256057711134
2009-03-30,-2.3807863722604057
2009-03-31,-2.3700226818334444
2009-04-01,-2.35896498643025
2009-04-02,-2.347613286050823
2009-04-03,-2.3359675806951623
2009-04-04,-2.324027870363269
2009-04-05,-2.311794155055143
2009-04-06,-2.2992664347707836
2009-04-07,-2.28644470951019
2009-04-08,-2.273328979273365
2009-04-09,-2.259919244060306
2009-04-10,-2.2462155038710145
2009-04-11,-2.23221775870549
2009-04-12,-2.217926008563732
2009-04-13,-2.2033402534457407
2009-04-14,-2.188460493351517
2009-04-15,-2.17328672828106
2009-04-16,-2.15781895823437
2009-04-17,-2.142057183211447
2009-04-18,-2.1260014032122907
2009-04-19,-2.1096516182369016
2009-04-20,-2.093007828285279
2009-04-21,-2.0760700333574236
2009-04-22,-2.058838233453335
2009-04-23,-2.041312428573014
2009-04-24,-2.0234926187164595
2009-04-25,-2.005378803883672
2009-04-26,-1.9869709840746512
2009-04-27,-1.9682691592893977
2009-04-28,-1.949273329527911
2009-04-29,-1.929983494790191
2009-04-30,-1.9103996550762385
2009-05-01,-1.8905218103860528
2009-05-02,-1.8703499607196337
2009-05-03,-1.8498841060769817
2009-05-04,-1.829124246458097
2009-05-05,-1.8080703818629786
2009-05-06,-1.786722512291627
2009-05-07,-1.7650806377440433
2009-05-08,-1.743144758220226
2009-05-09,-1.7209148737201756
2009-05-10,-1.6983909842438925
2009-05-11,-1.6755730897913759
2009-05-12,-1.6524611903626265
2009-05-13,-1.629055285957644
2009-05-14,-1.6053553765764281
2009-05-15,-1.58136146221898
2009-05-16,-1.5570735428852982
2009-05-17,-1.5326014139372528
2009-05-18,-1.508603847546058
2009-05-19,-1.4851906390735832
2009-05-20,-1.4623617885198283
2009-05-21,-1.4401172958847932
2009-05-22,-1.4184571611684786
2009-05-23,-1.3973813843708836
2009-05-24,-1.3768899654920084
2009-05-25,-1.3569829045318536
2009-05-26,-1.3376602014904184
2009-05-27,-1.3189218563677034
2009-05-28,-1.3007678691637083
2009-05-29,-1.2831982398784334
2009-05-30,-1.266212968511878
2009-05-31,-1.2498120550640428
2009-06-01,-1.2339954995349274
2009-06-02,-1.218763301924532
2009-06-03,-1.204115462232857
2009-06-04,-1.1900519804599015
2009-06-05,-1.1765728566056664
2009-06-06,-1.1636780906701507
2009-06-07,-1.1513676826533554
2009-06-08,-1.13964163255528
2009-06-09,-1.1284999403759244
2009-06-10,-1.1179426061152888
2009-06-11,-1.1079696297733732
2009-06-12,-1.0985810113501775
2009-06-13,-1.089776750845702
2009-06-14,-1.0815568482599462
2009-06-15,-1.0739213035929105
2009-06-16,-1.0668701168445949
2009-06-17,-1.0604032880149992
2009-06-18,-1.0545208171041232
2009-06-19,-1.0492227041119673
2009-06-20,-1.0445089490385315
2009-06-21,-1.0403795518838155
2009-06-22,-1.0368345126478196
2009-06-23,-1.0338738313305438
2009-06-24,-1.0314975079319875
2009-06-25,-1.0297055424521515
2009-06-26,-1.0284979348910355
2009-06-27,-1.0278746852486393
2009-06-28,-1.0278357935249631
2009-06-29,-1.028381259720007
2009-06-30,-1.0295110838337709
2009-07-01,-1.0312252658662546
2009-07-02,-1.0335238058174583
2009-07-03,-1.036406703687382
2009-07-04,-1.0398739594760256
2009-07-05,-1.0439255731833892
2009-07-06,-1.0485615448094727
2009-07-07,-1.0537818743542764
2009-07-08,-1.0595865618177998
2009-07-09,-1.0659756072000435
2009-07-10,-1.0729490105010069
2009-07-11,-1.0805067717206902
2009-07-12,-1.0886488908590937
2009-07-13,-1.0973753679162168
2009-07-14,-1.10668620289206
2009-07-15,-1.1165813957866235
2009-07-16,-1.1270609465999069
2009-07-17,-1.13812485533191
2009-07-18,-1.1497731219826333
2009-07-19,-1.1620057465520763
2009-07-20,-1.1748227290402395
2009-07-21,-1.1882240694471224
2009-07-22,-1.2022097677727257
2009-07-23,-1.2167798240170484
2009-07-24,-1.2319342381800915
2009-07-25,-1.2476730102618547
2009-07-26,-1.2639961402623374
2009-07-27,-1.2809036281815402
2009-07-28,-1.2983954740194634
2009-07-29,-1.316471677776106
2009-07-30,-1.3351322394514689
2009-07-31,-1.3543771590455513
2009-08-01,-1.3742064365583542
2009-08-02,-1.394620071989877
2009-08-03,-1.4156180653401194
2009-08-04,-1.4372004166090822
2009-08-05,-1.4593671257967646
2009-08-06,-1.4821181929031673
2009-08-07,-1.5054536179282896
2009-08-08,-1.5293734008721325
2009-08-09,-1.5538775417346946
2009-08-10,-1.5789660405159769
2009-08-11,-1.6046388972159793
2009-08-12,-1.6308961118347018
2009-08-13,-1.6577376843721439
2009-08-14,-1.6851636148283062
2009-08-15,-1.7131739032031885
2009-08-16,-1.7417685494967907
2009-08-17,-1.770371337517675
2009-08-18,-1.7984060510744053
2009-08-19,-1.8258726901669797
2009-08-20,-1.8527712547953994
2009-08-21,-1.8791017449596639
2009-08-22,-1.9048641606597732
2009-08-23,-1.9300585018957277
2009-08-24,-1.9546847686675275
2009-08-25,-1.978742960975172
2009-08-26,-2.002233078818661
2009-08-27,-2.025155122197995
2009-08-28,-2.047509091113175
2009-08-29,-2.0692949855641993
2009-08-30,-2.0905128055510684
2009-08-31,-2.1111625510737833
2009-09-01,-2.131244222132343
2009-09-02,-2.150757818726747
2009-09-03,-2.1697033408569957
2009-09-04,-2.18808078852309
2009-09-05,-2.2058901617250295
2009-09-06,-2.223131460462813
2009-09-07,-2.239804684736442
2009-09-08,-2.2559098345459163
2009-09-09,-2.2714469098912358
2009-09-10,-2.2864159107723996
2009-09-11,-2.300816837189408
2009-09-12,-2.314649689142263
2009-09-13,-2.3279144666309612
2009-09-14,-2.3406111696555048
2009-09-15,-2.352739798215894
2009-09-16,-2.364300352312128
2009-09-17,-2.375292831944207
2009-09-18,-2.3857172371121305
2009-09-19,-2.395573567815899
2009-09-20,-2.4048618240555135
2009-09-21,-2.4135820058309716
2009-09-22,-2.4217341131422754
2009-09-23,-2.4293181459894244
2009-09-24,-2.436334104372418
2009-09-25,-2.442781988291257
2009-09-26,-2.44866179774594
2009-09-27,-2.4539735327364682
2009-09-28,-2.4587171932628427
2009-09-29,-2.462892779325061
2009-09-30,-2.4665002909231237
2009-10-01,-2.4695397280570326
2009-10-02,-2.472011090726786
2009-10-03,-2.4739143789323843
2009-10-04,-2.4752495926738276
2009-10-05,-2.476016731951116
2009-10-06,-2.476215796764249
2009-10-07,-2.475846787113228
2009-10-08,-2.474909702998051
2009-10-09,-2.4734045444187194
2009-10-10,-2.471331311375232
2009-10-11,-2.4686900038675903
2009-10-12,-2.4654806218957934
2009-10-13,-2.4617031654598414
2009-10-14,-2.457357634559735
2009-10-15,-2.452444029195473
2009-10-16,-2.4469623493670563
2009-10-17,-2.440912595074484
2009-10-18,-2.4342947663177568
2009-10-19,-2.427108863096875
2009-10-20,-2.419354885411838
2009-10-21,-2.4110328332626456
2009-10-22,-2.402142706649299
2009-10-23,-2.3926845055717965
2009-10-24,-2.382658230030139
2009-10-25,-2.372063880024327
2009-10-26,-2.36090145555436
2009-10-27,-2.3491709566202377
2009-10-28,-2.3368723832219604
2009-10-29,-2.324005735359528
2009-10-30,-2.3105710130329404
2009-10-31,-2.296568216242198
2009-11-01,-2.281997344987301
2009-11-02,-2.2668583992682487
2009-11-03,-2.251151379085041
2009-11-04,-2.234876284437678
2009-11-05,-2.218033115326161
2009-11-06,-2.200621871750488
2009-11-07,-2.1826425537106613
2009-11-08,-2.1640951612066783
2009-11-09,-2.144979694238541
2009-11-10,-2.125296152806248
2009-11-11,-2.1050445369098005
2009-11-12,-2.084224846549198
2009-11-13,-2.06283708172444
2009-11-14,-2.0408812424355274
2009-11-15,-2.0183573286824594
2009-11-16,-1.9952653404652363
2009-11-17,-1.972046680406681
2009-11-18,-1.9491427511296162
2009-11-19,-1.9265535526340423
2009-11-20,-1.904279084919958
2009-11-21,-1.8823193479873639
2009-11-22,-1.860674341836261
2009-11-23,-1.839344066466648
2009-11-24,-1.8183285218785257
2009-11-25,-1.797627708071893
2009-11-26,-1.7772416250467513
2009-11-27,-1.7571702728030998
2009-11-28,-1.7374136513409388
2009-11-29,-1.7179717606602678
2009-11-30,-1.6988446007610876
2009-12-01,-1.6800321716433977
2009-12-02,-1.6615344733071982
2009-12-03,-1.6433515057524886
2009-12-04,-1.6254832689792698
2009-12-05,-1.607929762987541
2009-12-06,-1.590690987777303
2009-12-07,-1.5737669433485553
2009-12-08,-1.5571576297012977
2009-12-09,-1.5408630468355307
2009-12-10,-1.524883194751254
2009-12-11,-1.5092180734484675
2009-12-12,-1.4938676829271715
2009-12-13,-1.478832023187366
2009-12-14,-1.4641110942290507
2009-12-15,-1.4497048960522259
2009-12-16,-1.4356134286568913
2009-12-17,-1.421836692043047
2009-12-18,-1.4083746862106932
2009-12-19,-1.39522741115983
2009-12-20,-1.3823948668904569
2009-12-21,-1.3698770534025742
2009-12-22,-1.3576739706961818
2009-12-23,-1.3457856187712798
2009-12-24,-1.3342119976278684
2009-12-25,-1.3229531072659468
2009-12-26,-1.3120089476855161
2009-12-27,-1.3013795188865755
2009-12-28,-1.2910648208691256
2009-12-29,-1.2810648536331657
2009-12-30,-1.2713796171786962
2009-12-31,-1.2620091115057175
2010-01-01,-1.2529533366142285
2010-01-02,-1.2442122925042305
2010-01-03,-1.2357859791757224
2010-01-04,-1.227674396628705
2010-01-05,-1.2198775448631773
2010-01-06,-1.212395423879141
2010-01-07,-1.2052280336765941
2010-01-08,-1.198375374255538
2010-01-09,-1.1918374456159724
2010-01-10,-1.1856142477578973
2010-01-11,-1.179705780681312
2010-01-12,-1.1741120443862174
2010-01-13,-1.1688330388726131
2010-01-14,-1.1638687641404992
2010-01-15,-1.1592192201898757
2010-01-16,-1.1548844070207425
2010-01-17,-1.1508643246330996
2010-01-18,-1.1471589730269471
2010-01-19,-1.1437683522022852
2010-01-20,-1.1406924621591135
2010-01-21,-1.137931302897432
2010-01-22,-1.135484874417241
2010-01-23,-1.1333531767185405
2010-01-24,-1.1315362098013302
2010-01-25,-1.1300339736656102
2010-01-26,-1.1288464683113806
2010-01-27,-1.1279736937386415
2010-01-28,-1.127415649947393
2010-01-29,-1.1271723369376345
2010-01-30,-1.127243754709366
2010-01-31,-1.1276299032625887
2010-02-01,-1.1283307825973012
2010-02-02,-1.1293463927135043
2010-02-03,-1.1306767336111978
2010-02-04,-1.1323218052903816
2010-02-05,-1.1342816077510558
2010-02-06,-1.13655614099322
2010-02-07,-1.1391454050168752
2010-02-08,-1.14204939982202
2010-02-09,-1.145268125408656
2010-02-10,-1.1488015817767818
2010-02-11,-1.1526497689263981
2010-02-12,-1.1568126868575048
2010-02-13,-1.161290335570102
2010-02-14,-1.1660827150641895
2010-02-15,-1.1711898253397672
2010-02-16,-1.1766116663968353
2010-02-17,-1.1823482382353938
2010-02-18,-1.188399540855443
2010-02-19,-1.1947655742569823
2010-02-20,-1.2014463384400116
2010-02-21,-1.2084418334045315
2010-02-22,-1.2157520591505422
2010-02-23,-1.2233770156780428
2010-02-24,-1.2313167029870338
2010-02-25,-1.2395711210775153
2010-02-26,-1.2481402699494872
2010-02-27,-1.2570241496029495
2010-02-28,-1.266222760037902
2010-03-01,-1.2757361012543447
2010-03-02,-1.285564173252278
2010-03-03,-1.295706976031702
2010-03-04,-1.3061645095926155
2010-03-05,-1.31693677393502
2010-03-06,-1.3280237690589147
2010-03-07,-1.3394254949643
2010-03-08,-1.3511419516511753
2010-03-09,-1.3631731391195412
2010-03-10,-1.3755190573693974
2010-03-11,-1.3881797064007442
2010-03-12,-1.4011550862135809
2010-03-13,-1.4144451968079084
2010-03-14,-1.4280500381837258
2010-03-15,-1.441969610341034
2010-03-16,-1.4562039132798326
2010-03-17,-1.4707529470001213
2010-03-18,-1.4856167115019003
2010-03-19,-1.5007952067851698
2010-03-20,-1.5162884328499298
2010-03-21,-1.5320963896961801
2010-03-22,-1.5482190773239206
2010-03-23,-1.5646564957331517
2010-03-24,-1.581408644923873
2010-03-25,-1.5984755248960845
2010-03-26,-1.6158571356497866
2010-03-27,-1.6335534771849791
2010-03-28,-1.651564549501662
2010-03-29,-1.6698903525998352
2010-03-30,-1.6885308864794988
2010-03-31,-1.7074861511406525
2010-04-01,-1.7267561465832968
2010-04-02,-1.7462668994466441
2010-04-03,-1.7655745695659681
2010-04-04,-1.7846051835804828
2010-04-05,-1.8033587414901866
2010-04-06,-1.8218352432950802
2010-04-07,-1.840034688995164
2010-04-08,-1.8579570785904371
2010-04-09,-1.8756024120809003
2010-04-10,-1.8929706894665537
2010-04-11,-1.910061910747396
2010-04-12,-1.9268760759234285
2010-04-13,-1.9434131849946508
2010-04-14,-1.9596732379610626
2010-04-15,-1.9756562348226647
2010-04-16,-1.9913621755794564
2010-04-17,-2.006791060231438
2010-04-18,-2.021942888778609
2010-04-19,-2.0368176612209696
2010-04-20,-2.051415377558521
2010-04-21,-2.065736037791261
2010-04-22,-2.0797796419191914
2010-04-23,-2.0935461899423116
2010-04-24,-2.1070356818606215
2010-04-25,-2.1202481176741212
2010-04-26,-2.133183497382811
2010-04-27,-2.1458418209866905
2010-04-28,-2.158223088485759
2010-04-29,-2.1703272998800185
2010-04-30,-2.1821544551694667
2010-05-01,-2.1937045543541056
2010-05-02,-2.2049775974339334
2010-05-03,-2.2159735844089514
2010-05-04,-2.2266925152791597
2010-05-05,-2.2371343900445577
2010-05-06,-2.247299208705145
2010-05-07,-2.2571869712609214
2010-05-08,-2.2667976777118883
2010-05-09,-2.276131328058045
2010-05-10,-2.285187922299392
2010-05-11,-2.2939674604359284
2010-05-12,-2.3024699424676545
2010-05-13,-2.3106953683945703
2010-05-14,-2.3186437382166765
2010-05-15,-2.3263150519339715
2010-05-16,-2.3337093095464567
2010-05-17,-2.3408265110541318
2010-05-18,-2.347666656456996
2010-05-19,-2.3542297457550516
2010-05-20,-2.3605157789482956
2010-05-21,-2.3665247560367293
2010-05-22,-2.3722566770203537
2010-05-23,-2.3777115418991674
2010-05-24,-2.3828893506731705
2010-05-25,-2.3877901033423647
2010-05-26,-2.3924137999067474
2010-05-27,-2.3967604403663207
2010-05-28,-2.400830024721083
2010-05-29,-2.404622552971035
2010-05-30,-2.408138025116178
2010-05-31,-2.4113764411565097
2010-06-01,-2.414337801092032
2010-06-02,-2.4170221049227427
2010-06-03,-2.419429352648645
2010-06-04,-2.421559544269736
2010-06-05,-2.4234126797860167
2010-06-06,-2.4249887591974875
2010-06-07,-2.426287782504148
2010-06-08,-2.4273097497059983
2010-06-09,-2.4280546608030384
2010-06-10,-2.4285225157952683
2010-06-11,-2.428713314682689
2010-06-12,-2.4286270574652975
2010-06-13,-2.428263744143097
2010-06-14,-2.4276233747160862
2010-06-15,-2.426705949184265
2010-06-16,-2.4255114675476332
2010-06-17,-2.4240399298061917
2010-06-18,-2.4222913359599403
2010-06-19,-2.4202656860088783
2010-06-20,-2.417962979953006
2010-06-21,-2.4153832177923236
2010-06-22,-2.412526399526831
2010-06-23,-2.409392525156528
2010-06-24,-2.405981594681415
2010-06-25,-2.4022936081014916
2010-06-26,-2.3983285654167585
2010-06-27,-2.394086466627215
2010-06-28,-2.389567311732861
2010-06-29,-2.3847711007336962
2010-06-30,-2.3796978336297223
2010-07-01,-2.3743475104209377
2010-07-02,-2.368720131107343
2010-07-03,-2.362815695688938
2010-07-04,-2.3566342041657227
2010-07-05,-2.3501756565376968
2010-07-06,-2.3434400528048616
2010-07-07,-2.3364273929672157
2010-07-08,-2.3291376770247605
2010-07-09,-2.3215709049774937
2010-07-10,-2.3137270768254172
2010-07-11,-2.30560619256853
2010-07-12,-2.2972082522068336
2010-07-13,-2.2885332557403264
2010-07-14,-2.279581203169009
2010-07-15,-2.2703520944928814
2010-07-16,-2.2608459297119436
2010-07-17,-2.251062708826196
2010-07-18,-2.241002431835638
2010-07-19,-2.230665098740269
2010-07-20,-2.2200507095400908
2010-07-21,-2.209159264235102
2010-07-22,-2.197990762825303
2010-07-23,-2.1865452053106935
2010-07-24,-2.174822591691274
2010-07-25,-2.1628229219670443
2010-07-26,-2.1505461961380044
2010-07-27,-2.1379924142041546
2010-07-28,-2.1251615761654943
2010-07-29,-2.1120536820220237
2010-07-30,-2.098668731773743
2010-07-31,-2.085006725420652
2010-08-01,-2.0710676629627507
2010-08-02,-2.0568515444000393
2010-08-03,-2.0423583697325176
2010-08-04,-2.027588138960186
2010-08-05,-2.0125408520830437
2010-08-06,-1.9972165091010918
2010-08-07,-1.9816151100143293
2010-08-08,-1.9657366548227568
2010-08-09,-1.9495811435263737
2010-08-10,-1.9331485761251808
2010-08-11,-1.9164389526191774
2010-08-12,-1.899452273008364
2010-08-13,-1.8821885372927403
2010-08-14,-1.8646477454723063
2010-08-15,-1.846829897547062
2010-08-16,-1.828734993517008
2010-08-17,-1.8106743714566227
2010-08-18,-1.7929593694403865
2010-08-19,-1.7755899874682979
2010-08-20,-1.7585662255403587
2010-08-21,-1.7418880836565676
2010-08-22,-1.7255555618169252
2010-08-23,-1.7095686600214315
2010-08-24,-1.693927378270086
2010-08-25,-1.67863171656289
2010-08-26,-1.6636816748998413
2010-08-27,-1.6490772532809421
2010-08-28,-1.634818451706191
2010-08-29,-1.6209052701755886
2010-08-30,-1.6073377086891347
2010-08-31,-1.5941157672468296
2010-09-01,-1.581239445848673
2010-09-02,-1.5687087444946648
2010-09-03,-1.5565236631848047
2010-09-04,-1.544684201919094
2010-09-05,-1.5331903606975317
2010-09-06,-1.5220421395201176
2010-09-07,-1.5112395383868524
2010-09-08,-1.5007825572977358
2010-09-09,-1.4906711962527672
2010-09-10,-1.4809054552519478
2010-09-11,-1.4714853342952765
2010-09-12,-1.4624108333827541
2010-09-13,-1.4536819525143805
2010-09-14,-1.4452986916901547
2010-09-15,-1.4372610509100778
2010-09-16,-1.4295690301741497
2010-09-17,-1.4222226294823699
2010-09-18,-1.4152218488347392
2010-09-19,-1.4085666882312564
2010-09-20,-1.4022571476719223
2010-09-21,-1.396293227156737
2010-09-22,-1.3906749266857
2010-09-23,-1.3854022462588118
2010-09-24,-1.3804751858760722
2010-09-25,-1.375893745537481
2010-09-26,-1.3716579252430385
2010-09-27,-1.3677677249927442
2010-09-28,-1.364223144786599
2010-09-29,-1.3610241846246023
2010-09-30,-1.3581708445067535
2010-10-01,-1.3556631244330537
2010-10-02,-1.3535010244035026
2010-10-03,-1.3516845444181
2010-10-04,-1.3502136844768458
2010-10-05,-1.3490884445797404
2010-10-06,-1.3483088247267834
2010-10-07,-1.347874824917975
2010-10-08,-1.347786445153315
2010-10-09,-1.348043685432804
2010-10-10,-1.3486465457564414
2010-10-11,-1.3495950261242269
2010-10-12,-1.3508891265361616
2010-10-13,-1.3525288469922443
2010-10-14,-1.3545141874924762
2010-10-15,-1.3568451480368564
2010-10-16,-1.359521728625385
2010-10-17,-1.3625439292580621
2010-10-18,-1.365911749934888
2010-10-19,-1.3696251906558625
2010-10-20,-1.3736842514209853
2010-10-21,-1.3780889322302567
2010-10-22,-1.382839233083677
2010-10-23,-1.3879351539812457
2010-10-24,-1.393376694922963
2010-10-25,-1.3991638559088284
2010-10-26,-1.4052966369388429
2010-10-27,-1.4117750380130056
2010-10-28,-1.4185990591313171
2010-10-29,-1.4257687002937773
2010-10-30,-1.4332839615003858
2010-10-31,-1.441144842751143
2010-11-01,-1.4493513440460486
2010-11-02,-1.457903465385103
2010-11-03,-1.4668012067683058
2010-11-04,-1.4760445681956575
2010-11-05,-1.485633549667157
2010-11-06,-1.495568151182806
2010-11-07,-1.5058483727426029
2010-11-08,-1.5164742143465486
2010-11-09,-1.5274456759946429
2010-11-10,-1.5387627576868859
2010-11-11,-1.5504254594232774
2010-11-12,-1.5624337812038172
2010-11-13,-1.5747877230285057
2010-11-14,-1.5874872848973427
2010-11-15,-1.6005324668103285
2010-11-16,-1.6139232687674625
2010-11-17,-1.6272956196764654
2010-11-18,-1.6402854484450586
2010-11-19,-1.652892755073241
2010-11-20,-1.6651175395610134
2010-11-21,-1.6769598019083747
2010-11-22,-1.6884195421153265
2010-11-23,-1.6994967601818673
2010-11-24,-1.7101914561079976
2010-11-25,-1.7205036298937184
2010-11-26,-1.7304332815390282
2010-11-27,-1.7399804110439279
2010-11-28,-1.7491450184084167
2010-11-29,-1.7579271036324957
2010-11-30,-1.7663266667161641
2010-12-01,-1.7743437076594222
2010-12-02,-1.7819782264622692
2010-12-03,-1.7892302231247068
2010-12-04,-1.796099697646734
2010-12-05,-1.8025866500283503
2010-12-06,-1.8086910802695564
2010-12-07,-1.8144129883703521
2010-12-08,-1.8197523743307376
2010-12-09,-1.8247092381507126
2010-12-10,-1.8292835798302773
2010-12-11,-1.8334753993694313
2010-12-12,-1.8372846967681753
2010-12-13,-1.8407114720265088
2010-12-14,-1.8437557251444319
2010-12-15,-1.8464174561219446
2010-12-16,-1.8486966649590468
2010-12-17,-1.850593351655739
2010-12-18,-1.8521075162120206
2010-12-19,-1.8532391586278913
2010-12-20,-1.8539882789033524
2010-12-21,-1.8543548770384033
2010-12-22,-1.854338953033043
2010-12-23,-1.8539405068872725
2010-12-24,-1.8531595386010922
2010-12-25,-1.8519960481745008
2010-12-26,-1.8504500356074998
2010-12-27,-1.8485215009000882
2010-12-28,-1.8462104440522653
2010-12-29,-1.843516865064033
2010-12-30,-1.8404407639353901
2010-12-31,-1.8369821406663367
2011-01-01,-1.833140995256873
2011-01-02,-1.828917327706999
2011-01-03,-1.8243111380167143
2011-01-04,-1.8193224261860195
2011-01-05,-1.813951192214915
2011-01-06,-1.8081974361033988
2011-01-07,-1.8020611578514731
2011-01-08,-1.7955423574591365
2011-01-09,-1.7886410349263897
2011-01-10,-1.7813571902532326
2011-01-11,-1.7736908234396653
2011-01-12,-1.7656419344856873
2011-01-13,-1.7572105233912991
2011-01-14,-1.7483965901565006
2011-01-15,-1.7392001347812918
2011-01-16,-1.729621157265672
2011-01-17,-1.7196596576096423
2011-01-18,-1.7093156358132027
2011-01-19,-1.6985890918763518
2011-01-20,-1.687480025799091
2011-01-21,-1.67598843758142
2011-01-22,-1.664114327223338
2011-01-23,-1.651857694724846
2011-01-24,-1.6392185400859438
2011-01-25,-1.6261968633066308
2011-01-26,-1.6127926643869075
2011-01-27,-1.5990059433267743
2011-01-28,-1.5848367001262305
2011-01-29,-1.570284934785276
2011-01-30,-1.5553506473039114
2011-01-31,-1.5400338376821365
2011-02-01,-1.5243345059199511
2011-02-02,-1.5082526520173554
2011-02-03,-1.4917882759743495
2011-02-04,-1.4749413777909326
2011-02-05,-1.4577119574671058
2011-02-06,-1.4401000150028684
2011-02-07,-1.422105550398221
2011-02-08,-1.4037285636531625
2011-02-09,-1.3849690547676945
2011-02-10,-1.3658270237418155
2011-02-11,-1.3463024705755264
2011-02-12,-1.3263953952688263
2011-02-13,-1.3061057978217168
2011-02-14,-1.2854336782341966
2011-02-15,-1.2643790365062655
2011-02-16,-1.2433626643158373
2011-02-17,-1.222805353340824
2011-02-18,-1.2027071035812256
2011-02-19,-1.183067915037042
2011-02-20,-1.1638877877082738
2011-02-21,-1.1451667215949202
2011-02-22,-1.126904716696982
2011-02-23,-1.1091017730144586
2011-02-24,-1.0917578905473502
2011-02-25,-1.0748730692956565
2011-02-26,-1.0584473092593782
2011-02-27,-1.0424806104385147
2011-02-28,-1.026972972833066
2011-03-01,-1.0119243964430327
2011-03-02,-0.9973348812684141
2011-03-03,-0.9832044273092108
2011-03-04,-0.9695330345654222
2011-03-05,-0.9563207030370485
2011-03-06,-0.9435674327240899
2011-03-07,-0.9312732236265463
2011-03-08,-0.9194380757444179
2011-03-09,-0.9080619890777043
2011-03-10,-0.8971449636264057
2011-03-11,-0.8866869993905221
2011-03-12,-0.8766880963700535
2011-03-13,-0.8671482545649999
2011-03-14,-0.8580674739753614
2011-03-15,-0.8494457546011378
2011-03-16,-0.841283096442329
2011-03-17,-0.8335794994989353
2011-03-18,-0.8263349637709567
2011-03-19,-0.8195494892583931
2011-03-20,-0.8132230759612445
2011-03-21,-0.8073557238795106
2011-03-22,-0.8019474330131922
2011-03-23,-0.7969982033622883
2011-03-24,-0.7925080349267997
2011-03-25,-0.788476927706726
2011-03-26,-0.7849048817020672
2011-03-27,-0.7817918969128235
2011-03-28,-0.7791379733389948
2011-03-29,-0.7769431109805809
2011-03-30,-0.7752073098375822
2011-03-31,-0.7739305699099983
2011-04-01,-0.7731128911978296
2011-04-02,-0.772754273701076
2011-04-03,-0.7728547174197369
2011-04-04,-0.7734142223538132
2011-04-05,-0.7744327885033044
2011-04-06,-0.7759104158682106
2011-04-07,-0.7778471044485318
2011-04-08,-0.7802428542442679
2011-04-09,-0.783097665255419
2011-04-10,-0.7864115374819851
2011-04-11,-0.7901844709239663
2011-04-12,-0.7944164655813624
2011-04-13,-0.7991075214541735
2011-04-14,-0.8042576385423996
2011-04-15,-0.8098668168460408
2011-04-16,-0.8159350563650967
2011-04-17,-0.8224623570995679
2011-04-18,-0.8294487190494539
2011-04-19,-0.8368941422147551
2011-04-20,-0.8447986265954712
2011-04-21,-0.853162172191602
2011-04-22,-0.8619847790031482
2011-04-23,-0.8712664470301092
2011-04-24,-0.8810071762724851
2011-04-25,-0.8912069667302761
2011-04-26,-0.901865818403482
2011-04-27,-0.9129837312921032
2011-04-28,-0.9245607053961391
2011-04-29,-0.9365967407155901
2011-04-30,-0.9490918372504562
2011-05-01,-0.9620459950007371
2011-05-02,-0.9754592139664329
2011-05-03,-0.989331494147544
2011-05-04,-1.0036628355440698
2011-05-05,-1.0184532381560107
2011-05-06,-1.0337027019833664
2011-05-07,-1.0494112270261375
2011-05-08,-1.0655788132843234
2011-05-09,-1.0822054607579243
2011-05-10,-1.09929116944694
2011-05-11,-1.116835939351371
2011-05-12,-1.1348397704712168
2011-05-13,-1.1533026628064778
2011-05-14,-1.1722246163571535
2011-05-15,-1.1916056311232444
2011-05-16,-1.21144570710475
2011-05-17,-1.2316417399095396
2011-05-18,-1.2515751031848237
2011-05-19,-1.2711426925384706
2011-05-20,-1.2903445079704812
2011-05-21,-1.309180549480855
2011-05-22,-1.3276508170695918
2011-05-23,-1.345755310736692
2011-05-24,-1.3634940304821552
2011-05-25,-1.3808669763059815
2011-05-26,-1.3978741482081714
2011-05-27,-1.4145155461887244
2011-05-28,-1.4307911702476404
2011-05-29,-1.4467010203849198
2011-05-30,-1.4622450966005625
2011-05-31,-1.4774233988945682
2011-06-01,-1.4922359272669372
2011-06-02,-1.5066826817176693
2011-06-03,-1.5207636622467646
2011-06-04,-1.5344788688542235
2011-06-05,-1.5478283015400454
2011-06-06,-1.56081196030423
2011-06-07,-1.5734298451467785
2011-06-08,-1.58568195606769
2011-06-09,-1.5975682930669644
2011-06-10,-1.6090888561446022
2011-06-11,-1.6202436453006037
2011-06-12,-1.6310326605349679
2011-06-13,-1.6414559018476953
2011-06-14,-1.6515133692387864
2011-06-15,-1.66120506270824
2011-06-16,-1.6705309822560572
2011-06-17,-1.679491127882238
2011-06-18,-1.6880854995867811
2011-06-19,-1.696314097369688
2011-06-20,-1.7041769212309579
2011-06-21,-1.7116739711705913
2011-06-22,-1.7188052471885873
2011-06-23,-1.7255707492849475
2011-06-24,-1.73197047745967
2011-06-25,-1.7380044317127563
2011-06-26,-1.7436726120442056
2011-06-27,-1.748975018454018
2011-06-28,-1.753911650942194
2011-06-29,-1.7584825095087326
2011-06-30,-1.7626875941536349
2011-07-01,-1.7665269048769003
2011-07-02,-1.7700004416785289
2011-07-03,-1.7731082045585205
2011-07-04,-1.7758501935168753
2011-07-05,-1.7782264085535935
2011-07-06,-1.7802368496686753
2011-07-07,-1.7818815168621198
2011-07-08,-1.7831604101339273
2011-07-09,-1.7840735294840986
2011-07-10,-1.784620874912633
2011-07-11,-1.7848024464195302
2011-07-12,-1.7846182440047909
2011-07-13,-1.7840682676684145
2011-07-14,-1.7831525174104017
2011-07-15,-1.7818709932307524
2011-07-16,-1.7802236951294659
2011-07-17,-1.7782106231065424
2011-07-18,-1.7758317771619825
2011-07-19,-1.7730871572957858
2011-07-20,-1.7699767635079522
2011-07-21,-1.7665005957984812
2011-07-22,-1.762658654167374
2011-07-23,-1.7584509386146305
2011-07-24,-1.7538774491402496
2011-07-25,-1.7489381857442319
2011-07-26,-1.7436331484265777
2011-07-27,-1.7379623371872863
2011-07-28,-1.7319257520263587
2011-07-29,-1.7255233929437939
2011-07-30,-1.7187552599395923
2011-07-31,-1.7116213530137538
2011-08-01,-1.7041216721662789
2011-08-02,-1.696256217397167
2011-08-03,-1.6880249887064183
2011-08-04,-1.679427986094033
2011-08-05,-1.6704652095600108
2011-08-06,-1.6611366591043517
2011-08-07,-1.6514423347270557
2011-08-08,-1.6413822364281234
2011-08-09,-1.6309563642075537
2011-08-10,-1.6201647180653476
2011-08-11,-1.6090072980015047
2011-08-12,-1.597484104016025
2011-08-13,-1.5855951361089087
2011-08-14,-1.573340394280155
2011-08-15,-1.560719878529765
2011-08-16,-1.547733588857738
2011-08-17,-1.5346210397371418
2011-08-18,-1.5216217456410441
2011-08-19,-1.508735706569445
2011-08-20,-1.4959629225223439
2011-08-21,-1.4833033934997413
2011-08-22,-1.4707571195016371
2011-08-23,-1.4583241005280314
2011-08-24,-1.446004336578924
2011-08-25,-1.4337978276543148
2011-08-26,-1.421704573754204
2011-08-27,-1.4097245748785918
2011-08-28,-1.397857831027478
2011-08-29,-1.3861043422008623
2011-08-30,-1.3744641083987454
2011-08-31,-1.3629371296211266
2011-09-01,-1.3515234058680063
2011-09-02,-1.3402229371393841
2011-09-03,-1.3290357234352606
2011-09-04,-1.3179617647556354
2011-09-05,-1.3070010611005085
2011-09-06,-1.29615361246988
2011-09-07,-1.28541941886375
2011-09-08,-1.2747984802821184
2011-09-09,-1.2642907967249848
2011-09-10,-1.2538963681923498
2011-09-11,-1.2436151946842133
2011-09-12,-1.2334472762005755
2011-09-13,-1.2233926127414356
2011-09-14,-1.213451204306794
2011-09-15,-1.2036230508966512
2011-09-16,-1.1939081525110067
2011-09-17,-1.18430650914986
2011-09-18,-1.1748181208132125
2011-09-19,-1.1654429875010628
2011-09-20,-1.156181109213412
2011-09-21,-1.147032485950259
2011-09-22,-1.1379971177116046
2011-09-23,-1.1290750044974487
2011-09-24,-1.120266146307791
2011-09-25,-1.111570543142632
2011-09-26,-1.102988195001971
2011-09-27,-1.0945191018858087
2011-09-28,-1.0861632637941445
2011-09-29,-1.077920680726979
2011-09-30,-1.0697913526843117
2011-10-01,-1.0617752796661428
2011-10-02,-1.0538724616724724
2011-10-03,-1.0460828987033002
2011-10-04,-1.0384065907586264
2011-10-05,-1.0308435378384508
2011-10-06,-1.023393739942774
2011-10-07,-1.0160571970715955
2011-10-08,-1.0088339092249152
2011-10-09,-1.0017238764027334
2011-10-10,-0.9947270986050498
2011-10-11,-0.9878435758318649
2011-10-12,-0.9810733080831783
2011-10-13,-0.9744162953589899
2011-10-14,-0.9678725376592998
2011-10-15,-0.9614420349841083
2011-10-16,-0.9551247873334153
2011-10-17,-0.9489207947072205
2011-10-18,-0.942830057105524
2011-10-19,-0.936852574528326
2011-10-20,-0.9309883469756265
2011-10-21,-0.9252373744474252
2011-10-22,-0.9195996569437223
2011-10-23,-0.9140751944645178
2011-10-24,-0.9086639870098117
2011-10-25,-0.9033660345796041
2011-10-26,-0.8981813371738946
2011-10-27,-0.8931098947926838
2011-10-28,-0.8881517074359712
2011-10-29,-0.883306775103757
2011-10-30,-0.8785750977960411
2011-10-31,-0.8739566755128239
2011-11-01,-0.8694515082541046
2011-11-02,-0.865059596019884
2011-11-03,-0.8607809388101617
2011-11-04,-0.856615536624938
2011-11-05,-0.8525633894642124
2011-11-06,-0.8486244973279851
2011-11-07,-0.8447988602162566
2011-11-08,-0.8410864781290261
2011-11-09,-0.8374873510662941
2011-11-10,-0.8340014790280603
2011-11-11,-0.8306288620143254
2011-11-12,-0.8273695000250885
2011-11-13,-0.82422339306035
2011-11-14,-0.8211905411201099
2011-11-15,-0.8182709442043682
2011-11-16,-0.815464602313125
2011-11-17,-0.8127818798916607
2011-11-18,-0.810233141385256
2011-11-19,-0.807818386793911
2011-11-20,-0.8055376161176259
2011-11-21,-0.8033908293564
2011-11-22,-0.8013780265102342
2011-11-23,-0.799499207579128
2011-11-24,-0.7977543725630813
2011-11-25,-0.7961435214620942
2011-11-26,-0.7946666542761669
2011-11-27,-0.7933237710052993
2011-11-28,-0.7921148716494911
2011-11-29,-0.7910399562087427
2011-11-30,-0.790099024683054
2011-12-01,-0.7892920770724251
2011-12-02,-0.7886191133768555
2011-12-03,-0.788080133596346
2011-12-04,-0.7876751377308959
2011-12-05,-0.7874041257805054
2011-12-06,-0.7872670977451747
2011-12-07,-0.7872640536249037
2011-12-08,-0.7873949934196922
2011-12-09,-0.7876599171295405
2011-12-10,-0.7880588247544482
2011-12-11,-0.7885917162944157
2011-12-12,-0.789258591749443
2011-12-13,-0.7900594511195299
2011-12-14,-0.7909942944046764
2011-12-15,-0.7920631216048827
2011-12-16,-0.7932659327201486
2011-12-17,-0.7946027277504741
2011-12-18,-0.7960735066958593
2011-12-19,-0.797678269556304
2011-12-20,-0.7994170163318085
2011-12-21,-0.8012897470223725
2011-12-22,-0.8032964616279963
2011-12-23,-0.8054371601486799
2011-12-24,-0.8077118425844231
2011-12-25,-0.8101205089352259
2011-12-26,-0.8126631592010883
2011-12-27,-0.8153397933820105
2011-12-28,-0.8181504114779922
2011-12-29,-0.8210950134890335
2011-12-30,-0.8241735994151347
2011-12-31,-0.8273861692562954
2012-01-01,-0.8307327230125158
2012-01-02,-0.8342132606837959
2012-01-03,-0.8378277822701354
2012-01-04,-0.8415762877715348
2012-01-05,-0.845458777187994
2012-01-06,-0.8494752505195127
2012-01-07,-0.853625707766091
2012-01-08,-0.8579101489277291
2012-01-09,-0.8623285740044268
2012-01-10,-0.8668809829961841
2012-01-11,-0.8715673759030012
2012-01-12,-0.8763877527248777
2012-01-13,-0.881342113461814
2012-01-14,-0.8864304581138102
2012-01-15,-0.8916527866808657
2012-01-16,-0.897009099162981
2012-01-17,-0.9024993955601559
2012-01-18,-0.9081236758723906
2012-01-19,-0.9138819400996849
2012-01-20,-0.9197741882420387
2012-01-21,-0.9258004202994524
2012-01-22,-0.9319606362719257
2012-01-23,-0.9382548361594586
2012-01-24,-0.9446830199620513
2012-01-25,-0.9512451876797035
2012-01-26,-0.9579413393124152
2012-01-27,-0.9647714748601868
2012-01-28,-0.9717355943230181
2012-01-29,-0.9788336977009089
2012-01-30,-0.9860657849938594
2012-01-31,-0.9934318562018696
2012-02-01,-1.0009319113249395
2012-02-02,-1.008565950363069
2012-02-03,-1.0163339733162582
2012-02-04,-1.024235980184507
2012-02-05,-1.0322719709678154
2012-02-06,-1.0404419456661835
2012-02-07,-1.0487459042796117
2012-02-08,-1.057183846808099
2012-02-09,-1.065755773251646
2012-02-10,-1.0744616836102527
2012-02-11,-1.0833015778839192
2012-02-12,-1.0922754560726453
2012-02-13,-1.101383318176431
2012-02-14,-1.1106251641952767
2012-02-15,-1.1200009941291817
2012-02-16,-1.1294798372985835
2012-02-17,-1.138875869626106
2012-02-18,-1.148158120432187
2012-02-19,-1.1573265897168254
2012-02-20,-1.166381277480022
2012-02-21,-1.1753221837217767
2012-02-22,-1.1841493084420889
2012-02-23,-1.1928626516409593
2012-02-24,-1.2014622133183879
2012-02-25,-1.2099479934743742
2012-02-26,-1.2183199921089183
2012-02-27,-1.2265782092220208
2012-02-28,-1.234722644813681
2012-02-29,-1.2427532988838987
2012-03-01,-1.2506701714326747
2012-03-02,-1.2584732624600088
2012-03-03,-1.2661625719659009
2012-03-04,-1.2737380999503507
2012-03-05,-1.2811998464133587
2012-03-06,-1.2885478113549245
2012-03-07,-1.2957819947750482
2012-03-08,-1.30290239667373
2012-03-09,-1.3099090170509697
2012-03-10,-1.3168018559067671
2012-03-11,-1.323580913241123
2012-03-12,-1.3302461890540365
2012-03-13,-1.336797683345508
2012-03-14,-1.343235396115537
2012-03-15,-1.3495593273641249
2012-03-16,-1.35576947709127
2012-03-17,-1.3618658452969732
2012-03-18,-1.3678484319812347
2012-03-19,-1.3737172371440536
2012-03-20,-1.3794722607854308
2012-03-21,-1.3851135029053658
2012-03-22,-1.390640963503859
2012-03-23,-1.3960546425809102
2012-03-24,-1.401354540136519
2012-03-25,-1.406540656170686
2012-03-26,-1.4116129906834107
2012-03-27,-1.4165715436746935
2012-03-28,-1.4214163151445343
2012-03-29,-1.426147305092933
2012-03-30,-1.4307645135198896
2012-03-31,-1.435267940425404
2012-04-01,-1.4396575858094764
2012-04-02,-1.4439334496721072
2012-04-03,-1.4480955320132955
2012-04-04,-1.452143832833042
2012-04-05,-1.4560783521313463
2012-04-06,-1.4598990899082087
2012-04-07,-1.463606046163629
2012-04-08,-1.467199220897607
2012-04-09,-1.4706786141101436
2012-04-10,-1.4740442258012374
2012-04-11,-1.4772960559708894
2012-04-12,-1.4804341046190994
2012-04-13,-1.4834583717458676
2012-04-14,-1.4863688573511935
2012-04-15,-1.4891655614350774
2012-04-16,-1.491848483997519
2012-04-17,-1.4944176250385188
2012-04-18,-1.4968729845580766
2012-04-19,-1.499214562556192
2012-04-20,-1.5014423590328656
2012-04-21,-1.5035563739880975
2012-04-22,-1.5055566074218867
2012-04-23,-1.5074430593342343
2012-04-24,-1.5092157297251398
2012-04-25,-1.5108746185946031
2012-04-26,-1.5124197259426246
2012-04-27,-1.5138510517692039
2012-04-28,-1.515168596074341
2012-04-29,-1.5163723588580362
2012-04-30,-1.5174623401202894
2012-05-01,-1.5184385398611004
2012-05-02,-1.5193009580804695
2012-05-03,-1.5200495947783965
2012-05-04,-1.5206844499548817
2012-05-05,-1.5212055236099244
2012-05-06,-1.521612815743525
2012-05-07,-1.521906326355684
2012-05-08,-1.5220860554464009
2012-05-09,-1.5221520030156754
2012-05-10,-1.522104169063508
2012-05-11,-1.5219425535898985
2012-05-12,-1.5216671565948472
2012-05-13,-1.5212779780783539
2012-05-14,-1.520775018040418
2012-05-15,-1.5201582764810404
2012-05-16,-1.5194277534002207
2012-05-17,-1.5185887826084459
2012-05-18,-1.517673366968636
2012-05-19,-1.5166868402912768
2012-05-20,-1.5156292025763698
2012-05-21,-1.5145004538239137
2012-05-22,-1.5133005940339095
2012-05-23,-1.5120296232063564
2012-05-24,-1.5106875413412553
2012-05-25,-1.5092743484386053
2012-05-26,-1.5077900444984065
2012-05-27,-1.5062346295206592
2012-05-28,-1.504608103505364
2012-05-29,-1.5029104664525195
2012-05-30,-1.501141718362127
2012-05-31,-1.4993018592341856
2012-06-01,-1.497390889068696
2012-06-02,-1.4954088078656576
2012-06-03,-1.4933556156250707
2012-06-04,-1.4912313123469354
2012-06-05,-1.4890358980312515
2012-06-06,-1.486769372678019
2012-06-07,-1.4844317362872377
2012-06-08,-1.4820229888589085
2012-06-09,-1.4795431303930302
2012-06-10,-1.4769921608896037
2012-06-11,-1.4743700803486286
2012-06-12,-1.4716768887701048
2012-06-13,-1.4689125861540324
2012-06-14,-1.466077172500412
2012-06-15,-1.4631706478092423
2012-06-16,-1.4601930120805244
2012-06-17,-1.4571442653142583
2012-06-18,-1.4540244075104434
2012-06-19,-1.4508334386690795
2012-06-20,-1.4475713587901675
2012-06-21,-1.444238167873707
2012-06-22,-1.4408338659196978
2012-06-23,-1.4373584529281405
2012-06-24,-1.4338119288990339
2012-06-25,-1.4301942938323795
2012-06-26,-1.4265055477281763
2012-06-27,-1.4227456905864246
2012-06-28,-1.418914722407124
2012-06-29,-1.415012643190275
2012-06-30,-1.4110394529358778
2012-07-01,-1.4069951516439316
2012-07-02,-1.4028797393144372
2012-07-03,-1.3986932159473946
2012-07-04,-1.3944355815428027
2012-07-05,-1.3901068361006628
2012-07-06,-1.385706979620974
2012-07-07,-1.381236012103737
2012-07-08,-1.376693933548951
2012-07-09,-1.372080743956617
2012-07-10,-1.3673964433267343
2012-07-11,-1.3626410316593027
2012-07-12,-1.3578145089543228
2012-07-13,-1.3529168752117946
2012-07-14,-1.3479481304317176
2012-07-15,-1.342908274614092
2012-07-16,-1.337797307758918
2012-07-17,-1.3326152298661953
2012-07-18,-1.3273620409359241
2012-07-19,-1.3220377409681043
2012-07-20,-1.3166423299627363
2012-07-21,-1.3111758079198195
2012-07-22,-1.3056381748393544
2012-07-23,-1.3000294307213405
2012-07-24,-1.2943495755657781
2012-07-25,-1.2885986093726671
2012-07-26,-1.282776532142008
2012-07-27,-1.2768833438737999
2012-07-28,-1.2709190445680436
2012-07-29,-1.2648836342247385
2012-07-30,-1.2587771128438847
2012-07-31,-1.2525994804254825
2012-08-01,-1.2463507369695321
2012-08-02,-1.2400308824760329
2012-08-03,-1.233639916944985
2012-08-04,-1.2271778403763887
2012-08-05,-1.2206446527702441
2012-08-06,-1.2140403541265505
2012-08-07,-1.2073649444453087
2012-08-08,-1.2006184237265183
2012-08-09,-1.1938007919701794
2012-08-10,-1.1869120491762917
2012-08-11,-1.1799521953448555
2012-08-12,-1.1729212304758712
2012-08-13,-1.165819154569338
2012-08-14,-1.1586459676252563
2012-08-15,-1.1514016696436262
2012-08-16,-1.1440862606244475
2012-08-17,-1.136781658388874
2012-08-18,-1.1295697807580598
2012-08-19,-1.122450627732005
2012-08-20,-1.1154241993107095
2012-08-21,-1.108490495494173
2012-08-22,-1.101649516282396
2012-08-23,-1.0949012616753782
2012-08-24,-1.0882457316731196
2012-08-25,-1.0816829262756205
2012-08-26,-1.0752128454828804
2012-08-27,-1.0688354892949
2012-08-28,-1.0625508577116785
2012-08-29,-1.056358950733216
2012-08-30,-1.0502597683595132
2012-08-31,-1.0442533105905696
2012-09-01,-1.0383395774263853
2012-09-02,-1.03251856886696
2012-09-03,-1.0267902849122943
2012-09-04,-1.0211547255623878
2012-09-05,-1.0156118908172402
2012-09-06,-1.0101617806768524
2012-09-07,-1.0048043951412238
2012-09-08,-0.9995397342103541
2012-09-09,-0.9943677978842438
2012-09-10,-0.9892885861628927
2012-09-11,-0.9843020990463011
2012-09-12,-0.9794083365344688
2012-09-13,-0.9746072986273956
2012-09-14,-0.9698989853250816
2012-09-15,-0.965283396627527
2012-09-16,-0.9607605325347316
2012-09-17,-0.9563303930466954
2012-09-18,-0.9519929781634188
2012-09-19,-0.947748287884901
2012-09-20,-0.9435963222111426
2012-09-21,-0.9395370811421436
2012-09-22,-0.9355705646779039
2012-09-23,-0.9316967728184236
2012-09-24,-0.9279157055637022
2012-09-25,-0.9242273629137402
2012-09-26,-0.9206317448685374
2012-09-27,-0.9171288514280939
2012-09-28,-0.9137186825924097
2012-09-29,-0.9104012383614849
2012-09-30,-0.907176518735319
2012-10-01,-0.9040445237139128
2012-10-02,-0.9010052532972657
2012-10-03,-0.8980587074853779
2012-10-04,-0.8952048862782493
2012-10-05,-0.8924437896758799
2012-10-06,-0.88977541767827
2012-10-07,-0.8871997702854191
2012-10-08,-0.8847168474973275
2012-10-09,-0.8823266493139955
2012-10-10,-0.8800291757354225
2012-10-11,-0.8778244267616087
2012-10-12,-0.8757124023925543
2012-10-13,-0.8736931026282589
2012-10-14,-0.8717665274687232
2012-10-15,-0.8699326769139465
2012-10-16,-0.8681915509639292
2012-10-17,-0.8665431496186708
2012-10-18,-0.8649874728781721
2012-10-19,-0.8635245207424325
2012-10-20,-0.8621542932114521
2012-10-21,-0.8608767902852312
2012-10-22,-0.8596920119637694
2012-10-23,-0.8585999582470667
2012-10-24,-0.8576006291351237
2012-10-25,-0.8566940246279396
2012-10-26,-0.855880144725515
2012-10-27,-0.8551589894278495
2012-10-28,-0.8545305587349434
2012-10-29,-0.8539948526467963
2012-10-30,-0.8535518711634088
2012-10-31,-0.8532016142847805
2012-11-01,-0.8529440820109113
2012-11-02,-0.8527792743418015
2012-11-03,-0.8527071912774509
2012-11-04,-0.8527278328178595
2012-11-05,-0.8528411989630273
2012-11-06,-0.8530472897129547
2012-11-07,-0.8533461050676412
2012-11-08,-0.853737645027087
2012-11-09,-0.854221909591292
2012-11-10,-0.8547988987602562
2012-11-11,-0.8554686125339798
2012-11-12,-0.8562310509124627
2012-11-13,-0.8570862138957047
2012-11-14,-0.8580341014837061
2012-11-15,-0.8590747136764667
2012-11-16,-0.8602080504739864
2012-11-17,-0.8613934441408313
2012-11-18,-0.8625902269415666
2012-11-19,-0.8637983988761927
2012-11-20,-0.8650179599447092
2012-11-21,-0.8662489101471164
2012-11-22,-0.8674912494834142
2012-11-23,-0.8687449779536025
2012-11-24,-0.8700100955576814
2012-11-25,-0.871286602295651
2012-11-26,-0.8725744981675112
2012-11-27,-0.8738737831732621
2012-11-28,-0.8751844573129034
2012-11-29,-0.8765065205864353
2012-11-30,-0.8778399729938579
2012-12-01,-0.8791848145351708
2012-12-02,-0.8805410452103747
2012-12-03,-0.881908665019469
2012-12-04,-0.8832876739624539
2012-12-05,-0.8846780720393296
2012-12-06,-0.8860798592500955
2012-12-07,-0.8874930355947521
2012-12-08,-0.8889176010732995
2012-12-09,-0.8903535556857373
2012-12-10,-0.891800899432066
2012-12-11,-0.8932596323122848
2012-12-12,-0.8947297543263946
2012-12-13,-0.896211265474395
2012-12-14,-0.8977041657562859
2012-12-15,-0.8992084551720672
2012-12-16,-0.9007241337217392
2012-12-17,-0.9022512014053019
2012-12-18,-0.903789658222755
2012-12-19,-0.9053395041740989
2012-12-20,-0.9069007392593335
2012-12-21,-0.9084733634784583
2012-12-22,-0.9100573768314739
2012-12-23,-0.9116527793183802
2012-12-24,-0.913259570939177
2012-12-25,-0.9148777516938644
2012-12-26,-0.9165073215824423
2012-12-27,-0.9181482806049109
2012-12-28,-0.9198006287612701
2012-12-29,-0.9214643660515199
2012-12-30,-0.9231394924756603
2012-12-31,-0.9248260080336911
2013-01-01,-0.9265239127256126
2013-01-02,-0.9282332065514249
2013-01-03,-0.9299538895111276
2013-01-04,-0.9316859616047208
2013-01-05,-0.9334294228322048
2013-01-06,-0.9351842731935793
2013-01-07,-0.9369505126888444
2013-01-08,-0.938728141318
2013-01-09,-0.9405171590810463
2013-01-10,-0.9423175659779833
2013-01-11,-0.9441293620088107
2013-01-12,-0.945952547173529
2013-01-13,-0.9477871214721376
2013-01-14,-0.9496330849046368
2013-01-15,-0.9514904374710266
2013-01-16,-0.953359179171307
2013-01-17,-0.9552393100054782
2013-01-18,-0.9571308299735399
2013-01-19,-0.9590337390754922
2013-01-20,-0.9609480373113348
2013-01-21,-0.9628737246810684
2013-01-22,-0.9648108011846923
2013-01-23,-0.966759266822207
2013-01-24,-0.9687191215936121
2013-01-25,-0.9706903654989081
2013-01-26,-0.9726729985380943
2013-01-27,-0.9746670207111714
2013-01-28,-0.976672432018139
2013-01-29,-0.9786892324589971
2013-01-30,-0.9807174220337458
2013-01-31,-0.9827570007423851
2013-02-01,-0.9848079685849151
2013-02-02,-0.9868703255613357
2013-02-03,-0.9889440716716469
2013-02-04,-0.9910292069158486
2013-02-05,-0.9931257312939409
2013-02-06,-0.995233644805924
2013-02-07,-0.9973529474517974
2013-02-08,-0.9994836392315616
2013-02-09,-1.0016257201452163
2013-02-10,-1.0037791901927615
2013-02-11,-1.0059440493741976
2013-02-12,-1.008120297689524
2013-02-13,-1.0103079351387412
2013-02-14,-1.0125069617218487
2013-02-15,-1.014717377438847
2013-02-16,-1.0169391822897358
2013-02-17,-1.0191723762745153
2013-02-18,-1.0214169593931854
2013-02-19,-1.023672931645746
2013-02-20,-1.0259402930321972
2013-02-21,-1.0282190435525391
2013-02-22,-1.0305091832067717
2013-02-23,-1.0328107119948946
2013-02-24,-1.0351236299169082
2013-02-25,-1.0374479369728125
2013-02-26,-1.0397836331626074
2013-02-27,-1.0421307184862927
2013-02-28,-1.0444891929438687
2013-03-01,-1.0468590565353353
2013-03-02,-1.0492403092606923
2013-03-03,-1.0516329511199403
2013-03-04,-1.0540369821130784
2013-03-05,-1.0564524022401076
2013-03-06,-1.058879211501027
2013-03-07,-1.0613174098958371
2013-03-08,-1.0637669974245378
2013-03-09,-1.0662279740871292
2013-03-10,-1.0687003398836112
2013-03-11,-1.071184094813984
2013-03-12,-1.073679238878247
2013-03-13,-1.0761857720764008
2013-03-14,-1.078703694408445
2013-03-15,-1.08123300587438
2013-03-16,-1.0837737064742055
2013-03-17,-1.0863257962079216
2013-03-18,-1.0888892750755281
2013-03-19,-1.0914641430770256
2013-03-20,-1.0940504002124136
2013-03-21,-1.096648046481692
2013-03-22,-1.0992570818848608
2013-03-23,-1.1018775064219204
2013-03-24,-1.1045093200928708
2013-03-25,-1.1071525228977117
2013-03-26,-1.109807114836443
2013-03-27,-1.1124730959090652
2013-03-28,-1.1151504661155778
2013-03-29,-1.117839225455981
2013-03-30,-1.1205393739302747
2013-03-31,-1.1232509115384595
2013-04-01,-1.1259738382805342
2013-04-02,-1.1287081541565
2013-04-03,-1.1314538591663559
2013-04-04,-1.1342109533101028
2013-04-05,-1.1369794365877404
2013-04-06,-1.1397593089992681
2013-04-07,-1.1425505705446868
2013-04-08,-1.1453532212239956
2013-04-09,-1.1481672610371958
2013-04-10,-1.1509926899842862
2013-04-11,-1.153829508065267
2013-04-12,-1.1566777152801384
2013-04-13,-1.1595373116289007
2013-04-14,-1.1624082971115535
2013-04-15,-1.1652906717280969
2013-04-16,-1.1681844354785307
2013-04-17,-1.1710895883628551
2013-04-18,-1.1740061303810703
2013-04-19,-1.176934061533176
2013-04-20,-1.1798733818191725
2013-04-21,-1.182824091239059
2013-04-22,-1.1857861897928363
2013-04-23,-1.1887596774805047
2013-04-24,-1.1917445543020635
2013-04-25,-1.1947408202575125
2013-04-26,-1.1977484753468526
2013-04-27,-1.2007675195700829
2013-04-28,-1.203797952927204
2013-04-29,-1.2068397754182156
2013-04-30,-1.209892987043118
2013-05-01,-1.2129575878019105
2013-05-02,-1.216033577694594
2013-05-03,-1.219120956721168
2013-05-04,-1.2222197248816324
2013-05-05,-1.225329882175988
2013-05-06,-1.2284514286042338
2013-05-07,-1.2315843641663702
2013-05-08,-1.2347286888623972
2013-05-09,-1.2378844026923148
2013-05-10,-1.2410515056561229
2013-05-11,-1.2442299977538216
2013-05-12,-1.247419878985411
2013-05-13,-1.250621149350891
2013-05-14,-1.2538338088502616
2013-05-15,-1.2570578574835227
2013-05-16,-1.2602932952506745
2013-05-17,-1.2635401221517166
2013-05-18,-1.2667942611045886
2013-05-19,-1.270031249616923
2013-05-20,-1.2732470106066587
2013-05-21,-1.2764415440737964
2013-05-22,-1.2796148500183349
2013-05-23,-1.282766928440275
2013-05-24,-1.285897779339617
2013-05-25,-1.2890074027163603
2013-05-26,-1.2920957985705048
2013-05-27,-1.295162966902051
2013-05-28,-1.298208907710999
2013-05-29,-1.3012336209973479
2013-05-30,-1.3042371067610985
2013-05-31,-1.3072193650022506
2013-06-01,-1.310180395720804
2013-06-02,-1.3131201989167591
2013-06-03,-1.3160387745901154
2013-06-04,-1.3189361227408738
2013-06-05,-1.321812243369033
2013-06-06,-1.3246671364745937
2013-06-07,-1.327500802057556
2013-06-08,-1.33031324011792
2013-06-09,-1.3331044506556853
2013-06-10,-1.3358744336708523
2013-06-11,-1.3386231891634202
2013-06-12,-1.34135071713339
2013-06-13,-1.3440570175807613
2013-06-14,-1.3467420905055338
2013-06-15,-1.349405935907708
2013-06-16,-1.3520485537872835
2013-06-17,-1.3546699441442607
2013-06-18,-1.357270106978639
2013-06-19,-1.3598490422904195
2013-06-20,-1.362406750079601
2013-06-21,-1.3649432303461835
2013-06-22,-1.3674584830901682
2013-06-23,-1.369952508311554
2013-06-24,-1.3724253060103417
2013-06-25,-1.3748768761865304
2013-06-26,-1.3773072188401205
2013-06-27,-1.3797163339711127
2013-06-28,-1.3821042215795056
2013-06-29,-1.3844708816653006
2013-06-30,-1.386816314228497
2013-07-01,-1.3891405192690942
2013-07-02,-1.3914434967870937
2013-07-03,-1.393725246782494
2013-07-04,-1.3959857692552964
2013-07-05,-1.3982250642054999
2013-07-06,-1.4004431316331047
2013-07-07,-1.4026399715381115
2013-07-08,-1.4048155839205196
2013-07-09,-1.4069699687803288
2013-07-10,-1.40910312611754
2013-07-11,-1.4112150559321521
2013-07-12,-1.413305758224166
2013-07-13,-1.4153752329935816
2013-07-14,-1.4174234802403984
2013-07-15,-1.4194504999646167
2013-07-16,-1.4214562921662366
2013-07-17,-1.4234408568452577
2013-07-18,-1.4254041940016804
2013-07-19,-1.4273463036355047
2013-07-20,-1.4292671857467303
2013-07-21,-1.4311668403353572
2013-07-22,-1.4330452674013858
2013-07-23,-1.4349024669448158
2013-07-24,-1.4367384389656475
2013-07-25,-1.4385531834638805
2013-07-26,-1.440346700439515
2013-07-27,-1.442118989892551
2013-07-28,-1.443870051822988
2013-07-29,-1.4455998862308272
2013-07-30,-1.4473084931160676
2013-07-31,-1.4489958724787093
2013-08-01,-1.4506620243187527
2013-08-02,-1.4523069486361975
2013-08-03,-1.4539306454310439
2013-08-04,-1.4555331147032917
2013-08-05,-1.4571143564529407
2013-08-06,-1.4586743706799916
2013-08-07,-1.4602131573844435
2013-08-08,-1.4617307165662974
2013-08-09,-1.4632270482255527
2013-08-10,-1.464702152362209
2013-08-11,-1.466156028976267
2013-08-12,-1.4675886780677263
2013-08-13,-1.4690000996365873
2013-08-14,-1.4703902936828497
2013-08-15,-1.471759260206514
2013-08-16,-1.4731069992075794
2013-08-17,-1.4744335106860462
2013-08-18,-1.4757387946419145
2013-08-19,-1.4770228510751844
2013-08-20,-1.4782856799858557
2013-08-21,-1.4795272813739284
2013-08-22,-1.4807476552394023
2013-08-23,-1.481946801582278
2013-08-24,-1.4831247204025555
2013-08-25,-1.484281411700234
2013-08-26,-1.4854168754753143
2013-08-27,-1.4865311117277955
2013-08-28,-1.4876241204576783
2013-08-29,-1.4886959016649635
2013-08-30,-1.4897464553496496
2013-08-31,-1.4907757815117368
2013-09-01,-1.4917838801512255
2013-09-02,-1.492770751268116
2013-09-03,-1.4937363948624083
2013-09-04,-1.4946808109341014
2013-09-05,-1.4956039994831962
2013-09-06,-1.4965059605096924
2013-09-07,-1.4973866940135903
2013-09-08,-1.4982461999948895
2013-09-09,-1.4990844784535902
2013-09-10,-1.499901529389693
2013-09-11,-1.5006973528031962
2013-09-12,-1.5014719486941013
2013-09-13,-1.5022253170624078
2013-09-14,-1.502957457908116
2013-09-15,-1.5036683712312255
2013-09-16,-1.5043580570317365
2013-09-17,-1.505026515309649
2013-09-18,-1.505673746064963
2013-09-19,-1.5062997492976784
2013-09-20,-1.5069045250077953
2013-09-21,-1.5074880731953137
2013-09-22,-1.5080503938602337
2013-09-23,-1.5085914870025552
2013-09-24,-1.509111352622278
2013-09-25,-1.509609990719402
2013-09-26,-1.5100874012939276
2013-09-27,-1.510543584345855
2013-09-28,-1.5109785398751834
2013-09-29,-1.5113922678819138
2013-09-30,-1.5117847683660455
2013-10-01,-1.5121560413275783
2013-10-02,-1.5125060867665128
2013-10-03,-1.5128349046828493
2013-10-04,-1.5131424950765868
2013-10-05,-1.5134288579477255
2013-10-06,-1.513693993296266
2013-10-07,-1.5139379011222078
2013-10-08,-1.5141605814255514
2013-10-09,-1.5143620342062962
2013-10-10,-1.5145422594644424
2013-10-11,-1.5147012571999903
2013-10-12,-1.5148390274129397
2013-10-13,-1.5149555701032904
2013-10-14,-1.5150508852710427
2013-10-15,-1.5151249729161964
2013-10-16,-1.5151778330387515
2013-10-17,-1.515209465638708
2013-10-18,-1.5152198707160665
2013-10-19,-1.515209048270826
2013-10-20,-1.5151769983029868
2013-10-21,-1.5151237208125494
2013-10-22,-1.5150492157995132
2013-10-23,-1.5149534832638791
2013-10-24,-1.514836523205646
2013-10-25,-1.5146983356248143
2013-10-26,-1.5145389205213844
2013-10-27,-1.5143582778953555
2013-10-28,-1.5141564077467287
2013-10-29,-1.513933310075503
2013-10-30,-1.5136889848816788
2013-10-31,-1.513423432165256
2013-11-01,-1.5131366519262346
2013-11-02,-1.5128286441646148
2013-11-03,-1.5124994088803965
2013-11-04,-1.5121489460735795
2013-11-05,-1.511777255744164
2013-11-06,-1.5113843378921503
2013-11-07,-1.5109701925175378
2013-11-08,-1.510534819620327
2013-11-09,-1.5100782192005173
2013-11-10,-1.5096003912581093
2013-11-11,-1.509101335793103
2013-11-12,-1.5085810528054977
2013-11-13,-1.5080395422952941
2013-11-14,-1.5074768042624918
2013-11-15,-1.5068928387070915
2013-11-16,-1.5062876456290923
2013-11-17,-1.5057704612628486
2013-11-18,-1.5054505218427152
2013-11-19,-1.5053278273686914
2013-11-20,-1.5054023778407781
2013-11-21,-1.505674173258974
2013-11-22,-1.5061432136232802
2013-11-23,-1.5068094989336964
2013-11-24,-1.5076730291902225
2013-11-25,-1.5087338043928586
2013-11-26,-1.5099918245416046
2013-11-27,-1.5114470896364607
2013-11-28,-1.5130995996774266
2013-11-29,-1.514949354664502
2013-11-30,-1.5169963545976881
2013-12-01,-1.5192405994769835
2013-12-02,-1.5216820893023892
2013-12-03,-1.524320824073905
2013-12-04,-1.5271568037915302
2013-12-05,-1.5301900284552656
2013-12-06,-1.533420498065111
2013-12-07,-1.536848212621066
2013-12-08,-1.5404731721231315
2013-12-09,-1.5442953765713066
2013-12-10,-1.5483148259655921
2013-12-11,-1.552531520305987
2013-12-12,-1.556945459592492
2013-12-13,-1.5615566438251067
2013-12-14,-1.5663650730038317
2013-12-15,-1.5713707471286666
2013-12-16,-1.5765736661996115
2013-12-17,-1.581973830216666
2013-12-18,-1.5875712391798307
2013-12-19,-1.5933658930891053
2013-12-20,-1.5993577919444895
2013-12-21,-1.6055469357459846
2013-12-22,-1.6119333244935887
2013-12-23,-1.6185169581873033
2013-12-24,-1.6252978368271274
2013-12-25,-1.6322759604130614
2013-12-26,-1.6394513289451058
2013-12-27,-1.6468239424232598
2013-12-28,-1.6543938008475236
2013-12-29,-1.662160904217898
2013-12-30,-1.6701252525343817
2013-12-31,-1.6782868457969757
2014-01-01,-1.6866456840056794
2014-01-02,-1.695201767160493
2014-01-03,-1.7039550952614169
2014-01-04,-1.7129056683084505
2014-01-05,-1.7220534863015942
2014-01-06,-1.7313985492408475
2014-01-07,-1.7409408571262108
2014-01-08,-1.7506804099576843
2014-01-09,-1.7606172077352675
2014-01-10,-1.7707512504589609
2014-01-11,-1.7810825381287643
2014-01-12,-1.7916110707446773
2014-01-13,-1.8023368483067002
2014-01-14,-1.8132598708148335
2014-01-15,-1.8243801382690765
2014-01-16,-1.8356976506694291
2014-01-17,-1.847212408015892
2014-01-18,-1.858924410308465
2014-01-19,-1.8708336575471471
2014-01-20,-1.8829401497319405
2014-01-21,-1.8952438868628425
2014-01-22,-1.9077448689398555
2014-01-23,-1.9204430959629777
2014-01-24,-1.9333385679322102
2014-01-25,-1.9464312848475527
2014-01-26,-1.959721246709005
2014-01-27,-1.9732084535165673
2014-01-28,-1.9868929052702395
2014-01-29,-2.0007746019700217
2014-01-30,-2.014853543615913
2014-01-31,-2.0291297302079156
2014-02-01,-2.0436031617460273
2014-02-02,-2.0582738382302495
2014-02-03,-2.0731417596605812
2014-02-04,-2.0882069260370226
2014-02-05,-2.1034693373595745
2014-02-06,-2.118928993628236
2014-02-07,-2.134585894843008
2014-02-08,-2.150440041003889
2014-02-09,-2.166491432110881
2014-02-10,-2.182740068163982
2014-02-11,-2.1991859491631933
2014-02-12,-2.2158290751085143
2014-02-13,-2.232669445999946
2014-02-14,-2.249707061837487
2014-02-15,-2.266941922621138
2014-02-16,-2.284118311304319
2014-02-17,-2.3009805108404504
2014-02-18,-2.317528521229532
2014-02-19,-2.3337623424715632
2014-02-20,-2.349681974566545
2014-02-21,-2.3652874175144762
2014-02-22,-2.3805786713153583
2014-02-23,-2.395555735969191
2014-02-24,-2.4102186114759725
2014-02-25,-2.4245672978357047
2014-02-26,-2.4386017950483874
2014-02-27,-2.4523221031140197
2014-02-28,-2.4657282220326024
2014-03-01,-2.4788201518041344
2014-03-02,-2.4915978924286173
2014-03-03,-2.5040614439060507
2014-03-04,-2.516210806236434
2014-03-05,-2.5280459794197663
2014-03-06,-2.5395669634560503
2014-03-07,-2.5507737583452834
2014-03-08,-2.561666364087467
2014-03-09,-2.5722447806826008
2014-03-10,-2.582509008130684
2014-03-11,-2.5924590464317183
2014-03-12,-2.6020948955857026
2014-03-13,-2.611416555592636
2014-03-14,-2.6204240264525205
2014-03-15,-2.629117308165355
2014-03-16,-2.63749640073114
2014-03-17,-2.6455613041498736
2014-03-18,-2.6533120184215586
2014-03-19,-2.6607485435461937
2014-03-20,-2.667870879523779
2014-03-21,-2.6746790263543136
2014-03-22,-2.6811729840377994
2014-03-23,-2.6873527525742342
2014-03-24,-2.69321833196362
2014-03-25,-2.6987697222059555
2014-03-26,-2.704006923301241
2014-03-27,-2.708929935249477
2014-03-28,-2.713538758050663
2014-03-29,-2.7178333917047985
2014-03-30,-2.721813836211885
2014-03-31,-2.7254800915719217
2014-04-01,-2.728832157784908
2014-04-02,-2.7318700348508447
2014-04-03,-2.734593722769731
2014-04-04,-2.7370032215415674
2014-04-05,-2.7390985311663543
2014-04-06,-2.740879651644092
2014-04-07,-2.7423465829747786
2014-04-08,-2.7434993251584157
2014-04-09,-2.7443378781950036
2014-04-10,-2.7448622420845403
2014-04-11,-2.7450724168270284
2014-04-12,-2.7449684024224656
2014-04-13,-2.7445501988708534
2014-04-14,-2.743817806172192
2014-04-15,-2.7427712243264804
2014-04-16,-2.7414104533337182
2014-04-17,-2.739735493193906
2014-04-18,-2.737746343907045
2014-04-19,-2.735443005473134
2014-04-20,-2.7328254778921726
2014-04-21,-2.7298937611641607
2014-04-22,-2.7266478552891
2014-04-23,-2.723087760266989
2014-04-24,-2.719213476097828
2014-04-25,-2.7150250027816174
2014-04-26,-2.710522340318357
2014-04-27,-2.705705488708046
2014-04-28,-2.700574447950686
2014-04-29,-2.695129218046276
2014-04-30,-2.689369798994816
2014-05-01,-2.683296190796306
2014-05-02,-2.6769083934507463
2014-05-03,-2.6702064069581364
2014-05-04,-2.663190231318477
2014-05-05,-2.6558598665317676
2014-05-06,-2.6482153125980075
2014-05-07,-2.6402565695171987
2014-05-08,-2.6319836372893395
2014-05-09,-2.6233965159144303
2014-05-10,-2.6144952053924717
2014-05-11,-2.6052797057234627
2014-05-12,-2.595750016907404
2014-05-13,-2.5859061389442957
2014-05-14,-2.5757480718341372
2014-05-15,-2.5652758155769293
2014-05-16,-2.5544893701726705
2014-05-17,-2.543446188662754
2014-05-18,-2.5324909892955234
2014-05-19,-2.5216812251123706
2014-05-20,-2.511016896113296
2014-05-21,-2.5004980022982988
2014-05-22,-2.49012454366738
2014-05-23,-2.4798965202205383
2014-05-24,-2.469813931957774
2014-05-25,-2.459876778879088
2014-05-26,-2.4500850609844798
2014-05-27,-2.440438778273949
2014-05-28,-2.430937930747496
2014-05-29,-2.4215825184051205
2014-05-30,-2.4123725412468233
2014-05-31,-2.4033079992726036
2014-06-01,-2.3943888924824615
2014-06-02,-2.3856152208763968
2014-06-03,-2.3769869844544105
2014-06-04,-2.368504183216502
2014-06-05,-2.360166817162671
2014-06-06,-2.3519748862929175
2014-06-07,-2.343928390607242
2014-06-08,-2.3360273301056442
2014-06-09,-2.328271704788124
2014-06-10,-2.320661514654682
2014-06-11,-2.313196759705317
2014-06-12,-2.30587743994003
2014-06-13,-2.298703555358821
2014-06-14,-2.2916751059616898
2014-06-15,-2.2847920917486357
2014-06-16,-2.27805451271966
2014-06-17,-2.271462368874762
2014-06-18,-2.265015660213941
2014-06-19,-2.2587143867371986
2014-06-20,-2.2525585484445334
2014-06-21,-2.246548145335946
2014-06-22,-2.2406831774114364
2014-06-23,-2.234963644671005
2014-06-24,-2.2293895471146503
2014-06-25,-2.223960884742375
2014-06-26,-2.218677657554176
2014-06-27,-2.213539865550055
2014-06-28,-2.208547508730012
2014-06-29,-2.2037005870940463
2014-06-30,-2.1989991006421588
2014-07-01,-2.194443049374349
2014-07-02,-2.190032433290617
2014-07-03,-2.1857672523909626
2014-07-04,-2.1816475066753855
2014-07-05,-2.177673196143887
2014-07-06,-2.1738443207964657
2014-07-07,-2.1701608806331225
2014-07-08,-2.1666228756538564
2014-07-09,-2.1632303058586686
2014-07-10,-2.1599831712475583
2014-07-11,-2.1568814718205256
2014-07-12,-2.1539252075775708
2014-07-13,-2.1511143785186935
2014-07-14,-2.1484489846438946
2014-07-15,-2.145929025953173
2014-07-16,-2.1435545024465292
2014-07-17,-2.141325414123963
2014-07-18,-2.139241760985475
2014-07-19,-2.1373035430310643
2014-07-20,-2.1355107602607313
2014-07-21,-2.1338634126744758
2014-07-22,-2.1323615002722986
2014-07-23,-2.131005023054199
2014-07-24,-2.129793981020177
2014-07-25,-2.128728374170233
2014-07-26,-2.1278082025043665
2014-07-27,-2.127033466022578
2014-07-28,-2.1264041647248666
2014-07-29,-2.1259202986112333
2014-07-30,-2.125581867681678
2014-07-31,-2.1253888719361997
2014-08-01,-2.1253413113748
2014-08-02,-2.125439185997478
2014-08-03,-2.125682495804233
2014-08-04,-2.1260712407950666
2014-08-05,-2.126605420969977
2014-08-06,-2.1272850363289657
2014-08-07,-2.1281100868720317
2014-08-08,-2.1290805725991766
2014-08-09,-2.1301964935103985
2014-08-10,-2.131457849605698
2014-08-11,-2.132864640885075
2014-08-12,-2.13441686734853
2014-08-13,-2.136114528996063
2014-08-14,-2.1379576258276733
2014-08-15,-2.1399461578433616
2014-08-16,-2.142080125043128
2014-08-17,-2.1442004112308437
2014-08-18,-2.1461479002103823
2014-08-19,-2.147922591981743
2014-08-20,-2.149524486544926
2014-08-21,-2.1509535838999314
2014-08-22,-2.1522098840467594
2014-08-23,-2.1532933869854096
2014-08-24,-2.1542040927158825
2014-08-25,-2.1549420012381777
2014-08-26,-2.155507112552295
2014-08-27,-2.1558994266582348
2014-08-28,-2.156118943555997
2014-08-29,-2.1561656632455812
2014-08-30,-2.1560395857269885
2014-08-31,-2.1557407110002176
2014-09-01,-2.1552690390652693
2014-09-02,-2.1546245699221434
2014-09-03,-2.1538073035708396
2014-09-04,-2.152817240011358
2014-09-05,-2.1516543792436993
2014-09-06,-2.1503187212678627
2014-09-07,-2.1488102660838484
2014-09-08,-2.147129013691657
2014-09-09,-2.1452749640912874
2014-09-10,-2.1432481172827402
2014-09-11,-2.1410484732660158
2014-09-12,-2.138676032041113
2014-09-13,-2.136130793608033
2014-09-14,-2.1334127579667754
2014-09-15,-2.130521925117341
2014-09-16,-2.1274582950597276
2014-09-17,-2.124221867793937
2014-09-18,-2.120812643319969
2014-09-19,-2.117230621637823
2014-09-20,-2.1134758027475002
2014-09-21,-2.109548186648999
2014-09-22,-2.1054477733423203
2014-09-23,-2.101174562827464
2014-09-24,-2.09672855510443
2014-09-25,-2.092109750173219
2014-09-26,-2.0873181480338294
2014-09-27,-2.0823537486862627
2014-09-28,-2.0772165521305186
2014-09-29,-2.0719065583665963
2014-09-30,-2.0664237673944963
2014-10-01,-2.0607681792142194
2014-10-02,-2.0549397938257647
2014-10-03,-2.048938611229132
2014-10-04,-2.0427646314243217
2014-10-05,-2.036417854411334
2014-10-06,-2.029898280190168
2014-10-07,-2.023205908760825
2014-10-08,-2.016340740123305
2014-10-09,-2.0093027742776064
2014-10-10,-2.00209201122373
2014-10-11,-1.9947084509616766
2014-10-12,-1.9871520934914457
2014-10-13,-1.9794229388130367
2014-10-14,-1.9715209869264503
2014-10-15,-1.9634462378316861
2014-10-16,-1.9551986915287445
2014-10-17,-1.946778348017625
2014-10-18,-1.9381852072983283
2014-10-19,-1.9294192693708532
2014-10-20,-1.9204805342352007
2014-10-21,-1.9113690018913714
2014-10-22,-1.9020846723393636
2014-10-23,-1.8926275455791786
2014-10-24,-1.882997621610816
2014-10-25,-1.8731949004342754
2014-10-26,-1.8632193820495573
2014-10-27,-1.8530710664566614
2014-10-28,-1.8427499536555882
2014-10-29,-1.8322560436463373
2014-10-30,-1.8215893364289086
2014-10-31,-1.8107498320033024
2014-11-01,-1.7997375303695184
2014-11-02,-1.7885524315275572
2014-11-03,-1.7771945354774183
2014-11-04,-1.7656638422191016
2014-11-05,-1.7539603517526068
2014-11-06,-1.7420840640779351
2014-11-07,-1.7300349791950853
2014-11-08,-1.7178130971040584
2014-11-09,-1.7054184178048533
2014-11-10,-1.6928509412974708
2014-11-11,-1.6801106675819109
2014-11-12,-1.667197596658173
2014-11-13,-1.6541117285262574
2014-11-14,-1.6408530631861646
2014-11-15,-1.627421600637894
2014-11-16,-1.6138173408814456
2014-11-17,-1.6002699327666157
2014-11-18,-1.5870090251431992
2014-11-19,-1.5740346180111973
2014-11-20,-1.561346711370609
2014-11-21,-1.5489453052214344
2014-11-22,-1.5368303995636745
2014-11-23,-1.525001994397328
2014-11-24,-1.5134600897223955
2014-11-25,-1.5022046855388773
2014-11-26,-1.4912357818467727
2014-11-27,-1.4805533786460825
2014-11-28,-1.470157475936806
2014-11-29,-1.4600480737189436
2014-11-30,-1.450225171992495
2014-12-01,-1.4406887707574607
2014-12-02,-1.4314388700138396
2014-12-03,-1.422475469761633
2014-12-04,-1.4137985700008406
2014-12-05,-1.4054081707314616
2014-12-06,-1.3973042719534972
2014-12-07,-1.3894868736669466
2014-12-08,-1.3819559758718096
2014-12-09,-1.374711578568087
2014-12-10,-1.367753681755778
2014-12-11,-1.3610822854348832
2014-12-12,-1.354697389605402
2014-12-13,-1.348598994267335
2014-12-14,-1.3427870994206819
2014-12-15,-1.3372617050654434
2014-12-16,-1.3320228112016177
2014-12-17,-1.327070417829207
2014-12-18,-1.32240452494821
2014-12-19,-1.3180251325586267
2014-12-20,-1.3139322406604572
2014-12-21,-1.3101258492537025
2014-12-22,-1.3066059583383611
2014-12-23,-1.3033725679144337
2014-12-24,-1.3004256779819205
2014-12-25,-1.2977652885408208
2014-12-26,-1.295391399591136
2014-12-27,-1.2933040111328646
2014-12-28,-1.2915031231660068
2014-12-29,-1.2899887356905635
2014-12-30,-1.2887608487065338
2014-12-31,-1.2878194622139183
2015-01-01,-1.2871645762127168
2015-01-02,-1.2867961907029293
2015-01-03,-1.2867143056845554
2015-01-04,-1.2869189211575958
2015-01-05,-1.2874100371220503
2015-01-06,-1.2881876535779186
2015-01-07,-1.2892517705252007
2015-01-08,-1.290602387963897
2015-01-09,-1.292239505894007
2015-01-10,-1.2941631243155312
2015-01-11,-1.2963732432284694
2015-01-12,-1.2988698626328214
2015-01-13,-1.3016529825285872
2015-01-14,-1.3047226029157675
2015-01-15,-1.3080787237943614
2015-01-16,-1.3117213451643694
2015-01-17,-1.3156504670257914
2015-01-18,-1.3198660893786271
2015-01-19,-1.3243682122228768
2015-01-20,-1.3291568355585408
2015-01-21,-1.3342319593856184
2015-01-22,-1.3395935837041104
2015-01-23,-1.345241708514016
2015-01-24,-1.3511763338153358
2015-01-25,-1.3573974596080693
2015-01-26,-1.3639050858922168
2015-01-27,-1.3706992126677786
2015-01-28,-1.377779839934754
2015-01-29,-1.3851469676931436
2015-01-30,-1.392800595942947
2015-01-31,-1.4007407246841646
2015-02-01,-1.408967353916796
2015-02-02,-1.4174804836408414
2015-02-03,-1.426280113856301
2015-02-04,-1.4353662445631743
2015-02-05,-1.4447388757614612
2015-02-06,-1.4543980074511627
2015-02-07,-1.4643436396322782
2015-02-08,-1.474575772304807
2015-02-09,-1.4850944054687503
2015-02-10,-1.4958995391241077
2015-02-11,-1.5069911732708787
2015-02-12,-1.5183693079090634
2015-02-13,-1.5300339430386627
2015-02-14,-1.5419850786596756
2015-02-15,-1.5542227147721024
2015-02-16,-1.5665824066797829
2015-02-17,-1.5788997096865576
2015-02-18,-1.591174623792425
2015-02-19,-1.6034071489973865
2015-02-20,-1.6155972853014409
2015-02-21,-1.627745032704589
2015-02-22,-1.6398503912068305
2015-02-23,-1.6519133608081662
2015-02-24,-1.663933941508595
2015-02-25,-1.6759121333081168
2015-02-26,-1.6878479362067327
2015-02-27,-1.6997413502044416
2015-02-28,-1.7115923753012445
2015-03-01,-1.7234010114971405
2015-03-02,-1.73516725879213
2015-03-03,-1.7468911171862136
2015-03-04,-1.7585725866793904
2015-03-05,-1.7702116672716601
2015-03-06,-1.781808358963024
2015-03-07,-1.793362661753481
2015-03-08,-1.8048745756430316
2015-03-09,-1.816344100631676
2015-03-10,-1.8277712367194132
2015-03-11,-1.8391559839062446
2015-03-12,-1.8504983421921695
2015-03-13,-1.8617983115771872
2015-03-14,-1.873055892061299
2015-03-15,-1.8842710836445042
2015-03-16,-1.8954438863268026
2015-03-17,-1.9065743001081947
2015-03-18,-1.9176623249886806
2015-03-19,-1.9287079609682594
2015-03-20,-1.9397112080469323
2015-03-21,-1.9506720662246981
2015-03-22,-1.961590535501558
2015-03-23,-1.9724666158775108
2015-03-24,-1.9833003073525577
2015-03-25,-1.9940916099266974
2015-03-26,-2.004840523599931
2015-03-27,-2.015547048372258
2015-03-28,-2.026211184243679
2015-03-29,-2.036832931214193
2015-03-30,-2.0474122892838005
2015-03-31,-2.0579492584525014
2015-04-01,-2.068443838720296
2015-04-02,-2.0788960300871846
2015-04-03,-2.089305832553166
2015-04-04,-2.0996732461182406
2015-04-05,-2.1099982707824094
2015-04-06,-2.1202809065456716
2015-04-07,-2.130521153408027
2015-04-08,-2.140719011369476
2015-04-09,-2.1508744804300184
2015-04-10,-2.1609875605896547
2015-04-11,-2.1710582518483843
2015-04-12,-2.181086554206207
2015-04-13,-2.1910724676631235
2015-04-14,-2.201015992219134
2015-04-15,-2.2109171278742377
2015-04-16,-2.220775874628434
2015-04-17,-2.2305922324817247
2015-04-18,-2.240366201434109
2015-04-19,-2.2500977814855867
2015-04-20,-2.2597869726361575
2015-04-21,-2.2694337748858215
2015-04-22,-2.27903818823458
2015-04-23,-2.2886002126824314
2015-04-24,-2.2981198482293763
2015-04-25,-2.3075970948754145
2015-04-26,-2.317031952620547
2015-04-27,-2.3264244214647722
2015-04-28,-2.3357745014080917
2015-04-29,-2.3450821924505036
2015-04-30,-2.35434749459201
2015-05-01,-2.3635704078326096
2015-05-02,-2.372750932172302
2015-05-03,-2.3818890676110893
2015-05-04,-2.390984814148969
2015-05-05,-2.4000381717859423
2015-05-06,-2.4090491405220087
2015-05-07,-2.4180177203571693
2015-05-08,-2.4269439112914237
2015-05-09,-2.435827713324771
2015-05-10,-2.444669126457212
2015-05-11,-2.4534681506887464
2015-05-12,-2.4622247860193744
2015-05-13,-2.470939032449096
2015-05-14,-2.479610889977911
2015-05-15,-2.488240358605819
2015-05-16,-2.4968274383328213
2015-05-17,-2.5053573386384067
2015-05-18,-2.513741316399515
2015-05-19,-2.5219645810956353
2015-05-20,-2.530027132726769
2015-05-21,-2.537928971292915
2015-05-22,-2.5456700967940735
2015-05-23,-2.5532505092302453
2015-05-24,-2.5606702086014295
2015-05-25,-2.5679291949076255
2015-05-26,-2.5750274681488348
2015-05-27,-2.581965028325057
2015-05-28,-2.5887418754362916
2015-05-29,-2.595358009482539
2015-05-30,-2.6018134304637988
2015-05-31,-2.608108138380071
2015-06-01,-2.6142421332313566
2015-06-02,-2.620215415017654
2015-06-03,-2.6260279837389646
2015-06-04,-2.631679839395288
2015-06-05,-2.637170981986624
2015-06-06,-2.6425014115129724
2015-06-07,-2.6476711279743337
2015-06-08,-2.6526801313707074
2015-06-09,-2.6575284217020934
2015-06-10,-2.6622159989684926
2015-06-11,-2.6667428631699046
2015-06-12,-2.6711090143063285
2015-06-13,-2.675314452377766
2015-06-14,-2.679359177384216
2015-06-15,-2.683243189325678
2015-06-16,-2.686966488202153
2015-06-17,-2.6905290740136407
2015-06-18,-2.6939309467601404
2015-06-19,-2.697172106441654
2015-06-20,-2.700252553058179
2015-06-21,-2.7031722866097176
2015-06-22,-2.705931307096268
2015-06-23,-2.7085296145178317
2015-06-24,-2.710967208874408
2015-06-25,-2.7132440901659973
2015-06-26,-2.715360258392599
2015-06-27,-2.7173157135542128
2015-06-28,-2.7191104556508394
2015-06-29,-2.720744484682479
2015-06-30,-2.722217800649131
2015-07-01,-2.723530403550796
2015-07-02,-2.7246822933874735
2015-07-03,-2.7256734701591636
2015-07-04,-2.726503933865866
2015-07-05,-2.7271736845075814
2015-07-06,-2.72768272208431
2015-07-07,-2.7280310465960507
2015-07-08,-2.7282186580428034
2015-07-09,-2.72824555642457
2015-07-10,-2.7281117417413485
2015-07-11,-2.7278172139931396
2015-07-12,-2.727361973179943
2015-07-13,-2.7267460193017596
2015-07-14,-2.725969352358589
2015-07-15,-2.7250319723504313
2015-07-16,-2.723933879277286
2015-07-17,-2.722675073139153
2015-07-18,-2.721255553936033
2015-07-19,-2.7196753216679257
2015-07-20,-2.717934376334831
2015-07-21,-2.7160327179367485
2015-07-22,-2.713970346473679
2015-07-23,-2.711747261945622
2015-07-24,-2.709363464352578
2015-07-25,-2.706818953694546
2015-07-26,-2.704113729971527
2015-07-27,-2.701247793183521
2015-07-28,-2.698221143330528
2015-07-29,-2.6950337804125466
2015-07-30,-2.6916857044295788
2015-07-31,-2.6881769153816224
2015-08-01,-2.6845074132686797
2015-08-02,-2.6806771980907493
2015-08-03,-2.6766862698478313
2015-08-04,-2.6725346285399265
2015-08-05,-2.668222274167034
2015-08-06,-2.663749206729154
2015-08-07,-2.659115426226287
2015-08-08,-2.654320932658433
2015-08-09,-2.649365726025591
2015-08-10,-2.6442498063277617
2015-08-11,-2.638973173564945
2015-08-12,-2.6335358277371417
2015-08-13,-2.62793776884435
2015-08-14,-2.622178996886572
2015-08-15,-2.616259511863806
2015-08-16,-2.6101793137760527
2015-08-17,-2.60409332423333
2015-08-18,-2.598156464845657
2015-08-19,-2.5923687356130336
2015-08-20,-2.5867301365354587
2015-08-21,-2.5812406676129336
2015-08-22,-2.5759003288454574
2015-08-23,-2.5707091202330306
2015-08-24,-2.565667041775653
2015-08-25,-2.5607740934733245
2015-08-26,-2.5560302753260453
2015-08-27,-2.5514355873338155
2015-08-28,-2.546990029496635
2015-08-29,-2.5426936018145034
2015-08-30,-2.538546304287422
2015-08-31,-2.534548136915388
2015-09-01,-2.5306990996984053
2015-09-02,-2.5269991926364708
2015-09-03,-2.5234484157295856
2015-09-04,-2.5200467689777497
2015-09-05,-2.5167942523809628
2015-09-06,-2.5136908659392248
2015-09-07,-2.510736609652537
2015-09-08,-2.507931483520898
2015-09-09,-2.505275487544308
2015-09-10,-2.5027686217227676
2015-09-11,-2.5004108860562764
2015-09-12,-2.498202280544835
2015-09-13,-2.496142805188442
2015-09-14,-2.494232459987098
2015-09-15,-2.492471244940804
2015-09-16,-2.4908591600495593
2015-09-17,-2.489396205313363
2015-09-18,-2.4880823807322168
2015-09-19,-2.4869176863061195
2015-09-20,-2.485902122035071
2015-09-21,-2.4850356879190723
2015-09-22,-2.4843183839581227
2015-09-23,-2.4837502101522224
2015-09-24,-2.483331166501371
2015-09-25,-2.4830612530055696
2015-09-26,-2.4829404696648165
2015-09-27,-2.4829688164791133
2015-09-28,-2.483146293448459
2015-09-29,-2.4834729005728544
2015-09-30,-2.4839486378522984
2015-10-01,-2.4845735052867925
2015-10-02,-2.4853475028763348
2015-10-03,-2.486270630620927
2015-10-04,-2.487342888520568
2015-10-05,-2.488564276575259
2015-10-06,-2.4899347947849986
2015-10-07,-2.491454443149788
2015-10-08,-2.4931232216696255
2015-10-09,-2.4949411303445137
2015-10-10,-2.49690816917445
2015-10-11,-2.499024338159436
2015-10-12,-2.5012896372994717
2015-10-13,-2.5037040665945556
2015-10-14,-2.5062676260446897
2015-10-15,-2.5089803156498727
2015-10-16,-2.511842135410105
2015-10-17,-2.5148530853253863
2015-10-18,-2.5180131653957165
2015-10-19,-2.521322375621097
2015-10-20,-2.5247807160015263
2015-10-21,-2.528388186537004
2015-10-22,-2.532144787227532
2015-10-23,-2.5360505180731088
2015-10-24,-2.540105379073735
2015-10-25,-2.5443093702294104
2015-10-26,-2.5486624915401346
2015-10-27,-2.553164743005909
2015-10-28,-2.557816124626732
2015-10-29,-2.562616636402604
2015-10-30,-2.567566278333526
2015-10-31,-2.572665050419497
2015-11-01,-2.5779129526605162
2015-11-02,-2.5833099850565864
2015-11-03,-2.588856147607704
2015-11-04,-2.594551440313872
2015-11-05,-2.6003958631750894
2015-11-06,-2.6063894161913552
2015-11-07,-2.612532099362671
2015-11-08,-2.6188239126890354
2015-11-09,-2.6252648561704497
2015-11-10,-2.631854929806913
2015-11-11,-2.638594133598425
2015-11-12,-2.645482467544987
2015-11-13,-2.652519931646598
2015-11-14,-2.659706525903258
2015-11-15,-2.667042250314967
2015-11-16,-2.6745271048817263
2015-11-17,-2.681967970754641
2015-11-18,-2.6891717290848187
2015-11-19,-2.696138379872259
2015-11-20,-2.7028679231169637
2015-11-21,-2.7093603588189294
2015-11-22,-2.715615686978159
2015-11-23,-2.721633907594652
2015-11-24,-2.7274150206684076
2015-11-25,-2.732959026199426
2015-11-26,-2.7382659241877074
2015-11-27,-2.743335714633252
2015-11-28,-2.7481683975360593
2015-11-29,-2.7527639728961297
2015-11-30,-2.757122440713463
2015-12-01,-2.7612438009880598
2015-12-02,-2.765128053719918
2015-12-03,-2.7687751989090414
2015-12-04,-2.7721852365554263
2015-12-05,-2.7753581666590748
2015-12-06,-2.7782939892199856
2015-12-07,-2.7809927042381597
2015-12-08,-2.7834543117135966
2015-12-09,-2.7856788116462967
2015-12-10,-2.7876662040362596
2015-12-11,-2.7894164888834854
2015-12-12,-2.790929666187975
2015-12-13,-2.792205735949727
2015-12-14,-2.793244698168742
2015-12-15,-2.79404655284502
2015-12-16,-2.794611299978561
2015-12-17,-2.7949389395693647
2015-12-18,-2.7950294716174318
2015-12-19,-2.7948828961227608
2015-12-20,-2.794499213085354
2015-12-21,-2.7938784225052093
2015-12-22,-2.7930205243823276
2015-12-23,-2.7919255187167105
2015-12-24,-2.7905934055083548
2015-12-25,-2.789024184757262
2015-12-26,-2.7872178564634327
2015-12-27,-2.785174420626866
2015-12-28,-2.782893877247562
2015-12-29,-2.780376226325522
2015-12-30,-2.777621467860745
2015-12-31,-2.77462960185323
2016-01-01,-2.771400628302978
2016-01-02,-2.767934547209989
2016-01-03,-2.7642313585742633
2016-01-04,-2.760291062395801
2016-01-05,-2.7561136586746007
2016-01-06,-2.7516991474106645
2016-01-07,-2.7470475286039906
2016-01-08,-2.7421588022545795
2016-01-09,-2.7370329683624313
2016-01-10,-2.7316700269275467
2016-01-11,-2.726069977949925
2016-01-12,-2.720232821429566
2016-01-13,-2.7141585573664697
2016-01-14,-2.7078471857606368
2016-01-15,-2.7012987066120675
2016-01-16,-2.6945131199207593
2016-01-17,-2.6874904256867156
2016-01-18,-2.6802306239099347
2016-01-19,-2.672733714590416
2016-01-20,-2.664999697728161
2016-01-21,-2.6570285733231684
2016-01-22,-2.648820341375439
2016-01-23,-2.6403750018849728
2016-01-24,-2.63169255485177
2016-01-25,-2.6227730002758296
2016-01-26,-2.613616338157152
2016-01-27,-2.604222568495737
2016-01-28,-2.594591691291586
2016-01-29,-2.5847237065446973
2016-01-30,-2.5746186142550718
2016-01-31,-2.564276414422709
2016-02-01,-2.553697107047609
2016-02-02,-2.542880692129773
2016-02-03,-2.531827169669199
2016-02-04,-2.5205365396658888
2016-02-05,-2.509008802119841
2016-02-06,-2.4972439570310563
2016-02-07,-2.4852420043995345
2016-02-08,-2.4730029442252754
2016-02-09,-2.4605267765082797
2016-02-10,-2.4478135012485467
2016-02-11,-2.434863118446076
2016-02-12,-2.4216756281008696
2016-02-13,-2.4082510302129254
2016-02-14,-2.3945893247822445
2016-02-15,-2.380690511808827
2016-02-16,-2.366611242643754
2016-02-17,-2.3526914253935276
2016-02-18,-2.3389877114092306
2016-02-19,-2.3255001006908627
2016-02-20,-2.312228593238422
2016-02-21,-2.299173189051911
2016-02-22,-2.286333888131329
2016-02-23,-2.273710690476675
2016-02-24,-2.261303596087951
2016-02-25,-2.2491126049651546
2016-02-26,-2.237137717108287
2016-02-27,-2.225378932517349
2016-02-28,-2.2138362511923395
2016-02-29,-2.202509673133259
2016-03-01,-2.1913991983401067
2016-03-02,-2.1805048268128835
2016-03-03,-2.169826558551589
2016-03-04,-2.1593643935562237
2016-03-05,-2.149118331826787
2016-03-06,-2.1390883733632786
2016-03-07,-2.1292745181657
2016-03-08,-2.119676766234049
2016-03-09,-2.1102951175683278
2016-03-10,-2.101129572168535
2016-03-11,-2.092180130034671
2016-03-12,-2.0834467911667356
2016-03-13,-2.0749295555647294
2016-03-14,-2.0666284232286514
2016-03-15,-2.058543394158503
2016-03-16,-2.050674468354283
2016-03-17,-2.0430216458159918
2016-03-18,-2.0355849265436294
2016-03-19,-2.028364310537196
2016-03-20,-2.021359797796691
2016-03-21,-2.0145713883221146
2016-03-22,-2.007999082113467
2016-03-23,-2.001642879170749
2016-03-24,-1.9955027794939595
2016-03-25,-1.989578783083098
2016-03-26,-1.9838708899381663
2016-03-27,-1.978379100059163
2016-03-28,-1.9731034134460883
2016-03-29,-1.968043830098943
2016-03-30,-1.9632003500177262
2016-03-31,-1.9585729732024377
2016-04-01,-1.9541616996530784
2016-04-02,-1.949966529369648
2016-04-03,-1.9459874623521465
2016-04-04,-1.9422244986005737
2016-04-05,-1.938677638114929
2016-04-06,-1.9353468808952141
2016-04-07,-1.9322322269414274
2016-04-08,-1.9293336762535693
2016-04-09,-1.9266512288316409
2016-04-10,-1.9241848846756404
2016-04-11,-1.9219346437855687
2016-04-12,-1.9199005061614265
2016-04-13,-1.9180824718032128
2016-04-14,-1.9164805407109278
2016-04-15,-1.9150947128845714
2016-04-16,-1.913924988324144
2016-04-17,-1.9129713670296455
2016-04-18,-1.9122338490010757
2016-04-19,-1.9117124342384346
2016-04-20,-1.9114071227417226
2016-04-21,-1.911317914510939
2016-04-22,-1.9114448095460845
2016-04-23,-1.9117878078471588
2016-04-24,-1.9123469094141619
2016-04-25,-1.9131221142470933
2016-04-26,-1.914113422345954
2016-04-27,-1.915320833710743
2016-04-28,-1.9167443483414615
2016-04-29,-1.9183839662381086
2016-04-30,-1.920239687400684
2016-05-01,-1.922311511829189
2016-05-02,-1.9245994395236221
2016-05-03,-1.927103470483984
2016-05-04,-1.9298236047102755
2016-05-05,-1.932759842202495
2016-05-06,-1.9359121829606432
2016-05-07,-1.9392806269847207
2016-05-08,-1.942865174274727
2016-05-09,-1.9466658248306614
2016-05-10,-1.9506825786525255
2016-05-11,-1.9549154357403178
2016-05-12,-1.9593643960940392
2016-05-13,-1.9640294597136894
2016-05-14,-1.9689106265992682
2016-05-15,-1.9740078967507755
2016-05-16,-1.979321270168212
2016-05-17,-1.984797832498499
2016-05-18,-1.990120097623164
2016-05-19,-1.9952351511891282
2016-05-20,-2.000142993196392
2016-05-21,-2.004843623644955
2016-05-22,-2.0093370425348183
2016-05-23,-2.0136232498659807
2016-05-24,-2.017702245638443
2016-05-25,-2.0215740298522045
2016-05-26,-2.025238602507265
2016-05-27,-2.028695963603626
2016-05-28,-2.0319461131412857
2016-05-29,-2.0349890511202453
2016-05-30,-2.037824777540504
2016-05-31,-2.0404532924020633
2016-06-01,-2.0428745957049212
2016-06-02,-2.045088687449079
2016-06-03,-2.0470955676345364
2016-06-04,-2.048895236261293
2016-06-05,-2.0504876933293494
2016-06-06,-2.0518729388387054
2016-06-07,-2.0530509727893604
2016-06-08,-2.0540217951813156
2016-06-09,-2.05478540601457
2016-06-10,-2.0553418052891237
2016-06-11,-2.055690993004977
2016-06-12,-2.05583296916213
2016-06-13,-2.0557677337605833
2016-06-14,-2.055495286800335
2016-06-15,-2.055015628281387
2016-06-16,-2.0543287582037375
2016-06-17,-2.053434676567388
2016-06-18,-2.0523333833723387
2016-06-19,-2.051024878618588
2016-06-20,-2.049509162306137
2016-06-21,-2.047786234434986
2016-06-22,-2.0458560950051345
2016-06-23,-2.043718744016582
2016-06-24,-2.04137418146933
2016-06-25,-2.0388224073633765
2016-06-26,-2.0360634216987235
2016-06-27,-2.033097224475369
2016-06-28,-2.0299238156933144
2016-06-29,-2.0265431953525592
2016-06-30,-2.0229553634531037
2016-07-01,-2.019160319994948
2016-07-02,-2.015158064978092
2016-07-03,-2.010948598402535
2016-07-04,-2.0065319202682774
2016-07-05,-2.00190803057532
2016-07-06,-1.9970769293236612
2016-07-07,-1.9920386165133026
2016-07-08,-1.9867930921442434
2016-07-09,-1.981340356216484
2016-07-10,-1.975680408730024
2016-07-11,-1.9698132496848628
2016-07-12,-1.963738879081002
2016-07-13,-1.9574572969184403
2016-07-14,-1.9509685031971784
2016-07-15,-1.944272497917216
2016-07-16,-1.9373692810785528
2016-07-17,-1.930258852681189
2016-07-18,-1.9229412127251253
2016-07-19,-1.9154163612103612
2016-07-20,-1.9076842981368962
2016-07-21,-1.8997450235047306
2016-07-22,-1.8915985373138648
2016-07-23,-1.8832448395642984
2016-07-24,-1.8746839302560319
2016-07-25,-1.8659158093890642
2016-07-26,-1.856940476963397
2016-07-27,-1.8477579329790286
2016-07-28,-1.83836817743596
2016-07-29,-1.828771210334191
2016-07-30,-1.8189670316737212
2016-07-31,-1.8089556414545511
2016-08-01,-1.7987370396766809
2016-08-02,-1.78831122634011
2016-08-03,-1.7776782014448382
2016-08-04,-1.766837964990866
2016-08-05,-1.7557905169781938
2016-08-06,-1.744535857406821
2016-08-07,-1.733073986276748
2016-08-08,-1.721404903587974
2016-08-09,-1.7095286093404998
2016-08-10,-1.697445103534325
2016-08-11,-1.6851543861694493
2016-08-12,-1.6726564572458738
2016-08-13,-1.6599513167635975
2016-08-14,-1.6470389647226211
2016-08-15,-1.633919401122944
2016-08-16,-1.620592625964566
2016-08-17,-1.6072419103229383
2016-08-18,-1.5940505252735109
2016-08-19,-1.5810184708162842
2016-08-20,-1.568145746951257
2016-08-21,-1.555432353678431
2016-08-22,-1.5428782909978047
2016-08-23,-1.5304835589093793
2016-08-24,-1.518248157413154
2016-08-25,-1.5061720865091284
2016-08-26,-1.4942553461973038
2016-08-27,-1.4824979364776794
2016-08-28,-1.4708998573502552
2016-08-29,-1.4594611088150318
2016-08-30,-1.448181690872008
2016-08-31,-1.437061603521185
2016-09-01,-1.426100846762562
2016-09-02,-1.4152994205961393
2016-09-03,-1.4046573250219174
2016-09-04,-1.3941745600398951
2016-09-05,-1.3838511256500734
2016-09-06,-1.3736870218524524
2016-09-07,-1.3636822486470315
2016-09-08,-1.3538368060338113
2016-09-09,-1.3441506940127907
2016-09-10,-1.3346239125839705
2016-09-11,-1.325256461747351
2016-09-12,-1.316048341502932
2016-09-13,-1.3069995518507127
2016-09-14,-1.2981100927906943
2016-09-15,-1.2893799643228758
2016-09-16,-1.2808091664472578
2016-09-17,-1.2723976991638402
2016-09-18,-1.2641455624726226
2016-09-19,-1.2560527563736057
2016-09-20,-1.248119280866789
2016-09-21,-1.2403451359521724
2016-09-22,-1.2327303216297565
2016-09-23,-1.2252748378995404
2016-09-24,-1.217978684761525
2016-09-25,-1.2108418622157098
2016-09-26,-1.203864370262095
2016-09-27,-1.1970462089006806
2016-09-28,-1.1903873781314667
2016-09-29,-1.1838878779544528
2016-09-30,-1.177547708369639
2016-10-01,-1.1713668693770258
2016-10-02,-1.165345360976613
2016-10-03,-1.1594831831684005
2016-10-04,-1.153780335952388
2016-10-05,-1.1482368193285761
2016-10-06,-1.1428526332969646
2016-10-07,-1.1376277778575532
2016-10-08,-1.1325622530103423
2016-10-09,-1.1276560587553317
2016-10-10,-1.1229091950925212
2016-10-11,-1.1183216620219112
2016-10-12,-1.1138934595435015
2016-10-13,-1.1096245876572923
2016-10-14,-1.1055150463632835
2016-10-15,-1.1015648356614745
2016-10-16,-1.097773955551866
2016-10-17,-1.094142406034458
2016-10-18,-1.0906701871092503
2016-10-19,-1.087357298776243
2016-10-20,-1.0842037410354357
2016-10-21,-1.081209513886829
2016-10-22,-1.0783746173304225
2016-10-23,-1.0756990513662164
2016-10-24,-1.0731828159942105
2016-10-25,-1.070825911214405
2016-10-26,-1.0686283370267997
2016-10-27,-1.0665900934313948
2016-10-28,-1.0647111804281901
2016-10-29,-1.062991598017186
2016-10-30,-1.0614313461983822
2016-10-31,-1.0600304249717785
2016-11-01,-1.0587888343373753
2016-11-02,-1.0577065742951723
2016-11-03,-1.0567836448451697
2016-11-04,-1.0560200459873674
2016-11-05,-1.0554157777217654
2016-11-06,-1.054970840048364
2016-11-07,-1.0546852329671625
2016-11-08,-1.0545589564781614
2016-11-09,-1.0545920105813607
2016-11-10,-1.0547843952767606
2016-11-11,-1.0551361105643604
2016-11-12,-1.0556471564441607
2016-11-13,-1.0563175329161614
2016-11-14,-1.057147239980362
2016-11-15,-1.0581362776367633
2016-11-16,-1.059284645885365
2016-11-17,-1.060592344726167
2016-11-18,-1.062059374159169
2016-11-19,-1.0636857341843715
2016-11-20,-1.0654714248017743
2016-11-21,-1.0674164460113775
2016-11-22,-1.0695207978131809
2016-11-23,-1.0717844802071848
2016-11-24,-1.074207493193389
2016-11-25,-1.0767898367717934
2016-11-26,-1.079531510942398
2016-11-27,-1.0824325157052033
2016-11-28,-1.0854928510602087
2016-11-29,-1.0887125170074143
2016-11-30,-1.0920915135468203
2016-12-01,-1.0956298406784266
2016-12-02,-1.0993274984022334
2016-12-03,-1.1031844867182405
2016-12-04,-1.107200805626448
2016-12-05,-1.1113764551268555
2016-12-06,-1.1157114352194633
2016-12-07,-1.1202057459042716
2016-12-08,-1.1248593871812802
2016-12-09,-1.1296723590504891
2016-12-10,-1.1346446615118984
2016-12-11,-1.1397762945655079
2016-12-12,-1.145067258211318
2016-12-13,-1.1505175524493283
2016-12-14,-1.1561271772795387
2016-12-15,-1.1618961327019497
2016-12-16,-1.1678244187165605
2016-12-17,-1.1739120353233723
2016-12-18,-1.1801589825223842
2016-12-19,-1.1865652603135963
2016-12-20,-1.1931308686970088
2016-12-21,-1.1998558076726213
2016-12-22,-1.2067400772404346
2016-12-23,-1.213783677400448
2016-12-24,-1.220986608152662
2016-12-25,-1.228348869497076
2016-12-26,-1.2358704614336902
2016-12-27,-1.243551383962505
2016-12-28,-1.25139163708352
2016-12-29,-1.2593912207967355
2016-12-30,-1.267550135102151
2016-12-31,-1.2758683799997672
2017-01-01,-1.2843459554895833
2017-01-02,-1.2929828615716001
2017-01-03,-1.301779098245817
2017-01-04,-1.3107346655122343
2017-01-05,-1.319849563370852
2017-01-06,-1.3291237918216698
2017-01-07,-1.3385573508646882
2017-01-08,-1.3481502404999068
2017-01-09,-1.3579024607273253
2017-01-10,-1.3678140115469446
2017-01-11,-1.3778848929587642
2017-01-12,-1.3881151049627842
2017-01-13,-1.3985046475590042
2017-01-14,-1.4090535207474248
2017-01-15,-1.4197617245280454
2017-01-16,-1.430629258900867
2017-01-17,-1.4416561238658883
2017-01-18,-1.45284231942311
2017-01-19,-1.464187845572532
2017-01-20,-1.4756927023141544
2017-01-21,-1.4873568896479772
2017-01-22,-1.4991804075740005
2017-01-23,-1.5111632560922237
2017-01-24,-1.5233054352026476
2017-01-25,-1.5356069449052714
2017-01-26,-1.5480677852000955
2017-01-27,-1.5606879560871207
2017-01-28,-1.5734674575663457
2017-01-29,-1.5864062896377706
2017-01-30,-1.5995044523013964
2017-01-31,-1.6127619455572222
2017-02-01,-1.6261787694052485
2017-02-02,-1.6397549238454752
2017-02-03,-1.653490408877902
2017-02-04,-1.6673852245025291
2017-02-05,-1.681439370719357
2017-02-06,-1.6956528475283847
2017-02-07,-1.7100256549296131
2017-02-08,-1.7245577929230416
2017-02-09,-1.7392492615086699
2017-02-10,-1.7541000606864992
2017-02-11,-1.7691101904565292
2017-02-12,-1.7842796508187586
2017-02-13,-1.799608441773189
2017-02-14,-1.8150965633198193
2017-02-15,-1.8307060706285314
2017-02-16,-1.846209294718614
2017-02-17,-1.8615682907599482
2017-02-18,-1.8767830587525345
2017-02-19,-1.8918535986963718
2017-02-20,-1.9067799105914611
2017-02-21,-1.9215619944378028
2017-02-22,-1.9361998502353956
2017-02-23,-1.95069347798424
2017-02-24,-1.9650428776843363
2017-02-25,-1.9792480493356848
2017-02-26,-1.9933089929382846
2017-02-27,-2.0072257084921357
2017-02-28,-2.0209981959972394
2017-03-01,-2.034626455453594
2017-03-02,-2.048110486861201
2017-03-03,-2.0614502902200593
2017-03-04,-2.07464586553017
2017-03-05,-2.0876972127915323
2017-03-06,-2.100604332004146
2017-03-07,-2.113367223168011
2017-03-08,-2.1259858862831282
2017-03-09,-2.1384603213494975
2017-03-10,-2.150790528367118
2017-03-11,-2.1629765073359906
2017-03-12,-2.1750182582561144
2017-03-13,-2.1869157811274906
2017-03-14,-2.1986690759501175
2017-03-15,-2.210278142723997
2017-03-16,-2.2217429814491285
2017-03-17,-2.233063592125511
2017-03-18,-2.244239974753145
2017-03-19,-2.255272129332032
2017-03-20,-2.26616005586217
2017-03-21,-2.2769037543435595
2017-03-22,-2.287503224776201
2017-03-23,-2.297958467160094
2017-03-24,-2.3082694814952394
2017-03-25,-2.3184362677816366
2017-03-26,-2.3284588260192844
2017-03-27,-2.3383371562081847
2017-03-28,-2.348071258348336
2017-03-29,-2.3576611324397403
2017-03-30,-2.367106778482396
2017-03-31,-2.3764081964763024
2017-04-01,-2.3855653864214608
2017-04-02,-2.394578348317872
2017-04-03,-2.4034470821655347
2017-04-04,-2.4121715879644485
2017-04-05,-2.4207518657146134
2017-04-06,-2.4291879154160316
2017-04-07,-2.4374797370687005
2017-04-08,-2.4456273306726217
2017-04-09,-2.4536306962277945
2017-04-10,-2.4614898337342184
2017-04-11,-2.469204743191895
2017-04-12,-2.476775424600823
2017-04-13,-2.4842018779610027
2017-04-14,-2.491484103272434
2017-04-15,-2.498622100535117
2017-04-16,-2.5056158697490516
2017-04-17,-2.5124654109142384
2017-04-18,-2.5191707240306767
2017-04-19,-2.5257318090983665
2017-04-20,-2.5321486661173083
2017-04-21,-2.5384212950875016
2017-04-22,-2.544549696008947
2017-04-23,-2.550533868881644
2017-04-24,-2.556373813705593
2017-04-25,-2.5620695304807932
2017-04-26,-2.5676210192072455
2017-04-27,-2.5730282798849498
2017-04-28,-2.5782913125139055
2017-04-29,-2.5834101170941124
2017-04-30,-2.5883846936255717
2017-05-01,-2.593215042108282
2017-05-02,-2.597901162542245
2017-05-03,-2.60244305492746
2017-05-04,-2.606840719263926
2017-05-05,-2.611094155551643
2017-05-06,-2.615203363790613
2017-05-07,-2.6191683439808338
2017-05-08,-2.622989096122307
2017-05-09,-2.6266656202150322
2017-05-10,-2.630197916259008
2017-05-11,-2.633585984254237
2017-05-12,-2.636829824200716
2017-05-13,-2.639929436098448
2017-05-14,-2.6428848199474317
2017-05-15,-2.645695975747666
2017-05-16,-2.6483629034991534
2017-05-17,-2.650885603201892
2017-05-18,-2.6532640748558824
2017-05-19,-2.655498318461125
2017-05-20,-2.657588334017618
2017-05-21,-2.659534121525364
2017-05-22,-2.661335680984361
2017-05-23,-2.66299301239461
2017-05-24,-2.6645061157561116
2017-05-25,-2.665874991068864
2017-05-26,-2.667099638332868
2017-05-27,-2.6681800575481236
2017-05-28,-2.6691162487146314
2017-05-29,-2.6699082118323907
2017-05-30,-2.670555946901402
2017-05-31,-2.671059453921665
2017-06-01,-2.671418732893179
2017-06-02,-2.6716337838159454
2017-06-03,-2.671704606689964
2017-06-04,-2.6716312015152344
2017-06-05,-2.6714135682917552
2017-06-06,-2.6710517070195285
2017-06-07,-2.670545617698554
2017-06-08,-2.669895300328831
2017-06-09,-2.669100754910359
2017-06-10,-2.668161981443139
2017-06-11,-2.667078979927171
2017-06-12,-2.665851750362455
2017-06-13,-2.6644802927489906
2017-06-14,-2.662964607086778
2017-06-15,-2.6613046933758167
2017-06-16,-2.659500551616107
2017-06-17,-2.6575521818076493
2017-06-18,-2.6554595839504436
2017-06-19,-2.65322275804449
2017-06-20,-2.6508417040897867
2017-06-21,-2.648316422086336
2017-06-22,-2.6456469120341373
2017-06-23,-2.6428331739331905
2017-06-24,-2.639875207783495
2017-06-25,-2.6367730135850507
2017-06-26,-2.633526591337859
2017-06-27,-2.630135941041919
2017-06-28,-2.62660106269723
2017-06-29,-2.6229219563037933
2017-06-30,-2.619098621861608
2017-07-01,-2.615131059370675
2017-07-02,-2.6110192688309932
2017-07-03,-2.6067632502425635
2017-07-04,-2.6023630036053853
2017-07-05,-2.5978185289194595
2017-07-06,-2.5931298261847844
2017-07-07,-2.588296895401361
2017-07-08,-2.5833197365691896
2017-07-09,-2.5781983496882708
2017-07-10,-2.572932734758603
2017-07-11,-2.567522891780187
2017-07-12,-2.5619688207530227
2017-07-13,-2.5562705216771104
2017-07-14,-2.5504279945524497
2017-07-15,-2.54444123937904
2017-07-16,-2.5383102561568824
2017-07-17,-2.532035044885977
2017-07-18,-2.525615605566324
2017-07-19,-2.5190519381979213
2017-07-20,-2.5123440427807715
2017-07-21,-2.5054919193148724
2017-07-22,-2.4984955678002256
2017-07-23,-2.4913549882368304
2017-07-24,-2.4840701806246868
2017-07-25,-2.4766411449637955
2017-07-26,-2.469067881254155
2017-07-27,-2.461350389495767
2017-07-28,-2.453488669688631
2017-07-29,-2.4454827218327457
2017-07-30,-2.4373325459281125
2017-07-31,-2.4290381419747313
2017-08-01,-2.4205995099726016
2017-08-02,-2.412016649921724
2017-08-03,-2.4032895618220977
2017-08-04,-2.3944182456737235
2017-08-05,-2.3854027014766013
2017-08-06,-2.37624292923073
2017-08-07,-2.366938928936111
2017-08-08,-2.3574907005927432
2017-08-09,-2.3478982442006275
2017-08-10,-2.3381615597597643
2017-08-11,-2.3282806472701516
2017-08-12,-2.318255506731791
2017-08-13,-2.308086138144682
2017-08-14,-2.297772541508825
2017-08-15,-2.28731471682422
2017-08-16,-2.2767126640908666
2017-08-17,-2.2661243958892383
2017-08-18,-2.2557079247998093
2017-08-19,-2.2454632508225796
2017-08-20,-2.2353903739575496
2017-08-21,-2.2254892942047184
2017-08-22,-2.215760011564087
2017-08-23,-2.206202526035655
2017-08-24,-2.196816837619421
2017-08-25,-2.187602946315387
2017-08-26,-2.178560852123553
2017-08-27,-2.1696905550439167
2017-08-28,-2.160992055076481
2017-08-29,-2.152465352221243
2017-08-30,-2.1441104464782064
2017-08-31,-2.135927337847367
2017-09-01,-2.1279160263287284
2017-09-02,-2.1200765119222886
2017-09-03,-2.1124087946280476
2017-09-04,-2.1049128744460064
2017-09-05,-2.097588751376164
2017-09-06,-2.090436425418521
2017-09-07,-2.0834558965730774
2017-09-08,-2.0766471648398324
2017-09-09,-2.070010230218788
2017-09-10,-2.063545092709942
2017-09-11,-2.0572517523132947
2017-09-12,-2.0511302090288472
2017-09-13,-2.045180462856599
2017-09-14,-2.03940251379655
2017-09-15,-2.0337963618487005
2017-09-16,-2.02836200701305
2017-09-17,-2.023099449289599
2017-09-18,-2.0180086886783473
2017-09-19,-2.0130897251792947
2017-09-20,-2.0083425587924415
2017-09-21,-2.003767189517787
2017-09-22,-1.9993636173553324
2017-09-23,-1.9951318423050766
2017-09-24,-1.99107186436702
2017-09-25,-1.9871836835411631
2017-09-26,-1.9834672998275051
2017-09-27,-1.9799227132260464
2017-09-28,-1.9765499237367872
2017-09-29,-1.9733489313597272
2017-09-30,-1.9703197360948663
2017-10-01,-1.9674623379422047
2017-10-02,-1.9647767369017428
2017-10-03,-1.9622629329734795
2017-10-04,-1.9599209261574155
2017-10-05,-1.957750716453551
2017-10-06,-1.9557523038618858
2017-10-07,-1.9539256883824194
2017-10-08,-1.9522708700151525
2017-10-09,-1.9507878487600852
2017-10-10,-1.9494766246172168
2017-10-11,-1.948337197586548
2017-10-12,-1.947369567668078
2017-10-13,-1.9465737348618073
2017-10-14,-1.9459496991677363
2017-10-15,-1.9454974605858644
2017-10-16,-1.9452170191161917
2017-10-17,-1.945108374758718
2017-10-18,-1.9451715275134438
2017-10-19,-1.945406477380369
2017-10-20,-1.9458132243594928
2017-10-21,-1.946391768450816
2017-10-22,-1.947142109654339
2017-10-23,-1.9480642479700612
2017-10-24,-1.9491581833979823
2017-10-25,-1.9504239159381027
2017-10-26,-1.9518614455904226
2017-10-27,-1.9534707723549416
2017-10-28,-1.95525189623166
2017-10-29,-1.9572048172205776
2017-10-30,-1.9593295353216944
2017-10-31,-1.9616260505350105
2017-11-01,-1.9640943628605259
2017-11-02,-1.9667344722982403
2017-11-03,-1.969546378848154
2017-11-04,-1.9725300825102674
2017-11-05,-1.9756855832845794
2017-11-06,-1.979012881171091
2017-11-07,-1.9825119761698016
2017-11-08,-1.9861828682807119
2017-11-09,-1.9900255575038213
2017-11-10,-1.9940400438391301
2017-11-11,-1.998226327286638
2017-11-12,-2.002584407846345
2017-11-13,-2.0071142855182513
2017-11-14,-2.011815960302357
2017-11-15,-2.0166894321986617
2017-11-16,-2.021734701207166
2017-11-17,-2.026951767327869
2017-11-18,-2.032340630560772
2017-11-19,-2.037901290905874
2017-11-20,-2.043633748363175
2017-11-21,-2.0495380029326746
2017-11-22,-2.0556140546143746
2017-11-23,-2.061861903408274
2017-11-24,-2.0682815493143725
2017-11-25,-2.0748729923326694
2017-11-26,-2.081636232463166
2017-11-27,-2.088571269705862
2017-11-28,-2.0956781040607573
2017-11-29,-2.102956735527852
2017-11-30,-2.1104071641071456
2017-12-01,-2.1180293897986386
2017-12-02,-2.1258234126023305
2017-12-03,-2.133789232518222
2017-12-04,-2.1419268495463126
2017-12-05,-2.1502362636866024
2017-12-06,-2.1587174749390923
2017-12-07,-2.16737048330378
2017-12-08,-2.1761952887806677
2017-12-09,-2.1851918913697554
2017-12-10,-2.194360291071041
2017-12-11,-2.203700487884527
2017-12-12,-2.2132124818102117
2017-12-13,-2.2228962728480957
2017-12-14,-2.232751860998179
2017-12-15,-2.242779246260461
2017-12-16,-2.2529784286349432
2017-12-17,-2.263349408121624
2017-12-18,-2.2738921847205043
2017-12-19,-2.2846067584315843
2017-12-20,-2.2954931292548624
2017-12-21,-2.3065512971903406
2017-12-22,-2.317781262238018
2017-12-23,-2.3291830243978944
2017-12-24,-2.3407565836699704
2017-12-25,-2.3525019400542453
2017-12-26,-2.3644190935507194
2017-12-27,-2.3765080441593933
2017-12-28,-2.388768791880266
2017-12-29,-2.4012013367133385
2017-12-30,-2.4138056786586093
2017-12-31,-2.42658181771608
2018-01-01,-2.4393264786743347
2018-01-02,-2.451836386321958
2018-01-03,-2.46411154065895
2018-01-04,-2.476151941685311
2018-01-05,-2.48795758940104
2018-01-06,-2.499528483806138
2018-01-07,-2.5108646249006052
2018-01-08,-2.521966012684441
2018-01-09,-2.5328326471576452
2018-01-10,-2.5434645283202184
2018-01-11,-2.5538616561721605
2018-01-12,-2.5640240307134703
2018-01-13,-2.5739516519441494
2018-01-14,-2.5836445198641975
2018-01-15,-2.5931026344736146
2018-01-16,-2.6023259957724
2018-01-17,-2.6113146037605546
2018-01-18,-2.620068458438077
2018-01-19,-2.628587559804968
2018-01-20,-2.636871907861229
2018-01-21,-2.644921502606858
2018-01-22,-2.6527363440418554
2018-01-23,-2.6603164321662223
2018-01-24,-2.6676617669799576
2018-01-25,-2.674772348483062
2018-01-26,-2.681648176675534
2018-01-27,-2.6882892515573755
2018-01-28,-2.6946955731285853
2018-01-29,-2.700867141389164
2018-01-30,-2.7068039563391117
2018-01-31,-2.7125060179784275
2018-02-01,-2.717973326307113
2018-02-02,-2.7232058813251667
2018-02-03,-2.7282036830325893
2018-02-04,-2.7329667314293804
2018-02-05,-2.73749502651554
2018-02-06,-2.7417885682910685
2018-02-07,-2.7458473567559665
2018-02-08,-2.749671391910232
2018-02-09,-2.753260673753867
2018-02-10,-2.7566152022868704
2018-02-11,-2.759734977509243
2018-02-12,-2.7626199994209837
2018-02-13,-2.765270268022093
2018-02-14,-2.7676857833125714
2018-02-15,-2.769866545292419
2018-02-16,-2.7718125539616345
2018-02-17,-2.7735238093202192
2018-02-18,-2.775000311368172
2018-02-19,-2.7762420601054942
2018-02-20,-2.777249055532185
2018-02-21,-2.778021297648245
2018-02-22,-2.778558786453673
2018-02-23,-2.7788615219484694
2018-02-24,-2.778929504132635
2018-02-25,-2.77876273300617
2018-02-26,-2.778361208569072
2018-02-27,-2.7777249308213445
2018-02-28,-2.776853899762985
2018-03-01,-2.7757481153939945
2018-03-02,-2.7744075777143724
2018-03-03,-2.772832286724119
2018-03-04,-2.7710222424232342
2018-03-05,-2.768977444811719
2018-03-06,-2.766697893889571
2018-03-07,-2.7641835896567923
2018-03-08,-2.761434532113383
2018-03-09,-2.7584507212593423
2018-03-10,-2.75523215709467
2018-03-11,-2.7517788396193663
2018-03-12,-2.7480907688334315
2018-03-13,-2.744167944736865
2018-03-14,-2.740010367329668
2018-03-15,-2.735618036611839
2018-03-16,-2.730990952583379
2018-03-17,-2.726129115244288
2018-03-18,-2.7210325245945657
2018-03-19,-2.715701180634212
2018-03-20,-2.7101350833632267
2018-03-21,-2.704334232781611
2018-03-22,-2.698298628889363
2018-03-23,-2.6920282716864845
2018-03-24,-2.6855231611729744
2018-03-25,-2.678783297348833
2018-03-26,-2.6718086802140597
2018-03-27,-2.664599309768657
2018-03-28,-2.6571551860126204
2018-03-29,-2.6494763089459537
2018-03-30,-2.641562678568657
2018-03-31,-2.6334142948807275
2018-04-01,-2.6250311578821663
2018-04-02,-2.616413267572976
2018-04-03,-2.6075606239531526
2018-04-04,-2.598473227022699
2018-04-05,-2.589151076781613
2018-04-06,-2.5795941732298964
2018-04-07,-2.5698025163675475
2018-04-08,-2.559776106194569
2018-04-09,-2.5495149427109585
2018-04-10,-2.5390190259167165
2018-04-11,-2.528288355811843
2018-04-12,-2.517322932396339
2018-04-13,-2.5061227556702033
2018-04-14,-2.494687825633436
2018-04-15,-2.483018142286038
2018-04-16,-2.4711137056280084
2018-04-17,-2.4589745156593477
2018-04-18,-2.446600572380056
2018-04-19,-2.4339918757901327
2018-04-20,-2.421148425889578
2018-04-21,-2.408070222678392
2018-04-22,-2.3947572661565744
2018-04-23,-2.3812095563241265
2018-04-24,-2.3674270931810466
2018-04-25,-2.353409876727336
2018-04-26,-2.3391579069629933
2018-04-27,-2.32467118388802
2018-04-28,-2.309949707502415
2018-04-29,-2.294993477806179
2018-04-30,-2.279802494799312
2018-05-01,-2.264376758481813
2018-05-02,-2.248716268853683
2018-05-03,-2.2328210259149217
2018-05-04,-2.2166910296655296
2018-05-05,-2.2003262801055055
2018-05-06,-2.18372677723485
2018-05-07,-2.166892521053564
2018-05-08,-2.1498235115616464
2018-05-09,-2.1325197487590977
2018-05-10,-2.1149812326459174
2018-05-11,-2.0972079632221057
2018-05-12,-2.079199940487663
2018-05-13,-2.0609571644425895
2018-05-14,-2.042479635086884
2018-05-15,-2.0237673524205473
2018-05-16,-2.00482031644358
2018-05-17,-1.9857256397521377
2018-05-18,-1.9670059979231609
2018-05-19,-1.9487485035528067
2018-05-20,-1.9309531566410747
2018-05-21,-1.9136199571879655
2018-05-22,-1.8967489051934783
2018-05-23,-1.8803400006576139
2018-05-24,-1.864393243580372
2018-05-25,-1.8489086339617522
2018-05-26,-1.833886171801755
2018-05-27,-1.81932585710038
2018-05-28,-1.8052276898576276
2018-05-29,-1.7915916700734977
2018-05-30,-1.7784177977479905
2018-05-31,-1.765706072881105
2018-06-01,-1.7534564954728424
2018-06-02,-1.741669065523202
2018-06-03,-1.7303437830321844
2018-06-04,-1.719480647999789
2018-06-05,-1.7090796604260161
2018-06-06,-1.6991408203108653
2018-06-07,-1.6896641276543374
2018-06-08,-1.6806495824564314
2018-06-09,-1.6720971847171482
2018-06-10,-1.6640069344364876
2018-06-11,-1.6563788316144492
2018-06-12,-1.649212876251033
2018-06-13,-1.6425090683462396
2018-06-14,-1.6362674079000685
2018-06-15,-1.6304878949125197
2018-06-16,-1.6251705293835936
2018-06-17,-1.6203153113132898
2018-06-18,-1.6159222407016078
2018-06-19,-1.6119913175485492
2018-06-20,-1.6085225418541125
2018-06-21,-1.6055159136182986
2018-06-22,-1.6029714328411067
2018-06-23,-1.6008890995225378
2018-06-24,-1.5992689136625906
2018-06-25,-1.5981108752612663
2018-06-26,-1.597414984318564
2018-06-27,-1.5971812408344848
2018-06-28,-1.5974096448090274
2018-06-29,-1.5981001962421928
2018-06-30,-1.5992528951339806
2018-07-01,-1.6008677414843908
2018-07-02,-1.602944735293423
2018-07-03,-1.6054838765610782
2018-07-04,-1.6084851652873553
2018-07-05,-1.6119486014722555
2018-07-06,-1.6158741851157776
2018-07-07,-1.6202619162179226
2018-07-08,-1.6251117947786895
2018-07-09,-1.6304238207980792
2018-07-10,-1.6361979942760911
2018-07-11,-1.6424343152127254
2018-07-12,-1.649132783607982
2018-07-13,-1.6562933994618614
2018-07-14,-1.6639161627743633
2018-07-15,-1.6720010735454875
2018-07-16,-1.6805481317752342
2018-07-17,-1.689557337463603
2018-07-18,-1.6990286906105942
2018-07-19,-1.7089621912162083
2018-07-20,-1.7193578392804447
2018-07-21,-1.7302156348033029
2018-07-22,-1.7415355777847843
2018-07-23,-1.7533176682248877
2018-07-24,-1.7655619061236139
2018-07-25,-1.7782682914809622
2018-07-26,-1.791436824296933
2018-07-27,-1.8050675045715259
2018-07-28,-1.8191603323047418
2018-07-29,-1.8337153074965802
2018-07-30,-1.8487324301470407
2018-07-31,-1.8642117002561231
2018-08-01,-1.8801531178238284
2018-08-02,-1.8965566828501563
2018-08-03,-1.9134223953351066
2018-08-04,-1.9307502552786793
2018-08-05,-1.9485402626808745
2018-08-06,-1.9667924175416922
2018-08-07,-1.985506719861132
2018-08-08,-2.0046831696391947
2018-08-09,-2.0243217668758793
2018-08-10,-2.0444225115711863
2018-08-11,-2.064985403725116
2018-08-12,-2.0860104433376683
2018-08-13,-2.1074976304088424
2018-08-14,-2.12944696493864
2018-08-15,-2.151858446927059
2018-08-16,-2.174732076374101
2018-08-17,-2.1976037752889783
2018-08-18,-2.2200094656809064
2018-08-19,-2.2419491475498847
2018-08-20,-2.263422820895913
2018-08-21,-2.2844304857189908
2018-08-22,-2.304972142019118
2018-08-23,-2.3250477897962964
2018-08-24,-2.344657429050524
2018-08-25,-2.3638010597818027
2018-08-26,-2.382478681990131
2018-08-27,-2.400690295675508
2018-08-28,-2.4184359008379364
2018-08-29,-2.435715497477414
2018-08-30,-2.4525290855939423
2018-08-31,-2.4688766651875205
2018-09-01,-2.4847582362581484
2018-09-02,-2.500173798805826
2018-09-03,-2.515123352830554
2018-09-04,-2.529606898332332
2018-09-05,-2.5436244353111603
2018-09-06,-2.557175963767038
2018-09-07,-2.5702614836999658
2018-09-08,-2.5828809951099436
2018-09-09,-2.5950344979969717
2018-09-10,-2.6067219923610496
2018-09-11,-2.6179434782021773
2018-09-12,-2.6286989555203553
2018-09-13,-2.638988424315583
2018-09-14,-2.648811884587861
2018-09-15,-2.658169336337189
2018-09-16,-2.667060779563567
2018-09-17,-2.675486214266995
2018-09-18,-2.683445640447473
2018-09-19,-2.690939058105
2018-09-20,-2.6979664672395782
2018-09-21,-2.7045278678512066
2018-09-22,-2.710623259939884
2018-09-23,-2.716252643505612
2018-09-24,-2.721416018548389
2018-09-25,-2.7261133850682175
2018-09-26,-2.7303447430650953
2018-09-27,-2.734110092539023
2018-09-28,-2.737409433490001
2018-09-29,-2.7402427659180293
2018-09-30,-2.7426100898231063
2018-10-01,-2.7445114052052344
2018-10-02,-2.7459467120644128
2018-10-03,-2.74691601040064
2018-10-04,-2.7474193002139184
2018-10-05,-2.7474565815042453
2018-10-06,-2.7470278542716233
2018-10-07,-2.7461331185160516
2018-10-08,-2.7447723742375287
2018-10-09,-2.742945621436057
2018-10-10,-2.7406528601116347
2018-10-11,-2.7378940902642626
2018-10-12,-2.7346693118939407
2018-10-13,-2.730978525000668
2018-10-14,-2.726821729584446
2018-10-15,-2.7221989256452734
2018-10-16,-2.717110113183151
2018-10-17,-2.711555292198079
2018-10-18,-2.705534462690057
2018-10-19,-2.699047624659084
2018-10-20,-2.692094778105162
2018-10-21,-2.68467592302829
2018-10-22,-2.676791059428468
2018-10-23,-2.6684401873056958
2018-10-24,-2.6596233066599733
2018-10-25,-2.650340417491301
2018-10-26,-2.6405915197996785
2018-10-27,-2.630376613585106
2018-10-28,-2.6196956988475844
2018-10-29,-2.6085487755871117
2018-10-30,-2.5969358438036894
2018-10-31,-2.5848569034973172
2018-11-01,-2.5723119546679944
2018-11-02,-2.559300997315723
2018-11-03,-2.5458240314405
2018-11-04,-2.531881057042328
2018-11-05,-2.5174720741212053
2018-11-06,-2.5025970826771333
2018-11-07,-2.4872560827101107
2018-11-08,-2.4714490742201387
2018-11-09,-2.4551760572072157
2018-11-10,-2.4384370316713437
2018-11-11,-2.4212319976125216
2018-11-12,-2.403560955030749
2018-11-13,-2.3854239039260268
2018-11-14,-2.3668208442983545
2018-11-15,-2.347751776147732
2018-11-16,-2.3282166994741593
2018-11-17,-2.308538703339766
2018-11-18,-2.2890408768066797
2018-11-19,-2.2697232198749013
2018-11-20,-2.25058573254443
2018-11-21,-2.231628414815266
2018-11-22,-2.2128512666874105
2018-11-23,-2.1942542881608613
2018-11-24,-2.1758374792356205
2018-11-25,-2.1576008399116873
2018-11-26,-2.139544370189061
2018-11-27,-2.1216680700677424
2018-11-28,-2.103971939547731
2018-11-29,-2.0864559786290275
2018-11-30,-2.069120187311632
2018-12-01,-2.0519645655955436
2018-12-02,-2.0349891134807625
2018-12-03,-2.018193830967289
2018-12-04,-2.001578718055123
2018-12-05,-1.9851437747442644
2018-12-06,-1.9688890010347133
2018-12-07,-1.9528143969264704
2018-12-08,-1.9369199624195341
2018-12-09,-1.9212056975139056
2018-12-10,-1.905671602209585
2018-12-11,-1.890317676506571
2018-12-12,-1.8751439204048652
2018-12-13,-1.8601503339044672
2018-12-14,-1.845336917005376
2018-12-15,-1.8307036697075927
2018-12-16,-1.8162505920111163
2018-12-17,-1.8019776839159483
2018-12-18,-1.7878849454220878
2018-12-19,-1.773972376529534
2018-12-20,-1.7602399772382884
2018-12-21,-1.7466877475483502
2018-12-22,-1.733315687459719
2018-12-23,-1.7201237969723957
2018-12-24,-1.70711207608638
2018-12-25,-1.6942805248016715
2018-12-26,-1.681629143118271
2018-12-27,-1.6691579310361777
2018-12-28,-1.6568668885553917
2018-12-29,-1.6447560156759138
2018-12-30,-1.6328253123977428
2018-12-31,-1.6210747787208795
2019-01-01,-1.6095044146453237
2019-01-02,-1.5981142201710758
2019-01-03,-1.5869041952981346
2019-01-04,-1.5758743400265014
2019-01-05,-1.5650246543561759
2019-01-06,-1.5543551382871574
2019-01-07,-1.543865791819447
2019-01-08,-1.5335566149530437
2019-01-09,-1.523427607687948
2019-01-10,-1.5134787700241596
2019-01-11,-1.503710101961679
2019-01-12,-1.494121603500506
2019-01-13,-1.48471327464064
2019-01-14,-1.475485115382082
2019-01-15,-1.4664371257248314
2019-01-16,-1.4575693056688883
2019-01-17,-1.448881655214253
2019-01-18,-1.4403741743609246
2019-01-19,-1.432046863108904
2019-01-20,-1.423899721458191
2019-01-21,-1.4159327494087857
2019-01-22,-1.4081459469606874
2019-01-23,-1.4005393141138964
2019-01-24,-1.3931128508684134
2019-01-25,-1.3858665572242381
2019-01-26,-1.37880043318137
2019-01-27,-1.3719144787398094
2019-01-28,-1.3652086938995565
2019-01-29,-1.3586830786606108
2019-01-30,-1.3523376330229728
2019-01-31,-1.3461723569866422
2019-02-01,-1.3401872505516192
2019-02-02,-1.3343823137179038
2019-02-03,-1.3287575464854962
2019-02-04,-1.3233129488543955
2019-02-05,-1.3180485208246022
2019-02-06,-1.312964262396117
2019-02-07,-1.3080601735689392
2019-02-08,-1.3033362543430687
2019-02-09,-1.2987925047185058
2019-02-10,-1.2944289246952503
2019-02-11,-1.2902455142733025
2019-02-12,-1.2862422734526617
2019-02-13,-1.282419202233329
2019-02-14,-1.2787763006153037
2019-02-15,-1.2753135685985857
2019-02-16,-1.272024643640656
2019-02-17,-1.2689031631989949
2019-02-18,-1.265949127273602
2019-02-19,-1.2631625358644785
2019-02-20,-1.2605433889716233
2019-02-21,-1.2580916865950365
2019-02-22,-1.255807428734719
2019-02-23,-1.2536906153906697
2019-02-24,-1.2517412465628892
2019-02-25,-1.249959322251377
2019-02-26,-1.2483448424561339
2019-02-27,-1.2468978071771595
2019-02-28,-1.2456182164144534
2019-03-01,-1.2445060701680157
2019-03-02,-1.2435613684378473
2019-03-03,-1.2427841112239475
2019-03-04,-1.2421742985263162
2019-03-05,-1.2417319303449532
2019-03-06,-1.2414570066798594
2019-03-07,-1.241349527531034
2019-03-08,-1.2414094928984776
2019-03-09,-1.2416369027821892
2019-03-10,-1.2420317571821697
2019-03-11,-1.2425940560984192
2019-03-12,-1.243323799530937
2019-03-13,-1.2442209874797234
2019-03-14,-1.2452856199447788
2019-03-15,-1.2465176969261027
2019-03-16,-1.2479172184236955
2019-03-17,-1.2494841844375564
2019-03-18,-1.251218594967686
2019-03-19,-1.2531204500140847
2019-03-20,-1.255189749576752
2019-03-21,-1.2574264936556876
2019-03-22,-1.2598306822508922
2019-03-23,-1.2624023153623651
2019-03-24,-1.265141392990107
2019-03-25,-1.2680479151341173
2019-03-26,-1.2711218817943966
2019-03-27,-1.274363292970944
2019-03-28,-1.2777721486637608
2019-03-29,-1.2813484488728457
2019-03-30,-1.2850921935981994
2019-03-31,-1.2890033828398215
2019-04-01,-1.2930820165977126
2019-04-02,-1.2973280948718724
2019-04-03,-1.3017416176623007
2019-04-04,-1.3063225849689977
2019-04-05,-1.3110709967919632
2019-04-06,-1.3159868531311978
2019-04-07,-1.3210701539867005
2019-04-08,-1.3263208993584719
2019-04-09,-1.3317390892465122
2019-04-10,-1.337324723650821
2019-04-11,-1.3430778025713987
2019-04-12,-1.3489983260082448
2019-04-13,-1.3550862939613597
2019-04-14,-1.3613417064307431
2019-04-15,-1.3677645634163955
2019-04-16,-1.3743548649183162
2019-04-17,-1.3811126109365057
2019-04-18,-1.388037801470964
2019-04-19,-1.3951304365216908
2019-04-20,-1.4023905160886863
2019-04-21,-1.40981804017195
2019-04-22,-1.417413008771483
2019-04-23,-1.4251754218872843
2019-04-24,-1.4331052795193544
2019-04-25,-1.4412025816676928
2019-04-26,-1.4494673283323003
2019-04-27,-1.4578995195131763
2019-04-28,-1.4664991552103213
2019-04-29,-1.4752662354237347
2019-04-30,-1.4842007601534168
2019-05-01,-1.4933027293993673
2019-05-02,-1.5025721431615864
2019-05-03,-1.5120090014400747
2019-05-04,-1.5216133042348312
2019-05-05,-1.5313850515458562
2019-05-06,-1.54132424337315
2019-05-07,-1.551430879716713
2019-05-08,-1.561704960576544
2019-05-09,-1.572146485952644
2019-05-10,-1.5827554558450125
2019-05-11,-1.5935318702536496
2019-05-12,-1.6044757291785554
2019-05-13,-1.6155870326197301
2019-05-14,-1.6268657805771731
2019-05-15,-1.638311973050885
2019-05-16,-1.6499256100408652
2019-05-17,-1.6616619799972197
2019-05-18,-1.673252813620577
2019-05-19,-1.6846533993610429
2019-05-20,-1.6958637372186172
2019-05-21,-1.7068838271933
2019-05-22,-1.7177136692850912
2019-05-23,-1.7283532634939907
2019-05-24,-1.738802609819999
2019-05-25,-1.7490617082631148
2019-05-26,-1.7591305588233395
2019-05-27,-1.7690091615006724
2019-05-28,-1.778697516295114
2019-05-29,-1.7881956232066636
2019-05-30,-1.797503482235322
2019-05-31,-1.8066210933810884
2019-06-01,-1.8155484566439632
2019-06-02,-1.8242855720239468
2019-06-03,-1.8328324395210387
2019-06-04,-1.8411890591352391
2019-06-05,-1.8493554308665476
2019-06-06,-1.8573315547149643
2019-06-07,-1.8651174306804899
2019-06-08,-1.8727130587631233
2019-06-09,-1.8801184389628656
2019-06-10,-1.887333571279716
2019-06-11,-1.8943584557136754
2019-06-12,-1.9011930922647422
2019-06-13,-1.907837480932918
2019-06-14,-1.9142916217182022
2019-06-15,-1.9205555146205948
2019-06-16,-1.9266291596400957
2019-06-17,-1.932512556776705
2019-06-18,-1.9382057060304225
2019-06-19,-1.9437086074012488
2019-06-20,-1.9490212608891828
2019-06-21,-1.9541436664942262
2019-06-22,-1.959075824216377
2019-06-23,-1.9638177340556369
2019-06-24,-1.9683693960120046
2019-06-25,-1.9727308100854812
2019-06-26,-1.9769019762760662
2019-06-27,-1.9808828945837593
2019-06-28,-1.984673565008561
2019-06-29,-1.9882739875504707
2019-06-30,-1.9916841622094892
2019-07-01,-1.994904088985616
2019-07-02,-1.9979337678788511
2019-07-03,-2.0007731988891946
2019-07-04,-2.0034223820166464
2019-07-05,-2.0058813172612067
2019-07-06,-2.008150004622876
2019-07-07,-2.010228444101653
2019-07-08,-2.012116635697538
2019-07-09,-2.013814579410532
2019-07-10,-2.0153222752406346
2019-07-11,-2.0166397231878452
2019-07-12,-2.017766923252164
2019-07-13,-2.0187038754335918
2019-07-14,-2.019450579732127
2019-07-15,-2.0200070361477716
2019-07-16,-2.0203732446805245
2019-07-17,-2.0205492053303855
2019-07-18,-2.020534918097355
2019-07-19,-2.0203303829814327
2019-07-20,-2.0199355999826194
2019-07-21,-2.0193505691009133
2019-07-22,-2.0185752903363166
2019-07-23,-2.017609763688828
2019-07-24,-2.016453989158448
2019-07-25,-2.015107966745176
2019-07-26,-2.0135716964490125
2019-07-27,-2.0118451782699576
2019-07-28,-2.009928412208011
2019-07-29,-2.007821398263173
2019-07-30,-2.005524136435443
2019-07-31,-2.003036626724821
2019-08-01,-2.0003588691313077
2019-08-02,-1.9974908636549034
2019-08-03,-1.9944326102956071
2019-08-04,-1.9911841090534192
2019-08-05,-1.98774535992834
2019-08-06,-1.9841163629203686
2019-08-07,-1.980297118029506
2019-08-08,-1.9762876252557517
2019-08-09,-1.9720878845991057
2019-08-10,-1.9676978960595681
2019-08-11,-1.9631176596371387
2019-08-12,-1.9583471753318182
2019-08-13,-1.9533864431436054
2019-08-14,-1.9482354630725016
2019-08-15,-1.9428942351185061
2019-08-16,-1.9373627592816192
2019-08-17,-1.9316797925977922
2019-08-18,-1.9258840921029796
2019-08-19,-1.91997565779718
2019-08-20,-1.9139544896803935
2019-08-21,-1.9078205877526204
2019-08-22,-1.9015739520138608
2019-08-23,-1.8952145824641145
2019-08-24,-1.8887424791033811
2019-08-25,-1.882157641931662
2019-08-26,-1.8754600709489553
2019-08-27,-1.8686497661552621
2019-08-28,-1.8617267275505829
2019-08-29,-1.8546909551349162
2019-08-30,-1.8475424489082632
2019-08-31,-1.8402812088706233
2019-09-01,-1.8329072350219973
2019-09-02,-1.825420527362384
2019-09-03,-1.8178210858917843
2019-09-04,-1.8101089106101982
2019-09-05,-1.8022840015176247
2019-09-06,-1.7943463586140649
2019-09-07,-1.7862959818995185
2019-09-08,-1.7781328713739857
2019-09-09,-1.7698570270374658
2019-09-10,-1.7614684488899595
2019-09-11,-1.7529671369314663
2019-09-12,-1.7443530911619867
2019-09-13,-1.73562631158152
2019-09-14,-1.7267867981900666
2019-09-15,-1.7178345509876274
2019-09-16,-1.7087695699742007
2019-09-17,-1.6995918551497873
2019-09-18,-1.6903014065143878
2019-09-19,-1.680898224068001
2019-09-20,-1.6713823078106282
2019-09-21,-1.6617536577422682
2019-09-22,-1.6520122738629217
2019-09-23,-1.6421581561725886
2019-09-24,-1.6321913046712686
2019-09-25,-1.6221117193589623
2019-09-26,-1.611919400235669
2019-09-27,-1.601614347301389
2019-09-28,-1.5911965605561227
2019-09-29,-1.5806660399998698
2019-09-30,-1.5700227856326296
2019-10-01,-1.5592667974544032
2019-10-02,-1.5483980754651898
2019-10-03,-1.5374166196649903
2019-10-04,-1.5263224300538036
2019-10-05,-1.5151155066316302
2019-10-06,-1.5037958493984704
2019-10-07,-1.492363458354324
2019-10-08,-1.4808183334991907
2019-10-09,-1.469160474833071
2019-10-10,-1.4573898823559643
2019-10-11,-1.445506556067871
2019-10-12,-1.4335104959687914
2019-10-13,-1.4214017020587246
2019-10-14,-1.4091801743376715
2019-10-15,-1.3968459128056314
2019-10-16,-1.384398917462605
2019-10-17,-1.3718391883085916
2019-10-18,-1.3591667253435915
2019-10-19,-1.346381528567605
2019-10-20,-1.333483597980632
2019-10-21,-1.3204729335826721
2019-10-22,-1.3073495353737254
2019-10-23,-1.294113403353792
2019-10-24,-1.2807645375228722
2019-10-25,-1.2673029378809655
2019-10-26,-1.253728604428072
2019-10-27,-1.2400415371641922
2019-10-28,-1.2262417360893256
2019-10-29,-1.2123292012034723
2019-10-30,-1.1983039325066325
2019-10-31,-1.1841659299988059
2019-11-01,-1.1699151936799923
2019-11-02,-1.1555517235501926
2019-11-03,-1.1410755196094058
2019-11-04,-1.1264865818576326
2019-11-05,-1.1117849102948723
2019-11-06,-1.0969705049211256
2019-11-07,-1.0820433657363926
2019-11-08,-1.0670034927406724
2019-11-09,-1.0518508859339657
2019-11-10,-1.0365855453162724
2019-11-11,-1.0212074708875922
2019-11-12,-1.0057166626479257
2019-11-13,-0.9901131205972724
2019-11-14,-0.9743968447356324
2019-11-15,-0.9585678350630055
2019-11-16,-0.9426260915793923
2019-11-17,-0.9269300393830536
2019-11-18,-0.9118381035722509
2019-11-19,-0.8973502841469843
2019-11-20,-0.8834665811072537
2019-11-21,-0.8701869944530591
2019-11-22,-0.8575115241844007
2019-11-23,-0.8454401703012784
2019-11-24,-0.833972932803692
2019-11-25,-0.8231098116916417
2019-11-26,-0.8128508069651273
2019-11-27,-0.803195918624149
2019-11-28,-0.7941451466687068
2019-11-29,-0.7856984910988006
2019-11-30,-0.7778559519144304
2019-12-01,-0.7706175291155963
2019-12-02,-0.7639832227022982
2019-12-03,-0.7579530326745363
2019-12-04,-0.7525269590323105
2019-12-05,-0.7477050017756204
2019-12-06,-0.7434871609044665
2019-12-07,-0.7398734364188486
2019-12-08,-0.736863828318767
2019-12-09,-0.7344583366042211
2019-12-10,-0.7326569612752113
2019-12-11,-0.7314597023317377
2019-12-12,-0.7308665597738
2019-12-13,-0.7308775336013986
2019-12-14,-0.731492623814533
2019-12-15,-0.7327118304132033
2019-12-16,-0.7345351533974099
2019-12-17,-0.7369625927671526
2019-12-18,-0.7399941485224313
2019-12-19,-0.7436298206632458
2019-12-20,-0.7478696091895964
2019-12-21,-0.7527135141014831
2019-12-22,-0.758161535398906
2019-12-23,-0.7642136730818648
2019-12-24,-0.7708699271503597
2019-12-25,-0.7781302976043906
2019-12-26,-0.7859947844439577
2019-12-27,-0.7944633876690606
2019-12-28,-0.8035361072796996
2019-12-29,-0.8132129432758747
2019-12-30,-0.8234938956575859
2019-12-31,-0.834378964424833
2020-01-01,-0.8458681495776161
2020-01-02,-0.8579614511159355
2020-01-03,-0.8706588690397906
2020-01-04,-0.883960403349182
2020-01-05,-0.8978660540441095
2020-01-06,-0.9123758211245728
2020-01-07,-0.9274897045905722
2020-01-08,-0.9432077044421077
2020-01-09,-0.9595298206791794
2020-01-10,-0.9764560533017869
2020-01-11,-0.9939864023099304
2020-01-12,-1.0121208677036102
2020-01-13,-1.0308594494828258
2020-01-14,-1.0502021476475778
2020-01-15,-1.0701489621978655
2020-01-16,-1.0906998931336895
2020-01-17,-1.1118549404550493
2020-01-18,-1.1336141041619454
2020-01-19,-1.1559773842543772
2020-01-20,-1.178944780732345
2020-01-21,-1.202516293595849
2020-01-22,-1.2266919228448891
2020-01-23,-1.2514716684794656
2020-01-24,-1.2768555304995775
2020-01-25,-1.3028435089052257
2020-01-26,-1.3294356036964101
2020-01-27,-1.3566318148731302
2020-01-28,-1.3844321424353867
2020-01-29,-1.4128365863831789
2020-01-30,-1.4418451467165074
2020-01-31,-1.471457823435372
2020-02-01,-1.5016746165397725
2020-02-02,-1.532495526029709
2020-02-03,-1.5639205519051815
2020-02-04,-1.5959496941661904
2020-02-05,-1.628582952812735
2020-02-06,-1.6618203278448156
2020-02-07,-1.6956618192624326
2020-02-08,-1.7301074270655854
2020-02-09,-1.765157151254274
2020-02-10,-1.8008109918284991
2020-02-11,-1.8370689487882597
2020-02-12,-1.873931022133557
2020-02-13,-1.9113972118643896
2020-02-14,-1.949467517980759
2020-02-15,-1.988141940482664
2020-02-16,-2.0272477101950055
2020-02-17,-2.0657482120671915
2020-02-18,-2.1034706769241214
2020-02-19,-2.140415104765796
2020-02-20,-2.176581495592215
2020-02-21,-2.2119698494033773
2020-02-22,-2.246580166199285
2020-02-23,-2.2804124459799366
2020-02-24,-2.3134666887453332
2020-02-25,-2.345742894495474
2020-02-26,-2.3772410632303584
2020-02-27,-2.407961194949989
2020-02-28,-2.4379032896543626
2020-02-29,-2.4670673473434808
2020-03-01,-2.4954533680173427
2020-03-02,-2.5230613516759504
2020-03-03,-2.5498912983193014
2020-03-04,-2.5759432079473976
2020-03-05,-2.6012170805602377
2020-03-06,-2.6257129161578217
2020-03-07,-2.649430714740151
2020-03-08,-2.6723704763072247
2020-03-09,-2.694532200859042
2020-03-10,-2.7159158883956045
2020-03-11,-2.73652153891691
2020-03-12,-2.7563491524229615
2020-03-13,-2.7753987289137574
2020-03-14,-2.793670268389296
2020-03-15,-2.8111637708495807
2020-03-16,-2.827879236294609
2020-03-17,-2.8438166647243817
2020-03-18,-2.8589760561388995
2020-03-19,-2.8733574105381607
2020-03-20,-2.886960727922167
2020-03-21,-2.8997860082909175
2020-03-22,-2.9118332516444125
2020-03-23,-2.923102457982652
2020-03-24,-2.9335936273056356
2020-03-25,-2.9433067596133635
2020-03-26,-2.952241854905836
2020-03-27,-2.960398913183053
2020-03-28,-2.9677779344450137
2020-03-29,-2.9743789186917193
2020-03-30,-2.9802018659231697
2020-03-31,-2.9852467761393635
2020-04-01,-2.9895136493403025
2020-04-02,-2.9930024855259854
2020-04-03,-2.9957132846964134
2020-04-04,-2.997646046851585
2020-04-05,-2.9988007719915015
2020-04-06,-2.9991774601161625
2020-04-07,-2.9987761112255673
2020-04-08,-2.9975967253197164
2020-04-09,-2.9956393023986108
2020-04-10,-2.992903842462249
2020-04-11,-2.9893903455106314
2020-04-12,-2.9850988115437587
2020-04-13,-2.98002924056163
2020-04-14,-2.9741816325642456
2020-04-15,-2.9675559875516058
2020-04-16,-2.9601523055237102
2020-04-17,-2.95197058648056
2020-04-18,-2.943010830422153
2020-04-19,-2.9332730373484903
2020-04-20,-2.922757207259573
2020-04-21,-2.9114633401553998
2020-04-22,-2.89939143603597
2020-04-23,-2.8865414949012855
2020-04-24,-2.872913516751346
2020-04-25,-2.8585075015861503
2020-04-26,-2.8433234494056983
2020-04-27,-2.827361360209991
2020-04-28,-2.8106212339990284
2020-04-29,-2.7931030707728106
2020-04-30,-2.7748068705313362
2020-05-01,-2.755732633274607
2020-05-02,-2.7358803590026217
2020-05-03,-2.715250047715381
2020-05-04,-2.6938416994128853
2020-05-05,-2.6716553140951333
2020-05-06,-2.648690891762125
2020-05-07,-2.6249484324138623
2020-05-08,-2.6004279360503433
2020-05-09,-2.575129402671569
2020-05-10,-2.549052832277539
2020-05-11,-2.5221982248682533
2020-05-12,-2.4945655804437123
2020-05-13,-2.4661548990039157
2020-05-14,-2.436966180548863
2020-05-15,-2.406999425078555
2020-05-16,-2.376254632592991
2020-05-17,-2.3448767584446633
2020-05-18,-2.313735534748516
2020-05-19,-2.28297591685704
2020-05-20,-2.252597904770237
2020-05-21,-2.2226014984881046
2020-05-22,-2.192986698010645
2020-05-23,-2.163753503337857
2020-05-24,-2.134901914469741
2020-05-25,-2.106431931406297
2020-05-26,-2.078343554147524
2020-05-27,-2.0506367826934238
2020-05-28,-2.023311617043995
2020-05-29,-1.996368057199238
2020-05-30,-1.969806103159153
2020-05-31,-1.94362575492374
2020-06-01,-1.9178270124929988
2020-06-02,-1.8924098758669294
2020-06-03,-1.8673743450455318
2020-06-04,-1.8427204200288063
2020-06-05,-1.8184481008167521
2020-06-06,-1.7945573874093705
2020-06-07,-1.7710482798066605
2020-06-08,-1.7479207780086223
2020-06-09,-1.7251748820152564
2020-06-10,-1.7028105918265617
2020-06-11,-1.6808279074425392
2020-06-12,-1.6592268288631882
2020-06-13,-1.6380073560885098
2020-06-14,-1.617169489118503
2020-06-15,-1.5967132279531675
2020-06-16,-1.5766385725925045
2020-06-17,-1.556945523036513
2020-06-18,-1.5376340792851935
2020-06-19,-1.5187042413385454
2020-06-20,-1.50015600919657
2020-06-21,-1.481989382859266
2020-06-22,-1.4642043623266339
2020-06-23,-1.4468009475986738
2020-06-24,-1.4297791386753855
2020-06-25,-1.413138935556769
2020-06-26,-1.3968803382428245
2020-06-27,-1.3810033467335519
2020-06-28,-1.365507961028951
2020-06-29,-1.350394181129022
2020-06-30,-1.335662007033765
2020-07-01,-1.3213114387431797
2020-07-02,-1.3073424762572667
2020-07-03,-1.293755119576025
2020-07-04,-1.2805493686994553
2020-07-05,-1.2677252236275576
2020-07-06,-1.2552826843603317
2020-07-07,-1.2432217508977779
2020-07-08,-1.2315424232398955
2020-07-09,-1.2202447013866855
2020-07-10,-1.2093285853381472
2020-07-11,-1.1987940750942803
2020-07-12,-1.1886411706550857
2020-07-13,-1.178869872020563
2020-07-14,-1.1694801791907121
2020-07-15,-1.160472092165533
2020-07-16,-1.151845610945026
2020-07-17,-1.1436007355291904
2020-07-18,-1.1357374659180268
2020-07-19,-1.1282558021115352
2020-07-20,-1.1211557441097155
2020-07-21,-1.1144372919125676
2020-07-22,-1.1081004455200916
2020-07-23,-1.1021452049322875
2020-07-24,-1.0965715701491554
2020-07-25,-1.0913795411706948
2020-07-26,-1.0865691179969064
2020-07-27,-1.0821403006277897
2020-07-28,-1.0780930890633451
2020-07-29,-1.074427483303572
2020-07-30,-1.071143483348471
2020-07-31,-1.0682410891980416
2020-08-01,-1.0657203008522844
2020-08-02,-1.0635811183111987
2020-08-03,-1.0618235415747852
2020-08-04,-1.0604475706430436
2020-08-05,-1.0594532055159738
2020-08-06,-1.0588404461935756
2020-08-07,-1.0586092926758497
2020-08-08,-1.0587597449627955
2020-08-09,-1.059291803054413
2020-08-10,-1.0602054669507024
2020-08-11,-1.0615007366516638
2020-08-12,-1.0631776121572971
2020-08-13,-1.065236093467602
2020-08-14,-1.0676761805825792
2020-08-15,-1.070497873502228
2020-08-16,-1.0737011722265486
2020-08-17,-1.0771801659188234
2020-08-18,-1.0808289437423355
2020-08-19,-1.0846475056970846
2020-08-20,-1.0886358517830705
2020-08-21,-1.092793982000293
2020-08-22,-1.0971218963487528
2020-08-23,-1.1016195948284497
2020-08-24,-1.1062870774393831
2020-08-25,-1.1111243441815537
2020-08-26,-1.1161313950549612
2020-08-27,-1.1213082300596056
2020-08-28,-1.1266548491954869
2020-08-29,-1.1321712524626049
2020-08-30,-1.1378574398609602
2020-08-31,-1.1437134113905525
2020-09-01,-1.1497391670513817
2020-09-02,-1.1559347068434476
2020-09-03,-1.1623000307667504
2020-09-04,-1.1688351388212903
2020-09-05,-1.175540031007067
2020-09-06,-1.1824147073240807
2020-09-07,-1.1894591677723314
2020-09-08,-1.196673412351819
2020-09-09,-1.2040574410625433
2020-09-10,-1.2116112539045047
2020-09-11,-1.2193348508777033
2020-09-12,-1.2272282319821384
2020-09-13,-1.2352913972178106
2020-09-14,-1.2435243465847199
2020-09-15,-1.251927080082866
2020-09-16,-1.2604995977122488
2020-09-17,-1.269241899472869
2020-09-18,-1.278153985364726
2020-09-19,-1.2872358553878196
2020-09-20,-1.2964875095421502
2020-09-21,-1.305908947827718
2020-09-22,-1.3155001702445226
2020-09-23,-1.3252611767925642
2020-09-24,-1.3351919674718422
2020-09-25,-1.3452925422823578
2020-09-26,-1.3555629012241102
2020-09-27,-1.3660030442970994
2020-09-28,-1.3766129715013258
2020-09-29,-1.3873926828367888
2020-09-30,-1.3983421783034886
2020-10-01,-1.4094614579014255
2020-10-02,-1.4207505216305998
2020-10-03,-1.4322093694910105
2020-10-04,-1.4438380014826584
2020-10-05,-1.455636417605543
2020-10-06,-1.4676046178596645
2020-10-07,-1.479742602245023
2020-10-08,-1.4920503707616186
2020-10-09,-1.504527923409451
2020-10-10,-1.5171752601885204
2020-10-11,-1.5299923810988267
2020-10-12,-1.54297928614037
2020-10-13,-1.55613597531315
2020-10-14,-1.569462448617167
2020-10-15,-1.582958706052421
2020-10-16,-1.596624747618912
2020-10-17,-1.61046057331664
2020-10-18,-1.6244661831456049
2020-10-19,-1.6386415771058065
2020-10-20,-1.652986755197245
2020-10-21,-1.667501717419921
2020-10-22,-1.6821864637738333
2020-10-23,-1.6970409942589828
2020-10-24,-1.7120653088753692
2020-10-25,-1.7272594076229923
2020-10-26,-1.7426232905018528
2020-10-27,-1.7581569575119498
2020-10-28,-1.773860408653284
2020-10-29,-1.7897336439258549
2020-10-30,-1.805776663329663
2020-10-31,-1.8219894668647079
2020-11-01,-1.8383720545309896
2020-11-02,-1.8549244263285085
2020-11-03,-1.871646582257264
2020-11-04,-1.8885385223172568
2020-11-05,-1.9056002465084863
2020-11-06,-1.9228317548309528
2020-11-07,-1.9402330472846563
2020-11-08,-1.9578041238695967
2020-11-09,-1.975544984585774
2020-11-10,-1.9934556294331882
2020-11-11,-2.0115360584118394
2020-11-12,-2.0297862715217274
2020-11-13,-2.0482062687628524
2020-11-14,-2.0667960501352143
2020-11-15,-2.0855556156388135
2020-11-16,-2.104484965273649
2020-11-17,-2.1234016223997614
2020-11-18,-2.142123110377189
2020-11-19,-2.160649429205933
2020-11-20,-2.178980578885993
2020-11-21,-2.1971165594173683
2020-11-22,-2.2150573708000607
2020-11-23,-2.2328030130340677
2020-11-24,-2.2503534861193906
2020-11-25,-2.26770879005603
2020-11-26,-2.2848689248439853
2020-11-27,-2.3018338904832563
2020-11-28,-2.318603686973843
2020-11-29,-2.3351783143157454
2020-11-30,-2.3515577725089645
2020-12-01,-2.3677420615534994
2020-12-02,-2.3837311814493494
2020-12-03,-2.3995251321965156
2020-12-04,-2.4151239137949982
2020-12-05,-2.4305275262447954
2020-12-06,-2.4457359695459093
2020-12-07,-2.460749243698339
2020-12-08,-2.4755673487020844
2020-12-09,-2.4901902845571464
2020-12-10,-2.504618051263524
2020-12-11,-2.518850648821217
2020-12-12,-2.532888077230226
2020-12-13,-2.546730336490551
2020-12-14,-2.560377426602192
2020-12-15,-2.5738293475651486
2020-12-16,-2.587086099379421
2020-12-17,-2.60014768204501
2020-12-18,-2.6130140955619146
2020-12-19,-2.625685339930134
2020-12-20,-2.6381614151496704
2020-12-21,-2.6504423212205235
2020-12-22,-2.6625280581426907
2020-12-23,-2.674418625916174
2020-12-24,-2.686114024540974
2020-12-25,-2.697614254017089
2020-12-26,-2.7089193143445214
2020-12-27,-2.7200292055232684
2020-12-28,-2.730943927553331
2020-12-29,-2.7416634804347106
2020-12-30,-2.7521878641674054
2020-12-31,-2.762517078751416
2021-01-01,-2.7726511241867424
2021-01-02,-2.7825900004733852
2021-01-03,-2.7923337076113435
2021-01-04,-2.8018822456006176
2021-01-05,-2.8112356144412085
2021-01-06,-2.820393814133114
2021-01-07,-2.829356844676336
2021-01-08,-2.838124706070874
2021-01-09,-2.846697398316728
2021-01-10,-2.8550749214138964
2021-01-11,-2.8632572753623826
2021-01-12,-2.8712444601621843
2021-01-13,-2.879036475813301
2021-01-14,-2.886633322315734
2021-01-15,-2.894034999669483
2021-01-16,-2.9012415078745475
2021-01-17,-2.9082528469309286
2021-01-18,-2.9150690168386255
2021-01-19,-2.921690017597638
2021-01-20,-2.928115849207966
2021-01-21,-2.9343465116696104
2021-01-22,-2.9403820049825704
2021-01-23,-2.9462223291468463
2021-01-24,-2.951867484162438
2021-01-25,-2.957317470029346
2021-01-26,-2.9625722867475694
2021-01-27,-2.967631934317109
2021-01-28,-2.9724964127379643
2021-01-29,-2.9771657220101355
2021-01-30,-2.981639862133622
2021-01-31,-2.9859188331084257
2021-02-01,-2.9900026349345445
2021-02-02,-2.993891267611979
2021-02-03,-2.99758473114073
2021-02-04,-3.0010830255207965
2021-02-05,-3.004386150752178
2021-02-06,-3.007494106834877
2021-02-07,-3.0104068937688915
2021-02-08,-3.0131245115542207
2021-02-09,-3.0156469601908666
2021-02-10,-3.0179742396788285
2021-02-11,-3.0201063500181062
2021-02-12,-3.0220432912086994
2021-02-13,-3.0237850632506085
2021-02-14,-3.0253316661438343
2021-02-15,-3.026683099888375
2021-02-16,-3.0278584946513156
2021-02-17,-3.0288769805997395
2021-02-18,-3.0297385577336464
2021-02-19,-3.030443226053036
2021-02-20,-3.030990985557909
2021-02-21,-3.0313818362482645
2021-02-22,-3.0316157781241038
2021-02-23,-3.031692811185426
2021-02-24,-3.0316129354322308
2021-02-25,-3.0313761508645185
2021-02-26,-3.03098245748229
2021-02-27,-3.0304318552855443
2021-02-28,-3.029724344274282
2021-03-01,-3.028859924448502
2021-03-02,-3.027838595808205
2021-03-03,-3.026660358353392
2021-03-04,-3.0253252120840624
2021-03-05,-3.023833157000214
2021-03-06,-3.02218419310185
2021-03-07,-3.0203783203889683
2021-03-08,-3.0184155388615705
2021-03-09,-3.0162958485196554
2021-03-10,-3.014019249363223
2021-03-11,-3.011585741392274
2021-03-12,-3.008995324606808
2021-03-13,-3.0062479990068245
2021-03-14,-3.003343764592325
2021-03-15,-3.0002826213633083
2021-03-16,-2.997064569319775
2021-03-17,-2.9936896084617235
2021-03-18,-2.9901577387891556
2021-03-19,-2.986468960302071
2021-03-20,-2.9826232730004696
2021-03-21,-2.978620676884351
2021-03-22,-2.9744611719537164
2021-03-23,-2.970144758208563
2021-03-24,-2.9656714356488942
2021-03-25,-2.961041204274708
2021-03-26,-2.956254064086005
2021-03-27,-2.9513100150827842
2021-03-28,-2.9462090572650483
2021-03-29,-2.9409511906327936
2021-03-30,-2.935536415186023
2021-03-31,-2.9299647309247345
2021-04-01,-2.92423613784893
2021-04-02,-2.918350635958608
2021-04-03,-2.9123082252537693
2021-04-04,-2.906108905734414
2021-04-05,-2.8997526774005413
2021-04-06,-2.893239540252152
2021-04-07,-2.8865694942892453
2021-04-08,-2.8797425395118217
2021-04-09,-2.872758675919881
2021-04-10,-2.8656179035134235
2021-04-11,-2.8583202222924498
2021-04-12,-2.850865632256958
2021-04-13,-2.8432541334069508
2021-04-14,-2.8354857257424255
2021-04-15,-2.8275604092633833
2021-04-16,-2.8194781839698244
2021-04-17,-2.811239049861748
2021-04-18,-2.802843006939156
2021-04-19,-2.7942900552020458
2021-04-20,-2.7855801946504193
2021-04-21,-2.7767134252842753
2021-04-22,-2.767689747103615
2021-04-23,-2.7585091601084373
2021-04-24,-2.7491716642987427
2021-04-25,-2.739677259674531
2021-04-26,-2.730025946235803
2021-04-27,-2.720217723982558
2021-04-28,-2.710252592914795
2021-04-29,-2.700130553032516
2021-04-30,-2.6898516043357206
2021-05-01,-2.6794157468244073
2021-05-02,-2.668822980498577
2021-05-03,-2.65807330535823
2021-05-04,-2.6471667214033667
2021-05-05,-2.6361032286339854
2021-05-06,-2.6248828270500875
2021-05-07,-2.613505516651673
2021-05-08,-2.6019712974387414
2021-05-09,-2.590280169411293
2021-05-10,-2.5784321325693274
2021-05-11,-2.5664271869128443
2021-05-12,-2.5542653324418447
2021-05-13,-2.5419465691563286
2021-05-14,-2.5294708970562954
2021-05-15,-2.516838316141745
2021-05-16,-2.504048826412678
2021-05-17,-2.491143192106693
2021-05-18,-2.4783659986493807
2021-05-19,-2.465758010278341
2021-05-20,-2.453319226993573
2021-05-21,-2.4410496487950772
2021-05-22,-2.428949275682854
2021-05-23,-2.417018107656903
2021-05-24,-2.405256144717224
2021-05-25,-2.393663386863817
2021-05-26,-2.382239834096682
2021-05-27,-2.3709854864158197
2021-05-28,-2.35990034382123
2021-05-29,-2.348984406312911
2021-05-30,-2.3382376738908652
2021-05-31,-2.3276601465550915
2021-06-01,-2.3172518243055897
2021-06-02,-2.30701270714236
2021-06-03,-2.2969427950654024
2021-06-04,-2.287042088074717
2021-06-05,-2.2773105861703042
2021-06-06,-2.267748289352163
2021-06-07,-2.2583551976202942
2021-06-08,-2.2491313109746978
2021-06-09,-2.240076629415373
2021-06-10,-2.231191152942321
2021-06-11,-2.222474881555541
2021-06-12,-2.2139278152550323
2021-06-13,-2.2055499540407966
2021-06-14,-2.1973412979128333
2021-06-15,-2.1893018468711416
2021-06-16,-2.181431600915722
2021-06-17,-2.1737305600465753
2021-06-18,-2.1661987242636997
2021-06-19,-2.1588360935670967
2021-06-20,-2.151642667956766
2021-06-21,-2.1446184474327077
2021-06-22,-2.137763431994921
2021-06-23,-2.131077621643407
2021-06-24,-2.1245610163781645
2021-06-25,-2.1182136161991947
2021-06-26,-2.112035421106497
2021-06-27,-2.1060264311000716
2021-06-28,-2.100186646179918
2021-06-29,-2.0945160663460363
2021-06-30,-2.0890146915984276
2021-07-01,-2.0836825219370905
2021-07-02,-2.078519557362026
2021-07-03,-2.073525797873233
2021-07-04,-2.0687012434707124
2021-07-05,-2.064045894154464
2021-07-06,-2.059559749924488
2021-07-07,-2.055242810780784
2021-07-08,-2.051095076723352
2021-07-09,-2.047116547752192
2021-07-10,-2.0433072238673047
2021-07-11,-2.0396671050686894
2021-07-12,-2.0361961913563453
2021-07-13,-2.032894482730274
2021-07-14,-2.0297619791904755
2021-07-15,-2.026798680736949
2021-07-16,-2.024004587369695
2021-07-17,-2.021379699088712
2021-07-18,-2.018924015894002
2021-07-19,-2.016637537785564
2021-07-20,-2.0145202647633975
2021-07-21,-2.0125721968275037
2021-07-22,-2.0107933339778823
2021-07-23,-2.0091836762145325
2021-07-24,-2.0077432235374553
2021-07-25,-2.00647197594665
2021-07-26,-2.0053699334421173
2021-07-27,-2.004437096023856
2021-07-28,-2.0036734636918676
2021-07-29,-2.003079036446151
2021-07-30,-2.002653814286707
2021-07-31,-2.0023977972135336
2021-08-01,-2.002310985226634
2021-08-02,-2.002393378326006
2021-08-03,-2.0026449765116503
2021-08-04,-2.003065779783567
2021-08-05,-2.0036557881417556
2021-08-06,-2.004415001586216
2021-08-07,-2.0053434201169487
2021-08-08,-2.006441043733954
2021-08-09,-2.0077078724372313
2021-08-10,-2.0091439062267806
2021-08-11,-2.010749145102602
2021-08-12,-2.012523589064696
2021-08-13,-2.0144672381130615
2021-08-14,-2.0165800922476995
2021-08-15,-2.0188621514686096
2021-08-16,-2.021313415775792
2021-08-17,-2.023844458622456
2021-08-18,-2.0263658534618125
2021-08-19,-2.0288776002938604
2021-08-20,-2.0313796991186006
2021-08-21,-2.033872149936032
2021-08-22,-2.0363549527461555
2021-08-23,-2.038828107548971
2021-08-24,-2.041291614344478
2021-08-25,-2.043745473132678
2021-08-26,-2.0461896839135685
2021-08-27,-2.048624246687152
2021-08-28,-2.051049161453427
2021-08-29,-2.053464428212393
2021-08-30,-2.0558700469640523
2021-08-31,-2.0582660177084025
2021-09-01,-2.0606523404454453
2021-09-02,-2.063029015175179
2021-09-03,-2.065396041897605
2021-09-04,-2.067753420612723
2021-09-05,-2.0701011513205323
2021-09-06,-2.072439234021034
2021-09-07,-2.074767668714228
2021-09-08,-2.077086455400113
2021-09-09,-2.07939559407869
2021-09-10,-2.0816950847499593
2021-09-11,-2.0839849274139204
2021-09-12,-2.086265122070573
2021-09-13,-2.0885356687199175
2021-09-14,-2.090796567361954
2021-09-15,-2.0930478179966827
2021-09-16,-2.095289420624103
2021-09-17,-2.0975213752442152
2021-09-18,-2.0997436818570194
2021-09-19,-2.101956340462515
2021-09-20,-2.104159351060703
2021-09-21,-2.1063527136515825
2021-09-22,-2.1085364282351535
2021-09-23,-2.1107104948114173
2021-09-24,-2.112874913380372
2021-09-25,-2.1150296839420193
2021-09-26,-2.117174806496358
2021-09-27,-2.119310281043389
2021-09-28,-2.121436107583112
2021-09-29,-2.1235522861155265
2021-09-30,-2.125658816640632
2021-10-01,-2.1277556991584308
2021-10-02,-2.129842933668921
2021-10-03,-2.1319205201721028
2021-10-04,-2.133988458667977
2021-10-05,-2.1360467491565425
2021-10-06,-2.1380953916378
2021-10-07,-2.1401343861117494
2021-10-08,-2.142163732578391
2021-10-09,-2.1441834310377237
2021-10-10,-2.1461934814897488
2021-10-11,-2.148193883934466
2021-10-12,-2.150184638371875
2021-10-13,-2.1521657448019753
2021-10-14,-2.154137203224768
2021-10-15,-2.1560990136402522
2021-10-16,-2.1580511760484287
2021-10-17,-2.1599936904492965
2021-10-18,-2.1619265568428565
2021-10-19,-2.1638497752291084
2021-10-20,-2.1657633456080516
2021-10-21,-2.1676672679796876
2021-10-22,-2.169561542344015
2021-10-23,-2.1714461687010345
2021-10-24,-2.1733211470507454
2021-10-25,-2.175186477393148
2021-10-26,-2.177042159728243
2021-10-27,-2.17888819405603
2021-10-28,-2.1807245803765087
2021-10-29,-2.182551318689679
2021-10-30,-2.1843684089955415
2021-10-31,-2.1861758512940956
2021-11-01,-2.187973645585342
2021-11-02,-2.1897617918692798
2021-11-03,-2.19154029014591
2021-11-04,-2.193309140415231
2021-11-05,-2.1950683426772444
2021-11-06,-2.1968178969319503
2021-11-07,-2.198557803179347
2021-11-08,-2.2002880614194367
2021-11-09,-2.2020086716522176
2021-11-10,-2.2037196338776903
2021-11-11,-2.2054209480958553
2021-11-12,-2.2071126143067117
2021-11-13,-2.20879463251026
2021-11-14,-2.2104670027065003
2021-11-15,-2.2121297248954326
2021-11-16,-2.2137827990770567
2021-11-17,-2.215340189575278
2021-11-18,-2.216715860714002
2021-11-19,-2.2179098124932293
2021-11-20,-2.2189220449129587
2021-11-21,-2.219752557973191
2021-11-22,-2.2204013516739263
2021-11-23,-2.220868426015164
2021-11-24,-2.221153780996904
2021-11-25,-2.221257416619148
2021-11-26,-2.221179332881894
2021-11-27,-2.220919529785143
2021-11-28,-2.2204780073288948
2021-11-29,-2.2198547655131495
2021-11-30,-2.219049804337907
2021-12-01,-2.2180631238031667
2021-12-02,-2.216894723908929
2021-12-03,-2.2155446046551948
2021-12-04,-2.214012766041963
2021-12-05,-2.212299208069234
2021-12-06,-2.210403930737008
2021-12-07,-2.2083269340452842
2021-12-08,-2.2060682179940634
2021-12-09,-2.2036277825833457
2021-12-10,-2.2010056278131307
2021-12-11,-2.1982017536834175
2021-12-12,-2.195216160194208
2021-12-13,-2.192048847345501
2021-12-14,-2.1886998151372965
2021-12-15,-2.185169063569595
2021-12-16,-2.1814565926423963
2021-12-17,-2.1775624023557008
2021-12-18,-2.1734864927095074
2021-12-19,-2.169228863703817
2021-12-20,-2.164789515338629
2021-12-21,-2.1601684476139447
2021-12-22,-2.155365660529762
2021-12-23,-2.150381154086083
2021-12-24,-2.1452149282829063
2021-12-25,-2.139866983120232
2021-12-26,-2.1343373185980616
2021-12-27,-2.128625934716393
2021-12-28,-2.1227328314752274
2021-12-29,-2.1166580088745643
2021-12-30,-2.1104014669144044
2021-12-31,-2.103963205594747
2022-01-01,-2.097343224915592
2022-01-02,-2.0905415248769406
2022-01-03,-2.083558105478791
2022-01-04,-2.0763929667211447
2022-01-05,-2.0690461086040015
2022-01-06,-2.0615175311273606
2022-01-07,-2.053807234291223
2022-01-08,-2.0459152180955873
2022-01-09,-2.0378414825404545
2022-01-10,-2.0295860276258244
2022-01-11,-2.021148853351698
2022-01-12,-2.0125299597180732
2022-01-13,-2.0037293467249517
2022-01-14,-1.994747014372333
2022-01-15,-1.9855829626602173
2022-01-16,-1.976237191588604
2022-01-17,-1.9667097011574934
2022-01-18,-1.9570004913668857
2022-01-19,-1.9471095622167807
2022-01-20,-1.9370369137071786
2022-01-21,-1.9267825458380792
2022-01-22,-1.9163464586094825
2022-01-23,-1.905728652021388
2022-01-24,-1.894929126073797
2022-01-25,-1.8839478807667087
2022-01-26,-1.8727849161001227
2022-01-27,-1.8614402320740402
2022-01-28,-1.8499138286884598
2022-01-29,-1.8382057059433823
2022-01-30,-1.8263158638388075
2022-01-31,-1.8142443023747357
2022-02-01,-1.8019910215511667
2022-02-02,-1.7895560213681
2022-02-03,-1.7769393018255368
2022-02-04,-1.764140862923476
2022-02-05,-1.7511607046619175
2022-02-06,-1.7379988270408624
2022-02-07,-1.7246552300603097
2022-02-08,-1.7111299137202596
2022-02-09,-1.6974228780207128
2022-02-10,-1.6835341229616683
2022-02-11,-1.669463648543127
2022-02-12,-1.6552114547650876
2022-02-13,-1.6407775416275516
2022-02-14,-1.6261619091305186
2022-02-15,-1.6113645572739876
2022-02-16,-1.596659436747188
2022-02-17,-1.582320498239347
2022-02-18,-1.5683477417504645
2022-02-19,-1.554741167280541
2022-02-20,-1.541500774829576
2022-02-21,-1.5286265643975698
2022-02-22,-1.5161185359845222
2022-02-23,-1.5039766895904334
2022-02-24,-1.4922010252153035
2022-02-25,-1.4807915428591323
2022-02-26,-1.4697482425219195
2022-02-27,-1.4590711242036654
2022-02-28,-1.4487601879043706
2022-03-01,-1.438815433624034
2022-03-02,-1.4292368613626563
2022-03-03,-1.4200244711202374
2022-03-04,-1.4111782628967773
2022-03-05,-1.4026982366922753
2022-03-06,-1.3945843925067327
2022-03-07,-1.3868367303401483
2022-03-08,-1.3794552501925232
2022-03-09,-1.3724399520638566
2022-03-10,-1.3657908359541486
2022-03-11,-1.3595079018633993
2022-03-12,-1.353591149791609
2022-03-13,-1.348040579738777
2022-03-14,-1.3428561917049042
2022-03-15,-1.3380379856899898
2022-03-16,-1.3335859616940342
2022-03-17,-1.329500119717037
2022-03-18,-1.325780459758999
2022-03-19,-1.3224269818199197
2022-03-20,-1.319439685899799
2022-03-21,-1.316818571998637
2022-03-22,-1.3145636401164338
2022-03-23,-1.312674890253189
2022-03-24,-1.3111523224089034
2022-03-25,-1.3099959365835763
2022-03-26,-1.3092057327772078
2022-03-27,-1.3087817109897981
2022-03-28,-1.3087238712213474
2022-03-29,-1.3090322134718548
2022-03-30,-1.3097067377413216
2022-03-31,-1.3107474440297466
2022-04-01,-1.3121543323371307
2022-04-02,-1.3139274026634735
2022-04-03,-1.3160666550087747
2022-04-04,-1.3185720893730348
2022-04-05,-1.3214437057562538
2022-04-06,-1.3246815041584314
2022-04-07,-1.3282854845795675
2022-04-08,-1.3322556470196625
2022-04-09,-1.3365919914787163
2022-04-10,-1.3412945179567286
2022-04-11,-1.3463632264537
2022-04-12,-1.3517981169696296
2022-04-13,-1.3575991895045183
2022-04-14,-1.3637664440583657
2022-04-15,-1.370299880631172
2022-04-16,-1.3771994992229364
2022-04-17,-1.3844652998336602
2022-04-18,-1.3920972824633424
2022-04-19,-1.4000954471119833
2022-04-20,-1.408459793779583
2022-04-21,-1.417190322466141
2022-04-22,-1.4262870331716586
2022-04-23,-1.4357499258961344
2022-04-24,-1.4455790006395688
2022-04-25,-1.4557742574019619
2022-04-26,-1.466335696183314
2022-04-27,-1.477263316983625
2022-04-28,-1.4885571198028944
2022-04-29,-1.5002171046411226
2022-04-30,-1.5122432714983096
2022-05-01,-1.524635620374455
2022-05-02,-1.5373941512695595
2022-05-03,-1.5505188641836225
2022-05-04,-1.5640097591166444
2022-05-05,-1.5778668360686248
2022-05-06,-1.5920900950395638
2022-05-07,-1.606679536029462
2022-05-08,-1.621635159038319
2022-05-09,-1.6369569640661341
2022-05-10,-1.6526449511129084
2022-05-11,-1.668699120178641
2022-05-12,-1.6851194712633326
2022-05-13,-1.701906004366983
2022-05-14,-1.7190587194895919
2022-05-15,-1.7365776166311595
2022-05-16,-1.7544626957916862
2022-05-17,-1.772616026663985
2022-05-18,-1.790450027404935
2022-05-19,-1.80786676770735
2022-05-20,-1.8248662475712303
2022-05-21,-1.8414484669965758
2022-05-22,-1.8576134259833863
2022-05-23,-1.8733611245316617
2022-05-24,-1.8886915626414025
2022-05-25,-1.9036047403126077
2022-05-26,-1.9181006575452781
2022-05-27,-1.9321793143394141
2022-05-28,-1.9458407106950146
2022-05-29,-1.9590848466120803
2022-05-30,-1.9719117220906113
2022-05-31,-1.9843213371306068
2022-06-01,-1.9963136917320674
2022-06-02,-2.0078887858949934
2022-06-03,-2.019046619619384
2022-06-04,-2.0297871929052405
2022-06-05,-2.0401105057525615
2022-06-06,-2.050016558161347
2022-06-07,-2.0595053501315985
2022-06-08,-2.0685768816633145
2022-06-09,-2.0772311527564957
2022-06-10,-2.0854681634111416
2022-06-11,-2.0932879136272535
2022-06-12,-2.1006904034048293
2022-06-13,-2.1076756327438706
2022-06-14,-2.114243601644377
2022-06-15,-2.1203943101063487
2022-06-16,-2.1261277581297846
2022-06-17,-2.131443945714687
2022-06-18,-2.1363428728610527
2022-06-19,-2.1408245395688845
2022-06-20,-2.144888945838181
2022-06-21,-2.148536091668943
2022-06-22,-2.151765977061169
2022-06-23,-2.1545786020148614
2022-06-24,-2.1569739665300176
2022-06-25,-2.15895207060664
2022-06-26,-2.160512914244727
2022-06-27,-2.161656497444279
2022-06-28,-2.1623828202052957
2022-06-29,-2.1626918825277777
2022-06-30,-2.1625836844117243
2022-07-01,-2.1620582258571366
2022-07-02,-2.161115506864014
2022-07-03,-2.159755527432356
2022-07-04,-2.157978287562163
2022-07-05,-2.1557837872534353
2022-07-06,-2.153172026506173
2022-07-07,-2.150143005320375
2022-07-08,-2.146696723696042
2022-07-09,-2.1428331816331747
2022-07-10,-2.1385523791317724
2022-07-11,-2.133854316191835
2022-07-12,-2.1287389928133624
2022-07-13,-2.1232064089963547
2022-07-14,-2.1172565647408126
2022-07-15,-2.110889460046735
2022-07-16,-2.1041050949141233
2022-07-17,-2.096903469342976
2022-07-18,-2.089284583333294
2022-07-19,-2.0812484368850765
2022-07-20,-2.072795029998325
2022-07-21,-2.0639243626730375
2022-07-22,-2.054636434909215
2022-07-23,-2.0449312467068586
2022-07-24,-2.0348087980659666
2022-07-25,-2.02426908898654
2022-07-26,-2.0133121194685777
2022-07-27,-2.0019378895120807
2022-07-28,-1.9901463991170494
2022-07-29,-1.9779376482834823
2022-07-30,-1.9653116370113808
2022-07-31,-1.952268365300744
2022-08-01,-1.9388078331515723
2022-08-02,-1.9249300405638659
2022-08-03,-1.9106349875376245
2022-08-04,-1.8959226740728479
2022-08-05,-1.8807931001695364
2022-08-06,-1.86524626582769
2022-08-07,-1.8492821710473086
2022-08-08,-1.8329008158283926
2022-08-09,-1.8161022001709415
2022-08-10,-1.798886324074955
2022-08-11,-1.7812531875404336
2022-08-12,-1.763202790567378
2022-08-13,-1.7447351331557863
2022-08-14,-1.7258502153056603
2022-08-15,-1.7065480370169994
2022-08-16,-1.6868285982898037
2022-08-17,-1.6671086408631428
2022-08-18,-1.647804906476088
2022-08-19,-1.6289173951286389
2022-08-20,-1.6104461068207954
2022-08-21,-1.5923910415525573
2022-08-22,-1.574752199323925
2022-08-23,-1.5575295801348987
2022-08-24,-1.5407231839854778
2022-08-25,-1.524333010875663
2022-08-26,-1.5083590608054536
2022-08-27,-1.49280133377485
2022-08-28,-1.477659829783852
2022-08-29,-1.4629345488324592
2022-08-30,-1.448625490920673
2022-08-31,-1.4347326560484919
2022-09-01,-1.421256044215917
2022-09-02,-1.4081956554229471
2022-09-03,-1.395551489669583
2022-09-04,-1.3833235469558252
2022-09-05,-1.3715118272816726
2022-09-06,-1.3601163306471258
2022-09-07,-1.3491370570521846
2022-09-08,-1.3385740064968492
2022-09-09,-1.3284271789811193
2022-09-10,-1.3186965745049952
2022-09-11,-1.3093821930684768
2022-09-12,-1.3004840346715643
2022-09-13,-1.2920020993142574
2022-09-14,-1.2839363869965559
2022-09-15,-1.2762868977184605
2022-09-16,-1.2690536314799705
2022-09-17,-1.2622365882810862
2022-09-18,-1.2558357681218077
2022-09-19,-1.249851171002135
2022-09-20,-1.2442827969220676
2022-09-21,-1.239130645881606
2022-09-22,-1.2343947178807502
2022-09-23,-1.2300750129195002
2022-09-24,-1.2261715309978558
2022-09-25,-1.222684272115817
2022-09-26,-1.219613236273384
2022-09-27,-1.2169584234705566
2022-09-28,-1.214719833707335
2022-09-29,-1.2128974669837191
2022-09-30,-1.2114913232997087
2022-10-01,-1.210501402655304
2022-10-02,-1.2099277050505053
2022-10-03,-1.209770230485312
2022-10-04,-1.2100289789597245
2022-10-05,-1.2107039504737427
2022-10-06,-1.2117951450273663
2022-10-07,-1.213302562620596
2022-10-08,-1.2152262032534313
2022-10-09,-1.217566066925872
2022-10-10,-1.2203221536379187
2022-10-11,-1.2234944633895712
2022-10-12,-1.2270829961808292
2022-10-13,-1.2310877520116927
2022-10-14,-1.2355087308821622
2022-10-15,-1.2403459327922373
2022-10-16,-1.2455993577419178
2022-10-17,-1.2512690057312044
2022-10-18,-1.2573548767600964
2022-10-19,-1.263856970828594
2022-10-20,-1.2707752879366976
2022-10-21,-1.278109828084407
2022-10-22,-1.2858605912717218
2022-10-23,-1.2940275774986425
2022-10-24,-1.3026107867651686
2022-10-25,-1.3116102190713006
2022-10-26,-1.3210258744170382
2022-10-27,-1.3308577528023813
2022-10-28,-1.3411058542273304
2022-10-29,-1.351770178691885
2022-10-30,-1.3628507261960454
2022-10-31,-1.3743474967398117
2022-11-01,-1.3862604903231834
2022-11-02,-1.3985897069461608
2022-11-03,-1.411335146608744
2022-11-04,-1.424496809310933
2022-11-05,-1.4380746950527272
2022-11-06,-1.4520688038341276
2022-11-07,-1.4664791356551334
2022-11-08,-1.4813056905157451
2022-11-09,-1.4965484684159622
2022-11-10,-1.5122074693557854
2022-11-11,-1.528282693335214
2022-11-12,-1.544774140354248
2022-11-13,-1.561681810412888
2022-11-14,-1.579005703511134
2022-11-15,-1.5967458196489857
2022-11-16,-1.6149021588264423
2022-11-17,-1.6331033193077484
2022-11-18,-1.6509778993571467
2022-11-19,-1.6685258989746368
2022-11-20,-1.6857473181602196
2022-11-21,-1.702642156913894
2022-11-22,-1.7192104152356613
2022-11-23,-1.7354520931255202
2022-11-24,-1.7513671905834711
2022-11-25,-1.7669557076095146
2022-11-26,-1.7822176442036501
2022-11-27,-1.797153000365878
2022-11-28,-1.8117617760961977
2022-11-29,-1.82604397139461
2022-11-30,-1.839999586261114
2022-12-01,-1.8536286206957109
2022-12-02,-1.866931074698399
2022-12-03,-1.8799069482691801
2022-12-04,-1.892556241408053
2022-12-05,-1.904878954115018
2022-12-06,-1.9168750863900752
2022-12-07,-1.9285446382332248
2022-12-08,-1.939887609644466
2022-12-09,-1.9509040006238
2022-12-10,-1.9615938111712263
2022-12-11,-1.971957041286744
2022-12-12,-1.9819936909703542
2022-12-13,-1.9917037602220569
2022-12-14,-2.0010872490418516
2022-12-15,-2.010144157429738
2022-12-16,-2.0188744853857172
2022-12-17,-2.0272782329097883
2022-12-18,-2.035355400001952
2022-12-19,-2.043105986662207
2022-12-20,-2.0505299928905547
2022-12-21,-2.057627418686995
2022-12-22,-2.0643982640515266
2022-12-23,-2.070842528984151
2022-12-24,-2.0769602134848673
2022-12-25,-2.0827513175536754
2022-12-26,-2.0882158411905767
2022-12-27,-2.0933537843955694
2022-12-28,-2.098165147168654
2022-12-29,-2.1026499295098318
2022-12-30,-2.106808131419101
2022-12-31,-2.1106397528964624
2023-01-01,-2.114144793941916
2023-01-02,-2.117323254555462
2023-01-03,-2.1201751347371
2023-01-04,-2.1227004344868297
2023-01-05,-2.124899153804653
2023-01-06,-2.126771292690567
2023-01-07,-2.128316851144574
2023-01-08,-2.129535829166673
2023-01-09,-2.1304282267568637
2023-01-10,-2.130994043915147
2023-01-11,-2.1312332806415224
2023-01-12,-2.13114593693599
2023-01-13,-2.1307320127985494
2023-01-14,-2.1299915082292014
2023-01-15,-2.128924423227946
2023-01-16,-2.1275307577947817
2023-01-17,-2.1258105119297106
2023-01-18,-2.123763685632731
2023-01-19,-2.121390278903844
2023-01-20,-2.118690291743049
2023-01-21,-2.1156637241503464
2023-01-22,-2.1123105761257355
2023-01-23,-2.1086308476692164
2023-01-24,-2.10462453878079
2023-01-25,-2.100291649460456
2023-01-26,-2.095632179708214
2023-01-27,-2.090646129524064
2023-01-28,-2.085333498908007
2023-01-29,-2.079694287860041
2023-01-30,-2.073728496380167
2023-01-31,-2.067436124468386
2023-02-01,-2.0608171721246977
2023-02-02,-2.0538716393491003
2023-02-03,-2.046599526141596
2023-02-04,-2.039000832502184
2023-02-05,-2.031075558430863
2023-02-06,-2.022823703927635
2023-02-07,-2.0142452689924992
2023-02-08,-2.0053402536254548
2023-02-09,-1.9961086578265035
2023-02-10,-1.986550481595644
2023-02-11,-1.976665724932877
2023-02-12,-1.9664543878382015
2023-02-13,-1.9559164703116183
2023-02-14,-1.9450519723531277
2023-02-15,-1.9338608939627289
2023-02-16,-1.9226564197703464
2023-02-17,-1.9117517344059032
2023-02-18,-1.9011468378693994
2023-02-19,-1.8908417301608358
2023-02-20,-1.8808364112802118
2023-02-21,-1.871130881227527
2023-02-22,-1.861725140002782
2023-02-23,-1.8526191876059765
2023-02-24,-1.843813024037111
2023-02-25,-1.8353066492961847
2023-02-26,-1.8271000633831984
2023-02-27,-1.8191932662981511
2023-02-28,-1.811586258041044
2023-03-01,-1.8042790386118763
2023-03-02,-1.7972716080106486
2023-03-03,-1.79056396623736
2023-03-04,-1.7841561132920112
2023-03-05,-1.7780480491746018
2023-03-06,-1.7722397738851325
2023-03-07,-1.7667312874236023
2023-03-08,-1.7615225897900122
2023-03-09,-1.7566136809843615
2023-03-10,-1.7520045610066504
2023-03-11,-1.747695229856879
2023-03-12,-1.7436856875350473
2023-03-13,-1.739975934041155
2023-03-14,-1.7365659693752022
2023-03-15,-1.7334557935371893
2023-03-16,-1.730645406527116
2023-03-17,-1.7281348083449821
2023-03-18,-1.725923998990788
2023-03-19,-1.7240129784645337
2023-03-20,-1.722401746766219
2023-03-21,-1.7210903038958432
2023-03-22,-1.7200786498534077
2023-03-23,-1.7193667846389118
2023-03-24,-1.7189547082523553
2023-03-25,-1.7188424206937387
2023-03-26,-1.7190299219630614
2023-03-27,-1.7195172120603237
2023-03-28,-1.7203042909855262
2023-03-29,-1.7213911587386677
2023-03-30,-1.722777815319749
2023-03-31,-1.7244642607287701
2023-04-01,-1.7264504949657304
2023-04-02,-1.7287365180306309
2023-04-03,-1.7313223299234703
2023-04-04,-1.7342079306442497
2023-04-05,-1.7373933201929688
2023-04-06,-1.740878498569628
2023-04-07,-1.744663465774226
2023-04-08,-1.7487482218067636
2023-04-09,-1.7531327666672412
2023-04-10,-1.7578171003556584
2023-04-11,-1.7628012228720151
2023-04-12,-1.7680851342163115
2023-04-13,-1.7736688343885474
2023-04-14,-1.7795523233887232
2023-04-15,-1.7857356012168384
2023-04-16,-1.7922186678728933
2023-04-17,-1.7990015233568877
2023-04-18,-1.8060841676688217
2023-04-19,-1.8134666008086957
2023-04-20,-1.8211488227765087
2023-04-21,-1.8291308335722616
2023-04-22,-1.8374126331959544
2023-04-23,-1.8459942216475866
2023-04-24,-1.8548755989271584
2023-04-25,-1.8640567650346698
2023-04-26,-1.873537719970121
2023-04-27,-1.8833184637335116
2023-04-28,-1.8933989963248419
2023-04-29,-1.9037793177441116
2023-04-30,-1.9144594279913218
2023-05-01,-1.9254393270664707
2023-05-02,-1.9367190149695592
2023-05-03,-1.948298491700588
2023-05-04,-1.9601777572595558
2023-05-05,-1.9723568116464634
2023-05-06,-1.9848356548613104
2023-05-07,-1.997614286904098
2023-05-08,-2.0106927077748242
2023-05-09,-2.02407091747349
2023-05-10,-2.037748916000096
2023-05-11,-2.0517267033546416
2023-05-12,-2.0660042795371263
2023-05-13,-2.080581644547551
2023-05-14,-2.0954587983859154
2023-05-15,-2.110635741052219
2023-05-16,-2.1261124725464624
2023-05-17,-2.141842774329077
2023-05-18,-2.15754933516265
2023-05-19,-2.1731859365076125
2023-05-20,-2.1887525783639656
2023-05-21,-2.204249260731708
2023-05-22,-2.2196759836108404
2023-05-23,-2.235032747001363
2023-05-24,-2.2503195509032747
2023-05-25,-2.2655363953165772
2023-05-26,-2.280683280241269
2023-05-27,-2.2957602056773507
2023-05-28,-2.310767171624822
2023-05-29,-2.325704178083684
2023-05-30,-2.3405712250539352
2023-05-31,-2.355368312535576
2023-06-01,-2.3700954405286074
2023-06-02,-2.384752609033028
2023-06-03,-2.3993398180488397
2023-06-04,-2.41385706757604
2023-06-05,-2.4283043576146306
2023-06-06,-2.442681688164611
2023-06-07,-2.456989059225981
2023-06-08,-2.4712264707987415
2023-06-09,-2.485393922882892
2023-06-10,-2.4994914154784316
2023-06-11,-2.5135189485853613
2023-06-12,-2.527476522203681
2023-06-13,-2.54136413633339
2023-06-14,-2.5551817909744896
2023-06-15,-2.568929486126979
2023-06-16,-2.582607221790858
2023-06-17,-2.5962149979661273
2023-06-18,-2.609752814652786
2023-06-19,-2.6232206718508344
2023-06-20,-2.6366185695602735
2023-06-21,-2.6499465077811015
2023-06-22,-2.66320448651332
2023-06-23,-2.676392505756928
2023-06-24,-2.6895105655119265
2023-06-25,-2.7025586657783145
2023-06-26,-2.7155368065560923
2023-06-27,-2.7284449878452595
2023-06-28,-2.7412832096458173
2023-06-29,-2.7540514719577645
2023-06-30,-2.7667497747811023
2023-07-01,-2.779378118115829
2023-07-02,-2.7919365019619464
2023-07-03,-2.804424926319453
2023-07-04,-2.8168433911883497
2023-07-05,-2.829191896568636
2023-07-06,-2.8414704424603126
2023-07-07,-2.853679028863379
2023-07-08,-2.865817655777835
2023-07-09,-2.8778863232036813
2023-07-10,-2.8898850311409174
2023-07-11,-2.9018137795895425
2023-07-12,-2.913672568549559
2023-07-13,-2.9254613980209645
2023-07-14,-2.9371802680037598
2023-07-15,-2.948829178497945
2023-07-16,-2.9604081295035205
2023-07-17,-2.971917121020485
2023-07-18,-2.9833561530488404
2023-07-19,-2.9947252255885846
2023-07-20,-3.00602433863972
2023-07-21,-3.017253492202244
2023-07-22,-3.0284126862761584
2023-07-23,-3.0395019208614626
2023-07-24,-3.050521195958157
2023-07-25,-3.0614705115662404
2023-07-26,-3.0723498676857144
2023-07-27,-3.083159264316578
2023-07-28,-3.0938987014588313
2023-07-29,-3.104568179112475
2023-07-30,-3.1151676972775086
2023-07-31,-3.1256972559539316
2023-08-01,-3.1361568551417447
2023-08-02,-3.1465464948409476
2023-08-03,-3.1568661750515403
2023-08-04,-3.1671158957735233
2023-08-05,-3.177295657006895
2023-08-06,-3.187405458751659
2023-08-07,-3.19744530100781
2023-08-08,-3.2074151837753524
2023-08-09,-3.217315107054284
2023-08-10,-3.2271450708446063
2023-08-11,-3.2369050751463178
2023-08-12,-3.24659511995942
2023-08-13,-3.256215205283911
2023-08-14,-3.265765331119792
2023-08-15,-3.2752454974670635
2023-08-16,-3.2846557043257247
2023-08-17,-3.2939959516957753
2023-08-18,-3.303266239577216
2023-08-19,-3.312466567970047
2023-08-20,-3.3215969368742675
2023-08-21,-3.330657346289878
2023-08-22,-3.3396477962168776
2023-08-23,-3.348568286655268
2023-08-24,-3.3574188176050477
2023-08-25,-3.366199389066218
2023-08-26,-3.374910001038778
2023-08-27,-3.3835506535227275
2023-08-28,-3.392121346518066
2023-08-29,-3.400622080024796
2023-08-30,-3.409052854042916
2023-08-31,-3.417413668572424
2023-09-01,-3.425704523613323
2023-09-02,-3.4339254191656123
2023-09-03,-3.4420763552292906
2023-09-04,-3.450157331804359
2023-09-05,-3.4581683488908177
2023-09-06,-3.466109406488666
2023-09-07,-3.473980504597904
2023-09-08,-3.481781643218532
2023-09-09,-3.4895128223505494
2023-09-10,-3.4971740419939574
2023-09-11,-3.5047653021487557
2023-09-12,-3.5122866028149424
2023-09-13,-3.51973794399252
2023-09-14,-3.5271193256814874
2023-09-15,-3.534430747881845
2023-09-16,-3.541672210593591
2023-09-17,-3.548843713816728
2023-09-18,-3.555945257551255
2023-09-19,-3.5629768417971714
2023-09-20,-3.5699384665544778
2023-09-21,-3.5768301318231743
2023-09-22,-3.5836518376032607
2023-09-23,-3.5904035838947364
2023-09-24,-3.5970853706976023
2023-09-25,-3.603697198011858
2023-09-26,-3.610239065837504
2023-09-27,-3.616710974174539
2023-09-28,-3.623112923022964
2023-09-29,-3.62944491238278
2023-09-30,-3.635706942253984
2023-10-01,-3.64189901263658
2023-10-02,-3.6480211235305653
2023-10-03,-3.65407327493594
2023-10-04,-3.660055466852704
2023-10-05,-3.665967699280859
2023-10-06,-3.6718099722204034
2023-10-07,-3.677582285671337
2023-10-08,-3.683284639633661
2023-10-09,-3.688917034107375
2023-10-10,-3.6944794690924785
2023-10-11,-3.6999719445889725
2023-10-12,-3.7053944605968563
2023-10-13,-3.710747017116129
2023-10-14,-3.716029614146793
2023-10-15,-3.721242251688845
2023-10-16,-3.726384929742289
2023-10-17,-3.731457648307121
2023-10-18,-3.736460407383344
2023-10-19,-3.741393206970957
2023-10-20,-3.7462560470699584
2023-10-21,-3.7510489276803516
2023-10-22,-3.7557718488021337
2023-10-23,-3.760424810435306
2023-10-24,-3.765007812579867
2023-10-25,-3.769520855235819
2023-10-26,-3.773963938403161
2023-10-27,-3.778337062081893
2023-10-28,-3.7826402262720142
2023-10-29,-3.7868734309735257
2023-10-30,-3.791036676186426
2023-10-31,-3.7951299619107166
2023-11-01,-3.7991532881463983
2023-11-02,-3.8031066548934693
2023-11-03,-3.80699006215193
2023-11-04,-3.8108035099217807
2023-11-05,-3.8145469982030207
2023-11-06,-3.818220526995651
2023-11-07,-3.8218240962996712
2023-11-08,-3.8253577061150805
2023-11-09,-3.828821356441881
2023-11-10,-3.8322150472800707
2023-11-11,-3.83553877862965
2023-11-12,-3.838792550490619
2023-11-13,-3.8419763628629786
2023-11-14,-3.845090215746728
2023-11-15,-3.8481341091418666
2023-11-16,-3.851108043048395
2023-11-17,-3.8540120174663146
2023-11-18,-3.856846032395623
2023-11-19,-3.8596100878363218
2023-11-20,-3.86230418378841
2023-11-21,-3.864928320251888
2023-11-22,-3.8674824972267556
2023-11-23,-3.869966714713013
2023-11-24,-3.8723809727106624
2023-11-25,-3.8747252712197
2023-11-26,-3.8769996102401265
2023-11-27,-3.879203989771945
2023-11-28,-3.881338409815152
2023-11-29,-3.883402870369749
2023-11-30,-3.885397371435736
2023-12-01,-3.887321913013113
2023-12-02,-3.8891764951018795
2023-12-03,-3.8909611177020365
2023-12-04,-3.8926757808135837
2023-12-05,-3.8943204844365193
2023-12-06,-3.8958952285708457
2023-12-07,-3.897400013216562
2023-12-08,-3.898834838373668
2023-12-09,-3.900199704042163
2023-12-10,-3.9014946102220494
2023-12-11,-3.9027195569133246
2023-12-12,-3.9038745441159897
2023-12-13,-3.904959571830046
2023-12-14,-3.905974640055491
2023-12-15,-3.906919748792326
2023-12-16,-3.9077948980405504
2023-12-17,-3.9086000878001657
2023-12-18,-3.9093353180711707
2023-12-19,-3.9100005888535643
2023-12-20,-3.9105959001473485
2023-12-21,-3.9111212519525234
2023-12-22,-3.911576644269088
2023-12-23,-3.9119620770970416
2023-12-24,-3.912277550436386
2023-12-25,-3.912523064287119
2023-12-26,-3.912698618649242
2023-12-27,-3.9128042135227563
2023-12-28,-3.9128398489076592
2023-12-29,-3.9128055248039524
2023-12-30,-3.9127012412116353
2023-12-31,-3.912526998130709
2024-01-01,-3.912282795561172
2024-01-02,-3.9119686335030246
2024-01-03,-3.9115845119562667
2024-01-04,-3.9111304309209
2024-01-05,-3.9106063903969215
2024-01-06,-3.910012390384333
2024-01-07,-3.909348430883136
2024-01-08,-3.9086145118933278
2024-01-09,-3.9078106334149094
2024-01-10,-3.9069367954478817
2024-01-11,-3.905992997992242
2024-01-12,-3.904979241047994
2024-01-13,-3.903895524615135
2024-01-14,-3.9027418486936654
2024-01-15,-3.9015182132835866
2024-01-16,-3.900224618384897
2024-01-17,-3.8988610639975994
2024-01-18,-3.897427550121689
2024-01-19,-3.8959240767571695
2024-01-20,-3.89435064390404
2024-01-21,-3.8927072515622996
2024-01-22,-3.8909938997319498
2024-01-23,-3.8892105884129897
2024-01-24,-3.88735731760542
2024-01-25,-3.885434087309239
2024-01-26,-3.8834408975244483
2024-01-27,-3.8813777482510483
2024-01-28,-3.8792446394890368
2024-01-29,-3.8770415712384168
2024-01-30,-3.874768543499186
2024-01-31,-3.8724255562713443
2024-02-01,-3.8700126095548923
2024-02-02,-3.867529703349832
2024-02-03,-3.86497683765616
2024-02-04,-3.8623540124738787
2024-02-05,-3.859661227802986
2024-02-06,-3.856898483643484
2024-02-07,-3.8540657799953726
2024-02-08,-3.8511631168586495
2024-02-09,-3.848190494233318
2024-02-10,-3.8451479121193755
2024-02-11,-3.8420353705168218
2024-02-12,-3.8388528694256596
2024-02-13,-3.8356004088458873
2024-02-14,-3.8322779887775043
2024-02-15,-3.82888560922051
2024-02-16,-3.8254384378369375
2024-02-17,-3.821951642288814
2024-02-18,-3.8184252225761406
2024-02-19,-3.8148591786989168
2024-02-20,-3.8112535106571435
2024-02-21,-3.8076082184508198
2024-02-22,-3.8039233020799457
2024-02-23,-3.800198761544521
2024-02-24,-3.7964345968445485
2024-02-25,-3.7926308079800237
2024-02-26,-3.78878739495095
2024-02-27,-3.784904357757325
2024-02-28,-3.7809816963991505
2024-02-29,-3.7770194108764272
2024-03-01,-3.7730175011891522
2024-03-02,-3.768975967337327
2024-03-03,-3.7648948093209524
2024-03-04,-3.7607740271400276
2024-03-05,-3.756613620794553
2024-03-06,-3.752413590284528
2024-03-07,-3.748173935609952
2024-03-08,-3.7438946567708267
2024-03-09,-3.739575753767152
2024-03-10,-3.7352172265989263
2024-03-11,-3.730819075266151
2024-03-12,-3.7263812997688257
2024-03-13,-3.721903900106949
2024-03-14,-3.7173868762805244
2024-03-15,-3.7128302282895476
2024-03-16,-3.708233956134022
2024-03-17,-3.703598059813946
2024-03-18,-3.69892253932932
2024-03-19,-3.6942073946801437
2024-03-20,-3.6894526258664166
2024-03-21,-3.6846582328881405
2024-03-22,-3.679824215745314
2024-03-23,-3.6749505744379376
2024-03-24,-3.670037308966011
2024-03-25,-3.665084419329534
2024-03-26,-3.6600919055285064
2024-03-27,-3.6550597675629297
2024-03-28,-3.6499880054328027
2024-03-29,-3.6448766191381257
2024-03-30,-3.6397256086788987
2024-03-31,-3.63453497405512
2024-04-01,-3.6293047152667937
2024-04-02,-3.6240348323139155
2024-04-03,-3.6187253251964884
2024-04-04,-3.6133761939145104
2024-04-05,-3.607987438467983
2024-04-06,-3.6025590588569045
2024-04-07,-3.597091055081277
2024-04-08,-3.5915834271410985
2024-04-09,-3.5860361750363703
2024-04-10,-3.5804492987670917
2024-04-11,-3.574822798333263
2024-04-12,-3.5691566737348848
2024-04-13,-3.563450924971956
2024-04-14,-3.557705552044477
2024-04-15,-3.5519205549524484
2024-04-16,-3.5460959336958697
2024-04-17,-3.540231688274741
2024-04-18,-3.534327818689062
2024-04-19,-3.528384324938832
2024-04-20,-3.5224012070240533
2024-04-21,-3.5163784649447236
2024-04-22,-3.510316098700845
2024-04-23,-3.5042141082924156
2024-04-24,-3.498072493719435
2024-04-25,-3.4918912549819057
2024-04-26,-3.4856703920798258
2024-04-27,-3.4794099050131955
2024-04-28,-3.4731097937820157
2024-04-29,-3.466770058386285
2024-04-30,-3.460390698826006
2024-05-01,-3.4539717151011753
2024-05-02,-3.4475131072117944
2024-05-03,-3.441014875157864
2024-05-04,-3.434477018939383
2024-05-05,-3.427899538556353
2024-05-06,-3.421282434008772
2024-05-07,-3.4146257052966407
2024-05-08,-3.40792935241996
2024-05-09,-3.401193375378729
2024-05-10,-3.3944177741729478
2024-05-11,-3.3876025488026165
2024-05-12,-3.380747699267735
2024-05-13,-3.373853225568304
2024-05-14,-3.3669191277043224
2024-05-15,-3.359945405675791
2024-05-16,-3.352932059482709
2024-05-17,-3.345879089125077
2024-05-18,-3.3387864946028953
2024-05-19,-3.331654275916163
2024-05-20,-3.3244824330648814
2024-05-21,-3.317270966049049
2024-05-22,-3.310019874868666
2024-05-23,-3.3027291595237345
2024-05-24,-3.2953988200142517
2024-05-25,-3.28802885634022
2024-05-26,-3.2806192685016367
2024-05-27,-3.273170056498504
2024-05-28,-3.2656812203308205
2024-05-29,-3.2581527599985876
2024-05-30,-3.250584675501805
2024-05-31,-3.2429769668404713
2024-06-01,-3.2353296340145885
2024-06-02,-3.2276426770241553
2024-06-03,-3.219916095869172
2024-06-04,-3.2121498905496377
2024-06-05,-3.2043440610655547
2024-06-06,-3.196498607416921
2024-06-07,-3.188613529603738
2024-06-08,-3.1806888276260032
2024-06-09,-3.172724501483719
2024-06-10,-3.1647205511768854
2024-06-11,-3.156676976705501
2024-06-12,-3.1485937780695674
2024-06-13,-3.1404709552690826
2024-06-14,-3.132308508304048
2024-06-15,-3.1241064371744636
2024-06-16,-3.115864741880329
2024-06-17,-3.1075834224216443
2024-06-18,-3.0992624787984093
2024-06-19,-3.090901911010625
2024-06-20,-3.082501719058289
2024-06-21,-3.0740619029414042
2024-06-22,-3.065582462659969
2024-06-23,-3.057063398213984
2024-06-24,-3.0485047096034483
2024-06-25,-3.0399063968283633
2024-06-26,-3.0312684598887274
2024-06-27,-3.0225908987845416
2024-06-28,-3.013873713515806
2024-06-29,-3.00511690408252
2024-06-30,-2.996320470484684
2024-07-01,-2.987484412722298
2024-07-02,-2.9786087307953624
2024-07-03,-2.9696934247038755
2024-07-04,-2.960738494447839
2024-07-05,-2.9517439400272525
2024-07-06,-2.9427097614421167
2024-07-07,-2.93363595869243
2024-07-08,-2.924522531778193
2024-07-09,-2.915369480699406
2024-07-10,-2.9061768054560693
2024-07-11,-2.8969445060481824
2024-07-12,-2.8876725824757448
2024-07-13,-2.8783610347387576
2024-07-14,-2.8690098628372214
2024-07-15,-2.859619066771134
2024-07-16,-2.8501886465404955
2024-07-17,-2.8407186021453086
2024-07-18,-2.831208933585571
2024-07-19,-2.821659640861283
2024-07-20,-2.812070723972445
2024-07-21,-2.8024421829190573
2024-07-22,-2.792774017701119
2024-07-23,-2.7830662283186314
2024-07-24,-2.773318814771593
2024-07-25,-2.7635317770600043
2024-07-26,-2.7537051151838665
2024-07-27,-2.7438388291431774
2024-07-28,-2.7339329189379384
2024-07-29,-2.723987384568151
2024-07-30,-2.7140022260338115
2024-07-31,-2.703977443334922
2024-08-01,-2.6939130364714834
2024-08-02,-2.6838090054434947
2024-08-03,-2.673665350250956
2024-08-04,-2.6634820708938665
2024-08-05,-2.6532591673722266
2024-08-06,-2.642996639686037
2024-08-07,-2.6326944878352982
2024-08-08,-2.6223527118200085
2024-08-09,-2.611971311640169
2024-08-10,-2.6015502872957788
2024-08-11,-2.591089638786839
2024-08-12,-2.5805893661133488
2024-08-13,-2.570049469275309
2024-08-14,-2.5594699482727186
2024-08-15,-2.5488508031055783
2024-08-16,-2.538192033773888
2024-08-17,-2.5274936402776476
2024-08-18,-2.5167556226168575
2024-08-19,-2.505977980791516
2024-08-20,-2.4951607148016253
2024-08-21,-2.484303824647185
2024-08-22,-2.4734073103281933
2024-08-23,-2.462471171844653
2024-08-24,-2.4514954091965615
2024-08-25,-2.44048002238392
2024-08-26,-2.429425011406729
2024-08-27,-2.418330376264988
2024-08-28,-2.4071961169586964
2024-08-29,-2.3960222334878543
2024-08-30,-2.3848087258524626
2024-08-31,-2.373555594052521
2024-09-01,-2.362262838088029
2024-09-02,-2.3509304579589876
2024-09-03,-2.339558453665395
2024-09-04,-2.328146825207253
2024-09-05,-2.316695572584561
2024-09-06,-2.3052046957973182
2024-09-07,-2.2936741948455257
2024-09-08,-2.2821040697291832
2024-09-09,-2.270494320448291
2024-09-10,-2.258844947002848
2024-09-11,-2.2471559493928552
2024-09-12,-2.2354273276183116
2024-09-13,-2.2236590816792194
2024-09-14,-2.211851211575576
2024-09-15,-2.200003717307383
2024-09-16,-2.1881165988746396
2024-09-17,-2.1761898562773463
2024-09-18,-2.1642234895155026
2024-09-19,-2.152217498589109
2024-09-20,-2.140171883498166
2024-09-21,-2.1280866442426714
2024-09-22,-2.115961780822628
2024-09-23,-2.103797293238034
2024-09-24,-2.0915931814888897
2024-09-25,-2.0793494455751955
2024-09-26,-2.0670660854969514
2024-09-27,-2.054743101254157
2024-09-28,-2.042380492846813
2024-09-29,-2.0299782602749183
2024-09-30,-2.017536403538474
2024-10-01,-2.0050549226374788
2024-10-02,-1.992533817571934
2024-10-03,-1.9799730883418394
2024-10-04,-1.9673727349471943
2024-10-05,-1.9547327573879991
2024-10-06,-1.942053155664254
2024-10-07,-1.9293339297759589
2024-10-08,-1.9165750797231134
2024-10-09,-1.903776605505718
2024-10-10,-1.8909385071237725
2024-10-11,-1.8780607845772765
2024-10-12,-1.865143437866231
2024-10-13,-1.8521864669906352
2024-10-14,-1.8391898719504893
2024-10-15,-1.826153652745793
2024-10-16,-1.813077809376547
2024-10-17,-1.7999623418427508
2024-10-18,-1.7868072501444048
2024-10-19,-1.7736125342815083
2024-10-20,-1.7603781942540617
2024-10-21,-1.7471042300620647
2024-10-22,-1.7337906417055182
2024-10-23,-1.7204374291844218
2024-10-24,-1.7070445924987747
2024-10-25,-1.6936121316485777
2024-10-26,-1.6801400466338308
2024-10-27,-1.6666283374545334
2024-10-28,-1.6530770041106866
2024-10-29,-1.6394860466022891
2024-10-30,-1.6258554649293415
2024-10-31,-1.6121852590918437
2024-11-01,-1.5984754290897962
2024-11-02,-1.5847259749231988
2024-11-03,-1.5709368965920505
2024-11-04,-1.5571081940963531
2024-11-05,-1.543239867436105
2024-11-06,-1.529331916611307
2024-11-07,-1.5153843416219586
2024-11-08,-1.5013971424680603
2024-11-09,-1.487370319149612
2024-11-10,-1.4733038716666136
2024-11-11,-1.459197800019065
2024-11-12,-1.4450521042069664
2024-11-13,-1.4308667842303175
2024-11-14,-1.4166418400891185
2024-11-15,-1.4023772717833696
2024-11-16,-1.388073079313071
2024-11-17,-1.3738214199100665
2024-11-18,-1.359714450806201
2024-11-19,-1.3457521720014751
2024-11-20,-1.3319345834958884
2024-11-21,-1.3182616852894407
2024-11-22,-1.3047334773821324
2024-11-23,-1.291349959773963
2024-11-24,-1.2781111324649332
2024-11-25,-1.265016995455043
2024-11-26,-1.2520675487442912
2024-11-27,-1.239262792332679
2024-11-28,-1.2266027262202062
2024-11-29,-1.2140873504068723
2024-11-30,-1.201716664892678
2024-12-01,-1.1894906696776228
2024-12-02,-1.1774093647617065
2024-12-03,-1.1654727501449298
2024-12-04,-1.1536808258272921
2024-12-05,-1.1420335918087934
2024-12-06,-1.1305310480894344
2024-12-07,-1.1191731946692147
2024-12-08,-1.107960031548134
2024-12-09,-1.0968915587261925
2024-12-10,-1.0859677762033904
2024-12-11,-1.0751886839797271
2024-12-12,-1.0645542820552034
2024-12-13,-1.0540645704298186
2024-12-14,-1.0437195491035733
2024-12-15,-1.0335192180764672
2024-12-16,-1.0234635773485001
2024-12-17,-1.0135526269196726
2024-12-18,-1.0037863667899842
2024-12-19,-0.994164796959435
2024-12-20,-0.984687917428025
2024-12-21,-0.9753557281957543
2024-12-22,-0.9661682292626228
2024-12-23,-0.9571254206286304
2024-12-24,-0.9482273022937774
2024-12-25,-0.9394738742580634
2024-12-26,-0.930865136521489
2024-12-27,-0.9224010890840537
2024-12-28,-0.9140817319457571
2024-12-29,-0.9059070651066004
2024-12-30,-0.8978770885665825
2024-12-31,-0.8899918023257041
2025-01-01,-0.8822512063839649
2025-01-02,-0.8746553007413649
2025-01-03,-0.8672040853979038
2025-01-04,-0.8598975603535822
2025-01-05,-0.8527357256084
2025-01-06,-0.8457185811623569
2025-01-07,-0.838846127015453
2025-01-08,-0.8321183631676884
2025-01-09,-0.8255352896190629
2025-01-10,-0.8190969063695767
2025-01-11,-0.8128032134192298
2025-01-12,-0.8066542107680218
2025-01-13,-0.8006498984159532
2025-01-14,-0.794790276363024
2025-01-15,-0.7890753446092338
2025-01-16,-0.7835051031545829
2025-01-17,-0.7780795519990713
2025-01-18,-0.772798691142699
2025-01-19,-0.7676625205854657
2025-01-20,-0.7626710403273717
2025-01-21,-0.7578242503684172
2025-01-22,-0.7531221507086016
2025-01-23,-0.7485647413479252
2025-01-24,-0.7441520222863881
2025-01-25,-0.7398839935239904
2025-01-26,-0.7357606550607317
2025-01-27,-0.7317820068966123
2025-01-28,-0.7279480490316322
2025-01-29,-0.7242587814657913
2025-01-30,-0.7207142041990896
2025-01-31,-0.717314317231527
2025-02-01,-0.7140591205631039
2025-02-02,-0.7109486141938198
2025-02-03,-0.7079827981236751
2025-02-04,-0.7051616723526695
2025-02-05,-0.7024852368808032
2025-02-06,-0.6999534917080761
2025-02-07,-0.6975664368344882
2025-02-08,-0.6953240722600394
2025-02-09,-0.69322639798473
2025-02-10,-0.6912734140085597
2025-02-11,-0.689465120331529
2025-02-12,-0.687801516953637
2025-02-13,-0.6862826038748846
2025-02-14,-0.6849083810952713
2025-02-15,-0.6836788486147971
2025-02-16,-0.6824606322993539
2025-02-17,-0.6811203580148336
2025-02-18,-0.6796580257612356
2025-02-19,-0.6780736355385604
2025-02-20,-0.6763671873468077
2025-02-21,-0.6745386811859777
2025-02-22,-0.6725881170560702
2025-02-23,-0.6705154949570856
2025-02-24,-0.6683208148890235
2025-02-25,-0.6660040768518839
2025-02-26,-0.663565280845667
2025-02-27,-0.6610044268703728
2025-02-28,-0.6583215149260012
2025-03-01,-0.6555165450125522
2025-03-02,-0.6525895171300258
2025-03-03,-0.6495404312784222
2025-03-04,-0.6463692874577411
2025-03-05,-0.6430760856679826
2025-03-06,-0.6396608259091467
2025-03-07,-0.6361235081812335
2025-03-08,-0.6324641324842429
2025-03-09,-0.6286826988181748
2025-03-10,-0.6247792071830296
2025-03-11,-0.6207536575788069
2025-03-12,-0.6166060500055068
2025-03-13,-0.6123363844631293
2025-03-14,-0.6079446609516745
2025-03-15,-0.6034308794711423
2025-03-16,-0.5987950400215327
2025-03-17,-0.5940371426028458
2025-03-18,-0.5891571872150815
2025-03-19,-0.5841551738582398
2025-03-20,-0.5790311025323207
2025-03-21,-0.5737849732373242
2025-03-22,-0.5684167859732505
2025-03-23,-0.5629265407400993
2025-03-24,-0.5573142375378708
2025-03-25,-0.5515798763665648
2025-03-26,-0.5457234572261814
2025-03-27,-0.5397449801167209
2025-03-28,-0.5336444450381829
2025-03-29,-0.5274218519905673
2025-03-30,-0.5210772009738747
2025-03-31,-0.5146104919881045
2025-04-01,-0.5080217250332569
2025-04-02,-0.5013109001093321
2025-04-03,-0.4944780172163298
2025-04-04,-0.4875230763542501
2025-04-05,-0.48044607752309304
2025-04-06,-0.4732470207228586
2025-04-07,-0.4659259059535469
2025-04-08,-0.4584827332151577
2025-04-09,-0.45091750250769125
2025-04-10,-0.44323021383114736
2025-04-11,-0.4354208671855261
2025-04-12,-0.4274894625708274
2025-04-13,-0.4194359999870515
2025-04-14,-0.4112604794341981
2025-04-15,-0.4029629009122674
2025-04-16,-0.39454326442125914
2025-04-17,-0.38600156996117374
2025-04-18,-0.3773378175320109
2025-04-19,-0.3685520071337707
2025-04-20,-0.35964413876645307
2025-04-21,-0.3506142124300581
2025-04-22,-0.3414622281245856
2025-04-23,-0.33218818585003596
2025-04-24,-0.3227920856064088
2025-04-25,-0.3132739273937044
2025-04-26,-0.3036337112119226
2025-04-27,-0.29387143706106333
2025-04-28,-0.2839871049411268
2025-04-29,-0.2739807148521128
2025-04-30,-0.2638522667940215
2025-05-01,-0.2536017607668528
2025-05-02,-0.24322919677060673
2025-05-03,-0.23273457480528326
2025-05-04,-0.22211789487088246
2025-05-05,-0.21137915696740425
2025-05-06,-0.2005183610948486
2025-05-07,-0.18953550725321575
2025-05-08,-0.17843059544250545
2025-05-09,-0.16720362566271774
2025-05-10,-0.15585459791385275
2025-05-11,-0.14438351219591028
2025-05-12,-0.1327903685088904
2025-05-13,-0.12107516685279326
2025-05-14,-0.10923790722761875
2025-05-15,-0.09727858963336686
2025-05-16,-0.08519721407003755
2025-05-17,-0.0730432600184537
2025-05-18,-0.0611136043635523
2025-05-19,-0.04945772658615613
2025-05-20,-0.038075626686265206
2025-05-21,-0.02696730466387952
2025-05-22,-0.01613276051899913
2025-05-23,-0.005571994251623934
2025-05-24,0.004714994138246077
2025-05-25,0.014728204650610732
2025-05-26,0.024467637285470144
2025-05-27,0.033933292042824366
2025-05-28,0.04312516892267326
2025-05-29,0.05204326792501705
2025-05-30,0.060687589049855495
2025-05-31,0.06905813229718866
2025-06-01,0.07715489766701666
2025-06-02,0.0849778851593394
2025-06-03,0.09252709477415683
2025-06-04,0.09980252651146908
2025-06-05,0.10680418037127605
2025-06-06,0.11353205635357778
2025-06-07,0.11998615445837427
2025-06-08,0.12616647468566555
2025-06-09,0.13207301703545157
2025-06-10,0.1377057815077323
2025-06-11,0.14306476810250782
2025-06-12,0.14814997681977804
2025-06-13,0.15296140765954302
2025-06-14,0.1574990606218028
2025-06-15,0.1617629357065574
2025-06-16,0.1657530329138067
2025-06-17,0.1694693522435507
2025-06-18,0.1729118936957894
2025-06-19,0.17608065727052297
2025-06-20,0.17897564296775129
2025-06-21,0.18159685078747437
2025-06-22,0.1839442807296921
2025-06-23,0.1860179327944047
2025-06-24,0.18781780698161205
2025-06-25,0.18934390329131412
2025-06-26,0.19059622172351093
2025-06-27,0.19157476227820242
2025-06-28,0.19227952495538875
2025-06-29,0.19271050975506981
2025-06-30,0.19286771667724567
2025-07-01,0.1927511457219163
2025-07-02,0.1923607968890816
2025-07-03,0.19169667017874167
2025-07-04,0.19075876559089652
2025-07-05,0.18954708312554613
2025-07-06,0.18806162278269045
2025-07-07,0.18630238456232953
2025-07-08,0.18426936846446337
2025-07-09,0.1819625744890921
2025-07-10,0.17938200263621534
2025-07-11,0.17652765290583353
2025-07-12,0.17339952529794642
2025-07-13,0.169997619812554
2025-07-14,0.16632193644965637
2025-07-15,0.16237247520925355
2025-07-16,0.15814923609134543
2025-07-17,0.15365221909593205
2025-07-18,0.14888142422301348
2025-07-19,0.14383685147258968
2025-07-20,0.13851850084466058
2025-07-21,0.1329263723392262
2025-07-22,0.12706046595628653
2025-07-23,0.12092078169584178
2025-07-24,0.1145073195578917
2025-07-25,0.10782007954243639
2025-07-26,0.1008590616494758
2025-07-27,0.09362426587900996
2025-07-28,0.0861156922310389
2025-07-29,0.07833334070556258
2025-07-30,0.07027721130258102
2025-07-31,0.061947304022094196
2025-08-01,0.053343618864102216
2025-08-02,0.0444661558286048
2025-08-03,0.035314914915602236
2025-08-04,0.025889896125094514
2025-08-05,0.01619109945708147
2025-08-06,0.006218524911563161
2025-08-07,-0.004027827511460302
2025-08-08,-0.014547957811989087
2025-08-09,-0.025341865990023138
2025-08-10,-0.03640955204556234
2025-08-11,-0.047751015978606925
2025-08-12,-0.05936625778915661
2025-08-13,-0.07125527747721166
2025-08-14,-0.08341807504277193
2025-08-15,-0.09585465048583747
2025-08-16,-0.10856500380640816
2025-08-17,-0.12137908543914012
2025-08-18,-0.13412684581868936
2025-08-19,-0.1468082849450557
2025-08-20,-0.15942340281823938
2025-08-21,-0.1719721994382402
2025-08-22,-0.18445467480505837
2025-08-23,-0.19687082891869362
2025-08-24,-0.20922066177914622
2025-08-25,-0.22150417338641587
2025-08-26,-0.23372136374050287
2025-08-27,-0.2458722328414071
2025-08-28,-0.25795678068912853
2025-08-29,-0.26997500728366713
2025-08-30,-0.2819269126250231
2025-08-31,-0.2938124967131961
2025-09-01,-0.3056317595481865
2025-09-02,-0.3173847011299939
2025-09-03,-0.32907132145861884
2025-09-04,-0.34069162053406066
2025-09-05,-0.3522455983563198
2025-09-06,-0.3637332549253963
2025-09-07,-0.37515459024129005
2025-09-08,-0.3865096043040009
2025-09-09,-0.39779829711352893
2025-09-10,-0.4090206686698743
2025-09-11,-0.4201767189730369
2025-09-12,-0.43126644802301645
2025-09-13,-0.44228985581981356
2025-09-14,-0.4532469423634278
2025-09-15,-0.46413770765385925
2025-09-16,-0.4749621516911079
2025-09-17,-0.48572027447517374
2025-09-18,-0.49641207600605686
2025-09-19,-0.507037556283757
2025-09-20,-0.5175967153082747
2025-09-21,-0.5280895530796095
2025-09-22,-0.5385160695977613
2025-09-23,-0.5488762648627307
2025-09-24,-0.559170138874517
2025-09-25,-0.5693976916331207
2025-09-26,-0.5795589231385416
2025-09-27,-0.5896538333907797
2025-09-28,-0.5996824223898349
2025-09-29,-0.6096446901357077
2025-09-30,-0.6195406366283973
2025-10-01,-0.6293702618679042
2025-10-02,-0.6391335658542285
2025-10-03,-0.64883054858737
2025-10-04,-0.6584612100673286
2025-10-05,-0.6680255502941046
2025-10-06,-0.6775235692676975
2025-10-07,-0.6869552669881079
2025-10-08,-0.6963206434553355
2025-10-09,-0.7056196986693801
2025-10-10,-0.7148524326302421
2025-10-11,-0.7240188453379215
2025-10-12,-0.7331189367924179
2025-10-13,-0.7421527069937315
2025-10-14,-0.7511201559418623
2025-10-15,-0.7600212836368105
2025-10-16,-0.7688560900785758
2025-10-17,-0.7776245752671584
2025-10-18,-0.7863267392025581
2025-10-19,-0.7949625818847752
2025-10-20,-0.8035321033138094
2025-10-21,-0.8120353034896608
2025-10-22,-0.8204721824123296
2025-10-23,-0.8288427400818152
2025-10-24,-0.8371469764981184
2025-10-25,-0.8453848916612388
2025-10-26,-0.8535564855711764
2025-10-27,-0.8616617582279312
2025-10-28,-0.869700709631503
2025-10-29,-0.8776733397818923
2025-10-30,-0.8855796486790988
2025-10-31,-0.8934196363231224
2025-11-01,-0.9011933027139634
2025-11-02,-0.9089006478516214
2025-11-03,-0.9165416717360968
2025-11-04,-0.9241163743673891
2025-11-05,-0.9316247557454991
2025-11-06,-0.9390668158704261
2025-11-07,-0.9464425547421703
2025-11-08,-0.9537519723607317
2025-11-09,-0.9609950687261104
2025-11-10,-0.9681718438383062
2025-11-11,-0.9752822976973193
2025-11-12,-0.9823264303031498
2025-11-13,-0.9893042416557973
2025-11-14,-0.9962157317552621
2025-11-15,-1.003060900601544
2025-11-16,-1.0098397481946433
2025-11-17,-1.0165522745345599
2025-11-18,-1.0231984796212934
2025-11-19,-1.0297783634548443
2025-11-20,-1.0362919260352124
2025-11-21,-1.0427391673623976
2025-11-22,-1.0491200874364002
2025-11-23,-1.05543468625722
2025-11-24,-1.061682963824857
2025-11-25,-1.0678649201393111
2025-11-26,-1.0739805552005826
2025-11-27,-1.0800298690086714
2025-11-28,-1.0860128615635771
2025-11-29,-1.0919295328653003
2025-11-30,-1.0977798829138408
2025-12-01,-1.1035639117091982
2025-12-02,-1.109281619251373
2025-12-03,-1.114933005540365
2025-12-04,-1.1205180705761741
2025-12-05,-1.1260368143588009
2025-12-06,-1.1314892368882443
2025-12-07,-1.1368753381645054
2025-12-08,-1.1421951181875836
2025-12-09,-1.1474485769574787
2025-12-10,-1.1526357144741912
2025-12-11,-1.1577565307377213
2025-12-12,-1.162811025748068
2025-12-13,-1.1677991995052321
2025-12-14,-1.1727210520092137
2025-12-15,-1.1775765832600125
2025-12-16,-1.1823657932576284
2025-12-17,-1.1870886820020616
2025-12-18,-1.1917452494933118
2025-12-19,-1.1963354957313794
2025-12-20,-1.2008594207162644
2025-12-21,-1.2053170244479663
2025-12-22,-1.2097083069264856
2025-12-23,-1.2140332681518218
2025-12-24,-1.2182919081239758
2025-12-25,-1.2224842268429463
2025-12-26,-1.2266102243087347
2025-12-27,-1.23066990052134
2025-12-28,-1.2346632554807626
2025-12-29,-1.2385902891870022
2025-12-30,-1.2424510016400592
2025-12-31,-1.2462453928399335
2026-01-01,-1.2499734627866248
2026-01-02,
2026-01-03,
2026-01-04,
2026-01-05,
2026-01-06,
2026-01-07,
2026-01-08,
2026-01-09,
2026-01-10,
2026-01-11,
2026-01-12,
2026-01-13,
2026-01-14,
2026-01-15,
2026-01-16,
2026-01-17,
2026-01-18,
2026-01-19,
2026-01-20,
2026-01-21,
2026-01-22,
2026-01-23,
2026-01-24,
2026-01-25,
2026-01-26,
2026-01-27,
2026-01-28,
2026-01-29,
2026-01-30,
2026-01-31,
2026-02-01,
2026-02-02,
2026-02-03,
2026-02-04,
2026-02-05,
2026-02-06,
2026-02-07,
2026-02-08,
2026-02-09,
2026-02-10,
2026-02-11,
2026-02-12,
2026-02-13,
2026-02-14,
2026-02-15,
2026-02-16,
2026-02-17,
2026-02-18,
2026-02-19,
2026-02-20,
2026-02-21,
2026-02-22,
2026-02-23,
2026-02-24,
2026-02-25,
2026-02-26,
2026-02-27,
2026-02-28,
2026-03-01,
2026-03-02,
2026-03-03,
2026-03-04,
2026-03-05,
2026-03-06,
2026-03-07,
2026-03-08,
2026-03-09,
2026-03-10,
2026-03-11,
2026-03-12,
2026-03-13,
2026-03-14,
2026-03-15,
2026-03-16,
2026-03-17,
2026-03-18,
2026-03-19,
2026-03-20,
2026-03-21,
2026-03-22,
2026-03-23,
2026-03-24,
2026-03-25,
2026-03-26,
2026-03-27,
2026-03-28,
2026-03-29,
2026-03-30,
2026-03-31,
2026-04-01,
2026-04-02,
2026-04-03,
2026-04-04,
2026-04-05,
2026-04-06,
2026-04-07,
2026-04-08,
2026-04-09,
2026-04-10,
2026-04-11,
2026-04-12,
2026-04-13,
2026-04-14,
2026-04-15,
2026-04-16,
2026-04-17,
2026-04-18,
2026-04-19,
2026-04-20,
2026-04-21,
2026-04-22,
2026-04-23,
2026-04-24,
2026-04-25,
2026-04-26,
2026-04-27,
2026-04-28,
2026-04-29,
2026-04-30,
2026-05-01,
2026-05-02,
2026-05-03,
2026-05-04,
2026-05-05,
2026-05-06,
2026-05-07,
2026-05-08,
2026-05-09,
2026-05-10,
2026-05-11,
2026-05-12,
2026-05-13,
2026-05-14,
2026-05-15,
2026-05-16,
2026-05-17,
2026-05-18,
2026-05-19,
2026-05-20,
2026-05-21,
2026-05-22,
2026-05-23,
2026-05-24,
2026-05-25,
2026-05-26,
2026-05-27,
2026-05-28,
2026-05-29,
2026-05-30,
2026-05-31,
2026-06-01,
2026-06-02,
2026-06-03,
2026-06-04,
2026-06-05,
2026-06-06,
2026-06-07,
2026-06-08,
2026-06-09,
2026-06-10,
2026-06-11,
2026-06-12,
2026-06-13,
2026-06-14,
2026-06-15,
2026-06-16,
2026-06-17,
2026-06-18,
2026-06-19,
2026-06-20,
2026-06-21,
2026-06-22,
2026-06-23,
2026-06-24,
2026-06-25,
2026-06-26,
2026-06-27,
2026-06-28,
2026-06-29,
2026-06-30,
