財務省　国際収支状況　（対外・対内直接投資）,,,,,,,,,,,,,,,,,,,,,,,,,,,,,,,,,,,,,,,,,,,,,,,,,,,,,,,,,,,,,,,,,,,,,,,,,,,,,,,,,,,,,,,,,,,,,,,,,,,,,,,,,,,,,,,,,,,,,,,,,,,,,,,,,,,,,,,,,,,,,,,,
Ⅴ．対外・対内直接投資（地域別内訳）,,,,,,,,,,,,,,,,,,,,,,,,,,,,,,,,,,,,,,,,,,,,,,,,,,,,,,,,,,,,,,,,,,,,,,,,,,,,,,,,,,,,,,,,,,,,,,,,,,,,,,,,,,,,,,,,,,,,,,,,,,,,,,,,,,,,,,,,,,,,,,,,
6d-3　対内直接投資の地域別内訳,,,,,,,,,,,,,,,,,,,,,,,,,,,,,,,,,,,,,,,,,,,,,,,,,,,,,,,,,,,,,,,,,,,,,,,,,,,,,,,,,,,,,,,,,,,,,,,,,,,,,,,,,,,,,,,,,,,,,,,,,,,,,,,,,,,,,,,,,,,,,,,,
（単位　億円）,,,,,,,,,,,,,,,,,,,,,,,,,,,,,,,,,,,,,,,,,,,,,,,,,,,,,,,,,,,,,,,,,,,,,,,,,,,,,,,,,,,,,,,,,,,,,,,,,,,,,,,,,,,,,,,,,,,,,,,,,,,,,,,,,,,,,,,,,,,,,,,,
Japan's Balance of Payments(Direct Investment Assets/Liabilities),,,,,,,,,,,,,,,,,,,,,,,,,,,,,,,,,,,,,,,,,,,,,,,,,,,,,,,,,,,,,,,,,,,,,,,,,,,,,,,,,,,,,,,,,,,,,,,,,,,,,,,,,,,,,,,,,,,,,,,,,,,,,,,,,,,,,,,,,,,,,,,,
"Ⅴ.Direct Investment Assets/Liabilities, Country Breakdown",,,,,,,,,,,,,,,,,,,,,,,,,,,,,,,,,,,,,,,,,,,,,,,,,,,,,,,,,,,,,,,,,,,,,,,,,,,,,,,,,,,,,,,,,,,,,,,,,,,,,,,,,,,,,,,,,,,,,,,,,,,,,,,,,,,,,,,,,,,,,,,,
"6d-3  Direct Investment Liabilities, Country Breakdown",,,,,,,,,,,,,,,,,,,,,,,,,,,,,,,,,,,,,,,,,,,,,,,,,,,,,,,,,,,,,,,,,,,,,,,,,,,,,,,,,,,,,,,,,,,,,,,,,,,,,,,,,,,,,,,,,,,,,,,,,,,,,,,,,,,,,,,,,,,,,,,,
(100 million Yen),,,,,,,,,,,,,,,,,,,,,,,,,,,,,,,,,,,,,,,,,,,,,,,,,,,,,,,,,,,,,,,,,,,,,,,,,,,,,,,,,,,,,,,,,,,,,,,,,,,,,,,,,,,,,,,,,,,,,,,,,,,,,,,,,,,,,,,,,,,,,,,,
,,,,,,,,,,,,,,,,,,,,,,,,,,,,,,,,,,,,,,,,,,,,,,,,,,,,,,,,,,,,,,,,,,,,,,,,,,,,,,,,,,,,,,,,,,,,,,,,,,,,,,,,,,,,,,,,,,,,,,,,,,,,,,,,,,,,,,,,,,,,,,,,
（備考）,① (P)は速報値を示す。また、合計は四捨五入により合わないことがある。,,,,,,,,,,,,,,,,,,,,,,,,,,,,,,,,,,,,,,,,,,,,,,,,,,,,,,,,,,,,,,,,,,,,,,,,,,,,,,,,,,,,,,,,,,,,,,,,,,,,,,,,,,,,,,,,,,,,,,,,,,,,,,,,,,,,,,,,,,,,,,,
,② 令和8年4月8日付で、令和5年1月から令和7年9月までの計数について一部改訂を行っている。,,,,,,,,,,,,,,,,,,,,,,,,,,,,,,,,,,,,,,,,,,,,,,,,,,,,,,,,,,,,,,,,,,,,,,,,,,,,,,,,,,,,,,,,,,,,,,,,,,,,,,,,,,,,,,,,,,,,,,,,,,,,,,,,,,,,,,,,,,,,,,,
,,,,,,,,,,,,,,,,,,,,,,,,,,,,,,,,,,,,,,,,,,,,,,,,,,,,,,,,,,,,,,,,,,,,,,,,,,,,,,,,,,,,,,,,,,,,,,,,,,,,,,,,,,,,,,,,,,,,,,,,,,,,,,,,,,,,,,,,,,,,,,,,
 (NOTE),① (P) shows preliminary figures. Totals may not add due to rounding.,,,,,,,,,,,,,,,,,,,,,,,,,,,,,,,,,,,,,,,,,,,,,,,,,,,,,,,,,,,,,,,,,,,,,,,,,,,,,,,,,,,,,,,,,,,,,,,,,,,,,,,,,,,,,,,,,,,,,,,,,,,,,,,,,,,,,,,,,,,,,,,
,"② Certain figures from January 2023 up to September 2025 are revised as of April 8, 2026.",,,,,,,,,,,,,,,,,,,,,,,,,,,,,,,,,,,,,,,,,,,,,,,,,,,,,,,,,,,,,,,,,,,,,,,,,,,,,,,,,,,,,,,,,,,,,,,,,,,,,,,,,,,,,,,,,,,,,,,,,,,,,,,,,,,,,,,,,,,,,,,
,,,,,,,,,,,,,,,,,,,,,,,,,,,,,,,,,,,,,,,,,,,,,,,,,,,,,,,,,,,,,,,,,,,,,,,,,,,,,,,,,,,,,,,,,,,,,,,,,,,,,,,,,,,,,,,,,,,,,,,,,,,,,,,,,,,,,,,,,,,,,,,,
,,,,,,,,,,,,,,,,,,,,,,,,,,,,,,,,,,,,,,,,,,,,,,,,,,,,,,,,,,,,,,,,,,,,,,,,,,,,,,,,,,,,,,,,,,,,,,,,,,,,,,,,,,,,,,,,,,,,,,,,,,,,,,,,,,,,,,,,,,,,,,,,
対内直接投資,,,,,,,,,,,,,,,,,,,,,,,,,,,,,,,,,,,,,,,,,,,,,,,,,,,,,,,,,,,,,,,,,,,,,,,,,,,,,,,,,,,,,,,,,,,,,,,,,,,,,,,,,,,,,,,,,,,,,,,,,,,,,,,,,,,,,,,,,,,,,,,,
Direct Investment Liabilities,,,,,,,,,,,,,,,,,,,,,,,,,,,,,,,,,,,,,,,,,,,,,,,,,,,,,,,,,,,,,,,,,,,,,,,,,,,,,,,,,,,,,,,,,,,,,,,,,,,,,,,,,,,,,,,,,,,,,,,,,,,,,,,,,,,,,,,,,,,,,,,,
,,,,合計,,,アジア,,,,,,,,,,,,,,,,,,,,,,,,,,,,,,,,,,,,北米,,,,,,,,,中南米,,,,,,,,,,,,大洋州,,,,,,,,,欧州,,,,,,,,,,,,,,,,,,,,,,,,,,,,,,,,,,,,中東,,,,,,,,,,,,アフリカ,,,,,,国際機関,,,非分類,,,ＯＥＣＤ諸国,,,ＡＳＥＡＮ,,,ＥＵ,,,東欧・ロシア等,,
,,,,Total,,,Asia,,,,,,,,,,,,,,,,,,,,,,,,,,,,,,,,,,,,North America,,,,,,,,,Central and South America,,,,,,,,,,,,Oceania,,,,,,,,,Europe,,,,,,,,,,,,,,,,,,,,,,,,,,,,,,,,,,,,Middle East ,,,,,,,,,,,,Africa ,,,,,,Int'l Organization,,,Unallocated,,,OECD countries,,,ASEAN,,,EU,,,"Eastern Europe, Russia, etc.",,
,,,,,,,,,,中華人民共和国,,,香港,,,台湾,,,大韓民国,,,シンガポール,,,タイ,,,インドネシア,,,マレーシア,,,フィリピン,,,ベトナム,,,インド,,,,,,アメリカ合衆国,,,カナダ,,,,,,メキシコ,,,ブラジル,,,ケイマン諸島,,,,,,オーストラリア,,,ニュージーランド,,,,,,ドイツ,,,英国,,,フランス,,,オランダ,,,イタリア,,,ベルギー,,,ルクセンブルク,,,スイス,,,スウェーデン,,,スペイン,,,ロシア,,,,,,サウジアラビア,,,アラブ首長国連邦,,,イラン,,,,,,南アフリカ共和国,,,,,,,,,,,,,,,,,,,,
,,,,,,,,,,P.R.China,,,Hong Kong,,,Taiwan,,,R.Korea,,,Singapore,,,Thailand,,,Indonesia,,,Malaysia,,,Philippines,,,Viet Nam,,,India,,,,,,U.S.A.,,,Canada,,,,,,Mexico,,,Brazil,,,Cayman Islands,,,,,,Australia,,,New Zealand,,,,,,Germany,,,U.K.,,,France,,,Netherlands,,,Italy,,,Belgium,,,Luxembourg,,,Switzerland,,,Sweden,,,Spain,,,Russia,,,,,,Saudi Arabia,,,U.A.E.,,,Iran,,,,,,R.South Africa,,,,,,,,,,,,,,,,,,,,
,,,,実行,回収,ネット,実行,回収,ネット,実行,回収,ネット,実行,回収,ネット,実行,回収,ネット,実行,回収,ネット,実行,回収,ネット,実行,回収,ネット,実行,回収,ネット,実行,回収,ネット,実行,回収,ネット,実行,回収,ネット,実行,回収,ネット,実行,回収,ネット,実行,回収,ネット,実行,回収,ネット,実行,回収,ネット,実行,回収,ネット,実行,回収,ネット,実行,回収,ネット,実行,回収,ネット,実行,回収,ネット,実行,回収,ネット,実行,回収,ネット,実行,回収,ネット,実行,回収,ネット,実行,回収,ネット,実行,回収,ネット,実行,回収,ネット,実行,回収,ネット,実行,回収,ネット,実行,回収,ネット,実行,回収,ネット,実行,回収,ネット,実行,回収,ネット,実行,回収,ネット,実行,回収,ネット,実行,回収,ネット,実行,回収,ネット,実行,回収,ネット,実行,回収,ネット,実行,回収,ネット,実行,回収,ネット,実行,回収,ネット,実行,回収,ネット,実行,回収,ネット,実行,回収,ネット
,,,,Execution,Withdrawal,Net,Execution,Withdrawal,Net,Execution,Withdrawal,Net,Execution,Withdrawal,Net,Execution,Withdrawal,Net,Execution,Withdrawal,Net,Execution,Withdrawal,Net,Execution,Withdrawal,Net,Execution,Withdrawal,Net,Execution,Withdrawal,Net,Execution,Withdrawal,Net,Execution,Withdrawal,Net,Execution,Withdrawal,Net,Execution,Withdrawal,Net,Execution,Withdrawal,Net,Execution,Withdrawal,Net,Execution,Withdrawal,Net,Execution,Withdrawal,Net,Execution,Withdrawal,Net,Execution,Withdrawal,Net,Execution,Withdrawal,Net,Execution,Withdrawal,Net,Execution,Withdrawal,Net,Execution,Withdrawal,Net,Execution,Withdrawal,Net,Execution,Withdrawal,Net,Execution,Withdrawal,Net,Execution,Withdrawal,Net,Execution,Withdrawal,Net,Execution,Withdrawal,Net,Execution,Withdrawal,Net,Execution,Withdrawal,Net,Execution,Withdrawal,Net,Execution,Withdrawal,Net,Execution,Withdrawal,Net,Execution,Withdrawal,Net,Execution,Withdrawal,Net,Execution,Withdrawal,Net,Execution,Withdrawal,Net,Execution,Withdrawal,Net,Execution,Withdrawal,Net,Execution,Withdrawal,Net,Execution,Withdrawal,Net,Execution,Withdrawal,Net,Execution,Withdrawal,Net,Execution,Withdrawal,Net,Execution,Withdrawal,Net
（暦年）,,,,,,,,,,,,,,,,,,,,,,,,,,,,,,,,,,,,,,,,,,,,,,,,,,,,,,,,,,,,,,,,,,,,,,,,,,,,,,,,,,,,,,,,,,,,,,,,,,,,,,,,,,,,,,,,,,,,,,,,,,,,,,,,,,,,,,,,,,,,,,,,
(Annual figures),,,,,,,,,,,,,,,,,,,,,,,,,,,,,,,,,,,,,,,,,,,,,,,,,,,,,,,,,,,,,,,,,,,,,,,,,,,,,,,,,,,,,,,,,,,,,,,,,,,,,,,,,,,,,,,,,,,,,,,,,,,,,,,,,,,,,,,,,,,,,,,,
平成26年,,2014C.Y.,,"331,233","310,487","20,745","25,837","19,055","6,782","3,172","2,370",802,"7,908","5,629","2,279","2,490","1,226","1,264",917,217,699,"9,950","8,510","1,440",565,405,161,30,12,19,784,658,125,14,22,-8,1,2,-1,1,3,-2,"44,782","37,196","7,586","44,575","36,999","7,576",207,197,10,"2,830","2,101",729,21,9,13,1,2,-1,"1,800","1,390",410,"3,638","3,020",618,"3,386","2,938",449,48,9,38,"253,509","249,100","4,409","7,832","6,517","1,315","127,203","126,797",406,"3,812","1,728","2,085","73,423","72,708",715,142,242,-100,"2,191","2,347",-155,"3,910","2,664","1,246","6,669","5,913",756,"12,518","13,649","-1,131",129,25,104,2,0,2,618,10,608,          --,          --,          --,307,7,300,          --,          --,          --,18,4,14,5,0,5,          --,          --,          --,          --,          --,          --,"302,931","289,463","13,467","11,344","9,608","1,736","246,777","243,019","3,758",26,11,15
平成27年,,2015C.Y.,,"177,541","171,269","6,272","29,589","22,817","6,772","5,078","4,306",772,"5,617","4,426","1,191","1,747",897,851,"1,195",62,"1,133","13,511","11,221","2,290","1,046",641,404,246,144,101,"1,067","1,069",-2,28,10,19,2,1,1,33,3,30,"32,488","27,250","5,237","32,200","26,932","5,268",288,318,-30,"2,477","4,876","-2,399",20,13,7,55,1,54,"1,462","4,292","-2,830","2,918","3,689",-771,"2,553","3,336",-783,10,4,7,"109,693","112,529","-2,836","6,734","10,890","-4,155","40,918","42,783","-1,865","5,033","2,534","2,499","30,218","28,322","1,896",509,173,336,"3,726","3,705",21,"2,861","2,336",525,"5,576","5,610",-34,"10,904","11,651",-747,907,869,37,1,2,-1,351,74,277,1,          --,1,312,2,310,          --,          --,          --,25,33,-8,2,3,-1,          --,          --,          --,          --,          --,          --,"145,986","143,240","2,746","15,900","13,090","2,810","104,063","106,688","-2,625",26,4,22
平成28年,,2016C.Y.,,"346,393","301,478","44,915","79,438","69,942","9,496","4,451","4,562",-111,"5,524","3,909","1,614","3,678","1,093","2,585",874,208,666,"61,212","57,172","4,039","2,258","1,546",712,292,272,19,"1,084","1,119",-35,26,14,13,3,1,1,6,7,-1,"102,762","95,256","7,506","102,456","94,979","7,477",306,276,29,"3,504","1,796","1,709",1,27,-26,58,6,52,"2,533","1,259","1,274","3,581","2,712",869,"3,139","2,338",801,-3,26,-29,"156,743","131,667","25,076","6,303","5,421",882,"64,299","58,175","6,124","7,627","2,678","4,949","50,891","44,615","6,277",164,140,23,"5,787","5,910",-123,"1,874","1,016",858,"2,370","1,400",970,"10,196","10,217",-21,594,591,3,4,1,3,316,95,221,2,          --,2,303,58,244,          --,          --,          --,48,10,38,10,9,1,          --,          --,          --,          --,          --,          --,"263,201","229,386","33,815","64,878","60,126","4,752","154,016","129,902","24,114",8,2,6
平成29年,,2017C.Y.,,"425,907","404,763","21,144","84,398","78,114","6,284","3,094","1,980","1,114","5,593","6,045",-452,"1,886",880,"1,006","1,566",226,"1,340","69,441","65,900","3,541","2,052","2,553",-501,225,10,216,484,504,-20,29,1,28,6,2,4,15,1,14,"178,649","172,000","6,649","178,406","171,706","6,700",243,294,-51,"7,379","4,113","3,265",0,6,-6,          --,3,-3,"6,384","3,285","3,100","3,606","3,333",272,"2,958","2,683",276,4,39,-36,"151,597","147,099","4,498","11,314","10,706",608,"56,047","60,281","-4,233","9,065","4,988","4,078","43,495","39,472","4,023",556,221,336,"6,187","6,555",-368,"1,644","1,022",622,"2,927","1,417","1,510","5,441","5,094",347,"1,458","1,347",110,5,0,5,261,97,165,          --,          --,          --,219,91,128,          --,          --,          --,17,7,10,3,6,-3,          --,          --,          --,          --,          --,          --,"334,757","322,017","12,740","72,237","68,970","3,268","148,218","145,453","2,765",47,0,47
平成30年,,2018C.Y.,,"371,708","343,759","27,949","67,744","62,483","5,261","4,151","3,265",886,"5,558","4,698",860,"1,195",784,412,"2,331",227,"2,105","50,914","51,419",-505,"2,913","1,595","1,318",57,17,39,533,439,94,37,1,36,6,2,4,11,8,3,"161,852","154,747","7,105","161,624","154,614","7,010",228,133,95,"8,275","3,606","4,669",9,7,3,9,0,9,"6,890","2,753","4,137","10,155","8,540","1,616","9,448","8,160","1,288",36,24,12,"120,731","112,892","7,839","11,870","10,498","1,372","48,383","43,534","4,849","5,151","2,515","2,637","23,886","23,690",196,40,112,-72,"9,763","8,638","1,126","1,920","2,478",-558,"4,354","1,583","2,771",443,266,177,"2,175","2,445",-269,4,1,2,"2,942","1,488","1,455",          --,1,-1,152,63,89,          --,          --,          --,9,4,5,          --,1,-1,          --,          --,          --,          --,          --,          --,"297,133","277,382","19,750","54,462","53,473",989,"116,273","110,998","5,275",11,1,9
令和元(平成31)年,,2019C.Y.,,"333,493","289,834","43,659","56,851","46,454","10,397","5,385","3,293","2,092","8,860","6,590","2,270","1,616",500,"1,115",848,384,464,"34,126","31,375","2,751","4,383","3,248","1,135",74,34,41,"1,427",963,464,46,25,21,25,0,25,50,21,29,"123,835","104,977","18,858","123,145","104,429","18,716",690,547,142,"10,836","8,198","2,638","1,110",782,328,          --,          --,          --,"6,671","5,403","1,267","11,698","9,929","1,769","9,601","9,136",465,17,2,15,"129,410","120,201","9,209","22,855","22,609",246,"48,531","45,463","3,069","7,342","5,605","1,737","27,275","27,985",-710,155,410,-256,"4,382","5,906","-1,524","3,504","2,007","1,497","6,924","5,931",992,539,357,181,"1,157","1,237",-80,8,1,7,217,74,142,2,          --,2,213,66,147,          --,          --,          --,647,1,646,          --,0,0,          --,          --,          --,          --,          --,          --,"264,606","235,457","29,149","40,085","35,645","4,439","122,239","114,059","8,180",9,5,4
令和2年,,2020C.Y.,,"434,440","367,425","67,015","73,498","62,539","10,960","7,004","5,460","1,544","12,821","10,741","2,080","1,181",415,765,"2,205","1,355",850,"43,834","39,090","4,744","5,975","4,892","1,082",49,57,-8,357,500,-143,32,24,8,5,1,4,6,0,5,"122,488","103,861","18,628","122,359","103,821","18,538",130,40,90,"8,870","10,201","-1,331",256,572,-316,19,19,-1,"4,261","4,981",-720,"6,350","7,853","-1,503","4,742","5,930","-1,189",14,3,11,"223,046","182,867","40,180","14,437","13,321","1,116","112,873","80,107","32,766","5,812","5,711",101,"35,050","33,019","2,031",125,155,-31,"5,069","5,008",61,"1,633","3,312","-1,679","15,225","6,849","8,376","1,162","1,191",-29,"1,222","1,188",34,1,0,0,145,58,87,1,          --,1,53,52,2,          --,          --,          --,41,47,-6,41,          --,41,          --,          --,          --,          --,          --,          --,"352,715","294,397","58,318","50,252","44,567","5,685","97,152","97,909",-757,19,10,9
令和3年,,2021C.Y.,,"434,082","395,942","38,140","102,053","77,741","24,311","14,926","14,000",926,"25,429","12,135","13,295",884,635,248,"1,704",432,"1,272","54,043","45,509","8,534","4,566","4,700",-134,80,43,37,323,268,55,46,14,32,14,1,14,5,2,3,"121,808","110,377","11,431","121,232","110,305","10,928",576,73,503,"8,963","3,125","5,838",3,15,-12,          --,          --,          --,"8,150","2,640","5,510","10,062","5,957","4,104","7,283","4,183","3,100",37,9,28,"190,526","198,226","-7,700","19,584","17,751","1,833","92,414","95,591","-3,178","9,735","7,146","2,589","32,348","31,761",587,745,621,124,"7,124","6,867",256,468,"2,091","-1,624","18,338","21,704","-3,365",680,"3,353","-2,673","1,562","1,487",75,3,3,0,144,84,60,3,          --,3,114,77,36,          --,          --,          --,527,431,96,510,360,150,          --,          --,          --,          --,          --,          --,"321,381","313,270","8,111","59,073","50,535","8,538","79,668","80,716","-1,048",17,3,13
令和4年,,2022C.Y.,,"502,368","439,325","63,043","87,646","70,327","17,319","19,477","18,598",878,"14,318","10,525","3,794","2,529",712,"1,816","1,732",859,873,"42,011","33,340","8,671","6,646","5,910",736,123,108,15,676,247,428,9,14,-5,17,1,17,3,1,2,"118,552","100,135","18,416","112,113","99,832","12,281","6,438",303,"6,135","14,011","6,608","7,402",36,44,-8,5,          --,5,"11,621","4,985","6,635","42,763","41,505","1,258","41,153","39,422","1,731",23,1,22,"238,738","220,065","18,672","23,432","22,629",804,"122,573","111,165","11,408","12,113","10,015","2,099","32,446","31,701",745,"16,301","16,271",29,"8,351","9,165",-814,"1,066",870,197,"15,049","11,108","3,941",132,156,-24,"1,591","1,463",128,1,3,1,106,101,5,-12,          --,-12,91,78,13,          --,          --,          --,553,583,-30,550,580,-30,          --,          --,          --,          --,          --,          --,"400,114","360,592","39,523","49,485","39,620","9,865","100,893","97,597","3,296",6,6,0
令和5年,,2023C.Y.,,"529,764","500,866","28,898","78,821","62,146","16,675","25,428","23,623","1,805","14,052","11,267","2,785","2,972",614,"2,358","1,501",486,"1,015","29,080","20,876","8,204","4,449","4,220",229,196,62,135,990,935,55,34,32,2,15,0,15,28,29,0,"142,877","137,058","5,819","142,268","136,991","5,277",610,67,543,"12,853","11,199","1,654",122,11,111,6,          --,6,"10,300","9,602",698,"28,419","29,976","-1,557","25,539","27,192","-1,653",23,1,22,"266,448","260,048","6,399","20,398","19,716",682,"144,978","140,931","4,047","11,548","8,366","3,182","29,372","30,744","-1,372","22,562","22,250",312,"11,231","10,502",730,"3,336","2,661",675,"18,367","18,360",7,39,126,-87,"1,047",996,51,          --,          --,          --,90,107,-18,-43,          --,-43,125,107,18,          --,          --,          --,256,331,-75,247,330,-83,          --,          --,          --,          --,          --,          --,"436,603","424,788","11,815","34,769","26,127","8,642","103,021","100,560","2,461",1,7,-6
令和6年,,2024C.Y.,,"716,090","687,063","29,027","123,659","107,112","16,547","34,643","32,587","2,056","17,346","10,957","6,389","3,717","1,162","2,554","2,333","1,392",941,"58,528","54,403","4,124","4,430","4,163",266,190,74,116,"2,267","2,353",-86,49,6,42,29,1,28,11,10,1,"221,238","234,086","-12,849","217,731","231,912","-14,181","3,507","2,174","1,332","15,332","17,576","-2,243",18,7,11,27,          --,27,"13,263","16,381","-3,118","56,091","51,128","4,963","52,884","48,008","4,876",331,330,-1,"299,687","277,037","22,650","19,122","19,322",-200,"139,081","139,942",-861,"10,427","8,350","2,077","56,205","48,213","7,992","26,419","25,961",458,"11,755","11,061",695,"2,097","2,901",-804,"18,234","8,861","9,373",198,125,73,"1,413","1,324",88,          --,          --,          --,68,78,-10,-12,          --,-12,77,73,4,          --,          --,          --,17,46,-29,11,46,-35,          --,          --,          --,          --,          --,          --,"576,866","561,167","15,699","65,573","61,003","4,571","142,282","128,197","14,085",136,16,120
令和7年,,2025C.Y.,,"723,997","654,826","69,171","145,887","124,052","21,836","29,351","28,401",951,"17,323","14,210","3,114","4,892","1,493","3,399","2,052",516,"1,536","83,998","71,821","12,177","5,224","5,241",-17,153,33,120,"2,522","2,301",222,76,3,73,79,7,73,25,          --,25,"203,359","187,975","15,384","200,911","182,333","18,579","2,448","5,643","-3,195","25,139","18,731","6,407",12,8,4,3,2,1,"23,092","17,487","5,604","55,275","57,984","-2,708","52,239","55,054","-2,815",9,2,3,"293,976","265,860","28,116","25,345","25,096",249,"143,588","133,842","9,746","8,389","6,330","2,058","48,401","43,342","5,059","29,676","29,230",446,"9,636","10,126",-490,"1,314","3,265","-1,951","15,897","6,441","9,456",194,124,70,"1,259","1,187",72,          --,          --,          --,349,218,131,87,23,63,91,89,3,          --,          --,          --,14,7,7,          --,          --,          --,          --,          --,          --,          --,          --,          --,"552,009","509,914","42,095","92,182","79,429","12,753","134,320","125,544","8,776",1,684,-683
,,,,,,,,,,,,,,,,,,,,,,,,,,,,,,,,,,,,,,,,,,,,,,,,,,,,,,,,,,,,,,,,,,,,,,,,,,,,,,,,,,,,,,,,,,,,,,,,,,,,,,,,,,,,,,,,,,,,,,,,,,,,,,,,,,,,,,,,,,,,,,,,
（月次）,,,,,,,,,,,,,,,,,,,,,,,,,,,,,,,,,,,,,,,,,,,,,,,,,,,,,,,,,,,,,,,,,,,,,,,,,,,,,,,,,,,,,,,,,,,,,,,,,,,,,,,,,,,,,,,,,,,,,,,,,,,,,,,,,,,,,,,,,,,,,,,,
(Monthly figures),,,,,,,,,,,,,,,,,,,,,,,,,,,,,,,,,,,,,,,,,,,,,,,,,,,,,,,,,,,,,,,,,,,,,,,,,,,,,,,,,,,,,,,,,,,,,,,,,,,,,,,,,,,,,,,,,,,,,,,,,,,,,,,,,,,,,,,,,,,,,,,,
平成26年,1月,2014,Jan,"25,371","22,843","2,528","1,910","1,262",647,18,189,-171,974,400,574,132,78,53,44,6,38,708,514,194,          --,49,-49,3,0,3,29,24,5,2,          --,2,          --,0,0,          --,0,0,"1,319",559,760,"1,312",552,760,7,7,0,161,177,-16,          --,          --,          --,          --,0,0,86,77,9,79,567,-489,72,567,-496,3,          --,3,"21,890","20,277","1,614",699,574,125,"11,081","10,920",160,213,30,184,"5,763","5,829",-66,9,6,3,41,78,-37,107,53,54,"1,254",635,619,"1,011",889,121,3,          --,3,          --,0,0,11,0,11,          --,          --,          --,23,0,23,          --,          --,          --,          --,0,0,          --,0,0,          --,          --,          --,          --,          --,          --,"23,316","21,409","1,906",742,588,154,"20,632","19,637",995,2,2,-1
,2月,,Feb,"20,434","21,334",-900,"1,079",745,334,40,          --,40,244,155,89,146,89,56,179,47,132,427,424,4,0,0,0,1,          --,1,41,29,12,          --,          --,          --,          --,0,0,          --,          --,          --,"1,171",984,187,"1,159",941,219,12,43,-31,100,53,46,          --,          --,          --,1,1,0,37,25,12,41,3,38,34,3,31,3,          --,3,"18,037","19,549","-1,513",539,408,131,"9,148","8,794",354,229,10,219,"4,737","6,103","-1,365",6,22,-16,339,173,165,18,66,-48,461,701,-240,"1,290","1,331",-42,4,3,1,          --,0,0,7,0,7,          --,          --,          --,19,0,19,          --,          --,          --,          --,          --,          --,          --,          --,          --,          --,          --,          --,          --,          --,          --,"19,411","20,583","-1,172",470,453,16,"17,574","18,830","-1,256",1,5,-3
,3月,,Mar,"26,165","20,783","5,382","2,019","1,430",588,245,34,211,320,205,115,248,154,93,52,6,46,950,957,-7,76,26,51,16,3,13,112,43,68,          --,          --,          --,          --,          --,          --,          --,2,-2,"2,774",670,"2,104","2,743",656,"2,087",31,13,18,743,293,451,          --,0,0,          --,0,0,665,240,425,535,137,398,523,137,386,8,          --,8,"20,078","18,249","1,829","1,062",816,247,"8,654","7,114","1,540",226,23,203,"6,425","6,496",-71,30,16,13,142,99,43,340,19,321,200,443,-243,"1,161","1,368",-207,19,          --,19,1,          --,1,13,1,13,          --,          --,          --,24,0,24,          --,          --,          --,2,4,-1,2,          --,2,          --,          --,          --,          --,          --,          --,"23,423","19,061","4,361","1,154","1,029",125,"19,876","17,785","2,091",4,3,1
,4月,,Apr,"22,900","23,070",-170,"1,146","1,236",-90,101,224,-123,221,422,-201,84,64,20,94,5,89,581,449,133,22,2,21,0,1,-1,42,70,-28,1,1,0,1,          --,1,          --,          --,          --,"1,917","1,258",659,"1,909","1,253",655,8,5,3,113,300,-187,          --,          --,          --,          --,0,0,48,272,-224,261,722,-461,258,716,-458,3,7,-3,"19,446","19,551",-105,517,595,-78,"15,596","15,999",-402,301,339,-38,798,431,367,25,47,-22,155,40,115,118,81,37,228,154,74,"1,190","1,480",-290,7,          --,7,          --,0,0,15,2,13,          --,          --,          --,27,0,27,          --,          --,          --,1,          --,1,1,          --,1,          --,          --,          --,          --,          --,          --,"21,705","21,538",167,647,522,125,"19,218","19,395",-177,3,0,3
,5月,,May,"26,909","25,273","1,636","2,249","1,809",440,26,4,22,"1,202","1,031",171,136,48,88,50,1,49,793,680,113,          --,          --,          --,3,          --,3,39,44,-5,          --,          --,          --,          --,1,-1,          --,          --,          --,"3,117","2,824",292,"3,103","2,813",289,14,11,3,193,153,40,          --,3,-3,          --,          --,          --,132,78,54,132,109,23,128,109,19,3,          --,3,"20,868","20,378",490,399,499,-100,"11,651","11,621",30,302,153,149,"4,770","4,161",609,3,16,-13,458,703,-245,98,255,-157,647,95,552,"1,037","1,379",-342,5,          --,5,          --,          --,          --,350,0,350,          --,          --,          --,24,0,24,          --,          --,          --,1,          --,1,          --,          --,          --,          --,          --,          --,          --,          --,          --,"24,491","23,311","1,180",835,725,110,"20,220","20,277",-57,2,          --,2
,6月,,Jun,"29,840","26,174","3,666","2,671","1,641","1,030",593,123,470,335,578,-243,702,127,575,87,18,69,917,754,163,1,          --,1,1,3,-2,33,39,-6,          --,          --,          --,          --,          --,          --,          --,          --,          --,"1,643",761,882,"1,638",761,877,4,          --,4,328,83,245,          --,          --,          --,          --,0,0,220,32,188,804,38,766,646,38,608,4,1,3,"24,380","23,650",730,739,368,371,"14,523","14,924",-401,252,63,189,"4,959","4,212",748,55,30,24,180,102,79,149,130,19,456,607,-151,"1,282","1,435",-153,6,          --,6,          --,          --,          --,14,0,14,          --,          --,          --,26,0,25,          --,          --,          --,          --,          --,          --,          --,          --,          --,          --,          --,          --,          --,          --,          --,"26,747","24,468","2,279",951,795,156,"23,889","23,019",870,0,1,-1
,7月,,Jul,"39,623","39,663",-40,"1,665","1,261",404,179,472,-294,456,217,240,146,71,75,44,12,32,785,437,348,3,0,3,0,0,0,50,51,-1,          --,0,0,1,          --,1,          --,0,0,"1,154","1,812",-659,"1,136","1,795",-660,18,17,1,308,74,235,          --,2,-2,          --,0,0,229,15,213,45,636,-591,40,585,-545,3,          --,3,"36,433","35,881",552,723,377,347,"24,764","24,992",-227,255,25,230,"6,705","6,657",48,3,32,-29,86,236,-150,258,59,199,683,400,283,668,592,76,21,12,10,          --,0,0,18,0,18,          --,          --,          --,30,0,30,          --,          --,          --,          --,          --,          --,          --,          --,          --,          --,          --,          --,          --,          --,          --,"37,655","38,292",-637,839,488,351,"35,749","35,467",282,          --,0,0
,8月,,Aug,"23,709","22,546","1,163","2,001","1,394",608,132,122,10,377,171,206,168,71,97,44,2,42,810,688,122,425,290,135,1,0,1,39,49,-10,4,1,3,          --,          --,          --,          --,          --,          --,"1,299","1,122",177,"1,281","1,085",195,19,37,-18,110,84,27,0,4,-4,          --,0,0,24,40,-16,55,15,40,48,9,38,3,1,2,"20,224","19,931",293,472,638,-166,"8,064","8,487",-424,435,120,315,"7,032","6,992",39,1,6,-4,77,31,47,522,55,468,191,617,-426,873,781,92,9,2,6,          --,0,0,19,1,18,          --,          --,          --,30,0,30,          --,          --,          --,          --,          --,          --,          --,          --,          --,          --,          --,          --,          --,          --,          --,"21,596","21,068",528,"1,279","1,028",251,"20,031","19,307",724,          --,0,0
,9月,,Sep,"28,286","24,773","3,513","2,733","1,951",782,695,188,506,461,329,132,195,223,-28,89,2,87,"1,136","1,139",-2,0,25,-25,3,          --,3,152,44,108,1,          --,1,          --,0,0,1,          --,1,"1,888","1,189",698,"1,839","1,172",667,49,18,31,158,174,-16,5,0,5,          --,0,0,24,117,-92,804,65,739,800,65,735,4,0,4,"22,673","21,393","1,280",738,467,271,"9,433","9,288",145,657,244,414,"8,598","8,724",-126,6,8,-3,261,85,176,206,104,102,"1,332",598,734,922,"1,188",-267,19,4,15,1,          --,1,19,0,19,          --,          --,          --,30,0,30,          --,          --,          --,11,0,11,          --,0,0,          --,          --,          --,          --,          --,          --,"25,441","22,650","2,791","1,292","1,208",84,"21,338","20,773",565,12,          --,12
,10月,,Oct,"25,382","26,221",-840,"2,041","3,146","-1,106",200,594,-393,599,"1,447",-848,173,118,54,43,1,42,972,808,164,7,          --,7,          --,0,0,43,178,-134,3,          --,3,          --,          --,          --,          --,          --,          --,"1,407","1,172",236,"1,393","1,145",248,15,27,-12,150,138,12,          --,0,0,          --,0,0,44,98,-55,66,679,-613,58,679,-621,3,          --,3,"21,696","21,086",610,589,719,-130,"8,474","8,475",-1,390,101,289,"9,004","8,625",379,1,11,-11,171,310,-139,254,114,139,762,761,1,"1,706","1,647",59,5,          --,5,          --,0,0,21,0,21,          --,          --,          --,33,0,33,          --,          --,          --,          --,          --,          --,          --,          --,          --,          --,          --,          --,          --,          --,          --,"23,195","22,935",260,"1,026",986,40,"20,931","20,306",625,0,0,0
,11月,,Nov,"17,318","16,710",608,"1,471","1,258",213,120,201,-80,285,240,45,162,102,60,65,66,-2,790,592,198,0,12,-11,          --,0,0,46,44,2,1,          --,1,          --,          --,          --,          --,          --,          --,"3,412","3,156",256,"3,383","3,139",244,29,16,12,87,190,-103,          --,          --,          --,          --,0,0,35,158,-123,101,18,83,78,1,77,4,          --,4,"12,165","12,088",77,618,551,67,"3,595","3,466",129,264,73,192,"5,953","5,964",-11,1,10,-9,142,205,-63,180,171,9,222,495,-273,681,712,-32,5,4,1,          --,          --,          --,82,0,82,          --,          --,          --,30,0,30,          --,          --,          --,1,0,0,          --,          --,          --,          --,          --,          --,          --,          --,          --,"15,768","15,310",457,838,648,189,"11,941","11,580",361,0,          --,0
,12月,,Dec,"45,297","41,098","4,199","4,854","1,922","2,932",823,219,604,"2,433",436,"1,998",199,79,119,125,51,74,"1,081","1,068",14,29,          --,29,2,5,-2,158,44,114,2,20,-18,          --,          --,          --,          --,0,0,"23,682","21,688","1,994","23,680","21,686","1,995",1,2,-1,377,382,-5,16,0,16,          --,0,0,256,237,19,715,31,684,704,30,673,3,1,3,"15,619","17,067","-1,449",736,506,231,"2,219","2,717",-498,287,548,-261,"8,679","8,515",164,4,37,-33,139,285,-147,"1,660","1,556",104,233,407,-174,698,846,-148,26,0,26,          --,          --,          --,48,7,41,          --,          --,          --,12,6,5,          --,          --,          --,3,          --,3,2,          --,2,          --,          --,          --,          --,          --,          --,"40,183","38,837","1,346","1,273","1,137",136,"15,377","16,641","-1,264",          --,          --,          --
平成27年,1月,2015,Jan,"18,598","19,190",-591,"2,416","2,354",62,276,638,-362,819,810,8,97,69,28,54,9,45,"1,072",650,423,43,27,16,          --,2,-2,54,148,-94,1,          --,1,          --,1,-1,          --,          --,          --,"2,284","2,164",120,"2,249","2,137",112,35,27,8,356,188,169,          --,3,-3,          --,0,0,241,119,123,39,637,-598,35,637,-602,3,          --,3,"13,496","13,832",-336,575,603,-29,"3,162","3,236",-74,293,29,264,"7,496","7,599",-103,15,9,7,130,332,-202,210,234,-24,318,451,-133,"1,063","1,032",31,12,13,-1,          --,          --,          --,6,12,-7,          --,          --,          --,19,0,19,          --,          --,          --,1,3,-2,          --,          --,          --,          --,          --,          --,          --,          --,          --,"15,859","16,657",-798,"1,170",827,343,"13,175","13,366",-191,          --,0,0
,2月,,Feb,"16,184","14,692","1,491","1,755","1,570",186,137,183,-45,249,188,61,174,103,71,41,1,41,"1,049","1,052",-4,19,2,17,27,3,24,53,38,15,5,          --,5,          --,          --,          --,1,0,0,"4,665","5,270",-605,"4,624","5,241",-617,42,29,12,299,77,222,          --,          --,          --,          --,0,0,177,38,139,205,136,69,67,2,65,3,          --,3,"9,266","7,638","1,628",536,476,60,"2,079","2,212",-133,267,33,234,"4,450","3,880",570,1,10,-10,227,42,185,686,198,487,575,454,121,244,235,9,7,          --,7,          --,          --,          --,-6,1,-7,          --,          --,          --,6,          --,6,          --,          --,          --,          --,0,0,          --,          --,          --,          --,          --,          --,          --,          --,          --,"14,029","12,907","1,123","1,153","1,095",58,"8,686","7,161","1,525",          --,          --,          --
,3月,,Mar,"16,533","13,413","3,119","3,100","1,769","1,330",674,174,500,418,222,196,200,104,96,82,1,81,"1,238","1,061",177,256,101,156,17,0,17,212,92,119,2,          --,2,          --,          --,          --,          --,1,-1,"3,623","2,949",675,"3,591","2,920",672,32,29,3,279,424,-145,2,0,2,          --,0,0,201,365,-164,644,"1,051",-407,639,"1,038",-399,3,          --,3,"8,885","7,214","1,671",916,618,298,"2,893","2,191",702,431,335,96,"1,060","1,213",-153,39,27,12,195,53,142,302,265,38,"1,320",567,753,"1,103","1,332",-228,11,4,7,          --,          --,          --,2,7,-5,          --,          --,          --,16,2,14,          --,          --,          --,0,          --,0,          --,          --,          --,          --,          --,          --,          --,          --,          --,"13,220","11,200","2,020","1,725","1,254",471,"7,560","6,625",935,7,          --,7
,4月,,Apr,"19,866","19,951",-85,"1,994","1,990",4,130,463,-333,478,239,239,111,98,13,44,4,41,"1,038",881,158,130,223,-93,          --,0,0,61,81,-20,1,0,1,          --,          --,          --,          --,          --,          --,"4,000","3,898",102,"3,975","3,868",107,25,30,-5,109,52,57,          --,2,-2,0,0,0,65,21,43,63,632,-570,62,632,-570,0,          --,0,"13,629","13,373",256,510,759,-249,"8,073","8,406",-333,428,108,320,"2,187","1,510",677,4,40,-36,207,356,-150,303,179,125,515,783,-268,"1,277","1,161",115,6,3,3,          --,2,-2,71,5,66,          --,          --,          --,20,0,19,          --,          --,          --,          --,0,0,          --,0,0,          --,          --,          --,          --,          --,          --,"17,784","17,912",-127,"1,230","1,185",45,"13,111","12,545",566,          --,2,-2
,5月,,May,"11,809","9,973","1,836","1,747",984,762,66,52,15,657,243,415,140,37,103,115,2,113,709,546,163,12,          --,12,3,          --,3,43,99,-57,          --,3,-3,          --,          --,          --,          --,          --,          --,"2,507","1,509",998,"2,484","1,482","1,001",24,27,-3,137,106,31,          --,          --,          --,          --,0,0,93,66,27,44,29,15,44,29,15,0,          --,0,"7,350","7,345",5,701,687,14,"3,924","3,402",522,389,175,214,"1,165","1,017",148,4,12,-8,204,218,-14,117,142,-25,203,652,-449,506,842,-336,1,          --,1,          --,          --,          --,13,0,13,          --,          --,          --,27,0,27,          --,          --,          --,11,          --,11,          --,          --,          --,          --,          --,          --,          --,          --,          --,"10,003","8,885","1,118",767,650,117,"7,144","6,679",465,4,          --,4
,6月,,Jun,"20,822","21,955","-1,133","2,406","2,140",266,677,297,380,362,787,-425,135,73,62,52,2,50,915,935,-21,115,0,115,15,          --,15,134,45,88,1,1,0,0,          --,0,0,          --,0,"2,074","1,629",445,"2,041","1,599",442,33,30,3,111,93,19,          --,2,-2,10,0,10,55,25,30,524,23,501,524,23,501,0,1,-1,"15,697","18,052","-2,355",312,241,71,"8,317","11,319","-3,002",460,744,-284,"2,052","1,811",241,91,15,76,629,587,42,316,191,125,"1,386",954,432,"1,100","1,222",-122,852,838,14,1,0,1,9,11,-2,          --,          --,          --,22,0,22,          --,          --,          --,          --,6,-6,          --,          --,          --,          --,          --,          --,          --,          --,          --,"18,331","19,721","-1,390","1,180",982,198,"14,302","17,092","-2,790",1,1,0
,7月,,Jul,"13,376","17,126","-3,750","2,550","1,850",700,240,408,-167,363,238,126,165,54,111,444,          --,444,"1,205",874,330,24,144,-121,25,0,25,78,132,-54,4,          --,4,          --,          --,          --,          --,0,0,"1,061","1,134",-73,"1,046","1,109",-63,16,25,-10,321,"3,243","-2,922",1,2,-2,22,1,21,234,"3,194","-2,960",126,546,-420,56,474,-418,0,3,-3,"9,296","10,343","-1,047",499,650,-151,"4,611","5,685","-1,074",420,43,377,"1,537","1,361",175,279,7,272,277,467,-190,188,79,109,217,758,-542,"1,133","1,149",-16,1,1,0,          --,0,0,15,10,5,          --,          --,          --,28,0,28,          --,          --,          --,7,          --,7,          --,          --,          --,          --,          --,          --,          --,          --,          --,"10,845","11,967","-1,122","1,335","1,151",184,"9,076","9,560",-484,14,0,14
,8月,,Aug,"10,091","9,472",619,"2,297","1,773",524,339,194,144,391,354,37,126,79,47,51,5,46,"1,189","1,071",118,115,4,110,24,24,0,57,41,16,1,          --,1,          --,          --,          --,          --,          --,          --,"2,380","2,472",-92,"2,363","2,450",-87,18,23,-5,161,15,146,          --,          --,          --,0,0,0,49,4,45,216,135,80,80,1,79,0,          --,0,"5,025","5,068",-43,462,442,20,"1,153","1,333",-180,534,218,317,"1,776","1,855",-79,7,9,-2,222,258,-36,231,183,48,184,92,92,337,455,-118,3,          --,3,          --,          --,          --,11,5,5,1,          --,1,23,          --,23,          --,          --,          --,2,3,-2,          --,1,-1,          --,          --,          --,          --,          --,          --,"7,520","7,551",-32,"1,386","1,141",245,"4,836","4,961",-125,          --,          --,          --
,9月,,Sep,"12,366","13,734","-1,368","2,726","1,789",937,560,276,284,334,162,173,114,72,43,91,12,79,"1,269","1,176",93,157,19,138,28,24,4,169,49,120,2,          --,2,1,          --,1,0,0,0,"1,809","1,136",673,"1,797","1,119",678,12,17,-5,130,114,16,          --,3,-3,1,0,1,75,20,55,474,10,464,468,10,457,0,          --,0,"7,203","10,678","-3,474",553,"4,726","-4,173","1,971","1,117",855,431,299,133,"2,157","2,408",-251,6,12,-5,473,266,207,138,264,-126,170,147,22,"1,165","1,334",-169,10,          --,10,          --,0,0,23,5,17,          --,          --,          --,36,0,36,          --,          --,          --,1,1,0,          --,          --,          --,          --,          --,          --,          --,          --,          --,"9,552","11,835","-2,283","1,626","1,268",358,"7,027","10,505","-3,478",          --,0,0
,10月,,Oct,"10,585","9,281","1,304","2,449","2,070",379,386,727,-341,393,257,136,127,70,57,79,4,75,"1,243",787,456,52,          --,52,63,28,35,70,187,-117,5,2,4,          --,          --,          --,30,          --,30,"1,845","1,121",724,"1,828","1,104",724,17,17,0,186,64,122,          --,0,0,          --,0,0,88,24,64,55,438,-383,53,438,-384,0,          --,0,"6,030","5,587",442,448,435,12,"1,508","1,344",164,450,166,284,"1,782","1,621",161,4,10,-6,245,447,-202,128,214,-85,239,180,59,"1,058","1,123",-64,          --,3,-3,          --,0,0,20,          --,20,          --,          --,          --,33,          --,33,          --,          --,          --,          --,2,-2,          --,1,-1,          --,          --,          --,          --,          --,          --,"7,992","7,150",842,"1,433","1,007",426,"5,788","5,398",390,          --,0,0
,11月,,Nov,"12,365","10,057","2,308","2,921","2,213",708,428,351,77,652,309,343,113,56,56,64,9,55,"1,539","1,264",275,8,99,-92,30,62,-32,72,58,14,4,2,2,0,          --,0,1,          --,1,"3,849","2,102","1,747","3,832","2,059","1,774",17,44,-26,166,58,108,18,0,18,22,0,22,65,16,49,39,9,30,37,9,28,0,          --,0,"5,377","5,670",-292,477,810,-333,"1,570",976,594,465,300,165,"1,520","1,484",36,27,11,16,361,299,62,43,44,-1,207,185,22,555,505,50,2,8,-6,          --,          --,          --,13,5,8,          --,          --,          --,26,          --,26,          --,          --,          --,          --,1,-1,          --,1,-1,          --,          --,          --,          --,          --,          --,"9,331","7,793","1,538","1,653","1,486",167,"5,165","5,476",-311,          --,          --,          --
,12月,,Dec,"14,946","12,425","2,521","3,228","2,314",913,"1,165",544,621,499,616,-117,244,81,164,77,14,63,"1,045",923,121,116,22,94,15,          --,15,65,97,-32,2,1,1,0,          --,0,          --,1,-1,"2,388","1,867",522,"2,370","1,846",524,18,21,-2,223,444,-222,          --,0,0,          --,0,0,120,398,-278,491,43,448,488,42,445,1,1,0,"8,439","7,729",710,745,442,303,"1,657","1,561",96,464,84,381,"3,035","2,562",473,32,12,20,558,382,176,199,344,-145,243,386,-143,"1,363","1,262",100,3,          --,3,0,          --,0,173,10,163,          --,          --,          --,56,0,56,          --,          --,          --,3,17,-14,2,          --,2,          --,          --,          --,          --,          --,          --,"11,520","9,663","1,857","1,243","1,044",199,"8,193","7,319",874,0,          --,0
平成28年,1月,2016,Jan,"10,922","10,714",208,"1,846","2,082",-235,391,917,-526,421,278,143,158,126,31,49,20,29,628,467,160,106,39,67,30,34,-3,62,186,-124,1,1,0,1,0,1,          --,          --,          --,"1,365","1,363",2,"1,338","1,340",-2,26,22,4,72,38,34,          --,1,-1,          --,0,0,18,4,13,113,486,-374,44,417,-373,0,0,-1,"7,493","6,727",766,316,392,-76,"2,248","2,168",80,559,222,337,"2,876","2,142",733,2,12,-10,275,553,-277,25,106,-81,167,68,99,"1,003","1,030",-26,1,1,0,          --,0,0,34,19,15,          --,          --,          --,35,14,21,          --,          --,          --,          --,          --,          --,          --,          --,          --,          --,          --,          --,          --,          --,          --,"8,948","8,531",417,828,728,100,"7,325","6,643",682,1,0,1
,2月,,Feb,"13,491","10,362","3,129","1,652","1,076",576,212,196,16,342,213,130,104,67,37,51,2,49,834,509,325,10,          --,10,31,28,3,65,56,9,2,4,-2,          --,          --,          --,0,1,0,"1,822","1,264",558,"1,804","1,202",602,18,61,-43,86,118,-32,          --,          --,          --,          --,6,-6,36,93,-57,177,157,20,41,          --,41,0,23,-23,"9,720","7,733","1,987",238,163,74,"4,858","4,243",615,455,41,414,"2,804","2,401",403,2,9,-7,367,251,116,163,52,111,332,96,235,444,422,22,4,          --,4,          --,          --,          --,34,14,19,          --,          --,          --,35,9,26,          --,          --,          --,          --,          --,          --,          --,          --,          --,          --,          --,          --,          --,          --,          --,"11,627","9,026","2,601",943,598,345,"9,385","7,618","1,767",1,          --,1
,3月,,Mar,"31,382","21,089","10,293","3,743","2,480","1,264",995,261,734,492,"1,007",-515,195,141,54,141,6,136,"1,443",876,567,328,82,246,32,28,4,111,77,34,5,0,4,          --,          --,          --,1,1,0,"4,293","2,789","1,504","4,264","2,762","1,502",30,27,2,241,86,155,          --,          --,          --,1,0,1,149,58,92,551,10,541,549,9,540,0,0,0,"22,510","15,705","6,805",637,414,223,"9,075","7,223","1,851",776,95,682,"9,484","5,873","3,611",2,13,-11,645,368,277,199,118,81,197,96,101,"1,367","1,317",49,3,6,-3,          --,1,-1,37,19,18,          --,          --,          --,38,3,35,          --,          --,          --,6,          --,6,2,          --,2,          --,          --,          --,          --,          --,          --,"27,493","18,524","8,969","1,918","1,063",855,"22,309","15,608","6,701",          --,1,-1
,4月,,Apr,"30,328","31,163",-835,"2,367","2,515",-148,343,689,-346,410,278,132,170,107,63,56,93,-38,"1,195","1,103",92,109,183,-74,2,2,1,81,60,21,0,          --,0,          --,          --,          --,          --,0,0,"10,026","9,494",532,"9,990","9,479",511,36,15,21,291,54,237,          --,1,-1,52,0,52,174,27,147,87,539,-452,74,539,-465,0,          --,0,"17,539","18,552","-1,013",425,540,-115,"10,368","10,663",-296,858,70,789,"4,178","5,316","-1,139",2,10,-8,377,578,-201,22,127,-104,180,155,25,"1,061","1,056",6,4,1,3,          --,0,0,18,8,10,          --,          --,          --,20,2,17,          --,          --,          --,          --,          --,          --,          --,          --,          --,          --,          --,          --,          --,          --,          --,"27,692","28,686",-994,"1,388","1,347",41,"17,356","18,370","-1,014",          --,0,0
,5月,,May,"34,095","30,028","4,068","3,596","3,336",260,304,282,21,289,212,78,121,79,42,48,4,44,"2,738","2,668",71,2,11,-9,28,29,-1,57,51,6,5,          --,5,          --,          --,          --,          --,1,-1,"10,682","9,728",954,"10,662","9,712",950,21,16,4,76,135,-60,          --,21,-21,          --,0,0,30,          --,30,50,29,21,41,29,12,-1,0,-1,"19,623","16,791","2,832",408,395,12,"10,783","9,940",843,400,95,305,"6,677","5,365","1,312",20,16,4,674,343,331,78,24,54,127,133,-6,427,446,-18,3,0,3,          --,          --,          --,59,5,54,          --,          --,          --,29,          --,29,          --,          --,          --,9,3,6,1,3,-2,          --,          --,          --,          --,          --,          --,"30,424","26,578","3,846","2,831","2,759",72,"19,492","16,635","2,858",          --,          --,          --
,6月,,Jun,"48,323","35,538","12,785","15,463","3,177","12,286",570,341,229,"1,669",355,"1,314",138,92,46,62,12,50,"12,713","2,294","10,419",135,0,135,23,27,-3,144,55,89,6,          --,6,          --,          --,          --,1,3,-2,"15,234","14,737",497,"15,218","14,712",505,16,25,-8,273,187,86,0,3,-3,0,0,0,112,135,-24,548,34,514,543,26,517,-1,1,-1,"16,802","17,398",-595,533,319,214,"8,084","8,258",-175,400,342,58,"5,543","5,930",-387,17,11,6,523,428,95,140,97,43,155,173,-18,"1,318","1,252",66,11,14,-3,          --,0,0,2,3,-1,          --,          --,          --,4,3,1,          --,          --,          --,1,2,-1,1,2,-1,          --,          --,          --,          --,          --,          --,"32,640","32,173",467,"13,022","2,375","10,646","16,645","17,204",-560,          --,0,0
,7月,,Jul,"47,091","28,539","18,552","19,640","4,773","14,867",336,471,-135,384,238,146,137,117,20,60,1,59,"18,174","3,560","14,614",419,189,229,26,28,-2,89,166,-78,2,3,-1,          --,          --,          --,1,          --,1,"11,658","11,385",273,"11,642","11,371",271,16,14,2,653,165,488,          --,1,-1,          --,0,0,581,114,466,124,504,-380,64,504,-440,-1,          --,-1,"15,007","11,705","3,302",803,686,117,"5,918","4,395","1,523",556,172,384,"5,612","4,678",934,66,14,52,545,732,-187,305,45,260,353,84,269,725,726,-1,90,88,2,1,          --,1,7,6,0,          --,          --,          --,8,6,2,          --,          --,          --,2,          --,2,2,          --,2,          --,          --,          --,          --,          --,          --,"26,786","23,596","3,190","18,710","3,946","14,764","14,651","11,608","3,043",1,          --,1
,8月,,Aug,"36,195","48,892","-12,697","8,498","29,014","-20,516",232,145,88,313,158,155,"2,267",144,"2,123",49,2,47,"5,515","28,447","-22,932",14,20,-6,28,29,-1,75,67,8,3,2,2,          --,          --,          --,0,          --,0,"11,189","9,937","1,252","11,172","9,899","1,273",17,38,-21,893,149,744,          --,          --,          --,          --,0,0,842,118,723,239,152,87,104,15,88,0,          --,0,"15,367","9,634","5,733",571,481,91,"3,392","2,178","1,214",649,235,414,"6,822","5,539","1,283",1,8,-7,446,725,-280,310,27,283,111,79,32,290,229,61,90,102,-12,1,0,1,4,6,-2,          --,          --,          --,6,6,0,          --,          --,          --,5,1,5,          --,          --,          --,          --,          --,          --,          --,          --,          --,"26,706","19,588","7,118","5,636","28,565","-22,929","15,252","9,536","5,717",1,1,0
,9月,,Sep,"25,286","25,269",17,"6,379","5,636",743,662,269,394,330,525,-195,78,32,46,130,9,121,"4,613","4,554",59,331,136,195,48,29,20,179,77,102,1,3,-2,          --,          --,          --,1,3,-2,"10,171","10,165",6,"10,055","10,127",-73,116,38,78,225,398,-173,          --,          --,          --,          --,0,0,139,337,-198,735,82,653,734,82,652,0,          --,0,"7,749","8,985","-1,236",678,522,156,"2,150","1,743",407,667,324,343,"1,817","4,374","-2,557",2,7,-5,557,437,120,151,56,95,122,126,-4,"1,208","1,206",2,111,105,6,1,          --,1,26,0,26,0,          --,0,28,          --,28,          --,          --,          --,          --,2,-2,          --,2,-2,          --,          --,          --,          --,          --,          --,"18,781","19,237",-456,"5,172","4,799",373,"7,622","8,841","-1,219",1,          --,1
,10月,,Oct,"20,099","19,361",737,"4,940","5,257",-317,168,411,-243,255,210,46,89,35,54,102,1,101,"4,187","4,189",-2,41,185,-144,35,20,15,62,184,-121,1,          --,1,          --,          --,          --,1,0,1,"8,163","7,927",236,"8,160","7,913",248,2,14,-12,270,31,240,          --,1,-1,5,0,5,213,6,207,37,638,-602,37,638,-601,-1,1,-1,"6,687","5,504","1,184",568,558,10,"1,946","1,740",206,666,309,357,"1,373",855,518,13,10,3,371,474,-103,254,215,39,176,167,9,851,872,-21,111,110,1,          --,          --,          --,1,2,-1,          --,          --,          --,3,2,1,          --,          --,          --,          --,2,-2,          --,2,-2,          --,          --,          --,          --,          --,          --,"14,671","13,908",763,"4,326","4,578",-252,"6,193","5,159","1,034",          --,          --,          --
,11月,,Nov,"21,877","15,540","6,337","4,645","4,802",-156,76,137,-61,251,239,12,120,71,49,77,44,33,"4,063","4,135",-71,21,51,-30,2,20,-18,34,104,-70,0,          --,0,0,1,0,0,0,0,"7,117","6,349",767,"7,115","6,348",767,2,1,1,142,288,-146,          --,          --,          --,          --,0,0,68,260,-192,48,4,44,36,4,32,-1,          --,-1,"9,895","4,085","5,810",549,498,51,"2,941","1,651","1,290",728,301,427,"1,621",556,"1,065",12,14,-2,475,400,75,144,13,131,150,134,16,344,275,69,88,81,7,          --,          --,          --,28,11,17,2,          --,2,28,11,17,          --,          --,          --,2,1,1,1,1,0,          --,          --,          --,          --,          --,          --,"17,123","10,483","6,640","4,121","4,310",-189,"9,742","3,939","5,803",1,          --,1
,12月,,Dec,"27,305","24,982","2,322","6,667","5,793",874,163,445,-281,366,198,168,100,79,20,50,14,36,"5,110","4,370",740,744,650,94,5,0,5,125,36,88,0,1,-1,1,          --,1,1,          --,1,"11,041","10,117",924,"11,037","10,114",923,5,3,1,283,147,136,0,          --,0,          --,0,0,171,105,65,872,76,797,873,75,798,-1,0,-1,"8,351","8,849",-497,579,454,125,"2,535","3,971","-1,436",911,473,438,"2,086","1,586",501,22,17,6,533,621,-88,81,136,-55,299,89,210,"1,159","1,387",-228,77,83,-6,1,          --,1,66,0,66,          --,          --,          --,68,0,67,          --,          --,          --,24,          --,24,3,          --,3,          --,          --,          --,          --,          --,          --,"20,310","19,055","1,255","5,984","5,058",926,"8,044","8,741",-697,3,          --,3
平成29年,1月,2017,Jan,"27,588","27,541",47,"5,088","5,476",-389,95,284,-190,329,287,42,275,82,193,63,40,23,"4,323","4,255",69,          --,387,-387,1,7,-6,0,133,-132,          --,          --,          --,1,          --,1,0,1,-1,"10,613","10,159",454,"10,601","10,158",443,12,1,11,815,344,471,          --,1,-1,          --,0,0,739,302,437,248,952,-703,109,818,-709,-1,5,-6,"10,815","10,607",208,848,826,22,"3,535","3,793",-258,"1,214",890,324,"2,931","3,421",-489,13,10,3,348,492,-144,272,14,258,244,122,123,819,836,-17,74,72,2,1,          --,1,9,3,6,          --,          --,          --,7,2,6,          --,          --,          --,          --,          --,          --,          --,          --,          --,          --,          --,          --,          --,          --,          --,"21,598","21,632",-33,"4,325","4,781",-456,"10,566","10,458",108,3,          --,3
,2月,,Feb,"32,787","30,511","2,276","6,348","5,642",706,113,88,25,509,140,369,102,68,34,95,14,81,"5,303","4,929",374,213,403,-190,0,0,0,5,          --,5,8,          --,8,          --,          --,          --,          --,          --,          --,"9,322","8,138","1,184","9,315","8,138","1,178",7,0,7,160,98,61,          --,3,-3,          --,0,0,107,54,53,259,199,59,124,64,59,0,          --,0,"16,688","16,433",255,585,535,50,"4,579","4,249",330,575,379,195,"4,296","4,805",-509,3,13,-10,279,225,55,69,23,45,141,77,64,342,225,117,72,69,2,          --,          --,          --,12,1,10,          --,          --,          --,10,1,9,          --,          --,          --,          --,          --,          --,          --,          --,          --,          --,          --,          --,          --,          --,          --,"26,230","24,652","1,578","5,529","5,332",197,"16,533","16,347",186,0,          --,0
,3月,,Mar,"32,920","30,211","2,709","9,568","9,453",115,261,136,126,540,"1,351",-811,163,110,53,230,4,226,"7,569","7,467",102,677,355,322,0,1,-1,120,21,99,4,          --,4,2,          --,2,0,          --,0,"11,037","9,941","1,096","11,012","9,907","1,105",25,34,-10,"1,752",884,868,          --,0,0,          --,          --,          --,"1,691",858,834,895,230,665,743,137,607,2,8,-6,"9,635","9,665",-31,790,558,232,"3,066","3,721",-654,957,491,466,"2,296","2,343",-47,3,9,-6,376,453,-77,45,51,-6,154,105,49,"1,033","1,040",-7,141,125,16,          --,          --,          --,30,38,-8,          --,          --,          --,28,38,-9,          --,          --,          --,3,          --,3,          --,          --,          --,          --,          --,          --,          --,          --,          --,"21,614","19,725","1,889","8,373","7,845",528,"9,442","9,517",-75,18,          --,18
,4月,,Apr,"36,697","32,567","4,130","9,598","5,917","3,681",117,173,-56,332,369,-37,106,62,44,104,3,100,"8,888","4,836","4,051",36,348,-312,          --,0,0,12,125,-114,3,          --,3,1,1,0,0,          --,0,"13,636","11,316","2,320","13,602","11,315","2,288",33,1,32,150,56,94,          --,          --,          --,          --,0,0,79,6,73,33,550,-517,32,548,-516,0,2,-2,"13,239","14,724","-1,485",760,919,-160,"4,126","5,490","-1,365",705,405,300,"5,315","4,033","1,282",4,15,-11,"1,157",907,250,54,4,50,157,90,67,732,827,-95,125,124,0,1,          --,1,41,4,37,          --,          --,          --,39,4,35,          --,          --,          --,          --,          --,          --,          --,          --,          --,          --,          --,          --,          --,          --,          --,"27,011","26,593",418,"8,939","5,311","3,629","13,077","14,620","-1,544",1,          --,1
,5月,,May,"37,217","35,473","1,744","7,249","6,231","1,018",67,75,-8,757,279,478,170,54,116,144,27,117,"5,880","5,753",127,52,31,21,174,          --,174,2,8,-6,1,          --,1,1,          --,1,          --,          --,          --,"17,428","18,833","-1,405","17,369","18,730","-1,361",59,103,-44,154,57,96,          --,1,-1,          --,0,0,74,11,63,132,87,45,131,87,43,0,          --,0,"12,223","10,253","1,970",780,825,-46,"4,485","4,043",442,790,352,438,"4,186","3,071","1,115",234,41,193,658,"1,033",-376,48,25,23,176,93,83,384,336,48,153,132,21,0,          --,0,28,11,17,          --,          --,          --,26,11,15,          --,          --,          --,3,          --,3,3,          --,3,          --,          --,          --,          --,          --,          --,"29,922","29,196",727,"6,111","5,793",318,"12,044","10,132","1,912",0,          --,0
,6月,,Jun,"38,010","37,616",394,"6,484","7,079",-596,302,138,164,367,344,23,113,95,18,91,4,87,"5,084","6,112","-1,028",428,377,51,6,0,6,91,8,83,          --,          --,          --,1,2,-1,0,0,0,"15,649","15,440",209,"15,623","15,373",250,25,67,-41,150,68,82,          --,          --,          --,          --,2,-2,60,19,41,579,138,441,578,131,447,0,          --,0,"15,124","14,887",237,"1,153",776,377,"6,873","6,940",-68,786,507,279,"4,047","4,606",-559,3,8,-5,401,305,96,418,112,307,178,257,-79,986,988,-2,135,131,3,0,          --,0,25,3,22,          --,          --,          --,23,1,22,          --,          --,          --,          --,          --,          --,          --,          --,          --,          --,          --,          --,          --,          --,          --,"31,450","30,464",986,"5,611","6,499",-888,"14,941","14,613",329,14,          --,14
,7月,,Jul,"42,569","42,129",440,"5,965","5,984",-19,159,109,50,307,548,-242,184,83,101,74,3,71,"5,228","4,960",267,5,187,-182,1,1,-1,1,92,-90,0,          --,0,          --,          --,          --,6,          --,6,"16,234","16,005",229,"16,220","15,977",243,14,28,-14,147,360,-213,0,1,0,          --,0,0,36,325,-289,115,560,-445,42,472,-430,0,8,-8,"20,074","19,207",867,"1,156","1,349",-193,"7,316","8,442","-1,127",919,453,466,"3,543","2,275","1,268",231,8,223,416,675,-259,135,140,-5,426,170,257,761,730,31,200,148,52,          --,          --,          --,33,8,26,          --,          --,          --,32,8,24,          --,          --,          --,          --,6,-6,          --,6,-6,          --,          --,          --,          --,          --,          --,"36,426","35,695",731,"5,235","5,240",-5,"19,646","19,025",621,1,          --,1
,8月,,Aug,"36,179","34,026","2,152","6,524","6,310",213,295,100,194,296,185,110,113,52,61,192,1,191,"5,606","5,968",-362,8,1,7,1,          --,1,6,0,5,2,1,0,1,          --,1,4,          --,4,"17,746","17,255",491,"17,737","17,249",488,9,6,3,257,49,208,          --,          --,          --,          --,0,0,157,15,142,180,138,41,43,2,41,2,          --,2,"11,446","10,271","1,175","1,178","1,053",126,"4,420","4,321",100,621,173,447,"3,905","3,514",391,4,9,-5,533,454,80,245,86,159,130,82,48,91,13,78,112,109,3,1,          --,1,16,2,13,          --,          --,          --,11,2,9,          --,          --,          --,9,          --,9,          --,          --,          --,          --,          --,          --,          --,          --,          --,"29,424","27,530","1,894","5,623","5,971",-348,"11,306","10,175","1,132",1,          --,1
,9月,,Sep,"33,783","35,344","-1,561","6,012","5,455",557,517,218,300,429,407,22,122,52,69,111,72,39,"4,421","4,701",-279,315,5,310,2,          --,2,94,0,94,          --,          --,          --,          --,          --,          --,0,          --,0,"15,517","15,463",55,"15,513","15,462",51,4,1,4,254,163,92,          --,          --,          --,          --,0,0,153,76,76,429,40,389,423,14,409,0,          --,0,"11,563","14,220","-2,657","1,248",992,256,"4,868","6,957","-2,090",648,548,100,"3,780","4,406",-626,6,10,-4,488,438,50,105,71,33,175,106,69,16,24,-9,112,109,3,          --,0,0,7,3,3,          --,          --,          --,5,2,4,          --,          --,          --,          --,          --,          --,          --,          --,          --,          --,          --,          --,          --,          --,          --,"27,608","29,766","-2,159","4,833","4,706",128,"11,377","14,097","-2,720",          --,0,0
,10月,,Oct,"35,692","34,570","1,122","7,404","6,851",553,688,406,282,391,362,29,134,42,92,182,45,137,"5,721","5,455",266,202,446,-244,37,          --,37,42,95,-53,4,          --,4,          --,          --,          --,0,          --,0,"17,820","17,143",677,"17,795","17,125",670,26,18,7,"1,207","1,627",-420,          --,1,-1,          --,          --,          --,"1,113","1,483",-370,40,406,-366,40,392,-353,0,13,-14,"9,206","8,536",670,"1,014","1,156",-143,"4,260","4,505",-245,556,183,373,"1,745","1,371",374,47,59,-12,472,505,-32,115,271,-157,760,61,699,61,22,39,125,126,0,1,0,1,16,7,9,          --,          --,          --,12,7,5,          --,          --,          --,          --,          --,          --,          --,          --,          --,          --,          --,          --,          --,          --,          --,"27,248","26,130","1,118","6,007","5,996",11,"8,442","8,460",-18,1,0,1
,11月,,Nov,"33,989","32,452","1,537","7,157","6,854",303,158,122,36,538,693,-155,220,59,161,91,2,89,"6,132","5,973",159,8,          --,8,          --,          --,          --,2,5,-3,6,          --,6,0,          --,0,          --,          --,          --,"17,771","17,450",321,"17,757","17,429",328,14,21,-7,354,48,307,          --,          --,          --,          --,          --,          --,273,0,273,30,17,13,28,1,27,1,2,-2,"8,659","8,075",584,777,902,-125,"3,967","4,175",-208,629,172,457,"2,236","1,684",552,3,18,-15,522,517,6,86,85,1,176,108,67,80,11,68,113,108,5,          --,0,0,15,8,8,          --,          --,          --,14,8,6,          --,          --,          --,1,0,1,          --,          --,          --,          --,          --,          --,          --,          --,          --,"26,552","25,531","1,021","6,149","5,978",171,"8,479","7,950",529,          --,0,0
,12月,,Dec,"38,477","32,323","6,154","7,002","6,862",140,322,131,191,800,"1,080",-280,184,121,63,190,11,179,"5,286","5,491",-205,105,12,93,2,          --,2,108,16,92,1,          --,1,          --,          --,          --,3,          --,3,"15,874","14,857","1,017","15,860","14,843","1,017",14,14,1,"1,979",359,"1,620",          --,0,0,          --,1,-1,"1,903",135,"1,767",666,15,651,666,15,650,0,          --,0,"12,926","10,221","2,704","1,024",813,211,"4,554","3,644",910,667,434,233,"5,215","3,944","1,271",6,21,-15,537,554,-17,54,139,-86,211,148,63,135,40,95,96,93,3,          --,0,0,30,8,22,          --,          --,          --,11,7,4,          --,          --,          --,1,0,0,          --,0,0,          --,          --,          --,          --,          --,          --,"29,674","25,105","4,570","5,502","5,520",-17,"12,365","10,060","2,305",7,0,7
平成30年,1月,2018,Jan,"31,709","34,530","-2,821","5,224","5,705",-481,218,496,-278,361,434,-73,93,57,36,81,30,51,"4,223","4,543",-320,238,44,193,1,          --,1,8,100,-92,1,          --,1,          --,1,-1,1,          --,1,"17,491","18,381",-890,"17,455","18,368",-914,36,13,24,518,401,117,          --,1,-1,          --,          --,          --,183,77,106,382,659,-277,241,518,-277,0,          --,0,"8,081","9,377","-1,296",718,829,-110,"3,683","4,348",-665,428,99,329,"2,203","2,869",-666,4,9,-5,505,510,-5,119,258,-139,211,140,71,30,116,-87,123,100,23,1,0,1,13,7,6,          --,          --,          --,11,7,4,          --,          --,          --,          --,0,0,          --,          --,          --,          --,          --,          --,          --,          --,          --,"25,889","28,306","-2,417","4,471","4,688",-217,"7,868","9,231","-1,363",1,0,1
,2月,,Feb,"29,611","28,354","1,258","5,067","4,166",902,156,323,-168,579,270,308,88,16,72,79,0,79,"4,043","3,518",525,93,23,71,1,          --,1,20,5,15,7,          --,7,          --,          --,          --,          --,          --,          --,"16,106","16,081",25,"16,088","16,080",8,18,1,17,226,49,177,1,          --,1,          --,          --,          --,143,8,136,279,9,270,278,1,277,0,          --,0,"7,921","8,043",-122,726,706,19,"4,631","4,613",18,408,325,83,942,"1,247",-305,2,8,-5,706,480,226,90,150,-59,200,115,86,34,3,32,100,96,4,          --,          --,          --,10,7,3,          --,          --,          --,11,7,5,          --,          --,          --,2,          --,2,          --,          --,          --,          --,          --,          --,          --,          --,          --,"24,383","24,119",264,"4,165","3,546",619,"7,716","7,889",-172,          --,          --,          --
,3月,,Mar,"43,646","38,173","5,473","8,313","6,483","1,830",488,121,367,582,257,325,157,38,119,261,19,242,"5,863","5,981",-118,853,59,794,12,1,11,88,0,88,6,          --,6,1,          --,1,          --,5,-5,"16,587","16,436",152,"16,571","16,422",149,17,14,3,398,293,105,          --,          --,          --,9,          --,9,300,257,44,"1,443",215,"1,228","1,443",209,"1,234",0,0,0,"15,472","14,738",733,"1,552",800,752,"6,604","6,603",2,805,405,400,"4,160","5,692","-1,533",2,9,-7,848,598,250,155,175,-21,231,151,80,46,4,41,142,142,1,          --,0,0,"1,433",7,"1,426",          --,          --,          --,34,6,28,          --,          --,          --,          --,          --,          --,          --,          --,          --,          --,          --,          --,          --,          --,          --,"35,121","31,364","3,757","6,824","6,042",782,"15,196","14,546",650,2,0,2
,4月,,Apr,"30,155","31,304","-1,149","6,035","6,539",-503,160,284,-124,441,850,-409,120,70,51,77,35,42,"5,105","5,049",56,121,141,-20,3,5,-2,6,104,-98,          --,          --,          --,          --,          --,          --,          --,          --,          --,"15,660","15,610",50,"15,642","15,598",44,17,11,6,149,42,107,          --,1,-1,          --,          --,          --,45,11,34,738,738,0,726,714,11,1,23,-23,"7,563","8,368",-805,788,"1,015",-227,"2,725","2,995",-270,351,160,191,"1,459","1,915",-456,2,12,-9,645,761,-116,102,168,-65,"1,021",134,888,47,20,27,182,165,17,1,1,0,8,7,1,          --,0,0,10,7,3,          --,          --,          --,2,0,2,          --,          --,          --,          --,          --,          --,          --,          --,          --,"24,023","24,750",-726,"5,236","5,300",-64,"6,533","8,204","-1,670",4,1,3
,5月,,May,"29,450","21,626","7,824","6,274","5,510",764,441,113,328,245,143,102,87,48,39,163,6,157,"5,303","5,161",143,27,34,-7,          --,1,-1,7,0,7,          --,0,0,1,          --,1,          --,          --,          --,"10,249","10,711",-462,"10,230","10,700",-470,19,11,8,"5,255",280,"4,975",1,          --,1,          --,0,0,"5,154",219,"4,935","1,098",237,861,"1,080",237,842,1,          --,1,"6,567","4,879","1,687",845,837,9,"2,165","1,956",209,313,64,249,"1,770",636,"1,134",10,17,-7,678,628,50,159,194,-35,251,170,81,43,7,36,177,163,14,1,          --,1,7,8,-1,          --,          --,          --,9,8,1,          --,          --,          --,1,          --,1,          --,          --,          --,          --,          --,          --,          --,          --,          --,"18,058","15,834","2,224","5,338","5,195",142,"6,312","4,691","1,621",1,          --,1
,6月,,Jun,"35,605","32,938","2,667","5,914","4,931",983,266,149,117,381,189,193,147,186,-39,105,2,103,"4,659","4,167",492,258,229,29,4,          --,4,84,8,77,6,          --,6,          --,          --,          --,3,          --,3,"13,030","11,065","1,965","13,018","11,054","1,964",11,11,0,372,251,122,4,          --,4,          --,          --,          --,287,203,84,"1,332","1,328",4,"1,332","1,328",3,1,          --,1,"13,541","13,955",-414,893,732,161,"4,355","3,906",449,341,441,-100,"1,296","1,521",-225,3,4,-1,659,641,19,109,654,-545,340,140,201,26,43,-17,745,"1,002",-257,1,          --,1,"1,413","1,408",5,          --,          --,          --,11,7,4,          --,          --,          --,3,          --,3,          --,          --,          --,          --,          --,          --,          --,          --,          --,"29,415","27,752","1,662","5,011","4,404",607,"13,197","13,789",-592,1,          --,1
,7月,,Jul,"37,885","34,319","3,566","7,699","7,855",-156,143,202,-59,867,925,-58,74,58,16,93,25,67,"6,228","6,040",188,282,532,-250,0,6,-5,5,64,-59,3,          --,3,0,          --,0,3,1,2,"11,736","10,648","1,088","11,728","10,625","1,103",9,24,-15,466,"1,696","-1,230",          --,5,-5,          --,          --,          --,391,"1,665","-1,274",176,592,-416,175,592,-417,1,          --,1,"17,794","13,520","4,274","1,167","1,153",13,"7,719","4,372","3,347",483,125,358,"2,165","1,779",386,2,9,-7,828,746,82,169,137,32,230,140,91,49,9,40,150,171,-21,          --,1,-1,13,7,5,          --,          --,          --,14,7,7,          --,          --,          --,1,          --,1,          --,          --,          --,          --,          --,          --,          --,          --,          --,"29,798","24,790","5,008","6,520","6,642",-123,"17,561","13,360","4,202",          --,1,-1
,8月,,Aug,"24,846","24,928",-82,"4,473","6,224","-1,751",424,436,-12,385,172,213,81,51,30,272,11,261,"3,223","5,515","-2,292",70,35,35,          --,1,-1,2,1,1,3,1,2,          --,          --,          --,          --,          --,          --,"11,657","10,973",684,"11,628","10,959",669,29,15,14,145,143,2,          --,          --,          --,          --,          --,          --,60,65,-4,959,"1,195",-236,823,"1,060",-237,1,          --,1,"7,607","6,391","1,216",877,812,65,"3,083","2,685",398,403,111,292,"1,820","1,560",260,2,6,-4,749,709,41,181,116,65,207,124,83,36,4,33,130,122,7,          --,          --,          --,6,2,4,          --,          --,          --,7,2,5,          --,          --,          --,          --,0,0,          --,0,0,          --,          --,          --,          --,          --,          --,"20,359","18,435","1,924","3,297","5,552","-2,255","7,397","6,251","1,146",          --,          --,          --
,9月,,Sep,"27,324","22,382","4,942","5,946","3,362","2,584",883,309,574,450,176,274,100,77,23,826,2,825,"2,819","2,659",160,575,132,443,7,1,5,276,4,272,          --,          --,          --,          --,          --,          --,3,          --,3,"11,347","10,064","1,283","11,334","10,054","1,280",14,10,3,173,95,78,          --,          --,          --,          --,0,0,82,59,23,"1,273",397,876,947,397,550,30,          --,30,"8,581","8,462",119,"1,623","1,290",333,"3,543","2,685",858,343,403,-60,"1,306","2,379","-1,074",4,5,0,920,789,131,114,168,-54,481,99,382,26,16,10,111,110,1,          --,          --,          --,4,2,2,          --,          --,          --,5,1,4,          --,          --,          --,          --,          --,          --,          --,          --,          --,          --,          --,          --,          --,          --,          --,"21,730","18,925","2,806","3,676","2,796",880,"8,097","8,348",-252,          --,          --,          --
,10月,,Oct,"26,779","25,980",799,"4,057","4,318",-261,132,188,-57,308,450,-142,73,60,13,65,11,54,"3,427","3,219",207,32,261,-229,0,3,-3,10,120,-110,0,          --,0,2,1,1,          --,0,0,"13,371","12,770",601,"13,348","12,764",584,23,6,17,173,149,24,          --,1,-1,          --,          --,          --,41,117,-76,472,528,-56,406,463,-57,1,          --,1,"8,695","8,206",489,877,912,-36,"3,526","3,417",109,490,176,314,"1,898",908,991,2,8,-6,825,"1,054",-230,183,137,47,215,116,99,35,17,18,124,127,-3,          --,          --,          --,11,8,3,          --,          --,          --,12,8,4,          --,          --,          --,          --,          --,          --,          --,          --,          --,          --,          --,          --,          --,          --,          --,"22,536","21,452","1,084","3,473","3,605",-132,"8,472","8,074",398,          --,          --,          --
,11月,,Nov,"31,028","26,325","4,703","3,913","3,335",578,444,249,195,305,178,127,80,63,17,189,40,148,"2,786","2,697",89,100,73,27,1,0,0,6,32,-26,0,          --,0,1,          --,1,          --,1,-1,"15,858","12,996","2,861","15,837","12,989","2,848",21,7,14,174,73,101,          --,          --,          --,          --,          --,          --,86,30,56,"1,545","2,337",-791,"1,543","2,337",-793,1,          --,1,"9,523","7,575","1,947",704,720,-15,"3,661","2,741",919,311,69,243,"2,520","2,438",81,3,10,-8,790,936,-147,447,208,239,704,146,559,36,23,13,104,105,-1,          --,          --,          --,15,6,9,          --,          --,          --,17,3,14,          --,          --,          --,          --,3,-3,          --,0,0,          --,          --,          --,          --,          --,          --,"27,097","22,902","4,195","2,894","2,801",92,"8,801","7,365","1,436",          --,          --,          --
,12月,,Dec,"23,669","22,900",769,"4,828","4,055",773,396,393,2,654,654,0,95,59,36,120,44,76,"3,235","2,870",365,265,32,233,27,          --,27,20,1,20,11,          --,11,1,          --,1,3,1,1,"8,760","9,013",-252,"8,746","9,002",-256,14,11,4,225,133,92,3,          --,3,          --,          --,          --,117,42,74,459,305,154,455,305,151,1,          --,1,"9,386","9,376",10,"1,099",692,407,"2,689","3,214",-525,476,138,338,"2,348",745,"1,603",3,15,-12,"1,611",786,825,90,113,-23,262,109,153,35,4,31,89,143,-54,1,          --,1,9,19,-9,          --,0,0,11,1,10,          --,          --,          --,1,          --,1,          --,          --,          --,          --,          --,          --,          --,          --,          --,"18,724","18,755",-31,"3,559","2,902",657,"9,121","9,250",-129,3,          --,3
平成31年,1月,2019,Jan,"22,912","21,224","1,689","3,643","3,593",50,295,388,-93,296,414,-119,74,36,39,103,29,74,"2,523","2,288",234,256,390,-134,16,13,3,77,27,50,          --,          --,          --,          --,0,0,3,0,3,"9,220","7,316","1,904","9,194","7,307","1,887",26,9,17,361,101,260,          --,1,-1,          --,          --,          --,306,56,250,"1,532","1,550",-17,"1,094","1,107",-14,1,          --,1,"7,502","8,653","-1,150","1,625","1,086",539,"2,589","2,500",89,387,572,-184,"1,780","3,029","-1,250",4,19,-15,241,947,-705,241,96,145,238,139,99,41,51,-10,102,103,-1,0,          --,0,11,10,1,          --,          --,          --,11,8,3,          --,          --,          --,643,1,642,          --,          --,          --,          --,          --,          --,          --,          --,          --,"17,919","17,108",811,"2,872","2,719",152,"7,262","8,490","-1,228",1,          --,1
,2月,,Feb,"19,563","16,977","2,585","2,852","2,313",539,239,97,142,319,140,178,85,20,65,63,90,-27,"1,996","1,871",125,71,75,-4,4,          --,4,62,19,42,10,          --,10,          --,          --,          --,3,0,3,"8,056","8,252",-196,"8,036","8,245",-209,20,7,13,215,110,105,1,          --,1,          --,          --,          --,143,69,74,686,362,325,694,362,333,1,          --,1,"7,750","5,934","1,817","1,634","1,431",202,"3,280","2,746",533,288,340,-52,"1,414",639,774,3,10,-8,300,223,77,176,143,34,355,141,213,27,12,15,100,99,1,          --,          --,          --,3,7,-3,          --,          --,          --,3,3,0,          --,          --,          --,          --,          --,          --,          --,          --,          --,          --,          --,          --,          --,          --,          --,"16,554","14,641","1,913","2,144","1,965",178,"7,383","5,780","1,603",          --,          --,          --
,3月,,Mar,"36,792","24,079","12,712","6,115","3,059","3,056","1,059",273,786,"1,146",195,951,152,17,135,96,3,93,"2,411","2,279",131,"1,005",200,804,24,1,23,214,90,124,          --,          --,          --,2,          --,2,7,          --,7,"9,085","7,980","1,105","9,048","7,954","1,094",37,26,11,"4,587","3,867",719,451,          --,451,          --,          --,          --,"4,049","3,827",222,796,208,588,796,207,589,2,0,2,"16,176","8,952","7,223","2,625","1,987",639,"7,646","2,087","5,559","1,493",461,"1,032","1,711","2,413",-701,15,11,5,357,231,126,148,154,-6,"1,068",864,205,51,53,-2,114,110,4,          --,          --,          --,33,13,20,          --,          --,          --,33,13,20,          --,          --,          --,          --,          --,          --,          --,          --,          --,          --,          --,          --,          --,          --,          --,"26,606","17,143","9,463","3,655","2,571","1,084","15,105","8,070","7,036",          --,          --,          --
,4月,,Apr,"29,140","25,984","3,156","3,951","4,723",-772,272,571,-299,472,815,-343,91,102,-11,34,65,-31,"2,977","2,617",359,41,389,-347,1,9,-8,57,154,-97,2,          --,2,1,          --,1,4,0,3,"11,656","9,008","2,648","11,618","9,000","2,618",38,8,30,"1,585",70,"1,515",          --,9,-9,          --,          --,          --,"1,174",39,"1,135",747,"1,095",-348,746,"1,095",-349,1,0,1,"11,180","11,083",98,"2,028","2,224",-196,"3,250","3,036",214,521,420,100,"3,171","4,230","-1,059",9,15,-6,327,320,8,937,308,630,468,186,282,62,44,19,122,139,-18,          --,          --,          --,20,5,15,          --,          --,          --,20,5,15,          --,          --,          --,          --,          --,          --,          --,          --,          --,          --,          --,          --,          --,          --,          --,"23,617","21,260","2,357","3,078","3,169",-90,"10,706","10,884",-178,          --,          --,          --
令和元年,5月,,May,"22,854","18,893","3,961","3,555","3,064",492,507,169,338,349,174,175,73,49,24,40,5,35,"2,452","2,573",-121,64,40,24,          --,0,0,65,53,12,1,1,1,          --,          --,          --,3,0,3,"7,866","6,511","1,355","7,848","6,503","1,345",18,8,10,667,83,584,          --,          --,          --,          --,          --,          --,599,37,562,"1,980","1,680",300,"1,986","1,673",314,1,          --,1,"8,777","7,550","1,227","2,188","2,161",27,"2,410","2,894",-484,599,287,312,"2,084","1,253",830,11,33,-22,379,398,-19,42,80,-38,284,127,157,16,15,1,120,125,-5,1,          --,1,8,5,3,          --,          --,          --,8,4,4,          --,          --,          --,          --,          --,          --,          --,          --,          --,          --,          --,          --,          --,          --,          --,"18,531","15,739","2,791","2,582","2,667",-85,"8,351","7,404",948,1,          --,1
,6月,,Jun,"27,391","27,019",372,"5,746","3,260","2,485",426,100,327,"1,215",435,780,145,98,47,38,29,9,"3,185","2,268",917,552,256,296,4,          --,4,155,61,94,1,11,-10,19,          --,19,3,          --,3,"9,964","9,558",407,"9,538","9,551",-13,426,7,420,42,793,-751,5,431,-426,          --,          --,          --,-30,300,-330,"1,209","1,968",-759,"1,213","1,967",-754,1,1,1,"10,411","11,426","-1,015","1,557","1,871",-314,"5,532","5,538",-6,560,620,-60,821,"1,001",-179,11,6,5,902,"1,925","-1,023",58,7,51,576,133,443,17,47,-29,103,103,1,1,          --,1,18,14,4,          --,          --,          --,18,13,5,          --,          --,          --,0,          --,0,          --,          --,          --,          --,          --,          --,          --,          --,          --,"21,614","23,412","-1,797","3,916","2,596","1,320","9,814","11,280","-1,466",1,          --,1
,7月,,Jul,"38,994","36,545","2,449","5,338","5,619",-281,129,318,-189,728,"1,203",-475,94,65,29,41,20,21,"3,769","3,245",524,472,591,-119,1,4,-4,92,173,-81,7,          --,7,          --,          --,          --,5,          --,5,"11,375","10,382",993,"11,356","10,374",982,19,8,11,"1,108",417,691,          --,5,-5,          --,          --,          --,314,45,269,"1,746",381,"1,365",332,381,-49,1,          --,1,"19,420","19,745",-325,"2,002","1,601",401,"11,908","12,639",-731,639,462,177,"3,215","2,641",574,37,239,-202,336,261,74,25,56,-31,830,"1,399",-570,20,8,12,89,166,-77,0,1,0,7,1,6,1,          --,1,6,1,5,          --,          --,          --,          --,          --,          --,          --,          --,          --,          --,          --,          --,          --,          --,          --,"31,168","30,531",638,"4,340","4,013",327,"18,585","18,329",255,1,1,-1
,8月,,Aug,"26,042","23,764","2,278","4,302","4,933",-631,255,214,41,593,479,114,61,17,44,30,11,19,"3,098","3,971",-873,194,211,-17,0,          --,0,65,22,43,3,8,-5,0,          --,0,3,          --,3,"9,158","8,316",842,"9,145","8,309",835,13,7,7,-6,418,-424,          --,          --,          --,          --,          --,          --,-66,385,-451,-4,458,-462,3,458,-455,1,0,1,"12,510","9,637","2,873","2,355","1,876",479,"3,157","2,091","1,066",588,372,216,"5,242","4,293",950,2,9,-7,272,296,-24,231,20,210,335,422,-86,68,3,66,93,89,4,0,          --,0,80,2,78,1,          --,1,80,2,78,          --,          --,          --,1,          --,1,          --,          --,          --,          --,          --,          --,          --,          --,          --,"21,675","18,422","3,253","3,360","4,212",-852,"12,147","9,200","2,947",0,1,-1
,9月,,Sep,"26,564","24,965","1,599","5,737","3,428","2,309","1,104",679,425,"1,013",366,648,43,27,16,71,38,32,"2,479","2,209",269,757,27,731,6,          --,6,257,76,181,0,0,0,0,          --,0,4,3,1,"9,522","10,004",-482,"9,510","9,604",-94,13,401,-388,742,252,490,324,          --,324,          --,          --,          --,228,47,181,737,231,505,732,6,726,1,          --,1,"9,802","11,034","-1,232","2,777","2,736",41,"1,927","1,785",142,593,695,-102,"1,708","3,862","-2,154",28,28,0,261,355,-94,"1,358",987,371,927,268,659,11,44,-33,94,91,3,3,          --,3,21,15,6,0,          --,0,20,14,6,          --,          --,          --,3,          --,3,          --,          --,          --,          --,          --,          --,          --,          --,          --,"20,450","21,059",-609,"3,502","2,312","1,189","8,869","10,720","-1,850",3,          --,3
,10月,,Oct,"23,208","24,813","-1,605","4,098","4,569",-471,105,244,-139,677,948,-271,594,19,575,83,52,30,"2,413","2,516",-103,83,633,-550,          --,4,-4,136,149,-13,0,1,0,          --,          --,          --,6,          --,6,"10,837","10,635",202,"10,823","10,627",196,14,8,6,831,934,-102,          --,2,-2,          --,          --,          --,-9,151,-160,667,842,-174,451,726,-276,1,0,1,"6,767","7,833","-1,067","2,300","2,364",-64,"1,961","3,130","-1,169",541,383,158,799,760,39,8,9,-1,390,297,93,136,21,116,356,680,-324,64,6,58,92,87,5,          --,          --,          --,7,1,6,          --,          --,          --,7,1,6,          --,          --,          --,0,          --,0,          --,          --,          --,          --,          --,          --,          --,          --,          --,"18,137","19,249","-1,112","2,632","3,303",-670,"6,407","7,140",-732,          --,1,-1
,11月,,Nov,"23,986","20,844","3,142","4,104","3,584",520,266,113,153,846,815,31,63,7,56,73,1,72,"2,736","2,522",214,31,59,-28,2,2,0,81,60,22,          --,          --,          --,2,          --,2,3,1,2,"10,840","7,733","3,107","10,832","7,725","3,107",7,8,0,-53,200,-253,          --,5,-5,          --,          --,          --,-89,174,-263,302,265,37,303,265,38,1,          --,1,"8,792","9,061",-269,826,"2,091","-1,266","2,651","4,084","-1,432",539,364,174,"2,912",985,"1,927",21,21,0,355,349,5,20,83,-63,"1,089",819,270,124,67,57,68,65,3,          --,          --,          --,1,2,0,          --,          --,          --,1,1,0,          --,          --,          --,          --,0,0,          --,0,0,          --,          --,          --,          --,          --,          --,"20,007","17,066","2,941","2,853","2,643",210,"7,698","8,231",-533,          --,1,-1
,12月,,Dec,"36,048","24,727","11,322","7,409","4,309","3,100",728,127,601,"1,205",605,600,142,45,97,178,42,136,"4,089","3,016","1,073",859,378,481,16,          --,16,165,76,89,22,5,17,          --,          --,          --,6,15,-10,"16,255","9,282","6,973","16,196","9,230","6,967",59,52,7,756,952,-197,329,329,0,          --,          --,          --,52,273,-221,"1,299",890,409,"1,251",890,361,2,          --,2,"10,322","9,292","1,030",938,"1,181",-243,"2,220","2,933",-713,594,629,-35,"2,418","2,879",-462,7,11,-4,262,304,-42,131,53,78,398,754,-357,38,8,29,60,59,1,1,          --,1,8,1,7,          --,          --,          --,5,1,5,          --,          --,          --,          --,          --,          --,          --,          --,          --,          --,          --,          --,          --,          --,          --,"28,328","19,829","8,499","5,150","3,475","1,675","9,912","8,532","1,379",1,          --,1
令和2年,1月,2020,Jan,"30,064","35,274","-5,210","5,348","6,220",-873,311,439,-128,802,"1,279",-477,61,68,-7,87,2,85,"3,714","3,695",19,341,541,-200,1,13,-12,16,181,-165,13,          --,13,          --,          --,          --,0,          --,0,"9,447","9,745",-298,"9,430","9,733",-303,17,13,5,508,512,-4,          --,1,-1,3,1,2,-25,50,-76,798,"1,012",-214,370,570,-199,1,1,0,"13,961","17,737","-3,777",998,862,136,"2,818","2,243",574,575,506,69,"2,361","4,068","-1,707",4,7,-3,278,439,-162,82,30,52,535,772,-237,66,151,-85,57,58,-1,0,          --,0,3,1,1,          --,          --,          --,1,1,0,          --,          --,          --,          --,46,-46,          --,          --,          --,          --,          --,          --,          --,          --,          --,"23,868","28,056","-4,188","4,086","4,433",-346,"13,423","16,928","-3,505",5,          --,5
,2月,,Feb,"21,399","20,651",749,"5,244","4,341",904,145,149,-3,674,586,88,54,20,34,112,56,56,"3,423","2,702",722,801,759,41,3,4,-2,32,43,-11,0,22,-22,          --,          --,          --,0,          --,0,"7,738","7,554",184,"7,721","7,548",174,17,6,11,-41,281,-321,          --,          --,          --,          --,          --,          --,-95,265,-360,380,475,-96,398,398,0,3,          --,3,"8,026","7,998",28,967,891,76,"3,718","4,635",-917,616,411,205,"1,608","1,277",331,11,6,5,376,301,75,158,0,158,309,205,104,69,109,-40,55,54,0,          --,          --,          --,11,2,9,          --,          --,          --,1,1,0,          --,          --,          --,41,          --,41,41,          --,41,          --,          --,          --,          --,          --,          --,"16,283","16,006",277,"4,259","3,530",728,"3,995","3,146",848,          --,          --,          --
,3月,,Mar,"31,340","26,437","4,903","8,106","4,684","3,422",734,253,480,"1,645",644,"1,001",181,21,159,194,151,43,"4,563","3,552","1,011",652,49,603,17,          --,17,116,13,103,2,          --,2,1,          --,1,0,0,0,"10,322","9,771",551,"10,315","9,754",561,7,17,-10,"1,348","1,066",282,231,326,-96,1,          --,1,730,372,358,"1,010","1,171",-161,"1,030","1,171",-140,2,          --,2,"10,544","9,740",805,"1,141","1,430",-288,"2,818","4,047","-1,229",763,585,178,"1,976","1,716",260,5,58,-53,452,344,108,76,38,38,"2,155",747,"1,408",252,228,24,103,88,15,          --,          --,          --,9,4,5,          --,          --,          --,2,1,1,          --,          --,          --,          --,          --,          --,          --,          --,          --,          --,          --,          --,          --,          --,          --,"22,261","21,117","1,143","5,350","3,615","1,735","5,038","4,882",156,          --,          --,          --
,4月,,Apr,"25,396","26,929","-1,534","6,030","6,497",-467,498,430,68,798,"1,459",-661,67,52,15,231,182,48,"4,328","3,837",490,80,412,-332,          --,5,-5,22,119,-97,1,          --,1,1,          --,1,0,          --,0,"8,215","8,292",-76,"8,203","8,290",-87,12,2,10,"1,428","1,115",313,3,225,-222,          --,          --,          --,181,411,-230,63,384,-322,85,383,-299,1,1,0,"9,622","10,638","-1,016","1,327","1,220",107,"3,538","3,556",-18,337,418,-81,"2,225","2,345",-120,6,8,-3,425,353,71,486,"1,189",-703,785,"1,013",-228,102,98,4,108,107,1,          --,0,0,38,3,35,          --,          --,          --,0,1,-1,          --,          --,          --,0,          --,0,          --,          --,          --,          --,          --,          --,          --,          --,          --,"18,162","19,721","-1,558","4,432","4,374",59,"5,265","6,055",-790,          --,0,0
,5月,,May,"22,595","19,678","2,918","4,780","4,406",374,415,398,16,555,538,17,24,13,11,82,3,78,"3,295","3,042",253,393,392,1,          --,7,-7,16,13,3,0,          --,0,          --,          --,          --,1,          --,1,"7,065","6,347",719,"7,058","6,347",711,7,          --,7,728,556,172,          --,          --,          --,          --,          --,          --,657,531,126,497,358,139,515,358,157,1,          --,1,"9,510","8,009","1,501","1,143","1,016",127,"3,606","3,540",66,353,354,-1,"2,891","2,210",681,9,2,7,212,189,23,59,9,50,771,356,415,69,43,25,111,110,1,          --,          --,          --,15,1,14,          --,          --,          --,1,1,0,          --,          --,          --,0,1,-1,          --,          --,          --,          --,          --,          --,          --,          --,          --,"17,187","14,717","2,470","3,704","3,454",250,"5,131","4,103","1,028",          --,          --,          --
,6月,,Jun,"75,510","26,707","48,803","7,346","4,702","2,645",586,442,144,"1,817",654,"1,163",77,52,24,89,1,88,"3,565","3,129",435,"1,175",389,787,3,1,2,29,32,-3,2,          --,2,          --,0,0,0,          --,0,"23,692","7,869","15,823","23,683","7,869","15,814",9,          --,9,550,661,-111,10,          --,10,          --,          --,          --,143,300,-158,336,872,-535,356,871,-514,1,0,0,"43,563","12,602","30,961","1,199","1,055",144,"34,911","5,278","29,634",525,789,-264,"3,149","2,410",738,13,2,10,823,781,42,-9,992,"-1,001",727,776,-49,79,100,-21,118,118,0,          --,          --,          --,23,1,21,          --,          --,          --,2,1,1,          --,          --,          --,0,          --,0,          --,          --,          --,          --,          --,          --,          --,          --,          --,"67,729","21,344","46,386","4,773","3,551","1,222","7,921","6,521","1,400",          --,          --,          --
,7月,,Jul,"65,096","64,847",249,"4,519","4,884",-366,380,407,-27,925,"1,378",-453,32,16,16,70,7,64,"2,622","2,431",192,464,617,-153,1,13,-12,14,15,0,          --,1,-1,          --,          --,          --,1,          --,1,"8,415","8,214",201,"8,405","8,212",194,10,2,8,"1,428","1,996",-568,          --,11,-11,          --,0,0,168,770,-602,"1,613","1,667",-55,302,338,-35,1,          --,1,"49,121","48,085","1,036","1,387","1,082",305,"40,533","40,743",-210,428,344,84,"3,114","3,828",-714,7,7,1,277,275,1,78,10,68,362,179,184,66,64,2,129,130,0,          --,          --,          --,0,0,0,          --,          --,          --,0,0,0,          --,          --,          --,0,          --,0,          --,          --,          --,          --,          --,          --,          --,          --,          --,"57,902","56,654","1,248","3,101","3,076",25,"8,218","7,152","1,067",          --,          --,          --
,8月,,Aug,"25,104","21,688","3,416","4,925","3,918","1,007",410,307,103,630,556,74,26,15,11,73,30,43,"3,734","2,874",860,32,123,-92,1,          --,1,19,14,5,          --,          --,          --,0,          --,0,0,          --,0,"8,774","7,851",923,"8,767","7,850",917,7,0,7,486,88,397,          --,          --,          --,          --,0,0,404,48,356,302,393,-91,322,391,-69,1,          --,1,"10,616","9,436","1,180","1,093","1,035",58,"4,330","2,196","2,135",430,330,100,"2,874","2,332",542,7,10,-3,283,281,2,-3,19,-22,"1,224",106,"1,118",103,74,29,136,130,7,          --,          --,          --,1,1,0,0,          --,0,1,1,0,          --,          --,          --,0,          --,0,          --,          --,          --,          --,          --,          --,          --,          --,          --,"19,780","17,562","2,218","3,786","3,011",775,"5,053","7,121","-2,068",          --,          --,          --
,9月,,Sep,"31,245","25,025","6,220","7,621","7,169",452,829,982,-154,"1,677",837,840,484,12,472,80,7,73,"3,587","4,900","-1,313",932,415,517,12,3,9,17,14,3,3,          --,3,0,          --,0,1,          --,1,"10,179","8,046","2,133","10,158","8,046","2,112",21,          --,21,363,368,-5,8,          --,8,0,          --,0,290,4,287,459,284,175,478,284,194,1,          --,1,"12,601","9,133","3,467","1,307","1,119",188,"3,752","2,347","1,405",427,698,-271,"3,170","2,599",571,5,6,0,317,449,-132,396,5,391,"2,818","1,301","1,517",60,113,-53,123,122,1,          --,          --,          --,23,25,-2,0,          --,0,23,25,-2,          --,          --,          --,0,          --,0,          --,          --,          --,          --,          --,          --,          --,          --,          --,"23,346","17,470","5,876","4,550","5,330",-780,"6,028","5,467",561,1,          --,1
,10月,,Oct,"25,342","26,901","-1,559","4,627","5,656","-1,029",274,665,-391,717,"1,394",-677,25,25,0,181,69,112,"3,219","2,907",312,182,573,-392,11,5,6,19,18,1,          --,0,0,          --,          --,          --,1,          --,1,"8,994","9,832",-838,"8,986","9,832",-846,8,          --,8,251,"1,582","-1,332",          --,8,-8,14,          --,14,173,322,-148,345,646,-301,302,579,-277,1,0,0,"11,123","9,183","1,941","1,167","1,044",123,"3,891","2,987",904,422,388,34,"3,650","2,620","1,029",12,11,1,361,288,73,191,981,-790,"1,128",497,631,56,82,-26,128,125,3,0,          --,0,2,2,0,0,          --,0,2,2,0,          --,          --,          --,0,0,0,          --,          --,          --,          --,          --,          --,          --,          --,          --,"20,598","19,668",930,"3,431","3,504",-73,"6,098","5,678",420,10,          --,10
,11月,,Nov,"44,061","40,993","3,067","5,204","4,484",720,613,429,184,770,646,124,48,45,3,106,6,100,"3,605","3,151",454,45,192,-147,          --,          --,          --,13,13,-1,          --,          --,          --,1,          --,1,0,          --,0,"9,218","8,423",795,"9,211","8,423",788,7,          --,7,"1,563","1,427",136,          --,          --,          --,          --,18,-18,"1,477","1,391",85,363,303,60,384,303,81,1,          --,1,"27,710","26,356","1,355","1,129","1,141",-12,"4,054","3,975",79,498,431,67,"3,744","3,724",20,9,8,1,295,327,-31,78,6,71,"1,104",743,361,96,63,34,82,76,6,          --,          --,          --,2,1,1,0,          --,0,1,1,1,          --,          --,          --,0,          --,0,          --,          --,          --,          --,          --,          --,          --,          --,          --,"37,418","35,088","2,330","3,663","3,356",307,"22,547","21,624",924,          --,10,-10
,12月,,Dec,"37,287","32,295","4,992","9,748","5,577","4,171","1,810",559,"1,252","1,810",769,"1,041",103,77,26,901,841,60,"4,179","2,870","1,309",879,430,450,1,6,-4,44,25,18,11,1,10,1,1,0,0,          --,0,"10,428","11,916","-1,489","10,419","11,916","-1,497",9,          --,9,259,548,-289,4,1,3,          --,          --,          --,158,518,-360,184,287,-103,199,286,-87,1,          --,1,"16,648","13,949","2,699","1,580","1,426",154,"4,904","4,561",343,437,456,-20,"4,289","3,889",399,37,30,7,971,980,-9,42,32,9,"3,307",155,"3,152",145,67,78,71,70,1,          --,          --,          --,20,18,3,0,          --,0,19,18,2,          --,          --,          --,0,          --,0,          --,          --,          --,          --,          --,          --,          --,          --,          --,"28,180","26,994","1,187","5,116","3,332","1,784","8,435","9,232",-797,3,          --,3
令和3年,1月,2021,Jan,"35,753","24,578","11,175","15,594","5,216","10,378",737,922,-185,"11,244","1,449","9,795",49,31,18,55,4,51,"3,262","2,353",910,219,438,-219,0,3,-3,25,13,12,0,3,-3,          --,          --,          --,1,          --,1,"8,215","7,241",974,"8,207","7,241",967,8,1,7,402,367,35,          --,5,-5,          --,          --,          --,339,317,22,705,761,-56,263,320,-56,1,          --,1,"10,836","10,984",-148,"1,350","1,223",128,"3,506","3,821",-315,410,539,-129,"3,312","3,578",-266,12,18,-6,273,341,-67,5,26,-21,"1,545",509,"1,036",134,13,120,85,81,3,0,          --,0,2,9,-8,0,          --,0,2,6,-4,          --,          --,          --,0,          --,0,          --,          --,          --,          --,          --,          --,          --,          --,          --,"19,360","18,557",803,"3,508","2,810",697,"5,774","6,624",-850,1,          --,1
,2月,,Feb,"28,860","27,512","1,348","5,718","5,184",534,703,512,192,870,790,80,42,230,-189,61,11,50,"3,518","3,079",439,498,520,-22,0,          --,0,21,40,-19,          --,1,-1,1,0,1,2,          --,2,"9,064","7,412","1,652","8,741","7,412","1,329",323,          --,323,"2,392",36,"2,356",          --,          --,          --,          --,          --,          --,"2,331",13,"2,318",353,327,25,349,327,22,1,          --,1,"11,327","14,544","-3,217","1,326","1,268",58,"3,693","8,340","-4,647",578,455,123,"2,179","1,836",342,70,9,61,320,334,-14,37,12,26,"1,852","1,301",551,258,27,231,95,87,8,3,          --,3,7,9,-2,0,          --,0,6,9,-3,          --,          --,          --,0,          --,0,          --,          --,          --,          --,          --,          --,          --,          --,          --,"20,799","22,295","-1,496","4,039","3,641",399,"5,774","4,889",885,9,0,8
,3月,,Mar,"38,988","33,063","5,924","10,274","6,118","4,157","1,891","1,060",831,"2,236",971,"1,265",95,30,65,328,28,299,"5,181","3,777","1,404",469,215,254,11,          --,11,37,36,1,22,          --,22,          --,          --,          --,          --,          --,          --,"10,919","10,741",178,"10,904","10,720",184,15,21,-6,"1,773",637,"1,137",          --,          --,          --,          --,          --,          --,"1,691",586,"1,105",287,215,72,284,208,76,1,6,-6,"15,617","15,335",282,"1,601","1,443",158,"4,016","5,063","-1,048",576,554,22,"3,911","3,907",4,14,6,8,"1,123","1,008",116,80,"1,786","-1,706","2,263","1,219","1,044",234,8,225,120,119,1,          --,3,-3,18,18,0,0,          --,0,18,16,2,          --,          --,          --,100,          --,100,100,          --,100,          --,          --,          --,          --,          --,          --,"27,144","26,319",825,"5,720","4,028","1,692","9,322","9,030",292,          --,3,-3
,4月,,Apr,"27,823","37,751","-9,928","7,067","8,579","-1,511","1,292","1,968",-677,995,"1,712",-717,53,57,-4,106,178,-71,"4,439","4,338",101,142,298,-156,5,          --,5,32,25,8,          --,3,-3,1,          --,1,          --,          --,          --,"9,049","8,837",212,"9,036","8,836",200,13,1,12,441,149,292,          --,1,-1,          --,          --,          --,395,84,312,562,297,265,547,292,255,14,1,12,"10,703","19,788","-9,085","1,473","1,442",31,"4,141","3,724",417,820,636,184,"2,161","2,452",-291,11,14,-3,516,442,74,17,25,-8,"1,087","7,289","-6,202",5,"3,152","-3,147",133,130,3,          --,          --,          --,1,2,-1,0,          --,0,1,2,-1,          --,          --,          --,0,100,-100,          --,100,-100,          --,          --,          --,          --,          --,          --,"20,409","29,097","-8,688","4,620","4,664",-44,"5,467","8,756","-3,290",          --,          --,          --
,5月,,May,"26,042","25,253",789,"6,212","5,065","1,147","1,252","1,586",-334,"1,058",304,754,47,25,22,55,3,52,"3,644","2,980",664,103,148,-45,3,          --,3,41,15,26,          --,3,-3,          --,          --,          --,1,          --,1,"8,699","7,999",700,"8,669","7,998",671,30,1,30,417,245,172,          --,          --,          --,          --,          --,          --,378,217,161,358,366,-8,338,364,-26,1,0,1,"10,338","11,505","-1,166","1,626","1,483",143,"3,701","3,616",85,611,417,194,"2,630","2,513",117,25,22,3,341,299,42,0,20,-20,"1,071","1,005",67,3,4,-1,126,124,1,          --,          --,          --,3,2,1,0,          --,0,3,2,1,          --,          --,          --,14,71,-57,          --,          --,          --,          --,          --,          --,          --,          --,          --,"19,431","19,872",-441,"3,791","3,147",644,"5,540","6,870","-1,330",          --,          --,          --
,6月,,Jun,"40,414","32,668","7,746","11,002","7,417","3,584","2,201","1,398",803,"2,421",807,"1,614",103,62,41,257,26,232,"5,045","4,077",967,930,"1,000",-70,6,11,-6,35,35,0,          --,          --,          --,2,0,1,0,1,-1,"9,557","8,615",943,"9,491","8,615",876,67,          --,67,370,259,111,          --,          --,          --,          --,          --,          --,225,186,39,"1,047",569,478,382,569,-187,2,          --,2,"18,311","15,792","2,518","1,699","1,428",271,"7,382","6,237","1,145",869,607,262,"2,519","2,349",170,61,8,53,650,430,220,69,16,52,"3,291","2,792",498,1,22,-22,148,141,7,          --,          --,          --,17,16,1,0,          --,0,17,16,1,          --,          --,          --,110,          --,110,110,          --,110,          --,          --,          --,          --,          --,          --,"28,535","25,014","3,521","6,017","5,123",893,"7,633","6,746",888,          --,          --,          --
,7月,,Jul,"63,865","64,358",-493,"6,153","6,215",-62,956,"1,249",-292,928,"1,436",-508,69,22,47,101,2,99,"3,768","3,101",667,306,389,-83,          --,          --,          --,23,17,6,          --,          --,          --,          --,          --,          --,1,          --,1,"8,277","8,125",152,"8,269","8,123",146,7,2,5,595,397,199,          --,1,-1,          --,          --,          --,541,341,200,"1,795","1,587",208,466,271,196,10,          --,10,"47,040","47,923",-882,"1,678","1,445",233,"39,273","39,791",-518,846,645,201,"2,983","3,178",-194,9,15,-7,639,647,-8,73,14,59,"1,141",901,240,14,8,6,152,152,0,          --,          --,          --,4,2,2,0,          --,0,4,2,2,          --,          --,          --,0,110,-110,0,110,-110,          --,          --,          --,          --,          --,          --,"55,886","56,332",-446,"4,097","3,507",590,"6,617","7,215",-598,5,          --,5
,8月,,Aug,"30,646","26,620","4,026","7,496","6,973",524,781,781,0,"1,064",781,283,59,13,45,131,1,129,"5,352","5,254",99,88,123,-35,2,6,-4,18,14,4,          --,          --,          --,1,          --,1,          --,          --,          --,"10,451","9,536",915,"10,430","9,536",894,21,          --,21,429,80,349,          --,1,-1,          --,          --,          --,382,51,331,369,282,87,366,281,85,1,0,1,"11,877","9,748","2,129","1,556","1,600",-45,"5,142","3,876","1,266",647,431,216,"2,177","1,984",193,10,7,3,683,564,119,10,29,-18,"1,097",968,129,2,4,-2,156,155,1,          --,          --,          --,21,1,20,0,          --,0,3,1,2,          --,          --,          --,2,          --,2,          --,          --,          --,          --,          --,          --,          --,          --,          --,"22,844","19,569","3,275","5,461","5,396",65,"5,637","4,887",750,          --,          --,          --
,9月,,Sep,"38,698","30,931","7,767","8,157","6,571","1,587","1,454","1,341",113,"1,462",922,540,64,42,23,164,60,104,"4,218","3,646",572,729,542,186,22,          --,22,25,18,8,17,1,17,1,          --,1,1,          --,1,"11,476","8,667","2,810","11,449","8,667","2,782",28,          --,28,"1,033",139,894,          --,          --,          --,          --,          --,          --,965,96,869,"1,316",362,954,"1,313",362,950,1,          --,1,"16,554","15,190","1,365","2,004","1,915",89,"5,456","5,178",278,572,378,194,"5,370","4,532",838,37,34,3,"1,246","1,112",134,9,14,-5,"1,395","1,128",267,7,32,-25,141,141,1,          --,          --,          --,10,2,8,0,          --,0,1,2,-1,          --,          --,          --,150,          --,150,150,          --,150,          --,          --,          --,          --,          --,          --,"29,512","24,279","5,233","5,012","4,206",806,"9,697","8,860",838,0,          --,0
,10月,,Oct,"34,208","31,415","2,793","6,559","6,709",-150,649,"1,238",-589,"1,188","1,418",-230,55,14,41,145,55,91,"4,405","3,739",666,94,218,-124,0,6,-5,19,20,-1,1,2,-1,0,          --,0,          --,          --,          --,"12,834","8,076","4,758","12,785","8,028","4,757",49,47,1,290,280,9,          --,4,-4,          --,          --,          --,240,264,-25,792,374,418,785,373,411,1,0,1,"13,729","15,824","-2,095","1,714","1,472",242,"5,475","5,860",-385,"2,416","1,491",924,"1,579","2,434",-856,98,95,4,435,454,-19,126,19,107,"1,346","2,995","-1,649",16,52,-36,157,152,5,          --,          --,          --,5,1,4,0,          --,0,4,1,3,          --,          --,          --,0,150,-150,          --,150,-150,          --,          --,          --,          --,          --,          --,"27,495","24,333","3,162","4,520","3,985",536,"6,905","6,956",-51,0,          --,0
,11月,,Nov,"31,267","27,193","4,074","8,225","5,943","2,282",984,682,302,888,697,191,117,26,91,182,27,156,"5,983","4,389","1,595",40,107,-67,2,          --,2,17,11,6,5,0,4,3,          --,3,          --,          --,          --,"10,485","9,831",655,"10,477","9,831",646,8,          --,8,318,304,13,          --,3,-3,          --,          --,          --,248,272,-24,734,356,378,724,354,370,3,          --,3,"11,503","10,758",745,"1,526","1,604",-77,"5,247","5,773",-526,629,411,218,"1,817","1,257",560,82,83,-2,455,526,-70,23,12,11,"1,365",776,589,4,11,-7,121,121,1,          --,          --,          --,2,2,1,0,          --,0,2,2,0,          --,          --,          --,0,          --,0,          --,          --,          --,          --,          --,          --,          --,          --,          --,"22,898","20,973","1,925","6,051","4,507","1,544","4,888","4,193",694,1,          --,1
,12月,,Dec,"37,519","34,600","2,919","9,595","7,752","1,843","2,024","1,263",762,"1,077",849,228,130,84,47,117,36,81,"5,227","4,777",450,948,700,248,29,17,11,30,25,4,          --,0,0,4,          --,4,          --,0,0,"12,782","15,299","-2,516","12,775","15,299","-2,524",7,          --,7,502,232,270,3,          --,3,          --,          --,          --,412,212,200,"1,745",462,"1,283","1,466",462,"1,004",1,          --,1,"12,691","10,836","1,855","2,031","1,428",603,"5,380","4,310","1,070",762,581,180,"1,711","1,741",-31,317,310,7,442,711,-270,19,118,-99,887,820,67,1,19,-18,128,84,44,          --,          --,          --,53,20,34,0,          --,0,53,20,33,          --,          --,          --,150,          --,150,150,          --,150,          --,          --,          --,          --,          --,          --,"27,069","26,632",437,"6,237","5,520",716,"6,413","5,690",723,2,          --,2
令和4年,1月,2022,Jan,"40,398","34,183","6,215","7,331","6,081","1,251",969,"1,413",-445,"1,161",871,290,924,20,904,72,18,54,"3,917","3,313",604,260,431,-170,0,6,-6,8,8,0,1,1,-1,0,          --,0,1,0,0,"10,935","8,053","2,882","10,927","7,753","3,174",8,300,-292,"1,284","1,424",-140,          --,6,-6,          --,          --,          --,"1,192","1,373",-180,"4,450","3,603",847,"3,346","2,504",842,1,          --,1,"16,395","14,871","1,524","1,533","1,675",-142,"6,837","6,722",115,781,580,200,"4,234","2,954","1,281",245,258,-13,527,585,-58,160,148,13,"1,709","1,709",0,7,1,6,84,129,-45,0,          --,0,3,3,1,0,          --,0,3,3,0,          --,          --,          --,0,150,-150,          --,150,-150,          --,          --,          --,          --,          --,          --,"30,732","25,468","5,264","4,185","3,758",427,"7,831","6,418","1,413",1,2,-1
,2月,,Feb,"29,882","25,856","4,026","6,795","5,296","1,499","1,290",764,526,747,856,-109,84,14,69,103,18,85,"3,899","2,928",971,650,705,-55,0,          --,0,12,8,5,          --,0,0,3,0,3,2,          --,2,"9,537","7,026","2,511","7,977","7,026",951,"1,560",          --,"1,560",231,624,-393,          --,7,-7,          --,          --,          --,170,582,-412,"1,283",468,814,"1,274",468,806,1,          --,1,"12,033","12,441",-407,"1,943","1,818",125,"3,608","3,192",417,841,590,251,"2,321","3,626","-1,304",692,682,10,506,423,83,116,19,97,"1,439",370,"1,069",10,26,-16,99,98,1,3,          --,3,4,2,2,0,          --,0,3,2,1,          --,          --,          --,0,          --,0,          --,          --,          --,          --,          --,          --,          --,          --,          --,"22,947","19,960","2,987","4,564","3,641",924,"6,984","8,867","-1,882",1,0,1
,3月,,Mar,"52,124","43,924","8,201","11,362","7,900","3,462","2,433","1,265","1,168","1,416",701,715,200,28,172,176,607,-431,"5,993","4,474","1,520","1,071",800,271,18,12,6,29,13,15,1,          --,1,5,          --,5,          --,          --,          --,"9,603","10,663","-1,060","9,592","10,663","-1,071",11,21,11,"1,073","1,666",-592,          --,          --,          --,          --,          --,          --,922,"1,607",-685,"1,841","1,157",684,"1,835","1,157",678,3,6,3,"28,091","22,536","5,555","2,274","2,105",169,"14,473","9,184","5,289","1,563","1,571",-9,"5,639","5,218",421,971,968,2,"1,131","1,217",-86,159,1,158,"1,226",469,757,17,12,5,147,153,-6,0,3,0,4,2,1,0,          --,0,2,2,0,          --,          --,          --,150,          --,150,150,          --,150,          --,          --,          --,          --,          --,          --,"39,682","34,963","4,719","7,118","5,299","1,818","12,364","12,861",-497,0,3,0
,4月,,Apr,"37,513","33,467","4,047","8,456","6,970","1,485","2,249","1,645",604,827,878,-51,307,83,225,87,28,59,"4,579","4,064",514,119,262,-144,0,          --,0,286,9,276,          --,3,-3,1,          --,1,1,          --,1,"9,396","8,057","1,339","9,386","8,056","1,330",9,1,8,"1,428",331,"1,098",          --,5,-5,          --,          --,          --,368,297,72,"4,980","5,632",-651,"4,979","5,632",-653,1,1,1,"13,249","12,322",927,"1,868","1,982",-114,"5,040","3,979","1,061","1,152",862,290,"1,918","1,416",502,"1,174","1,171",3,523,585,-62,11,9,2,"1,043","2,004",-961,42,11,31,165,156,10,          --,          --,          --,4,5,-1,0,          --,0,4,3,1,          --,          --,          --,1,150,-149,          --,150,-150,          --,          --,          --,          --,          --,          --,"27,711","26,046","1,665","4,983","4,336",648,"7,164","6,323",841,          --,          --,          --
,5月,,May,"32,529","27,306","5,222","6,050","5,462",588,"1,386","1,402",-16,960,648,313,56,19,37,117,16,100,"3,404","3,216",188,100,149,-50,1,          --,1,18,12,6,0,3,0,1,1,1,1,0,0,"7,415","6,650",765,"7,403","6,650",753,12,1,12,120,123,-3,          --,          --,          --,          --,          --,          --,27,78,-51,"5,874","3,679","2,195","5,866","3,678","2,188",2,1,1,"13,065","11,388","1,677","2,588","2,138",450,"3,917","4,114",-198,"1,173","1,152",21,"1,961","1,203",758,"1,322","1,327",-5,560,463,97,46,5,40,"1,157",340,817,14,11,3,158,158,0,          --,          --,          --,4,3,1,0,          --,0,3,3,0,          --,          --,          --,0,2,-2,          --,          --,          --,          --,          --,          --,          --,          --,          --,"26,465","21,733","4,732","3,524","3,377",147,"7,988","6,916","1,072",          --,3,-3
,6月,,Jun,"35,826","36,912","-1,086","8,999","7,747","1,251","2,006","2,237",-231,"1,798",637,"1,161",165,79,86,60,3,57,"4,020","3,720",301,896,"1,049",-153,26,1,26,25,22,3,1,          --,1,1,0,1,0,1,-1,"8,338","8,284",53,"8,329","8,284",44,9,          --,9,624,220,404,16,          --,16,          --,          --,          --,375,75,300,"1,867","4,965","-3,097","1,857","4,533","-2,677",3,          --,3,"15,838","15,663",175,"1,936","2,302",-366,"6,757","6,504",253,956,653,303,"1,840","2,995","-1,155","1,397","1,399",-2,573,541,32,12,10,2,"1,044",744,300,9,39,-30,145,145,0,          --,          --,          --,30,32,-2,0,          --,0,29,26,4,          --,          --,          --,130,          --,130,130,          --,130,          --,          --,          --,          --,          --,          --,"26,091","28,490","-2,399","4,969","4,791",178,"7,978","8,401",-424,          --,          --,          --
,7月,,Jul,"70,704","65,334","5,370","6,883","7,401",-517,"1,671","1,774",-103,966,"1,568",-602,94,51,43,91,34,57,"3,491","3,351",140,544,572,-28,1,35,-35,22,13,9,2,          --,2,          --,          --,          --,1,          --,1,"6,820","6,244",576,"6,812","6,244",568,8,2,8,999,176,824,1,17,-16,          --,          --,          --,787,36,751,"2,817","1,228","1,589","2,814","1,228","1,586",3,          --,3,"53,181","50,153","3,028","1,912","1,836",75,"44,963","42,656","2,307","1,046","1,095",-49,"1,597","1,533",65,"1,255","1,244",12,554,707,-154,12,9,3,"1,284",764,520,17,11,6,334,147,188,          --,          --,          --,4,3,1,0,          --,0,3,2,0,          --,          --,          --,0,130,-130,0,130,-130,          --,          --,          --,          --,          --,          --,"62,903","57,705","5,198","4,061","3,972",89,"6,918","6,726",192,5,          --,5
,8月,,Aug,"32,239","28,474","3,765","5,056","4,093",962,808,"1,030",-222,770,756,14,74,36,38,59,25,34,"2,954","2,032",921,331,200,131,28,6,28,16,13,3,          --,          --,          --,3,          --,3,          --,          --,          --,"8,840","8,818",22,"8,809","8,817",-8,31,1,30,920,374,546,4,1,4,          --,          --,          --,846,332,514,"1,173","2,103",-929,"1,026","1,967",-941,1,0,1,"16,251","13,083","3,168","2,535","1,868",667,"7,517","5,710","1,807",832,563,269,"1,581","1,376",205,"1,407","1,409",-2,616,638,-22,79,51,28,"1,016","1,187",-171,3,12,-9,132,133,-1,          --,          --,          --,-1,3,-4,-3,          --,-3,2,2,0,          --,          --,          --,0,          --,0,          --,          --,          --,          --,          --,          --,          --,          --,          --,"26,172","23,896","2,276","3,331","2,245","1,086","7,704","6,173","1,531",2,          --,2
,9月,,Sep,"42,296","35,085","7,211","8,801","4,990","3,810","1,725","1,897",-172,"1,695",928,767,95,24,71,680,6,673,"3,407","1,432","1,976","1,125",656,469,19,16,4,50,22,29,1,11,-10,1,          --,1,1,          --,1,"9,727","7,130","2,597","9,709","7,129","2,580",18,1,17,"1,204",104,"1,100",1,4,-4,3,          --,3,"1,056",35,"1,022","3,486","1,769","1,716","3,480","1,680","1,800",2,          --,2,"18,921","21,086","-2,165","1,779","1,761",17,"7,390","10,868","-3,478",980,859,122,"4,305","3,160","1,146","1,760","1,747",13,"1,075","1,269",-194,42,71,-29,"1,281",864,417,3,12,-9,113,169,-56,          --,          --,          --,8,4,4,-3,          --,-3,3,4,-2,          --,          --,          --,150,1,149,150,          --,150,          --,          --,          --,          --,          --,          --,"32,812","29,906","2,905","4,603","2,136","2,467","10,240","9,338",902,0,0,0
,10月,,Oct,"40,589","37,601","2,988","3,983","4,875",-892,"1,422","1,453",-31,797,"1,318",-522,70,42,29,83,21,62,"1,397","1,818",-421,87,151,-64,20,38,-18,92,32,60,1,1,-1,1,          --,1,          --,          --,          --,"12,960","10,452","2,508","12,950","10,451","2,499",10,1,9,"2,353",902,"1,452",1,1,0,          --,          --,          --,"2,284",7,"2,277","5,276","5,176",100,"5,104","5,014",90,1,0,1,"16,009","16,030",-21,"1,410","1,679",-269,"7,550","6,607",942,"1,057",822,235,"1,557","2,118",-561,"2,079","2,080",0,834,708,126,17,40,-23,"1,048","1,505",-457,2,3,-1,94,86,8,1,          --,1,6,16,-9,-3,          --,-3,3,3,1,          --,          --,          --,0,150,-150,          --,150,-150,          --,          --,          --,          --,          --,          --,"34,111","31,528","2,584","1,597","2,041",-443,"7,353","7,901",-548,1,          --,1
,11月,,Nov,"39,078","34,945","4,133","4,070","3,231",839,934,846,89,"1,070",526,544,102,22,80,117,35,83,"1,608","1,574",34,172,206,-35,1,          --,1,47,23,25,5,0,4,1,          --,1,2,          --,2,"10,873","9,254","1,619","10,859","9,254","1,604",14,          --,14,573,169,404,13,3,13,2,          --,2,474,108,367,"7,346","8,196",-850,"7,344","8,196",-852,2,          --,2,"16,205","14,092","2,113","1,542","1,584",-42,"7,083","6,124",959,792,590,203,"2,557","2,336",222,"1,987","1,988",0,795,724,71,16,105,-89,"1,124",474,650,3,4,0,64,41,23,          --,          --,          --,10,2,8,-3,          --,-3,3,2,2,          --,          --,          --,0,          --,0,          --,          --,          --,          --,          --,          --,          --,          --,          --,"34,563","31,578","2,986","1,831","1,803",28,"7,993","7,481",512,1,          --,1
,12月,,Dec,"49,189","36,238","12,951","9,861","6,279","3,581","2,585","2,875",-289,"2,110",838,"1,273",357,295,63,87,47,39,"3,342","1,419","1,923","1,293",728,565,8,17,8,72,75,-3,2,0,2,1,          --,1,1,0,1,"14,109","9,504","4,605","9,360","9,503",-144,"4,749",0,"4,749","3,201",498,"2,703",0,4,-4,          --,          --,          --,"3,119",456,"2,663","2,370","3,529","-1,160","2,228","3,364","-1,136",1,          --,1,"19,499","16,401","3,098","2,113","1,881",232,"7,438","5,505","1,933",940,678,262,"2,935","3,769",-834,"2,011","1,999",12,657,"1,304",-647,397,402,-4,"1,678",679,999,7,15,-8,56,49,7,          --,          --,          --,30,27,3,-3,          --,-3,33,27,6,          --,          --,          --,120,          --,120,120,          --,120,          --,          --,          --,          --,          --,          --,"35,924","29,320","6,604","4,718","2,221","2,496","10,377","10,192",184,1,0,0
令和5年,1月,2023,Jan,"27,784","34,243","-6,459","3,834","5,355","-1,521","1,463","2,157",-694,603,"1,532",-929,73,106,-33,98,10,88,"1,389","1,234",155,155,267,-112,18,17,1,30,30,0,2,1,1,          --,          --,          --,1,0,0,"7,443","9,178","-1,735","7,433","9,176","-1,743",10,1,9,50,327,-278,          --,4,-4,          --,          --,          --,-36,258,-293,"1,799","3,181","-1,382",798,"2,183","-1,385",2,          --,2,"14,653","16,081","-1,427","1,766","1,729",37,"5,702","7,598","-1,895","1,005",741,264,"1,308","1,981",-673,"2,012","1,950",62,843,614,229,26,383,-357,"1,435",792,644,1,10,-9,76,57,20,          --,          --,          --,5,1,4,-5,          --,-5,7,1,6,          --,          --,          --,0,120,-120,          --,120,-120,          --,          --,          --,          --,          --,          --,"22,989","27,456","-4,467","1,594","1,549",45,"7,506","7,656",-150,          --,          --,          --
,2月,,Feb,"30,753","30,930",-178,"4,766","4,284",481,"1,772","1,484",288,664,583,81,127,21,106,61,20,41,"1,523","1,494",29,597,661,-64,2,          --,2,18,21,-3,2,1,1,0,          --,0,          --,          --,          --,"10,166","8,626","1,541","9,760","8,623","1,137",407,2,404,"1,065",255,810,          --,          --,          --,          --,          --,          --,885,178,707,"1,728","1,737",-9,"1,714","1,737",-23,2,          --,2,"13,024","16,024","-3,001","2,020","2,062",-42,"3,437","3,733",-295,666,367,299,"2,184","2,529",-345,"1,850","1,800",50,760,608,152,"1,088",606,482,742,"1,164",-422,2,33,-31,61,56,5,          --,          --,          --,4,4,0,-5,          --,-5,9,4,5,          --,          --,          --,0,          --,0,          --,          --,          --,          --,          --,          --,          --,          --,          --,"24,963","26,401","-1,438","2,142","2,177",-35,"8,841","11,108","-2,268",          --,0,0
,3月,,Mar,"51,066","40,435","10,631","8,366","4,883","3,483","2,614","2,239",375,"2,041",607,"1,434",336,26,310,309,3,306,"2,119","1,339",780,828,645,183,56,          --,56,18,23,-5,3,1,3,2,          --,2,25,0,24,"13,456","11,202","2,255","13,445","11,178","2,267",12,23,-12,"4,070","1,181","2,889",7,          --,7,          --,          --,          --,"3,862","1,105","2,757","2,626","1,671",956,"2,610","1,671",939,2,          --,2,"22,468","21,493",975,"1,798","2,541",-743,"7,987","7,112",875,680,415,264,"5,397","5,151",245,"2,031","1,996",35,993,"1,122",-129,416,39,377,"2,836","2,666",170,18,9,10,98,84,14,          --,          --,          --,8,5,3,-5,          --,-5,13,5,8,          --,          --,          --,71,          --,71,70,          --,70,          --,          --,          --,          --,          --,          --,"38,830","34,369","4,462","3,027","2,007","1,020","11,626","11,703",-76,          --,1,-1
,4月,,Apr,"34,828","44,186","-9,358","4,826","5,831","-1,005","1,678","1,777",-99,597,"1,394",-797,449,101,348,130,270,-140,"1,798","2,025",-227,115,162,-47,30,25,5,21,51,-30,1,          --,1,6,          --,6,          --,26,-26,"8,081","13,394","-5,313","8,063","13,394","-5,330",18,1,17,136,214,-78,          --,          --,          --,          --,          --,          --,36,155,-119,"2,455","3,639","-1,184","2,438","3,639","-1,201",1,          --,1,"19,319","21,038","-1,719","1,797","1,585",212,"11,168","12,730","-1,562",733,381,352,"1,591","1,259",331,"1,727","1,712",15,962,671,292,113,503,-390,927,"1,866",-939,2,6,-4,120,150,-29,          --,          --,          --,10,1,10,-5,          --,-5,12,1,12,          --,          --,          --,2,70,-68,          --,70,-70,          --,          --,          --,          --,          --,          --,"29,965","38,341","-8,375","1,971","2,263",-292,"7,214","6,427",788,          --,3,-3
,5月,,May,"31,814","30,504","1,311","3,583","3,623",-40,"1,655","1,147",508,629,384,245,93,55,39,54,29,25,"1,057","1,738",-682,33,223,-190,2,          --,2,37,18,19,6,27,-21,1,          --,1,1,2,-1,"10,157","9,321",837,"10,124","9,321",803,33,          --,33,190,98,92,23,          --,23,          --,          --,          --,51,46,4,"1,421","1,174",247,"1,419","1,174",245,1,          --,1,"16,459","16,286",174,"1,756","1,536",220,"6,494","6,334",161,"1,062",643,419,"1,986","3,409","-1,423","1,814","1,804",10,837,693,144,19,          --,19,"2,201","1,568",633,3,14,-12,133,133,-1,          --,          --,          --,3,3,1,-5,          --,-5,8,3,6,          --,          --,          --,0,          --,0,          --,          --,          --,          --,          --,          --,          --,          --,          --,"28,113","26,809","1,304","1,136","2,008",-872,"7,753","8,369",-616,          --,          --,          --
,6月,,Jun,"41,972","35,147","6,825","8,790","5,287","3,503","2,414","2,346",67,"2,205",621,"1,585",166,115,51,168,39,128,"2,741","1,450","1,291",627,655,-29,2,19,-17,464,40,424,1,0,1,1,0,1,0,          --,0,"10,755","9,416","1,339","10,721","9,406","1,315",34,10,24,217,339,-122,6,4,1,          --,          --,          --,129,290,-161,"2,968","4,554","-1,586","2,959","4,550","-1,590",1,          --,1,"19,165","15,516","3,649","1,401","1,328",73,"9,210","6,519","2,691",717,723,-5,"2,384","2,545",-161,"1,898","1,817",81,935,892,43,493,61,433,"1,860","1,276",585,3,11,-8,155,120,35,          --,          --,          --,25,35,-11,-5,          --,-5,29,35,-6,          --,          --,          --,52,          --,52,52,          --,52,          --,          --,          --,          --,          --,          --,"33,049","29,525","3,524","3,836","2,165","1,670","8,088","7,707",380,          --,          --,          --
,7月,,Jul,"79,781","81,754","-1,973","5,703","6,433",-730,"2,185","2,274",-90,636,"1,775","-1,139",153,33,120,62,2,60,"2,579","2,167",412,47,148,-101,2,          --,2,38,33,5,1,          --,1,          --,          --,          --,0,0,0,"10,392","10,762",-370,"10,377","10,750",-373,14,12,3,"2,285","3,877","-1,592",77,3,74,          --,          --,          --,"1,331","3,622","-2,292","3,511","3,366",145,"2,170","2,027",143,2,          --,2,"57,891","57,264",627,"1,656","1,627",29,"49,337","47,709","1,629","1,312",653,659,"1,464","1,246",218,"1,983","1,961",21,"1,099",897,202,29,431,-402,807,"2,505","-1,697",1,9,-8,100,100,-1,          --,          --,          --,-1,2,-3,-5,          --,-5,4,2,2,          --,          --,          --,0,50,-50,          --,50,-50,          --,          --,          --,          --,          --,          --,"70,589","70,054",534,"2,666","2,348",318,"7,739","7,035",704,1,          --,1
,8月,,Aug,"39,205","40,206","-1,001","5,391","4,169","1,222","1,606","1,626",-21,950,733,217,"1,019",47,972,86,3,83,"1,562","1,701",-139,84,21,63,1,          --,1,75,37,38,5,1,4,1,          --,1,          --,          --,          --,"16,626","14,374","2,252","16,614","14,373","2,241",12,1,10,220,127,93,          --,          --,          --,4,          --,4,127,102,25,"1,875","2,656",-782,"1,737","2,522",-785,2,          --,2,"15,093","18,879","-3,786","1,644","1,519",125,"7,230","12,411","-5,181",779,427,352,"1,495","1,174",321,"1,818","1,795",23,852,776,77,65,43,22,939,495,444,0,7,-7,91,91,-1,          --,          --,          --,1,2,-1,-2,          --,-2,2,2,0,          --,          --,          --,1,          --,1,          --,          --,          --,          --,          --,          --,          --,          --,          --,"33,540","35,777","-2,237","1,728","1,760",-32,"6,919","5,958",961,0,          --,0
,9月,,Sep,"69,482","52,809","16,673","8,024","4,616","3,409","2,467","2,042",425,"2,158",925,"1,233",190,32,158,95,17,79,"2,305",999,"1,306",755,527,228,6,1,5,42,73,-31,1,          --,1,          --,          --,          --,1,          --,1,"15,362","13,022","2,340","15,352","13,022","2,330",10,          --,10,"3,486","2,540",946,          --,          --,          --,          --,          --,          --,"3,353","1,804","1,549","2,858","1,673","1,185","2,848","1,670","1,178",1,1,1,"39,641","30,928","8,713","1,620","1,526",94,"27,019","21,087","5,931","1,108",580,529,"4,075","3,666",409,"1,736","1,710",26,"1,108","1,069",40,524,82,442,"2,213",598,"1,615",5,9,-4,74,72,2,          --,          --,          --,18,29,-11,-2,          --,-2,18,29,-11,          --,          --,          --,92,1,91,90,          --,90,          --,          --,          --,          --,          --,          --,"57,950","45,638","12,313","3,108","1,600","1,508","10,407","9,221","1,186",          --,          --,          --
,10月,,Oct,"34,701","36,119","-1,418","6,507","5,729",778,"2,586","2,399",186,893,"1,325",-431,98,28,69,95,33,63,"2,720","1,724",996,61,183,-122,4,          --,4,38,36,1,1,          --,1,1,          --,1,          --,          --,          --,"12,623","13,198",-575,"12,601","13,198",-597,22,          --,22,237,594,-356,0,          --,0,1,          --,1,108,545,-437,"1,601","1,812",-211,"1,437","1,650",-213,1,          --,1,"13,731","14,694",-963,"1,543","1,528",15,"5,211","4,759",452,"1,631",870,761,"1,537","1,306",231,"1,840","1,839",2,975,925,49,50,479,-430,751,"2,788","-2,037",1,7,-6,56,55,1,          --,          --,          --,2,2,-1,-2,          --,-2,4,2,2,          --,          --,          --,0,90,-90,          --,90,-90,          --,          --,          --,          --,          --,          --,"27,888","29,575","-1,688","2,824","1,944",881,"7,768","7,132",635,          --,3,-3
,11月,,Nov,"37,150","31,401","5,749","8,468","4,607","3,861","1,830","1,748",82,868,658,210,111,20,91,202,32,170,"5,306","2,023","3,283",64,88,-24,6,          --,6,53,35,18,9,2,7,2,          --,2,1,          --,1,"12,426","11,567",858,"12,414","11,567",846,12,          --,12,261,813,-552,5,          --,5,          --,          --,          --,120,748,-628,"2,850","2,531",319,"2,826","2,530",296,3,          --,3,"13,145","11,878","1,267","1,789","1,430",359,"4,541","4,653",-112,915,513,402,"1,537","1,973",-436,"1,897","1,909",-12,900,930,-30,42,2,40,"1,369",287,"1,082",0,4,-4,44,43,0,          --,          --,          --,1,6,-5,-2,          --,-2,3,6,-3,          --,          --,          --,0,          --,0,          --,          --,          --,          --,          --,          --,          --,          --,          --,"28,607","26,008","2,599","5,440","2,148","3,292","7,234","6,922",312,          --,0,0
,12月,,Dec,"51,227","43,131","8,096","10,564","7,329","3,234","3,160","2,383",777,"1,808",730,"1,078",157,29,128,140,28,112,"3,982","2,982","1,000","1,083",639,445,68,          --,68,157,538,-381,2,          --,2,2,          --,2,1,          --,1,"15,390","13,000","2,390","15,364","12,983","2,381",26,16,10,637,834,-198,6,          --,6,          --,          --,          --,334,751,-416,"2,729","1,983",746,"2,584","1,841",743,2,          --,2,"21,858","19,967","1,891","1,608","1,306",303,"7,641","6,288","1,353",940,"2,053","-1,113","4,414","4,504",-90,"1,955","1,957",-2,966,"1,305",-339,471,33,438,"2,286","2,357",-71,1,6,-5,41,35,6,          --,          --,          --,14,18,-4,-2,          --,-2,16,18,-2,          --,          --,          --,36,          --,36,35,          --,35,          --,          --,          --,          --,          --,          --,"40,120","34,836","5,284","5,298","4,159","1,139","11,928","11,322",606,          --,          --,          --
令和6年,1月,2024,Jan,"39,146","58,900","-19,754","7,257","7,074",183,"2,641","2,503",138,675,"1,066",-391,630,41,589,168,5,163,"3,050","2,664",386,26,412,-386,          --,          --,          --,57,378,-321,2,4,-2,6,          --,6,          --,0,0,"14,081","32,968","-18,887","14,058","32,960","-18,902",23,8,16,829,"2,203","-1,374",1,          --,1,          --,          --,          --,758,"2,085","-1,327","3,422","3,140",281,"2,419","2,142",277,3,          --,3,"13,562","13,477",84,"1,830","1,813",17,"4,986","5,647",-661,776,456,320,"2,145","1,748",397,"1,693","1,685",8,976,853,122,0,478,-478,930,604,326,96,6,90,48,86,-38,          --,          --,          --,-5,2,-7,-9,          --,-9,4,2,2,          --,          --,          --,0,35,-35,          --,35,-35,          --,          --,          --,          --,          --,          --,"30,233","48,635","-18,402","3,141","3,458",-316,"7,643","7,225",419,35,          --,35
,2月,,Feb,"57,808","59,529","-1,722","8,034","6,857","1,177","2,612","2,454",158,"1,378",596,783,141,87,54,511,2,509,"2,706","3,188",-482,624,472,152,1,9,-8,51,50,1,2,          --,2,2,          --,2,1,          --,1,"27,176","32,840","-5,664","27,147","32,829","-5,681",28,11,17,267,808,-541,          --,          --,          --,          --,          --,          --,177,759,-582,"2,878","1,749","1,129","2,876","1,749","1,126",3,          --,3,"19,449","17,266","2,183","1,158","1,562",-404,"4,441","3,210","1,231",955,473,482,"2,556","1,859",697,"1,724","1,711",13,854,713,141,29,87,-58,984,839,145,16,56,-40,80,82,-1,          --,          --,          --,3,9,-6,-9,          --,-9,11,9,2,          --,          --,          --,0,          --,0,          --,          --,          --,          --,          --,          --,          --,          --,          --,"50,014","51,857","-1,843","3,391","3,719",-328,"14,023","13,217",806,          --,          --,          --
,3月,,Mar,"63,658","47,377","16,281","14,150","8,453","5,697","4,255","3,014","1,242","2,781",634,"2,147",455,191,264,191,117,74,"4,533","3,829",704,777,616,161,30,          --,30,"1,121",52,"1,069",          --,          --,          --,1,0,1,0,1,0,"17,353","15,096","2,257","17,337","15,093","2,244",16,3,13,"2,127",311,"1,816",11,          --,11,23,          --,23,"1,927",114,"1,813","4,525","2,381","2,144","4,521","2,380","2,142",2,          --,2,"25,490","21,127","4,363","1,726","1,681",45,"10,373","7,820","2,553","1,341",640,701,"6,362","5,305","1,057","2,183","2,161",23,"1,237","1,326",-89,531,177,354,"1,436",406,"1,030",1,5,-4,95,95,0,          --,          --,          --,1,9,-8,-9,          --,-9,9,8,1,          --,          --,          --,12,          --,12,11,          --,11,          --,          --,          --,          --,          --,          --,"47,568","38,804","8,763","6,466","4,497","1,969","13,672","12,898",775,          --,          --,          --
,4月,,Apr,"54,627","51,757",2870,"8,768","11,408","-2,641","2,566","3,382",-816,"1,096",823,273,235,147,87,142,455,-314,"4,628","4,957",-329,46,486,-440,13,          --,13,15,"1,149","-1,134",2,          --,2,3,          --,3,1,8,-7,"16,390","14,718","1,672","16,361","14,681","1,679",30,36,-7,894,116,779,2,7,-5,          --,          --,          --,703,57,646,"5,792","4,469",1323,"5,789","4,469",1320,1,          --,1,"22,787","21,034","1,753","2,076","1,939",137,"6,576","9,865","-3,289",758,"1,094",-336,"4,002","3,187",814,"1,995","1,960",34,"1,069",996,73,54,504,-450,"1,126","1,192",-66,31,16,15,199,135,63,          --,          --,          --,-4,1,-5,-9,          --,-9,5,1,4,          --,          --,          --,0,11,-11,          --,11,-11,          --,          --,          --,          --,          --,          --,"45,110","40,683","4,427","4,713","6,593","-1,880","15,084","9,971","5,113",36,4,32
,5月,,May,"42,814","41,467","1,347","8,326","7,293","1,033","2,322","2,428",-106,608,681,-73,177,28,150,151,9,142,"4,753","4,032",721,278,76,202,9,20,-12,15,19,-4,9,1,8,3,          --,3,1,          --,1,"15,185","14,673",513,"15,173","14,664",509,12,9,4,503,120,383,          --,          --,          --,          --,          --,          --,388,49,338,"2,324","3,488","-1,165","2,309","3,486","-1,178",1,2,-1,"16,483","15,883",600,"1,522","1,466",56,"5,002","4,736",266,878,572,307,"3,379","4,199",-820,"2,096","2,084",11,"1,190",916,273,1,11,-11,"2,078","1,509",569,8,19,-10,181,152,29,          --,          --,          --,-7,9,-16,-9,          --,-9,2,9,-7,          --,          --,          --,0,          --,0,          --,          --,          --,          --,          --,          --,          --,          --,          --,"34,128","34,054",73,"5,067","4,148",919,"9,402","9,639",-236,          --,3,-3
,6月,,Jun,"59,120","49,030","10,091","12,227","7,229","4,998","4,026","2,979","1,047","1,581",579,1002,366,167,199,425,2,424,"5,131","2,938","2,194",386,522,-136,4,          --,4,296,42,254,5,          --,5,1,          --,1,5,          --,5,"17,773","17,433",340,"17,072","16,749",322,701,684,18,761,"1,877","-1,116",1,          --,1,          --,          --,          --,461,"1,826","-1,365","7,622","6,213","1,409","7,601","6,213","1,388",1,          --,1,"20,731","16,262","4,469","1,193","1,281",-88,"8,962","5,248","3,714",643,735,-92,"3,595","3,883",-287,"2,285","2,203",82,941,983,-43,879,197,682,"1,125",773,352,6,10,-5,153,151,2,          --,          --,          --,5,16,-11,-8,          --,-8,13,13,0,          --,          --,          --,1,          --,1,          --,          --,          --,          --,          --,          --,          --,          --,          --,"46,719","39,910","6,809","5,823","3,502","2,321","10,637","10,233",404,7,          --,7
,7月,,Jul,"108,145","109,690","-1,545","12,070","11,168",902,"3,132","4,242","-1,109","1,833","1,221",612,506,166,340,82,4,78,"6,188","5,079","1,110",284,175,109,1,          --,1,28,283,-254,5,          --,5,4,          --,4,          --,          --,          --,"20,759","18,195","2,565","20,746","18,194","2,552",13,0,13,"1,018","2,092","-1,073",          --,          --,          --,          --,          --,          --,911,"1,804",-893,"5,275","7,297","-2,021","3,917","5,958","-2,041",1,          --,1,"69,026","70,934","-1,907","1,871","2,178",-307,"56,232","58,426","-2,195",742,472,270,"5,424","3,933","1,491","2,358","2,296",62,"1,079",995,85,3,513,-511,"1,007","1,517",-510,10,2,8,159,155,4,          --,          --,          --,-4,5,-9,-9,          --,-9,4,5,-1,          --,          --,          --,0,          --,0,          --,          --,          --,          --,          --,          --,          --,          --,          --,"93,783","95,203","-1,420","6,510","5,536",974,"11,785","10,990",795,          --,          --,          --
,8月,,Aug,"47,840","55,610","-7,770","8,611","7,450","1,160","2,186","1,891",294,957,693,264,259,44,214,80,49,31,"4,961","4,652",309,120,106,14,19,0,18,26,14,12,3,          --,3,1,0,0,0,          --,0,"16,275","18,310","-2,035","15,597","16,923","-1,326",678,"1,387",-709,"1,712","1,630",81,2,          --,2,          --,          --,          --,"1,624","1,595",29,"4,155","5,073",-919,"4,019","4,939",-920,0,          --,0,"17,093","23,143","-6,051","1,515","1,275",240,"6,628","13,302","-6,673",653,443,210,"2,832","3,787",-955,"2,411","2,358",53,848,834,15,2,514,-511,"1,945",354,"1,591",11,1,10,148,141,7,          --,          --,          --,-4,2,-7,-9,          --,-9,5,2,3,          --,          --,          --,0,          --,0,          --,          --,          --,          --,          --,          --,          --,          --,          --,"37,467","46,427","-8,960","5,129","4,773",357,"8,515","9,473",-958,          --,          --,          --
,9月,,Sep,"63,758","47,583","16,175","12,010","10,378","1,632","3,700","2,896",804,"1,761","1,649",112,293,70,223,126,499,-372,"5,051","4,656",395,658,586,72,9,1,7,349,19,330,6,1,5,          --,          --,          --,0,1,-1,"15,795","14,168","1,627","15,779","14,157","1,622",16,11,5,631,336,295,          --,          --,          --,          --,          --,          --,343,254,89,"6,454","3,367","3,088","6,420","3,367","3,053",1,          --,1,"28,867","19,321","9,546","1,467","1,397",70,"11,518","7,684","3,834","1,003",710,293,"7,057","5,477","1,580","2,364","2,271",94,955,805,150,173,14,159,"4,018",403,"3,615",9,5,4,111,109,2,          --,          --,          --,1,13,-13,-9,          --,-9,9,13,-4,          --,          --,          --,0,          --,0,          --,          --,          --,          --,          --,          --,          --,          --,          --,"51,206","37,378","13,828","6,130","5,263",866,"13,325","11,231","2,094",          --,          --,          --
,10月,,Oct,"54,637","58,813","-4,176","9,726","11,433","-1,707","2,145","3,741","-1,596","1,445","1,210",235,124,155,-31,142,104,38,"5,673","5,762",-89,129,126,3,9,23,-14,36,313,-277,2,          --,2,4,          --,4,1,          --,1,"19,638","17,995","1,644","19,612","17,982","1,630",26,13,13,"1,114",738,376,          --,          --,          --,          --,          --,          --,"1,034",666,368,"3,516","5,729","-2,212","3,349","5,548","-2,198",1,17,-17,"20,625","22,918","-2,293","1,347","1,648",-302,"9,316","10,070",-754,881,"1,477",-597,"4,317","5,065",-747,"2,597","2,555",42,909,847,63,0,199,-199,"1,026",895,131,6,2,4,113,98,15,          --,          --,          --,17,1,17,14,          --,14,3,1,3,          --,          --,          --,0,          --,0,          --,          --,          --,          --,          --,          --,          --,          --,          --,"43,753","46,592","-2,839","5,859","6,223",-365,"10,280","11,954","-1,673",5,3,2
,11月,,Nov,"52,261","46,584","5,678","9,115","8,644",472,"1,337","1,089",248,1845,556,1290,164,29,136,117,114,4,"5,507","6,804","-1,297",91,38,52,18,          --,18,24,13,11,7,          --,7,1,0,0,1,          --,1,"19,572","15,642","3,930","17,637","15,642","1,995","1,935",0,"1,935","2,085","1,687",399,0,          --,0,          --,          --,          --,"1,948","1,572",376,"4,036","3,897",139,"4,035","3,888",147,0,0,0,"17,413","16,712",701,"1,362","1,131",231,"6,986","6,968",19,914,577,336,"3,670","4,578",-908,"2,363","2,333",30,825,813,12,1,8,-7,"1,084",149,935,4,1,3,84,81,3,          --,          --,          --,40,2,38,37,          --,37,2,2,0,          --,          --,          --,0,          --,0,          --,          --,          --,          --,          --,          --,          --,          --,          --,"41,137","36,402","4,735","5,649","6,856","-1,207","9,290","9,595",-305,0,5,-5
,12月,,Dec,"72,275","60,725","11,551","13,364","9,724","3,641","3,720","1,970","1,750","1,384","1,250",134,366,37,329,196,32,164,"6,345","5,843",502,"1,011",549,462,78,20,58,250,22,228,6,          --,6,4,          --,4,1,          --,1,"21,238","22,049",-811,"21,212","22,038",-826,27,12,15,"3,391","5,660","-2,268",1,          --,1,4,          --,4,"2,989","5,598","-2,610","6,092","4,324","1,768","5,629","3,870","1,760",315,311,4,"28,162","18,959","9,204","2,056","1,950",106,"8,061","6,967",1095,883,700,183,"10,865","5,192","5,673","2,351","2,345",6,872,980,-108,425,199,225,"1,474",220,"1,254",0,3,-2,42,40,2,          --,          --,          --,26,9,17,14,          --,14,10,9,1,          --,          --,          --,0,          --,0,          --,          --,          --,          --,          --,          --,          --,          --,          --,"55,749","45,220","10,528","7,695","6,434","1,260","18,626","11,772","6,854",52,1,51
令和7年,1月,2025,Jan,"57,695","57,653",42,"10,180","9,963",217,"1,918","2,634",-716,"1,399",913,486,183,217,-35,89,31,59,"6,381","5,532",849,155,343,-189,3,          --,3,38,293,-255,11,          --,11,1,          --,1,          --,          --,          --,"21,468","19,657","1,811","21,383","19,656","1,727",85,0,84,"2,379","2,853",-474,0,          --,0,          --,          --,          --,"2,130","2,751",-621,"7,166","6,882",284,"6,166","5,884",282,1,          --,1,"16,507","18,270","-1,763","1,628","1,966",-338,"5,835","7,423","-1,588",784,716,69,"3,558","4,620","-1,062","2,167","2,118",48,970,825,145,4,203,-198,"1,221",168,"1,053",40,22,18,47,44,4,          --,          --,          --,-5,27,-33,-9,23,-32,3,2,1,          --,          --,          --,0,          --,0,          --,          --,          --,          --,          --,          --,          --,          --,          --,"44,252","43,876",377,"6,589","6,168",421,"9,449","10,679","-1,230",1,          --,1
,2月,,Feb,"52,842","52,961",-118,"11,257","8,960","2,297","1,470","2,104",-634,"1,434",470,965,138,38,101,81,17,64,"7,762","6,010","1,752",300,263,37,18,          --,18,42,58,-16,3,          --,3,          --,          --,          --,1,          --,1,"19,582","17,215","2,367","18,121","17,204",917,"1,461",11,"1,450",952,315,637,          --,1,-1,1,          --,1,885,272,613,"6,063","6,200",-137,"6,059","6,195",-137,1,2,-2,"14,991","20,268","-5,277","1,478","1,025",453,"4,626","10,025","-5,400",760,398,362,"3,675","4,935","-1,260","1,889","1,901",-13,730,621,109,38,7,31,576,168,408,12,3,9,64,51,12,          --,          --,          --,-3,2,-5,-9,          --,-9,6,2,4,          --,          --,          --,0,          --,0,          --,          --,          --,          --,          --,          --,          --,          --,          --,"40,713","43,702","-2,990","8,128","6,331","1,797","9,789","10,066",-277,          --,          --,          --
,3月,,Mar,"78,229","66,256","11,972","17,979","12,388","5,591","3,462","2,213","1,249","2,914","1,103","1,811",672,211,461,366,34,332,"8,938","8,112",826,"1,053",664,389,25,1,24,516,39,476,4,          --,4,2,1,1,3,          --,3,"23,545","22,392","1,153","23,527","22,365","1,162",17,27,-9,961,698,263,6,          --,6,          --,          --,          --,757,574,184,"6,913","6,767",146,"6,910","6,766",144,1,0,0,"28,806","24,001","4,805","1,308","1,157",151,"11,394","8,962","2,432",759,653,106,"8,599","6,171","2,428","2,188","2,253",-64,985,"1,361",-376,223,2,221,"2,093","1,875",218,9,4,5,93,87,7,          --,          --,          --,19,11,8,6,          --,6,12,11,1,          --,          --,          --,7,          --,7,          --,          --,          --,          --,          --,          --,          --,          --,          --,"59,634","53,201","6,433","10,542","8,826","1,716","15,311","13,160","2,151",0,          --,0
,4月,,Apr,"51,519","53,655","-2,136","11,855","13,537","-1,681","2,593","3,881","-1,288","1,866","1,345",520,511,151,360,341,114,228,"6,495","7,315",-820,29,227,-197,4,11,-7,9,490,-481,1,1,0,1,          --,1,          --,          --,          --,"18,369","18,657",-287,"18,342","18,646",-304,27,11,16,"1,300",850,450,0,          --,0,          --,          --,          --,"1,170",761,410,"2,551","3,541",-991,"2,548","3,541",-993,1,          --,1,"17,437","17,040",397,"1,165","1,644",-479,"6,951","7,071",-120,753,580,173,"3,678","2,507","1,171","2,250","2,215",34,739,778,-39,-2,359,-360,"1,700",201,"1,500",9,14,-5,101,103,-1,          --,          --,          --,6,29,-23,-9,          --,-9,5,29,-25,          --,          --,          --,0,          --,0,          --,          --,          --,          --,          --,          --,          --,          --,          --,"38,707","39,388",-681,"6,545","8,046","-1,501","8,785","9,768",-983,          --,54,-54
,5月,,May,"38,512","33,612","4,900","9,292","8,826",466,"1,553","2,175",-622,748,534,214,282,247,35,89,1,88,"6,531","5,838",693,55,20,35,2,          --,2,13,5,8,13,          --,13,1,1,0,0,          --,0,"8,735","8,307",428,"8,722","8,302",420,13,5,8,"1,966",139,"1,826",          --,7,-7,          --,          --,          --,"1,811",80,"1,731","3,338","3,069",269,"3,336","3,061",274,2,          --,2,"15,179","13,271","1,909","1,822","1,501",321,"5,850","5,972",-122,933,526,408,"2,026","1,665",361,"2,513","2,460",54,529,650,-121,24,26,-2,"1,182",123,"1,059",17,7,10,122,123,-1,          --,          --,          --,2,0,2,-9,          --,-9,2,0,2,          --,          --,          --,0,          --,0,          --,          --,          --,          --,          --,          --,          --,          --,          --,"27,346","24,656","2,689","6,618","5,869",749,"8,146","7,176",970,          --,113,-113
,6月,,Jun,"55,446","43,321","12,125","13,578","9,580","3,998","2,776","1,446","1,330","1,195","1,011",184,548,99,450,72,          --,72,"7,329","5,901","1,428",973,"1,116",-143,5,          --,5,594,7,587,17,0,17,22,          --,22,0,          --,0,"11,315","10,225",1090,"11,293","10,003","1,290",22,222,-200,"3,016","2,845",171,          --,          --,          --,          --,          --,          --,"2,748","2,682",66,"6,447","6,934",-487,"6,329","6,824",-494,0,          --,0,"20,953","13,618","7,335","1,624","1,518",107,"8,037","5,352","2,685",730,710,20,"4,466","2,363","2,103","2,492","2,416",76,874,777,98,189,29,160,"2,287",127,"2,160",2,11,-9,137,127,9,          --,          --,          --,137,111,25,6,          --,6,19,11,8,          --,          --,          --,0,6,-6,          --,          --,          --,          --,          --,          --,          --,          --,          --,"38,957","30,890","8,068","8,985","7,024","1,960","10,628","8,134","2,494",          --,          --,          --
,7月,,Jul,"93,500","89,449","4,051","8,626","10,195","-1,570","1,284","2,672","-1,388","1,742","1,771",-30,253,154,98,87,123,-36,"4,934","4,602",331,269,268,1,4,4,0,23,597,-575,12,          --,12,14,2,12,1,          --,1,"19,527","15,381","4,146","19,425","12,138","7,287",102,"3,243","-3,142","1,967","2,944",-978,1,          --,1,          --,          --,          --,"1,796","2,797","-1,001","5,804","8,681","-2,877","4,425","7,340","-2,915",          --,          --,          --,"57,521","52,237","5,284","2,038","1,729",309,"41,690","41,762",-71,638,488,150,"2,768","3,604",-836,"2,674","2,614",60,598,687,-88,7,839,-832,815,233,581,26,7,19,146,140,6,          --,          --,          --,56,10,46,21,          --,21,11,10,0,          --,          --,          --,          --,          --,          --,          --,          --,          --,          --,          --,          --,          --,          --,          --,"81,449","75,090","6,358","5,258","5,474",-216,"14,917","10,242","4,675",          --,          --,          --
,8月,,Aug,"42,970","43,134",-164,"7,368","6,327","1,040","1,414","1,199",215,526,434,93,196,36,160,98,7,90,"5,001","4,400",601,87,222,-135,4,          --,4,20,27,-7,5,2,3,2,1,2,0,          --,0,"12,319","10,569","1,750","12,297","10,557","1,741",22,12,10,"2,193","1,011","1,182",          --,          --,          --,2,          --,2,"2,089",943,"1,145","4,241","4,275",-34,"4,094","4,119",-25,          --,          --,          --,"16,814","20,949","-4,135","1,577","1,317",260,"6,877","12,811","-5,935",576,460,116,"2,056","1,698",358,"2,716","2,607",109,750,868,-118,5,419,-415,"1,622",230,"1,392",14,5,8,141,141,0,          --,          --,          --,31,4,27,28,          --,28,3,4,-1,          --,          --,          --,4,          --,4,          --,          --,          --,          --,          --,          --,          --,          --,          --,"33,312","35,683","-2,371","5,133","4,651",482,"8,314","7,906",408,          --,          --,          --
,9月,,Sep,"62,416","59,583","2,833","14,919","9,875","5,045","4,686","1,444","3,242","1,959","2,491",-531,937,66,871,173,20,153,"5,529","4,992",536,892,810,83,5,12,-7,717,40,677,3,          --,3,3,1,2,2,          --,2,"15,509","20,942","-5,434","15,497","20,296","-4,799",12,647,-634,"2,721","1,422","1,299",4,          --,4,          --,          --,          --,"2,555","1,338","1,217","5,280","3,222","2,057","5,227","3,222","2,005",          --,          --,          --,"23,985","24,111",-126,"1,567","1,545",22,"10,526","9,786",740,880,429,451,"4,731","4,767",-35,"2,614","2,543",71,"1,156","1,283",-127,227,475,-248,"1,735","2,763","-1,027",9,10,-1,106,109,-3,          --,          --,          --,2,10,-8,-9,          --,-9,8,10,-2,          --,          --,          --,1,0,1,          --,          --,          --,          --,          --,          --,          --,          --,          --,"44,893","48,332","-3,439","7,162","5,855","1,307","11,713","11,559",155,          --,17,-17
,10月,,Oct,"51,293","53,803","-2,510","13,033","12,448",585,"1,983","2,856",-873,"1,014","2,443","-1,429",652,149,503,134,108,26,"8,983","5,907",3075,215,257,-42,12,0,12,20,729,-708,          --,          --,          --,1,0,0,2,          --,2,"15,367","15,747",-380,"15,304","15,722",-418,63,25,38,564,"1,569","-1,005",          --,          --,          --,          --,0,0,515,"1,540","-1,025","2,165","3,888","-1,723","1,999","3,726","-1,727",2,          --,2,"20,102","20,148",-46,"3,092","3,216",-124,"8,885","9,412",-528,577,460,118,"3,379","2,751",628,"2,693","2,688",5,607,609,-2,36,215,-179,627,141,486,25,6,18,99,101,-2,          --,          --,          --,61,2,60,52,          --,52,9,2,8,          --,          --,          --,          --,          --,          --,          --,          --,          --,          --,          --,          --,          --,          --,          --,"37,599","39,739","-2,140","9,249","6,893",2355,"10,587","10,595",-8,          --,3,-3
,11月,,Nov,"51,609","44,035","7,575","10,941","7,863","3,078","1,605","1,459",146,795,847,-52,127,47,80,403,53,351,"7,557","5,141","2,416",344,296,48,4,          --,4,40,14,26,3,1,2,31,          --,31,2,          --,2,"20,254","10,753","9,501","20,215","10,753","9,462",39,          --,39,"1,565","3,398","-1,833",          --,          --,          --,          --,1,-1,"1,397","3,340","-1,943","1,307","3,677","-2,370","1,294","3,674","-2,379",          --,          --,          --,"17,505","18,342",-837,"3,374","3,704",-330,"6,993","7,304",-311,534,357,176,"2,198","3,161",-962,"2,677","2,674",3,691,746,-55,26,92,-65,828,122,706,13,10,4,106,88,18,          --,          --,          --,37,2,35,27,          --,27,2,2,0,          --,          --,          --,0,          --,0,          --,          --,          --,          --,          --,          --,          --,          --,          --,"39,462","32,831","6,632","7,992","5,457","2,535","9,682","10,915",-1233,          --,2,-2
,12月,,Dec,"87,966","57,366","30,600","16,859","14,089","2,770","4,607","4,317",290,"1,731",849,881,392,77,314,119,10,109,"8,560","8,070",490,853,755,98,67,5,62,490,1,490,4,          --,4,2,1,0,12,          --,12,"17,370","18,131",-761,"16,785","16,690",95,585,"1,441",-855,"5,555",687,"4,868",          --,          --,          --,          --,0,0,"5,238",410,"4,828","4,000",846,"3,154","3,852",701,"3,150",          --,          --,          --,"44,176","23,604","20,572","4,670","4,774",-103,"25,924","7,961","17,963",464,556,-92,"7,265","5,100","2,166","2,804","2,741",63,1006,922,85,535,598,-63,"1,211",291,920,18,24,-5,97,73,24,          --,          --,          --,5,8,-3,-9,          --,-9,10,5,5,          --,          --,          --,0,          --,0,          --,          --,          --,          --,          --,          --,          --,          --,          --,"65,686","42,527","23,158","9,980","8,833","1,147","16,999","15,345","1,655",          --,496,-496
令和8年,1月,2026,Jan,"54,952","50,460","4,492","10,481","11,979","-1,498","2,752","2,908",-156,"1,062","1,568",-506,195,202,-8,77,25,52,"6,149","6,425",-276,192,383,-191,41,          --,41,6,467,-461,5,0,4,1,          --,1,1,          --,1,"20,145","14,311","5,833","20,131","14,311","5,819",14,0,14,512,141,371,          --,          --,          --,          --,          --,          --,366,61,304,"3,496","4,006",-511,"2,496","2,999",-503,0,          --,0,"20,317","20,021",297,"1,732","1,748",-15,"9,023","10,368","-1,345",575,504,71,"4,594","3,594",1000,"2,530","2,324",206,928,895,32,28,11,17,769,355,414,6,23,-17,75,147,-72,          --,          --,          --,0,1,-1,-8,          --,-8,7,1,6,          --,          --,          --,1,          --,1,          --,          --,          --,          --,          --,          --,          --,          --,          --,"43,028","37,366","5,661","6,394","7,275",-881,"10,525","9,298","1,227",          --,          --,          --
,2月,,Feb,"52,974","45,738","7,236","11,294","9,163","2,131","2,024","1,425",598,645,"1,230",-585,215,41,175,68,114,-46,"7,366","5,657","1,709",938,675,263,23,          --,23,4,20,-16,7,          --,7,2,          --,2,          --,          --,          --,"18,742","14,451","4,291","18,722","14,449","4,273",19,2,17,344,975,-630,          --,          --,          --,          --,          --,          --,266,945,-679,"3,972","3,415",557,"3,958","3,415",543,          --,          --,          --,"18,562","17,702",860,"1,976","1,595",381,"7,133","7,717",-584,855,692,163,"4,175","3,786",389,"2,177","2,147",30,928,803,125,6,102,-96,"1,029",188,840,19,12,7,61,62,-1,          --,          --,          --,61,32,29,53,          --,53,7,32,-25,          --,          --,          --,          --,          --,          --,          --,          --,          --,          --,          --,          --,          --,          --,          --,"41,309","35,692","5,617","8,340","6,352","1,989","10,297","9,797",500,          --,          --,          --
,3月,,Mar,"90,872","69,111","21,761","20,904","16,416","4,487","5,830","3,398","2,433","3,600","2,704",896,542,238,304,123,162,-39,"8,940","9,062",-122,"1,096",815,281,98,19,78,633,11,622,4,          --,4,          --,0,0,36,          --,36,"33,213","19,862","13,351","32,641","19,852","12,789",572,9,562,"4,546",468,"4,078",1,          --,1,          --,          --,          --,"4,471",414,"4,057","3,915","4,909",-994,"3,909","4,908",-999,4,1,3,"28,288","27,455",833,"2,076","2,373",-297,"11,080","7,648","3,432",844,493,350,"8,779","6,817","1,962","2,311","2,281",30,991,519,472,15,44,-30,"1,549","5,631","-4,082",7,34,-26,131,183,-52,          --,          --,          --,6,1,5,-9,          --,-9,4,1,3,          --,          --,          --,0,          --,0,          --,          --,          --,          --,          --,          --,          --,          --,          --,"65,542","52,397","13,146","10,771","9,914",857,"15,657","14,169","1,487",1,          --,1
,4月(P),,Apr(P),"75,452","75,188",264,"14,916","18,398","-3,483","2,118","4,276","-2,158","1,861","2,380",-519,177,88,89,92,74,18,"10,497","10,684",-186,138,261,-122,20,17,4,4,614,-610,4,1,3,2,          --,2,1,          --,1,"25,673","22,020","3,653","25,635","21,310","4,325",38,710,-672,"8,662","9,663","-1,001",          --,          --,          --,          --,1,-1,"8,544","9,606","-1,062","2,519","3,020",-501,"2,517","3,019",-502,          --,1,-1,"23,690","22,086","1,604","2,507","4,601","-2,094","10,419","9,256","1,163",571,414,157,"5,137","4,210",927,"2,257","2,225",32,738,786,-48,116,104,11,"1,673",226,"1,447",30,10,20,123,124,-1,          --,          --,          --,-8,1,-9,-9,          --,-9,1,1,0,          --,          --,          --,1,          --,1,          --,          --,          --,          --,          --,          --,          --,          --,          --,"51,968","47,200","4,768","10,666","11,580",-915,"11,596","12,603","-1,007",          --,3,-3
,5月(P),,May(P),"55,481","54,971",510,"11,916","12,679",-763,"2,418","2,473",-55,694,"1,203",-509,209,95,114,122,10,111,"8,298","8,603",-305,160,285,-124,0,7,-7,5,1,4,1,          --,1,2,1,2,2,          --,2,"18,225","18,310",-85,"18,201","18,308",-107,23,1,22,"2,519","3,242",-722,          --,          --,          --,1,          --,1,"2,442","3,220",-778,"2,204","2,584",-380,"2,202","2,582",-380,2,2,0,"20,533","18,136","2,397","2,400","2,068",332,"9,978","8,892","1,086",567,186,380,"3,485","3,195",290,"2,283","2,283",1,669,893,-224,-4,110,-114,897,314,583,18,10,8,154,151,3,          --,          --,          --,83,20,63,54,          --,54,19,20,-1,          --,          --,          --,1,          --,1,          --,          --,          --,          --,          --,          --,          --,          --,          --,"41,089","39,041","2,048","8,471","8,897",-426,"9,658","8,931",727,5,3,2
