財務省　国際収支状況　（対外・対内直接投資）,,,,,,,,,,,,,,,,,,,,,,,,,,,,,,,,,,,,,,,,,,,,,,,,,,,,,,,,,,,,,,,,,,,,,,,,,,,,,,,,,,,,,,,,,,,,,,,,,,,,,,,,,,,,,,,,,,,,,,,,,,,,,,,,,,,,,,,,,,,,,,,,
Ⅴ．対外・対内直接投資（地域別内訳）,,,,,,,,,,,,,,,,,,,,,,,,,,,,,,,,,,,,,,,,,,,,,,,,,,,,,,,,,,,,,,,,,,,,,,,,,,,,,,,,,,,,,,,,,,,,,,,,,,,,,,,,,,,,,,,,,,,,,,,,,,,,,,,,,,,,,,,,,,,,,,,,
6d-2　対外直接投資の地域別内訳,,,,,,,,,,,,,,,,,,,,,,,,,,,,,,,,,,,,,,,,,,,,,,,,,,,,,,,,,,,,,,,,,,,,,,,,,,,,,,,,,,,,,,,,,,,,,,,,,,,,,,,,,,,,,,,,,,,,,,,,,,,,,,,,,,,,,,,,,,,,,,,,
（単位　億円）,,,,,,,,,,,,,,,,,,,,,,,,,,,,,,,,,,,,,,,,,,,,,,,,,,,,,,,,,,,,,,,,,,,,,,,,,,,,,,,,,,,,,,,,,,,,,,,,,,,,,,,,,,,,,,,,,,,,,,,,,,,,,,,,,,,,,,,,,,,,,,,,
Japan's Balance of Payments(Direct Investment Assets/Liabilities),,,,,,,,,,,,,,,,,,,,,,,,,,,,,,,,,,,,,,,,,,,,,,,,,,,,,,,,,,,,,,,,,,,,,,,,,,,,,,,,,,,,,,,,,,,,,,,,,,,,,,,,,,,,,,,,,,,,,,,,,,,,,,,,,,,,,,,,,,,,,,,,
"Ⅴ.Direct Investment Assets/Liablities, Country Breakdown",,,,,,,,,,,,,,,,,,,,,,,,,,,,,,,,,,,,,,,,,,,,,,,,,,,,,,,,,,,,,,,,,,,,,,,,,,,,,,,,,,,,,,,,,,,,,,,,,,,,,,,,,,,,,,,,,,,,,,,,,,,,,,,,,,,,,,,,,,,,,,,,
"6d-2  Direct Investment Assets, Country Breakdown",,,,,,,,,,,,,,,,,,,,,,,,,,,,,,,,,,,,,,,,,,,,,,,,,,,,,,,,,,,,,,,,,,,,,,,,,,,,,,,,,,,,,,,,,,,,,,,,,,,,,,,,,,,,,,,,,,,,,,,,,,,,,,,,,,,,,,,,,,,,,,,,
(100 million Yen),,,,,,,,,,,,,,,,,,,,,,,,,,,,,,,,,,,,,,,,,,,,,,,,,,,,,,,,,,,,,,,,,,,,,,,,,,,,,,,,,,,,,,,,,,,,,,,,,,,,,,,,,,,,,,,,,,,,,,,,,,,,,,,,,,,,,,,,,,,,,,,,
,,,,,,,,,,,,,,,,,,,,,,,,,,,,,,,,,,,,,,,,,,,,,,,,,,,,,,,,,,,,,,,,,,,,,,,,,,,,,,,,,,,,,,,,,,,,,,,,,,,,,,,,,,,,,,,,,,,,,,,,,,,,,,,,,,,,,,,,,,,,,,,,
（備考）,① (P)は速報値を示す。また、合計は四捨五入により合わないことがある。,,,,,,,,,,,,,,,,,,,,,,,,,,,,,,,,,,,,,,,,,,,,,,,,,,,,,,,,,,,,,,,,,,,,,,,,,,,,,,,,,,,,,,,,,,,,,,,,,,,,,,,,,,,,,,,,,,,,,,,,,,,,,,,,,,,,,,,,,,,,,,,
,② 令和8年4月8日付で、令和5年1月から令和7年9月までの計数について一部改訂を行っている。,,,,,,,,,,,,,,,,,,,,,,,,,,,,,,,,,,,,,,,,,,,,,,,,,,,,,,,,,,,,,,,,,,,,,,,,,,,,,,,,,,,,,,,,,,,,,,,,,,,,,,,,,,,,,,,,,,,,,,,,,,,,,,,,,,,,,,,,,,,,,,,
,,,,,,,,,,,,,,,,,,,,,,,,,,,,,,,,,,,,,,,,,,,,,,,,,,,,,,,,,,,,,,,,,,,,,,,,,,,,,,,,,,,,,,,,,,,,,,,,,,,,,,,,,,,,,,,,,,,,,,,,,,,,,,,,,,,,,,,,,,,,,,,,
 (NOTE),① (P) shows preliminary figures. Totals may not add due to rounding.,,,,,,,,,,,,,,,,,,,,,,,,,,,,,,,,,,,,,,,,,,,,,,,,,,,,,,,,,,,,,,,,,,,,,,,,,,,,,,,,,,,,,,,,,,,,,,,,,,,,,,,,,,,,,,,,,,,,,,,,,,,,,,,,,,,,,,,,,,,,,,,
,"② Certain figures from January 2023 up to September 2025 are revised as of April 8, 2026.",,,,,,,,,,,,,,,,,,,,,,,,,,,,,,,,,,,,,,,,,,,,,,,,,,,,,,,,,,,,,,,,,,,,,,,,,,,,,,,,,,,,,,,,,,,,,,,,,,,,,,,,,,,,,,,,,,,,,,,,,,,,,,,,,,,,,,,,,,,,,,,
,,,,,,,,,,,,,,,,,,,,,,,,,,,,,,,,,,,,,,,,,,,,,,,,,,,,,,,,,,,,,,,,,,,,,,,,,,,,,,,,,,,,,,,,,,,,,,,,,,,,,,,,,,,,,,,,,,,,,,,,,,,,,,,,,,,,,,,,,,,,,,,,
,,,,,,,,,,,,,,,,,,,,,,,,,,,,,,,,,,,,,,,,,,,,,,,,,,,,,,,,,,,,,,,,,,,,,,,,,,,,,,,,,,,,,,,,,,,,,,,,,,,,,,,,,,,,,,,,,,,,,,,,,,,,,,,,,,,,,,,,,,,,,,,,
対外直接投資,,,,,,,,,,,,,,,,,,,,,,,,,,,,,,,,,,,,,,,,,,,,,,,,,,,,,,,,,,,,,,,,,,,,,,,,,,,,,,,,,,,,,,,,,,,,,,,,,,,,,,,,,,,,,,,,,,,,,,,,,,,,,,,,,,,,,,,,,,,,,,,,
Direct Investment Assets,,,,,,,,,,,,,,,,,,,,,,,,,,,,,,,,,,,,,,,,,,,,,,,,,,,,,,,,,,,,,,,,,,,,,,,,,,,,,,,,,,,,,,,,,,,,,,,,,,,,,,,,,,,,,,,,,,,,,,,,,,,,,,,,,,,,,,,,,,,,,,,,
,,,,合計,,,アジア,,,,,,,,,,,,,,,,,,,,,,,,,,,,,,,,,,,,北米,,,,,,,,,中南米,,,,,,,,,,,,大洋州,,,,,,,,,欧州,,,,,,,,,,,,,,,,,,,,,,,,,,,,,,,,,,,,中東,,,,,,,,,,,,アフリカ,,,,,,国際機関,,,非分類,,,ＯＥＣＤ諸国,,,ＡＳＥＡＮ,,,ＥＵ,,,東欧・ロシア等,,
,,,,Total,,,Asia,,,,,,,,,,,,,,,,,,,,,,,,,,,,,,,,,,,,North America,,,,,,,,,Central and South America,,,,,,,,,,,,Oceania,,,,,,,,,Europe,,,,,,,,,,,,,,,,,,,,,,,,,,,,,,,,,,,,Middle East ,,,,,,,,,,,,Africa ,,,,,,Int'l Organization,,,Unallocated,,,OECD countries,,,ASEAN,,,EU,,,"Eastern Europe, Russia, etc.",,
,,,,,,,,,,中華人民共和国,,,香港,,,台湾,,,大韓民国,,,シンガポール,,,タイ,,,インドネシア,,,マレーシア,,,フィリピン,,,ベトナム,,,インド,,,,,,アメリカ合衆国,,,カナダ,,,,,,メキシコ,,,ブラジル,,,ケイマン諸島,,,,,,オーストラリア,,,ニュージーランド,,,,,,ドイツ,,,英国,,,フランス,,,オランダ,,,イタリア,,,ベルギー,,,ルクセンブルク,,,スイス,,,スウェーデン,,,スペイン,,,ロシア,,,,,,サウジアラビア,,,アラブ首長国連邦,,,イラン,,,,,,南アフリカ共和国,,,,,,,,,,,,,,,,,,,,
,,,,,,,,,,P.R.China,,,Hong Kong,,,Taiwan,,,R.Korea,,,Singapore,,,Thailand,,,Indonesia,,,Malaysia,,,Philippines,,,Viet Nam,,,India,,,,,,U.S.A.,,,Canada,,,,,,Mexico,,,Brazil,,,Cayman Islands,,,,,,Australia,,,New Zealand,,,,,,Germany,,,U.K.,,,France,,,Netherlands,,,Italy,,,Belgium,,,Luxembourg,,,Switzerland,,,Sweden,,,Spain,,,Russia,,,,,,Saudi Arabia,,,U.A.E.,,,Iran,,,,,,R.South Africa,,,,,,,,,,,,,,,,,,,,
,,,,実行,回収,ネット,実行,回収,ネット,実行,回収,ネット,実行,回収,ネット,実行,回収,ネット,実行,回収,ネット,実行,回収,ネット,実行,回収,ネット,実行,回収,ネット,実行,回収,ネット,実行,回収,ネット,実行,回収,ネット,実行,回収,ネット,実行,回収,ネット,実行,回収,ネット,実行,回収,ネット,実行,回収,ネット,実行,回収,ネット,実行,回収,ネット,実行,回収,ネット,実行,回収,ネット,実行,回収,ネット,実行,回収,ネット,実行,回収,ネット,実行,回収,ネット,実行,回収,ネット,実行,回収,ネット,実行,回収,ネット,実行,回収,ネット,実行,回収,ネット,実行,回収,ネット,実行,回収,ネット,実行,回収,ネット,実行,回収,ネット,実行,回収,ネット,実行,回収,ネット,実行,回収,ネット,実行,回収,ネット,実行,回収,ネット,実行,回収,ネット,実行,回収,ネット,実行,回収,ネット,実行,回収,ネット,実行,回収,ネット,実行,回収,ネット,実行,回収,ネット,実行,回収,ネット
,,,,Execution,Withdrawal,Net,Execution,Withdrawal,Net,Execution,Withdrawal,Net,Execution,Withdrawal,Net,Execution,Withdrawal,Net,Execution,Withdrawal,Net,Execution,Withdrawal,Net,Execution,Withdrawal,Net,Execution,Withdrawal,Net,Execution,Withdrawal,Net,Execution,Withdrawal,Net,Execution,Withdrawal,Net,Execution,Withdrawal,Net,Execution,Withdrawal,Net,Execution,Withdrawal,Net,Execution,Withdrawal,Net,Execution,Withdrawal,Net,Execution,Withdrawal,Net,Execution,Withdrawal,Net,Execution,Withdrawal,Net,Execution,Withdrawal,Net,Execution,Withdrawal,Net,Execution,Withdrawal,Net,Execution,Withdrawal,Net,Execution,Withdrawal,Net,Execution,Withdrawal,Net,Execution,Withdrawal,Net,Execution,Withdrawal,Net,Execution,Withdrawal,Net,Execution,Withdrawal,Net,Execution,Withdrawal,Net,Execution,Withdrawal,Net,Execution,Withdrawal,Net,Execution,Withdrawal,Net,Execution,Withdrawal,Net,Execution,Withdrawal,Net,Execution,Withdrawal,Net,Execution,Withdrawal,Net,Execution,Withdrawal,Net,Execution,Withdrawal,Net,Execution,Withdrawal,Net,Execution,Withdrawal,Net,Execution,Withdrawal,Net,Execution,Withdrawal,Net,Execution,Withdrawal,Net,Execution,Withdrawal,Net,Execution,Withdrawal,Net
（暦年）,,,,,,,,,,,,,,,,,,,,,,,,,,,,,,,,,,,,,,,,,,,,,,,,,,,,,,,,,,,,,,,,,,,,,,,,,,,,,,,,,,,,,,,,,,,,,,,,,,,,,,,,,,,,,,,,,,,,,,,,,,,,,,,,,,,,,,,,,,,,,,,,
(Annual figures),,,,,,,,,,,,,,,,,,,,,,,,,,,,,,,,,,,,,,,,,,,,,,,,,,,,,,,,,,,,,,,,,,,,,,,,,,,,,,,,,,,,,,,,,,,,,,,,,,,,,,,,,,,,,,,,,,,,,,,,,,,,,,,,,,,,,,,,,,,,,,,,
平成26年,,2014C.Y.,,"791,606","644,985","146,622","119,219","73,080","46,139","15,068","3,562","11,506","7,811","4,513","3,298","2,055","1,083",971,"5,754","2,395","3,359","60,475","51,781","8,694","10,533","4,615","5,919","7,333","2,195","5,138","2,478","1,076","1,402","1,375",413,962,"2,899","1,165","1,734","2,825",262,"2,563","242,772","188,254","54,518","238,524","186,002","52,521","4,248","2,252","1,996","14,783","8,238","6,545","1,554",279,"1,276","5,309","1,954","3,355","2,760","1,985",775,"18,561","12,084","6,477","16,231","11,361","4,870","1,855",619,"1,236","388,576","358,277","30,300","16,590","12,967","3,624","53,482","46,525","6,956","2,691",828,"1,863","16,662","9,960","6,702",588,276,312,"10,475","9,764",710,"251,244","247,176","4,069","17,771","17,725",47,"1,938",8,"1,930",963,19,944,456,56,400,"1,306",247,"1,059",953,45,908,92,12,81,          --,          --,          --,"6,389","4,804","1,585","3,878","2,099","1,779",          --,          --,          --,          --,          --,          --,"654,377","559,021","95,356","85,558","61,256","24,302","368,321","339,509","28,812",919,212,707
平成27年,,2015C.Y.,,"707,362","539,772","167,591","146,213","103,771","42,442","16,054","3,942","12,112","10,126","6,801","3,325","2,275","1,549",726,"4,669","2,741","1,928","82,335","73,799","8,537","10,027","5,126","4,902","5,871","1,982","3,888","4,605","1,069","3,536","2,309",455,"1,854","2,947","1,197","1,750","3,684","4,961","-1,277","242,602","180,408","62,194","238,384","177,678","60,705","4,218","2,729","1,489","22,147","13,700","8,447","1,906",416,"1,490","4,092","4,339",-248,"10,768","4,263","6,505","17,946","9,852","8,095","15,864","8,958","6,906",972,807,164,"270,179","226,418","43,762","14,278","9,543","4,734","61,528","44,539","16,990","2,070","1,200",870,"23,878","11,694","12,184","1,448",592,856,"14,918","13,744","1,174","121,509","117,806","3,702","15,096","15,557",-461,"3,389",805,"2,584",700,51,649,653,91,562,"1,196",278,918,760,240,520,101,12,89,2,          --,2,"7,079","5,346","1,733","4,114","2,858","1,256",          --,          --,          --,          --,          --,          --,"535,483","419,253","116,230","109,131","83,763","25,368","252,850","209,462","43,388","1,506",537,970
平成28年,,2016C.Y.,,"561,611","368,109","193,502","85,238","68,413","16,825","14,386","4,034","10,351","8,208","5,888","2,320","2,226",662,"1,564","4,075","2,183","1,891","29,283","48,003","-18,721","7,080","1,970","5,110","5,539","2,123","3,416","2,302",901,"1,401","3,015",483,"2,532","2,865","1,066","1,799","5,638","1,017","4,621","187,725","128,287","59,438","182,499","123,911","58,588","5,226","4,376",850,"40,805","9,927","30,878","2,694",598,"2,095","4,242","1,912","2,329","25,629","2,695","22,933","14,300","6,366","7,935","11,610","5,554","6,056","1,202",779,423,"224,966","146,787","78,179","12,968","10,907","2,061","136,886","82,843","54,043","3,453","2,321","1,132","23,488","14,288","9,200",631,120,511,"15,171","13,159","2,012","2,712","1,777",936,"10,521","8,126","2,395",371,48,323,"1,113",213,901,221,103,118,"1,437",484,952,615,302,312,404,39,365,3,          --,3,"7,140","7,845",-705,"3,887","2,911",976,          --,          --,          --,          --,          --,          --,"432,532","284,334","148,197","50,445","54,615","-4,170","212,896","138,156","74,740",815,218,597
平成29年,,2017C.Y.,,"562,729","367,467","195,262","90,534","42,856","47,678","17,698","3,782","13,915","10,788","7,790","2,998","1,958",607,"1,351","4,429","2,385","2,044","29,574","18,824","10,750","7,191","1,654","5,537","5,906","1,944","3,962","3,279","2,062","1,217","1,946",691,"1,255","3,467","1,194","2,273","3,566","1,741","1,825","183,132","128,406","54,726","178,856","125,063","53,794","4,275","3,343",932,"36,699","23,007","13,692","3,342","1,880","1,462","3,951","5,767","-1,816","7,689","3,674","4,015","12,897","6,769","6,128","10,794","5,760","5,035","1,340",942,398,"229,062","160,305","68,757","15,813","11,048","4,765","111,294","86,382","24,912","2,868",807,"2,061","32,047","10,491","21,557",425,375,50,"18,699","17,568","1,131","9,156","3,247","5,910","15,419","12,835","2,583","6,024","4,785","1,239",471,42,429,477,206,270,"2,930",565,"2,366",564,432,132,942,110,833,          --,          --,          --,"7,476","5,560","1,916","3,450","2,208","1,242",          --,          --,          --,          --,          --,          --,"432,937","299,754","133,183","51,764","26,441","25,323","211,825","146,349","65,476","1,149",272,877
平成30年,,2018C.Y.,,"638,209","461,167","177,041","104,007","42,978","61,029","19,151","6,774","12,377","10,132","7,096","3,036","2,422",671,"1,751","6,217","1,340","4,877","36,770","18,176","18,594","9,651","2,135","7,516","6,213","2,409","3,805","3,360","1,945","1,414","1,774",519,"1,255","3,562","1,370","2,192","3,707",226,"3,482","161,457","138,850","22,608","154,749","135,378","19,371","6,708","3,471","3,236","73,238","45,196","28,042","2,014",563,"1,451","3,624","1,634","1,990","57,747","38,319","19,429","10,488","8,520","1,968","8,771","5,282","3,489","1,373","1,013",360,"282,314","221,641","60,673","20,140","14,560","5,579","156,569","134,314","22,255","2,936","1,531","1,405","18,764","9,178","9,586","1,121",193,928,"21,224","17,911","3,313","4,492","4,710",-219,"28,932","24,090","4,842","1,777",402,"1,375","5,086",320,"4,766",898,379,518,"1,312",476,836,617,254,363,584,135,449,3,          --,3,"5,392","3,506","1,886","2,176",563,"1,613",          --,          --,          --,          --,          --,          --,"460,465","368,416","92,049","62,078","26,744","35,334","249,699","196,318","53,382","1,646",541,"1,106"
令和元(平成31)年,,2019C.Y.,,"720,984","438,733","282,251","101,615","41,343","60,272","16,433","3,326","13,107","7,048","4,146","2,902","2,190",915,"1,275","4,093","1,398","2,696","33,133","18,138","14,995","7,172","2,416","4,756","14,335","4,618","9,717","4,589","3,945",644,"2,297",458,"1,838","4,009","1,122","2,887","5,229",711,"4,518","175,444","114,937","60,507","168,168","111,983","56,185","7,276","2,954","4,322","41,888","22,657","19,231","1,489",487,"1,002","4,586","1,985","2,602","20,110","14,757","5,353","16,626","4,630","11,996","14,825","3,420","11,405","1,080",818,262,"378,403","246,278","132,125","31,569","18,713","12,856","66,653","56,437","10,216","4,548","2,765","1,783","28,252","22,625","5,627","2,907","1,616","1,291","21,795","17,736","4,059","8,803","6,272","2,530","48,575","4,088","44,487","1,083",70,"1,013",615,86,529,619,168,451,614,"1,197",-583,-297,763,"-1,060",489,404,85,          --,          --,          --,"6,394","7,691","-1,298","4,415","5,840","-1,426",          --,          --,          --,          --,          --,          --,"505,296","297,070","208,226","66,388","30,822","35,566","255,989","170,718","85,271","1,450",245,"1,204"
令和2年,,2020C.Y.,,"674,594","513,682","160,912","90,204","50,562","39,642","16,939","5,104","11,834","7,599","4,623","2,976","2,965",871,"2,094","3,697","2,087","1,610","34,613","26,390","8,224","5,414","1,536","3,878","7,472","5,703","1,770","2,103",569,"1,534","2,700","1,613","1,087","3,784","1,267","2,517","2,140",451,"1,689","210,580","137,072","73,508","205,160","133,620","71,540","5,420","3,452","1,968","26,918","13,059","13,859","1,745","1,320",425,"4,490","2,742","1,749","4,527","2,638","1,889","18,744","3,257","15,487","17,090","2,321","14,770","1,361",831,531,"319,439","295,575","23,864","25,620","22,673","2,948","51,959","42,782","9,177","3,506","2,693",813,"30,720","11,158","19,561","1,639",872,768,"18,586","17,415","1,171","33,346","29,341","4,004","28,063","6,470","21,592","1,454",817,637,"1,536",233,"1,303",667,192,475,836,"1,467",-630,924,"1,403",-478,-169,30,-199,1,          --,1,"7,873","12,690","-4,818","6,232","11,039","-4,807",          --,          --,          --,          --,          --,          --,"552,446","435,807","116,640","56,709","37,391","19,318","240,224","249,681","-9,457","1,900","1,172",728
令和3年,,2021C.Y.,,"644,517","414,645","229,872","140,922","71,541","69,381","19,626","5,883","13,742","9,501","4,362","5,140","3,322","1,555","1,767","6,962",951,"6,011","72,265","50,178","22,087","6,804","1,960","4,844","5,540","2,283","3,257","3,506",765,"2,740","2,199",896,"1,303","5,248","1,156","4,092","5,182","1,069","4,113","253,757","161,220","92,537","245,485","154,686","90,799","8,272","6,534","1,738","25,987","14,221","11,766","2,227","1,713",514,"3,706","1,255","2,452","8,568","5,430","3,138","12,386","3,718","8,668","10,645","2,396","8,249","1,208",833,375,"203,122","157,718","45,403","34,931","26,659","8,272","52,344","33,131","19,212","4,379","3,481",898,"17,935","15,465","2,469","1,306","1,118",188,"24,834","23,918",916,"21,680","9,989","11,691","17,405","13,979","3,425","1,361","1,866",-505,"1,292",853,439,946,219,727,"1,760","1,368",392,"1,343","1,169",173,111,91,19,          --,          --,          --,"6,583","4,859","1,724","4,074","2,833","1,241",          --,          --,          --,          --,          --,          --,"478,250","324,391","153,859","96,131","57,579","38,552","130,749","108,917","21,832","1,383",607,776
令和4年,,2022C.Y.,,"726,160","494,950","231,211","150,251","101,627","48,624","13,983","6,983","7,000","6,910","4,694","2,216","4,199","2,049","2,151","3,070","2,553",517,"82,773","73,456","9,316","11,460","2,926","8,533","7,153","3,043","4,109","4,187","1,352","2,835","2,607",910,"1,697","6,461","2,274","4,187","6,033",616,"5,416","286,053","196,193","89,861","280,294","193,292","87,002","5,760","2,901","2,859","33,098","13,688","19,410","4,063","2,897","1,165","4,552","1,166","3,386","8,692","1,278","7,414","20,922","3,949","16,973","17,886","2,585","15,302","2,726","1,173","1,554","221,463","167,374","54,089","35,245","27,601","7,644","50,587","46,845","3,741","7,851","6,113","1,738","22,119","11,060","11,059","2,913","1,557","1,356","27,662","24,445","3,217","21,947","18,607","3,340","6,986","1,605","5,381","1,663","1,317",346,"1,480",516,964,"1,613",73,"1,539","3,242","2,969",273,"2,210","2,148",62,625,354,271,          --,          --,          --,"11,131","9,150","1,981","8,055","7,383",672,          --,          --,          --,          --,          --,          --,"534,962","373,423","161,540","115,710","84,655","31,054","158,829","118,209","40,620","2,501",245,"2,256"
令和5年,,2023C.Y.,,"878,108","599,571","278,537","179,642","126,885","52,758","12,717","7,881","4,837","5,700","4,831",869,"2,890","1,184","1,705","3,352","2,508",844,"111,452","97,521","13,931","6,985","2,166","4,819","5,879","1,927","3,952","4,139","1,435","2,704","3,821",942,"2,879","9,699","2,541","7,158","11,390","2,910","8,480","348,929","247,874","101,055","340,111","244,868","95,243","8,818","3,006","5,812","36,078","16,277","19,801","8,497","6,104","2,393","4,772","1,816","2,957","6,511","3,117","3,394","26,805","4,523","22,282","23,835","2,431","21,404","2,353","1,625",728,"273,438","195,007","78,430","40,358","32,600","7,758","63,508","38,422","25,086","8,887","5,545","3,342","31,555","18,179","13,377","8,141","7,610",531,"35,918","33,679","2,239","25,508","23,696","1,812","8,371","3,880","4,491","5,625",664,"4,961","1,371",636,734,"1,152",110,"1,042","1,914","1,192",722,147,695,-548,"1,371",404,967,          --,          --,          --,"11,303","7,814","3,489","6,176","4,952","1,224",          --,          --,          --,          --,          --,          --,"662,187","456,007","206,180","143,292","107,464","35,827","198,494","152,220","46,274","2,339",515,"1,824"
令和6年,,2024C.Y.,,"936,893","622,494","314,399","170,556","109,225","61,331","10,838","7,323","3,516","8,581","4,326","4,255","2,722","1,345",1377,"5,343","1,529","3,814","101,553","80,991","20,561","8,021","2,456","5,566","7,327","3,519","3,807","5,884","2,366","3,519","2,236","1,072","1,164","6,315","1,997","4,318","9,589","1,143","8,446","379,743","257,429","122,313","374,204","256,249","117,955","5,539","1,180","4,359","41,288","21,533","19,755","7,916","7,867",50,"5,359","1,313","4,047","13,875","4,385","9,490","32,179","8,970","23,210","30,312","7,644","22,669","1,511",995,516,"297,555","211,683","85,872","40,115","28,412","11,703","51,848","37,118","14,730","13,011","9,214","3,797","45,057","13,462","31,595","9,064","8,375",689,"40,019","39,030",989,"28,229","28,341",-112,"18,397","7,547","10,850","3,984",318,"3,667","1,285",415,870,789,263,526,"1,627","1,227",399,766,601,165,677,468,209,          --,          --,          --,"13,945","12,426","1,519","9,802","8,953",849,          --,          --,          --,          --,          --,          --,"723,998","487,644","236,354","132,945","93,455","39,490","224,600","165,750","58,849","2,049",626,"1,422"
令和7年,,2025C.Y.,,"1,011,702","685,465","326,236","156,066","95,870","60,197","8,198","5,710","2,488","7,844","5,587","2,256","3,798","1,860","1,938","5,793",799,"4,994","78,451","62,396","16,055","8,094","2,828","5,266","5,175","1,888","3,287","13,163","9,042","4,121","2,947","1,229","1,718","8,098","2,437","5,661","12,242",835,"11,406","433,001","337,549","95,451","426,576","336,883","89,693","6,424",666,"5,758","56,736","22,011","34,726","6,238","5,178","1,060","5,326","1,018","4,308","15,681","8,147","7,534","27,228","12,283","14,945","24,134","10,009","14,125","2,123","1,628",495,"326,208","203,173","123,035","41,920","32,771","9,150","58,798","45,254","13,543","16,370","11,668","4,702","44,289","14,549","29,740","5,101","4,660",441,"22,215","21,726",489,"28,334","26,734","1,600","67,002","6,015","60,986","3,016","1,392","1,624","1,336",165,"1,171",724,13,711,"1,511","1,327",183,496,401,95,315,884,-569,          --,          --,          --,"10,951","13,252","-2,301","7,564","7,305",259,          --,          --,          --,          --,          --,          --,"798,970","559,293","239,677","117,569","80,843","36,726","197,535","151,406","46,129","2,329",450,"1,879"
,,,,,,,,,,,,,,,,,,,,,,,,,,,,,,,,,,,,,,,,,,,,,,,,,,,,,,,,,,,,,,,,,,,,,,,,,,,,,,,,,,,,,,,,,,,,,,,,,,,,,,,,,,,,,,,,,,,,,,,,,,,,,,,,,,,,,,,,,,,,,,,,
（月次）,,,,,,,,,,,,,,,,,,,,,,,,,,,,,,,,,,,,,,,,,,,,,,,,,,,,,,,,,,,,,,,,,,,,,,,,,,,,,,,,,,,,,,,,,,,,,,,,,,,,,,,,,,,,,,,,,,,,,,,,,,,,,,,,,,,,,,,,,,,,,,,,
(Monthly figures),,,,,,,,,,,,,,,,,,,,,,,,,,,,,,,,,,,,,,,,,,,,,,,,,,,,,,,,,,,,,,,,,,,,,,,,,,,,,,,,,,,,,,,,,,,,,,,,,,,,,,,,,,,,,,,,,,,,,,,,,,,,,,,,,,,,,,,,,,,,,,,,
平成26年,1月,2014,Jan,"70,964","55,945","15,018","8,122","4,746","3,376","1,219",271,947,"1,329","1,100",230,171,92,79,510,204,306,"3,200","2,221",980,864,296,568,295,98,197,89,366,-277,82,11,70,195,82,113,149,1,149,"19,001","15,072","3,929","18,728","14,931","3,797",273,141,132,"1,576",551,"1,025",105,21,84,782,54,728,327,132,195,800,426,374,723,373,351,53,0,52,"40,808","34,687","6,121","1,637","1,202",435,"3,633","2,794",838,490,69,422,715,452,263,27,3,24,990,781,208,"29,222","27,043","2,179","1,597","1,434",163,436,3,433,539,1,537,45,10,34,80,14,66,71,4,68,5,1,4,          --,          --,          --,577,449,128,291,154,137,          --,          --,          --,          --,          --,          --,"61,245","50,258","10,988","4,730","3,078","1,652","39,098","33,152","5,946",79,12,67
,2月,,Feb,"60,362","51,607","8,755","8,667","4,540","4,127",976,95,881,422,269,153,168,113,54,619,142,477,"4,838","3,289","1,549",757,342,415,323,158,166,221,6,215,116,41,74,149,83,66,59,2,57,"17,689","14,633","3,056","17,122","14,484","2,639",567,149,417,827,697,130,42,11,31,405,185,220,107,229,-122,993,480,513,919,422,497,62,54,8,"31,774","30,983",791,567,654,-87,"2,726","2,412",315,127,45,82,724,307,417,22,8,13,"1,279",933,345,"22,595","22,549",47,"2,672","3,303",-631,26,1,25,28,2,26,9,0,9,89,8,81,71,5,65,7,2,4,          --,          --,          --,324,267,57,240,50,190,          --,          --,          --,          --,          --,          --,"51,149","46,166","4,984","6,420","3,919","2,501","29,003","27,592","1,411",37,6,31
,3月,,Mar,"76,931","67,314","9,617","10,738","6,841","3,897","1,302",491,812,658,363,295,143,116,27,764,304,459,"4,369","4,490",-121,"1,150",444,705,"1,420",280,"1,139",168,119,50,137,86,51,488,143,346,122,4,118,"19,323","17,150","2,173","18,919","16,865","2,055",404,286,118,"1,099","1,039",60,171,66,105,131,200,-68,200,130,70,"3,888","2,678","1,210","3,863","2,633","1,230",8,9,-1,"41,623","39,183","2,440","1,029","1,364",-334,"6,663","5,578","1,085",98,98,-1,"1,342",777,565,119,31,88,"1,252","1,533",-280,"26,811","26,740",71,"1,044","1,825",-781,"1,017",0,"1,017",111,1,110,16,20,-4,85,5,80,75,2,73,6,2,3,          --,          --,          --,175,418,-243,48,69,-21,          --,          --,          --,          --,          --,          --,"64,836","59,177","5,659","7,742","5,563","2,180","40,491","37,243","3,248",50,36,14
,4月,,Apr,"86,070","62,906","23,164","8,086","5,003","3,084","1,244",317,927,494,308,186,129,71,57,305,85,219,"3,478","3,297",181,587,385,202,"1,018",373,645,171,62,109,99,35,64,257,64,193,257,4,253,"33,903","18,352","15,551","33,463","18,190","15,273",440,162,278,"1,931",530,"1,401",62,14,49,"1,281",99,"1,181",271,188,83,"1,550",960,590,"1,432",909,523,94,51,43,"40,040","37,770","2,269","1,294",753,541,"3,739","3,816",-77,138,66,72,"2,116","1,268",849,26,1,25,714,"1,066",-352,"29,220","29,334",-113,"1,270",237,"1,033",17,1,16,7,1,6,26,4,22,60,160,-100,51,0,50,0,0,0,          --,          --,          --,501,131,369,347,37,310,          --,          --,          --,          --,          --,          --,"75,769","57,118","18,652","5,634","4,216","1,418","38,617","37,471","1,146",75,29,45
,5月,,May,"63,408","53,446","9,962","7,276","4,688","2,588","1,108",148,960,333,154,179,116,96,20,366,317,49,"3,661","3,433",228,651,199,452,366,185,181,184,69,115,88,16,72,239,68,171,122,2,120,"17,619","14,622","2,997","17,346","14,433","2,913",273,189,84,718,576,142,50,5,45,86,148,-63,305,159,146,"1,994","1,926",68,"1,920","1,883",37,68,38,30,"34,948","31,220","3,728","1,614",922,692,"2,774","2,172",602,169,41,128,"1,219",478,740,28,79,-51,753,640,113,"24,097","24,082",15,"1,782","1,752",30,21,0,21,29,          --,29,143,0,143,152,2,150,113,2,111,1,          --,1,          --,          --,          --,700,413,288,503,170,332,          --,          --,          --,          --,          --,          --,"53,853","48,007","5,846","5,224","3,970","1,254","32,039","29,391","2,648",181,2,179
,6月,,Jun,"62,118","54,678","7,440","9,443","5,743","3,700","1,557",254,"1,303",504,353,151,217,72,145,417,208,209,"4,418","4,069",349,877,350,527,467,200,267,199,71,128,141,16,125,272,143,129,351,5,346,"17,044","15,007","2,037","16,785","14,839","1,945",259,168,91,"1,209",916,293,249,10,239,423,433,-10,291,41,250,"1,829","1,139",689,"1,768","1,100",669,52,40,12,"31,809","31,592",217,"1,589","1,126",463,"7,082","8,616","-1,534",301,85,216,"2,031","1,204",827,175,140,35,420,682,-262,"17,559","17,396",163,"1,287","1,355",-68,19,0,19,15,2,13,63,0,63,254,9,246,234,5,230,0,0,0,          --,          --,          --,530,272,258,243,50,193,          --,          --,          --,          --,          --,          --,"51,145","47,863","3,282","6,390","4,848","1,542","30,274","30,127",147,92,1,91
,7月,,Jul,"55,525","44,716","10,809","8,111","4,291","3,819","1,064",136,928,461,199,262,202,108,93,532,71,461,"3,885","3,277",608,648,215,433,421,117,304,142,57,84,100,28,72,286,69,217,329,10,319,"16,475","13,768","2,707","16,131","13,587","2,545",344,182,162,944,629,315,148,10,138,397,187,210,62,155,-93,"1,002",825,176,938,764,174,57,60,-3,"28,391","24,926","3,465","1,028",788,240,"3,787","2,488","1,298",491,99,392,"1,810","1,114",695,30,13,17,711,514,197,"18,249","18,352",-103,758,382,376,15,0,15,75,4,72,18,0,18,110,0,110,66,          --,66,28,0,27,          --,          --,          --,492,275,217,356,92,264,          --,          --,          --,          --,          --,          --,"46,525","39,505","7,020","5,506","3,765","1,741","27,467","24,437","3,030",50,11,38
,8月,,Aug,"58,187","49,902","8,285","8,183","4,912","3,271","1,287",356,931,280,156,124,137,27,110,406,129,276,"4,654","3,922",732,518,130,388,445,100,345,91,13,78,86,15,71,140,57,82,95,4,91,"18,115","15,061","3,054","17,623","14,890","2,733",492,172,320,"1,477",371,"1,106",111,28,83,160,28,133,573,9,564,857,851,6,760,800,-40,80,49,31,"28,996","28,281",715,910,823,87,"2,347","2,373",-26,141,40,101,887,373,513,18,          --,18,"1,001",528,472,"21,552","21,699",-148,"1,200","1,103",96,16,0,16,5,          --,5,14,0,14,78,6,72,52,6,46,19,0,19,          --,          --,          --,481,420,60,312,238,74,          --,          --,          --,          --,          --,          --,"48,488","44,309","4,180","5,961","4,240","1,721","27,726","27,137",588,50,40,10
,9月,,Sep,"57,897","50,351","7,546","10,981","6,908","4,072","1,291",435,856,576,481,95,228,73,155,465,207,258,"5,849","4,574","1,275",805,432,373,509,229,280,273,72,201,92,82,10,199,122,77,482,200,282,"17,345","15,760","1,586","17,043","15,578","1,465",303,181,121,"2,142",916,"1,226",191,54,137,439,233,205,302,134,168,"1,082","1,001",81,934,909,25,118,92,26,"25,584","25,250",334,"1,352",797,555,"4,635","4,967",-333,208,53,155,"1,660",977,684,50,1,49,611,"1,021",-409,"14,289","14,161",127,"2,025","2,590",-565,21,          --,21,7,2,5,19,4,15,142,9,133,50,2,48,10,1,9,          --,          --,          --,621,507,113,286,231,56,          --,          --,          --,          --,          --,          --,"44,591","42,209","2,382","7,927","5,511","2,415","23,412","22,598",814,51,10,41
,10月,,Oct,"58,804","42,383","16,421","10,449","6,748","3,702","1,364",287,"1,077",878,490,388,147,76,71,207,158,49,"5,773","5,352",421,456,152,304,762,108,655,152,3,149,157,5,153,245,113,132,284,4,279,"20,481","12,405","8,076","20,206","12,219","7,986",275,186,90,769,380,389,102,13,89,315,74,240,103,62,41,"1,218",852,367,"1,068",782,286,83,68,15,"25,191","21,515","3,676","1,805","1,557",249,"4,201","2,615","1,586",306,71,235,"1,054",384,671,18,0,18,669,431,238,"15,258","14,920",338,929,"1,008",-79,22,          --,22,16,          --,16,25,3,22,76,8,68,51,4,47,0,4,-4,          --,          --,          --,620,476,144,354,263,90,          --,          --,          --,          --,          --,          --,"47,059","34,902","12,157","7,562","5,732","1,831","24,172","20,468","3,703",62,6,56
,11月,,Nov,"55,775","40,699","15,076","11,372","6,526","4,845","1,148",326,822,731,275,456,185,39,146,349,123,226,"6,659","5,367","1,293",762,142,619,795,102,692,124,25,99,131,45,86,169,70,98,297,12,285,"16,595","9,686","6,909","16,331","9,473","6,858",264,213,51,458,622,-164,123,19,104,27,125,-98,91,208,-117,"1,806",209,"1,597",744,150,594,"1,055",59,996,"24,647","22,840","1,807","1,770","1,413",357,"2,411","1,589",822,115,43,71,"1,142","1,594",-452,21,          --,21,962,543,419,"15,204","15,097",107,"1,658","1,607",51,15,          --,15,111,          --,111,17,1,16,77,11,66,50,11,39,12,          --,12,          --,          --,          --,820,805,15,656,546,110,          --,          --,          --,          --,          --,          --,"43,483","32,819","10,664","8,653","5,751","2,903","22,919","21,173","1,746",54,42,11
,12月,,Dec,"85,566","71,037","14,529","17,792","12,135","5,656","1,507",445,"1,062","1,145",366,780,212,199,13,816,447,369,"9,690","8,490","1,200","2,460","1,527",933,514,246,268,663,214,449,146,32,114,261,152,110,277,13,264,"29,181","26,737","2,444","28,826","26,514","2,312",355,223,132,"1,634","1,011",622,200,28,172,864,188,677,126,537,-410,"1,542",737,805,"1,161",637,524,123,100,23,"34,766","30,030","4,736","1,994","1,568",427,"9,484","7,104","2,380",107,118,-11,"1,962","1,033",929,56,          --,56,"1,113","1,092",21,"17,189","15,803","1,386","1,551","1,129",421,313,2,312,19,7,13,61,13,48,103,16,87,69,4,65,6,0,6,          --,          --,          --,548,370,179,242,199,42,          --,          --,          --,          --,          --,          --,"66,232","56,688","9,543","13,807","10,663","3,144","33,103","28,719","4,384",138,16,123
平成27年,1月,2015,Jan,"53,500","40,418","13,081","12,207","9,040","3,167","1,113",182,931,603,340,264,169,160,9,403,201,202,"6,410","6,125",285,"2,346","1,810",536,461,100,361,141,41,100,149,3,146,232,72,160,126,5,121,"14,549","9,349","5,200","14,176","9,336","4,840",373,13,360,"1,212",418,794,139,38,101,189,99,90,340,11,328,"1,254",414,840,819,353,467,68,61,8,"23,584","20,673","2,910","2,176","1,458",718,"2,123","2,070",52,88,37,51,"1,545",422,"1,124",44,          --,44,"1,321",845,476,"13,669","13,509",160,"1,434","1,351",82,40,99,-59,23,          --,23,47,0,46,165,7,158,137,7,130,1,          --,1,          --,          --,          --,529,517,11,331,141,190,          --,          --,          --,          --,          --,          --,"39,469","30,643","8,826","9,781","8,152","1,629","22,029","19,290","2,739",90,1,89
,2月,,Feb,"47,353","33,193","14,161","8,510","4,972","3,537","1,171",140,"1,031",503,253,250,128,47,82,253,148,105,"4,004","3,897",107,917,227,690,336,93,242,189,41,148,251,50,201,293,73,219,429,2,426,"18,393","8,983","9,410","18,101","8,757","9,344",293,226,66,707,970,-263,93,27,66,274,244,30,42,334,-292,338,146,192,221,63,158,62,78,-17,"18,424","17,723",701,915,"1,113",-197,"4,014","4,684",-670,135,31,105,"2,552",909,"1,643",85,410,-325,"1,597","1,209",388,"6,327","6,240",87,"1,949","1,956",-7,25,261,-236,7,31,-24,68,34,34,469,32,437,426,32,394,15,          --,15,          --,          --,          --,512,365,147,342,211,130,          --,          --,          --,          --,          --,          --,"37,362","26,949","10,413","6,019","4,383","1,636","16,345","15,683",662,140,92,49
,3月,,Mar,"55,574","44,379","11,195","13,631","9,425","4,206","1,440",349,"1,092","1,718",542,"1,177",165,218,-53,521,287,235,"6,616","6,607",9,"1,049",729,320,561,164,397,365,201,164,215,103,112,227,176,51,470,43,427,"17,397","12,619","4,778","17,060","12,376","4,684",337,243,94,"1,645",665,980,151,40,111,275,71,204,334,75,260,"1,454","2,253",-799,899,"2,187","-1,288",110,64,47,"20,834","19,063","1,771","1,833",512,"1,321","5,604","4,652",952,290,122,168,"2,188","1,836",352,83,20,63,"1,430","1,625",-195,"6,214","6,185",29,"2,008","2,872",-864,30,          --,30,16,          --,16,259,6,253,67,9,58,20,8,11,13,1,12,          --,          --,          --,546,345,201,174,143,31,          --,          --,          --,          --,          --,          --,"39,766","34,182","5,584","9,307","7,985","1,322","18,511","16,112","2,398",297,12,286
,4月,,Apr,"41,669","30,633","11,036","8,922","9,554",-632,"1,690",214,"1,476",817,307,510,206,161,45,178,76,103,"3,700","3,428",272,602,373,229,491,123,368,491,303,188,96,15,80,284,75,209,178,"4,480","-4,302","10,596","8,468","2,128","10,303","8,245","2,058",293,222,70,"2,959",782,"2,176",85,21,64,202,23,179,"2,286",41,"2,244",886,389,498,779,300,479,87,39,48,"17,634","11,100","6,534","2,202","1,241",961,"1,800","1,516",284,190,51,138,"1,369",884,485,173,84,89,"1,380","1,361",19,"5,249","4,763",485,740,178,562,"2,849",65,"2,784",360,0,360,11,2,9,64,8,56,4,8,-4,2,0,2,          --,          --,          --,608,332,276,377,169,208,          --,          --,          --,          --,          --,          --,"29,316","20,048","9,268","5,829","4,317","1,511","16,641","10,890","5,751",47,48,-1
,5月,,May,"53,505","29,028","24,477","13,120","5,973","7,147","1,218",243,975,922,732,190,174,37,138,198,132,66,"6,828","4,316","2,513",668,154,514,333,142,191,"2,130",106,"2,023",155,18,137,280,64,216,156,5,151,"11,781","8,495","3,286","11,485","8,243","3,241",296,251,45,"2,193",647,"1,546",152,29,123,463,68,396,"1,124",183,941,"6,656",496,"6,160","6,548",480,"6,068",93,14,79,"19,122","12,979","6,143","1,476","1,300",177,"5,151",697,"4,454",211,45,166,"1,193",453,739,12,2,10,"1,479","1,080",399,"7,641","7,382",259,615,837,-223,64,          --,64,10,9,2,14,0,14,10,17,-7,2,17,-15,3,          --,3,          --,          --,          --,623,422,202,224,105,119,          --,          --,          --,          --,          --,          --,"37,932","21,982","15,950","10,435","4,824","5,611","18,294","11,914","6,380",66,112,-46
,6月,,Jun,"58,182","50,984","7,198","12,888","9,802","3,086","1,388",237,"1,151",708,761,-52,232,137,95,617,187,430,"7,831","7,612",218,784,385,400,411,179,232,189,103,87,154,18,136,294,166,128,199,13,186,"18,990","18,385",605,"18,671","18,130",541,319,255,64,"2,073","1,832",242,181,24,157,14,24,-10,"1,585","1,400",184,"1,631","1,493",138,"1,580","1,456",124,37,37,0,"21,994","18,991","3,003","1,223","1,178",45,"5,288","3,356","1,932",126,218,-92,"1,910","1,308",603,51,3,47,"1,084","1,642",-559,"10,130","8,811","1,319","1,139","1,404",-265,99,5,93,28,2,26,60,0,60,52,12,39,7,8,-1,25,4,21,          --,          --,          --,554,469,85,229,243,-14,          --,          --,          --,          --,          --,          --,"43,348","39,086","4,262","9,689","8,466","1,223","20,772","17,511","3,261",102,11,91
,7月,,Jul,"54,561","41,098","13,464","13,037","8,025","5,012","1,386",431,955,952,315,637,247,114,133,589,117,473,"8,005","6,549","1,456",638,307,331,400,94,306,180,5,174,161,15,146,228,76,152,224,1,223,"15,383","13,142","2,241","15,098","12,911","2,188",284,231,53,"1,925","1,036",889,113,9,104,44,22,22,"1,463",638,825,777,658,120,704,595,110,63,62,1,"22,727","17,851","4,876",647,421,226,"5,278","2,736","2,542",132,70,62,"2,051","1,071",980,89,3,87,856,998,-142,"10,720","10,027",693,"2,033","1,519",514,29,58,-29,11,3,8,43,13,30,50,9,41,36,8,27,3,0,3,2,          --,2,663,377,286,503,225,278,          --,          --,          --,          --,          --,          --,"39,541","31,802","7,738","9,620","7,048","2,572","20,559","16,286","4,273",73,13,60
,8月,,Aug,"61,905","46,360","15,545","14,234","9,499","4,735","1,236",401,835,648,487,162,230,65,165,222,131,90,"9,701","7,725","1,976",495,225,270,745,351,394,157,14,142,243,48,195,246,41,205,123,9,114,"23,647","16,665","6,981","23,165","16,432","6,733",482,234,248,"1,779",421,"1,358",187,22,165,-50,26,-75,"1,204",98,"1,105",890,552,339,779,477,302,103,73,29,"20,691","18,597","2,094",508,444,64,"4,799","4,399",400,113,43,70,"1,461",942,520,13,1,12,"1,119",740,379,"11,026","10,779",247,604,504,100,48,255,-207,31,          --,31,34,4,30,77,38,39,50,35,15,2,4,-2,          --,          --,          --,587,588,-1,395,372,24,          --,          --,          --,          --,          --,          --,"45,614","36,004","9,610","11,757","8,405","3,352","20,005","18,058","1,947",339,7,333
,9月,,Sep,"62,489","50,451","12,038","16,524","12,286","4,238","1,499",746,753,849,757,91,138,264,-125,422,214,208,"10,836","9,090","1,746",607,227,380,643,327,316,194,121,74,437,86,350,218,137,81,420,313,107,"21,740","16,246","5,494","21,439","16,002","5,437",301,244,57,"1,141","1,511",-370,183,42,141,93,993,-900,512,99,413,"1,099",708,391,"1,004",599,405,74,108,-34,"21,362","19,166","2,196",837,372,465,"6,207","5,558",648,227,195,32,"2,178","1,012","1,166",64,6,58,789,"1,189",-400,"8,606","8,926",-320,"1,020","1,442",-422,72,8,65,170,1,169,6,1,5,31,57,-26,11,44,-33,10,0,10,          --,          --,          --,593,477,116,295,328,-33,          --,          --,          --,          --,          --,          --,"44,304","36,426","7,878","13,164","9,993","3,171","19,710","17,662","2,047",80,1,79
,10月,,Oct,"70,806","53,656","17,150","11,880","9,889","1,991","1,132",194,938,"1,064",876,189,144,127,17,340,755,-415,"7,391","7,461",-70,581,158,423,394,48,346,179,71,108,122,21,101,201,79,122,292,9,283,"31,496","19,648","11,847","31,046","19,405","11,641",449,243,206,"1,463",869,594,143,9,133,98,365,-266,803,146,657,"1,056",887,169,962,840,122,86,45,41,"24,038","21,800","2,238",629,399,230,"5,392","4,049","1,343",183,99,84,"1,213","1,194",18,14,15,-1,995,646,348,"13,717","13,399",318,"1,172",959,213,29,26,3,18,3,16,19,13,6,74,23,52,23,20,2,19,2,17,          --,          --,          --,799,540,259,578,303,276,          --,          --,          --,          --,          --,          --,"57,075","42,648","14,427","8,880","7,927",953,"22,762","20,257","2,505",86,18,68
,11月,,Nov,"70,641","57,764","12,877","9,341","6,284","3,057","1,331",252,"1,079",480,440,40,215,150,65,239,149,90,"5,172","4,781",391,481,101,380,588,174,414,191,15,176,195,45,150,149,95,54,254,77,177,"27,290","25,325","1,965","26,953","25,082","1,872",337,243,94,"2,543","2,267",276,155,8,147,"1,582","1,565",17,473,374,99,497,358,138,400,246,154,87,91,-4,"30,420","23,076","7,344",852,524,328,"8,121","4,006","4,115",94,176,-83,"3,407",664,"2,743",50,4,46,"1,157",802,355,"14,943","14,737",206,"1,349","1,098",252,34,29,5,11,          --,11,9,8,1,47,20,27,27,19,8,3,0,3,          --,          --,          --,503,433,70,314,311,4,          --,          --,          --,          --,          --,          --,"58,680","48,954","9,726","6,791","5,214","1,577","29,039","21,897","7,141",42,212,-170
,12月,,Dec,"77,176","61,809","15,368","11,917","9,021","2,896","1,449",553,896,861,993,-132,226,71,156,686,345,341,"5,842","6,208",-366,859,431,428,508,188,320,199,47,153,132,33,99,294,142,152,814,4,810,"31,340","23,083","8,257","30,886","22,759","8,127",454,324,131,"2,508","2,283",225,325,147,178,907,841,66,603,863,-260,"1,409","1,498",-89,"1,168","1,362",-193,101,135,-34,"29,352","25,399","3,953",979,583,396,"7,752","6,814",938,283,113,170,"2,811","1,000","1,811",769,43,726,"1,713","1,606",107,"13,267","13,049",219,"1,035","1,439",-404,71,          --,71,15,2,14,85,9,76,89,45,44,18,33,-15,5,0,4,          --,          --,          --,561,480,81,350,307,44,          --,          --,          --,          --,          --,          --,"63,075","50,528","12,547","7,861","7,050",812,"28,185","23,900","4,285",143,11,132
平成28年,1月,2016,Jan,"46,831","35,990","10,841","8,986","5,472","3,513","1,097",408,689,827,336,491,134,36,97,340,168,173,"4,475","3,548",927,419,60,359,928,758,170,216,51,165,107,17,90,172,84,88,223,4,219,"22,652","19,893","2,760","22,370","19,563","2,807",282,330,-47,"1,018",419,598,146,54,93,103,18,85,451,110,342,"1,020",863,156,900,781,119,88,81,7,"12,584","8,938","3,646",849,942,-93,"5,569","4,525","1,043",101,41,59,"1,756","1,498",257,39,3,36,"1,367","1,039",328,208,45,163,"1,626",209,"1,417",48,4,44,15,22,-7,33,19,15,92,14,78,62,14,48,14,          --,14,          --,          --,          --,480,391,89,205,182,22,          --,          --,          --,          --,          --,          --,"36,756","29,960","6,796","6,340","4,519","1,821","10,898","8,683","2,215",133,21,112
,2月,,Feb,"49,194","32,399","16,795","7,448","4,285","3,163","1,210",185,"1,025",557,418,139,128,29,99,279,125,153,"3,112","2,917",195,629,102,526,456,335,121,156,41,115,267,24,243,292,66,227,329,42,287,"25,776","18,521","7,255","25,448","18,304","7,144",328,217,111,685,685,0,159,44,115,-121,0,-122,431,227,204,367,202,165,300,142,158,54,60,-6,"14,237","7,036","7,201",678,524,154,"8,592","3,014","5,578",69,40,30,"1,112",217,895,234,3,231,"1,553","1,198",355,192,436,-243,"1,121","1,148",-26,31,1,30,21,1,20,9,14,-5,290,38,252,39,36,3,25,          --,25,          --,          --,          --,390,"1,631","-1,241",255,246,9,          --,          --,          --,          --,          --,          --,"40,983","25,931","15,053","4,927","3,486","1,442","12,959","5,852","7,107",48,15,33
,3月,,Mar,"65,676","44,529","21,146","8,601","4,711","3,890","1,243",419,824,960,804,157,237,82,155,324,152,172,"2,771","2,483",288,565,208,357,704,152,552,214,95,119,124,74,50,298,212,86,"1,104",21,"1,083","36,457","23,492","12,965","36,142","23,219","12,923",315,272,43,"2,205","1,435",770,232,68,164,383,305,78,727,241,486,"1,344",698,646,913,620,293,65,72,-7,"16,301","13,142","3,159","1,240",633,606,"8,101","6,731","1,369",478,422,56,"3,147","1,742","1,405",74,36,38,"1,148","1,609",-461,292,178,115,258,"1,013",-755,31,3,27,12,1,11,4,6,-2,294,40,255,20,24,-4,273,7,266,          --,          --,          --,474,"1,012",-538,184,193,-9,          --,          --,          --,          --,          --,          --,"54,297","37,697","16,600","4,713","3,230","1,484","15,758","12,109","3,649",36,8,28
,4月,,Apr,"29,974","21,316","8,659","6,846","3,459","3,387","1,072",242,830,408,421,-13,250,98,152,243,26,217,"2,359","2,337",22,565,168,398,347,67,279,105,29,76,968,19,950,182,45,137,296,5,291,"8,862","7,445","1,417","8,002","6,414","1,588",860,"1,031",-171,"1,812",809,"1,003",163,43,120,712,445,267,595,122,473,888,514,374,763,468,296,81,39,42,"10,746","8,473","2,273","1,344","1,335",9,"5,131","4,138",993,373,167,206,"1,310",635,675,33,1,32,687,749,-61,200,365,-166,599,310,289,25,0,24,19,          --,19,9,3,5,87,29,59,56,28,28,19,1,18,          --,          --,          --,733,586,147,625,182,443,          --,          --,          --,          --,          --,          --,"20,896","16,541","4,355","4,557","2,667","1,890","10,080","8,135","1,945",54,9,45
,5月,,May,"27,172","16,605","10,567","6,712","2,957","3,754","1,164",354,810,"1,171",214,957,215,48,167,329,183,146,"1,902","1,589",313,683,225,458,223,45,178,168,116,52,193,88,105,388,70,318,205,7,198,"8,757","4,545","4,212","8,092","4,194","3,899",664,351,313,"1,300",577,723,153,24,130,278,192,86,613,205,408,627,187,440,513,142,371,68,45,23,"9,282","7,947","1,336",989,"1,997","-1,008","2,720","2,192",528,291,258,32,"1,300","1,083",217,48,36,13,904,872,33,71,123,-52,554,668,-113,32,2,30,18,2,16,7,7,0,67,29,39,42,26,15,5,          --,5,          --,          --,          --,426,363,63,273,239,34,          --,          --,          --,          --,          --,          --,"19,058","12,837","6,221","3,599","2,151","1,449","8,629","7,183","1,446",45,9,36
,6月,,Jun,"38,580","22,513","16,067","6,743","3,778","2,965","1,354",350,"1,004",398,566,-168,226,31,195,555,211,343,"2,354","2,074",280,584,199,385,447,59,388,165,94,71,130,31,99,267,156,111,224,6,218,"12,560","6,291","6,269","12,262","6,075","6,187",298,216,82,"2,026",791,"1,235",291,70,221,581,206,375,700,296,404,"1,895",323,"1,572","1,136",277,859,308,46,262,"14,213","10,758","3,455","2,105","1,550",554,"6,714","6,220",494,679,267,412,"2,378",567,"1,811",13,5,9,922,633,288,114,202,-88,410,376,34,28,1,27,59,3,56,18,7,11,200,49,151,176,38,138,17,11,6,          --,          --,          --,944,524,421,378,263,115,          --,          --,          --,          --,          --,          --,"29,096","17,604","11,492","3,959","2,612","1,346","13,741","10,329","3,412",66,86,-20
,7月,,Jul,"49,422","25,049","24,373","6,219","2,314","3,905","1,110",257,853,788,204,585,165,50,115,325,53,272,"2,072","1,260",811,545,215,330,251,65,186,169,96,73,125,21,105,351,46,305,248,33,215,"11,396","8,895","2,501","11,115","8,664","2,450",281,230,51,"15,622",936,"14,686",195,13,182,392,395,-4,"14,646",78,"14,569",670,485,185,569,428,141,69,56,13,"14,964","11,699","3,265",594,530,64,"4,776","3,724","1,052",247,229,18,"6,004","4,807","1,197",48,0,48,"1,102",804,298,67,80,-13,876,557,319,37,3,34,44,2,43,6,          --,6,53,23,30,42,23,20,6,          --,6,          --,          --,          --,499,697,-198,358,326,32,          --,          --,          --,          --,          --,          --,"27,540","21,193","6,347","3,555","1,718","1,837","13,907","11,110","2,796",37,3,34
,8月,,Aug,"35,676","48,270","-12,595","5,685","26,808","-21,123","1,108",165,943,346,400,-54,134,128,7,392,399,-8,"1,864","25,254","-23,390",458,137,321,342,59,283,103,45,58,216,49,167,188,84,104,461,63,397,"10,870","9,042","1,828","10,427","8,849","1,578",442,192,250,"1,581",411,"1,169",299,32,267,419,35,384,661,192,469,776,394,382,607,319,288,117,74,43,"16,037","11,014","5,023",884,737,147,"6,700","3,956","2,744",637,645,-8,"1,471",466,"1,005",59,1,57,"1,650","1,052",598,108,29,79,995,607,388,31,4,27,18,1,17,8,2,6,55,38,17,34,25,10,10,13,-4,          --,          --,          --,672,564,109,437,299,138,          --,          --,          --,          --,          --,          --,"28,299","20,858","7,441","3,226","25,652","-22,426","14,989","10,386","4,603",43,6,37
,9月,,Sep,"70,211","24,486","45,724","7,079","4,546","2,532","1,165",326,839,694,836,-142,143,39,104,267,350,-83,"1,732","1,919",-186,533,133,400,409,190,220,143,196,-54,378,98,281,214,56,158,"1,325",403,922,"10,155","6,003","4,152","9,877","5,704","4,173",278,299,-21,"4,462",786,"3,677",180,88,92,312,125,187,552,238,314,827,438,389,722,377,344,65,58,7,"46,945","12,115","34,829",666,545,121,"41,003","7,077","33,926",224,192,32,"1,258",558,699,17,6,11,"1,078","1,266",-188,283,106,177,"1,197","1,011",186,31,4,28,153,155,-1,16,11,5,46,94,-47,38,13,25,7,          --,7,          --,          --,          --,696,504,192,229,231,-2,          --,          --,          --,          --,          --,          --,"58,370","19,020","39,350","3,462","2,592",869,"45,662","11,077","34,585",58,19,38
,10月,,Oct,"43,841","27,639","16,202","6,466","3,022","3,444","1,115",170,945,720,493,227,300,38,262,304,149,155,"1,841","1,360",481,516,145,371,388,87,301,633,62,572,211,25,186,136,67,69,270,424,-154,"13,300","8,954","4,347","13,005","8,683","4,322",295,271,25,"1,295",316,979,159,32,126,273,32,241,662,90,572,"2,931",979,"1,952","2,761",925,"1,836",113,49,65,"19,279","13,642","5,638",686,499,187,"13,053","9,802","3,251",121,36,85,"1,630",736,894,18,7,11,"1,498","1,226",272,238,48,190,699,666,33,26,          --,26,65,6,59,38,11,26,116,45,71,28,19,9,13,3,10,          --,          --,          --,453,682,-228,274,245,29,          --,          --,          --,          --,          --,          --,"35,845","23,716","12,129","3,742","1,746","1,996","18,497","12,934","5,563",77,15,61
,11月,,Nov,"41,069","27,704","13,365","7,454","3,178","4,277","1,488",638,850,690,352,338,118,24,94,434,229,204,"2,288","1,550",738,815,120,695,519,97,422,84,38,46,129,20,109,186,103,83,668,5,664,"10,371","6,714","3,658","9,619","6,007","3,612",752,706,46,"1,867",589,"1,278",176,74,101,351,90,261,490,174,316,612,288,324,492,193,299,88,95,-7,"20,062","16,387","3,675","1,161",826,335,"13,399","12,530",869,63,13,50,888,521,367,25,17,9,"1,786","1,353",433,376,24,352,"1,349",620,729,26,          --,26,18,13,4,7,15,-9,64,22,42,42,19,23,10,          --,10,3,          --,3,639,526,113,479,276,204,          --,          --,          --,          --,          --,          --,"31,621","23,663","7,958","4,038","1,929","2,109","18,541","15,727","2,815",72,17,55
,12月,,Dec,"63,967","41,609","22,358","6,999","3,882","3,118","1,257",520,737,649,846,-197,176,59,117,285,137,147,"2,511","1,711",801,769,258,511,525,210,315,147,38,109,165,18,147,191,77,114,286,4,282,"16,569","8,495","8,074","16,140","8,235","7,905",429,260,169,"6,933","2,171","4,761",541,55,485,558,68,490,"5,102",724,"4,378","2,345",994,"1,351","1,936",882,"1,054",86,104,-18,"30,315","25,636","4,680","1,772",788,984,"21,127","18,933","2,194",170,11,158,"1,235","1,457",-222,23,6,17,"1,476","1,359",117,562,141,422,838,942,-104,27,27,0,669,5,664,67,7,60,71,65,6,34,38,-3,6,4,2,          --,          --,          --,734,367,367,191,230,-38,          --,          --,          --,          --,          --,          --,"49,770","35,315","14,455","4,326","2,313","2,013","29,233","24,631","4,602",146,9,136
平成29年,1月,2017,Jan,"46,176","33,872","12,304","6,073","2,429","3,645","1,109",217,892,844,415,429,144,39,105,291,84,207,"1,472","1,330",142,717,93,625,511,103,408,448,49,399,101,22,80,175,59,115,210,8,202,"11,454","8,257","3,198","11,164","8,035","3,129",290,222,69,"2,680",889,"1,791",186,27,159,581,363,218,556,270,286,"1,108",636,473,972,515,457,107,101,6,"24,434","20,695","3,739","1,055",653,401,"16,759","16,135",623,91,31,59,"1,903",772,"1,131",15,3,12,"1,615","1,061",554,737,205,533,966,784,181,28,4,24,19,1,18,12,2,9,35,34,1,22,34,-12,8,          --,8,          --,          --,          --,391,932,-542,196,393,-196,          --,          --,          --,          --,          --,          --,"37,450","29,712","7,738","3,444","1,658","1,785","23,385","19,857","3,528",40,2,37
,2月,,Feb,"60,158","34,295","25,864","6,133","3,011","3,122","1,190",168,"1,022",965,540,425,141,62,79,370,341,28,"1,567","1,301",266,820,115,704,302,287,15,112,51,61,226,20,206,209,78,131,181,29,152,"21,576","9,628","11,948","21,235","9,414","11,821",341,215,127,"2,624",466,"2,158",132,31,102,262,3,258,"1,935",146,"1,789",951,179,772,827,100,727,64,78,-14,"28,519","20,662","7,858","1,464",579,885,"17,539","15,935","1,604",67,32,35,"3,754",662,"3,092",129,3,126,"1,598","1,223",374,"1,332",542,790,725,970,-245,31,1,30,19,19,0,15,9,6,74,85,-11,20,23,-4,53,60,-8,          --,          --,          --,281,263,18,256,202,53,          --,          --,          --,          --,          --,          --,"51,325","30,835","20,490","3,259","1,870","1,389","27,716","19,669","8,047",48,9,40
,3月,,Mar,"88,721","57,678","31,044","7,889","4,991","2,898","1,306",402,904,714,910,-196,169,34,135,354,418,-64,"2,805","2,023",782,577,155,422,"1,044",606,438,146,84,62,110,136,-26,297,128,169,306,64,242,"24,909","23,001","1,908","24,609","22,401","2,208",300,600,-300,"9,051","1,712","7,339",216,709,-494,384,186,198,482,163,319,"1,939","1,147",792,"1,812","1,069",743,89,63,25,"43,069","26,230","16,840","1,721",891,830,"27,096","20,640","6,456",435,54,381,"9,034","1,167","7,866",14,6,8,"1,431","1,925",-494,"1,671",265,"1,407",482,898,-416,36,3,33,22,2,20,18,13,5,869,127,741,83,124,-41,774,1,772,          --,          --,          --,995,470,525,131,180,-49,          --,          --,          --,          --,          --,          --,"70,451","51,499","18,951","5,026","3,134","1,892","42,414","25,176","17,239",95,38,57
,4月,,Apr,"34,913","27,061","7,852","6,762","3,306","3,457","1,348",277,"1,070",582,598,-16,154,66,88,338,142,196,"2,258","1,917",341,491,118,373,295,68,226,262,36,226,371,19,352,281,36,245,263,8,255,"13,112","12,776",336,"12,809","12,552",256,304,224,80,"1,377",470,908,177,37,139,349,23,326,514,258,256,"1,024","1,946",-922,680,"1,892","-1,212",110,53,57,"12,008","8,169","3,839",712,"1,339",-627,"4,361","2,845","1,516",152,19,133,"2,607","1,180","1,427",12,76,-64,"1,375","1,390",-15,512,221,291,622,269,353,111,          --,111,86,2,84,33,8,25,156,69,87,72,55,17,5,12,-7,          --,          --,          --,472,325,148,268,29,239,          --,          --,          --,          --,          --,          --,"26,384","23,008","3,376","4,035","2,211","1,824","11,270","7,820","3,451",56,9,47
,5月,,May,"39,843","20,960","18,883","6,540","3,979","2,560","1,338",294,"1,044",471,518,-47,116,68,47,375,122,253,"1,857","1,327",529,780,142,637,416,100,316,172,"1,239","-1,066",116,54,62,371,107,264,446,6,440,"13,775","8,170","5,605","13,478","7,952","5,526",297,218,79,"1,685",900,785,225,46,178,250,118,132,751,357,394,619,99,521,514,33,480,99,61,38,"16,526","7,571","8,955","1,150",673,477,"6,385","1,369","5,015",185,52,133,"1,145",882,264,18,21,-4,"2,112","1,599",513,344,436,-92,"1,035",347,688,"2,255",746,"1,509",28,1,27,30,3,26,56,23,33,45,22,23,10,1,10,          --,          --,          --,642,218,424,373,55,318,          --,          --,          --,          --,          --,          --,"31,483","16,025","15,458","3,763","2,970",794,"15,375","7,200","8,174",80,6,75
,6月,,Jun,"37,685","21,441","16,244","7,471","3,487","3,984","2,004",356,"1,648",695,527,169,158,50,108,340,299,41,"2,325","1,365",960,516,113,402,367,255,112,287,217,70,147,209,-62,282,80,202,277,6,271,"12,844","6,479","6,365","12,432","6,258","6,174",412,220,191,"1,490","1,765",-275,145,74,70,472,"1,267",-795,556,60,495,931,192,739,784,137,648,106,52,54,"14,151","9,061","5,090","1,936","1,073",863,"4,547","1,847","2,700",196,119,76,"1,140",274,865,58,31,27,"1,582","1,690",-109,773,546,227,"1,922","1,787",134,756,716,39,138,2,136,34,5,29,77,35,42,41,28,13,28,4,24,          --,          --,          --,720,421,299,277,93,184,          --,          --,          --,          --,          --,          --,"28,364","16,090","12,274","3,959","2,249","1,709","12,033","7,196","4,837",78,7,71
,7月,,Jul,"42,939","29,180","13,758","8,706","2,716","5,990","1,401",235,"1,166","1,386",395,990,116,26,90,368,194,173,"3,388","1,477","1,911",550,145,405,262,136,125,431,33,398,140,14,126,187,60,126,447,          --,447,"16,184","12,097","4,087","15,806","11,883","3,923",378,214,164,"1,336",445,891,162,42,120,178,16,162,603,81,522,"1,144",190,954,"1,001",120,881,121,67,54,"15,155","13,176","1,978","1,363",986,377,"6,207","6,004",203,147,80,67,"2,892",807,"2,085",16,3,14,"1,332","1,333",0,582,181,400,436,"2,224","-1,788",779,742,37,27,0,27,34,2,32,120,23,96,45,23,22,12,0,12,          --,          --,          --,294,532,-238,112,61,51,          --,          --,          --,          --,          --,          --,"33,002","25,712","7,290","4,966","1,866","3,100","14,522","10,930","3,592",102,7,95
,8月,,Aug,"31,755","22,560","9,194","6,906","3,029","3,878","1,416",225,"1,190",958,530,427,127,36,91,345,196,150,"2,410","1,605",805,555,123,431,195,87,108,181,109,72,198,32,166,209,67,142,261,8,253,"12,464","6,771","5,693","11,817","6,545","5,272",648,226,421,975,"3,465","-2,490",150,52,98,157,"3,138","-2,981",383,56,327,938,175,762,815,84,731,113,88,26,"9,612","8,623",989,"1,094","1,103",-9,"2,117","2,692",-575,112,39,73,869,694,175,13,37,-24,"1,632","1,378",254,659,70,589,579,205,374,784,747,36,25,1,24,67,          --,67,60,20,41,51,18,34,16,2,14,          --,          --,          --,799,477,321,333,109,224,          --,          --,          --,          --,          --,          --,"23,411","15,812","7,599","3,775","2,026","1,749","8,826","8,408",418,116,15,101
,9月,,Sep,"45,881","30,292","15,590","8,094","3,443","4,652","1,546",374,"1,172","1,312",967,345,125,54,70,683,149,534,"2,441","1,358","1,083",580,142,438,324,108,215,227,62,165,118,87,31,369,111,258,317,10,307,"13,108","9,388","3,720","12,823","9,139","3,684",285,249,36,"2,470","1,376","1,093",585,70,515,184,203,-19,584,699,-115,862,756,106,703,693,10,97,63,35,"20,658","15,092","5,566","1,003",747,257,"13,508","8,786","4,722",109,47,62,"1,313",841,472,27,2,25,"1,155","1,587",-432,481,157,324,854,360,495,570,760,-189,26,          --,26,36,8,28,91,22,69,29,16,14,16,6,10,          --,          --,          --,598,215,383,163,161,2,          --,          --,          --,          --,          --,          --,"35,850","25,515","10,335","4,073","1,869","2,204","19,655","14,675","4,980",99,8,91
,10月,,Oct,"43,566","33,511","10,055","7,548","5,319","2,229","1,481",216,"1,264",843,779,64,291,67,224,320,114,206,"2,292","2,099",193,425,77,348,291,93,198,666,56,610,120,45,75,527,298,229,227,"1,449","-1,223","12,202","9,046","3,156","11,839","8,827","3,012",364,220,144,"9,424","8,507",917,"1,054",675,379,212,9,204,418,68,350,"1,377",134,"1,243","1,208",64,"1,145",154,67,86,"11,143","9,913","1,230","1,321",841,481,"2,730","4,630","-1,901",274,37,237,"1,558",179,"1,379",72,63,8,"1,617","1,482",135,475,315,160,"1,560",976,585,585,537,48,26,3,23,37,8,28,"1,300",42,"1,258",45,29,16,7,7,1,          --,          --,          --,571,549,21,330,123,207,          --,          --,          --,          --,          --,          --,"27,342","19,938","7,404","4,367","2,680","1,687","9,413","8,878",535,129,10,119
,11月,,Nov,"32,829","24,355","8,474","6,935","3,711","3,224","1,466",689,777,910,929,-20,216,43,172,395,200,195,"2,154","1,390",764,492,182,311,319,58,261,151,57,93,124,12,112,327,97,229,347,33,314,"11,722","9,182","2,539","11,421","8,951","2,469",301,231,70,"1,227",796,430,168,29,139,250,51,199,450,58,392,"1,020",283,737,667,143,524,120,137,-17,"11,520","10,017","1,502","1,347","1,077",270,"3,060","3,442",-382,149,220,-71,"1,020",204,816,16,104,-87,"1,745","1,620",125,464,88,376,"2,371","1,411",959,41,529,-488,27,7,20,104,13,91,37,21,15,50,17,33,5,1,5,          --,          --,          --,369,344,25,145,119,26,          --,          --,          --,          --,          --,          --,"24,525","19,751","4,774","3,581","1,798","1,782","8,982","8,239",743,134,16,118
,12月,,Dec,"58,262","32,262","26,000","11,476","3,436","8,040","2,093",329,"1,764","1,109",681,427,202,62,140,251,126,125,"4,606","1,632","2,974",689,248,441,"1,580",43,"1,538",198,69,128,175,41,134,234,73,162,286,121,164,"19,781","13,610","6,170","19,426","13,106","6,320",355,505,-150,"2,360","2,215",145,143,86,57,673,391,282,457,"1,458","-1,000",982,"1,032",-50,811,909,-98,159,112,47,"22,265","11,095","11,171","1,646","1,087",560,"6,984","2,055","4,930",952,76,876,"4,813","2,828","1,985",36,26,10,"1,507","1,281",226,"1,126",221,905,"3,867","2,604","1,263",48,0,48,29,4,25,58,135,-77,55,61,-7,62,43,18,7,15,-8,          --,          --,          --,"1,343",813,530,865,682,183,          --,          --,          --,          --,          --,          --,"43,351","25,858","17,493","7,518","2,109","5,409","18,235","8,302","9,933",171,144,27
平成30年,1月,2018,Jan,"48,829","31,537","17,292","7,913","3,306","4,608","1,592",232,"1,360","1,196","1,063",133,160,29,131,278,90,188,"2,117","1,514",603,641,103,538,298,66,233,931,30,902,159,39,120,279,112,167,209,11,198,"11,910","11,553",357,"11,610","11,206",404,300,348,-47,"10,061",491,"9,570",197,35,162,279,55,224,"9,050",16,"9,034",983,179,804,732,39,694,142,138,4,"17,502","15,519","1,982","1,701","1,219",481,"7,982","7,601",381,125,90,35,496,"1,410",-914,28,9,19,"1,395","1,445",-50,507,122,385,"3,377","2,948",429,42,3,39,25,5,21,180,5,175,190,39,151,42,36,5,161,          --,161,          --,          --,          --,270,451,-180,73,86,-12,          --,          --,          --,          --,          --,          --,"29,757","27,422","2,335","4,458","1,874","2,584","13,065","12,554",511,253,15,238
,2月,,Feb,"34,237","23,691","10,546","6,988","2,892","4,096","1,477",319,"1,159",761,725,36,101,35,66,430,113,317,"2,713","1,358","1,356",497,152,345,219,39,180,148,25,122,128,28,100,209,86,123,243,9,233,"11,722","9,639","2,082","11,248","9,165","2,083",473,474,-1,"1,068",881,187,137,43,94,143,135,8,459,319,141,910,168,742,821,84,737,75,77,-2,"13,004","9,850","3,154","1,549","1,286",263,"3,485","1,974","1,511",271,264,7,"2,171","1,385",787,18,10,8,"1,530","1,222",309,321,113,208,"2,740","2,918",-178,41,52,-11,25,6,19,41,7,34,258,20,238,131,19,113,145,0,145,          --,          --,          --,287,240,47,127,49,78,          --,          --,          --,          --,          --,          --,"25,929","19,832","6,097","3,938","1,689","2,250","9,907","6,906","3,001",76,7,69
,3月,,Mar,"121,505","108,165","13,340","10,101","7,313","2,788","2,036","1,683",353,991,846,145,277,50,227,257,70,187,"3,577","2,279","1,298",933,211,723,479,174,304,193,"1,588","-1,395",184,238,-54,311,100,211,727,41,686,"17,801","10,289","7,512","17,497","9,999","7,498",304,290,14,"13,919","8,914","5,006",235,69,166,457,218,239,"9,543","8,190","1,352",812,513,299,668,421,246,95,78,17,"78,205","80,797","-2,592","1,983","1,325",658,"67,557","71,731","-4,174",243,173,70,"4,182","1,993","2,189",127,27,100,"1,729","1,918",-189,193,246,-54,"1,003","2,618","-1,614",101,35,66,26,2,24,257,1,255,103,89,14,101,70,31,20,1,19,          --,          --,          --,564,251,313,160,5,155,          --,          --,          --,          --,          --,          --,"96,874","91,720","5,153","5,783","4,618","1,164","76,774","78,150","-1,376",341,30,311
,4月,,Apr,"53,004","43,151","9,853","7,479","2,825","4,655","1,675",644,"1,030",763,412,351,125,78,47,275,184,90,"2,289","1,106","1,183","1,050",94,956,338,81,257,140,20,120,118,1,117,325,110,215,293,1,292,"13,795","29,202","-15,407","12,216","28,955","-16,739","1,579",248,"1,331","1,653",551,"1,102",211,32,179,112,56,56,471,19,453,"1,281",372,909,"1,023",340,682,219,30,188,"28,244","9,788","18,456","1,512","1,414",97,"19,376","4,419","14,957",144,110,34,"1,408",613,795,-8,8,-16,"2,039","1,672",367,197,312,-115,"2,158",412,"1,746",82,1,81,29,83,-54,30,15,16,135,85,50,36,14,23,78,70,8,          --,          --,          --,417,327,90,234,13,220,          --,          --,          --,          --,          --,          --,"43,602","39,588","4,013","4,320","1,416","2,904","25,860","9,277","16,582",154,15,139
,5月,,May,"34,361","20,740","13,622","7,831","3,400","4,431","1,932",829,"1,103",541,534,6,110,28,82,351,127,224,"2,774","1,410","1,364",662,272,391,284,62,222,157,37,120,105,16,89,370,71,299,427,3,424,"12,076","8,090","3,986","11,254","7,881","3,373",822,209,613,"1,641",523,"1,118",133,20,113,281,90,191,746,177,568,903,134,769,795,33,762,95,89,7,"11,451","8,390","3,060","1,763","1,091",672,"2,778","2,931",-153,165,79,86,691,251,441,-3,6,-9,"1,748","1,606",142,132,155,-23,"2,003","1,457",546,604,0,604,29,2,27,74,7,67,192,31,161,60,18,42,137,13,124,          --,          --,          --,268,172,96,99,18,81,          --,          --,          --,          --,          --,          --,"24,875","16,776","8,098","4,455","1,874","2,582","9,256","6,915","2,341",149,10,139
,6月,,Jun,"56,027","37,184","18,843","8,985","2,667","6,318","1,644",207,"1,437",889,431,458,233,45,189,269,133,136,"3,590","1,556","2,034",893,86,806,381,40,341,163,13,150,184,28,156,308,77,231,346,50,296,"12,714","8,055","4,659","12,360","7,823","4,536",354,232,122,"11,291","9,129","2,162",85,35,50,375,122,253,"10,287","8,534","1,753",716,262,454,647,217,429,51,34,17,"21,794","16,900","4,894","1,554","1,386",168,"11,368","9,951","1,417",309,96,213,"1,378",399,979,252,34,218,"2,078","1,452",625,234,175,59,"1,910","1,475",436,353,292,61,29,172,-143,21,7,14,27,11,15,27,7,20,5,4,1,          --,          --,          --,501,160,341,151,17,134,          --,          --,          --,          --,          --,          --,"35,583","25,202","10,382","5,590","1,800","3,790","19,716","15,145","4,571",64,10,54
,7月,,Jul,"44,133","29,354","14,778","8,730","2,817","5,913","1,551",535,"1,016",825,534,291,201,21,180,254,165,89,"3,020",940,"2,081","1,385",245,"1,140",637,255,382,186,26,160,149,15,134,246,71,174,206,4,202,"12,779","11,422","1,357","12,295","11,204","1,091",483,218,266,"1,705",996,710,127,34,93,221,65,155,587,523,64,"1,023",897,126,865,808,58,106,88,18,"19,382","12,759","6,623","1,338","1,158",180,"8,026","6,223","1,803",183,85,98,"2,676",792,"1,884",2,8,-7,"1,866","1,604",263,193,259,-66,"2,602","1,715",887,27,1,26,53,2,52,124,3,122,135,15,120,31,13,18,4,2,1,          --,          --,          --,379,449,-70,145,11,134,          --,          --,          --,          --,          --,          --,"33,648","25,290","8,358","5,669","1,556","4,113","16,581","11,033","5,548",184,7,176
,8月,,Aug,"35,911","22,161","13,750","8,667","2,938","5,729","1,388",378,"1,010","1,224",597,627,154,146,8,235,119,116,"2,172","1,369",803,"1,096",121,975,"1,477",86,"1,392",177,27,151,157,24,133,343,70,273,156,1,154,"14,902","9,160","5,741","14,547","8,935","5,612",355,226,130,"2,272",436,"1,836",186,19,166,114,32,83,"1,608",136,"1,472",842,"2,268","-1,426",722,46,676,119,71,48,"8,691","7,205","1,486","1,529","1,036",493,"2,146","2,181",-34,398,294,105,"1,033","1,117",-84,-3,2,-5,"1,825","1,309",516,262,325,-63,446,158,288,27,1,26,69,2,67,30,12,18,39,6,34,34,6,28,4,0,3,3,          --,3,497,148,350,206,1,205,          --,          --,          --,          --,          --,          --,"24,823","16,621","8,201","5,475","1,697","3,778","8,155","7,018","1,136",67,16,51
,9月,,Sep,"58,411","40,817","17,595","10,816","3,562","7,254","1,348",681,667,881,660,222,300,60,239,"2,621",43,"2,577","2,984","1,394","1,591",638,152,487,566,322,244,681,75,607,120,55,66,385,54,331,218,64,154,"13,502","8,813","4,690","13,147","8,518","4,629",356,295,61,"11,911","10,339","1,573",176,131,45,304,3,301,"10,822","9,789","1,034",625,131,495,536,67,469,78,59,19,"20,762","17,818","2,944","1,334",949,386,"10,232","8,060","2,172",132,48,84,"1,196",186,"1,010",78,34,43,"1,734","1,599",134,279,"1,012",-733,"4,369","4,528",-158,24,4,20,33,1,32,32,301,-269,48,24,24,35,23,12,13,1,13,          --,          --,          --,746,131,615,393,75,318,          --,          --,          --,          --,          --,          --,"37,663","26,638","11,025","5,420","2,052","3,369","15,989","12,899","3,089",89,301,-212
,10月,,Oct,"36,135","27,484","8,651","9,552","4,209","5,342","1,392",549,843,756,421,334,231,100,131,254,87,167,"5,016","2,062","2,955",629,271,359,427,573,-146,219,16,203,127,38,90,275,63,212,187,4,183,"11,053","10,158",895,"10,234","9,872",361,820,286,533,"1,399",558,841,144,31,113,274,15,258,371,15,356,689,"3,072","-2,383",537,"2,978","-2,441",138,84,54,"12,847","8,919","3,928","1,663","1,054",610,"4,182","3,584",598,206,81,125,"1,073",235,838,-14,10,-23,"1,661","1,441",220,210,357,-146,"2,285","1,233","1,052",395,5,390,27,1,26,31,7,25,34,51,-17,33,8,25,4,25,-21,          --,          --,          --,561,516,45,228,86,142,          --,          --,          --,          --,          --,          --,"24,938","22,280","2,658","6,717","3,046","3,670","10,437","7,665","2,772",70,11,59
,11月,,Nov,"51,138","23,311","27,826","7,718","2,482","5,236","1,420",274,"1,146",475,255,221,331,16,316,705,131,574,"2,604","1,126","1,479",553,125,428,592,411,181,178,46,132,181,23,158,272,68,203,335,2,333,"15,135","8,604","6,530","14,692","8,373","6,319",443,231,212,"1,919",657,"1,262",231,39,192,471,122,349,708,95,613,889,259,631,762,96,666,110,154,-44,"24,917","10,947","13,970","2,717","1,432","1,285","6,357","4,181","2,176",196,53,143,714,195,519,496,9,487,"1,827","1,589",238,214,198,16,"2,927","2,315",612,41,3,38,"4,708",30,"4,678",41,12,29,99,72,27,39,29,10,6,9,-2,          --,          --,          --,461,290,171,200,76,124,          --,          --,          --,          --,          --,          --,"41,935","20,047","21,888","4,425","1,802","2,623","21,777","8,530","13,248",90,35,55
,12月,,Dec,"64,517","53,572","10,945","9,226","4,568","4,658","1,697",443,"1,254",830,616,214,197,62,135,289,77,211,"3,913","2,064","1,850",673,304,369,515,301,214,186,42,143,162,15,147,241,488,-247,360,35,325,"14,068","13,863",205,"13,651","13,447",203,418,416,2,"14,399","11,722","2,677",154,76,78,593,721,-128,"13,094","10,505","2,589",814,267,547,664,154,510,146,113,34,"25,516","22,749","2,767","1,496","1,210",286,"13,080","11,479","1,600",563,157,406,"1,745",602,"1,143",150,37,113,"1,792","1,053",738,"1,750","1,437",313,"3,112","2,315",797,40,5,35,32,14,18,36,3,33,52,32,20,48,12,36,7,12,-5,          --,          --,          --,441,371,70,160,125,35,          --,          --,          --,          --,          --,          --,"40,839","36,998","3,841","5,827","3,320","2,507","22,183","20,225","1,958",109,82,27
平成31年,1月,2019,Jan,"116,290","43,963","72,327","7,755","2,970","4,785","1,680",397,"1,283",586,245,341,130,49,81,203,47,156,"1,521","1,406",115,650,210,440,"1,815",280,"1,535",254,231,22,123,13,110,296,84,212,421,1,419,"15,921","9,321","6,600","13,845","9,102","4,743","2,076",220,"1,856","4,277","8,857","-4,580",187,58,129,178,56,121,"3,228","8,370","-5,142",620,197,422,534,54,480,71,131,-60,"87,370","22,315","65,055","1,630","1,282",348,"4,076","3,563",514,357,345,12,771,"12,721","-11,950",-17,7,-24,"1,514","1,342",173,221,210,11,"6,482","1,391","5,091",22,3,18,40,3,37,61,11,51,3,31,-28,2,31,-29,6,          --,6,          --,          --,          --,344,271,72,44,56,-11,          --,          --,          --,          --,          --,          --,"42,578","32,005","10,573","4,719","2,230","2,489","19,083","20,884","-1,801",104,26,79
,2月,,Feb,"65,732","52,482","13,250","5,584","2,285","3,299","1,204",278,925,469,221,248,139,30,109,268,55,214,"1,181",930,251,593,133,459,698,493,205,150,24,126,186,29,157,296,84,211,297,3,294,"12,047","8,142","3,904","11,677","7,927","3,750",370,216,154,"1,342",700,642,123,45,77,142,23,119,608,312,296,"1,176",152,"1,025",973,49,924,60,101,-41,"45,182","40,922","4,259","1,706","1,177",530,"3,893","3,053",840,335,137,198,976,922,54,83,4,80,"1,874","1,152",722,136,182,-47,"33,202",869,"32,333",44,2,42,107,2,105,36,14,22,94,15,79,-10,13,-23,110,0,110,          --,          --,          --,308,266,42,133,97,36,          --,          --,          --,          --,          --,          --,"58,152","49,354","8,798","3,191","1,698","1,494","11,334","39,982","-28,648",71,14,58
,3月,,Mar,"61,518","34,397","27,121","9,745","3,248","6,497","1,494",270,"1,224",564,589,-25,192,74,118,252,68,184,"2,142","1,243",898,600,188,412,896,468,429,"2,583",127,"2,456",189,65,124,273,81,192,490,32,458,"21,987","10,736","11,251","21,598","10,383","11,216",389,353,36,"4,387","2,876","1,511",162,79,83,386,93,292,"2,024","2,266",-242,"1,021",287,734,735,255,479,108,25,83,"23,330","16,409","6,921","2,131","1,316",816,"11,530","10,166","1,364",296,163,133,"2,215",634,"1,581",630,189,441,"3,057","1,709","1,347",440,288,152,682,948,-266,654,18,636,30,6,24,27,9,18,309,347,-38,-19,221,-240,114,105,9,          --,          --,          --,738,493,244,537,284,253,          --,          --,          --,          --,          --,          --,"47,554","27,681","19,873","6,728","2,207","4,522","22,288","15,388","6,900",75,12,63
,4月,,Apr,"43,871","21,603","22,268","10,095","2,697","7,398","1,419",280,"1,139",306,220,86,166,53,113,207,41,166,"1,437","1,364",73,639,139,500,"4,863",315,"4,548",160,89,71,141,66,74,457,119,338,249,9,239,"16,819","8,863","7,956","16,428","8,646","7,782",391,217,175,"4,219",777,"3,443",93,41,52,335,75,260,"3,154",278,"2,876","1,474",197,"1,277","1,295",34,"1,261",140,15,125,"10,720","8,672","2,049","1,786","1,315",472,"2,820","3,471",-651,249,176,74,"2,000",404,"1,596",66,157,-91,"1,578","1,570",8,263,689,-426,498,54,444,20,2,18,38,2,36,36,9,27,82,129,-47,-9,33,-42,68,94,-26,          --,          --,          --,461,269,192,333,51,282,          --,          --,          --,          --,          --,          --,"29,216","17,695","11,522","7,742","2,093","5,649","10,025","8,601","1,424",61,9,52
令和元年,5月,,May,"43,524","22,565","20,958","5,689","2,544","3,145","1,057",240,816,374,320,54,385,63,322,286,166,121,"1,442",875,566,496,202,293,697,461,236,125,20,105,165,34,131,281,87,193,294,25,269,"12,845","10,147","2,698","12,357","9,916","2,441",487,231,256,"2,240",789,"1,451",115,24,91,326,103,223,"1,136",285,851,505,86,419,421,50,372,65,29,36,"21,828","8,616","13,212","9,300","1,903","7,398","2,877","2,994",-116,272,180,92,871,541,330,615,48,567,"1,944","1,551",394,234,222,12,756,38,718,32,3,30,97,1,96,53,5,49,20,79,-58,-36,16,-52,67,62,4,          --,          --,          --,397,304,92,225,149,76,          --,          --,          --,          --,          --,          --,"32,434","19,069","13,365","3,271","1,728","1,543","17,830","8,566","9,264",77,5,72
,6月,,Jun,"46,890","30,554","16,336","11,319","5,718","5,601","1,436",213,"1,223",573,235,338,129,105,24,623,91,532,"5,443","1,131","4,312",843,514,329,677,182,495,228,"3,045","-2,818",177,56,121,315,133,182,727,11,716,"14,381","10,920","3,461","13,463","10,593","2,870",918,326,591,"3,657",792,"2,865",97,34,64,644,186,458,"2,210",135,"2,075",643,55,588,513,23,490,81,25,55,"16,029","12,416","3,613","1,771","1,436",336,"4,497","3,725",772,405,120,284,"1,403",807,596,189,213,-24,"1,638","1,490",148,"1,071",864,207,780,67,712,31,8,22,32,4,28,54,4,50,144,214,-70,-34,178,-212,34,36,-1,          --,          --,          --,718,440,278,412,214,198,          --,          --,          --,          --,          --,          --,"28,492","20,627","7,864","7,787","5,061","2,726","11,936","9,368","2,568",112,45,67
,7月,,Jul,"127,961","112,281","15,680","7,281","3,772","3,509","1,431",397,"1,035",538,356,182,106,39,68,265,115,150,"2,067","1,423",645,705,338,367,"1,074",492,582,160,77,82,213,14,199,264,52,212,386,462,-77,"15,982","13,485","2,498","15,474","13,269","2,205",508,215,293,"3,919",762,"3,157",131,21,111,651,43,608,767,124,643,517,321,197,421,72,349,87,77,11,"99,706","90,443","9,262","3,178","1,788","1,391","19,253","16,506","2,747","1,433",818,615,"3,365","2,189","1,176",197,65,132,"1,663","1,606",57,"2,044","1,420",624,744,66,678,124,3,121,34,63,-29,68,7,61,3,50,-47,-29,14,-43,36,36,1,          --,          --,          --,552,"3,449","-2,897",476,"3,367","-2,890",          --,          --,          --,          --,          --,          --,"114,290","39,863","74,427","4,534","2,401","2,133","96,219","25,991","70,228",187,8,179
,8月,,Aug,"45,327","20,911","24,416","8,027","2,749","5,278","1,202",231,971,"1,113",409,704,112,29,83,204,22,182,"2,545","1,411","1,134",669,99,570,659,297,363,141,25,115,192,30,162,287,86,201,767,109,658,"11,277","7,684","3,593","10,897","7,466","3,431",380,218,162,"5,688",544,"5,144",111,19,92,150,62,88,"1,018",14,"1,004","8,512","2,638","5,874","8,401","2,578","5,823",66,56,11,"11,592","6,855","4,737","1,802","1,477",326,"3,085","2,146",939,279,84,195,850,155,695,40,24,15,"1,838","1,402",436,715,230,485,301,64,237,24,4,20,79,1,77,71,17,54,-42,45,-88,-33,10,-43,-3,35,-38,          --,          --,          --,274,396,-122,218,306,-88,          --,          --,          --,          --,          --,          --,"31,469","17,229","14,241","4,617","1,949","2,668","10,790","6,772","4,017",182,20,162
,9月,,Sep,"33,170","24,712","8,458","8,073","4,938","3,135","1,291",296,996,640,422,218,344,212,133,757,206,551,"2,368","3,093",-725,473,168,305,789,310,480,164,73,91,185,51,134,234,71,163,689,20,670,"11,381","9,187","2,194","11,010","8,950","2,060",370,237,134,"2,393",934,"1,459",129,79,51,169,43,126,998,277,721,452,127,325,337,72,266,78,48,30,"10,596","8,971","1,624","1,874","1,599",276,"2,611","2,575",36,158,142,15,"1,218",731,487,121,64,57,"1,413","1,559",-145,"1,385","1,174",211,374,203,171,24,10,14,47,1,46,42,33,9,-46,43,-89,-38,9,-47,6,33,-27,          --,          --,          --,321,512,-191,193,408,-214,          --,          --,          --,          --,          --,          --,"23,555","18,554","5,001","4,336","3,782",554,"9,880","8,670","1,210",119,36,84
,10月,,Oct,"34,595","25,653","8,942","6,176","3,093","3,083","1,341",175,"1,166",502,365,137,159,62,97,330,170,159,"1,592","1,540",52,447,151,296,749,476,273,202,16,186,315,33,282,223,95,128,268,7,262,"13,212","10,474","2,738","12,674","10,242","2,432",539,232,306,"3,856",593,"3,263",152,17,135,388,292,96,"2,659",15,"2,644",528,214,315,328,113,215,130,99,32,"9,859","10,642",-783,"2,279","1,547",732,"1,954","2,552",-599,180,89,91,"1,316",231,"1,085",22,6,16,"1,572","1,559",13,423,327,96,448,58,389,21,2,19,34,1,33,58,23,36,7,39,-32,-35,34,-69,10,3,7,          --,          --,          --,957,598,359,894,514,381,          --,          --,          --,          --,          --,          --,"23,869","18,084","5,784","3,557","2,311","1,246","9,149","7,091","2,058",150,24,126
,11月,,Nov,"42,534","25,227","17,307","9,943","3,357","6,586","1,259",218,"1,041",537,432,106,198,100,99,364,219,145,"5,661","1,720","3,941",408,106,302,714,433,281,247,30,217,112,29,83,265,58,207,152,7,145,"16,238","8,539","7,699","15,771","8,289","7,481",467,250,218,"3,157","3,170",-13,71,41,30,253,479,-226,"1,555","2,036",-481,554,209,345,380,88,292,87,100,-13,"12,019","9,572","2,447","1,683","1,643",40,"4,649","3,948",701,204,78,125,770,176,594,814,807,8,"1,866","1,392",474,323,308,15,424,71,353,29,2,27,33,1,33,51,14,38,-6,15,-21,-32,15,-48,40,          --,40,          --,          --,          --,629,365,264,561,198,363,          --,          --,          --,          --,          --,          --,"29,110","18,638","10,472","7,422","2,380","5,041","11,408","9,359","2,049",94,14,79
,12月,,Dec,"59,571","24,384","35,187","11,928","3,970","7,958","1,619",331,"1,288",845,332,513,128,100,28,335,198,137,"5,732","2,001","3,731",650,168,482,703,412,292,176,187,-10,299,38,260,819,172,647,488,24,464,"13,354","7,439","5,914","12,973","7,200","5,773",381,240,142,"2,753","1,865",888,118,30,87,966,531,435,754,646,108,624,148,476,486,32,454,106,113,-7,"30,172","10,444","19,728","2,426","2,232",194,"5,406","1,738","3,668",380,433,-53,"12,497","3,114","9,383",146,33,114,"1,837","1,406",431,"1,550",358,"1,192","3,884",257,"3,627",58,11,47,43,1,42,60,24,36,44,189,-145,-25,188,-213,1,0,1,          --,          --,          --,696,328,369,387,197,190,          --,          --,          --,          --,          --,          --,"44,577","18,272","26,305","8,482","2,982","5,501","26,048","10,046","16,002",216,33,183
令和2年,1月,2020,Jan,"159,236","146,523","12,713","5,307","2,902","2,405","1,228",196,"1,032",538,470,68,116,29,87,291,244,46,"1,045","1,224",-179,533,210,324,685,354,331,214,26,188,183,18,165,325,99,226,94,13,80,"35,661","27,197","8,464","35,143","26,946","8,197",518,251,266,"3,174",745,"2,429",123,93,30,100,86,14,772,215,557,404,207,197,271,88,183,88,117,-29,"113,858","114,681",-823,"2,080","1,844",236,"7,462","9,666","-2,204",160,166,-6,"1,079",494,585,53,9,44,"2,869","1,325","1,544","25,382",329,"25,053","4,649",278,"4,371",90,79,12,434,1,433,44,22,22,135,149,-14,118,131,-13,7,2,5,          --,          --,          --,697,642,55,525,212,314,          --,          --,          --,          --,          --,          --,"149,025","141,234","7,791","3,026","1,944","1,082","107,766","113,155","-5,388",119,26,93
,2月,,Feb,"35,219","23,368","11,850","6,458","2,495","3,963","1,361",113,"1,249",543,288,255,299,66,233,306,162,144,"1,727",865,863,647,127,520,929,649,280,153,82,71,95,21,74,214,86,128,130,13,117,"10,859","7,373","3,486","10,467","7,115","3,352",392,257,134,"1,460","1,129",331,118,17,101,80,213,-134,638,541,96,542,238,304,467,172,296,51,61,-10,"15,185","11,523","3,662","1,769","1,610",159,"2,756","3,939","-1,183",310,157,153,"1,476",615,860,149,1,147,"1,695","1,329",366,"2,042",512,"1,530",346,"1,076",-729,92,153,-62,37,5,32,39,15,24,158,136,22,97,136,-38,28,          --,28,1,          --,1,557,475,82,494,412,82,          --,          --,          --,          --,          --,          --,"23,812","18,147","5,665","3,812","1,854","1,958","8,731","5,243","3,488",68,15,52
,3月,,Mar,"53,897","30,670","23,227","9,299","4,124","5,175","1,495",535,960,852,492,360,468,210,258,331,214,116,"2,369","1,391",979,926,229,697,"1,093",551,542,203,34,169,350,257,93,389,163,225,753,11,742,"15,706","10,438","5,268","15,087","10,127","4,960",619,311,309,"6,099",966,"5,133",147,40,107,947,5,942,631,55,576,811,377,434,610,312,299,105,36,69,"21,346","14,131","7,215","2,072","2,340",-268,"5,571","3,918","1,653",357,212,145,"7,092",922,"6,170",419,79,340,"1,745","2,127",-382,"1,096","2,459","-1,363",697,544,153,556,57,500,238,7,231,147,22,125,143,143,0,130,137,-7,22,4,18,          --,          --,          --,493,491,2,360,361,-1,          --,          --,          --,          --,          --,          --,"38,205","25,252","12,954","5,370","2,645","2,725","14,787","9,493","5,294",294,105,189
,4月,,Apr,"38,506","21,540","16,966","6,949","2,536","4,413","1,877",280,"1,597",516,385,131,240,21,219,287,154,134,"1,916",923,993,444,64,379,393,301,92,420,12,408,325,174,151,337,155,182,80,7,73,"13,333","9,191","4,142","12,921","8,957","3,964",412,235,178,"1,184",426,758,102,13,88,293,6,287,171,33,138,"1,590",120,"1,470","1,426",99,"1,327",158,18,141,"14,768","8,762","6,006","3,169","2,273",896,"5,789","3,269","2,520",319,223,95,"1,416",247,"1,169",27,43,-16,"1,547",380,"1,167",325,208,118,581,439,143,78,123,-45,35,2,33,36,20,16,12,84,-72,21,72,-51,-4,11,-15,          --,          --,          --,669,421,249,552,282,270,          --,          --,          --,          --,          --,          --,"30,019","18,318","11,701","3,936","1,687","2,249","8,217","5,025","3,192",289,561,-272
,5月,,May,"29,808","17,566","12,243","6,974","3,777","3,196","1,375",131,"1,244",556,345,211,327,75,253,189,217,-28,"2,767","2,496",270,467,78,389,466,319,147,154,16,138,227,8,219,322,67,255,52,5,47,"7,571","4,028","3,543","6,874","3,786","3,089",697,242,455,851,643,208,152,41,111,54,148,-94,171,260,-89,232,196,36,168,152,16,46,41,5,"13,185","8,051","5,134","1,957","1,367",590,"3,691","2,456","1,235",192,65,127,"3,427","1,292","2,134",24,55,-31,512,747,-235,451,144,307,670,356,314,78,69,9,28,          --,28,58,24,33,55,105,-50,74,102,-28,-35,          --,-35,          --,          --,          --,941,766,175,805,620,185,          --,          --,          --,          --,          --,          --,"21,246","12,506","8,740","4,465","3,003","1,462","8,679","5,211","3,468",141,26,116
,6月,,Jun,"59,810","31,645","28,164","7,213","4,055","3,158","1,192",651,541,476,388,88,131,36,94,410,154,256,"2,890","1,773","1,117",457,88,369,707,515,192,143,105,37,289,207,82,367,109,258,95,6,90,"21,650","12,269","9,381","21,342","11,977","9,365",307,291,16,"2,831","1,109","1,722",257,17,240,"1,044",620,424,772,72,700,"12,345",184,"12,160","12,277",114,"12,163",62,67,-5,"15,009","13,124","1,885","2,377","2,238",139,"4,023","3,628",395,403,269,134,"2,501","1,633",869,49,81,-32,674,"1,346",-672,"1,170","2,111",-941,"2,364",542,"1,822",74,73,1,245,204,41,48,9,39,70,188,-118,105,187,-82,-28,          --,-28,          --,          --,          --,693,717,-24,494,681,-188,          --,          --,          --,          --,          --,          --,"49,728","25,785","23,943","4,900","2,821","2,079","8,437","8,826",-389,69,32,37
,7月,,Jul,"53,664","36,002","17,662","6,231","3,560","2,671","1,207",365,842,658,291,367,302,23,279,189,149,39,"2,107","1,947",161,402,156,246,560,421,139,105,37,68,159,49,110,292,58,234,207,43,165,"19,576","18,999",577,"19,114","18,696",418,462,303,159,"1,678","1,391",287,108,143,-35,395,20,375,337,688,-351,422,150,272,365,50,315,50,97,-47,"25,027","10,896","14,131","2,218","1,621",597,"4,746","3,641","1,105",393,313,81,"2,041","1,215",825,349,23,326,"1,432","1,653",-221,612,526,86,"11,318",350,"10,969",79,28,52,18,3,16,31,          --,31,61,87,-26,46,86,-40,-1,1,-2,          --,          --,          --,669,919,-249,624,791,-167,          --,          --,          --,          --,          --,          --,"45,468","30,443","15,024","3,658","2,688",970,"8,857","6,875","1,982",101,2,99
,8月,,Aug,"30,570","22,866","7,704","7,722","3,835","3,887","1,165",655,510,650,212,438,338,172,166,189,142,47,"3,828","1,746","2,082",299,60,239,461,420,41,139,61,78,358,215,142,206,92,114,40,39,0,"9,477","6,988","2,489","9,122","6,681","2,441",355,307,48,"3,812","1,905","1,907",126,110,15,85,107,-22,97,36,60,193,157,36,127,89,38,61,62,-1,"8,679","9,239",-560,"1,697","1,624",72,"2,023","3,653","-1,630",165,127,38,806,167,639,102,45,57,"1,338","1,441",-103,287,315,-28,880,443,437,76,66,10,17,1,16,42,7,36,57,127,-71,94,126,-33,-29,0,-29,          --,          --,          --,631,615,16,494,508,-14,          --,          --,          --,          --,          --,          --,"21,691","18,165","3,526","5,332","2,613","2,718","5,637","5,072",565,94,36,58
,9月,,Sep,"67,446","61,999","5,447","8,257","4,879","3,378","1,222",399,823,729,294,435,178,35,143,245,136,109,"3,912","2,749","1,162",239,92,147,"1,049",910,139,155,46,109,115,71,44,153,69,84,197,48,149,"40,819","12,862","27,956","40,489","12,604","27,885",330,259,72,"1,070",994,76,149,136,13,46,341,-296,221,84,136,"1,067",601,466,519,514,5,518,62,456,"15,372","36,642","-21,269","1,827","1,781",47,"3,431","2,446",985,183,108,75,"3,891","1,047","2,844",127,88,39,"1,179","1,820",-641,359,"21,936","-21,577","3,152","1,332","1,820",93,58,36,17,2,16,119,26,93,36,95,-59,37,87,-50,-31,0,-31,          --,          --,          --,824,"5,925","-5,101",552,"5,821","-5,269",          --,          --,          --,          --,          --,          --,"57,597","50,467","7,130","5,679","3,964","1,714","8,528","32,824","-24,296",148,28,119
,10月,,Oct,"32,765","28,147","4,618","7,610","6,699",912,"1,693","1,009",683,658,727,-68,228,39,188,596,152,444,"2,525","3,430",-904,358,143,215,479,497,-19,129,21,109,247,210,37,429,195,234,198,252,-54,"10,040","10,702",-662,"9,534","10,435",-901,506,267,239,"1,643",983,660,147,137,10,359,269,90,236,9,226,164,444,-280,88,344,-256,57,87,-30,"12,541","8,861","3,681","2,121","2,184",-63,"3,255","2,306",949,319,83,236,"2,537","1,523","1,013",47,75,-27,"1,775","1,565",211,401,202,199,501,46,455,64,26,37,424,1,423,37,20,16,11,94,-83,41,85,-44,-34,7,-41,          --,          --,          --,756,366,390,612,273,339,          --,          --,          --,          --,          --,          --,"23,578","20,372","3,206","4,215","4,518",-303,"8,640","6,484","2,156",133,156,-23
,11月,,Nov,"60,724","54,432","6,291","6,943","4,617","2,326","1,065",309,756,312,485,-173,215,111,104,435,183,252,"3,627","2,490","1,137",278,164,114,253,504,-251,101,12,88,172,256,-84,329,66,264,93,2,91,"8,616","7,274","1,342","8,304","6,988","1,317",312,286,26,"1,076",478,598,153,161,-8,124,15,109,114,35,79,259,246,12,168,147,22,76,89,-13,"43,361","41,030","2,330","1,867","1,732",136,"3,551","2,175","1,376",252,713,-460,831,916,-85,71,160,-89,"2,208","2,067",141,379,252,127,454,669,-216,62,18,44,20,1,19,30,13,17,74,163,-89,105,159,-54,-35,4,-39,          --,          --,          --,395,624,-229,330,442,-112,          --,          --,          --,          --,          --,          --,"52,796","48,973","3,823","4,813","3,524","1,289","39,155","38,105","1,050",174,16,158
,12月,,Dec,"52,949","38,923","14,027","11,240","7,083","4,157","2,059",461,"1,598","1,111",247,864,122,53,69,229,178,51,"5,900","5,357",544,364,124,240,398,261,136,188,117,71,179,126,53,420,107,314,202,12,190,"17,271","9,751","7,520","16,761","9,308","7,453",510,443,67,"2,041","2,291",-250,165,412,-247,964,912,52,368,609,-241,715,337,378,603,241,363,87,93,-6,"21,109","18,636","2,473","2,466","2,059",407,"5,661","1,685","3,976",454,257,197,"3,624","1,087","2,537",223,212,10,"1,611","1,616",-5,841,347,494,"2,451",397,"2,054",112,67,45,22,8,15,37,14,23,25,96,-70,57,96,-39,-30,0,-30,          --,          --,          --,547,729,-182,388,636,-248,          --,          --,          --,          --,          --,          --,"39,280","26,144","13,136","7,502","6,128","1,374","12,790","13,368",-578,271,170,101
令和3年,1月,2021,Jan,"82,089","53,290","28,799","22,173","7,631","14,541","1,203",310,893,"2,763",513,"2,250",305,24,281,455,147,308,"14,465","6,031","8,434",783,40,743,126,41,85,"1,232",18,"1,214",159,93,66,188,70,117,435,316,118,"36,032","26,784","9,247","35,514","26,490","9,024",518,294,224,"2,021",957,"1,064",196,124,73,584,250,335,289,23,266,539,"1,090",-551,295,833,-538,79,57,21,"20,713","16,091","4,623","2,091","2,086",5,"2,994","1,837","1,157",228,183,46,"1,304","9,246","-7,942",68,56,12,"2,020","1,356",664,858,191,668,"8,350",10,"8,339",53,138,-85,19,7,12,91,0,91,86,134,-48,72,119,-48,-29,6,-35,          --,          --,          --,525,603,-77,419,400,18,          --,          --,          --,          --,          --,          --,"57,708","44,128","13,580","17,003","6,320","10,683","9,230","14,235","-5,005",135,8,127
,2月,,Feb,"37,912","25,840","12,071","8,104","4,038","4,066","1,058",344,714,"1,036",238,798,227,110,117,388,41,346,"4,309","2,901","1,409",317,71,247,195,62,133,108,117,-9,168,76,92,173,47,126,84,6,79,"12,094","9,141","2,953","11,637","8,713","2,924",457,427,30,"3,391",817,"2,574",162,126,36,113,5,108,"2,008",338,"1,670",353,230,123,289,155,133,59,71,-12,"13,422","11,036","2,386","2,071","1,928",143,"2,773","2,027",745,214,211,2,"1,218",757,462,38,116,-78,"3,979","1,784","2,195",874,292,582,542,234,308,74,223,-149,24,3,21,35,          --,35,49,90,-41,64,90,-26,-12,0,-12,          --,          --,          --,499,489,10,383,334,50,          --,          --,          --,          --,          --,          --,"26,592","19,612","6,980","5,300","3,294","2,006","9,910","7,789","2,120",81,307,-226
,3月,,Mar,"61,734","40,855","20,880","8,863","6,367","2,496","1,197",248,949,658,501,157,357,161,197,902,42,861,"2,946","3,842",-896,571,179,391,441,449,-8,315,100,215,177,94,82,651,260,391,590,439,151,"32,572","18,756","13,816","32,041","18,198","13,843",531,559,-27,"2,098","1,108",989,394,250,144,35,16,19,764,247,517,686,612,73,546,500,47,109,107,2,"16,366","13,510","2,856","2,811","2,011",801,"4,187","3,435",753,579,260,319,"1,837",641,"1,196",148,84,64,"2,323","3,644","-1,321","1,240",268,973,849,484,365,116,188,-71,15,410,-395,35,14,22,62,79,-17,41,73,-32,-30,6,-36,          --,          --,          --,"1,088",421,667,237,222,15,          --,          --,          --,          --,          --,          --,"50,923","33,264","17,659","5,129","4,953",176,"11,020","9,408","1,612",57,18,39
,4月,,Apr,"55,124","36,882","18,242","8,859","4,771","4,089","1,501",294,"1,206",554,351,203,234,25,209,535,20,515,"4,268","3,525",742,529,214,315,416,86,330,200,66,134,211,79,132,210,62,147,137,11,127,"14,610","9,058","5,552","13,903","8,711","5,192",707,347,360,"3,479","1,553","1,926",138,119,19,613,365,249,"1,709",497,"1,213","1,390",105,"1,285","1,286",34,"1,252",91,57,34,"26,238","20,911","5,327","8,756","3,096","5,660","5,082","4,159",923,318,275,42,"1,291",326,966,85,52,33,"1,908","1,841",67,"3,572",257,"3,315","2,698","8,527","-5,829",103,232,-129,61,7,54,75,13,62,165,77,88,106,75,31,25,1,24,          --,          --,          --,382,407,-25,228,135,93,          --,          --,          --,          --,          --,          --,"43,019","30,309","12,709","5,881","4,070","1,811","18,175","8,187","9,988",121,13,108
,5月,,May,"42,288","25,604","16,685","9,756","4,122","5,633","1,599",279,"1,320",370,324,46,189,77,112,556,43,513,"4,809","2,916","1,893",454,89,366,942,41,901,221,43,177,171,111,60,295,86,209,108,6,101,"14,599","8,678","5,921","13,971","8,321","5,649",628,356,272,"1,667",786,882,104,116,-12,334,125,209,454,233,222,"1,192",121,"1,071",989,30,959,164,82,82,"14,532","11,416","3,116","2,132","1,824",308,"3,568","2,076","1,492",257,290,-34,"1,028",224,804,57,48,9,"2,109","1,996",113,973,247,726,"1,165","2,161",-996,92,88,4,187,4,183,70,26,45,178,181,-3,96,87,9,15,11,4,          --,          --,          --,365,300,65,255,216,39,          --,          --,          --,          --,          --,          --,"30,976","20,433","10,543","6,920","3,306","3,614","9,582","7,075","2,507",96,26,70
,6月,,Jun,"49,010","36,794","12,215","11,478","6,277","5,201","1,759",777,982,639,421,219,397,360,37,582,25,557,"6,115","3,893","2,223",506,277,229,505,279,226,148,46,102,187,83,104,442,74,368,148,16,132,"17,300","16,155","1,146","16,407","15,511",896,893,644,249,"1,707",596,"1,110",158,139,19,263,73,190,494,23,471,"1,218",235,984,"1,098",137,961,90,86,3,"16,804","13,024","3,781","2,943","2,706",237,"4,158","2,671","1,487",556,163,393,"2,936",327,"2,609",178,105,73,"1,393","2,086",-693,"1,881",903,978,552,"1,623","-1,071",153,141,12,51,296,-245,83,33,50,129,74,56,115,70,44,10,1,9,          --,          --,          --,373,434,-61,222,169,53,          --,          --,          --,          --,          --,          --,"36,053","29,641","6,412","7,939","4,676","3,263","11,945","8,671","3,274",94,38,56
,7月,,Jul,"52,791","28,774","24,017","10,227","6,386","3,841","1,597",466,"1,131",698,204,494,232,96,135,655,195,460,"5,053","4,882",171,548,152,396,587,129,458,197,82,115,193,77,116,220,54,166,196,21,175,"24,531","9,992","14,538","23,547","9,472","14,075",984,520,464,"2,025",690,"1,335",133,96,37,269,57,212,534,17,517,"1,192",307,885,930,28,903,98,73,26,"13,988","10,835","3,154","2,239","2,022",216,"3,631","2,094","1,536",333,517,-184,"1,166",657,509,36,1,35,"2,140","1,925",216,"1,808","1,413",395,487,220,267,77,201,-123,53,13,40,74,12,62,162,115,47,142,111,31,22,3,19,          --,          --,          --,667,450,216,444,282,162,          --,          --,          --,          --,          --,          --,"40,396","21,291","19,105","6,840","5,404","1,436","9,714","8,507","1,207",95,13,82
,8月,,Aug,"54,011","28,434","25,577","10,395","4,163","6,232","1,929",609,"1,321",433,336,96,173,152,22,532,122,410,"5,504","2,356","3,148",540,55,485,358,135,223,197,45,152,142,52,89,275,130,145,265,135,130,"19,521","8,027","11,494","18,946","7,151","11,795",575,876,-301,"1,466","3,090","-1,625",107,87,20,275,6,269,342,"2,743","-2,401","1,120",43,"1,078",988,26,962,126,12,114,"20,893","12,581","8,312","2,058","1,985",73,"10,203","2,880","7,323",194,284,-91,"1,332",708,624,41,97,-56,"2,197","2,028",168,"1,955","1,128",827,581,221,360,235,85,150,47,1,46,87,14,73,142,100,42,89,89,0,16,6,10,          --,          --,          --,473,430,43,250,237,13,          --,          --,          --,          --,          --,          --,"42,132","20,880","21,252","7,050","2,804","4,246","9,850","9,464",386,120,15,105
,9月,,Sep,"49,594","34,937","14,657","9,945","7,170","2,775","1,758",966,792,617,256,361,179,161,18,545,88,457,"4,598","4,887",-289,561,180,382,543,401,142,259,77,182,153,70,83,361,39,322,250,12,238,"21,063","13,779","7,284","20,050","12,953","7,097","1,013",826,187,"2,069",756,"1,313",212,172,40,335,12,323,536,51,485,"1,166",193,973,"1,000",135,864,135,40,95,"14,775","12,514","2,260","2,416","2,212",203,"4,355","3,784",571,783,432,352,"1,089",337,753,154,53,101,"1,223","1,784",-561,"1,551",454,"1,097",413,66,347,112,132,-20,697,1,696,87,5,83,176,138,38,154,120,33,24,17,6,          --,          --,          --,400,386,14,298,159,139,          --,          --,          --,          --,          --,          --,"37,734","26,798","10,936","6,578","5,682",896,"9,741","8,654","1,087",137,49,88
,10月,,Oct,"44,509","33,295","11,214","12,085","7,403","4,682","1,479",379,"1,100",399,236,163,245,71,174,633,61,572,"5,751","6,104",-353,699,270,430,384,97,287,193,38,155,135,37,98,"1,847",63,"1,785",261,16,245,"14,466","11,307","3,159","13,698","10,826","2,872",768,481,287,"2,443","1,514",929,166,172,-6,318,218,100,387,267,119,"1,069",429,641,961,332,629,82,91,-9,"13,684","12,225","1,459","2,848","2,366",482,"3,475","2,840",636,251,323,-71,"1,094",411,683,133,185,-52,"1,617","1,643",-27,"1,709","2,297",-587,532,147,385,111,121,-10,46,8,38,75,25,50,224,139,85,194,132,61,24,6,17,          --,          --,          --,538,279,260,387,195,192,          --,          --,          --,          --,          --,          --,"30,031","24,187","5,844","9,051","6,635","2,416","9,483","9,100",382,104,26,78
,11月,,Nov,"47,934","27,341","20,593","12,818","6,377","6,442","1,843",538,"1,305",392,625,-233,349,205,144,600,103,498,"5,632","4,381","1,251",601,188,413,374,117,257,228,48,179,275,56,219,265,42,222,"2,195",33,"2,162","18,180","9,272","8,909","17,542","8,697","8,845",638,575,63,"1,911",501,"1,410",238,117,121,290,87,203,607,61,546,"1,185",99,"1,085","1,092",37,"1,055",87,59,28,"13,160","10,610","2,551","2,187","2,111",76,"3,207","2,448",758,194,294,-101,"1,305",547,758,104,84,19,"1,701","1,924",-224,"1,959","1,224",736,456,165,291,97,135,-38,45,19,26,157,43,114,191,116,75,134,102,32,27,14,13,          --,          --,          --,489,367,122,262,271,-9,          --,          --,          --,          --,          --,          --,"33,283","20,175","13,108","7,421","4,864","2,557","9,215","7,905","1,311",230,52,178
,12月,,Dec,"67,519","42,599","24,921","16,218","6,836","9,382","2,702",673,"2,029",943,357,587,435,113,322,578,63,515,"8,815","4,460","4,355",694,246,448,668,446,222,208,84,125,228,68,160,321,229,93,512,58,455,"28,789","20,271","8,519","28,229","19,643","8,587",560,628,-68,"1,711","1,853",-142,218,197,21,276,40,236,445,932,-487,"1,276",255,"1,022","1,170",149,"1,021",89,98,-9,"18,546","12,967","5,579","2,380","2,313",67,"4,711","2,880","1,831",472,248,224,"2,334","1,285","1,050",262,236,26,"2,224","1,905",319,"3,299","1,316","1,983",780,120,660,137,182,-45,48,85,-37,75,33,42,195,123,72,139,101,37,21,20,0,          --,          --,          --,784,294,490,689,213,477,          --,          --,          --,          --,          --,          --,"49,403","33,673","15,730","11,019","5,570","5,450","12,884","9,922","2,963",114,43,71
令和4年,1月,2022,Jan,"52,909","39,021","13,888","10,187","8,785","1,403","1,469",685,783,375,316,59,200,107,93,413,479,-67,"5,783","6,569",-786,559,220,339,430,100,330,214,79,135,250,49,202,260,133,127,157,6,151,"16,894","8,951","7,943","16,177","8,732","7,445",717,219,498,"2,808",697,"2,111",233,124,109,280,29,251,944,61,882,"2,795",143,"2,653","2,667",116,"2,552",86,26,60,"19,647","19,621",26,"2,221","2,132",88,"5,779","7,081","-1,303","1,915","1,844",71,"1,911","2,254",-343,323,343,-20,"2,544","2,037",506,"1,803","1,283",520,655,251,404,64,122,-58,85,2,84,89,41,48,138,102,36,83,74,9,20,27,-7,          --,          --,          --,440,724,-284,301,586,-285,          --,          --,          --,          --,          --,          --,"39,993","29,287","10,706","7,563","7,192",372,"12,958","12,226",732,108,49,58
,2月,,Feb,"47,056","31,957","15,099","9,812","4,641","5,171","1,190",427,763,379,381,-2,177,82,95,243,250,-7,"4,617","2,878","1,739",617,203,414,406,110,296,458,41,416,197,31,166,863,104,759,541,85,456,"17,789","12,604","5,185","17,605","12,569","5,036",183,34,149,"1,748",606,"1,142",288,130,158,337,125,212,645,136,508,"1,487",406,"1,081","1,365",318,"1,047",88,58,30,"15,005","13,147","1,858","2,428","1,934",494,"3,669","2,329","1,339",386,426,-41,"1,737","2,900","-1,163",318,278,40,"2,292","1,735",557,"1,501","1,162",338,455,128,327,83,215,-132,41,37,3,195,13,182,136,94,42,109,80,29,28,11,17,          --,          --,          --,"1,079",459,620,387,238,149,          --,          --,          --,          --,          --,          --,"34,501","26,509","7,992","7,271","3,409","3,862","10,488","10,672",-184,315,13,302
,3月,,Mar,"60,568","43,098","17,470","11,710","9,279","2,430","1,292",595,697,636,354,282,359,185,174,299,55,244,"6,234","6,819",-586,823,296,527,636,433,202,288,78,209,178,131,46,510,231,279,323,24,300,"23,230","18,935","4,295","22,720","18,577","4,143",510,358,152,"2,660",985,"1,674",796,165,631,344,69,274,643,38,605,"1,753",372,"1,382","1,555",272,"1,282",128,88,40,"19,830","12,885","6,946","2,788","2,318",470,"6,011","3,310","2,701",839,325,514,"1,704",955,749,835,202,632,"2,342","2,060",282,"1,701","1,225",476,477,139,338,192,128,64,359,306,54,408,1,408,189,130,60,115,110,4,73,11,62,          --,          --,          --,"1,196",513,683,946,389,557,          --,          --,          --,          --,          --,          --,"45,445","32,545","12,900","8,752","8,043",709,"12,688","9,431","3,257",431,19,412
,4月,,Apr,"74,627","58,990","15,637","13,135","8,206","4,930",951,317,634,547,188,358,"1,323",508,815,157,43,114,"6,300","6,125",175,848,349,498,582,166,416,199,60,139,136,41,95,466,113,353,"1,547",246,"1,301","39,357","33,902","5,455","38,666","33,622","5,045",691,280,410,"2,449","1,937",513,247,953,-706,395,266,129,419,104,315,"1,333",396,937,"1,144",325,819,155,62,93,"17,193","13,437","3,756","3,463","1,917","1,546","3,365","5,694","-2,329",374,295,78,"2,138",290,"1,848",70,5,65,"2,476","1,802",674,"1,422","1,294",128,323,25,297,144,222,-77,91,2,89,127,13,127,186,71,115,43,57,-13,30,13,18,          --,          --,          --,973,"1,041",-68,762,875,-114,          --,          --,          --,          --,          --,          --,"58,350","48,767","9,582","8,598","6,903","1,695","12,359","7,700","4,659",186,13,186
,5月,,May,"48,457","30,817","17,640","8,338","5,108","3,230","1,061",926,135,315,249,66,270,51,219,368,62,307,"4,311","3,148","1,164",517,192,325,452,142,309,203,60,143,104,109,-5,387,100,287,259,15,245,"19,643","11,591","8,052","19,301","11,359","7,942",343,233,110,"1,989",471,"1,518",194,126,68,366,52,314,377,71,305,"1,518",445,"1,073","1,387",330,"1,058",137,107,30,"15,821","12,331","3,490","2,412","2,033",378,"3,899","3,293",606,240,304,-63,"1,313",526,787,36,9,28,"2,071","2,203",-132,"1,596","1,128",468,348,149,199,150,158,-8,269,0,268,103,26,103,147,167,-20,77,109,-32,30,14,16,          --,          --,          --,"1,002",704,297,795,644,151,          --,          --,          --,          --,          --,          --,"37,559","24,613","12,946","6,051","3,805","2,246","11,189","8,856","2,333",142,1,141
,6月,,Jun,"58,870","37,464","21,406","10,028","5,649","4,379","1,276",379,897,395,239,156,166,77,89,148,114,33,"4,912","3,563","1,349",573,153,421,789,486,303,292,125,168,175,126,49,801,292,509,395,24,371,"26,178","17,246","8,932","25,666","16,866","8,800",511,379,132,"2,325","1,095","1,230",199,152,47,291,57,234,459,414,45,"1,495",142,"1,353","1,367",37,"1,330",138,77,61,"17,359","12,134","5,225","3,828","2,537","1,291","2,991","2,918",73,783,279,504,"2,028",368,"1,659",448,109,340,"2,015","2,307",-292,"1,989","1,636",353,306,75,231,171,147,24,51,22,29,106,10,96,240,160,80,112,145,-32,124,14,109,          --,          --,          --,"1,246","1,038",208,"1,082",919,163,          --,          --,          --,          --,          --,          --,"45,024","29,816","15,208","7,613","4,811","2,802","13,716","9,094","4,622",204,14,191
,7月,,Jul,"58,857","42,281","16,576","11,070","7,877","3,193","1,310",775,536,503,172,330,198,65,133,152,409,-257,"6,128","5,559",568,777,191,586,482,207,274,365,75,290,166,60,106,623,200,423,273,104,168,"21,856","15,686","6,170","21,137","15,386","5,751",719,300,419,"2,545",785,"1,760",195,136,59,324,38,286,621,25,597,"2,256",385,"1,871","2,074",246,"1,828",160,130,30,"18,854","15,425","3,429","2,728","2,286",442,"3,402","4,914","-1,512",576,599,-23,"1,939",469,"1,470",62,4,58,"2,000","1,488",512,"1,946","1,791",155,291,82,208,87,79,8,122,22,99,96,12,96,"1,341","1,124",217,"1,188",970,218,59,50,9,          --,          --,          --,935,999,-64,872,874,-2,          --,          --,          --,          --,          --,          --,"43,450","32,097","11,353","8,618","6,346","2,272","14,861","10,423","4,438",165,0,165
,8月,,Aug,"57,516","38,128","19,388","11,707","6,771","4,936","1,130",413,717,899,796,103,173,305,-132,140,21,118,"6,450","4,534","1,916",786,190,596,381,112,269,496,157,340,146,17,130,565,118,447,420,39,381,"23,393","14,257","9,136","22,992","13,797","9,195",400,460,-59,"3,893","2,831","1,062",439,162,277,302,66,235,"2,382",15,"2,367","1,299",146,"1,154","1,079",73,"1,006",187,59,128,"16,264","13,221","3,043","2,733","2,325",408,"3,734","3,240",494,270,321,-50,"1,898",868,"1,030",45,8,37,"2,381","2,098",283,"2,306","1,934",372,428,176,251,115,40,75,104,23,81,97,14,97,119,118,1,69,76,-7,54,40,13,          --,          --,          --,842,785,57,578,658,-81,          --,          --,          --,          --,          --,          --,"41,537","27,650","13,888","8,929","5,188","3,741","11,813","9,570","2,243",144,43,102
,9月,,Sep,"66,293","42,377","23,916","14,738","9,389","5,349","1,078",717,361,851,674,177,434,112,322,196,981,-785,"6,650","5,833",817,"2,053",225,"1,829","1,105",348,757,435,134,301,326,92,234,602,177,426,837,22,814,"27,609","16,794","10,816","27,181","16,492","10,689",429,302,127,"3,056",847,"2,209",341,121,220,427,25,402,892,139,753,"1,493",266,"1,227","1,216",79,"1,136",174,161,13,"18,087","13,597","4,490","2,812","2,318",494,"4,003","2,115","1,889",583,474,109,"2,078",560,"1,519",109,65,43,"1,554","1,769",-215,"1,993","1,904",89,352,146,206,163,104,60,171,8,163,95,5,95,192,422,-230,125,145,-20,47,44,3,          --,          --,          --,"1,118","1,062",57,701,677,24,          --,          --,          --,          --,          --,          --,"47,851","32,067","15,785","11,321","6,877","4,444","13,397","11,333","2,063",235,60,175
,10月,,Oct,"64,567","48,157","16,410","16,747","13,660","3,086","1,028",784,244,595,623,-28,347,189,158,404,31,373,"10,502","10,920",-417,"1,815",470,"1,345",635,184,451,325,142,183,194,81,113,392,144,248,388,18,370,"22,849","17,055","5,794","22,464","16,966","5,498",385,89,296,"4,812","1,414","3,398",318,375,-57,522,52,470,373,212,160,"1,685",721,964,"1,428",584,844,263,127,136,"17,493","14,422","3,071","2,751","2,305",447,"4,768","5,385",-617,448,224,224,"2,007",497,"1,510",51,65,-14,"2,773","2,119",654,"1,908","1,808",100,459,266,193,119,12,107,50,1,49,98,25,98,199,130,70,63,91,-28,63,37,26,          --,          --,          --,782,755,27,536,663,-127,          --,          --,          --,          --,          --,          --,"42,789","32,732","10,057","13,964","12,008","1,956","11,978","8,741","3,237",224,22,202
,11月,,Nov,"61,277","38,979","22,298","16,250","10,386","5,864",950,354,596,473,410,63,214,103,112,170,73,97,"10,635","8,350","2,285","1,443",258,"1,185",456,128,328,521,84,437,584,77,508,291,442,-151,382,27,355,"22,169","13,986","8,183","21,907","13,843","8,064",263,143,120,"2,013",680,"1,333",392,252,141,371,35,337,351,33,318,"2,474",220,"2,254","1,448",54,"1,394","1,026",140,886,"17,484","12,923","4,560","3,571","2,598",972,"4,100","3,714",386,552,223,329,"1,203",299,903,155,121,33,"2,485","2,437",49,"1,846","1,653",193,339,75,264,173,75,98,51,24,27,97,43,97,182,264,-81,121,159,-38,47,37,10,          --,          --,          --,705,520,185,479,445,34,          --,          --,          --,          --,          --,          --,"42,818","27,608","15,209","14,015","9,409","4,606","12,656","9,124","3,533",192,1,191
,12月,,Dec,"75,163","43,681","31,482","16,530","11,877","4,653","1,249",612,637,943,292,651,338,266,72,380,35,345,"10,250","9,158","1,093",648,178,470,798,625,173,391,317,74,151,96,55,700,220,479,512,8,504,"25,085","15,187","9,898","24,477","15,083","9,393",609,104,505,"2,801","1,340","1,461",420,201,219,593,351,242,587,29,558,"1,334",308,"1,026","1,155",150,"1,005",183,137,46,"28,426","14,231","14,195","3,511","2,899",611,"4,866","2,852","2,014",884,799,85,"2,163","1,073","1,089",462,348,115,"2,730","2,391",339,"1,939","1,790",149,"2,554",91,"2,463",201,14,188,87,69,19,100,9,91,173,189,-16,104,133,-28,51,55,-4,          --,          --,          --,813,549,264,616,415,201,          --,          --,          --,          --,          --,          --,"55,645","29,731","25,914","13,014","10,662","2,351","20,727","11,039","9,688",154,21,133
令和5年,1月,2023,Jan,"58,989","45,480","13,509","16,922","15,842","1,080","1,051",827,224,362,706,-345,153,150,2,236,58,178,"12,852","13,213",-361,435,177,258,501,113,389,321,196,125,117,13,104,353,291,62,424,11,414,"18,847","15,646","3,201","18,517","15,120","3,396",331,526,-195,"2,834",720,"2,115",217,181,37,353,40,312,985,10,975,"3,519",271,"3,248","3,344",79,"3,265",172,138,33,"16,310","12,549","3,761","2,879","2,743",136,"2,215","2,845",-630,561,365,195,"1,447",510,937,105,144,-38,"2,637","2,176",461,"1,743","1,581",161,427,206,221,93,22,71,113,40,73,85,1,84,56,71,-15,39,56,-17,20,13,7,          --,          --,          --,501,381,120,361,233,128,          --,          --,          --,          --,          --,          --,"39,312","28,687","10,625","14,682","14,073",608,"13,443","9,494","3,950",151,4,147
,2月,,Feb,"66,855","49,554","17,301","13,471","9,513","3,958","1,037",268,769,799,691,109,159,135,24,243,11,232,"8,880","7,744","1,136",519,119,400,544,160,385,247,87,160,164,53,111,408,171,237,335,7,328,"32,969","24,915","8,054","32,540","24,834","7,706",430,81,348,"1,863",481,"1,382",157,120,37,415,85,330,437,32,406,"1,329",219,"1,110","1,179",90,"1,090",134,115,19,"16,373","13,753","2,619","3,031","2,528",503,"2,940","2,335",606,406,322,84,"1,868",794,"1,074",103,105,-3,"2,079","2,176",-97,"1,762","1,707",55,299,90,209,162,353,-191,133,211,-78,84,          --,84,194,142,51,110,129,-19,41,13,28,          --,          --,          --,657,530,127,418,412,6,          --,          --,          --,          --,          --,          --,"51,110","38,932","12,178","10,879","8,397","2,482","12,906","11,318","1,588",185,85,100
,3月,,Mar,"74,585","58,032","16,553","14,328","9,257","5,070","1,129",800,329,505,211,294,533,92,442,171,38,133,"8,090","6,576","1,514",688,205,483,857,310,547,513,216,296,198,100,98,690,275,416,752,311,441,"25,850","28,682","-2,832","24,935","28,237","-3,302",915,445,470,"3,242","2,151","1,091",921,293,628,372,35,337,551,"1,013",-462,"2,097",448,"1,648","1,836",289,"1,547",210,145,65,"27,782","16,922","10,860","3,987","3,089",898,"6,290","2,872","3,418",975,511,464,"2,796",920,"1,875",465,314,151,"2,626","3,121",-494,"2,434","2,303",131,"1,320",144,"1,176",193,11,181,69,20,49,115,17,98,102,130,-28,5,105,-100,52,16,36,          --,          --,          --,"1,185",442,744,397,267,130,          --,          --,          --,          --,          --,          --,"57,131","46,481","10,651","11,176","7,761","3,414","19,905","13,882","6,023",275,48,227
,4月,,Apr,"61,864","46,477","15,387","14,630","11,891","2,738","1,234","1,089",145,651,659,-8,170,87,84,349,129,220,"9,465","9,195",269,835,316,519,349,38,311,388,79,308,159,79,80,373,143,230,524,8,517,"23,085","18,232","4,852","22,568","18,192","4,376",516,40,476,"2,527","1,293","1,234",450,687,-238,370,117,253,337,14,324,"1,131",161,970,961,57,904,132,98,34,"19,437","14,043","5,393","2,924","2,478",446,"4,609","2,872","1,737",984,520,464,"1,818",615,"1,202",683,611,72,"2,525","2,232",292,"2,012","2,002",10,964,449,515,168,20,148,115,5,110,91,3,88,41,56,-15,-56,12,-68,79,44,35,          --,          --,          --,"1,014",801,214,582,308,274,          --,          --,          --,          --,          --,          --,"44,546","33,208","11,338","11,678","9,918","1,760","13,599","10,662","2,937",262,39,223
,5月,,May,"66,463","40,770","25,693","12,616","7,651","4,965",995,530,465,294,201,93,155,52,103,293,49,244,"7,841","6,224","1,617",641,134,507,356,71,285,359,65,293,300,91,208,225,133,92,"1,040",26,"1,014","23,797","13,957","9,841","23,561","13,282","10,279",236,674,-439,"2,364","1,090","1,274",388,338,50,346,71,275,370,436,-66,"1,554",271,"1,282","1,241",84,"1,157",275,157,118,"24,663","17,019","7,644","3,400","2,406",995,"4,569","4,047",522,711,561,150,"1,591",669,922,964,937,26,"2,929","2,727",202,"2,193","2,210",-17,463,162,301,"3,657",6,"3,651",81,2,79,92,          --,92,258,108,150,-65,17,-82,222,36,186,          --,          --,          --,"1,211",673,537,583,553,30,          --,          --,          --,          --,          --,          --,"50,976","31,675","19,301","9,812","6,793","3,019","19,309","12,688","6,621",179,52,127
,6月,,Jun,"73,321","48,175","25,146","14,246","8,589","5,656","1,073",656,417,372,238,135,562,82,481,374,42,331,"8,126","6,536","1,590",453,224,228,605,280,325,423,218,205,310,69,241,539,112,427,"1,298",46,"1,252","27,097","19,777","7,319","26,631","19,705","6,925",466,72,394,"2,371",877,"1,493",389,241,148,358,96,262,507,82,425,"1,271",286,985,"1,107",73,"1,033",129,149,-21,"27,223","18,018","9,205","2,709","2,561",148,"10,368","4,054","6,314",986,420,566,"2,252","1,295",957,245,300,-55,"3,244","3,006",237,"2,661","2,167",494,"1,235",948,287,340,8,331,79,56,23,101,48,52,227,72,155,-28,40,-68,223,32,191,          --,          --,          --,887,555,332,467,351,116,          --,          --,          --,          --,          --,          --,"56,517","38,349","18,169","10,548","7,518","3,030","15,381","12,963","2,418",266,53,212
,7月,,Jul,"77,890","42,954","34,936","14,740","9,036","5,704",718,389,329,797,567,229,145,74,71,267,94,174,"9,232","7,326","1,907",588,112,476,271,69,203,301,42,259,836,35,801,812,224,588,653,32,621,"38,221","17,362","20,859","37,764","17,290","20,474",457,72,385,"2,507","1,206","1,301",436,213,222,445,318,127,500,29,471,"1,313",195,"1,118","1,059",73,986,169,99,70,"20,185","14,616","5,569","3,109","2,679",430,"5,056","2,941","2,115",416,506,-89,"2,008","1,464",544,341,223,118,"3,183","2,829",354,"2,109","1,828",280,504,184,320,142,23,119,116,1,115,91,40,51,65,46,19,-48,28,-76,107,17,89,          --,          --,          --,859,493,367,577,337,240,          --,          --,          --,          --,          --,          --,"60,314","32,489","27,826","12,144","7,879","4,265","14,321","11,448","2,873",159,50,109
,8月,,Aug,"74,128","41,441","32,686","10,779","6,835","3,944",767,311,457,326,260,66,164,70,94,351,144,207,"6,856","5,349","1,507",505,95,410,301,101,201,307,100,208,207,111,96,257,180,77,599,31,567,"35,140","16,706","18,434","33,065","16,452","16,614","2,074",254,"1,820","2,523","2,095",429,350,239,111,"1,019",780,238,484,794,-310,"3,070",318,"2,753","2,806",143,"2,663",221,168,53,"21,235","14,713","6,522","3,297","3,223",74,"5,119","2,485","2,634",586,300,286,"2,769",908,"1,861",340,243,96,"3,817","3,086",730,"2,107","1,943",164,538,418,121,162,28,134,157,15,142,91,1,90,355,85,271,220,45,175,100,40,61,          --,          --,          --,"1,025",691,334,551,563,-12,          --,          --,          --,          --,          --,          --,"60,063","32,112","27,951","8,552","6,015","2,536","15,367","11,805","3,562",157,53,104
,9月,,Sep,"74,874","51,594","23,280","15,084","10,850","4,234",931,562,369,406,359,47,195,108,87,292,636,-344,"8,358","8,173",185,514,82,432,790,373,417,295,87,207,628,151,478,"1,437",203,"1,233","1,074",24,"1,049","29,200","22,839","6,361","28,837","22,486","6,351",363,353,10,"2,839","1,313","1,527","1,258",444,814,249,44,205,400,454,-54,"2,212",532,"1,680","1,980",371,"1,608",228,143,85,"24,587","15,281","9,306","3,940","2,902","1,038","6,424","2,841","3,583","1,086",557,528,"3,623","1,547","2,076",824,714,110,"2,592","2,971",-379,"2,562","2,324",238,422,33,388,221,24,197,186,34,153,100,          --,100,89,60,29,-39,27,-66,106,30,77,          --,          --,          --,863,719,144,595,519,76,          --,          --,          --,          --,          --,          --,"57,730","39,757","17,973","12,158","9,149","3,009","17,540","12,397","5,143",170,80,90
,10月,,Oct,"78,697","61,052","17,645","19,964","13,702","6,262","1,101",498,603,348,239,109,274,201,72,217,16,202,"13,523","11,918","1,605",657,356,301,304,34,270,204,101,103,121,40,81,"2,473",170,"2,304",626,24,602,"25,123","22,515","2,608","24,678","22,215","2,463",446,301,145,"3,514",884,"2,631",404,360,44,246,153,93,409,10,398,"1,403",186,"1,218","1,182",65,"1,117",216,95,121,"27,506","23,032","4,474","3,318","2,435",883,"6,470","5,229","1,241",571,450,120,"4,163","5,402","-1,239","1,430","1,285",145,"3,040","3,192",-152,"1,991","1,751",239,"1,346",817,529,176,35,141,82,246,-164,102,          --,102,128,104,24,-45,72,-116,147,32,115,          --,          --,          --,"1,058",630,429,683,521,162,          --,          --,          --,          --,          --,          --,"54,738","46,202","8,536","17,380","12,715","4,665","19,346","16,954","2,392",213,3,210
,11月,,Nov,"75,490","52,008","23,482","15,569","9,940","5,629","1,086",992,94,316,215,101,164,58,105,254,62,193,"7,903","5,628","2,276",567,165,402,395,65,330,391,109,282,361,158,204,446,162,284,"3,550","2,238","1,311","24,979","18,974","6,005","24,668","18,912","5,756",311,63,248,"5,979","2,259","3,720","2,389","1,899",490,317,19,298,766,80,686,"2,806",461,"2,346","2,386",197,"2,189",304,253,51,"25,081","19,535","5,546","2,766","2,988",-222,"5,250","3,800","1,450",527,359,167,"4,603","2,746","1,858","1,336","1,316",20,"3,679","3,515",164,"1,882","1,774",108,409,103,306,116,21,95,74,8,67,100,          --,100,234,137,97,20,21,-1,155,94,61,          --,          --,          --,841,701,140,573,573,0,          --,          --,          --,          --,          --,          --,"55,423","40,956","14,467","10,179","6,371","3,808","19,216","15,611","3,605",154,41,114
,12月,,Dec,"94,951","62,035","32,917","17,295","13,778","3,517","1,596",960,636,524,485,39,216,76,140,306,"1,230",-925,"10,327","9,639",688,582,180,403,604,314,290,392,135,257,420,43,377,"1,686",477,"1,209",516,152,364,"44,621","28,267","16,354","42,347","28,143","14,204","2,274",125,"2,150","3,513","1,908","1,605","1,138","1,089",49,284,57,227,764,162,603,"5,099","1,175","3,924","4,753",909,"3,844",164,64,99,"23,057","15,526","7,531","4,999","2,569","2,430","4,199","2,103","2,095","1,080",675,405,"2,617","1,308","1,309","1,305","1,418",-113,"3,568","2,647",921,"2,053","2,105",-52,445,327,119,194,113,82,165,0,165,100,          --,100,166,182,-16,34,142,-108,119,37,82,          --,          --,          --,"1,200","1,198",2,389,317,73,          --,          --,          --,          --,          --,          --,"74,326","47,160","27,166","14,104","10,874","3,230","18,161","12,998","5,162",168,6,162
令和6年,1月,2024,Jan,"64,150","46,441","17,709","13,841","10,195","3,646","1,114",736,378,463,728,-265,160,66,94,671,21,650,"8,587","7,955",632,446,116,331,274,94,180,485,154,331,351,133,218,562,89,473,604,18,586,"24,067","17,728","6,339","23,655","17,667","5,988",412,61,351,"3,479","2,471","1,008","1,157","1,349",-192,283,26,257,638,299,339,"1,746",675,1072,"1,501",455,1046,219,187,32,"19,882","14,366","5,516","3,269","2,462",806,"3,824","2,247","1,577",369,493,-124,"2,922","1,126","1,796",732,779,-47,"3,320","3,209",111,"2,548","2,198",351,512,206,306,316,32,283,82,1,81,101,          --,101,399,48,351,264,26,238,128,22,106,          --,          --,          --,736,958,-222,357,408,-51,          --,          --,          --,          --,          --,          --,"47,510","34,101","13,409","10,808","8,625","2,183","15,307","11,909","3,397",183,20,163
,2月,,Feb,"65,674","51,449","14,225","11,781","6,625","5,155",843,459,384,363,688,-326,192,129,63,249,55,195,"7,641","4,553","3,088",653,68,586,368,62,306,515,203,312,145,30,115,165,174,-9,431,123,308,"29,776","18,840","10,935","29,459","18,801","10,658",316,39,277,"2,868","2,349",519,1000,"1,055",-56,383,119,264,540,502,38,"1,803",206,"1,596","1,756",152,"1,604",35,41,-6,"18,404","22,579","-4,175","2,968","1,872",1096,"3,953","2,449","1,504",350,222,128,"2,207",632,"1,574",734,844,-110,"3,023","3,432",-410,"2,144","1,834",310,420,105,314,158,6,151,193,80,113,101,          --,101,254,106,147,66,17,49,98,20,78,          --,          --,          --,789,742,47,444,414,30,          --,          --,          --,          --,          --,          --,"51,247","42,734","8,513","9,609","5,170","4,439","13,794","20,014","-6,221",226,76,150
,3月,,Mar,"86,425","56,041","30,384","20,567","10,500","10,067","1,234",482,752,537,291,247,277,153,124,347,535,-188,"12,730","6,393","6,337",732,341,391,"1,734",834,900,238,121,117,322,142,181,488,380,109,"1,690",702,988,"33,961","22,307","11,655","33,624","22,195","11,429",337,112,226,"2,721","2,233",488,540,"1,079",-539,290,115,175,779,161,617,"2,436","1,031","1,405","2,337",949,"1,388",90,70,20,"25,449","18,192","7,257","3,495","2,962",533,"5,764","4,146","1,618","1,004",803,201,"2,580",934,"1,646","1,860","1,768",91,"3,290","3,163",127,"2,105","1,860",245,482,85,397,220,50,170,82,52,30,101,          --,101,236,146,89,-28,50,-78,213,41,172,          --,          --,          --,"1,054","1,632",-577,602,"1,066",-464,          --,          --,          --,          --,          --,          --,"62,835","42,565","20,270","16,410","8,291","8,119","18,980","13,150","5,830",272,73,200
,4月,,Apr,"100,184","79,685","20,499","14,302","13,526",777,961,734,226,517,233,285,184,67,118,351,106,245,"9,113","11,514","-2,402",568,350,219,361,57,304,440,192,248,96,24,72,477,159,318,"1,064",3,"1,060","56,579","47,037","9,542","56,002","47,009","8,993",577,28,549,"2,615","1,737",878,506,475,31,577,627,-50,934,247,687,"1,653",452,"1,202","1,316",417,900,245,28,217,"24,461","16,516","7,946","3,025","2,472",554,"4,600","2,963","1,637","1,080",534,546,"3,448","1,137","2,311","1,142","1,030",111,"3,009","3,946",-937,"2,366","2,200",166,986,77,909,217,35,183,77,2,75,50,4,45,25,58,-33,32,28,5,1,31,-29,          --,          --,          --,548,359,189,235,174,61,          --,          --,          --,          --,          --,          --,"83,525","64,635","18,890","11,179","12,378",-1199,"18,713","13,464","5,249",180,9,172
,5月,,May,"83,374","46,275","37,099","11,966","6,528","5,438",987,661,326,354,307,47,157,77,80,314,18,296,"7,007","3,910","3,097",550,82,468,692,"1,007",-315,276,68,207,336,127,209,445,153,292,638,13,625,"35,902","18,063","17,839","35,459","18,051","17,408",444,13,431,"3,999","1,910","2,089",494,639,-145,284,75,209,"1,600",438,"1,162","2,038",359,"1,679","1,882",277,"1,606",79,70,9,"28,821","18,983","9,838","2,877","2,360",517,"7,036","4,167","2,869","1,222",878,343,"4,206","1,873","2,333",367,292,75,"4,244","3,204",1040,"2,669","2,276",393,"1,221",363,858,132,14,118,77,7,69,50,          --,50,-25,103,-128,25,55,-31,-44,47,-91,          --,          --,          --,673,328,345,440,182,258,          --,          --,          --,          --,          --,          --,"68,309","38,141","30,168","9,472","5,451","4,022","20,331","14,441","5,890",84,18,66
,6月,,Jun,"82,040","54,078","27,962","13,445","7,366","6,079",663,729,-66,727,366,361,178,92,87,224,62,162,"7,885","4,953","2,931",775,285,490,689,399,289,368,98,270,96,44,52,975,223,752,666,14,653,"33,344","21,871","11,472","32,919","21,827","11,092",425,44,381,"3,630","1,228","2,402",517,410,108,374,41,333,711,259,451,"1,471",551,920,"1,413",511,902,37,32,5,"28,753","21,948","6,805","2,899","2,400",499,"3,865","2,854","1,010","1,378","1,010",368,"3,338",846,"2,492",381,305,76,"2,741","3,344",-603,"2,441","2,673",-232,"6,848",4868,"1,980",225,26,199,70,91,-20,50,          --,50,45,100,-55,45,42,3,-32,57,-88,          --,          --,          --,"1,352","1,014",339,964,815,149,          --,          --,          --,          --,          --,          --,"64,340","44,965","19,375","10,947","6,102","4,845","17,715","14,212","3,503",117,7,111
,7月,,Jul,"80,325","46,389","33,936","11,607","8,394","3,212",427,299,128,432,304,129,187,47,140,534,35,499,"6,973","7,021",-48,602,135,467,361,65,295,297,81,217,250,181,69,470,122,348,907,12,895,"26,202","18,745","7,457","25,577","18,702","6,875",625,43,582,"4,096","2,401","1,695","1,106",386,720,546,65,481,1090,505,585,"10,745",242,"10,504","10,672",202,"10,469",58,31,27,"26,104","15,202","10,902","2,686","2,245",441,"4,119","2,752","1,368","1,281",996,285,"2,013",695,1318,753,441,312,"2,819","3,334",-515,"2,559","2,027",532,"1,251",319,932,147,27,119,238,52,186,50,          --,50,82,141,-59,75,104,-30,8,37,-29,          --,          --,          --,"1,489","1,264",224,"1,091",984,107,          --,          --,          --,          --,          --,          --,"64,700","35,201","29,500","9,085","7,696","1,389","20,557","12,124","8,433",184,67,117
,8月,,Aug,"56,885","35,525","21,360","10,190","4,850","5,340",503,256,247,708,203,505,241,75,166,273,18,256,"5,557","3,815","1,742",377,58,319,493,120,373,428,45,383,84,10,74,641,101,540,734,49,685,"21,456","15,036","6,420","21,065","14,989","6,076",392,48,344,"2,731","1,167","1,564",449,430,19,259,20,239,"1,205",229,975,"1,286",607,679,"1,208",571,637,68,21,47,"20,042","12,864","7,179","2,264","1,752",512,"2,571","2,034",537,410,231,179,"4,269","2,326","1,943",392,346,46,"4,182","1,859","2,322","2,260","1,908",352,"1,082",200,882,145,14,130,70,2,67,50,229,-180,11,87,-76,43,52,-9,-38,35,-73,          --,          --,          --,"1,169",914,255,645,551,94,          --,          --,          --,          --,          --,          --,"43,495","28,745","14,750","7,697","4,245","3,453","16,233","10,396","5,836",127,230,-103
,9月,,Sep,"72,431","46,140","26,291","16,228","8,777","7,450",2046,1728,318,"2,861",359,"2,502",191,268,-77,290,236,54,"7,850","4,778","3,072",667,257,409,607,293,314,217,188,29,192,146,46,588,329,259,547,106,441,"27,207","19,916","7,291","26,737","19,893","6,844",470,23,447,"2,532","1,242","1,290",456,362,94,328,122,206,868,276,592,"1,562",433,"1,129","1,378",364,"1,013",159,62,97,"23,415","14,416","9,000","3,299","1,803",1496,"4,808","3,261","1,547","2,217","1,813",405,"2,527",925,"1,601",201,189,11,"2,607","3,001",-394,"1,756","1,658",98,971,61,910,"1,889",21,"1,868",77,2,75,50,19,31,-39,104,-143,7,41,-34,-39,39,-77,          --,          --,          --,"1,525","1,252",273,"1,229","1,039",190,          --,          --,          --,          --,          --,          --,"52,990","35,493","17,498","10,258","6,072","4,185","17,444","11,030","6,414",92,54,38
,10月,,Oct,"67,336","52,792","14,544","14,701","11,248","3,453",658,453,205,495,216,279,246,114,132,"1,166",91,"1,075","9,146","9,522",-376,662,303,359,328,47,282,735,272,463,70,10,60,482,89,393,538,42,495,"24,022","20,242","3,780","23,586","20,173","3,413",436,69,367,"2,902","1,585","1,317",696,836,-140,267,6,262,"1,193",383,810,"1,626",456,"1,169","1,385",109,"1,276",212,155,57,"21,812","17,721","4,091","3,074","2,369",705,"4,280","4,888",-607,"1,823","1,647",176,"3,326",616,"2,709",258,235,23,"3,813","3,745",68,"1,947","1,906",41,"1,228",312,916,184,26,158,172,113,59,90,          --,90,326,80,246,48,39,9,278,41,238,          --,          --,          --,"1,947","1,459",488,"1,703","1,253",450,          --,          --,          --,          --,          --,          --,"49,301","39,214","10,087","11,562","10,324","1,238","16,091","12,493","3,598",179,8,172
,11月,,Nov,"76,304","48,214","28,090","16,026","9,849","6,177",800,287,513,457,247,210,219,92,128,420,223,197,"10,734","8,380","2,354",910,126,784,856,271,586,294,39,254,96,2,94,473,70,403,611,19,592,"27,700","16,578","11,122","27,302","16,559","10,743",398,18,379,"4,295","1,396","2,899",455,415,40,"1,455",60,"1,395",1188,449,739,"1,615",850,765,"1,439",633,806,154,201,-47,"25,289","18,176","7,113","4,855","2,406","2,450","2,035","2,940",-905,647,165,482,"2,778","1,166","1,613","1,174","1,114",60,"3,620","3,020",599,"3,347","5,515","-2,169","1,177",264,913,146,12,133,72,4,69,50,10,39,77,93,-16,44,45,-1,19,46,-27,          --,          --,          --,"1,302","1,273",29,"1,036","1,058",-22,          --,          --,          --,          --,          --,          --,"55,464","36,263","19,201","13,489","8,977","4,512","21,825","14,959","6,866",172,48,124
,12月,,Dec,"101,764","59,465","42,299","15,903","11,365","4,538",604,498,106,666,385,281,489,166,323,503,129,374,"8,331","8,197",134,"1,079",336,744,565,271,293,1591,905,687,199,224,-25,550,110,440,"1,159",42,"1,117","39,526","21,065","18,461","38,820","20,383","18,437",706,683,24,"5,420","1,815","3,605",542,431,111,314,38,275,"3,130",636,"2,494","4,198","3,108","1,090","4,025","3,004","1,021",155,96,58,"35,121","20,721","14,400","5,405","3,310","2,095","4,993","2,417","2,576","1,230",422,808,"11,445","1,187","10,258","1,070","1,031",39,"3,353","3,773",-420,"2,087","2,284",-197,"2,221",687,"1,534",208,54,154,74,8,66,50,          --,50,236,161,75,147,102,45,84,52,32,          --,          --,          --,"1,360","1,231",129,"1,056","1,009",47,          --,          --,          --,          --,          --,          --,"80,281","45,587","34,694","12,428","10,125","2,304","27,611","17,558","10,053",231,18,213
令和7年,1月,2025,Jan,"64,267","51,373","12,894","13,394","7,864","5,531",491,820,-329,645,333,312,238,77,161,305,10,295,"8,026","5,281","2,745",448,103,344,374,27,346,"1,058",982,75,76,4,72,380,68,312,"1,171",21,"1,150","25,513","23,730","1,783","24,904","23,707",1196,609,22,587,"3,090","2,011","1,079",777,573,204,419,50,369,853,414,440,"1,445",191,"1,254","1,262",22,"1,241",137,142,-5,"19,603","16,167","3,436","3,734","3,827",-93,"3,722","3,568",154,"1,081",328,753,"2,083",646,"1,437",381,334,47,"3,151","3,478",-328,"2,171","1,900",271,"1,321",164,"1,157",126,42,84,76,1,75,90,          --,90,14,87,-73,27,33,-6,-9,52,-60,          --,          --,          --,"1,208","1,323",-115,979,"1,020",-41,          --,          --,          --,          --,          --,          --,"47,590","40,769","6,821","10,515","6,588","3,927","14,337","12,414","1,923",192,12,180
,2月,,Feb,"65,222","49,866","15,355","9,942","6,862","3,080",432,390,42,615,398,217,299,15,283,440,24,417,"4,522","4,529",-7,517,204,313,337,333,4,962,747,214,162,15,148,742,105,638,762,11,751,"31,084","19,939","11,145","30,714","19,919","10,794",370,19,351,"3,570","2,091","1,479",749,583,166,351,213,137,"1,546",545,1001,"1,233",182,"1,051","1,111",51,"1,060",114,121,-7,"18,219","19,649","-1,430","3,765","3,543",221,"2,666","2,400",266,598,917,-319,"2,336",909,"1,427",651,663,-12,"2,548","2,530",18,"2,176","2,079",97,"1,105",56,"1,049",166,41,125,79,57,22,50,          --,50,167,88,79,78,45,33,-9,43,-52,          --,          --,          --,"1,006","1,055",-49,815,851,-36,          --,          --,          --,          --,          --,          --,"51,768","40,402","11,366","7,364","6,009","1,355","14,275","17,117","-2,841",117,9,108
,3月,,Mar,"104,805","67,860","36,945","18,732","12,517","6,214","2,163",467,"1,696",821,463,358,685,164,521,465,30,435,"8,629","8,297",333,"1,347",427,920,735,500,236,"1,180","1,136",44,215,127,88,1014,703,311,"1,261",39,"1,222","53,061","31,276","21,785","52,665","31,234","21,431",396,42,354,"3,924","2,111","1,812",572,716,-144,357,84,274,"2,055",709,"1,346","1,971","1,230",741,"1,809","1,139",670,135,73,62,"25,749","19,157","6,592","4,274","2,773","1,501","6,726","4,139","2,587",411,"1,003",-592,"4,169","1,280","2,889",179,162,17,"2,280","3,457","-1,178","2,928","1,777","1,151","1,743","1,921",-178,595,491,105,333,8,325,50,          --,50,105,173,-69,129,126,2,-20,47,-68,          --,          --,          --,"1,264","1,395",-131,977,"1,193",-217,          --,          --,          --,          --,          --,          --,"81,842","52,497","29,344","13,256","11,270","1,986","16,850","12,872","3,977",152,20,132
,4月,,Apr,"104,431","86,922","17,509","13,462","11,116","2,346",711,497,214,755,"1,823","-1,069",154,35,119,668,168,499,"7,627","6,882",745,761,401,359,390,81,309,"1,105",848,257,49,39,11,473,213,260,619,47,571,"56,318","55,625",693,"55,725","55,587",137,593,38,556,"3,341","1,519","1,822",636,314,322,803,333,471,"1,024",309,715,"1,530",207,"1,323","1,318",128,"1,190",167,65,102,"29,039","17,547","11,492","4,442","3,790",651,"4,334","4,059",275,"2,195",254,"1,941","4,863","2,408","2,455",611,539,72,"1,556","1,975",-418,"2,184","1,909",276,"4,150",364,"3,786",520,290,230,82,8,75,50,          --,50,30,62,-33,0,19,-19,-3,43,-46,          --,          --,          --,713,847,-135,422,431,-9,          --,          --,          --,          --,          --,          --,"88,429","73,999","14,429","10,509","8,540","1,970","20,296","13,113","7,183",182,7,175
,5月,,May,"64,946","42,633","22,313","13,133","6,125","7,008",462,398,63,334,332,2,307,582,-274,267,4,263,"7,235","3,263","3,972",424,316,108,270,30,240,994,687,307,62,273,-211,"1,930",126,"1,803",694,31,663,"23,210","19,001","4,209","22,797","18,972","3,824",413,29,384,"3,243","1,192","2,051",545,312,233,439,28,411,"1,352",297,"1,055",933,303,630,725,88,637,199,207,-8,"23,743","15,333","8,410","4,245","2,653","1,592","3,531","3,554",-23,751,293,458,"3,211","1,299","1,912",353,278,75,"1,633","1,303",330,"2,399","2,135",264,"1,261",171,"1,090",202,24,178,74,14,60,50,          --,50,112,95,17,126,17,109,-7,71,-78,          --,          --,          --,573,585,-12,246,360,-114,          --,          --,          --,          --,          --,          --,"48,915","35,029","13,886","11,024","4,775","6,248","18,792","11,604","7,187",81,7,74
,6月,,Jun,"93,112","44,783","48,329","13,288","7,023","6,265",669,422,247,447,250,197,292,91,201,382,13,369,"6,264","4,544","1,720","1,487",188,"1,299",512,252,260,"1,517",676,842,237,299,-62,399,190,209,849,18,831,"50,023","17,753","32,271","49,490","17,640","31,850",533,112,421,"2,704","2,643",61,389,326,63,327,17,309,845,"1,396",-551,"1,692",522,"1,170","1,550",393,"1,157",123,105,19,"24,094","15,673","8,421","3,804","2,959",845,"4,668","3,387","1,280","1,426","1,073",354,"6,235",937,"5,299",230,252,-22,736,"1,450",-714,"2,386","2,253",133,"1,634",156,"1,478",237,23,214,117,6,111,90,          --,90,3,97,-94,5,22,-16,-14,65,-79,          --,          --,          --,"1,308","1,072",235,866,688,178,          --,          --,          --,          --,          --,          --,"76,722","34,386","42,336","10,524","6,227","4,297","17,590","12,107","5,484",170,37,134
,7月,,Jul,"67,944","54,263","13,682","11,640","7,465","4,175",705,257,448,458,190,268,171,127,43,439,72,366,"5,884","5,627",257,395,198,198,355,23,332,"1,049",655,394,754,14,740,466,149,316,727,47,680,"28,157","23,972","4,186","27,295","23,940","3,355",863,32,831,"3,583","1,562","2,021",505,312,192,696,125,571,"1,138",401,737,"1,002","1,340",-338,770,"1,117",-348,145,188,-43,"22,994","17,037","5,957","3,761","3,107",653,"4,312","6,252","-1,940","1,029",186,843,"3,473","1,257","2,216",300,273,27,"1,013",648,365,"3,486","2,420","1,066","1,843",72,"1,771",151,35,116,71,3,67,50,          --,50,-5,98,-102,0,20,-20,3,78,-75,          --,          --,          --,572,"2,789","-2,217",357,313,44,          --,          --,          --,          --,          --,          --,"53,257","42,738","10,519","9,108","6,743","2,365","16,636","10,709","5,927",537,246,291
,8月,,Aug,"66,095","40,721","25,374","10,811","6,675","4,136",527,455,72,508,192,316,492,130,362,317,21,296,"5,740","3,957","1,783",389,86,303,515,372,142,755,619,136,235,70,165,517,126,391,598,505,93,"29,258","16,444","12,814","28,684","16,415","12,268",574,29,546,"3,535","1,758","1,777",413,475,-62,294,28,266,"2,081",895,"1,186","1,807","1,595",211,"1,553","1,475",79,203,113,89,"19,851","13,565","6,286","2,682","2,243",439,"3,890","3,150",740,688,217,471,"2,627",952,"1,676",402,415,-13,"2,444",583,"1,861","2,222","2,319",-97,"1,297",176,"1,121",140,34,105,74,13,61,77,13,64,51,84,-32,9,16,-7,38,67,-29,          --,          --,          --,781,600,181,473,267,205,          --,          --,          --,          --,          --,          --,"51,592","32,113","19,479","8,275","5,309","2,966","14,479","10,194","4,284",146,17,129
,9月,,Sep,"77,048","53,443","23,605","11,549","5,668","5,882",446,665,-219,676,414,262,253,242,11,288,69,219,"3,650","2,843",807,580,171,409,408,130,278,914,651,262,233,167,67,486,200,286,"3,456",26,"3,431","32,975","22,532","10,443","32,529","22,398","10,131",445,133,312,"3,637","2,390","1,246",391,463,-72,330,23,307,"1,950","1,168",782,"1,754",980,774,"1,548",794,754,133,127,6,"25,849","20,514","5,335","4,615","3,507","1,108","6,561","3,500","3,061","2,502","2,428",74,"4,375","1,124","3,251",718,725,-7,"1,368","2,345",-977,"2,026","2,248",-222,"1,465","2,401",-936,293,97,196,70,2,68,50,          --,50,-24,194,-218,0,21,-20,-29,173,-202,          --,          --,          --,"1,309","1,165",144,"1,047",903,143,          --,          --,          --,          --,          --,          --,"61,176","44,610","16,566","6,402","4,241","2,161","17,607","14,598","3,010",138,12,126
,10月,,Oct,"97,740","58,891","38,849","16,372","9,987","6,385",441,355,86,429,175,254,421,219,202,330,48,281,"10,630","7,674","2,957",573,241,333,340,50,290,"1,671",819,853,120,42,78,576,252,324,689,26,664,"28,187","24,176","4,011","27,471","24,098","3,373",715,78,638,"20,861","1,861","19,000",405,354,51,354,4,351,"1,194","1,020",174,"8,263","4,210","4,053","7,611","3,612","4,000",236,230,7,"22,772","17,864","4,909","1,978","1,355",623,"6,677","5,343","1,333","2,874","2,122",753,"2,414","1,604",810,100,61,39,"1,455","1,348",106,"2,183","2,851",-668,"1,354",234,"1,120",273,239,33,152,5,147,51,          --,51,511,90,422,-1,13,-15,4,59,-56,          --,          --,          --,773,703,71,450,399,52,          --,          --,          --,          --,          --,          --,"59,794","46,330","13,464","14,033","9,163","4,869","14,453","12,226","2,227",356,20,335
,11月,,Nov,"118,174","87,657","30,517","8,537","4,386","4,151",516,536,-20,375,247,128,193,77,117,800,109,691,"3,371","2,495",876,359,173,186,315,25,290,952,427,525,186,18,168,489,149,340,735,31,704,"37,365","64,376","-27,012","36,892","64,303","-27,411",473,74,399,"2,439","1,189","1,249",528,463,65,454,1,453,873,436,437,"1,348",684,663,897,478,420,358,177,181,"67,314","16,115","51,199","2,123","1,352",771,"4,958","3,690","1,268","1,454","2,554","-1,100","2,566","1,494","1,072",612,572,40,"1,456",558,898,"1,859","2,128",-269,"48,439",74,"48,364",147,15,132,144,10,134,50,          --,50,413,92,322,0,27,-28,395,65,330,          --,          --,          --,758,815,-57,543,441,102,          --,          --,          --,          --,          --,          --,"107,167","81,727","25,441","5,878","3,381","2,497","13,656","12,343","1,313",115,19,96
,12月,,Dec,"87,918","47,054","40,864","15,205","10,183","5,022",636,446,190,"1,781",770,1011,294,102,193,1093,231,863,"6,872","7,004",-132,814,319,494,624,65,559,"1,008",796,211,618,163,454,627,156,471,679,34,645,"37,850","18,726","19,124","37,412","18,668","18,744",438,58,380,"2,811","1,683","1,128",328,286,42,501,113,388,770,559,211,"4,250",838,"3,412","3,978",713,"3,266",173,81,92,"26,982","14,554","12,428","2,498","1,660",838,"6,754","2,211","4,543","1,360",294,"1,067","5,936",640,"5,296",564,385,178,"2,575","2,051",524,"2,314","2,714",-400,"1,390",225,"1,165",167,61,106,65,40,26,70,          --,70,133,167,-35,124,43,81,-32,121,-153,          --,          --,          --,687,903,-216,392,440,-48,          --,          --,          --,          --,          --,          --,"70,720","34,693","36,026","10,683","8,597","2,086","18,564","12,110","6,454",142,43,99
令和8年,1月,2026,Jan,"73,606","54,223","19,383","14,295","10,529","3,766",934,192,742,340,269,71,309,156,153,448,15,433,"9,266","8,906",360,432,114,318,310,33,277,797,522,276,101,60,41,591,120,470,614,35,579,"32,741","17,960","14,782","32,262","17,763","14,499",479,197,283,"3,290","1,947","1,343",333,421,-88,633,218,415,954,451,503,"1,283","1,346",-63,1120,"1,304",-184,152,24,128,"21,471","21,526",-55,"4,485","3,630",855,"3,235","4,731","-1,496",722,323,399,"4,027","1,755","2,272",272,216,56,"2,613","2,594",20,"2,328","2,537",-210,"1,672","1,885",-213,229,"1,973","-1,743",68,7,61,80,          --,80,84,115,-31,-3,11,-14,89,103,-14,          --,          --,          --,442,801,-359,273,396,-123,          --,          --,          --,          --,          --,          --,"56,509","41,524","14,985","11,620","9,848","1,772","16,372","14,906",1466,145,66,79
,2月,,Feb,"63,734","42,753","20,981","11,183","4,731","6,452",354,165,190,561,239,321,212,92,120,330,26,303,"6,378","2,768","3,610",644,327,318,328,69,259,716,467,249,93,26,67,407,436,-29,"1,002",32,970,"27,686","16,688","10,998","27,262","16,611","10,650",425,77,348,"2,840","1,961",879,460,357,103,553,816,-263,"1,026",498,529,976,596,380,879,455,424,63,132,-69,"20,721","18,123","2,598","3,393","2,590",803,"2,818","2,361",457,455,926,-471,"2,871","2,593",278,"1,015","1,004",10,"1,987","1,891",96,"2,276","2,108",169,"1,247",85,"1,161",148,86,62,184,2,182,50,          --,50,32,225,-194,5,20,-15,29,89,-59,          --,          --,          --,295,427,-132,92,188,-96,          --,          --,          --,          --,          --,          --,"50,160","35,873","14,287","8,688","4,176","4,512","16,488","15,664",824,122,"1,143","-1,021"
,3月,,Mar,"108,597","74,799","33,799","14,576","12,444","2,133",621,309,313,458,526,-68,221,235,-14,306,32,274,"7,047","8,745","-1,698",1012,635,378,422,210,212,"1,027",788,239,341,256,85,816,462,354,"2,050",72,"1,978","47,570","27,889","19,681","46,886","27,413","19,473",684,477,208,"3,815","1,947","1,868",501,366,135,856,545,311,"1,497",358,"1,139","2,320",566,"1,755","2,048",388,"1,661",215,166,49,"38,848","30,221","8,628","4,527","3,246","1,281","12,417","4,559","7,858","1,493","2,147",-654,"8,119","4,629","3,491","1,748","1,601",148,"1,700","2,496",-797,"2,839","2,610",230,"1,788","4,708","-2,920",166,51,115,282,198,84,50,          --,50,120,78,42,-5,16,-21,101,60,41,          --,          --,          --,"1,348","1,655",-307,"1,003",740,263,          --,          --,          --,          --,          --,          --,"89,722","59,173","30,549","10,805","11,188",-383,"24,412","20,762","3,649",83,30,53
,4月(P),,Apr(P),"111,516","83,504","28,011","18,955","10,728","8,227",514,431,83,446,383,63,208,625,-417,340,45,295,"7,362","7,815",-454,720,322,399,290,155,135,852,694,158,88,8,80,490,154,336,"7,467",6,"7,461","55,465","49,157","6,308","55,038","49,085","5,954",426,72,354,"2,646","2,235",411,310,240,70,682,389,294,740,"1,033",-293,"1,315",608,707,"1,181",478,703,128,113,15,"32,503","20,248","12,255","4,021","3,488",533,"5,400","4,345","1,055","1,630",207,"1,423","4,048","2,143","1,905","2,518","2,400",118,709,"1,016",-308,"2,953","2,945",7,"1,606",50,"1,556",140,16,124,72,          --,72,51,          --,51,316,165,151,140,38,102,108,127,-19,          --,          --,          --,317,363,-46,125,193,-69,          --,          --,          --,          --,          --,          --,"89,665","70,616","19,048","9,924","9,236",687,"24,899","15,842","9,056",450,22,428
,5月(P),,May(P),"83,724","50,872","32,852","6,312","3,620","2,692",595,259,336,270,110,160,160,76,85,353,68,285,"1,543","1,677",-134,543,492,51,301,16,285,928,652,277,189,27,162,679,123,556,559,36,523,"41,594","23,812","17,782","41,193","23,555","17,637",402,257,145,"4,578","1,498","3,080",283,234,48,518,211,307,"2,610",458,"2,153","1,685",681,"1,004","1,543",649,894,44,20,24,"28,847","20,850","7,997","3,186","3,009",177,"5,334","3,960","1,374",891,568,323,"5,318","2,220","3,098","1,941","1,896",44,470,344,126,"3,540","2,772",767,"1,141",213,928,172,23,149,66,5,61,50,          --,50,102,88,14,74,78,-4,28,          --,28,          --,          --,          --,606,323,283,346,79,267,          --,          --,          --,          --,          --,          --,"72,676","45,682","26,994","4,316","3,070","1,246","22,196","16,673","5,523",80,29,51
