Date,GPRD,GPRD_ACT,GPRD_THREAT,GPRD_MA30,GPRD_MA7
2018-01-01,96.5763168334961,57.76742935180664,112.42872619628906,86.27232360839844,100.22586822509766
2018-01-02,188.69056701660156,94.05487823486328,278.9371032714844,91.40699768066406,113.18848419189452
2018-01-03,138.02365112304688,147.4272918701172,172.156494140625,93.86074829101562,116.39833068847656
2018-01-04,146.35792541503906,77.81729125976562,194.721923828125,94.29808807373048,118.95222473144533
2018-01-05,66.51741790771484,88.41690063476562,58.998741149902344,92.88129425048828,111.08869171142578
2018-01-06,78.94584655761719,50.36981964111328,94.53015899658205,93.3590087890625,108.9677963256836
2018-01-07,30.460391998291016,45.549949645996094,12.664384841918944,91.40464782714844,106.5102996826172
2018-01-08,82.1722183227539,92.15919494628906,68.32877349853516,92.29692840576172,104.45257568359376
2018-01-09,77.14198303222656,63.33314514160156,90.55902862548828,91.65704345703124,88.51705932617188
2018-01-10,71.72000122070312,44.68702697753906,82.00146484375,89.29119873046875,79.04511260986328
2018-01-11,95.51309204101562,60.59396743774414,108.30290222167967,89.21902465820312,71.78156280517578
2018-01-12,167.51290893554688,116.89810180664062,222.86756896972656,92.12744140625,86.20948791503906
2018-01-13,83.7867202758789,29.83172035217285,124.41300201416016,91.45088958740234,86.90104675292969
2018-01-14,63.24711990356445,0.0,105.18392181396484,90.52639770507812,91.5848617553711
2018-01-15,58.96156311035156,53.436431884765625,62.39976119995117,91.24761962890624,88.26905822753906
2018-01-16,58.74949645996094,45.05281448364258,60.12559509277344,91.42976379394533,85.64155578613281
2018-01-17,128.2569580078125,79.36273193359375,154.45814514160156,93.45860290527344,93.71826171875
2018-01-18,82.81419372558594,137.5988006591797,91.8167953491211,93.5978546142578,91.90413665771484
2018-01-19,102.11367797851562,105.87133026123048,88.30714416503906,93.89998626708984,82.56138610839844
2018-01-20,68.94937133789062,29.885713577270508,99.7105484008789,93.060546875,80.4417724609375
2018-01-21,71.32322692871094,79.00409698486328,52.7177734375,93.10519409179688,81.59549713134766
2018-01-22,129.9990234375,153.59866333007812,96.08734893798828,95.19933319091795,91.74370574951172
2018-01-23,129.00125122070312,110.23213958740234,153.24081420898438,96.51507568359376,101.77967071533205
2018-01-24,136.3526611328125,143.92901611328125,153.3985137939453,98.60641479492188,102.93620300292967
2018-01-25,82.48857879638672,34.625125885009766,108.30290222167967,98.09095764160156,102.88968658447266
2018-01-26,65.83985137939453,57.43254089355469,88.96533966064453,96.4337921142578,97.70771026611328
2018-01-27,43.26114654541016,24.644561767578125,56.528995513916016,93.5931396484375,94.0379638671875
2018-01-28,32.47615432739258,43.168251037597656,54.00988006591797,90.62361145019533,88.4883804321289
2018-01-29,76.4438705444336,101.6114273071289,50.85237884521485,90.04533386230469,80.837646484375
2018-01-30,95.8901138305664,69.52360534667969,101.4817123413086,91.65290832519533,76.10748291015625
2018-01-31,102.40994262695312,117.80158996582033,111.35924530029295,91.8473663330078,71.2585220336914
2018-02-01,52.32488250732422,48.151222229003906,73.6319351196289,87.30184173583984,66.94942474365234
2018-02-02,30.99478530883789,23.174535751342773,45.102989196777344,83.73421478271484,61.9715576171875
2018-02-03,72.01234436035156,14.358135223388672,119.76103973388672,81.25602722167969,66.07887268066406
2018-02-04,53.42850875854492,60.87320327758789,63.467830657958984,80.81973266601562,69.07206726074219
2018-02-05,84.5761947631836,84.31585693359375,78.14195251464844,81.00740814208984,70.23382568359375
2018-02-06,56.73699188232422,34.80760192871094,79.84069061279297,81.88329315185547,64.64051818847656
2018-02-07,76.4438705444336,59.27333450317383,77.69113159179688,81.69235229492188,60.93108367919922
2018-02-08,93.48350524902344,72.93580627441406,101.39278411865234,82.23706817626953,66.81088256835938
2018-02-09,72.09941864013672,55.90471267700195,79.9372329711914,82.24971771240234,72.68297576904297
2018-02-10,36.4018440246582,36.289794921875,35.314151763916016,80.27934265136719,67.59576416015625
2018-02-11,44.66383361816406,59.36847305297851,49.519168853759766,76.18437194824219,66.34366607666016
2018-02-12,124.49918365478516,124.115966796875,147.892822265625,77.54145050048828,72.04695129394531
2018-02-13,73.42066192626953,68.88909912109375,79.0079345703125,77.88056945800781,74.43032836914062
2018-02-14,37.50076675415039,24.92355728149414,41.577415466308594,77.16520690917969,68.86702728271484
2018-02-15,69.69510650634766,40.87093353271485,95.4531021118164,77.53006744384766,65.46868896484375
2018-02-16,53.116973876953125,48.139522552490234,48.18374252319336,75.02539825439453,62.75690841674805
2018-02-17,50.916500091552734,23.886953353881836,74.71529388427734,73.96214294433594,64.83042907714844
2018-02-18,64.8251953125,64.62566375732422,64.68502044677734,72.71919250488281,67.71062469482422
2018-02-19,91.53900146484376,57.03577423095703,142.7204132080078,73.47218322753906,63.00202941894531
2018-02-20,91.38117980957033,100.20988464355467,75.98631286621094,74.14077758789062,65.56781768798828
2018-02-21,72.11685943603516,28.757951736450195,95.94788360595705,72.21137237548828,70.51296997070312
2018-02-22,53.79000473022461,53.62443542480469,44.72807312011719,69.70433044433594,68.24081420898438
2018-02-23,74.92713165283203,78.62789154052734,72.14176940917969,67.65681457519531,71.35655212402344
2018-02-24,48.79865646362305,40.06343078613281,47.73836898803711,66.5338134765625,71.05400085449219
2018-02-25,37.21986389160156,59.36847305297851,12.37979221343994,65.57981872558594,67.11038208007812
2018-02-26,90.3838348388672,45.05281448364258,120.25119018554688,67.15057373046875,66.94535827636719
2018-02-27,65.59539794921875,37.36771011352539,77.9208984375,68.25454711914062,63.26167678833008
2018-02-28,70.12908172607422,57.57558822631836,89.18692016601562,68.04405212402344,62.97771072387695
2018-03-01,93.7077178955078,112.10313415527344,70.1288070678711,67.97130584716797,68.68023681640625
2018-03-02,151.3148193359375,48.92401885986328,224.4410400390625,69.60147094726562,79.59276580810547
2018-03-03,47.11207580566406,70.4505844116211,44.07206344604492,69.4277114868164,79.3518295288086
2018-03-04,55.79061126708984,55.61888122558594,69.58746337890625,70.25423431396484,82.00479125976562
2018-03-05,108.14913177490234,79.86387634277344,119.90584564208984,71.45880126953125,84.54269409179688
2018-03-06,88.45307922363281,44.09040451049805,110.32725524902344,72.62628173828125,87.80807495117188
2018-03-07,134.17996215820312,58.52303695678711,195.25596618652344,74.27973937988281,96.95819854736328
2018-03-08,106.09647369384766,39.17403793334961,150.30506896972656,75.92505645751953,98.72801971435548
2018-03-09,101.20653533935548,62.089237213134766,135.94496154785156,76.75048065185547,91.56969451904295
2018-03-10,106.64852142333984,25.77460479736328,161.23924255371094,77.18931579589844,100.0749053955078
2018-03-11,72.64402770996094,43.45225524902344,120.8115692138672,77.20746612548828,102.48253631591795
2018-03-12,135.9002227783203,42.33809280395508,197.75926208496097,80.52407836914062,106.4469757080078
2018-03-13,119.58728790283205,63.58356475830078,145.84617614746094,83.02153015136719,110.89472198486328
2018-03-14,94.9988250732422,24.706018447875977,151.11990356445312,82.0381851196289,105.29741668701172
2018-03-15,189.4098358154297,75.53072357177734,287.0003967285156,85.90448760986328,117.19932556152344
2018-03-16,173.33203125,38.39966583251953,275.45037841796875,90.43219757080078,127.50296783447266
2018-03-17,86.76510620117188,30.892154693603516,118.52869415283205,91.0011978149414,124.6624755859375
2018-03-18,61.62916564941406,30.7197322845459,76.869873046875,91.2849349975586,123.08892822265624
2018-03-19,95.18872833251952,66.42700958251953,110.8133773803711,92.76068115234376,117.2729949951172
2018-03-20,134.78366088867188,62.01636505126953,181.0471954345703,95.0926284790039,119.44390869140624
2018-03-21,171.2620086669922,107.83252716064452,232.3527069091797,97.75006103515624,130.33865356445312
2018-03-22,162.07073974609375,110.34176635742188,184.0718536376953,100.10637664794922,126.4330596923828
2018-03-23,84.1159896850586,71.87748718261719,93.2601089477539,100.50634765625,113.68791198730467
2018-03-24,148.64085388183594,133.06259155273438,171.52587890625,103.66804504394533,122.52730560302734
2018-03-25,54.60276794433594,60.48299407958984,40.359031677246094,102.99057006835938,121.5235366821289
2018-03-26,81.37810516357422,38.177703857421875,103.49291229248048,104.07654571533205,119.55059051513672
2018-03-27,90.82076263427734,95.30653381347656,119.24259185791016,105.86324310302734,113.27017211914062
2018-03-28,91.53147888183594,86.90451049804688,101.4817123413086,105.90149688720705,101.88009643554688
2018-03-29,176.90615844726562,105.81697082519533,213.2993621826172,109.6118621826172,103.99944305419922
2018-03-30,48.476600646972656,32.218257904052734,62.70415496826172,108.89010620117188,98.9081039428711
2018-03-31,119.91195678710938,89.65714263916016,149.56582641601562,109.76358032226562,94.8039779663086
2018-04-01,44.865478515625,44.72737884521485,37.30704879760742,106.21527099609376,93.41293334960938
2018-04-02,139.22386169433594,105.29299926757812,151.6973114013672,109.2856674194336,101.6766128540039
2018-04-03,105.72024536132812,120.45123291015624,83.72351837158203,110.94998931884766,103.80511474609376
2018-04-04,70.6681137084961,79.25691223144531,58.76274871826172,109.70062255859376,100.82463073730467
2018-04-05,69.10179901123047,34.444549560546875,93.37300872802734,109.05558013916016,85.42401123046875
2018-04-06,100.5026626586914,104.20104217529295,120.34239959716795,107.93299865722656,92.8563003540039
2018-04-07,101.63198852539062,107.651611328125,100.35584259033205,107.78418731689452,90.24488067626952
2018-04-08,84.3966293334961,126.2052764892578,70.1784439086914,107.2238540649414,95.8921890258789
2018-04-09,102.21106719970705,120.4230728149414,115.89777374267578,107.07593536376952,90.60464477539062
2018-04-10,213.29278564453125,234.33383178710935,188.21839904785156,111.76422882080078,105.97215270996094
2018-04-11,102.49281311035156,49.04512023925781,136.361572265625,110.65065002441406,110.5185317993164
2018-04-12,296.52142333984375,320.9465637207031,302.9249572753906,116.54845428466795,143.00704956054688
2018-04-13,117.60595703125,93.795166015625,136.91024780273438,117.3020248413086,145.45037841796875
2018-04-14,95.6698226928711,101.3363037109375,114.35665130615234,114.17736053466795,144.59864807128906
2018-04-15,96.12361145019533,147.4272918701172,86.0782470703125,111.60374450683594,146.27392578125
2018-04-16,194.28549194335935,193.68746948242188,226.17626953125,115.18775939941406,159.4274139404297
2018-04-17,178.36903381347656,59.27333450317383,261.3247375488281,119.07908630371094,154.4383087158203
2018-04-18,234.35853576660156,26.958131790161133,367.2671813964844,123.71807861328124,173.27627563476562
2018-04-19,214.136962890625,174.26760864257812,225.3024139404297,126.36318969726562,161.50706481933594
2018-04-20,71.06819915771484,31.4886417388916,91.9262237548828,123.02339935302734,154.8588104248047
2018-04-21,48.051753997802734,11.975960731506348,74.91851043701172,119.22276306152344,148.0562286376953
2018-04-22,29.31475830078125,0.0,48.75228118896485,117.39605712890624,138.51210021972656
2018-04-23,88.52149963378906,74.3149642944336,100.72727966308594,115.39207458496094,123.40296173095705
2018-04-24,150.57125854492188,58.106239318847656,218.0985412597656,118.59102630615234,119.43185424804688
2018-04-25,193.12814331054688,117.19442749023438,244.37928771972656,122.31602478027344,113.5417938232422
2018-04-26,146.26922607421875,85.77587890625,207.48211669921875,124.16431427001952,103.84640502929688
2018-04-27,91.80326080322266,53.387062072753906,114.50593566894533,124.17337036132812,106.80855560302734
2018-04-28,93.78045654296876,42.22209930419922,130.8074951171875,121.40251159667967,113.34123229980467
2018-04-29,52.5804443359375,14.976740837097168,74.95248413085938,121.539306640625,116.66490173339844
2018-04-30,134.5440673828125,111.00408172607422,138.88255310058594,122.02704620361328,123.2395477294922
2018-05-01,155.34799194335938,72.87992095947266,197.5644073486328,125.70979309082033,123.92194366455078
2018-05-02,186.62353515625,160.6787567138672,239.82876586914065,127.28978729248048,122.99271392822266
2018-05-03,125.34039306640624,44.62664031982422,193.55972290039065,127.94378662109376,120.00287628173828
2018-05-04,139.01663208007812,23.758068084716797,217.98231506347656,130.22207641601562,126.74764251708984
2018-05-05,64.47073364257812,24.48468017578125,86.79622650146484,130.0677032470703,122.56053924560548
2018-05-06,22.950815200805664,15.253446578979492,38.168643951416016,127.4826431274414,118.3277359008789
2018-05-07,79.70087432861328,39.72777557373047,99.41065979003906,126.75160217285156,110.49299621582033
2018-05-08,125.366455078125,48.06945037841797,168.39761352539062,128.1172637939453,106.20992279052734
2018-05-09,284.1881103515625,132.8031463623047,413.5447998046875,134.18316650390625,120.14771270751952
2018-05-10,233.3947601318359,73.47673797607422,367.7211608886719,134.85324096679688,135.5840606689453
2018-05-11,163.6328582763672,79.57521057128906,225.6701812744141,136.8912353515625,139.1006622314453
2018-05-12,99.87641143798828,66.37931823730469,132.88058471679688,130.33639526367188,144.1586151123047
2018-05-13,98.31822204589844,75.3966064453125,125.77643585205078,129.6934814453125,154.92538452148438
2018-05-14,125.73249816894533,77.13567352294922,184.97396850585935,130.69557189941406,161.50132751464844
2018-05-15,112.64398956298828,66.54652404785156,159.58082580566406,131.24624633789062,159.683837890625
2018-05-16,150.57125854492188,123.61817932128906,147.29966735839844,129.7891082763672,140.59571838378906
2018-05-17,152.6919708251953,67.65421295166016,218.6673889160156,128.93319702148438,129.06674194335938
2018-05-18,92.4624481201172,80.1546401977539,106.97102355957033,124.20333099365234,118.89954376220705
2018-05-19,55.5361442565918,39.08131790161133,65.19535827636719,118.91664123535156,112.56521606445312
2018-05-20,35.240081787109375,28.105287551879883,35.163875579833984,117.7223663330078,103.5540542602539
2018-05-21,125.66645050048828,60.13422775268555,175.55259704589844,120.3095245361328,103.54461669921876
2018-05-22,81.85124206542969,28.79975128173828,120.1091766357422,122.06073760986328,99.14566040039062
2018-05-23,179.17031860351562,99.69422912597656,214.8166656494141,125.08236694335938,103.23123931884766
2018-05-24,153.59022521972656,16.553239822387695,248.5266571044922,125.18299865722656,103.35955810546876
2018-05-25,140.5561981201172,37.87123107910156,214.80075073242188,123.43060302734376,110.23009490966795
2018-05-26,108.21454620361328,47.94731521606445,139.9747772216797,122.162109375,117.75557708740234
2018-05-27,84.34778594970703,45.866268157958984,102.01866149902344,121.9135971069336,124.77096557617188
2018-05-28,102.57495880126952,36.09148788452149,140.48471069335938,122.20674896240234,121.47218322753906
2018-05-29,71.2380142211914,10.145533561706545,110.01091003417967,122.82866668701172,119.9560089111328
2018-05-30,141.90927124023438,105.09382629394533,202.2891387939453,123.0741729736328,114.63300323486328
2018-05-31,92.13764190673828,104.97604370117188,80.26368713378906,120.9671630859375,105.85405731201172
2018-06-01,186.23287963867188,63.203277587890625,263.5888977050781,120.95413970947266,112.37930297851562
2018-06-02,90.7124252319336,68.60450744628906,119.64794921875,119.79987335205078,109.87899780273438
2018-06-03,54.559940338134766,77.7028579711914,51.84947967529297,116.98464965820312,105.62358856201172
2018-06-04,146.1427001953125,29.13857078552246,218.74002075195312,119.70704650878906,111.84754943847656
2018-06-05,178.0370330810547,64.54145812988281,242.25277709960935,124.8765869140625,127.10455322265624
2018-06-06,108.60877227783205,33.31521987915039,159.7820587158203,125.8401870727539,122.34734344482422
2018-06-07,88.7294921875,42.12208557128906,119.45552825927734,124.61895751953124,121.86046600341795
2018-06-08,116.16471099853516,44.82857131958008,155.7977294921875,119.01817321777344,111.85072326660156
2018-06-09,79.71419525146484,35.319480895996094,108.01976013183594,113.89549255371094,110.27954864501952
2018-06-10,91.42967987060548,56.09123611450195,128.6604766845703,111.48871612548828,115.5466537475586
2018-06-11,135.01004028320312,48.06945037841797,192.4544219970703,112.65983581542967,113.9562759399414
2018-06-12,155.8855438232422,69.06920623779297,208.8382110595703,114.57875061035156,110.79177856445312
2018-06-13,140.87469482421875,56.17642974853515,200.8143768310547,115.08348846435548,115.40119171142578
2018-06-14,188.4875030517578,135.93295288085938,220.0935211181641,117.61160278320312,129.65234375
2018-06-15,69.98382568359375,23.25613594055176,96.98957061767578,114.92535400390624,123.05506896972656
2018-06-16,125.56664276123048,137.10205078125,134.24476623535156,114.02117919921876,129.6054229736328
2018-06-17,24.537538528442383,32.61601257324219,27.20497703552246,111.75701904296876,120.04940032958984
2018-06-18,47.07783508300781,34.13303756713867,56.94064712524414,111.4750747680664,107.48765563964844
2018-06-19,99.42222595214844,36.04225158691406,142.7982940673828,113.6144790649414,99.42146301269533
2018-06-20,121.3394775390625,72.57958984375,141.25660705566406,113.47024536132812,96.63072204589844
2018-06-21,93.59835052490234,73.02540588378906,121.82080078125,113.86181640625,83.07512664794922
2018-06-22,57.31085968017578,22.85378074645996,82.60334014892578,109.79983520507812,81.26470184326172
2018-06-23,29.68250846862793,29.591142654418945,29.61832046508789,105.6695785522461,67.56697082519531
2018-06-24,47.90903854370117,40.9384880065918,79.67572784423828,102.58133697509766,70.90575408935547
2018-06-25,87.7807388305664,64.4814453125,107.56778717041016,101.90020751953124,76.720458984375
2018-06-26,137.2349395751953,56.61207580566406,212.49029541015625,103.66311645507812,82.12227630615234
2018-06-27,130.60302734375,63.12776565551758,164.54623413085938,104.59738159179688,83.44564056396484
2018-06-28,88.44233703613281,64.12371826171875,100.28533935546876,105.17086029052734,82.70906066894531
2018-06-29,141.04144287109375,98.80512237548828,164.8264617919922,105.14193725585938,94.67057800292967
2018-06-30,38.59983444213867,13.993098258972168,52.522315979003906,103.35733795166016,95.9444808959961
2018-07-01,59.28532791137695,44.32713317871094,61.62200927734375,99.1257553100586,97.56966400146484
2018-07-02,123.02521514892578,72.6794204711914,143.976806640625,100.20285034179688,102.6045913696289
2018-07-03,146.81739807128906,137.2176513671875,129.71347045898438,103.2780990600586,103.9735107421875
2018-07-04,49.220916748046875,19.627763748168945,65.48597717285156,100.04737091064452,92.34749603271484
2018-07-05,119.5712890625,97.12857055664062,117.83973693847656,98.0985107421875,96.79448699951172
2018-07-06,128.33192443847656,63.96845245361328,166.73751831054688,98.75595092773438,94.97884368896484
2018-07-07,82.65523529052734,44.36967468261719,105.7391128540039,98.55347442626952,101.27247619628906
2018-07-08,68.06645965576172,30.15863990783691,88.04350280761719,96.95020294189452,102.52691650390624
2018-07-09,170.4659423828125,174.5342254638672,137.916748046875,99.97525787353516,109.30416870117188
2018-07-10,121.88159942626952,78.11128234863281,144.78338623046875,100.99032592773438,105.74191284179688
2018-07-11,125.24701690673828,68.88909912109375,150.8333282470703,100.66488647460938,116.602783203125
2018-07-12,172.8645782470703,88.17010498046875,247.37049865722656,101.2308578491211,124.2161102294922
2018-07-13,125.4760513305664,164.4037628173828,119.24259185791016,100.71756744384766,123.8081283569336
2018-07-14,102.95000457763672,126.7820816040039,135.96270751953125,97.86631774902344,126.70738220214844
2018-07-15,104.6073989868164,139.04721069335938,115.97911071777344,99.02043914794922,131.92752075195312
2018-07-16,168.76254272460938,115.36668395996094,232.5490875244141,100.4603042602539,131.68417358398438
2018-07-17,100.79735565185548,91.3519058227539,114.29476928710938,103.0022964477539,128.67213439941406
2018-07-18,88.57132720947266,44.14934921264648,117.83973693847656,104.38541412353516,123.43275451660156
2018-07-19,143.0528564453125,169.3523712158203,118.9529266357422,105.83976745605467,119.17393493652344
2018-07-20,54.0997200012207,16.594829559326172,76.12950134277344,103.59844207763672,108.9773178100586
2018-07-21,121.85631561279295,25.574995040893555,191.98866271972656,104.54037475585938,111.67821502685548
2018-07-22,72.71489715576172,80.54563903808594,94.05622863769533,105.05384063720705,107.12214660644533
2018-07-23,161.70819091796875,87.9329605102539,195.58607482910156,109.45469665527344,106.1143798828125
2018-07-24,161.12632751464844,94.48844909667967,189.1504821777344,113.22860717773438,114.73280334472656
2018-07-25,105.160888671875,69.8914566040039,153.02798461914062,113.80794525146484,117.10274505615234
2018-07-26,107.8719482421875,161.3098602294922,82.22399139404297,112.82917785644533,112.07689666748048
2018-07-27,119.3347396850586,106.66043853759766,143.71324157714844,112.4535675048828,121.39618682861328
2018-07-28,38.48094177246094,51.14999008178711,26.66509056091309,110.78819274902344,109.48542022705078
2018-07-29,23.49338722229004,46.84214401245117,13.023658752441406,106.8699188232422,102.45377349853516
2018-07-30,118.85968017578124,51.51905059814453,154.69911193847656,109.54524993896484,96.33255767822266
2018-07-31,109.94091796875,76.24522399902344,119.24259185791016,111.23377227783205,89.02035522460938
2018-08-01,140.02928161621094,61.07423400878906,189.21295166015625,111.80056762695312,94.00155639648438
2018-08-02,121.88159942626952,78.11128234863281,144.78338623046875,110.96937561035156,96.00293731689452
2018-08-03,147.8824920654297,42.12208557128906,231.88424682617188,114.25809478759766,100.08118438720705
2018-08-04,84.67708587646484,40.519893646240234,112.65863800048828,113.09495544433594,106.68063354492188
2018-08-05,53.92552185058594,15.35986614227295,89.6815185546875,110.61474609375,111.02808380126952
2018-08-06,162.54562377929688,111.75537109375,177.10853576660156,113.27775573730467,117.26892852783205
2018-08-07,200.45794677734375,89.92842102050781,258.3649597167969,117.69080352783205,130.19993591308594
2018-08-08,129.0610809326172,66.71456909179688,166.93963623046875,116.3106460571289,128.633056640625
2018-08-09,170.8864288330078,34.94572830200195,262.3337097167969,117.9441375732422,135.6337432861328
2018-08-10,121.9350128173828,64.83182525634766,162.22845458984375,117.833740234375,131.9269561767578
2018-08-11,156.44570922851562,88.15364837646484,231.8986663818359,117.28644561767578,142.1796112060547
2018-08-12,85.73704528808594,77.7028579711914,103.69895935058594,115.96180725097656,146.72412109375
2018-08-13,142.4760284423828,81.16426849365234,169.24754333496094,117.2793426513672,143.85704040527344
2018-08-14,136.3998565673828,77.7028579711914,186.33409118652344,118.3390884399414,134.7058868408203
2018-08-15,111.38750457763672,67.59239196777344,128.8656768798828,116.42658996582033,132.18109130859375
2018-08-16,128.16482543945312,88.45637512207031,155.76063537597656,117.33883666992188,126.07799530029295
2018-08-17,107.13349151611328,34.17719268798828,156.7893524169922,117.95758056640624,123.96349334716795
2018-08-18,54.92340469360352,75.28722381591797,34.252899169921875,115.01992797851562,109.46031188964844
2018-08-19,57.11323547363281,48.80351638793945,54.275936126708984,115.12037658691406,105.3711929321289
2018-08-20,106.85701751708984,168.2022705078125,112.23784637451172,114.6204071044922,100.2827606201172
2018-08-21,152.000732421875,52.25271224975586,209.2028045654297,117.26326751708984,102.51145935058594
2018-08-22,119.32880401611328,66.61843872070312,158.76101684570312,115.85061645507812,103.64592742919922
2018-08-23,120.28876495361328,147.59201049804688,123.10631561279295,114.48936462402344,102.52078247070312
2018-08-24,44.46399688720703,35.461708068847656,51.76248550415039,112.46613311767578,93.5679931640625
2018-08-25,72.99467468261719,76.23522186279297,57.8070068359375,111.30355834960938,96.14960479736328
2018-08-26,43.39608383178711,0.0,72.17041015625,108.77227020263672,94.19001007080078
2018-08-27,109.45875549316406,57.43254089355469,182.03677368164065,111.13819885253906,94.56169128417967
2018-08-28,134.43862915039062,32.16595458984375,214.63665771484375,114.83637237548828,92.05281829833984
2018-08-29,139.90408325195312,143.97259521484375,165.1201171875,115.53785705566406,94.9921417236328
2018-08-30,86.16505432128906,38.177703857421875,119.41490173339844,114.74532318115234,90.11732482910156
2018-08-31,62.03310012817383,41.22810745239258,68.77662658691406,112.14545440673828,92.627197265625
2018-09-01,80.2463150024414,115.19900512695312,58.72004318237305,110.75760650634766,93.66314697265624
2018-09-02,49.1270637512207,55.97239303588867,35.01487731933594,107.46575927734376,94.48185729980467
2018-09-03,94.16999053955078,55.22359848022461,119.76103973388672,107.78219604492188,92.29774475097656
2018-09-04,14.36084270477295,9.544425964355469,15.92198657989502,106.46337127685548,75.1437759399414
2018-09-05,85.92912292480469,102.79754638671876,64.30747985839844,103.90948486328124,67.43306732177734
2018-09-06,97.68965911865234,35.41416931152344,132.9251251220703,100.48387908935548,69.0794448852539
2018-09-07,87.86651611328125,35.038421630859375,124.2083969116211,99.11072540283205,72.76992797851562
2018-09-08,59.63218307495117,77.28321838378906,39.6688232421875,95.40225219726562,69.8250503540039
2018-09-09,47.51633834838867,54.137229919433594,33.866851806640625,92.921630859375,69.5949478149414
2018-09-10,55.42262268066406,25.50093650817871,70.9010009765625,89.55419158935547,64.05960845947266
2018-09-11,81.84497833251953,120.24239349365234,35.819297790527344,89.42445373535156,73.70020294189453
2018-09-12,80.89298248291016,80.64398956298828,67.26505279541016,87.37168884277344,72.98075103759766
2018-09-13,68.56543731689453,51.26578903198242,99.77503967285156,85.11054229736328,68.82015228271484
2018-09-14,118.30599212646484,76.09150695800781,133.28244018554688,85.34115600585938,73.16864776611328
2018-09-15,63.412872314453125,42.145118713378906,70.30638885498047,83.18275451660156,73.70874786376953
2018-09-16,7.232680797576904,0.0,12.028401374816896,79.85272979736328,67.95394134521484
2018-09-17,91.08362579345705,19.11647605895996,143.50526428222656,81.05807495117188,73.04837036132812
2018-09-18,105.00934600830078,47.584598541259766,134.94688415527344,82.65460968017578,76.35755920410156
2018-09-19,58.6295166015625,16.699729919433594,90.53994750976562,81.04702758789062,73.17707061767578
2018-09-20,107.9282684326172,24.82986068725586,165.6844482421875,79.57794189453125,78.80033111572266
2018-09-21,113.79048919677734,92.43278503417967,119.1515655517578,79.3933334350586,78.15525817871094
2018-09-22,37.80805969238281,17.396162033081055,48.3670539855957,76.64397430419922,74.49742889404297
2018-09-23,27.95415687561035,27.86811065673828,34.86713790893555,76.0936508178711,77.45763397216797
2018-09-24,143.44000244140625,116.186279296875,193.8216552734375,78.44182586669922,84.93711853027344
2018-09-25,95.44012451171876,55.50204086303711,125.6556396484375,80.17662811279297,83.5700912475586
2018-09-26,110.15664672851562,7.844112873077393,176.65464782714844,80.19989013671875,90.9311065673828
2018-09-27,73.69881439208984,23.201671600341797,103.2132568359375,78.17523193359375,86.04118347167969
2018-09-28,81.45658111572266,15.467780113220217,122.56574249267578,76.22698211669922,81.42205810546875
2018-09-29,44.05010223388672,58.55268478393555,24.419361114501953,74.82315063476562,82.31377410888672
2018-09-30,36.24253463745117,28.904781341552734,48.21888732910156,73.96346282958984,83.49783325195312
2018-10-01,120.77069091796876,128.99888610839844,100.42461395263672,75.31427764892578,80.25935363769531
2018-10-02,36.00617218017578,35.89533996582031,29.94025993347168,74.87691497802734,71.76879119873047
2018-10-03,94.41998291015624,78.44112396240234,130.85528564453125,74.88524627685547,69.52069854736328
2018-10-04,69.01182556152344,48.56428527832031,87.76605987548828,76.70694732666016,68.85112762451172
2018-10-05,78.21883392333984,54.58464813232422,110.57039642333984,76.44993591308594,68.38859558105469
2018-10-06,50.7187385559082,56.88294982910156,79.07666778564453,74.88423919677734,69.34125518798828
2018-10-07,42.559757232666016,28.28583526611328,70.779541015625,73.37400817871094,70.24371337890625
2018-10-08,49.10814666748047,35.605079650878906,51.971771240234375,73.02320861816406,60.00620651245117
2018-10-09,95.87750244140624,19.11647605895996,143.50526428222656,74.63524627685547,68.55925750732422
2018-10-10,104.19609832763672,112.53166198730467,101.08270263671876,76.26103210449219,69.95584106445312
2018-10-11,130.70550537109375,57.00764465332031,176.61428833007812,77.88971710205078,78.76922607421875
2018-10-12,87.06867980957031,31.56388282775879,125.0551300048828,78.09557342529297,80.03349304199219
2018-10-13,48.09535598754883,35.96048355102539,59.98919296264648,77.41323852539062,79.65872192382812
2018-10-14,81.79179382324219,40.770015716552734,113.35407257080078,76.19609832763672,85.26329803466797
2018-10-15,122.86271667480467,47.109432220458984,172.89324951171875,78.1777572631836,95.79966735839844
2018-10-16,134.61813354492188,105.4458236694336,143.9218292236328,82.42394256591797,101.33403778076172
2018-10-17,117.82046508789062,18.070432662963867,188.40655517578125,83.31517028808594,103.28038024902344
2018-10-18,127.05738830566406,126.66629028320312,120.74537658691406,84.05010223388672,102.75921630859376
2018-10-19,106.1982192993164,48.86369323730469,135.85716247558594,85.63572692871094,105.49201202392578
2018-10-20,86.23381042480469,11.857707023620604,133.521728515625,84.9125747680664,110.94036102294922
2018-10-21,35.09075927734375,13.993098258972168,46.68650436401367,82.28925323486328,104.26878356933594
2018-10-22,83.91838073730469,8.806323051452637,132.2161865234375,83.82626342773438,98.70530700683594
2018-10-23,108.8228530883789,86.79031372070312,130.30503845214844,86.52188873291016,95.02027130126952
2018-10-24,127.58169555664062,63.5944938659668,204.5986328125,85.99327850341797,96.41472625732422
2018-10-25,141.05126953125,127.83372497558594,135.05953979492188,87.5136489868164,98.41385650634766
2018-10-26,159.10116577148438,89.47311401367188,196.75027465820312,89.14513397216797,105.97142028808594
2018-10-27,94.45203399658205,87.43549346923828,84.14981079101562,89.83690643310547,107.14545440673828
2018-10-28,51.074832916259766,58.19156265258789,48.53750991821289,88.82418060302734,109.42889404296876
2018-10-29,94.36099243164062,69.31513977050781,99.11257934570312,90.50121307373048,110.92069244384766
2018-10-30,109.74150848388672,89.14376831054688,114.91181182861328,92.95117950439452,111.05192565917967
2018-10-31,81.52692413330078,102.66439056396484,114.17632293701172,91.64305114746094,104.47267150878906
2018-11-01,101.45014190673828,61.56217956542969,117.3689956665039,93.82451629638672,98.81536865234376
2018-11-02,103.39347076416016,31.71545028686523,158.722900390625,94.1236343383789,90.8571319580078
2018-11-03,47.92141342163086,35.83042907714844,59.77223587036133,93.42061614990234,84.20989990234375
2018-11-04,44.33646774291992,25.25714111328125,63.20085144042969,92.29120635986328,83.24727630615234
2018-11-05,114.6827621459961,35.17838668823242,176.0535125732422,94.42333984375,86.15038299560547
2018-11-06,62.58562469482422,35.65312957763672,81.78013610839844,95.09087371826172,79.41382598876953
2018-11-07,140.43304443359375,32.94136047363281,206.07261657714844,98.1350326538086,87.82898712158203
2018-11-08,60.81825637817383,64.67312622070312,60.68674087524414,96.96639251708984,82.0244369506836
2018-11-09,114.37254333496094,118.24347686767578,126.80579376220705,97.30561065673828,83.5928726196289
2018-11-10,37.60993957519531,17.305002212524414,48.11360549926758,94.20242309570312,82.11980438232422
2018-11-11,22.585689544677734,15.010778427124023,25.040943145751953,92.05298614501952,79.0125503540039
2018-11-12,42.7428092956543,63.91686248779297,26.6564884185791,91.87457275390624,68.73541259765625
2018-11-13,142.2847900390625,97.51969146728516,162.68209838867188,93.89100646972656,80.12100982666016
2018-11-14,33.37599563598633,24.954946517944336,34.69148254394531,90.90811157226562,64.8271484375
2018-11-15,106.85701751708984,57.36128616333008,157.20494079589844,89.98274230957031,71.40411376953125
2018-11-16,44.5455322265625,24.2227725982666,67.34728240966797,87.54024505615234,61.42882537841797
2018-11-17,45.58579635620117,36.35638046264648,45.48721694946289,84.82452392578125,62.568233489990234
2018-11-18,34.79587936401367,13.875510215759276,46.294185638427734,82.44445037841797,64.31254577636719
2018-11-19,55.67340850830078,37.00135803222656,61.72557830810547,81.42576599121094,66.15977478027344
2018-11-20,58.04248809814453,24.798782348632812,89.63341522216797,82.19082641601562,54.12516021728515
2018-11-21,84.62763977050781,72.314697265625,113.9332504272461,82.21446990966797,61.44682312011719
2018-11-22,58.45708084106445,0.0,97.21778869628906,80.53560638427734,54.53254699707031
2018-11-23,135.29591369628906,95.72090911865234,174.1978759765625,80.7927474975586,67.49688720703125
2018-11-24,70.05430603027344,26.605207443237305,99.86116790771484,78.42618560791016,70.99238586425781
2018-11-25,62.20784378051758,77.52045440673828,38.79582595825195,75.19640350341797,74.90838623046875
2018-11-26,101.2575225830078,105.7527847290039,112.26507568359376,75.42325592041016,81.42040252685547
2018-11-27,129.9046173095703,92.5033950805664,162.02963256835938,78.05091094970703,91.68641662597656
2018-11-28,100.890380859375,50.2899169921875,146.81365966796875,78.26856231689453,94.0096664428711
2018-11-29,96.0164566040039,63.81393814086914,119.76103973388672,77.8110580444336,99.3752899169922
2018-11-30,142.18678283691406,30.648456573486328,223.68359375,79.83305358886719,100.35970306396484
2018-12-01,53.17625045776367,6.2367730140686035,88.43543243408203,78.22392272949219,97.94854736328124
2018-12-02,21.417463302612305,14.23435878753662,23.7457218170166,75.49139404296875,92.12135314941406
2018-12-03,50.19042205810547,45.487205505371094,45.52898788452149,75.56702423095703,84.8260498046875
2018-12-04,99.66178131103516,37.84952926635742,134.1735382080078,77.41120147705078,80.50564575195312
2018-12-05,103.38850402832033,24.73686408996582,151.30857849121094,77.03472900390625,80.8625259399414
2018-12-06,131.27745056152344,113.423583984375,160.10325622558594,79.32445526123047,85.89981079101562
2018-12-07,196.083984375,124.77474212646484,235.9020843505859,81.17948150634766,93.5994110107422
2018-12-08,76.75086975097656,48.9693603515625,86.79622650146484,81.7105712890625,96.96720886230467
2018-12-09,35.6190071105957,28.407495498657227,35.54198455810547,79.08545684814453,98.99600219726562
2018-12-10,90.9520034790039,28.633275985717773,135.33688354492188,80.863525390625,104.81908416748048
2018-12-11,95.38807678222656,60.5146598815918,122.58263397216795,83.29026794433594,104.20855712890624
2018-12-12,85.98194885253906,54.137229919433594,112.88949584960938,84.73157501220703,101.72190856933594
2018-12-13,132.15029907226562,114.17772674560548,131.8645477294922,84.39376068115234,101.84659576416016
2018-12-14,120.08057403564452,99.07113647460938,144.6114501953125,87.2839126586914,90.9889678955078
2018-12-15,76.80348205566406,73.23806762695312,88.8549575805664,86.2821273803711,90.9964828491211
2018-12-16,39.24843215942383,46.95314407348633,39.16355895996094,86.10555267333984,91.51497650146484
2018-12-17,72.8036880493164,51.84256362915039,86.48363494873047,87.0128173828125,88.92235565185547
2018-12-18,72.2216796875,38.39966583251953,88.08006286621094,88.26034545898438,85.61286926269531
2018-12-19,62.3332633972168,26.63202667236328,81.45037841796875,88.48233795166016,82.23448944091797
2018-12-20,162.69090270996094,108.12674713134766,195.40818786621097,91.97061920166016,86.5974349975586
2018-12-21,210.32177734375,157.2557830810547,247.7595977783203,96.1604232788086,99.48902893066406
2018-12-22,64.04534912109375,92.2251968383789,41.421112060546875,96.3467025756836,97.66644287109376
2018-12-23,81.79179382324219,48.92401885986328,108.81990814208984,94.563232421875,103.74406433105467
2018-12-24,111.24295043945312,123.22280883789062,92.5019989013672,95.93618774414062,109.23538970947266
2018-12-25,65.59539794921875,98.09024047851562,27.272314071655273,96.04910278320312,108.2887725830078
2018-12-26,63.09653091430664,62.902313232421875,52.466739654541016,94.77706909179688,108.39781188964844
2018-12-27,30.22415542602539,12.052450180053713,40.21173477172851,91.4543914794922,89.47399139404297
2018-12-28,102.00775909423828,64.22764587402344,133.9304962158203,91.49163818359376,74.00056457519531
2018-12-29,58.20030975341797,67.69136047363281,40.32948684692383,90.23109436035156,73.16555786132812
2018-12-30,32.555946350097656,48.6836051940918,13.535645484924316,86.57673645019531,66.13186645507812
2018-12-31,86.68401336669922,86.41719055175781,113.2693099975586,87.69365692138672,62.623443603515625
2019-01-01,83.74468994140625,92.76324462890624,77.37370300292969,89.77123260498047,65.21620178222656
2019-01-02,189.860595703125,99.6190414428711,249.2763671875,94.42691040039062,83.32535552978516
2019-01-03,9.49159812927246,9.462382316589355,7.892561435699463,91.42123413085938,80.36355590820312
2019-01-04,99.0169677734375,62.81684112548828,112.2759780883789,91.27552032470705,79.9363021850586
2019-01-05,40.47944259643555,26.903230667114254,61.709861755371094,88.24891662597656,77.40474700927734
2019-01-06,40.49593734741211,0.0,67.34728240966797,83.0626449584961,78.53903198242188
2019-01-07,83.16069793701172,46.05817794799805,99.8843765258789,83.27630615234375,78.03570556640625
2019-01-08,67.88048553466797,27.068614959716797,90.31159210205078,84.35169219970703,75.7693862915039
2019-01-09,106.42787170410156,79.57521057128906,132.74716186523438,84.8675537109375,63.85042953491211
2019-01-10,76.83790588378906,42.55633163452149,92.29006958007812,84.24921417236328,73.47132873535156
2019-01-11,101.2398452758789,113.03960418701172,127.9598388671875,84.7578125,73.78888702392578
2019-01-12,51.75886917114258,6.070535659790039,86.0782470703125,82.07809448242188,75.40023040771484
2019-01-13,37.72856140136719,15.04497241973877,50.19597244262695,79.3330307006836,75.00489044189453
2019-01-14,89.27487182617188,46.84214401245117,117.21292114257812,79.74874114990234,75.87834167480469
2019-01-15,102.54247283935548,35.557159423828125,140.87637329101562,81.8585433959961,80.8300552368164
2019-01-16,92.7673568725586,77.06817626953125,96.4237060546875,82.52400207519531,78.87855529785156
2019-01-17,160.6356658935547,138.50050354003906,194.9452362060547,85.47113037109375,90.84966278076172
2019-01-18,112.82587432861328,107.97943878173828,112.58189392089844,87.15422058105469,92.50480651855467
2019-01-19,22.317588806152344,12.713652610778809,31.813325881958008,82.47511291503906,88.29891204833984
2019-01-20,47.83491134643555,23.843835830688477,69.6083984375,77.05888366699219,89.74267578125
2019-01-21,70.80297088623047,60.50145721435547,75.6962890625,77.28413391113281,87.10383605957031
2019-01-22,144.76516723632812,101.87264251708984,191.18663024902344,79.38324737548828,93.13565063476562
2019-01-23,58.188140869140625,66.29603576660156,96.77052307128906,77.61475372314453,88.19576263427734
2019-01-24,91.32392120361328,82.76619720458984,110.45629119873048,78.47237396240234,78.29408264160156
2019-01-25,91.13523864746094,47.40245819091797,131.79444885253906,79.40699768066406,75.19541931152344
2019-01-26,40.13362503051758,49.24319076538086,30.805261611938477,79.73731231689453,77.74057006835938
2019-01-27,75.62940216064453,75.3966064453125,88.04350280761719,78.8580322265625,81.71121215820312
2019-01-28,101.14710235595705,20.167152404785156,151.392578125,80.28958892822266,86.04608154296875
2019-01-29,101.45014190673828,43.97298431396485,139.37570190429688,82.58606719970703,79.85822296142578
2019-01-30,173.69268798828125,57.71935272216797,254.4735107421875,85.4863510131836,96.35887145996094
2019-01-31,148.13967895507812,32.81859588623047,232.6785888671875,87.63285064697266,104.47541046142578
2019-02-01,113.57374572753906,67.93449401855469,138.51219177246094,85.08995819091797,107.680908203125
2019-02-02,75.83717346191406,18.1448974609375,110.98733520507812,87.30147552490234,112.78141784667967
2019-02-03,82.25337219238281,44.72737884521485,111.92115020751952,86.74269104003906,113.72769927978516
2019-02-04,179.9779815673828,29.095781326293945,291.2250671386719,91.39263916015624,124.9892578125
2019-02-05,106.4093017578125,18.44900131225586,161.57704162597656,93.58975219726562,125.6977081298828
2019-02-06,103.09750366210938,35.74961853027344,156.54824829101562,94.25431823730467,115.61267852783205
2019-02-07,92.48285675048828,33.526611328125,139.82252502441406,95.07439422607422,107.66170501708984
2019-02-08,62.35421371459961,85.47313690185547,38.88711166381836,93.6052703857422,100.3446273803711
2019-02-09,30.334869384765625,18.1448974609375,35.314151763916016,92.05516815185548,93.84429931640624
2019-02-10,39.15564727783203,31.228097915649418,39.07097625732422,89.9856948852539,87.68748474121094
2019-02-11,96.53187561035156,91.16976165771484,84.49398040771484,91.47813415527344,75.76660919189453
2019-02-12,69.21783447265625,29.57347297668457,90.44639587402344,92.52777099609376,70.45354461669922
2019-02-13,88.7294921875,25.273250579833984,133.5091094970703,92.50959014892578,68.40097045898438
2019-02-14,76.54199981689453,25.435466766357425,113.15035247802734,91.64291381835938,66.12370300292969
2019-02-15,145.10621643066406,165.32522583007812,158.5821990966797,93.38754272460938,77.94541931152344
2019-02-16,61.661033630371094,47.81095886230469,91.1521453857422,90.08838653564452,82.42058563232422
2019-02-17,86.22735595703125,42.98097229003906,119.50125122070312,89.20176696777344,89.1451187133789
2019-02-18,67.14663696289062,22.31332015991211,102.36331939697266,90.6960678100586,84.94722747802734
2019-02-19,116.57129669189452,116.21247863769533,153.47674560546875,92.9872817993164,91.71200561523438
2019-02-20,171.33970642089844,124.22712707519533,198.6005859375,96.33850860595705,103.51346588134766
2019-02-21,116.54501342773438,62.56184005737305,156.54824829101562,95.39783477783205,109.22817993164062
2019-02-22,69.43730163574219,40.71974563598633,88.30714416503906,95.7728042602539,98.4183349609375
2019-02-23,46.90999984741211,14.389416694641112,66.01206970214844,94.29234313964844,96.31104278564452
2019-02-24,74.9758071899414,13.590004920959473,124.68946838378906,93.75369262695312,94.70368194580078
2019-02-25,139.0223846435547,76.46590423583984,167.4228057861328,97.04998779296876,104.97164154052734
2019-02-26,124.9152603149414,64.57150268554688,184.65948486328125,98.6928482055664,106.16363525390624
2019-02-27,160.55812072753906,117.94183349609376,189.7234649658203,100.6732177734375,104.6234130859375
2019-02-28,162.6325225830078,153.59866333007812,220.64500427246097,102.71263122558594,111.20734405517578
2019-03-01,184.49745178222656,66.88346862792969,278.9371032714844,103.07279205322266,127.6445083618164
2019-03-02,131.74984741210938,50.03593063354492,208.67453002929688,102.52645874023438,139.7644805908203
2019-03-03,77.75981140136719,108.52862548828124,64.65971374511719,101.3326644897461,140.16220092773438
2019-03-04,62.95815658569336,77.24845123291016,72.48694610595703,100.9033660888672,129.29588317871094
2019-03-05,103.0784912109375,37.36771011352539,140.2576141357422,101.5975341796875,126.17634582519533
2019-03-06,81.01388549804688,44.86917495727539,104.79090118408205,98.2987289428711,114.81288146972656
2019-03-07,91.09561157226562,74.30335998535156,123.95267486572266,97.78827667236328,104.59332275390624
2019-03-08,55.01298904418945,62.67845916748047,39.210018157958984,96.18545532226562,86.09554290771484
2019-03-09,81.60523223876953,48.20980072021485,95.50286865234376,95.82286834716795,78.93202209472656
2019-03-10,23.218931198120117,30.86328125,12.871512413024902,94.5183563232422,71.14047241210938
2019-03-11,44.899261474609375,49.7345085144043,41.48349380493164,95.00383758544922,68.56063079833984
2019-03-12,101.31523895263672,96.61192321777344,87.90969848632812,97.0758285522461,68.3087387084961
2019-03-13,115.2568588256836,110.64645385742188,106.4885482788086,97.69998931884766,73.20059204101562
2019-03-14,66.66802978515625,74.77067565917969,62.36612319946289,97.61499786376952,69.7109375
2019-03-15,61.11748123168945,56.86740493774414,54.20917510986328,96.69459533691406,70.5830078125
2019-03-16,81.60523223876953,48.20980072021485,95.50286865234376,96.86337280273438,70.5830078125
2019-03-17,32.555946350097656,32.45573806762695,40.606937408447266,93.1116943359375,71.91686248779297
2019-03-18,79.94129943847656,139.46665954589844,16.618425369262695,93.72103881835938,76.92286682128906
2019-03-19,107.43463134765624,142.8052520751953,59.55683898925781,94.42794799804688,77.79706573486328
2019-03-20,60.30682373046875,60.12119674682617,57.31087112426758,94.199951171875,69.94706726074219
2019-03-21,88.87377166748047,56.38195037841797,107.49282836914062,93.27670288085938,73.11930847167969
2019-03-22,122.84458923339844,118.24347686767578,119.76103973388672,91.6602020263672,81.93746948242188
2019-03-23,77.73173522949219,59.60959243774414,79.55245971679688,90.36642456054688,81.38411712646484
2019-03-24,67.19204711914062,66.98522186279297,78.22120666503906,90.29158020019533,86.3321304321289
2019-03-25,51.393856048583984,9.31557559967041,77.70109558105469,90.4410400390625,82.25392150878906
2019-03-26,88.7294921875,108.11334991455078,65.58342742919922,90.89949798583984,79.58175659179688
2019-03-27,80.89817810058594,84.89386749267578,70.80986785888672,88.96202850341797,82.52338409423828
2019-03-28,81.34545135498047,81.09506225585938,75.15699005126953,87.50969696044922,81.44790649414062
2019-03-29,77.67399597167969,63.76992416381836,98.7822036743164,84.74689483642578,74.99496459960938
2019-03-30,67.22923278808594,24.37174415588379,101.64220428466795,81.56678771972656,73.4946060180664
2019-03-31,22.33191680908203,14.842118263244627,24.759584426879883,76.16127014160156,67.08601379394531
2019-04-01,65.44586181640625,50.18801498413086,75.35116577148438,73.95113372802734,69.09344482421875
2019-04-02,60.65264892578125,9.302453994750977,93.10999298095705,73.38089752197266,65.08246612548828
2019-04-03,83.96876525878906,25.11308860778809,118.69851684570312,74.08125305175781,65.52112579345703
2019-04-04,72.56913757324219,59.578861236572266,106.4885482788086,73.06427001953125,64.26736450195312
2019-04-05,71.19298553466797,33.39945983886719,97.50456237792967,72.73690795898438,63.34150695800781
2019-04-06,58.60221862792969,24.598669052124023,82.07087707519531,71.65379333496094,62.10907745361328
2019-04-07,15.515539169311523,15.467780113220217,12.901657104492188,70.33721160888672,61.13530731201172
2019-04-08,96.8289031982422,111.77256774902344,76.278564453125,70.84466552734375,65.61859893798828
2019-04-09,167.5431671142578,95.44425201416016,230.8688201904297,75.65547943115234,80.888671875
2019-04-10,76.34598541259766,25.370330810546875,112.860595703125,76.70369720458984,79.7997055053711
2019-04-11,104.19609832763672,43.28140640258789,144.40386962890625,76.79972839355469,84.31784057617188
2019-04-12,103.63340759277344,81.17560577392578,166.1935272216797,76.41227722167969,88.95218658447266
2019-04-13,81.09864044189453,31.095773696899418,114.12257385253906,76.89330291748047,92.16596221923828
2019-04-14,51.87466049194336,29.551420211791992,61.62200927734375,76.585205078125,97.36012268066406
2019-04-15,56.66912078857422,41.0870475769043,59.9736442565918,75.7540054321289,91.62300872802734
2019-04-16,124.46063232421876,66.81098175048828,151.25888061523438,78.81748962402344,85.4683609008789
2019-04-17,67.70211029052734,67.49372100830078,56.29642868041992,78.4095230102539,84.2335205078125
2019-04-18,54.60276794433594,36.289794921875,68.10586547851562,76.6484603881836,77.14876556396484
2019-04-19,51.31344223022461,22.735774993896484,66.37358093261719,76.34867858886719,69.67448425292969
2019-04-20,46.23723602294922,32.9249382019043,60.41783142089844,74.92745971679688,64.69428253173828
2019-04-21,86.96478271484375,94.57865142822266,92.03592681884766,73.7314682006836,69.7071533203125
2019-04-22,95.9346694946289,90.0135269165039,84.46519470214844,74.3382339477539,75.31652069091797
2019-04-23,156.499267578125,114.4128646850586,173.51205444335938,77.31513977050781,79.89347076416016
2019-04-24,88.273193359375,138.94969177246094,30.90607261657715,78.54444885253906,82.83219146728516
2019-04-25,99.6260986328125,99.31944274902344,103.55277252197266,78.90766906738281,89.26409912109375
2019-04-26,129.5658721923828,103.33365631103516,150.8333282470703,80.5299301147461,100.4430160522461
2019-04-27,53.717315673828125,41.65153121948242,64.51991271972656,79.6089859008789,101.5115966796875
2019-04-28,29.709129333496097,44.426517486572266,12.352035522460938,78.01016235351562,93.33222198486328
2019-04-29,68.80704498291016,58.795928955078125,98.0832290649414,78.06275177001953,89.45684814453125
2019-04-30,49.37431716918945,44.74757766723633,52.25345993041992,78.96416473388672,74.15328216552734
2019-05-01,61.51911544799805,9.435346603393556,102.31014251708984,78.8332748413086,70.33126831054688
2019-05-02,186.33192443847656,90.8152084350586,247.9053497314453,83.0225830078125,82.71781921386719
2019-05-03,70.14849090576172,54.391998291015625,77.77422332763672,82.5619125366211,74.22962188720703
2019-05-04,51.80648422241211,24.304479598999023,65.88510131835938,81.86981964111328,73.9566421508789
2019-05-05,93.311767578125,31.00818252563477,142.25137329101562,82.60711669921875,83.04273223876953
2019-05-06,134.9949188232422,103.52261352539062,164.0613555908203,85.15353393554688,92.4981460571289
2019-05-07,122.5062026977539,87.9329605102539,138.54013061523438,88.71989440917969,102.945556640625
2019-05-08,56.73699188232422,26.105703353881836,87.09893798828125,87.38349151611328,102.26239776611328
2019-05-09,167.1282501220703,85.44298553466797,213.8036651611328,87.36966705322266,99.51901245117188
2019-05-10,135.96359252929688,57.50397491455078,178.15199279785156,89.35691833496094,108.92117309570312
2019-05-11,56.26442337036133,35.0570182800293,64.33023834228516,87.75919342041016,109.55802154541016
2019-05-12,31.177106857299805,62.16228103637695,0.0,85.34398651123047,100.681640625
2019-05-13,130.95069885253906,38.6807746887207,193.58152770996097,87.00572204589844,100.10389709472656
2019-05-14,248.6771697998047,93.55159759521484,351.14068603515625,93.56580352783205,118.1283187866211
2019-05-15,184.7647399902344,201.73849487304688,204.8502197265625,97.83565521240234,136.41799926757812
2019-05-16,158.53598022460938,199.6395721435547,131.82763671875,98.97150421142578,135.19053649902344
2019-05-17,141.05126953125,119.3114776611328,156.38473510742188,101.41647338867188,135.91734313964844
2019-05-18,81.71419525146484,43.8645133972168,125.44230651855467,102.3201904296875,139.5530242919922
2019-05-19,57.23658752441406,42.79530715942383,71.39102935791016,102.51763153076172,143.2758026123047
2019-05-20,102.84115600585938,53.96031951904297,135.0247039794922,104.40442657470705,139.26016235351562
2019-05-21,131.1907958984375,84.07734680175781,163.63389587402344,105.87862396240234,122.47638702392578
2019-05-22,93.18052673339844,46.44685363769531,123.97203826904295,105.7868194580078,109.39292907714844
2019-05-23,102.54247283935548,97.78219604492188,88.97455596923828,103.9882583618164,101.39385986328124
2019-05-24,148.69381713867188,74.11805725097656,206.07261657714844,106.00228118896484,102.48564910888672
2019-05-25,64.11421203613281,6.087320327758789,101.54853057861328,104.81855010986328,99.97136688232422
2019-05-26,39.71903610229492,0.0,66.05524444580078,101.82365417480467,97.46885681152344
2019-05-27,43.34200668334961,37.03593826293945,41.1888427734375,101.47781372070312,88.96897888183594
2019-05-28,69.45706939697266,0.0,115.5114517211914,102.80274200439452,80.1498794555664
2019-05-29,67.5115737915039,17.947669982910156,97.30583953857422,102.75955963134766,76.4828872680664
2019-05-30,120.23086547851562,107.46139526367188,124.1078109741211,105.12144470214844,79.00979614257812
2019-05-31,104.56336975097656,33.35728454589844,146.07217407226562,106.55625915527344,72.7054443359375
2019-06-01,130.1598358154297,71.3675537109375,167.7595672607422,104.68385314941406,82.14053344726562
2019-06-02,28.994028091430664,43.357173919677734,24.10944366455078,103.3120346069336,80.60839080810547
2019-06-03,129.24758911132812,95.44425201416016,143.29788208007812,105.8934097290039,92.880615234375
2019-06-04,69.39736938476562,18.44900131225586,100.0238800048828,105.09626007080078,92.8720932006836
2019-06-05,122.38550567626952,89.47311401367188,142.47433471679688,104.67594909667967,100.71121978759766
2019-06-06,82.92330169677734,60.91330337524414,116.13191223144533,103.35652160644533,95.3815689086914
2019-06-07,69.92227935791016,60.99366760253906,72.6781997680664,103.79602813720705,90.43284606933594
2019-06-08,50.870506286621094,17.899032592773438,69.67127990722656,99.92076873779295,79.10579681396484
2019-06-09,53.92552185058594,30.7197322845459,64.0582275390625,97.18616485595705,82.66744232177734
2019-06-10,56.934757232666016,30.959732055664062,68.86259460449219,97.20851135253906,72.3370361328125
2019-06-11,74.29241943359375,52.2802848815918,87.2138442993164,98.64569091796876,73.03633117675781
2019-06-12,95.03267669677734,99.25160217285156,75.2596664428711,97.44841766357422,69.1287841796875
2019-06-13,114.66580963134766,59.27333450317383,169.5079345703125,92.98137664794922,73.66342163085938
2019-06-14,192.6398468017578,125.24795532226562,229.83218383789065,93.24388122558594,91.19450378417967
2019-06-15,108.25385284423828,37.00135803222656,149.17013549804688,91.56781005859376,99.39212799072266
2019-06-16,62.501277923583984,62.308895111083984,64.96471405029297,88.94947814941406,100.6172332763672
2019-06-17,126.36498260498048,17.99657440185547,195.1419677734375,90.43783569335938,110.53583526611328
2019-06-18,157.74131774902344,91.04281616210938,200.2020263671875,93.78799438476562,122.45710754394533
2019-06-19,135.55264282226562,8.445961952209473,218.3877716064453,94.8783721923828,128.2456817626953
2019-06-20,72.56913757324219,25.53379821777344,106.4885482788086,92.92432403564452,122.23186492919922
2019-06-21,125.99950408935548,40.519893646240234,196.02603149414065,94.0182876586914,112.7118148803711
2019-06-22,167.47055053710938,106.85124969482422,211.670654296875,96.18255615234376,121.1713409423828
2019-06-23,99.30609893798828,42.42875289916992,153.35568237304688,94.53630065917967,126.4291763305664
2019-06-24,171.24745178222656,21.340042114257812,284.79522705078125,98.10740661621094,132.84095764160156
2019-06-25,82.01680755615234,0.0,136.3990936279297,99.517333984375,122.0231704711914
2019-06-26,123.7572021484375,24.67525291442871,198.9554443359375,102.19783782958984,120.33810424804688
2019-06-27,134.94033813476562,86.79031372070312,159.26171875,104.380615234375,129.24827575683594
2019-06-28,153.90248107910156,87.67357635498047,201.1031494140625,107.26030731201172,133.2344207763672
2019-06-29,83.27684020996094,36.89800262451172,117.97689056396484,106.02851104736328,121.20674896240234
2019-06-30,23.661197662353516,0.0,39.35005569458008,103.33177185058594,110.40032958984376
2019-07-01,112.51927947998048,26.92150497436523,172.156494140625,102.7437515258789,102.01058959960938
2019-07-02,138.2222442626953,47.516136169433594,214.01901245117188,106.38468933105467,110.0399398803711
2019-07-03,66.82413482666016,9.51692008972168,103.19467163085938,104.3039093017578,101.90664672851562
2019-07-04,105.83283996582033,52.753536224365234,158.40597534179688,105.51842498779295,97.74842834472656
2019-07-05,98.34883880615234,35.65312957763672,141.25660705566406,104.71720123291016,89.81219482421875
2019-07-06,52.012840270996094,38.88955307006836,54.06288146972656,103.68685913085938,85.34590911865234
2019-07-07,52.02985763549805,17.289901733398438,72.10742950439453,103.09043884277344,89.39857482910156
2019-07-08,53.5069694519043,9.698594093322754,80.8958511352539,103.1783218383789,80.96824645996094
2019-07-09,96.6531753540039,35.038421630859375,138.82113647460938,104.60257720947266,75.0298080444336
2019-07-10,100.7791748046875,26.20929718017578,153.02798461914062,106.06405639648438,79.88053131103516
2019-07-11,119.67986297607422,68.17799377441406,156.38473510742188,107.57697296142578,81.85867309570312
2019-07-12,107.3701400756836,39.64431381225586,145.49600219726562,107.98822021484376,83.14743041992188
2019-07-13,77.71419525146484,38.737491607666016,96.93268585205078,106.75650024414062,86.81905364990234
2019-07-14,31.32451629638672,15.614048957824709,39.07097625732422,101.37932586669922,83.86114501953125
2019-07-15,31.055322647094727,30.959732055664062,43.03912353515625,98.80603790283205,80.65377044677734
2019-07-16,76.37043762207031,28.550762176513672,111.13272094726562,99.26834869384766,77.75623321533203
2019-07-17,147.22523498535156,82.55928039550781,198.9364013671875,99.96368408203124,84.39138793945312
2019-07-18,102.68067169189452,115.71651458740234,103.94354248046876,98.12833404541016,81.96292877197266
2019-07-19,48.779441833496094,17.683380126953125,66.37358093261719,95.23589324951172,73.59283447265625
2019-07-20,86.82132720947266,39.94804000854492,138.83587646484375,95.71096801757812,74.89385223388672
2019-07-21,61.02098083496094,17.380901336669922,86.98432922363281,93.54501342773438,79.13619995117188
2019-07-22,193.0157470703125,104.0116958618164,242.9168701171875,94.39652252197266,102.27340698242188
2019-07-23,139.26712036132812,99.1703109741211,198.52279663085935,95.72855377197266,111.2586441040039
2019-07-24,99.51920318603516,47.24422454833984,126.1003189086914,93.33761596679688,104.44349670410156
2019-07-25,74.43972778320312,37.10529708862305,92.84844207763672,93.08504486083984,100.4090805053711
2019-07-26,137.65362548828125,61.97479248046875,192.00294494628903,93.54825592041016,113.10539245605467
2019-07-27,62.81315994262695,13.18311882019043,98.9642105102539,91.1440200805664,109.67565155029295
2019-07-28,31.775230407714844,0.0,52.844200134277344,87.07311248779297,105.49768829345705
2019-07-29,137.6140899658203,88.19389343261719,171.64564514160156,88.88435363769531,97.58316802978516
2019-07-30,152.35845947265625,137.19049072265625,155.29843139648438,93.17426300048828,99.45335388183594
2019-07-31,89.65638732910156,84.67618560791016,109.86624908447266,92.41216278076172,98.04438018798828
2019-08-01,107.72577667236328,89.49515533447266,111.97169494628906,91.39561462402344,102.79953002929688
2019-08-02,110.98809051513672,42.55633163452149,156.18321228027344,92.86774444580078,98.99017333984376
2019-08-03,112.1785888671875,78.94114685058594,131.68942260742188,93.07926940917967,106.04237365722656
2019-08-04,115.36304473876952,147.86737060546875,82.22399139404297,93.64641571044922,117.98348999023438
2019-08-05,103.51773834228516,103.19910430908205,94.68607330322266,95.36324310302734,113.11258697509766
2019-08-06,270.9353332519531,183.4650726318359,306.05596923828125,102.66009521484376,130.05213928222656
2019-08-07,106.0021743774414,88.06324005126953,124.87084197998048,104.4099349975586,132.3872528076172
2019-08-08,144.63323974609375,148.83926391601562,124.14664459228516,106.00926971435548,137.6597442626953
2019-08-09,105.86102294921876,61.56217956542969,132.04013061523438,106.1786651611328,136.92730712890625
2019-08-10,90.65974426269533,20.85708236694336,139.1749267578125,105.2113265991211,133.85317993164062
2019-08-11,76.1509780883789,60.7332649230957,88.65069580078125,104.17068481445312,128.25146484375
2019-08-12,151.52122497558594,83.3405990600586,191.164306640625,106.63092041015624,135.10910034179688
2019-08-13,40.672725677490234,27.03168678283691,45.09419250488281,106.9425277709961,102.21444702148438
2019-08-14,105.77139282226562,86.27384948730469,111.93920135498048,109.43306732177734,102.18147277832033
2019-08-15,96.88568878173828,101.1868667602539,107.41797637939452,110.11690521240234,95.3603973388672
2019-08-16,104.6073989868164,78.21405792236328,115.97911071777344,108.6963119506836,95.18130493164062
2019-08-17,99.67605590820312,33.12308120727539,149.19078063964844,108.59616088867188,96.46935272216795
2019-08-18,88.65753173828125,64.27973175048828,107.23129272460938,109.92543029785156,98.2560043334961
2019-08-19,127.8534927368164,46.34907150268555,173.96865844726562,111.2931671142578,94.8749008178711
2019-08-20,76.67980194091797,50.962520599365234,110.52021026611328,111.81512451171876,100.01876831054688
2019-08-21,114.39083099365234,47.516136169433594,150.60597229003906,109.19429779052734,101.25011444091795
2019-08-22,147.9677276611328,66.61843872070312,206.38934326171875,109.48431396484376,108.54754638671876
2019-08-23,96.78153228759766,70.16990661621094,146.32159423828125,109.39305877685548,107.4295654296875
2019-08-24,66.05319213867188,46.094913482666016,76.89541625976562,109.11351013183594,102.62630462646484
2019-08-25,83.02174377441406,99.31944274902344,82.84222412109375,107.29244995117188,101.8211898803711
2019-08-26,121.19149780273438,69.03912353515625,143.963623046875,109.23838806152344,100.86947631835938
2019-08-27,178.0950469970703,111.6008758544922,203.09706115722656,114.11571502685548,115.35736846923828
2019-08-28,83.47319030761719,78.8364486694336,102.2892608642578,112.31101989746094,110.94055938720705
2019-08-29,76.37043762207031,57.101524353027344,79.38050842285156,109.77809143066406,100.7123794555664
2019-08-30,45.77669143676758,41.48707580566406,55.36690902709961,108.3154296875,93.42597198486328
2019-08-31,37.03073501586914,13.424273490905762,50.387264251708984,105.95893096923828,89.2799072265625
2019-09-01,35.542572021484375,56.69306945800781,11.821905136108398,103.44407653808594,82.4971694946289
2019-09-02,118.91268920898438,146.77206420898438,113.00528717041016,103.66854858398438,82.17162322998047
2019-09-03,83.72998809814453,41.73612976074219,113.13917541503906,102.6141128540039,68.69090270996094
2019-09-04,89.6500015258789,53.62443542480469,104.36550903320312,102.15185546875,69.57330322265625
2019-09-05,81.01388549804688,44.86917495727539,127.24610137939452,95.8211441040039,70.23664855957031
2019-09-06,81.73868560791016,42.887939453125,100.1637725830078,95.01235961914062,75.37407684326172
2019-09-07,18.947002410888672,25.18490982055664,10.503351211547852,90.82281494140624,72.79068756103516
2019-09-08,64.95230865478516,43.168251037597656,96.01756286621094,89.45919036865234,76.99208068847656
2019-09-09,72.8570556640625,87.15936279296875,56.5440673828125,88.86576843261719,70.41270446777344
2019-09-10,104.88341522216795,104.5605697631836,138.0885772705078,89.82351684570312,73.43462371826172
2019-09-11,98.7486343383789,17.899032592773438,156.76039123535156,88.0644302368164,74.73442840576172
2019-09-12,79.50162506103516,70.4505844116211,88.14412689208984,89.35872650146484,74.51838684082031
2019-09-13,70.56848907470703,41.38309860229492,96.64925384521484,88.18529510498047,72.92264556884766
2019-09-14,46.437862396240234,55.55390930175781,51.48604965209961,86.50370788574219,76.84991455078125
2019-09-15,74.36376190185547,67.39533233642578,89.94297790527344,85.4955825805664,78.19440460205078
2019-09-16,178.9195556640625,122.31005096435548,229.5419921875,88.13703155517578,93.34619140625
2019-09-17,253.3421173095703,200.1437225341797,325.92974853515625,93.62651824951172,114.55458068847656
2019-09-18,115.36304473876952,65.71883392333984,157.59597778320312,93.21017456054688,116.92806243896484
2019-09-19,157.13462829589844,76.20857238769531,240.13623046875,95.89199829101562,128.01849365234375
2019-09-20,126.9625244140625,130.4072265625,121.56927490234376,96.3110580444336,136.0747833251953
2019-09-21,80.55854797363281,83.52301025390625,69.66643524169922,94.06407928466795,140.9491729736328
2019-09-22,108.32837677001952,113.67887115478516,94.81940460205078,94.448974609375,145.80125427246094
2019-09-23,52.5804443359375,47.65326690673828,63.596046447753906,93.99988555908205,127.75281524658205
2019-09-24,103.2372055053711,71.59613037109375,141.83082580566406,94.67373657226562,106.30924987792967
2019-09-25,124.11428833007812,76.79933166503906,142.3516082763672,94.77116394042967,107.55943298339844
2019-09-26,70.6681137084961,52.83794403076172,88.14412689208984,91.19026184082033,95.20706939697266
2019-09-27,88.05559539794922,16.720867156982422,146.4419708251953,91.34300994873048,89.64894104003906
2019-09-28,38.8308219909668,11.911168098449709,54.64299774169922,90.09169006347656,83.68783569335938
2019-09-29,61.0611572265625,91.30980682373048,25.38713264465332,90.6011734008789,76.93537902832031
2019-09-30,95.55484008789062,42.33809280395508,123.59953308105467,92.55197143554688,83.07457733154297
2019-10-01,90.1378936767578,71.88835906982422,119.92398071289062,94.37181854248048,81.2032470703125
2019-10-02,69.64662170410156,8.679030418395996,115.82669830322266,92.7296142578125,73.42214965820312
2019-10-03,46.477352142333984,25.273250579833984,63.24116134643555,91.48786163330078,69.96632385253906
2019-10-04,111.27488708496094,59.732810974121094,135.23403930664062,92.2086944580078,73.28337097167969
2019-10-05,54.147743225097656,50.80571365356445,52.971229553222656,91.31315612792967,75.47149658203125
2019-10-06,38.97138595581055,46.62171173095703,25.924739837646484,89.8875732421875,72.3158187866211
2019-10-07,52.96256637573242,28.79975128173828,64.0582275390625,91.02143096923828,66.23120880126953
2019-10-08,118.77732849121094,87.71238708496094,131.68942260742188,92.81559753417967,70.32255554199219
2019-10-09,82.47056579589844,73.08152770996094,99.0554656982422,93.13604736328124,72.15454864501953
2019-10-10,165.16957092285156,109.77410888671876,213.64572143554688,95.14558410644533,89.11058044433594
2019-10-11,204.3184814453125,277.364501953125,180.74172973632812,98.66458129882812,102.40251922607422
2019-10-12,103.07038879394533,108.46163177490234,95.22917175292967,99.45020294189452,109.39147186279295
2019-10-13,94.85326385498048,101.83524322509766,109.20939636230467,100.25969696044922,117.37459564208984
2019-10-14,118.4822998046875,68.90193939208984,164.20291137695312,102.6611785888672,126.73455810546876
2019-10-15,108.06958770751952,93.68428802490234,179.72650146484375,103.78470611572266,125.2048797607422
2019-10-16,193.5018615722656,119.41815948486328,283.49554443359375,104.27078247070312,141.06649780273438
2019-10-17,114.77235412597656,15.781941413879396,177.7099151611328,99.65179443359376,133.8668975830078
2019-10-18,106.58197021484376,76.5028076171875,127.62179565429688,99.3590850830078,119.90453338623048
2019-10-19,113.19326782226562,66.37931823730469,138.4172821044922,97.89437866210938,121.35065460205078
2019-10-20,36.48202133178711,29.095781326293945,36.403133392333984,94.87835693359376,113.01190948486328
2019-10-21,93.44337463378906,55.89345169067383,116.55164337158205,95.30785369873048,109.43492126464844
2019-10-22,54.304386138916016,72.18297576904297,37.62983322143555,93.5070571899414,101.7541732788086
2019-10-23,97.05612182617188,16.827369689941406,154.392578125,94.98957824707033,87.97621154785156
2019-10-24,116.30601501464844,42.94371032714844,179.09646606445312,95.42520141601562,88.19530487060547
2019-10-25,140.87469482421875,96.3024444580078,167.34530639648438,95.98388671875,93.09426879882812
2019-10-26,28.694042205810547,31.784133911132812,31.813325881958008,94.58474731445312,81.02294921875
2019-10-27,7.667980670928955,0.0,12.75233268737793,91.90515899658205,76.90666198730469
2019-10-28,98.2957763671875,97.99321746826172,114.430419921875,93.8873291015625,77.59986114501953
2019-10-29,95.01498413085938,68.88909912109375,107.73809051513672,95.01911926269533,83.41565704345703
2019-10-30,113.28890991210938,90.35215759277344,113.04393005371094,95.61026000976562,85.73462677001953
2019-10-31,83.14237976074219,52.34934616088867,109.16131591796876,95.3770751953125,80.99696350097656
2019-11-01,100.65813446044922,72.98058319091797,106.52777099609376,96.4107894897461,75.25174713134766
2019-11-02,60.810420989990234,44.66975784301758,63.872554779052734,96.88855743408205,79.83979797363281
2019-11-03,54.304386138916016,61.87112045288086,38.70497131347656,94.98954010009766,86.50214385986328
2019-11-04,59.24114990234375,9.843133926391602,90.31159210205078,95.1593246459961,80.92291259765625
2019-11-05,77.9427719116211,48.56428527832031,97.21778869628906,96.45836639404295,78.48402404785156
2019-11-06,85.79312133789062,95.0322723388672,71.33966827392578,97.55271911621094,74.5560531616211
2019-11-07,63.615840911865234,45.300018310546875,75.56938171386719,95.71400451660156,71.76654815673828
2019-11-08,98.94168853759766,94.691650390625,92.14588928222656,96.2630386352539,71.5213394165039
2019-11-09,26.858657836914062,11.900437355041504,44.66762924194336,91.65267944335938,66.67108917236328
2019-11-10,55.60665512084961,47.516136169433594,66.05524444580078,86.69561767578125,66.85712432861328
2019-11-11,92.58729553222656,61.53487014770508,111.20667266845705,86.34618377685547,71.62086486816406
2019-11-12,62.41069412231445,67.004638671875,63.872554779052734,85.26476287841797,69.40199279785156
2019-11-13,160.1495819091797,142.8506622314453,189.24070739746097,86.65367126464844,80.02434539794922
2019-11-14,85.79312133789062,28.509681701660156,118.89944458007812,85.91112518310547,83.1925277709961
2019-11-15,75.07235717773438,56.130958557128906,85.83439636230469,81.96347045898438,79.78262329101562
2019-11-16,69.26277923583984,54.03879928588867,75.12283325195312,80.44648742675781,85.8403549194336
2019-11-17,73.94124603271484,14.74272918701172,110.67202758789062,79.35845947265625,88.45957946777344
2019-11-18,109.09654235839844,79.09871673583984,156.69332885742188,79.2219009399414,90.81804656982422
2019-11-19,61.16957092285156,46.90868377685547,62.60235977172851,80.0448226928711,90.64073944091795
2019-11-20,101.92516326904295,33.87047576904297,141.25660705566406,80.32755279541016,82.32296752929688
2019-11-21,62.8968505859375,41.80216979980469,76.70770263671875,80.61396789550781,79.05207061767578
2019-11-22,64.28498840332031,22.618980407714844,88.04350280761719,79.52159118652344,77.51101684570312
2019-11-23,37.21986389160156,33.732086181640625,33.76306915283203,76.88539123535156,72.93346405029297
2019-11-24,52.461483001708984,29.885713577270508,74.78291320800781,73.93827819824219,69.86492156982422
2019-11-25,36.63187026977539,31.302099227905273,34.81205368041992,74.20287322998047,59.5128288269043
2019-11-26,70.48016357421875,46.84214401245117,78.14195251464844,76.29661560058594,60.84291076660156
2019-11-27,93.2492218017578,97.3889617919922,81.23201751708984,76.1283950805664,59.603492736816406
2019-11-28,38.01306915283203,10.827446937561035,63.218116760253906,74.22833251953125,56.04866409301758
2019-11-29,108.37702941894533,75.16065216064453,117.54639434814452,74.06460571289062,62.347530364990234
2019-11-30,72.47185516357422,72.248779296875,75.3282699584961,73.70891571044922,67.38352966308594
2019-12-01,59.45634460449219,50.80571365356445,56.50264358520508,72.33552551269531,68.38279724121094
2019-12-02,77.88168334960938,31.056781768798828,112.25251007080078,72.90457153320312,74.27562713623047
2019-12-03,85.84397888183594,50.341026306152344,100.77452850341795,73.95588684082031,76.47045135498047
2019-12-04,47.662845611572266,47.516136169433594,63.41303634643555,73.5699462890625,69.95811462402344
2019-12-05,103.14582061767578,94.91845703125,92.36659240722656,74.41004943847656,79.2627944946289
2019-12-06,88.65753173828125,64.27973175048828,113.9332504272461,74.50552368164062,76.44572448730469
2019-12-07,12.234784126281738,12.197124481201172,20.347211837768555,72.7928237915039,67.84042358398438
2019-12-08,37.47248458862305,44.82857131958008,24.927637100219727,70.74385070800781,64.69987487792969
2019-12-09,82.81419372558594,51.599552154541016,103.2938995361328,72.60903930664062,65.4045181274414
2019-12-10,76.30575561523438,26.848546981811523,119.43648529052734,73.29900360107422,64.04191589355469
2019-12-11,97.42845916748048,138.75509643554688,77.15696716308594,73.46038055419922,71.15129089355469
2019-12-12,97.68965911865234,70.82833862304688,110.77093505859376,74.63634490966797,70.37184143066406
2019-12-13,99.6260986328125,41.38309860229492,138.0703582763672,72.618896484375,71.93877410888672
2019-12-14,48.30827713012695,68.79940032958984,22.954198837280273,71.36940002441406,77.09213256835938
2019-12-15,48.35865020751953,48.20980072021485,40.21173477172851,70.47894287109375,78.64730072021484
2019-12-16,94.9302978515625,59.771427154541016,116.32897186279295,71.33452606201172,80.378173828125
2019-12-17,82.32990264892578,48.28028106689453,104.70336151123048,71.61415100097656,81.23876190185547
2019-12-18,119.12415313720705,109.6222915649414,137.15371704101562,71.94840240478516,84.33815002441406
2019-12-19,69.01182556152344,34.39970016479492,93.25143432617188,72.20980834960938,80.24131774902344
2019-12-20,49.50848388671875,71.79067993164062,22.4551944732666,70.46258544921875,73.08165740966797
2019-12-21,52.75989532470703,30.055709838867188,62.673580169677734,70.12468719482422,73.71759796142578
2019-12-22,25.416120529174805,33.78384780883789,28.179067611694336,68.82906341552734,70.44009399414062
2019-12-23,34.808067321777344,23.133949279785156,38.59199523925781,68.74866485595703,61.8512077331543
2019-12-24,58.21735763549805,34.82289505004883,67.77338409423828,68.9405288696289,58.40655899047851
2019-12-25,45.37763977050781,30.15863990783691,50.310569763183594,69.2320556640625,47.871341705322266
2019-12-26,44.167572021484375,52.83794403076172,44.07206344604492,68.35496520996094,44.32216262817383
2019-12-27,111.91106414794922,111.56658935546876,93.05755615234376,68.9770278930664,53.23681640625
2019-12-28,60.940799713134766,60.75321960449219,57.91334915161133,69.74128723144531,54.405517578125
2019-12-29,36.3021125793457,36.190372467041016,45.27951431274414,67.33879089355469,55.96065902709961
2019-12-30,128.64340209960938,153.89691162109375,85.57682037353516,69.21117401123047,69.36570739746094
2019-12-31,165.35279846191406,142.86463928222656,210.8272399902344,72.74105834960938,84.67076873779297
2020-01-01,114.53026580810548,105.39482879638672,131.8645477294922,73.96267700195312,94.54971313476562
2020-01-02,163.1806640625,86.76181030273438,199.01177978515625,76.54056549072266,111.55158996582033
2020-01-03,80.7943344116211,40.27281951904297,125.9681625366211,77.64495086669922,107.10633850097656
2020-01-04,229.9917449951172,212.1730804443359,313.9848937988281,81.8731460571289,131.2564697265625
2020-01-05,199.252197265625,248.298583984375,289.9477844238281,85.55963897705078,154.53506469726562
2020-01-06,251.98611450195312,115.13814544677734,357.9545593261719,93.55134582519533,172.1554412841797
2020-01-07,413.4556884765625,147.20822143554688,622.1167602539062,106.08412170410156,207.5987091064453
2020-01-08,180.6054229736328,158.09225463867188,227.10003662109375,109.34382629394533,217.03802490234375
2020-01-09,394.46002197265625,339.62139892578125,551.646240234375,119.94896697998048,250.0779266357422
2020-01-10,167.3013916015625,166.7864227294922,187.8070831298828,122.27806854248048,262.43609619140625
2020-01-11,120.16177368164062,32.376190185546875,183.6335906982422,123.02713775634766,246.74609375
2020-01-12,175.7330322265625,140.1536865234375,233.8040313720703,125.56403350830078,243.38619995117188
2020-01-13,152.72569274902344,126.00462341308594,157.6504669189453,129.04461669921875,229.2061462402344
2020-01-14,131.77566528320312,81.54003143310547,151.13876342773438,131.82518005371094,188.9661407470703
2020-01-15,153.5319366455078,64.93427276611328,216.64637756347656,133.778564453125,185.09849548339844
2020-01-16,145.94757080078125,44.09040451049805,213.2993621826172,135.89915466308594,149.5967254638672
2020-01-17,129.82249450683594,83.49864196777344,174.11529541015625,136.25576782226562,144.2425994873047
2020-01-18,38.81915283203125,19.34983253479004,53.79890441894531,135.2493438720703,132.62222290039062
2020-01-19,93.311767578125,62.01636505126953,103.4555435180664,136.70945739746094,120.8477554321289
2020-01-20,119.11630249023438,33.928470611572266,179.2313995361328,138.9213409423828,116.0464096069336
2020-01-21,119.32880401611328,85.65228271484375,150.82298278808594,142.0517578125,114.2682876586914
2020-01-22,77.99105834960938,24.55294609069824,129.70401000976562,143.49119567871094,103.47673797607422
2020-01-23,93.07342529296876,16.870351791381836,147.75115966796875,144.65306091308594,95.92328643798828
2020-01-24,51.96184921264648,8.633650779724121,79.21449279785156,144.87254333496094,84.80033874511719
2020-01-25,33.125675201416016,0.0,55.0900764465332,144.5044708251953,83.98698425292969
2020-01-26,23.32794189453125,15.504091262817385,25.8638858795166,141.55169677734375,73.98929595947266
2020-01-27,72.01234436035156,30.76743507385254,94.09795379638672,141.92076110839844,67.2601547241211
2020-01-28,99.59353637695312,51.80190658569336,136.8250274658203,144.0304718017578,64.44083404541016
2020-01-29,47.01708984375,8.522249221801758,71.08396911621094,141.30958557128906,60.0159797668457
2020-01-30,188.068359375,42.61124038696289,284.33587646484375,142.0667724609375,73.58668518066406
2020-01-31,73.97793579101562,40.97234725952149,88.8549575805664,140.71502685546875,76.73184204101562
2020-02-01,89.04752349853516,41.42759704589844,118.47328186035156,138.24392700195312,84.72067260742188
2020-02-02,41.14990997314453,41.02324676513672,34.217437744140625,136.92245483398438,87.26667022705078
2020-02-03,107.51765441894533,112.29082489013672,93.6616439819336,132.83998107910156,92.33885955810548
2020-02-04,143.60842895507812,181.34408569335935,103.49291229248048,130.9851837158203,98.62670135498048
2020-02-05,68.34733581542969,36.3397102355957,98.51045989990234,124.8638916015625,101.67388153076172
2020-02-06,90.6311264038086,36.140865325927734,128.116455078125,114.1030731201172,87.7542724609375
2020-02-07,78.96466064453125,23.61648178100586,111.6247100830078,110.71504974365234,88.46665954589844
2020-02-08,31.170438766479492,22.599632263183594,37.700653076171875,98.60539245605467,80.1985092163086
2020-02-09,31.473329544067383,31.37645149230957,39.256587982177734,94.07779693603516,78.8161392211914
2020-02-10,24.757606506347656,19.745119094848633,24.704071044921875,90.89765167236328,66.99327850341797
2020-02-11,90.2606964111328,89.98286437988281,82.56005859375,88.04857635498047,59.372169494628906
2020-02-12,62.03310012817383,74.2105941772461,41.26597595214844,85.0254898071289,58.47013854980469
2020-02-13,58.852725982666016,83.8165283203125,27.96450424194336,82.5947265625,53.93036651611328
2020-02-14,89.18451690673828,59.27333450317383,120.068115234375,80.44981384277344,55.39034652709961
2020-02-15,53.96038055419922,47.817142486572266,59.82632827758789,77.38357543945312,58.64604949951172
2020-02-16,73.43130493164062,0.0,122.12085723876952,75.50386810302734,64.64004516601562
2020-02-17,84.64823913574219,78.76183319091797,112.6202621459961,77.03150177001953,73.19585418701172
2020-02-18,83.42762756347656,0.0,138.74537658691406,76.70203399658203,72.21969604492188
2020-02-19,54.75318145751953,45.487205505371094,53.117156982421875,74.55659484863281,71.1797103881836
2020-02-20,111.30940246582033,53.26405334472656,140.68702697753906,74.2892837524414,78.67352294921875
2020-02-21,103.92369842529295,86.33650207519531,129.62371826171875,75.15370178222656,80.77912139892578
2020-02-22,77.33621215820312,89.9478530883789,75.02539825439453,74.6291275024414,84.11852264404297
2020-02-23,37.9012336730957,30.22765350341797,37.81927490234375,74.16043853759766,79.04280090332031
2020-02-24,80.91768646240234,70.58502960205078,75.6962890625,75.75350952148438,78.5098648071289
2020-02-25,115.451416015625,44.2677116394043,155.0792999267578,78.82428741455078,83.08468627929688
2020-02-26,102.60165405273438,19.48301696777344,154.38221740722656,79.84393310546875,89.9201889038086
2020-02-27,63.96682357788086,72.87992095947266,53.19041442871094,78.65637969970703,83.1569595336914
2020-02-28,55.13877487182617,59.19743347167969,56.4302978515625,78.9271011352539,76.18768310546875
2020-02-29,90.31626892089844,75.51596069335938,101.7494888305664,75.66869354248047,78.04197692871094
2020-03-01,53.67586517333984,45.866268157958984,63.761661529541016,74.99195861816406,80.29550170898438
2020-03-02,106.23394775390624,125.16276550292967,104.39810943603516,75.5648422241211,83.912109375
2020-03-03,123.0382308959961,141.5301971435547,86.57012176513672,78.29444885253906,84.99594116210938
2020-03-04,144.92483520507812,140.3507843017578,185.92901611328125,79.5413589477539,91.04210662841795
2020-03-05,79.18489074707031,122.7973403930664,58.52863693237305,77.39390563964844,93.21611785888672
2020-03-06,51.327030181884766,55.10512161254883,78.79391479492188,76.8265609741211,92.6715850830078
2020-03-07,64.26498413085938,69.8914566040039,68.01244354248047,75.94769287109375,88.94996643066406
2020-03-08,65.09412384033203,28.84167098999023,84.19880676269531,75.48534393310547,90.58114624023438
2020-03-09,72.8036880493164,41.47405242919922,95.13199615478516,76.87311553955078,85.8053970336914
2020-03-10,71.64586639404297,16.80596160888672,112.14264678955078,78.21220397949219,78.46363067626953
2020-03-11,90.98188018798828,65.9649658203125,110.04259490966795,80.419677734375,70.75749206542969
2020-03-12,74.83802795410156,70.68095397949219,72.05598449707031,79.90558624267578,70.13651275634766
2020-03-13,68.06645965576172,82.93626403808594,81.75467681884766,80.10669708251953,72.52786254882812
2020-03-14,66.94995880126953,40.626712799072266,87.13719940185547,80.3766098022461,72.91143035888672
2020-03-15,32.08298110961914,15.99211311340332,53.35600662231445,78.47322082519531,68.19554901123047
2020-03-16,34.45463943481445,9.813881874084473,49.114479064941406,77.82302856445312,62.71711730957031
2020-03-17,99.09390258789062,94.08465576171876,86.32347869873047,78.67845153808594,66.63826751708984
2020-03-18,87.61199188232422,74.86483764648438,83.25955963134766,78.7772445678711,66.15685272216797
2020-03-19,89.16736602783203,97.78219604492188,81.56000518798828,78.96856689453125,68.20390319824219
2020-03-20,57.803192138671875,26.59627914428711,81.34104919433594,79.07023620605469,66.73771667480469
2020-03-21,59.94169998168945,56.61207580566406,52.466739654541016,77.35797882080078,65.73654174804688
2020-03-22,79.82090759277344,47.74512481689453,119.4724578857422,76.55455017089844,72.55624389648438
2020-03-23,121.19149780273438,40.27281951904297,167.95755004882812,78.01639556884766,84.94721984863281
2020-03-24,191.0130157470703,100.22371673583984,275.8683776855469,83.1201171875,98.07852172851562
2020-03-25,53.35679244995117,17.730854034423828,81.34104919433594,82.20142364501953,93.18492126464844
2020-03-26,56.70586395263672,28.26565933227539,78.58783721923828,80.24324035644531,88.54756927490234
2020-03-27,52.12910461425781,47.24422454833984,55.168888092041016,78.56082153320312,87.73698425292969
2020-03-28,67.86724090576172,32.218257904052734,91.36890411376952,78.69083404541016,88.86920166015625
2020-03-29,157.74131774902344,148.97915649414062,151.8773956298828,82.11091613769531,100.0006866455078
2020-03-30,103.51773834228516,39.31394577026367,139.36477661132812,82.55096435546875,97.47586822509766
2020-03-31,89.26080322265625,59.32403564453125,107.2112274169922,83.73712921142578,82.93983459472656
2020-04-01,65.59539794921875,9.341927528381348,101.2971649169922,82.38251495361328,84.6882095336914
2020-04-02,47.594364166259766,9.489572525024414,79.15240478515625,79.86772155761719,83.38656616210938
2020-04-03,84.5761947631836,56.210575103759766,93.77033996582033,77.85609436035156,88.02186584472656
2020-04-04,76.49503326416016,46.41887664794922,94.02924346923828,77.76643371582031,89.25440979003906
2020-04-05,95.13902282714844,17.24475860595703,143.83831787109375,79.22683715820312,80.31121826171875
2020-04-06,99.32736206054688,108.92378997802734,90.85319519042967,80.39558410644531,79.71260070800781
2020-04-07,106.5297393798828,60.686763763427734,143.4197998046875,81.77677154541016,82.1795883178711
2020-04-08,78.2134017944336,55.03952407836914,91.8167953491211,81.95709228515625,83.98216247558594
2020-04-09,60.910011291503906,84.07734680175781,38.96044921875,81.59922790527344,85.88439178466797
2020-04-10,85.4856185913086,71.01873779296875,94.77862548828124,81.41602325439453,86.01431274414062
2020-04-11,42.92744445800781,7.132551193237305,65.4417724609375,80.35233306884766,81.21894073486328
2020-04-12,42.68772888183594,0.0,70.99236297607422,79.50637817382812,73.72589874267578
2020-04-13,88.7790298461914,77.44254302978516,92.27819061279295,80.23401641845703,72.218994140625
2020-04-14,91.17159271240234,43.28140640258789,137.1836700439453,82.2036361694336,70.02497863769531
2020-04-15,89.52886199951172,68.00249481201172,99.26139831542967,84.03944396972656,71.64147186279297
2020-04-16,48.45511245727539,17.56580352783203,65.9322738647461,82.35147857666016,69.86219787597656
2020-04-17,73.5105209350586,45.80265426635742,84.04866027832031,81.88143157958984,68.15147399902344
2020-04-18,43.82669448852539,29.12786293029785,48.591026306152344,80.37007904052734,68.27993774414062
2020-04-19,37.47248458862305,14.942856788635254,49.85527420043945,79.6923828125,67.53489685058594
2020-04-20,25.87943458557129,0.0,43.03912353515625,78.55697631835938,58.54924392700195
2020-04-21,54.08273696899414,35.94417953491211,59.96199035644531,77.69903564453125,53.25083541870117
2020-04-22,137.26109313964844,136.83859252929688,114.13689422607422,78.23469543457031,60.069725036621094
2020-04-23,100.9369659423828,82.33058166503906,114.45307159423828,75.2321548461914,67.56713104248047
2020-04-24,45.83427047729492,8.307851791381836,76.22526550292969,74.98140716552734,63.61338424682617
2020-04-25,48.61210632324219,27.692840576171875,57.74641036987305,74.71161651611328,64.29701232910156
2020-04-26,40.99712371826172,16.348373413085938,54.54462814331055,74.34054565429688,64.80052947998047
2020-04-27,49.002479553222656,19.540658950805664,65.19535827636719,73.71172332763672,68.10382843017578
2020-04-28,95.68627166748048,127.1889877319336,75.77727508544922,71.64321899414062,74.04718780517578
2020-04-29,79.46189880371094,99.0216293334961,66.07505798339844,70.84136199951172,65.7901611328125
2020-04-30,56.9495849609375,56.774288177490234,55.2479248046875,69.76432037353516,59.506248474121094
2020-05-01,60.41156768798828,60.225616455078125,50.23411178588867,69.59152221679688,61.58871841430664
2020-05-02,69.95919036865234,34.871925354003906,98.89453887939452,70.33702087402344,64.6383056640625
2020-05-03,26.1518497467041,0.0,43.492164611816406,68.38954162597656,62.517547607421875
2020-05-04,59.59642028808594,29.70648765563965,74.33443450927734,67.82625579833984,64.03096771240234
2020-05-05,41.63842010498047,36.89800262451172,38.47072219848633,66.04290008544922,56.30984878540039
2020-05-06,80.7943344116211,113.71149444580078,47.423309326171875,65.42513275146484,56.50019454956055
2020-05-07,56.14521408081055,27.986196517944336,70.02975463867188,63.74564743041992,56.385284423828125
2020-05-08,70.48016357421875,93.68428802490234,54.699363708496094,63.48787307739258,57.82365417480469
2020-05-09,24.668058395385746,14.05264377593994,29.30323028564453,62.279808044433594,51.353492736816406
2020-05-10,41.71999740600586,0.0,69.38296508789062,60.820953369140625,53.5775146484375
2020-05-11,37.912078857421875,37.795379638671875,31.52507972717285,60.653778076171875,50.47975158691406
2020-05-12,39.43532943725586,9.828486442565918,57.385498046875,60.54536437988281,50.16502380371094
2020-05-13,59.53266525268555,33.91395568847656,70.7189712524414,59.57048416137695,47.12764358520508
2020-05-14,82.12977600097656,45.487205505371094,98.6461410522461,59.26908874511719,50.839725494384766
2020-05-15,45.81698226928711,27.40557289123535,53.33755874633789,57.81202697753906,47.31641387939453
2020-05-16,51.97543716430664,55.26980972290039,46.10047912597656,57.92937088012695,51.21746826171875
2020-05-17,75.47622680664062,33.441734313964844,111.57483673095705,57.994895935058594,56.0397834777832
2020-05-18,135.0965576171875,140.0679473876953,125.81746673583984,61.03722381591797,69.92327880859375
2020-05-19,99.47650909423828,79.33625030517578,99.26139831542967,63.10402297973633,78.50059509277344
2020-05-20,99.69424438476562,45.17607879638672,128.116455078125,65.56452178955078,84.23796081542969
2020-05-21,73.20591735839844,27.36771774291992,106.52777099609376,66.20195770263672,82.96312713623047
2020-05-22,135.6533660888672,69.79913330078125,174.65809631347656,66.14836883544922,95.79689025878906
2020-05-23,36.32925796508789,39.50992584228515,32.95518112182617,63.99477767944336,93.5617218017578
2020-05-24,17.761756896972656,17.70708465576172,14.769457817077637,63.059024810791016,85.31680297851562
2020-05-25,129.1339874267578,11.19447898864746,205.42062377929688,65.74308776855469,84.46500396728516
2020-05-26,120.3618621826172,73.03822326660156,147.95123291015625,68.38858032226562,87.44862365722656
2020-05-27,23.426929473876953,28.02578353881836,31.168359756469727,67.53606414794922,76.55329895019531
2020-05-28,61.02098083496094,43.45225524902344,79.73563385009766,66.38055419921875,74.81259155273438
2020-05-29,137.45094299316406,45.67595291137695,190.4912872314453,68.31352233886719,75.06938934326172
2020-05-30,84.24638366699219,13.4379301071167,134.5027313232422,69.2234115600586,81.91468811035156
2020-05-31,77.84101867675781,17.24475860595703,129.45449829101562,69.80439758300781,90.49744415283205
2020-06-01,53.90272903442383,39.08131790161133,73.34477233886719,69.26918029785156,79.7501220703125
2020-06-02,83.04486846923828,82.78925323486328,76.72712707519531,71.16561126708984,74.41912078857422
2020-06-03,114.53026580810548,52.69741439819336,190.47100830078125,72.99674224853516,87.43388366699219
2020-06-04,36.153533935546875,27.03168678283691,37.578495025634766,72.81391143798828,83.88139343261719
2020-06-05,109.97901153564452,61.3986701965332,131.68942260742188,73.78673553466797,79.95683288574219
2020-06-06,55.09468078613281,27.462547302246097,68.71942901611328,73.75171661376953,75.79229736328125
2020-06-07,60.86082458496094,69.34112548828125,43.37801361083984,73.43107604980469,73.36656188964844
2020-06-08,65.64539337158203,50.341026306152344,75.58089447021484,74.79698181152344,75.04408264160156
2020-06-09,68.30036163330078,19.454322814941406,105.47438049316406,75.68299865722656,72.9377212524414
2020-06-10,95.68627166748048,45.42464065551758,121.24363708496094,77.60880279541016,70.2457275390625
2020-06-11,87.41497802734375,18.346508026123047,137.72518920898438,79.20812225341797,77.56878662109375
2020-06-12,73.61261749267578,55.03952407836914,76.51399230957031,79.67745208740234,72.37358856201172
2020-06-13,58.861026763916016,39.119895935058594,65.25971984863281,78.9018325805664,72.91163635253906
2020-06-14,26.858657836914062,17.850656509399414,29.778419494628903,78.26988983154297,68.05418395996094
2020-06-15,102.8747787475586,102.55811309814452,128.31539916992188,79.9665298461914,73.37267303466797
2020-06-16,79.20344543457031,27.86811065673828,108.4755401611328,80.09077453613281,74.93025207519531
2020-06-17,151.3807830810547,150.91482543945312,133.28244018554688,80.63358306884766,82.88661193847656
2020-06-18,101.31523895263672,61.480316162109375,124.53873443603516,80.69486999511719,84.87236022949219
2020-06-19,53.8231086730957,78.04718017578125,32.54952621459961,79.16583251953125,82.0452880859375
2020-06-20,82.12977600097656,40.9384880065918,108.13135528564452,79.46329498291016,85.36940002441406
2020-06-21,43.472015380859375,34.670562744140625,57.83734893798828,76.39057922363281,87.74273681640625
2020-06-22,131.45111083984375,83.8697509765625,166.14466857910156,79.56130981445312,91.82506561279295
2020-06-23,56.38412857055664,65.5790023803711,62.5135612487793,80.84872436523438,88.5651626586914
2020-06-24,80.2188720703125,37.63386154174805,109.86624908447266,79.21822357177734,78.39917755126953
2020-06-25,40.78400802612305,27.10564613342285,45.21757125854492,76.56562805175781,69.75186157226562
2020-06-26,44.344947814941406,8.841690063476562,66.37358093261719,77.26289367675781,68.39783477783203
2020-06-27,29.609542846679688,29.518402099609375,24.621261596679688,76.2158432006836,60.89494705200195
2020-06-28,36.3021125793457,54.285552978515625,60.37268829345703,72.8442153930664,59.87067413330078
2020-06-29,48.00822830200195,63.81393814086914,44.35593795776367,71.63627624511719,47.95026397705078
2020-06-30,76.92465209960938,67.10188293457031,87.95223236083984,71.6057357788086,50.88462448120117
2020-07-01,107.85104370117188,143.35874938964844,145.1986541748047,73.40400695800781,54.83207702636719
2020-07-02,23.39383888244629,18.6574649810791,23.343252182006836,71.41564178466797,52.3477668762207
2020-07-03,43.972137451171875,29.224525451660156,56.87765884399414,69.06370544433594,52.29450988769531
2020-07-04,24.459888458251953,27.86811065673828,23.2447566986084,68.67391967773438,51.558841705322266
2020-07-05,57.11323547363281,0.0,94.9828872680664,66.9117202758789,54.5318603515625
2020-07-06,72.01234436035156,30.76743507385254,94.09795379638672,67.47564697265625,57.96102142333984
2020-07-07,106.17205047607422,74.09166717529297,123.59953308105467,68.98602294921875,62.13922119140625
2020-07-08,68.60346984863281,48.85164642333984,105.94245910644533,69.08462524414062,56.53242492675781
2020-07-09,55.82979202270508,18.552648544311523,77.37370300292969,68.66893768310547,61.16613006591797
2020-07-10,97.42845916748048,18.50067901611328,146.59823608398438,68.72701263427734,68.80274963378906
2020-07-11,21.099157333374023,14.022809028625488,29.241016387939453,66.5164794921875,68.32264709472656
2020-07-12,25.481290817260746,0.0,42.376983642578125,64.91210174560547,63.80379486083984
2020-07-13,92.73129272460938,51.35880661010742,111.37962341308594,66.0411148071289,66.76364135742188
2020-07-14,93.79849243164062,98.43133544921876,73.89131164550781,68.2724380493164,64.9959945678711
2020-07-15,103.6720199584961,39.372535705566406,147.78262329101562,68.29901885986328,70.00578308105469
2020-07-16,29.48873519897461,29.397964477539062,24.52080726623535,66.64186096191406,66.2427749633789
2020-07-17,38.3201904296875,16.97877311706543,49.5669059753418,62.873172760009766,57.79874038696289
2020-07-18,30.830516815185547,13.660274505615234,45.576072692871094,60.523681640625,59.188934326171875
2020-07-19,33.46028137207031,0.0,55.646541595458984,59.84492111206055,60.32878875732422
2020-07-20,87.17283630371094,67.59239196777344,128.8656768798828,60.01302337646485,59.534725189208984
2020-07-21,116.2304458618164,26.739849090576172,178.4293975830078,62.43830490112305,62.739288330078125
2020-07-22,117.1346435546875,18.683855056762695,187.0101623535156,61.961090087890625,64.66252136230469
2020-07-23,78.04478454589844,34.579803466796875,115.37188720703124,62.683109283447266,71.5990982055664
2020-07-24,92.75189971923828,52.83794403076172,110.1801528930664,63.10087966918945,79.37506103515625
2020-07-25,35.73427963256836,28.499427795410156,41.5998420715332,62.93255233764648,80.07559204101562
2020-07-26,39.24843215942383,31.302099227905273,52.21808242797851,62.76266860961914,80.90247344970703
2020-07-27,137.1768798828125,50.64986801147461,185.8867645263672,66.34825134277344,88.04590606689453
2020-07-28,121.64796447753906,46.64366149902344,171.18385314941406,69.19310760498047,88.81983947753906
2020-07-29,80.91041564941406,37.958290100097656,110.8133773803711,70.28984832763672,83.64495086669922
2020-07-30,54.08273696899414,26.958131790161133,67.45723724365234,69.52845001220703,80.2218017578125
2020-07-31,38.618019104003906,34.22146224975586,42.81612014770508,67.22068786621094,72.48838806152344
2020-08-01,26.741212844848633,19.99417495727539,27.795196533203125,67.33226013183594,71.20366668701172
2020-08-02,25.35128402709961,0.0,42.16077423095703,66.7115707397461,69.2183609008789
2020-08-03,42.1684684753418,28.02578353881836,46.752540588378906,67.3018569946289,55.645729064941406
2020-08-04,48.714229583740234,19.42571449279785,64.81185913085938,67.02188873291016,45.22662353515625
2020-08-05,33.80171203613281,0.0,56.21436309814453,65.74819946289062,38.49681091308594
2020-08-06,112.36660766601562,98.5782470703125,112.12362670898438,65.95468139648438,46.82307434082031
2020-08-07,43.81703186035156,17.472864151000977,65.58342742919922,65.12847137451172,47.565792083740234
2020-08-08,27.207948684692383,20.343149185180664,39.59245681762695,64.17440795898438,47.632469177246094
2020-08-09,39.43532943725586,0.0,65.58342742919922,62.24130630493164,49.644474029541016
2020-08-10,40.582759857177734,20.22892189025879,50.618751525878906,62.8907585144043,49.417945861816406
2020-08-11,55.28624725341797,18.372024536132812,76.62040710449219,63.88425827026367,50.35680389404297
2020-08-12,61.8345947265625,61.64426040649414,80.79877471923828,62.854366302490234,54.36150360107422
2020-08-13,88.89659118652344,9.32873249053955,140.05950927734375,62.69097137451172,51.008644104003906
2020-08-14,44.28566360473633,26.48960876464844,58.91986846923828,60.71142578125,51.075592041015625
2020-08-15,82.1888427734375,14.249713897705078,124.79952239990234,62.46809387207031,58.93000411987305
2020-08-16,64.16596221923828,15.99211311340332,93.37300872802734,63.329620361328125,62.46295166015625
2020-08-17,65.54547882080078,30.15863990783691,92.23604583740234,64.48678588867188,66.029052734375
2020-08-18,84.09903717041016,37.26230239868164,108.78153228759766,66.17474365234375,70.1451644897461
2020-08-19,46.6558837890625,46.51227188110352,69.83248901367188,64.82418060302734,67.97677612304688
2020-08-20,122.01818084716795,36.04225158691406,180.37677001953125,65.01710510253906,72.70843505859375
2020-08-21,166.30258178710938,17.92331886291504,261.6217956542969,66.65603637695312,90.1394271850586
2020-08-22,55.148189544677734,21.99137306213379,73.37191009521484,65.89281463623047,86.27647399902344
2020-08-23,24.96910285949707,0.0,41.525184631347656,63.63338851928711,80.67692565917969
2020-08-24,71.2380142211914,0.0,118.47328186035156,64.81684875488281,81.49014282226562
2020-08-25,85.98194885253906,45.11436080932617,105.36353302001952,66.3746337890625,81.7591323852539
2020-08-26,105.6713638305664,36.64212417602539,152.8157501220703,65.32444763183594,90.18991088867188
2020-08-27,142.09405517578125,97.3889617919922,162.4640350341797,66.0059814453125,93.05789184570312
2020-08-28,64.11421203613281,17.044498443603516,106.6259536743164,65.44610595703125,78.45955657958984
2020-08-29,45.13981246948242,6.923210144042969,69.29569244384766,65.14801025390625,77.02978515625
2020-08-30,8.386247634887695,16.720867156982422,0.0,64.14028930664062,74.66080474853516
2020-08-31,88.63056945800781,66.26831817626953,101.33625793457033,66.20326232910156,77.14546203613281
2020-09-01,106.36685180664062,80.79196166992188,126.35338592529295,68.9037857055664,80.05758666992188
2020-09-02,109.20553588867188,90.7244873046875,105.94245910644533,71.13835144042969,80.56246948242188
2020-09-03,94.24089813232422,84.55573272705078,125.38282012939452,72.6559066772461,73.72630310058594
2020-09-04,94.9030303955078,36.04225158691406,127.7668914794922,74.69261932373047,78.12471008300781
2020-09-05,57.11323547363281,25.30552673339844,73.87557983398438,72.85083770751953,79.83519744873047
2020-09-06,28.495206832885746,0.0,47.389312744140625,72.3401107788086,82.70790100097656
2020-09-07,149.52561950683594,22.933134078979492,229.5419921875,76.41736602783203,91.40719604492188
2020-09-08,68.60346984863281,29.31098747253418,89.64361572265625,77.38964080810547,86.0124282836914
2020-09-09,47.32239532470703,25.732763290405273,64.39099884033203,77.61429595947266,77.17198181152344
2020-09-10,145.2469482421875,140.12890625,124.6734390258789,80.61298370361328,84.45855712890625
2020-09-11,145.94757080078125,88.1808090209961,205.94419860839844,83.416748046875,91.7506332397461
2020-09-12,55.645904541015625,26.105703353881836,70.76788330078125,82.30839538574219,91.541015625
2020-09-13,85.73704528808594,62.16228103637695,103.69895935058594,83.69010925292969,99.71842193603516
2020-09-14,67.30906677246094,47.92991638183594,71.9609146118164,83.1941146850586,87.97319793701172
2020-09-15,115.93987274169922,33.023712158203125,165.2702178955078,84.91991424560547,94.73554229736328
2020-09-16,82.47056579589844,54.8111457824707,121.91442108154295,85.48407745361328,99.7567138671875
2020-09-17,100.07757568359376,29.93085670471191,141.46998596191406,86.0167007446289,93.30393981933594
2020-09-18,86.33578491210938,18.120006561279297,143.58181762695312,87.33936309814453,84.78797149658203
2020-09-19,45.15671920776367,32.155513763427734,48.2775764465332,84.77731323242188,83.28952026367188
2020-09-20,57.25425338745117,16.308006286621094,81.61492919921875,81.14237213134766,79.22055053710938
2020-09-21,52.91641998291016,31.65212059020996,70.40264892578125,81.06797790527344,77.16445922851562
2020-09-22,94.38795471191406,35.84663772583008,156.97308349609375,83.3819351196289,74.08560943603516
2020-09-23,62.16614532470703,35.41416931152344,73.8472900390625,83.07954406738281,71.18498229980469
2020-09-24,64.86751556396484,68.97903442382812,86.30298614501953,82.37572479248047,66.15496826171875
2020-09-25,55.35139083862305,25.46816062927246,70.80986785888672,80.69839477539062,61.72863006591797
2020-09-26,42.054080963134766,25.799776077270508,48.41901397705078,77.36373138427734,61.28539276123047
2020-09-27,62.062156677246094,15.467780113220217,90.31159210205078,77.29532623291016,61.97223663330078
2020-09-28,104.4075698852539,85.16143798828125,134.1735382080078,79.27091979980469,69.32811737060547
2020-09-29,105.160888671875,104.83718872070312,95.39407348632812,82.49674224853516,70.86710357666016
2020-09-30,104.96094512939452,125.56544494628906,76.80492401123047,83.04108428955078,76.98065185546875
2020-10-01,75.99683380126953,53.479698181152344,96.64925384521484,82.02875518798828,78.57054901123047
2020-10-02,101.92516326904295,25.402856826782227,148.31944274902344,81.78607177734375,85.22394561767578
2020-10-03,44.42140579223633,18.979145050048828,63.32192611694336,80.12542724609375,85.5621337890625
2020-10-04,74.60737609863281,29.7510929107666,99.26139831542967,79.44890594482422,87.35430908203125
2020-10-05,66.92056274414062,9.53065299987793,111.29308319091795,79.77581024169922,81.9990234375
2020-10-06,85.70679473876953,68.35438537597656,114.02861785888672,81.68286895751953,79.2198715209961
2020-10-07,83.25235748291016,43.682159423828125,102.01866149902344,79.4737548828125,76.11864471435547
2020-10-08,113.64591217041016,16.784605026245117,175.000244140625,80.97517395019531,81.49708557128906
2020-10-09,81.5680160522461,27.10564613342285,113.04393005371094,82.11669158935547,78.58892059326172
2020-10-10,56.08929443359375,32.892147064208984,71.33177185058594,79.14476776123047,80.2557601928711
2020-10-11,40.895896911621094,0.0,68.01244354248047,75.64305114746094,75.43983459472656
2020-10-12,67.71858978271484,56.258453369140625,93.85021209716795,76.04547119140625,75.55384063720703
2020-10-13,78.08782196044922,0.0,129.8649444580078,75.79049682617188,74.46541595458984
2020-10-14,47.69403839111328,17.289901733398438,64.89668273925781,75.13666534423828,69.38565063476562
2020-10-15,107.97156524658205,51.66682815551758,143.65078735351562,74.87105560302734,68.57503509521484
2020-10-16,123.50452423095705,61.56217956542969,176.0535125732422,76.23885345458984,74.56596374511719
2020-10-17,46.205345153808594,28.346534729003903,65.02047729492188,74.44310760498047,73.15396881103516
2020-10-18,49.075077056884766,16.308006286621094,68.01244354248047,73.20108795166016,74.32242584228516
2020-10-19,95.217529296875,69.94432067871094,100.01224517822266,74.86978149414062,78.25083923339844
2020-10-20,98.67223358154295,103.05272674560548,85.95614624023438,76.25038146972656,81.19147491455078
2020-10-21,72.01234436035156,62.81684112548828,67.36558532714844,76.88690948486328,84.66551971435547
2020-10-22,101.6125030517578,105.35172271728516,81.11422729492188,77.12773132324219,83.757080078125
2020-10-23,65.72555541992188,52.41859436035156,65.58342742919922,77.24637603759766,75.50294494628906
2020-10-24,66.82413482666016,31.723068237304688,95.25662231445312,77.31159973144531,78.448486328125
2020-10-25,46.98677444458008,62.45619583129883,39.07097625732422,77.03277587890625,78.15015411376953
2020-10-26,89.93396759033203,29.885713577270508,124.63818359375,78.62876892089844,77.39535522460938
2020-10-27,130.45274353027344,65.02559661865234,185.9580535888672,80.90846252441406,81.93543243408203
2020-10-28,81.79179382324219,54.36001968383789,113.35407257080078,80.15460205078125,83.3324966430664
2020-10-29,89.64422607421875,51.067596435546875,106.4885482788086,79.63737487792969,81.62274169921875
2020-10-30,80.3587875366211,89.01270294189453,66.82084655761719,78.81730651855469,83.71320343017578
2020-10-31,13.506901741027832,0.0,22.46282386779785,76.73430633544922,76.0964584350586
2020-11-01,49.866607666015625,28.407495498657227,59.23664093017578,74.9990234375,76.50785827636719
2020-11-02,56.625091552734375,56.4507942199707,54.93312454223633,75.40581512451172,71.74945068359375
2020-11-03,162.6325225830078,179.1984405517578,142.3516082763672,78.33998107910156,76.34656524658203
2020-11-04,129.5658721923828,94.72251892089844,136.46824645996094,80.42816162109375,83.17143249511719
2020-11-05,69.64662170410156,86.79031372070312,72.39169311523438,79.892822265625,80.31462860107422
2020-11-06,62.92530059814453,89.61659240722656,67.27417755126953,79.21525573730469,77.82413482666016
2020-11-07,42.17764663696289,71.15785217285156,26.97848892211914,76.83297729492188,81.91995239257812
2020-11-08,44.865478515625,0.0,74.61409759521484,75.60955810546875,81.20550537109375
2020-11-09,105.3998794555664,80.05747985839844,116.85774230957033,77.25324249267578,88.17333221435547
2020-11-10,58.58963394165039,44.93022155761719,59.96199035644531,77.8430404663086,73.31005859375
2020-11-11,97.92937469482422,76.40447998046875,113.29578399658205,78.85005950927734,68.79056549072266
2020-11-12,52.86012268066406,17.56580352783203,80.5838851928711,78.00914001464844,66.39249420166016
2020-11-13,69.1920166015625,77.6014175415039,57.53532791137695,78.72573852539062,67.28773498535156
2020-11-14,33.80171203613281,47.176734924316406,44.97148895263672,76.25341033935547,66.09117126464844
2020-11-15,66.58427429199219,99.56898498535156,69.2086410522461,74.35607147216797,69.19386291503906
2020-11-16,70.595703125,97.447021484375,63.218116760253906,75.16908264160156,64.22183227539062
2020-11-17,45.81698226928711,36.54076385498047,53.33755874633789,75.06047821044922,62.39717102050781
2020-11-18,109.74150848388672,105.35172271728516,128.43084716796875,75.54460906982422,64.0846176147461
2020-11-19,49.04205322265625,35.557159423828125,51.90182113647461,73.89027404785156,63.53917694091797
2020-11-20,94.15567016601562,42.66629409790039,128.116455078125,74.62837982177734,67.10541534423828
2020-11-21,47.32239532470703,13.479065895080566,73.07867431640625,72.81871032714844,69.03694152832031
2020-11-22,48.83392333984375,32.45573806762695,67.67822265625,72.25566101074219,66.50117492675781
2020-11-23,36.7552604675293,54.96318435668945,45.844722747802734,71.25336456298828,61.66682815551758
2020-11-24,104.29373168945312,128.72811889648438,82.59381866455078,73.1635971069336,70.02064514160156
2020-11-25,23.360843658447266,9.31557559967041,31.0804386138916,70.94448852539062,57.6805534362793
2020-11-26,69.12260437011719,63.60908126831055,79.58438110351562,68.90015411376953,60.5492057800293
2020-11-27,70.37321472167969,100.22371673583984,66.87718200683594,68.51953125,57.151710510253906
2020-11-28,90.85101318359376,34.835140228271484,127.84617614746094,68.55976104736328,63.37008285522461
2020-11-29,101.21734619140624,36.693016052246094,153.02798461914062,69.25504302978516,70.85343170166016
2020-11-30,46.802371978759766,20.73702621459961,69.1869125366211,70.3648910522461,72.28873443603516
2020-12-01,129.65858459472656,41.69660568237305,180.85125732421875,73.02462768554688,75.91228485107422
2020-12-02,92.27208709716795,36.795223236083984,130.4361114501953,74.21286010742188,85.75674438476562
2020-12-03,67.78787994384766,63.07394027709961,90.18838500976562,71.0513687133789,85.56607055664062
2020-12-04,38.66810607910156,25.699386596679688,42.87165451049805,68.02144622802734,81.03677368164062
2020-12-05,48.33513259887695,32.12423324584961,64.30747985839844,67.3110580444336,74.96307373046875
2020-12-06,64.01097106933594,31.90696907043457,79.84069061279297,67.34725189208984,69.64787292480469
2020-12-07,55.042667388916016,0.0,91.5394058227539,67.77608489990234,70.82505798339844
2020-12-08,78.9751205444336,34.99201583862305,102.15377807617188,68.91307067871094,63.58456802368164
2020-12-09,62.7380256652832,8.33932113647461,104.33726501464844,67.49101257324219,59.36541366577149
2020-12-10,95.42375946044922,27.180009841918945,143.58181762695312,68.71881866455078,63.31339645385742
2020-12-11,42.853397369384766,42.721492767333984,35.633941650390625,66.88294982910156,63.91129684448242
2020-12-12,50.96258163452149,27.096378326416016,67.80316925048828,66.81969451904297,64.2866439819336
2020-12-13,28.132211685180664,0.0,46.78562927246094,65.45103454589844,59.161109924316406
2020-12-14,29.79821014404297,19.8043270111084,33.03752899169922,65.31758880615234,55.55475616455078
2020-12-15,89.52886199951172,46.97541046142578,125.38282012939452,66.08240509033203,57.06243515014648
2020-12-16,52.51097869873047,8.724891662597656,80.05162811279297,65.47958374023438,55.6014289855957
2020-12-17,93.12439727783205,70.7335205078125,125.37232971191406,67.0564956665039,55.27294921875
2020-12-18,79.99098205566406,0.0,133.03001403808594,66.06481170654297,60.57831573486328
2020-12-19,66.18169403076172,27.78019905090332,92.68571472167967,66.6361312866211,62.75247573852539
2020-12-20,8.833514213562012,0.0,14.69068717956543,63.79206085205078,59.99552154541016
2020-12-21,91.1224136352539,64.12371826171875,106.97102355957033,65.25205993652344,68.75611877441406
2020-12-22,62.6832275390625,48.06945037841797,72.17041015625,65.71370697021484,64.92102813720703
2020-12-23,68.60346984863281,39.08131790161133,97.79303741455078,66.77531433105469,67.21995544433594
2020-12-24,54.99793243408203,42.175880432128906,56.286155700683594,65.13211822509766,61.773319244384766
2020-12-25,48.24127578735352,0.0,80.22826385498047,65.96147155761719,57.237648010253906
2020-12-26,51.643592834472656,29.419790267944336,61.3475227355957,65.37883758544922,55.16077423095703
2020-12-27,28.47479248046875,0.0,47.35536575317383,63.98221969604492,57.966670989990234
2020-12-28,41.40709686279297,16.511856079101562,55.0900764465332,62.33409118652344,50.86448287963867
2020-12-29,69.01182556152344,22.933134078979492,105.2067413330078,61.26057052612305,51.76856994628906
2020-12-30,59.15299606323242,53.60992431640625,89.43194580078125,61.67226028442383,50.41850280761719
2020-12-31,80.7943344116211,46.02608108520508,95.97574615478516,60.04344940185547,54.103702545166016
2021-01-01,65.27227020263672,32.53567886352539,81.41390991210938,59.143455505371094,56.53670120239258
2021-01-02,39.43532943725586,47.176734924316406,39.35005569458008,58.19837188720703,54.79266357421875
2021-01-03,19.037744522094727,0.0,31.66096305847168,57.54402542114258,53.44451522827149
2021-01-04,99.32736206054688,108.92378997802734,107.37196350097656,59.24376678466797,61.71883773803711
2021-01-05,121.8519515991211,71.98629760742188,150.10919189453125,61.17179870605469,69.26742553710938
2021-01-06,106.57054138183594,35.41416931152344,169.8487548828125,62.88939666748047,76.0413589477539
2021-01-07,54.23599624633789,24.954946517944336,76.32125854492188,62.06475830078125,72.247314453125
2021-01-08,77.7395248413086,51.66682815551758,86.19047546386719,62.5648078918457,74.02835083007812
2021-01-09,84.59059143066406,26.98567008972168,118.17074584960938,62.203704833984375,80.4791030883789
2021-01-10,70.81498718261719,78.44112396240234,78.51317596435547,63.13575744628906,87.8758544921875
2021-01-11,84.14276123046875,35.319480895996094,110.4747543334961,64.24176025390625,85.70661926269531
2021-01-12,169.87527465820312,169.3523712158203,181.6156463623047,68.9665298461914,92.5670928955078
2021-01-13,66.500732421875,74.58304595947266,55.29743957519531,70.18994903564453,86.84283447265625
2021-01-14,62.11064529418945,41.279640197753906,68.86259460449219,69.27600860595703,87.96778869628906
2021-01-15,57.96993637084961,49.53556823730469,75.74885559082031,69.45796966552734,85.14356231689453
2021-01-16,72.01234436035156,19.579275131225582,108.87366485595705,68.75423431396484,83.34667205810547
2021-01-17,71.32322692871094,15.800819396972656,105.435546875,68.4653091430664,83.41927337646484
2021-01-18,94.48599243164062,55.408912658691406,129.40621948242188,69.4087905883789,84.89688110351562
2021-01-19,66.66802978515625,49.84711456298828,76.22526550292969,71.33660888671875,70.15298461914062
2021-01-20,87.48678588867188,23.78658676147461,132.2690887451172,71.21541595458984,73.15099334716797
2021-01-21,47.43533706665039,39.407772064208984,52.59196090698242,70.7071533203125,71.05451965332031
2021-01-22,93.7134780883789,73.115234375,101.64220428466795,71.54415893554688,76.1607437133789
2021-01-23,56.42650604248047,26.471914291381836,93.84081268310548,71.5917739868164,73.93419647216797
2021-01-24,34.06239318847656,33.95754623413086,28.323945999145508,71.11914825439453,68.61122131347656
2021-01-25,140.4451141357422,96.56056213378906,185.2444000244141,74.07919311523438,75.17680358886719
2021-01-26,50.25387191772461,8.349864959716797,76.61072540283203,74.80516815185547,72.83192443847656
2021-01-27,68.84309387207031,72.6683120727539,60.612552642822266,75.71969604492188,70.16854095458984
2021-01-28,112.78604125976562,41.64402770996094,166.72911071777344,77.17884063720703,79.50435638427734
2021-01-29,63.216941833496094,16.80596160888672,91.11589813232422,77.3143081665039,75.147705078125
2021-01-30,61.91715240478515,27.43403053283691,80.08941650390625,76.68506622314453,75.93208312988281
2021-01-31,23.888710021972656,15.876785278320312,26.485614776611328,75.30561065673828,74.47870635986328
2021-02-01,60.04654312133789,29.93085670471191,83.21763610839844,75.9926528930664,62.993194580078125
2021-02-02,192.34263610839844,144.8782196044922,248.7938995361328,81.76948547363281,83.29158782958984
2021-02-03,69.92227935791016,43.56690216064453,101.7494888305664,80.78931427001953,83.44575500488281
2021-02-04,78.18482208251953,24.61394691467285,116.33929443359376,79.333740234375,78.50272369384766
2021-02-05,106.44497680664062,101.87264251708984,106.21480560302734,79.32955932617188,84.67816162109375
2021-02-06,63.06491470336914,33.08989334106445,82.80071258544922,79.62385559082031,84.84212493896484
2021-02-07,48.476600646972656,48.32738494873047,40.309810638427734,78.64842224121094,88.35468292236328
2021-02-08,72.8036880493164,63.50714111328125,68.10586547851562,78.25552368164062,90.17713165283205
2021-02-09,61.26280975341797,69.79913330078125,50.94194412231445,77.93711853027344,71.4514389038086
2021-02-10,74.92713165283203,39.31394577026367,104.93347930908205,77.62993621826172,72.16641998291016
2021-02-11,63.45914840698242,50.611053466796875,70.35769653320312,74.08273315429688,70.06275177001953
2021-02-12,73.32506561279297,34.39970016479492,107.59780883789062,74.3102035522461,65.33133697509766
2021-02-13,36.62135314941406,39.82759475708008,38.7568359375,73.46056365966797,61.55368423461914
2021-02-14,25.286775588989254,16.80596160888672,28.035661697387695,72.37112426757812,58.24085235595703
2021-02-15,61.24074935913086,44.40163040161133,64.81185913085938,72.01206970214844,56.58900451660156
2021-02-16,91.76087188720705,82.33058166503906,91.5624542236328,72.69332885742188,60.94586944580078
2021-02-17,104.36856842041016,54.285552978515625,128.29196166992188,73.02274322509766,65.15178680419922
2021-02-18,33.67285919189453,8.392302513122559,56.00007629394531,71.92290496826172,60.8966064453125
2021-02-19,85.1559829711914,25.46816062927246,127.457763671875,71.84521484375,62.58673858642578
2021-02-20,23.758169174194336,6.767153739929199,33.866851806640625,71.05597686767578,60.74913787841797
2021-02-21,37.47248458862305,44.82857131958008,37.391456604003906,69.1812744140625,62.48995590209961
2021-02-22,71.28911590576172,0.0,118.55826568603516,69.67669677734375,63.925437927246094
2021-02-23,97.42845916748048,79.46882629394531,103.1097640991211,71.78889465332031,64.73509216308594
2021-02-24,77.84101867675781,34.48951721191406,107.87873840332033,69.70209503173828,60.94544219970703
2021-02-25,46.18281936645508,25.11308860778809,62.84039306640625,69.56639099121094,62.73257827758789
2021-02-26,121.14055633544922,83.28805541992188,166.72911071777344,71.30963897705078,67.87322998046875
2021-02-27,81.19038391113281,25.90095329284668,129.62371826171875,70.25645446777344,76.07783508300781
2021-02-28,66.41739654541016,33.10647964477539,82.84222412109375,70.3631362915039,80.21282196044922
2021-03-01,96.29557800292967,76.79933166503906,96.08734893798828,71.50907897949219,83.78517150878906
2021-03-02,137.46934509277344,61.8918342590332,191.74591064453125,75.29510498046875,89.50530242919922
2021-03-03,154.58648681640625,70.4505844116211,220.3603057861328,78.4464340209961,100.46894073486328
2021-03-04,88.44233703613281,32.061859130859375,127.02809143066406,74.98309326171875,106.50601196289062
2021-03-05,88.98228454589844,48.38639450073242,127.80359649658205,75.61842346191406,101.91197204589844
2021-03-06,57.99552154541016,27.208003997802734,73.75601959228516,74.94544982910156,98.59841918945312
2021-03-07,16.277973175048828,16.227869033813477,27.071290969848633,71.93988037109375,91.4356460571289
2021-03-08,60.39744567871094,92.63314056396484,23.179555892944336,71.85096740722656,86.30734252929688
2021-03-09,22.26188087463379,17.754684448242188,29.61832046508789,70.97714233398438,69.84913635253906
2021-03-10,57.34138107299805,52.76758575439453,51.34893798828125,70.46173095703125,55.956974029541016
2021-03-11,70.38656616210938,78.94114685058594,80.47687530517578,70.76585388183594,53.37757873535156
2021-03-12,49.37989044189453,16.409297943115234,68.43487548828125,69.9142837524414,47.7200927734375
2021-03-13,72.58614349365234,59.20586013793945,109.7411880493164,70.21851348876953,49.80447006225586
2021-03-14,43.81703186035156,52.41859436035156,58.2963752746582,69.23491668701172,53.73862075805664
2021-03-15,111.6025848388672,20.22892189025879,177.16563415527344,71.73429107666016,61.05363845825195
2021-03-16,108.8415069580078,47.176734924316406,149.5301971435547,74.51944732666016,73.42215728759766
2021-03-17,93.311767578125,50.74066162109375,134.02195739746094,75.5884780883789,78.56078338623047
2021-03-18,134.94033813476562,95.4693374633789,188.21839904785156,77.02779388427734,87.78275299072266
2021-03-19,42.853397369384766,8.54429817199707,64.14109802246094,74.97728729248047,86.85039520263672
2021-03-20,29.48873519897461,6.532880783081055,43.5925407409668,74.83782196044922,80.6936264038086
2021-03-21,26.29022216796875,17.472864151000977,29.1481876373291,72.87562561035156,78.1897964477539
2021-03-22,119.15711212158205,38.01290512084961,174.38584899902344,76.05559539794922,79.26901245117188
2021-03-23,99.4635238647461,103.46854400634766,107.87873840332033,78.12196350097656,77.9292984008789
2021-03-24,76.4438705444336,16.935237884521484,120.068115234375,78.29378509521484,75.51959991455078
2021-03-25,63.78499984741211,33.91395568847656,77.79086303710938,77.1723403930664,65.35455322265625
2021-03-26,69.7814712524414,32.73726272583008,95.5713882446289,76.9036865234375,69.201416015625
2021-03-27,41.32761764526367,6.338524341583252,63.44346618652344,76.7418441772461,70.89268493652344
2021-03-28,75.62940216064453,60.31727981567383,113.19878387451172,75.22480773925781,77.9411392211914
2021-03-29,123.23540496826172,127.77032470703124,98.37513732910156,76.62630462646484,78.52375793457031
2021-03-30,95.42375946044922,99.66004180908205,83.1263198852539,77.59318542480469,77.94664764404297
2021-03-31,76.34598541259766,76.1109848022461,70.53787231445312,76.9281997680664,77.93266296386719
2021-04-01,67.69552612304688,62.98801040649414,90.06552124023438,74.60240936279297,78.4913101196289
2021-04-02,65.70381927490234,54.58464813232422,72.84638214111328,71.6396484375,77.9087905883789
2021-04-03,91.81957244873048,42.24781799316406,123.33599090576172,71.75222778320312,85.1219253540039
2021-04-04,23.437978744506836,0.0,38.97882843017578,69.56741333007812,77.66600799560547
2021-04-05,74.55940246582031,42.47422790527344,88.56925201416016,70.11954498291016,70.71229553222656
2021-04-06,92.78900909423828,27.751020431518555,131.16685485839844,72.66991424560547,70.33589935302734
2021-04-07,113.79048919677734,67.22384643554688,168.21397399902344,74.44967651367188,75.68511199951172
2021-04-08,32.52170181274414,37.053253173828125,54.08562850952149,74.79167175292969,70.6602783203125
2021-04-09,48.00822830200195,26.105703353881836,65.3241958618164,74.4805679321289,68.13233947753906
2021-04-10,32.44434356689453,12.937790870666504,43.16558074951172,73.21582794189453,59.65016555786133
2021-04-11,48.83392333984375,48.6836051940918,54.142581939697266,73.1976318359375,63.27815628051758
2021-04-12,100.38084411621094,120.0862274169922,133.55169677734375,74.1241226196289,66.96693420410156
2021-04-13,95.29304504394533,72.38074493408203,143.3851318359375,75.8399887084961,67.32465362548828
2021-04-14,186.30352783203125,144.96005249023438,294.7205810546875,78.33001708984375,77.68366241455078
2021-04-15,103.25959777832033,41.176700592041016,151.11990356445312,78.14395141601562,87.78907012939453
2021-04-16,95.03267669677734,18.045743942260746,142.9933624267578,78.2013168334961,94.50685119628906
2021-04-17,101.40513610839844,87.61392974853516,101.18585205078124,77.08348083496094,104.35839080810548
2021-04-18,54.817909240722656,62.45619583129883,39.07097625732422,77.48229217529297,105.21324920654295
2021-04-19,110.41893005371094,150.1077880859375,100.1637725830078,80.17996978759766,106.6472625732422
2021-04-20,125.26516723632812,129.5047607421875,138.88255310058594,83.47913360595703,110.92899322509766
2021-04-21,166.30258178710938,62.73161315917969,261.6217956542969,85.05065155029297,108.07171630859376
2021-04-22,113.77379608154295,61.07423400878906,145.5484161376953,85.52765655517578,109.57374572753906
2021-04-23,146.73118591308594,115.25054168701172,177.4713897705078,87.87056732177734,116.95924377441406
2021-04-24,111.8166275024414,139.34056091308594,98.79022216796876,89.47161865234375,118.44660186767578
2021-04-25,16.60434913635254,33.10647964477539,13.807036399841309,87.69905090332031,112.98751831054688
2021-04-26,54.46673583984375,39.490238189697266,57.64282989501953,88.13702392578125,104.99434661865234
2021-04-27,131.65333557128906,143.94952392578125,98.87963104248048,90.00448608398438,105.90694427490234
2021-04-28,50.063995361328125,33.27326202392578,62.444671630859375,87.56543731689453,89.30142974853516
2021-04-29,47.383934020996094,68.7099380493164,28.65543556213379,85.964111328125,79.81716918945312
2021-04-30,36.4018440246582,27.217348098754883,37.83658981323242,84.63263702392578,64.05583190917969
2021-05-01,56.08929443359375,19.735286712646484,82.30589294433594,84.24576568603516,56.094783782958984
2021-05-02,49.56460189819336,16.470680236816406,68.69086456298828,83.70779418945312,60.80339050292969
2021-05-03,97.42845916748048,86.33650207519531,90.01647186279297,83.8947525024414,66.94078063964844
2021-05-04,93.87843322753906,71.30625915527344,104.08381652832033,86.24276733398438,61.54436492919922
2021-05-05,60.385345458984375,8.59992504119873,93.25143432617188,85.77030181884766,63.01884460449219
2021-05-06,76.30575561523438,53.69709396362305,111.97169494628906,85.22086334228516,67.1505355834961
2021-05-07,55.92646408081055,8.577588081359863,85.85466766357422,83.29206085205078,69.93976593017578
2021-05-08,3.56573486328125,0.0,5.93004035949707,82.32685852050781,62.436397552490234
2021-05-09,8.323034286499023,0.0,13.841727256774902,81.00402069091797,56.54474639892578
2021-05-10,49.002479553222656,9.770329475402832,73.34477233886719,81.55596160888672,49.62675094604492
2021-05-11,101.1806869506836,78.94114685058594,124.37335205078124,83.30084991455078,50.66992950439453
2021-05-12,63.2974739074707,33.65473937988281,84.2141342163086,82.06473541259766,51.08594512939453
2021-05-13,140.43304443359375,131.76544189453125,144.25082397460938,83.56940460205078,60.24698638916016
2021-05-14,115.36304473876952,73.93368530273438,143.89199829101562,81.20471954345703,68.73793029785156
2021-05-15,88.29153442382812,26.079933166503903,130.51943969726562,80.7057876586914,80.84161376953125
2021-05-16,49.318626403808594,32.77787780761719,54.67997741699219,79.1819839477539,86.69812774658203
2021-05-17,92.1579818725586,40.83302688598633,127.72042083740234,78.87374877929688,92.86319732666016
2021-05-18,98.58832550048828,108.11334991455078,114.77099609375,80.332763671875,92.49285888671876
2021-05-19,158.9622344970703,92.01653289794922,204.66900634765625,81.95086669921875,106.15925598144533
2021-05-20,125.85060119628906,89.61659240722656,134.54835510253906,81.97038269042969,104.0760498046875
2021-05-21,165.85250854492188,125.1236801147461,171.45761108398438,81.95538330078125,111.28883361816406
2021-05-22,68.15982818603516,20.385007858276367,102.01866149902344,80.4349136352539,108.41287231445312
2021-05-23,65.92174530029297,82.14854431152344,54.81599426269531,77.74127197265625,110.78474426269533
2021-05-24,138.4081268310547,101.1868667602539,176.47238159179688,78.62765502929688,117.39190673828124
2021-05-25,170.94143676757812,46.05817794799805,276.6029052734375,83.77222442626953,127.72806549072266
2021-05-26,176.6128387451172,85.88742065429688,243.5712127685547,87.84375762939453,130.2495880126953
2021-05-27,133.3360595703125,49.84711456298828,187.0983734130859,87.89984893798828,131.31893920898438
2021-05-28,140.02928161621094,43.624454498291016,196.4903564453125,90.89868927001952,127.6299057006836
2021-05-29,59.0212516784668,14.709895133972168,85.88652801513672,91.28660583496094,126.32439422607422
2021-05-30,31.10392189025879,31.00818252563477,38.79582595825195,91.1100082397461,121.35041809082033
2021-05-31,57.55426406860352,51.00187301635742,63.81089782714844,91.1588363647461,109.79986572265624
2021-06-01,65.87492370605469,18.763473510742188,93.9035415649414,91.7025146484375,94.79035949707033
2021-06-02,68.72547149658203,27.40557289123535,99.0554656982422,90.7457504272461,79.37788391113281
2021-06-03,60.072471618652344,17.11073112487793,85.63224029541016,89.61888122558594,68.91165161132812
2021-06-04,79.60777282714844,52.908485412597656,95.61695861816406,90.25962829589844,60.28001022338867
2021-06-05,41.4935417175293,34.47151565551758,40.25370788574219,89.0992202758789,57.77605438232422
2021-06-06,47.32239532470703,37.74138641357422,47.220062255859375,88.81242370605469,60.09297561645508
2021-06-07,54.304386138916016,0.0,90.31159210205078,90.5037078857422,59.62870788574219
2021-06-08,59.727294921875,54.96318435668945,68.76708221435547,92.2171859741211,58.7504768371582
2021-06-09,93.2492218017578,53.12125396728515,110.77093505859376,93.69207763671876,62.253868103027344
2021-06-10,85.51465606689453,35.89533996582031,119.76103973388672,93.1698760986328,65.88846588134766
2021-06-11,131.48475646972656,84.56776428222656,155.1833038330078,95.44278717041016,73.2994613647461
2021-06-12,47.130027770996094,46.98495864868164,44.78867721557617,92.33268737792967,74.10467529296875
2021-06-13,58.55548858642578,0.0,97.3814468383789,90.43910217285156,75.70940399169922
2021-06-14,29.358060836791992,19.511795043945312,40.68690872192383,88.47464752197266,72.14564514160156
2021-06-15,73.5105209350586,27.481592178344727,114.61180877685548,89.28104400634766,74.11467742919922
2021-06-16,144.7877197265625,139.9680633544922,124.04387664794922,91.03536987304688,81.4773178100586
2021-06-17,138.02365112304688,18.346508026123047,214.23919677734375,92.34988403320312,88.97860717773438
2021-06-18,84.50428009033203,33.69766616821289,112.42872619628906,89.86795043945312,82.26710510253906
2021-06-19,42.243160247802734,14.037710189819336,64.39859771728516,87.0810317993164,81.56898498535156
2021-06-20,94.64479064941406,51.46552658081055,128.78199768066406,84.70744323730469,86.72459411621094
2021-06-21,94.50267791748048,79.33625030517578,99.26139831542967,85.58554077148438,96.03097534179688
2021-06-22,170.60433959960938,37.795379638671875,252.2006378173828,89.07495880126953,109.90151977539062
2021-06-23,41.51087188720703,49.65972137451172,55.228145599365234,85.84505462646484,95.1476821899414
2021-06-24,76.66112518310547,40.2237663269043,100.65177917480467,82.70237731933594,86.38160705566406
2021-06-25,54.78801345825195,42.01490020751953,56.07132339477539,78.64154815673828,82.13642883300781
2021-06-26,25.453319549560547,7.2499918937683105,42.33046340942383,75.04545593261719,79.73787689208984
2021-06-27,8.472040176391602,0.0,14.089533805847168,70.66021728515625,67.42748260498047
2021-06-28,97.29219818115234,110.8488311767578,107.86868286132812,71.9359130859375,67.82598876953125
2021-06-29,95.68627166748048,154.4437713623047,60.62181854248047,74.08865356445312,57.12340545654297
2021-06-30,43.81703186035156,61.155025482177734,43.722286224365234,73.63075256347656,57.452857971191406
2021-07-01,64.11421203613281,68.17799377441406,49.7587776184082,73.57205963134766,55.66044235229492
2021-07-02,78.9751205444336,43.74001693725586,102.15377807617188,73.91371154785156,59.11574172973633
2021-07-03,46.89175796508789,73.46023559570312,50.13252639770508,73.47435760498047,62.178375244140625
2021-07-04,46.52482986450195,55.65794372558594,61.898963928222656,72.37158966064453,67.61448669433594
2021-07-05,65.9874038696289,78.94114685058594,65.84471130371094,73.18805694580078,63.14237594604492
2021-07-06,63.3285026550293,29.13857078552246,97.21778869628906,73.72158813476562,58.51983642578125
2021-07-07,34.77761459350586,43.33820724487305,21.68900680541992,73.0707015991211,57.228492736816406
2021-07-08,37.85791778564453,28.30603790283203,39.35005569458008,72.34172058105469,53.47759246826172
2021-07-09,32.35719299316406,32.25759506225586,33.63252639770508,70.3119888305664,46.81789016723633
2021-07-10,31.023006439208984,20.618343353271484,34.395469665527344,68.49559783935547,44.55092239379883
2021-07-11,27.30138397216797,0.0,45.40391159057617,65.02281951904297,41.804718017578125
2021-07-12,69.73827362060547,89.38748931884766,41.421112060546875,65.77642822265625,42.34055709838867
2021-07-13,77.247802734375,81.54003143310547,60.45550155639648,66.39950561523438,44.32902908325195
2021-07-14,56.218509674072266,17.24475860595703,86.30298614501953,67.29485321044922,47.39201354980469
2021-07-15,104.51173400878906,108.72003936767578,98.24019622802734,68.3282241821289,56.91398620605469
2021-07-16,70.38033294677734,28.065479278564453,101.4406509399414,65.84797668457031,62.34586334228515
2021-07-17,76.57191467285156,66.37931823730469,77.513671875,63.79958724975586,68.85285186767578
2021-07-18,32.555946350097656,48.6836051940918,27.071290969848633,62.06797790527344,69.60350036621094
2021-07-19,50.57355117797851,10.083576202392578,84.10698699951172,62.34565734863281,66.86568450927734
2021-07-20,37.430145263671875,27.986196517944336,38.90542221069336,60.43850326538086,61.17744827270508
2021-07-21,49.915401458740234,45.23796081542969,45.27951431274414,58.9522590637207,60.27700424194336
2021-07-22,95.29304504394533,63.33314514160156,105.6521987915039,56.4418830871582,58.96004867553711
2021-07-23,91.7940444946289,39.78760528564453,119.4724578857422,58.11798858642578,62.01914978027344
2021-07-24,65.35699462890625,82.30208587646484,62.927398681640625,57.74118423461914,60.41701889038086
2021-07-25,26.220853805541992,17.426761627197266,29.07128143310547,56.788944244384766,59.51200485229492
2021-07-26,59.15299606323242,49.14242935180664,65.58342742919922,57.91226959228515,60.737640380859375
2021-07-27,79.20344543457031,65.02559661865234,108.4755401611328,60.269981384277344,66.70525360107422
2021-07-28,53.2962646484375,65.39349365234375,47.7265510559082,58.80345153808594,67.188232421875
2021-07-29,30.91729736328125,8.806323051452637,44.07206344604492,56.64448547363281,57.99169921875
2021-07-30,80.90396118164062,125.46322631835938,67.27417755126953,57.880714416503906,56.43597412109375
2021-07-31,30.390527725219727,13.465325355529783,39.30994415283203,56.756591796875,51.440765380859375
2021-08-01,40.6949348449707,0.0,67.67822265625,55.480587005615234,53.50849151611328
2021-08-02,111.9454574584961,40.58213424682617,160.78517150878906,57.649044036865234,61.050270080566406
2021-08-03,50.82042694091797,46.05817794799805,46.10047912597656,57.79222869873047,56.99555206298828
2021-08-04,89.99213409423828,76.898681640625,92.64825439453124,58.59238815307617,62.23781967163086
2021-08-05,99.66178131103516,75.69905853271484,110.495849609375,59.803497314453125,72.05846405029297
2021-08-06,63.62165832519531,16.91355323791504,98.75301361083984,60.76496505737305,69.58956146240234
2021-08-07,50.91036605834961,60.904388427734375,39.51132583618164,61.20004653930664,72.52096557617188
2021-08-08,18.557802200317383,37.00135803222656,15.431394577026367,60.74006652832031,69.3585205078125
2021-08-09,42.60537338256836,53.0927848815918,26.570775985717773,61.12614440917969,59.45279312133789
2021-08-10,103.37091064453124,46.84214401245117,140.65550231933594,63.66179656982422,66.96000671386719
2021-08-11,71.90812683105469,47.79119110107422,103.64269256591795,63.73412322998047,64.37657165527344
2021-08-12,76.1509780883789,94.8957290649414,55.40668869018555,63.69756317138672,61.01788711547851
2021-08-13,95.29304504394533,126.66629028320312,60.37268829345703,65.00004577636719,65.54237365722656
2021-08-14,11.128447532653809,14.79225730895996,6.169101715087891,61.88727188110352,59.8592414855957
2021-08-15,55.987060546875,93.02454376220705,15.518330574035645,61.40749740600586,65.2062759399414
2021-08-16,127.20260620117188,95.10829162597656,185.10264587402344,63.095184326171875,77.29159545898438
2021-08-17,157.74131774902344,137.5988006591797,163.95855712890625,67.26802825927734,85.05879974365234
2021-08-18,83.16069793701172,73.69308471679688,99.8843765258789,68.3542709350586,86.66630554199219
2021-08-19,49.64338684082031,8.998287200927734,75.05459594726562,68.7613754272461,82.87950897216797
2021-08-20,68.60346984863281,48.85164642333984,81.49419403076172,69.38431549072266,79.06671142578125
2021-08-21,95.3510971069336,70.41303253173828,117.46285247802734,69.38624572753906,91.09851837158205
2021-08-22,64.41104125976562,55.03952407836914,76.51399230957031,68.47348022460938,92.30194854736328
2021-08-23,189.9279937744141,44.55138397216797,297.28204345703125,72.62584686279297,101.2627182006836
2021-08-24,133.26422119140625,151.83316040039062,150.3895721435547,76.19396209716797,97.76598358154295
2021-08-25,47.52607727050781,47.37978744506836,63.2310791015625,75.806396484375,92.67532348632812
2021-08-26,114.39083099365234,133.04518127441406,134.75270080566406,76.97930908203125,101.92496490478516
2021-08-27,103.81266021728516,141.12698364257812,86.32347869873047,78.66319274902344,106.95484924316406
2021-08-28,116.29227447509766,140.52642822265625,117.21292114257812,81.50902557373047,109.94644165039062
2021-08-29,81.67974853515625,126.66629028320312,75.46585845947266,81.53488159179688,112.41339874267578
2021-08-30,107.77188873291016,124.40440368652344,94.3323211669922,84.1142578125,100.67681121826172
2021-08-31,203.01235961914065,108.59815979003906,288.2141418457031,89.52484130859375,110.64083099365234
2021-09-01,80.03519439697266,88.65426635742188,73.9464111328125,88.46116638183594,115.28499603271484
2021-09-02,106.2608871459961,55.26980972290039,138.30145263671875,90.3091812133789,114.12357330322266
2021-09-03,98.69049072265624,136.88584899902344,92.76825714111328,90.59912872314452,113.39183807373048
2021-09-04,52.84255599975586,65.8498764038086,38.44770812988281,89.03848266601562,104.3275909423828
2021-09-05,50.70256805419922,67.39533233642578,42.16077423095703,88.60784912109375,99.90227508544922
2021-09-06,81.71419525146484,137.85989379882812,104.53524780273438,89.6346435546875,96.17974853515624
2021-09-07,117.78018951416016,88.06324005126953,130.58387756347656,92.94205474853516,84.00372314453125
2021-09-08,85.30216979980469,75.59075927734375,86.69396209716797,94.3652801513672,84.75614929199219
2021-09-09,73.61261749267578,36.693016052246094,99.46820068359376,93.3733367919922,80.09210968017578
2021-09-10,65.9410400390625,85.07279205322266,45.15579605102539,93.1744384765625,75.41361999511719
2021-09-11,89.4393310546875,118.88536071777344,49.5810661315918,93.6173858642578,80.64173126220703
2021-09-12,69.01182556152344,76.44377899169922,76.51399230957031,92.74134063720705,83.25733947753906
2021-09-13,104.92296600341795,109.5809555053711,91.40133666992188,95.86782836914062,86.5728759765625
2021-09-14,69.78723907470703,37.10529708862305,100.58580780029295,96.3278350830078,79.71674346923828
2021-09-15,65.9686279296875,56.37049102783203,70.52783203125,94.28669738769533,76.95480346679688
2021-09-16,119.12415313720705,45.67595291137695,160.01266479492188,92.99945831298828,83.45645141601562
2021-09-17,151.90768432617188,48.85164642333984,220.03431701660156,95.29102325439452,95.7374038696289
2021-09-18,103.51773834228516,51.599552154541016,139.8771514892578,97.08683776855467,97.74860382080078
2021-09-19,40.99712371826172,32.696746826171875,68.1807861328125,96.1666259765625,93.74650573730467
2021-09-20,59.95597839355469,49.80952072143555,58.16448593139648,94.98678588867188,87.32264709472656
2021-09-21,84.70899963378906,26.667871475219727,118.63273620605467,95.66339111328124,89.45433044433594
2021-09-22,54.23030090332031,45.05281448364258,60.12559509277344,91.14012908935548,87.77742767333984
2021-09-23,68.83257293701172,60.043113708496094,85.85466766357422,88.9924087524414,80.59291076660156
2021-09-24,92.75189971923828,70.4505844116211,110.1801528930664,90.49993896484376,72.14208984375
2021-09-25,36.149051666259766,39.31394577026367,43.722286224365234,87.89187622070312,62.51799011230469
2021-09-26,33.20869827270508,49.65972137451172,27.614072799682617,85.53841400146484,61.40535736083984
2021-09-27,57.03129577636719,47.37978744506836,55.32719421386719,83.56304931640625,60.987545013427734
2021-09-28,96.1558074951172,67.10188293457031,111.93920135498048,84.04557800292969,62.622802734375
2021-09-29,59.39776611328125,81.98990631103516,83.58494567871094,82.43311309814453,63.36101150512695
2021-09-30,102.68067169189452,62.308895111083984,148.4907684326172,79.0887222290039,68.19645690917969
2021-10-01,68.03733825683594,67.82791137695312,91.93466186523438,78.68878936767578,64.66580200195312
2021-10-02,57.63935852050781,108.16364288330078,50.74827575683594,77.06807708740234,67.73584747314453
2021-10-03,43.2450065612793,51.73427200317383,28.767663955688477,75.21989440917969,69.16960906982422
2021-10-04,65.81260681152344,17.496007919311523,102.15377807617188,75.65222930908203,70.42407989501953
2021-10-05,171.9004364013672,120.4230728149414,185.4364471435547,79.69215393066406,81.24474334716797
2021-10-06,56.072113037109375,0.0,93.25143432617188,78.83741760253906,80.76964569091797
2021-10-07,121.3052978515625,74.41963195800781,139.66497802734375,78.95492553710938,83.43030548095703
2021-10-08,94.39959716796876,25.66609764099121,142.7204132080078,79.25817108154297,87.19634246826172
2021-10-09,37.85791778564453,56.61207580566406,15.74002170562744,78.06634521484375,84.37042236328125
2021-10-10,26.1518497467041,17.380901336669922,43.492164611816406,76.74004364013672,81.92854309082031
2021-10-11,50.806251525878906,20.259946823120117,76.04458618164062,75.4522705078125,79.78478240966797
2021-10-12,81.5680160522461,108.4225845336914,52.75383377075195,75.87081146240234,66.8801498413086
2021-10-13,94.00530242919922,116.02925872802734,74.44605255126953,75.50688934326172,72.29917907714844
2021-10-14,55.363250732421875,64.39163970947266,53.708988189697266,75.02609252929688,62.878883361816406
2021-10-15,107.1450424194336,151.32159423828125,74.2453842163086,76.39863586425781,64.69966125488281
2021-10-16,27.152193069458008,33.83576965332031,16.933425903320312,73.3329086303711,63.17027282714844
2021-10-17,35.053627014160156,34.94572830200195,58.2963752746582,69.4377670288086,64.44195556640625
2021-10-18,126.71024322509766,27.068614959716797,188.149169921875,70.21085357666016,75.28538513183594
2021-10-19,133.84112548828125,28.59195899963379,198.73765563964844,73.30565643310547,82.75296783447266
2021-10-20,76.40929412841797,62.73161315917969,104.64871978759766,73.85409545898438,80.23925018310547
2021-10-21,94.00530242919922,80.32794952392578,104.2244644165039,74.16397094726562,85.7595443725586
2021-10-22,86.04071807861328,68.6207046508789,107.31832885742188,75.22431945800781,82.74464416503906
2021-10-23,62.43927383422851,32.761619567871094,81.97927856445312,75.01121520996094,87.78565216064453
2021-10-24,49.441307067871094,32.85941696166992,68.5199966430664,73.5675277709961,89.84103393554688
2021-10-25,79.62903594970703,116.42976379394533,123.59953308105467,75.01686096191406,83.11515045166016
2021-10-26,144.6536102294922,105.7527847290039,160.37867736816406,78.731689453125,84.6597900390625
2021-10-27,102.93289184570312,55.97239303588867,140.05950927734375,80.2617416381836,88.4488754272461
2021-10-28,96.13255310058594,87.85026550292969,99.92153930664062,80.2609634399414,88.75276947021484
2021-10-29,55.78157806396485,25.66609764099121,71.3602066040039,80.14042663574219,84.43003845214844
2021-10-30,49.83802795410156,33.12308120727539,60.78142547607422,78.3790054321289,82.6298599243164
2021-10-31,66.92056274414062,0.0,111.29308319091795,78.34178161621094,85.12689208984375
2021-11-01,124.33229064941406,17.70708465576172,199.38766479492188,80.56488037109375,91.51307678222656
2021-11-02,62.866249084472656,28.925880432128903,96.50816345214844,81.21891784667969,79.82916259765625
2021-11-03,73.80557250976562,60.59396743774414,101.08270263671876,81.4853515625,75.66812133789062
2021-11-04,122.68769073486328,61.155025482177734,160.31504821777344,79.84492492675781,79.46170806884766
2021-11-05,76.9422836303711,64.59406280517578,101.02091979980467,80.54059600830078,82.48466491699219
2021-11-06,28.162105560302734,0.0,46.83534622192383,77.43582916259766,79.38810729980469
2021-11-07,46.437862396240234,61.7265625,38.61453628540039,75.83709716796875,76.46200561523438
2021-11-08,46.36564636230469,71.90232849121094,34.270652770996094,76.12068939208984,65.32391357421875
2021-11-09,84.5761947631836,28.105287551879883,117.21292114257812,78.06816864013672,68.42533874511719
2021-11-10,135.30206298828125,37.209815979003906,193.97914123535156,80.88469696044922,77.2105484008789
2021-11-11,83.04486846923828,45.9940299987793,115.09069061279295,80.93392181396484,71.54728698730469
2021-11-12,101.21734619140624,27.51976203918457,153.02798461914062,81.17432403564453,75.01515197753906
2021-11-13,63.277320861816406,37.84952926635742,89.44902801513672,81.43812561035156,80.0316162109375
2021-11-14,51.49068832397461,34.22146224975586,71.3602066040039,79.5829849243164,80.75344848632812
2021-11-15,141.16055297851562,28.14521026611328,211.282958984375,83.38326263427734,94.29557800292967
2021-11-16,122.86271667480467,56.53131866455078,165.03445434570312,86.31023406982422,99.76507568359376
2021-11-17,126.06885528564452,78.00877380371094,180.74172973632812,86.28885650634766,98.44605255126952
2021-11-18,158.1717071533203,54.06337356567383,217.95529174804688,87.09986877441406,109.17845153808594
2021-11-19,108.7573471069336,81.31694030761719,150.72525024414062,88.17813873291016,110.25559997558594
2021-11-20,43.89743423461914,13.465325355529783,67.38847351074219,86.50788116455078,107.48704528808594
2021-11-21,34.06239318847656,16.97877311706543,42.48591995239258,84.7752685546875,104.99728393554688
2021-11-22,128.9940643310547,41.15104293823242,180.20118713378903,86.99375915527344,103.25921630859376
2021-11-23,80.91041564941406,28.46871757507324,118.7286148071289,88.04273223876953,97.26602935791016
2021-11-24,87.68561553955078,126.26714324951172,48.60889434814453,88.31128692626953,91.78271484375
2021-11-25,118.09510040283205,47.09263610839844,166.93963623046875,87.4260025024414,86.05747985839844
2021-11-26,58.97747039794922,9.799321174621582,98.0832290649414,85.9608154296875,78.9460678100586
2021-11-27,57.11323547363281,0.0,94.9828872680664,84.66017150878906,80.83404541015625
2021-11-28,35.52351379394531,0.0,59.07783126831055,83.98490905761719,81.04277038574219
2021-11-29,60.78105545043945,20.19799041748047,101.08270263671876,84.34967041015625,71.29805755615234
2021-11-30,92.78900909423828,18.50067901611328,146.59823608398438,85.21195220947266,72.99500274658203
2021-12-01,86.94403076171875,17.335281372070312,130.134033203125,83.96568298339844,72.8890609741211
2021-12-02,93.12439727783205,26.525070190429688,140.12200927734375,84.97428894042969,69.32181549072266
2021-12-03,106.17205047607422,42.33809280395508,162.44509887695312,86.05316925048828,76.06389617919922
2021-12-04,73.31639099121094,33.223052978515625,99.7606964111328,84.40745544433594,78.37863159179688
2021-12-05,86.75772857666016,47.176734924316406,131.16685485839844,84.7346420288086,85.69780731201172
2021-12-06,120.544677734375,67.29723358154297,184.43548583984375,87.81405639648438,94.23546600341795
2021-12-07,202.4346923828125,155.9453125,237.19338989257812,93.01395416259766,109.89913940429688
2021-12-08,145.55889892578125,52.76758575439453,212.73130798339844,96.32039642333984,118.27268981933594
2021-12-09,104.557373046875,66.33170318603516,150.17381286621094,96.98643493652344,119.90597534179688
2021-12-10,164.97715759277344,112.53166198730467,245.486572265625,97.97560119628906,128.30670166015625
2021-12-11,95.62051391601562,34.04506301879883,153.34352111816406,98.39479064941406,131.49301147460938
2021-12-12,76.4438705444336,16.935237884521484,127.13095092773438,97.56900787353516,130.01959228515625
2021-12-13,110.41893005371094,10.483718872070312,174.88914489746094,99.14039611816406,128.57305908203125
2021-12-14,129.9046173095703,101.75373840332033,177.46104431152344,101.7541961669922,118.2116241455078
2021-12-15,72.01234436035156,26.92150497436523,112.2759780883789,99.44925689697266,107.70497131347656
2021-12-16,136.24957275390625,59.42570495605469,212.4296112060547,99.8954849243164,112.23242950439452
2021-12-17,95.44012451171876,71.3597640991211,125.6556396484375,98.87452697753906,102.29856872558594
2021-12-18,86.98970031738281,62.439796447753906,98.37513732910156,96.50179290771484,101.06559753417967
2021-12-19,61.02098083496094,52.142704010009766,86.98432922363281,94.91057586669922,98.8623275756836
2021-12-20,53.08602523803711,21.16904640197754,88.28538513183594,95.21686553955078,90.67190551757812
2021-12-21,101.40513610839844,19.255809783935547,160.6124725341797,97.4616241455078,86.60055541992188
2021-12-22,141.3362274169922,17.612646102905273,227.7056427001953,97.87303161621094,96.50396728515624
2021-12-23,135.30911254882812,59.95227813720703,225.0275421142578,99.68631744384766,96.36961364746094
2021-12-24,135.7197723388672,60.13422775268555,208.99118041992188,101.28746032714844,102.12384796142578
2021-12-25,43.87506866455078,0.0,72.96698760986328,98.8134536743164,95.96461486816406
2021-12-26,43.73026657104492,21.79783058166504,54.54462814331055,98.30521392822266,93.49451446533205
2021-12-27,78.87065887451172,17.472864151000977,131.16685485839844,99.03046417236328,97.17803192138672
2021-12-28,58.89009475708008,14.677206039428713,85.6956787109375,99.8093490600586,91.10445404052734
2021-12-29,37.88884735107422,21.584125518798828,63.01152801513672,99.04627227783205,76.32626342773438
2021-12-30,147.22523498535156,56.4507942199707,197.75926208496097,100.8608169555664,78.028564453125
2021-12-31,76.59115600585938,0.0,127.37589263916016,100.5157241821289,69.58161926269531
2022-01-01,63.09653091430664,31.451156616210938,91.8167953491211,99.5147933959961,72.32754516601562
2022-01-02,37.85791778564453,0.0,62.960086822509766,97.23765563964844,71.48863220214844
2022-01-03,52.34305953979492,14.90912628173828,74.61409759521484,96.53854370117188,67.698974609375
2022-01-04,88.9631118774414,10.434032440185549,139.2482147216797,96.61205291748048,71.99512481689453
2022-01-05,96.48255157470705,82.44477081298828,137.53416442871094,95.80998229980467,80.36565399169922
2022-01-06,70.01464080810547,69.79913330078125,65.49678802490234,91.39598083496094,69.33556365966797
2022-01-07,118.95960998535156,72.98058319091797,182.61903381347656,90.50933837890624,75.3882064819336
2022-01-08,38.27546691894531,13.875510215759276,52.080955505371094,88.29994201660156,71.84233856201172
2022-01-09,63.70322799682617,18.1448974609375,105.94245910644533,84.92414855957031,75.5345230102539
2022-01-10,130.00657653808594,51.84256362915039,172.96726989746094,86.07035064697266,86.62931060791016
2022-01-11,188.9130096435547,78.8364486694336,270.3359069824219,89.81932067871094,100.90786743164062
2022-01-12,78.2134017944336,36.693016052246094,114.77099609375,88.74580383300781,98.29798889160156
2022-01-13,170.64743041992188,100.07186126708984,250.4094390869141,90.10389709472656,112.67410278320312
2022-01-14,133.57127380371094,17.754684448242188,207.3282470703125,92.1558609008789,114.76148223876952
2022-01-15,71.05609893798828,33.732086181640625,112.54357147216795,89.98274230957031,119.44442749023438
2022-01-16,46.00788497924805,73.38603210449219,30.60559844970703,88.33499908447266,116.9165267944336
2022-01-17,109.26873016357422,137.5988006591797,86.0782470703125,89.07763671875,113.9539794921875
2022-01-18,138.8214874267578,114.5331039428711,151.25888061523438,91.67098999023438,106.79804229736328
2022-01-19,153.562744140625,52.48802185058594,233.4943695068359,95.02021026611328,117.5622329711914
2022-01-20,136.3739776611328,26.313716888427734,212.1663055419922,96.1858367919922,112.66603088378906
2022-01-21,185.75144958496097,88.1808090209961,242.7199554443359,97.66634368896484,120.1203384399414
2022-01-22,145.81280517578125,96.90931701660156,205.1887664794922,98.01647186279295,130.79986572265625
2022-01-23,106.85701751708984,135.58123779296875,96.93268585205078,97.05437469482422,139.4925994873047
2022-01-24,185.8010711669922,42.33809280395508,282.5132141113281,101.78524780273438,150.42579650878906
2022-01-25,291.5824279785156,123.89849853515624,397.4753112792969,110.04698181152344,172.248779296875
2022-01-26,260.3373107910156,71.59613037109375,425.4924621582031,116.09587097167967,187.50228881835935
2022-01-27,265.0054016113281,79.25691223144531,411.3392333984375,122.96638488769533,205.87820434570312
2022-01-28,182.23171997070312,80.7425765991211,282.85858154296875,127.7778091430664,205.3753967285156
2022-01-29,217.4403381347656,94.83732604980467,322.0650634765625,130.11831665039062,215.60789489746097
2022-01-30,63.52869415283203,36.190372467041016,90.55902862548828,129.68289184570312,209.4181365966797
2022-01-31,142.98854064941406,19.006452560424805,237.79888916015625,132.34596252441406,203.30206298828125
2022-02-01,190.58609008789065,54.285552978515625,286.770263671875,137.43690490722656,188.87400817871097
2022-02-02,250.3199920654297,58.22821044921875,395.4829406738281,144.0361328125,187.4429626464844
2022-02-03,176.28762817382812,40.87093353271485,272.72314453125,146.94696044921875,174.7689971923828
2022-02-04,92.57479858398438,64.20162963867188,107.10100555419922,146.8166961669922,161.96087646484375
2022-02-05,47.5650749206543,33.87047576904297,50.85237884521485,146.06837463378906,137.69297790527344
2022-02-06,78.2496337890625,34.670562744140625,115.67469787597656,144.7113800048828,139.79595947265625
2022-02-07,195.15126037597656,29.93085670471191,299.58349609375,149.94056701660156,147.24778747558594
2022-02-08,158.38780212402344,81.20585632324219,225.77899169921875,153.0967254638672,142.6480255126953
2022-02-09,117.17926788330078,35.94417953491211,172.39071655273438,152.6691436767578,123.62792205810548
2022-02-10,108.53760528564452,17.312562942504883,173.28463745117188,149.98995971679688,113.94934844970705
2022-02-11,179.2779541015625,73.115234375,250.7174530029297,153.35877990722656,126.33551025390624
2022-02-12,131.98764038085938,96.27904510498048,187.3812255859375,152.07012939453125,138.3958740234375
2022-02-13,118.00495147705078,100.83576202392578,154.19613647460938,151.55123901367188,144.07521057128906
2022-02-14,191.8865509033203,70.4774398803711,285.52783203125,155.5789337158203,143.60882568359375
2022-02-15,229.06053161621097,87.82902526855469,380.9420166015625,161.68067932128906,153.70492553710938
2022-02-16,223.4668731689453,61.155025482177734,371.6394348144531,165.48728942871094,168.8888702392578
2022-02-17,228.45294189453125,91.0998992919922,334.33978271484375,168.47500610351562,186.01963806152344
2022-02-18,226.35154724121097,147.54351806640625,318.5234375,170.9012908935547,192.7444305419922
2022-02-19,140.16024780273438,115.8726806640625,210.354248046875,171.0275115966797,193.91195678710935
2022-02-20,83.27684020996094,110.69401550292967,123.10631561279295,167.61167907714844,188.95079040527344
2022-02-21,152.3668212890625,135.02029418945312,244.01055908203125,167.8301544189453,183.30511474609375
2022-02-22,279.43438720703125,121.55968475341795,439.3686828613281,173.58273315429688,190.5013732910156
2022-02-23,431.0212097167969,183.4650726318359,692.6530151367188,181.75672912597656,220.15199279785156
2022-02-24,370.7033996582031,189.51914978027344,545.3680419921875,184.39410400390625,240.47349548339844
2022-02-25,515.8916625976562,162.41171264648438,797.75244140625,192.91258239746097,281.83636474609375
2022-02-26,398.5916748046875,362.6435852050781,489.1174926757813,197.3654632568359,318.755126953125
2022-02-27,202.09298706054688,157.6728973388672,277.64227294921875,198.02749633789065,335.7288818359375
2022-02-28,452.6180725097656,218.17466735839844,678.2862548828125,205.86676025390625,378.6219177246094
2022-03-01,540.827392578125,287.5534362792969,809.48681640625,221.77671813964844,415.9637756347656
2022-03-02,523.524658203125,203.2228546142578,778.1954956054688,234.46124267578125,429.1785583496094
2022-03-03,436.8221435546875,353.82550048828125,552.4142456054688,242.6691131591797,438.62408447265625
2022-03-04,350.0732116699219,226.84716796875,465.75494384765625,245.9942321777344,414.9357299804687
2022-03-05,322.3639831542969,236.4113616943359,375.8942565917969,250.86343383789065,404.0460510253906
2022-03-06,197.6247711181641,206.3982086181641,250.4094390869141,254.36509704589844,403.4077453613281
2022-03-07,362.3121032714844,247.6778564453125,473.4303283691406,264.8566589355469,390.50689697265625
2022-03-08,352.1051025390625,360.2586975097656,408.3599853515625,273.9851989746094,363.5465698242187
2022-03-09,295.3064270019531,179.1984405517578,391.4669189453125,277.3236999511719,330.9439697265625
2022-03-10,352.40081787109375,384.1055908203125,343.8245849609375,283.7908020019531,318.8837890625
2022-03-11,410.3309631347656,289.7564392089844,497.5877990722656,293.5625305175781,327.4920349121094
2022-03-12,298.70550537109375,183.2529754638672,401.2340698242187,299.9014587402344,324.11224365234375
2022-03-13,181.01463317871097,216.5489196777344,195.67514038085935,299.9593200683594,321.7393798828125
2022-03-14,350.1087951660156,204.04896545410156,492.6754455566406,307.23004150390625,319.99603271484375
2022-03-15,311.88226318359375,207.2815093994141,400.7980041503906,313.692626953125,314.2499084472656
2022-03-16,473.2239685058594,343.9051513671875,632.5429077148438,323.0705261230469,339.6667175292969
2022-03-17,290.32562255859375,227.7497406005859,348.2705993652344,325.1127014160156,330.798828125
2022-03-18,285.3160400390625,202.4811553955078,394.0749816894531,327.1743469238281,312.9395446777344
2022-03-19,175.8885498046875,175.34715270996094,201.1031494140625,325.42218017578125,295.3942565917969
2022-03-20,130.75924682617188,156.42811584472656,159.4712677001953,322.23577880859375,288.2149353027344
2022-03-21,227.7390289306641,227.03802490234375,223.8034210205078,325.15509033203125,270.7335205078125
2022-03-22,244.8419647216797,201.0139007568359,295.4105529785156,330.54058837890625,261.1563415527344
2022-03-23,267.4743957519531,297.41851806640625,342.1744079589844,334.37750244140625,231.7635498046875
2022-03-24,317.01409912109375,265.6553955078125,420.2433166503906,335.6301574707031,235.57618713378903
2022-03-25,350.7424621582031,328.0787353515625,424.8777160644531,332.9541931152344,244.92282104492188
2022-03-26,275.0921325683594,236.15573120117188,355.8298034667969,329.76715087890625,259.0947570800781
2022-03-27,189.28958129882812,205.8621063232422,243.2548828125,318.88043212890625,267.45623779296875
2022-03-28,281.920654296875,319.3782653808594,277.0487365722656,314.99139404296875,275.19647216796875
2022-03-29,233.35958862304688,181.5736846923828,283.9694519042969,316.0335998535156,273.5561218261719
2022-03-30,233.5088806152344,270.6861572265625,243.84130859375,308.72998046875,268.70391845703125
2022-03-31,254.8129119873047,220.89439392089844,331.64593505859375,299.1961364746094,259.8180236816406
2022-04-01,188.1578063964844,167.83352661132812,205.86724853515625,288.0172424316406,236.59164428710935
2022-04-02,188.1578063964844,187.57864379882812,247.0406951904297,279.72845458984375,224.1724548339844
2022-04-03,239.78370666503903,301.02044677734375,251.08078002929688,276.0521240234375,231.3859100341797
2022-04-04,163.0200653076172,143.01608276367188,184.35655212402344,270.74066162109375,214.40011596679688
2022-04-05,212.41769409179688,137.36032104492188,276.8825378417969,271.2337646484375,211.40841674804688
2022-04-06,175.74716186523438,116.80413055419922,247.9939117431641,265.0149230957031,203.15673828125
2022-04-07,243.41552734375,232.1155548095703,290.41094970703125,261.3919372558594,201.52853393554688
2022-04-08,219.47674560546875,152.65199279785156,263.1421203613281,258.8642883300781,206.0026702880859
2022-04-09,178.6661834716797,211.8138885498047,168.64309692382812,253.07313537597656,204.646728515625
2022-04-10,148.9779052734375,139.7829132080078,189.46322631835935,244.36135864257812,191.67446899414065
2022-04-11,195.2273712158203,226.0178070068359,240.88816833496097,240.91209411621097,196.2755126953125
2022-04-12,226.25242614746097,219.77252197265625,260.4959716796875,242.4200134277344,198.2519073486328
2022-04-13,258.87689208984375,305.4825134277344,254.80258178710935,239.3789520263672,210.12757873535156
2022-04-14,265.656005859375,302.6723327636719,279.50775146484375,237.83807373046875,213.30479431152344
2022-04-15,168.43563842773438,186.57464599609375,186.7460174560547,227.678466796875,206.01319885253903
2022-04-16,166.67005920410156,207.69631958007812,138.5913848876953,223.55661010742188,204.29946899414065
2022-04-17,151.43167114257812,132.0948486328125,204.6202850341797,219.09381103515625,204.65000915527344
2022-04-18,218.6294708251953,184.93280029296875,264.432373046875,220.5185089111328,207.9931640625
2022-04-19,213.5172576904297,243.26858520507812,223.2010498046875,223.277099609375,206.17385864257812
2022-04-20,189.60824584960935,166.7864227294922,250.4094390869141,222.00607299804688,196.27833557128903
2022-04-21,128.264404296875,111.19095611572266,139.11634826660156,218.1201629638672,176.65097045898438
2022-04-22,246.79725646972656,218.7000732421875,319.2305908203125,217.4309234619141,187.8454742431641
2022-04-23,134.42303466796875,134.00927734375,199.60171508789065,211.3445587158203,183.23876953125
2022-04-24,50.4451904296875,50.2899169921875,55.92900848388672,201.3346405029297,168.81211853027344
2022-04-25,246.8994598388672,232.46505737304688,285.14532470703125,200.39488220214844,172.85069274902344
2022-04-26,160.5444793701172,160.05030822753906,169.09716796875,199.4367218017578,165.2831573486328
2022-04-27,186.6986541748047,127.62787628173828,239.52207946777344,196.2626495361328,164.86749267578125
2022-04-28,176.37631225585938,131.87506103515625,219.99363708496097,194.3632049560547,171.74063110351562
2022-04-29,148.93714904785156,143.35874938964844,170.8219451904297,191.5441436767578,157.76060485839844
2022-04-30,168.43563842773438,193.3591766357422,161.28065490722656,188.66490173339844,162.6195526123047
2022-05-01,66.92056274414062,100.07186126708984,55.646541595458984,184.62367248535156,164.97317504882812
2022-05-02,96.6702651977539,128.49693298339844,107.17913055419922,181.57408142089844,143.51187133789062
2022-05-03,157.47349548339844,156.98878479003906,187.0630798339844,178.83041381835938,143.07315063476562
2022-05-04,163.44906616210938,217.2612762451172,172.156494140625,178.84471130371094,139.7517852783203
2022-05-05,144.69874572753906,144.25335693359375,171.88790893554688,176.58740234375,135.22640991210938
2022-05-06,174.06805419921875,178.79080200195312,192.99072265625,176.53143310546875,138.81654357910156
2022-05-07,97.71585845947266,77.93206787109375,138.13145446777344,171.67478942871094,128.71371459960938
2022-05-08,98.48174285888672,124.95458984375,119.11367797851562,167.64161682128906,133.2224578857422
2022-05-09,150.86941528320312,170.0230712890625,174.54281616210938,166.71505737304688,140.96519470214844
2022-05-10,143.2461700439453,190.4069976806641,158.8182373046875,166.5240020751953,138.93272399902344
2022-05-11,176.37631225585938,175.83340454101562,210.8272399902344,165.8956298828125,140.7794647216797
2022-05-12,158.2610626220703,174.09535217285156,163.3643035888672,163.62925720214844,142.71694946289062
2022-05-13,162.08282470703125,141.38592529296875,210.58897399902344,160.4027862548828,141.00477600097656
2022-05-14,83.80007934570312,68.79940032958984,98.37513732910156,154.34091186523438,139.0167999267578
2022-05-15,77.84101867675781,68.97903442382812,129.45449829101562,151.32110595703125,136.06813049316406
2022-05-16,168.75344848632812,174.46490478515625,197.4927215576172,151.3905487060547,138.62298583984375
2022-05-17,174.62417602539062,158.26060485839844,220.00830078125,152.16363525390625,143.10556030273438
2022-05-18,165.89596557617188,128.04025268554688,195.79672241210935,150.4058380126953,141.60836791992188
2022-05-19,162.38076782226562,129.5047607421875,189.0345916748047,148.7012939453125,142.1968994140625
2022-05-20,140.9603271484375,90.3384246826172,200.9364471435547,147.07969665527344,139.1793975830078
2022-05-21,124.2212905883789,91.73253631591795,145.3765869140625,146.94493103027344,144.953857421875
2022-05-22,75.09599304199219,49.90989303588867,97.13615417480467,141.2215576171875,144.56170654296875
2022-05-23,150.3084716796875,115.2660140991211,173.0578155517578,141.75106811523438,141.9267120361328
2022-05-24,222.35826110839844,295.5650634765625,265.49432373046875,147.48150634765625,148.74586486816406
2022-05-25,155.10350036621094,209.8496856689453,147.398193359375,144.421630859375,147.20408630371094
2022-05-26,134.57305908203125,72.23937225341797,172.156494140625,143.55592346191406,143.23155212402344
2022-05-27,155.51962280273438,124.03273010253906,181.0471954345703,142.51661682128906,145.31146240234375
2022-05-28,118.4752426147461,113.38613891601562,118.21904754638672,140.5865936279297,144.4906005859375
2022-05-29,76.05384826660156,84.24417114257812,70.26795959472656,138.1571502685547,144.62742614746094
2022-05-30,115.82404327392578,138.56103515625,128.4150848388672,136.40342712402344,139.70108032226562
2022-05-31,190.30909729003903,177.8656005859375,217.59097290039065,140.51637268066406,135.1226348876953
2022-06-01,168.34361267089844,162.41171264648438,207.71669006347656,142.90548706054688,137.01406860351562
2022-06-02,142.59397888183594,120.28504180908205,164.17572021484375,142.4095001220703,138.15992736816406
2022-06-03,142.78309631347656,102.48738098144533,189.9657745361328,141.72064208984375,136.34042358398438
2022-06-04,102.8747787475586,61.53487014770508,153.9784698486328,140.32650756835938,134.11178588867188
2022-06-05,70.293212890625,52.55763626098633,87.67652130126953,136.86734008789062,133.28883361816406
2022-06-06,190.12530517578125,145.80006408691406,231.06211853027344,139.94766235351562,143.90328979492188
2022-06-07,139.0311279296875,108.4720458984375,201.0586700439453,141.29930114746094,136.577880859375
2022-06-08,152.3668212890625,146.27198791503906,178.31541442871094,141.34921264648438,134.29547119140625
2022-06-09,115.55469512939452,76.79933166503906,155.56997680664062,140.42616271972656,130.43272399902344
2022-06-10,94.34528350830078,52.25271224975586,122.03498077392578,137.69180297851562,123.51303100585938
2022-06-11,103.96075439453124,84.79698181152344,125.74054718017578,135.8817901611328,123.66817474365234
2022-06-12,83.74468994140625,55.65794372558594,108.32318878173828,133.27052307128906,125.58981323242188
2022-06-13,147.22523498535156,146.77206420898438,163.2298583984375,135.3846893310547,119.4612274169922
2022-06-14,136.36642456054688,113.28888702392578,188.98825073242188,137.33554077148438,119.08055877685548
2022-06-15,110.05207824707033,120.6846694946289,91.51174926757812,135.3788299560547,113.03559112548828
2022-06-16,132.2822265625,109.89588165283205,128.32962036132812,133.96742248535156,115.42523956298828
2022-06-17,114.04771423339844,82.68848419189453,137.9407196044922,132.23915100097656,118.23987579345705
2022-06-18,98.11554718017578,111.78690338134766,116.55164337158205,130.09698486328125,117.40484619140624
2022-06-19,56.4642219543457,37.526947021484375,93.9035415649414,127.28044128417967,113.50763702392578
2022-06-20,115.72289276123048,115.36668395996094,144.3408203125,126.99716186523438,109.0073013305664
2022-06-21,116.76954650878906,98.02957916259766,153.31190490722656,128.3862762451172,106.20774841308594
2022-06-22,121.32015991210938,126.2052764892578,131.58457946777344,127.42000579833984,107.81747436523438
2022-06-23,143.56231689453125,190.8272247314453,141.48333740234375,124.79347229003906,109.42891693115234
2022-06-24,149.3589324951172,106.35655975341795,204.03732299804688,124.60198211669922,114.47337341308594
2022-06-25,123.23540496826172,117.94183349609376,131.16685485839844,124.22406005859376,118.06192779541016
2022-06-26,75.8603286743164,67.22384643554688,112.14264678955078,121.56875610351562,120.83279418945312
2022-06-27,131.99984741210938,100.26174926757812,177.7099151611328,122.0195770263672,123.15807342529295
2022-06-28,200.76168823242188,189.0246124267578,241.135009765625,126.17649841308594,135.15695190429688
2022-06-29,181.88807678222656,186.822998046875,238.32644653320312,128.37863159179688,143.80950927734375
2022-06-30,173.20616149902344,151.08888244628906,225.04116821289065,127.80854034423828,148.04434204101562
2022-07-01,119.07923889160156,107.92063903808594,153.02798461914062,126.16638946533205,143.7186737060547
2022-07-02,60.22850036621094,80.05747985839844,50.081886291503906,123.4208755493164,134.7176971435547
2022-07-03,30.20578384399414,40.15040969848633,33.48940658569336,119.66829681396484,128.19561767578125
2022-07-04,80.43762969970703,87.48003387451172,97.28931427001952,118.92039489746094,120.82958221435548
2022-07-05,109.64945220947266,138.0782470703125,86.378173828125,120.23226928710938,107.81355285644533
2022-07-06,138.9888458251953,150.1077880859375,134.83584594726562,118.52771759033205,101.68508911132812
2022-07-07,88.63056945800781,66.26831817626953,110.54864501953124,116.8477020263672,89.60285949707031
2022-07-08,110.41893005371094,83.8697509765625,122.42239379882812,115.4494400024414,88.36567687988281
2022-07-09,70.48016357421875,50.18801498413086,92.09587860107422,113.94695281982422,89.8302001953125
2022-07-10,38.51823043823242,19.19983291625977,64.0582275390625,112.08605194091795,91.01768493652344
2022-07-11,112.85301208496094,52.94382858276367,154.56134033203125,112.38246154785156,95.6484603881836
2022-07-12,113.63867950439452,147.27557373046875,113.39295196533205,113.3789291381836,96.21834564208984
2022-07-13,182.87045288085935,145.84605407714844,217.2321624755859,114.56710052490234,102.48715209960938
2022-07-14,165.35279846191406,98.9062957763672,210.8272399902344,115.53331756591795,113.4474639892578
2022-07-15,192.0329132080078,148.89918518066406,239.52207946777344,118.26600646972656,125.10660552978516
2022-07-16,102.60165405273438,87.67357635498047,113.75531768798828,117.2766571044922,129.6953887939453
2022-07-17,107.43463134765624,107.10393524169922,104.2244644165039,117.05622100830078,139.54058837890625
2022-07-18,128.70916748046875,162.07957458496094,135.19036865234375,118.07600402832033,141.80575561523438
2022-07-19,151.07994079589844,89.25328063964844,223.338134765625,121.22986602783205,147.15451049804688
2022-07-20,149.56410217285156,55.22359848022461,239.52207946777344,122.35790252685548,142.39645385742188
2022-07-21,117.50662994384766,100.40994262695312,158.19784545898438,122.38247680664062,135.56129455566406
2022-07-22,125.4760513305664,40.02873992919922,200.3275451660156,122.52100372314452,126.05316925048828
2022-07-23,109.91929626464844,99.6190414428711,124.63818359375,121.39956665039062,127.09854888916016
2022-07-24,89.26080322265625,39.54935836791992,131.95228576660156,119.39630126953124,124.50228118896484
2022-07-25,109.55962371826172,38.54907989501953,160.76870727539062,118.94043731689452,121.76663208007812
2022-07-26,160.8621063232422,154.42742919921875,178.34915161132812,121.77383422851562,123.1640853881836
2022-07-27,145.54339599609375,127.68394470214844,154.91058349609375,122.22528076171876,122.5896987915039
2022-07-28,106.68494415283205,95.72090911865234,124.1966323852539,119.08939361572266,121.0437469482422
2022-07-29,68.24624633789062,52.33551788330078,87.30598449707031,115.30133056640624,112.86805725097656
2022-07-30,119.9827651977539,145.6163787841797,130.134033203125,113.5272216796875,114.30569458007812
2022-07-31,125.18424224853516,153.59866333007812,96.08734893798828,113.73072052001952,119.43761444091795
2022-08-01,130.93153381347656,117.47565460205078,163.3105010986328,116.08748626708984,122.4907455444336
2022-08-02,204.4794921875,116.48576354980467,262.3337097167969,121.8966064453125,128.7218017578125
2022-08-03,210.2315673828125,124.61779022216795,264.58355712890625,126.22307586669922,137.9629669189453
2022-08-04,212.0501708984375,148.54957580566406,285.9346618652344,129.6364288330078,153.01515197753906
2022-08-05,163.9325408935547,112.70892333984376,206.82281494140625,130.4678955078125,166.6846160888672
2022-08-06,138.22935485839844,108.2744598388672,172.41305541992188,132.12118530273438,169.29127502441406
2022-08-07,111.03579711914062,92.24501037597656,169.2711944580078,132.14173889160156,167.2700653076172
2022-08-08,149.09796142578125,103.40105438232422,204.8358917236328,134.76234436035156,169.86526489257812
2022-08-09,212.57118225097656,153.0510711669922,255.3194274902344,140.56410217285156,171.02122497558594
2022-08-10,80.65382385253906,68.91905975341797,86.22794342041016,139.4907989501953,152.51011657714844
2022-08-11,130.26951599121094,136.05274963378906,154.74740600585938,140.04515075683594,140.82716369628906
2022-08-12,182.54019165039065,160.56910705566406,205.3600921630859,140.03414916992188,143.4853973388672
2022-08-13,112.0191879272461,63.81393814086914,133.06781005859375,138.25636291503906,139.7410888671875
2022-08-14,120.09308624267578,199.53904724121097,83.21763610839844,135.85836791992188,141.0349884033203
2022-08-15,110.41893005371094,90.65332794189452,108.01976013183594,136.1189422607422,135.50941467285156
2022-08-16,96.5411376953125,96.24397277832033,100.34622192382812,135.75582885742188,118.9336929321289
2022-08-17,156.08956909179688,138.3192138671875,173.0578155517578,136.6685028076172,129.71023559570312
2022-08-18,100.73998260498048,59.076412200927734,137.97157287597656,134.99050903320312,125.49172973632812
2022-08-19,117.67557525634766,129.04470825195312,146.77639770507812,133.92755126953125,116.22534942626952
2022-08-20,81.54013061523438,91.45027923583984,93.22936248779295,132.72866821289062,111.87120056152344
2022-08-21,122.68769073486328,150.5354461669922,109.86624908447266,132.63572692871094,112.24185943603516
2022-08-22,101.72952270507812,76.06229400634766,137.46084594726562,132.36273193359375,111.00051879882812
2022-08-23,145.3411865234375,144.89381408691406,171.21229553222656,134.23208618164062,117.97195434570312
2022-08-24,102.45054626464844,56.74177551269531,141.98472595214844,133.9951171875,110.30923461914062
2022-08-25,149.11880493164062,169.89691162109375,141.71080017089844,133.60366821289062,117.22049713134766
2022-08-26,108.25385284423828,86.33650207519531,135.0247039794922,132.36068725585938,115.8745346069336
2022-08-27,81.79179382324219,50.962520599365234,119.0217742919922,131.53091430664062,115.91048431396484
2022-08-28,103.81266021728516,94.08465576171876,109.86624908447266,132.71646118164062,113.21405029296876
2022-08-29,120.45700073242188,146.77206420898438,144.68099975585938,132.73226928710938,115.889404296875
2022-08-30,115.2725067138672,60.48299407958984,171.52587890625,132.40187072753906,111.59387969970705
2022-08-31,97.74789428710938,119.10192108154295,72.24928283691406,131.29576110839844,110.9220733642578
2022-09-01,187.7121734619141,198.14227294921875,201.99693298339844,130.73684692382812,116.43540954589844
2022-09-02,84.12870788574219,94.3534698486328,78.70011138916016,126.53341674804688,112.98896026611328
2022-09-03,117.78018951416016,88.06324005126953,146.90687561035156,123.39108276367188,118.13016510009766
2022-09-04,65.92174530029297,49.28912353515625,95.92798614501952,120.12405395507812,112.71717071533205
2022-09-05,83.9590835571289,45.654903411865234,101.54853057861328,118.31504821777344,107.50318908691406
2022-09-06,119.15711212158205,95.0322723388672,148.62429809570312,118.58575439453124,108.0581283569336
2022-09-07,124.28883361816406,86.19566345214844,170.7522735595703,117.7587890625,111.84969329833984
2022-09-08,99.42936706542967,93.90628814697266,130.5452117919922,113.98739624023438,99.23786163330078
2022-09-09,94.32772064208984,55.316104888916016,129.18946838378906,114.44319152832033,100.69486236572266
2022-09-10,81.918212890625,71.45780181884766,85.1469497680664,112.83148193359376,95.57172393798828
2022-09-11,66.75199127197266,66.54652404785156,69.38296508789062,108.97187042236328,95.6903305053711
2022-09-12,111.95556640625,131.3070068359375,109.52301788330078,108.9697494506836,99.68982696533205
2022-09-13,132.26222229003906,143.84193420410156,179.9675750732422,109.3753890991211,101.5619888305664
2022-09-14,202.9320831298828,178.50656127929688,238.22735595703125,112.45915985107422,112.79673767089844
2022-09-15,95.6089096069336,156.98878479003906,56.11892318725586,112.42808532714844,112.25096130371094
2022-09-16,127.40645599365234,105.8452377319336,176.57077026367188,111.47198486328124,116.97649383544922
2022-09-17,119.15711212158205,133.04518127441406,158.5325927734375,112.0858917236328,122.29633331298828
2022-09-18,71.2380142211914,71.01873779296875,74.0457992553711,110.53797149658205,122.93719482421876
2022-09-19,122.18487548828124,67.67153930664062,158.04530334472656,111.89279174804688,124.39852142333984
2022-09-20,109.77320098876952,90.1231918334961,139.60447692871094,111.46231079101562,121.18580627441406
2022-09-21,189.75428771972656,162.14588928222656,261.4750061035156,114.39646911621094,119.3032684326172
2022-09-22,225.8568878173828,150.1077880859375,348.7845764160156,117.08032989501952,137.91012573242188
2022-09-23,187.7991180419922,93.61052703857422,277.6192932128906,119.92527770996094,146.5376434326172
2022-09-24,108.0185089111328,62.81684112548828,149.7012939453125,118.55526733398438,144.9464111328125
2022-09-25,71.04702758789062,53.12125396728515,103.38619995117188,117.3150405883789,144.91912841796875
2022-09-26,163.0200653076172,104.0116958618164,216.8900604248047,120.02265167236328,150.7527313232422
2022-09-27,155.8855438232422,99.90367126464844,240.7297515869141,121.75841522216795,157.3402099609375
2022-09-28,202.5867919921875,185.5878143310547,282.27972412109375,124.4960708618164,159.1734161376953
2022-09-29,156.9405975341797,122.930908203125,186.43003845214844,125.885009765625,149.32823181152344
2022-09-30,162.7410430908203,104.67103576660156,226.9955596923828,128.05145263671875,145.74850463867188
2022-10-01,154.9739227294922,135.18478393554688,209.40672302246097,126.96017456054688,152.4564208984375
2022-10-02,120.60319519042967,64.12371826171875,187.19927978515625,128.17599487304688,159.53587341308594
2022-10-03,123.89524841308594,91.0102310180664,195.20106506347656,128.37982177734375,153.94662475585938
2022-10-04,164.21275329589844,90.3212661743164,254.26190185546875,131.65618896484375,155.13621520996094
2022-10-05,171.14932250976562,121.08694458007812,229.5419921875,134.56253051757812,150.64515686035156
2022-10-06,202.7014007568359,148.89918518066406,257.2644348144531,137.3473358154297,157.1824188232422
2022-10-07,144.24093627929688,39.66812515258789,239.8817138671875,138.0124053955078,154.53953552246094
2022-10-08,132.6922607421875,75.59075927734375,204.91302490234375,139.1211700439453,151.3564453125
2022-10-09,97.9522705078125,124.28279876708984,118.47328186035156,139.2419891357422,148.12060546875
2022-10-10,193.3405303955078,256.9938659667969,203.64035034179688,142.95606994628906,158.04135131835938
2022-10-11,228.25112915039065,256.721435546875,233.5974884033203,148.33937072753906,167.189697265625
2022-10-12,181.95040893554688,149.38027954101562,258.0956726074219,150.6725311279297,168.7327117919922
2022-10-13,133.84112548828125,100.07186126708984,166.93963623046875,150.7251739501953,158.89552307128906
2022-10-14,147.22523498535156,94.3534698486328,183.6335906982422,148.86827087402344,159.3218536376953
2022-10-15,92.4211196899414,58.19156265258789,129.43336486816406,148.7620086669922,153.56883239746094
2022-10-16,64.23261260986328,54.887054443359375,76.30204010009766,146.65621948242188,148.75173950195312
2022-10-17,171.66856384277344,139.44754028320312,200.90431213378903,148.40660095214844,145.65574645996094
2022-10-18,128.9849395751953,58.44905090332031,195.00912475585935,150.3314971923828,131.474853515625
2022-10-19,160.19326782226562,148.29299926757812,190.2938690185547,151.59844970703125,128.36669921875
2022-10-20,159.91705322265625,148.03733825683594,180.4674835205078,153.26991271972656,132.09182739257812
2022-10-21,174.34567260742188,115.8726806640625,237.22999572753903,152.75628662109375,135.96617126464844
2022-10-22,108.37702941894533,122.13607025146484,117.54639434814452,148.8402862548828,138.24559020996094
2022-10-23,52.3036994934082,104.28540802001952,43.492164611816406,144.3237762451172,136.5414581298828
2022-10-24,93.57535552978516,37.3149299621582,124.49734497070312,143.8423309326172,125.38528442382812
2022-10-25,139.72164916992188,69.64579010009766,193.6382293701172,146.13148498535156,126.91910552978516
2022-10-26,133.39198303222656,110.8178253173828,138.64952087402344,145.14389038085938,123.09034729003906
2022-10-27,180.4924774169922,201.10594177246097,220.7134552001953,145.96412658691406,126.02969360351562
2022-10-28,203.68539428710935,128.2474365234375,267.42755126953125,146.000732421875,130.22108459472656
2022-10-29,81.26068115234375,28.59195899963379,119.24259185791016,143.4780731201172,126.34732055664062
2022-10-30,51.75886917114258,34.39970016479492,71.73186492919922,139.77867126464844,126.2694854736328
2022-10-31,113.79048919677734,138.64918518066406,105.13373565673828,138.4058837890625,129.15736389160156
2022-11-01,136.88296508789062,163.7539520263672,127.48117065429688,138.94854736328125,128.7518310546875
2022-11-02,150.81610107421875,75.17593383789062,214.98565673828125,139.84591674804688,131.24099731445312
2022-11-03,186.55252075195312,120.63455963134766,251.55287170410156,140.590576171875,132.10671997070312
2022-11-04,115.8915786743164,115.53485870361328,136.52059936523438,138.74864196777344,119.5647430419922
2022-11-05,95.81807708740234,72.77953338623047,121.41063690185548,135.1858673095703,121.64437103271484
2022-11-06,101.14710235595705,84.02980041503906,140.1782989501953,133.74940490722656,128.6998291015625
2022-11-07,139.72164916992188,104.46868896484376,183.9563140869141,133.9837188720703,132.40428161621094
2022-11-08,225.7375640869141,146.53944396972656,305.5709533691406,138.24322509765625,145.09779357910156
2022-11-09,137.41021728515625,156.55685424804688,163.2298583984375,136.37889099121094,143.18267822265625
2022-11-10,98.15015411376952,127.20244598388672,81.61492919921875,132.0421905517578,130.5537567138672
2022-11-11,111.09221649169922,110.75025939941406,125.9681625366211,129.6802520751953,129.86813354492188
2022-11-12,47.662845611572266,28.509681701660156,63.41303634643555,126.80763244628906,122.98882293701172
2022-11-13,46.00788497924805,73.38603210449219,45.90839767456055,123.43372344970705,115.1117935180664
2022-11-14,188.92971801757812,163.23509216308594,198.9945831298828,126.6506805419922,122.14151763916016
2022-11-15,196.5082550048828,100.75031280517578,280.1190185546875,131.0598602294922,117.96589660644533
2022-11-16,170.58071899414062,164.5699920654297,183.02349853515625,131.0236053466797,122.7045440673828
2022-11-17,153.21286010742188,158.00819396972656,193.2985076904297,131.83120727539062,130.57064819335938
2022-11-18,77.71419525146484,67.79061889648438,88.8549575805664,129.08189392089844,125.80235290527344
2022-11-19,81.97037506103516,76.91112518310547,96.22721099853516,126.48367309570312,130.70343017578125
2022-11-20,60.385345458984375,68.79940032958984,71.73186492919922,122.68499755859376,132.75735473632812
2022-11-21,107.62855529785156,83.45343017578125,159.10491943359375,122.66004943847656,121.14289855957033
2022-11-22,105.24880981445312,143.58135986328125,119.76103973388672,124.42488861083984,108.1058349609375
2022-11-23,105.60198974609376,99.73604583740234,138.64952087402344,124.82577514648438,98.82315826416016
2022-11-24,46.46888732910156,39.70787048339844,44.16038131713867,121.71734619140624,83.57402038574219
2022-11-25,80.51380157470703,80.2659683227539,76.51399230957031,119.95474243164062,83.97396850585938
2022-11-26,94.32772064208984,99.56898498535156,92.27819061279295,117.08258819580078,85.73930358886719
2022-11-27,85.42438507080078,37.84952926635742,110.495849609375,113.14054870605467,89.3163070678711
2022-11-28,87.9999008178711,25.06543731689453,146.34934997558594,113.3651885986328,86.51221466064453
2022-11-29,100.55011749267578,66.82707977294922,111.48076629638672,114.99156951904295,85.84097290039062
2022-11-30,81.59033203125,21.690452575683594,126.64385223388672,113.91822814941406,82.41073608398438
2022-12-01,65.94698333740234,40.45784378051758,84.36458587646484,111.55369567871094,85.19332122802734
2022-12-02,109.09654235839844,138.42276000976562,123.70526885986328,110.1630401611328,89.27656555175781
2022-12-03,106.4093017578125,138.36752319335938,84.6355972290039,107.4916000366211,91.00251007080078
2022-12-04,51.62443161010742,68.6207046508789,57.23644256591797,105.349365234375,86.17394256591797
2022-12-05,98.96951293945312,139.2915802001953,106.5010223388672,105.45441436767578,87.74102783203125
2022-12-06,139.096923828125,133.53289794921875,162.78561401367188,106.71940612792967,93.24771881103516
2022-12-07,127.40645599365234,74.09166717529297,150.08514404296875,106.30889892578124,99.79287719726562
2022-12-08,140.9603271484375,97.28752899169922,171.3112030029297,103.48299407958984,110.50907135009766
2022-12-09,117.3084716796875,55.68922805786133,176.51121520996094,102.81293487548828,111.68220520019533
2022-12-10,46.72901153564453,51.76130676269531,51.80884552001953,101.09889221191406,103.1564483642578
2022-12-11,18.454416275024418,18.397611618041992,15.34542465209961,98.01097106933594,98.41787719726562
2022-12-12,158.36978149414062,157.88229370117188,153.63766479492188,101.70120239257812,106.90362548828124
2022-12-13,152.62684631347656,146.52159118652344,150.4165802001953,105.25516510009766,108.8364715576172
2022-12-14,133.39198303222656,166.22674560546875,138.64952087402344,103.4039077758789,109.6915512084961
2022-12-15,73.61261749267578,45.1606330871582,84.75396728515625,99.30738830566406,100.07044982910156
2022-12-16,98.7958755493164,127.45994567871094,96.64925384521484,96.91455841064452,97.42578887939452
2022-12-17,74.71957397460938,79.45555114746094,82.84222412109375,94.2981185913086,101.4244384765625
2022-12-18,49.73825454711914,39.66812515258789,66.17427062988281,93.36558532714844,105.89356231689452
2022-12-19,171.4579620361328,164.09298706054688,159.68138122558594,96.34850311279295,107.7633056640625
2022-12-20,132.74404907226562,132.33546447753906,130.45008850097656,98.76045989990234,104.92290496826172
2022-12-21,169.54087829589844,169.01901245117188,195.20106506347656,100.82420349121094,110.08702850341795
2022-12-22,159.0032501220703,184.93280029296875,165.2702178955078,102.61602020263672,122.2856903076172
2022-12-23,114.92581939697266,161.74879455566406,78.70011138916016,102.92681121826172,124.5899658203125
2022-12-24,80.7943344116211,61.95818710327149,103.35848999023438,104.0709991455078,125.45779418945312
2022-12-25,74.1619644165039,49.28912353515625,82.22399139404297,103.85926818847656,128.9468994140625
2022-12-26,64.6985855102539,51.599552154541016,64.55868530273438,102.8716278076172,113.695556640625
2022-12-27,146.81739807128906,128.06979370117188,152.6040802001953,104.91806030273438,115.7060317993164
2022-12-28,151.88629150390625,86.52501678466797,192.4544219970703,107.047607421875,113.18395233154295
2022-12-29,116.48590087890624,101.6114273071289,121.07709503173828,107.57880401611328,107.11003875732422
2022-12-30,150.22982788085938,194.6976318359375,112.42872619628906,109.86678314208984,112.15347290039062
2022-12-31,74.57938385009766,99.13309478759766,82.6867904663086,110.15453338623048,111.265625
2023-01-01,34.62614440917969,23.01304054260254,38.39029693603515,107.67218780517578,105.61764526367188
2023-01-02,117.05186462402344,93.35325622558594,155.73165893554688,108.02693939208984,113.09668731689452
2023-01-03,198.44876098632812,167.40130615234375,215.7906188964844,112.92108154296876,120.47259521484376
2023-01-04,94.28560638427734,100.26174926757812,94.08171844482422,112.76495361328124,112.24392700195312
2023-01-05,100.73998260498048,118.15282440185548,88.69601440429688,111.48638916015624,109.9945068359375
2023-01-06,88.7294921875,106.14765167236328,88.53762817382812,110.19715881347656,101.20874786376952
2023-01-07,88.86172485351562,108.2744598388672,73.89131164550781,108.46053314208984,103.24908447265624
2023-01-08,29.228540420532227,19.42571449279785,32.40592956542969,105.5245361328125,102.47799682617188
2023-01-09,86.12676239013672,52.83794403076172,99.1621322631836,106.83779907226562,98.06012725830078
2023-01-10,114.62171936035156,102.84201049804688,114.37386322021484,110.04337310791016,86.08483123779297
2023-01-11,129.44314575195312,82.1193618774414,156.56149291992188,109.07915496826172,91.10733795166016
2023-01-12,114.44572448730467,126.77049255371094,105.7391128540039,107.80644989013672,93.06529998779295
2023-01-13,103.69776916503906,80.40556335449219,124.55147552490234,106.81664276123048,95.20362854003906
2023-01-14,95.40194702148438,42.27035140991211,123.40176391601562,107.54295349121094,96.13794708251952
2023-01-15,42.60537338256836,21.23711395263672,70.85540008544922,105.66993713378906,98.04891967773438
2023-01-16,107.10379791259766,152.5344696044922,114.50593566894533,106.74940490722656,101.04563903808594
2023-01-17,127.40645599365234,88.90999603271484,169.5079345703125,109.33834838867188,102.87203216552734
2023-01-18,76.7813720703125,65.61003112792969,100.32960510253906,106.18246459960938,95.3489227294922
2023-01-19,115.06175994873048,120.74484252929688,110.78443145751952,105.59305572509766,95.43692779541016
2023-01-20,152.3668212890625,123.76859283447266,168.93038940429688,105.02058410644533,102.3896484375
2023-01-21,126.19306182861328,115.32090759277344,139.9113006591797,103.92691040039062,106.7883758544922
2023-01-22,41.53689956665039,41.40904235839844,34.53923034667969,101.4806137084961,106.6357421875
2023-01-23,87.70545959472656,80.70968627929688,78.53982543945312,101.7109832763672,103.8645477294922
2023-01-24,89.98486328125,67.2809066772461,121.59100341796876,102.23841094970705,98.51860809326172
2023-01-25,110.61297607421876,116.0763168334961,106.5010223388672,103.7688980102539,103.35169219970705
2023-01-26,71.49427032470703,83.15322875976562,59.44972229003906,101.25812530517578,97.12776184082033
2023-01-27,120.77069091796876,171.99850463867188,86.0782470703125,100.22093963623048,92.61402893066406
2023-01-28,82.9361572265625,58.36296844482422,89.24754333496094,99.10261535644533,86.4344711303711
2023-01-29,55.20946502685547,0.0,91.8167953491211,95.93526458740234,88.3876953125
2023-01-30,155.17120361328125,94.16130065917967,213.1795196533203,98.62165832519533,98.0256576538086
2023-01-31,148.3239288330078,153.3439483642578,146.17599487304688,102.41158294677734,106.35980987548828
2023-02-01,108.70256805419922,114.07154846191406,123.69100952148438,102.1332778930664,106.08689880371094
2023-02-02,130.60302734375,118.36457061767578,167.83714294433594,99.87174987792967,114.531005859375
2023-02-03,116.32762908935548,99.40248107910156,128.97341918945312,100.60648345947266,113.8962860107422
2023-02-04,119.19284057617188,89.11946105957031,165.18763732910156,101.2215805053711,119.0758056640625
2023-02-05,83.86247253417969,20.901084899902344,122.03498077392578,101.0593490600586,123.16909790039062
2023-02-06,112.52884674072266,126.2052764892578,128.6604766845703,101.84825134277344,117.07733154296876
2023-02-07,138.02365112304688,125.08982849121094,166.93963623046875,105.4747543334961,115.60586547851562
2023-02-08,134.977294921875,67.2809066772461,187.0630798339844,107.10310363769533,119.3593978881836
2023-02-09,169.5853729248047,169.06336975097656,188.020751953125,108.93522644042967,124.92829895019533
2023-02-10,147.8824920654297,153.3243865966797,167.23773193359375,109.54987335205078,129.43614196777344
2023-02-11,98.81238555908205,65.67215728759766,133.03001403808594,109.0287628173828,126.52464294433594
2023-02-12,75.77769470214844,86.33650207519531,90.01647186279297,108.09809112548828,125.3696746826172
2023-02-13,110.41893005371094,142.45523071289062,86.41580963134766,108.5986557006836,125.0682601928711
2023-02-14,82.66657257080078,35.319480895996094,127.6597137451172,109.93402862548828,117.16010284423828
2023-02-15,119.2741241455078,86.4778060913086,144.26206970214844,110.33970642089844,114.9167938232422
2023-02-16,134.74850463867188,123.13927459716795,149.39682006835938,110.58444213867188,109.94010162353516
2023-02-17,106.09647369384766,58.76105499267578,156.84007263183594,111.56161499023438,103.97067260742188
2023-02-18,86.7698745727539,50.883995056152344,110.34992218017578,110.6185531616211,102.25031280517578
2023-02-19,115.21974182128906,114.86508178710938,159.68138122558594,109.38031768798828,107.8848876953125
2023-02-20,146.02967834472656,76.62114715576172,204.51071166992188,110.04153442382812,112.97213745117188
2023-02-21,174.98080444335938,132.33546447753906,220.76168823242188,114.48966979980467,126.1598892211914
2023-02-22,150.3084716796875,149.84580993652344,173.0578155517578,116.57643127441406,130.59336853027344
2023-02-23,127.8748550415039,145.69285583496094,121.52223205566406,117.83943176269533,129.61141967773438
2023-02-24,110.97380065917967,88.5057601928711,147.6450958251953,117.8514633178711,130.3081817626953
2023-02-25,84.05022430419922,78.86260223388672,106.89118957519533,118.26998901367188,129.91964721679688
2023-02-26,67.60342407226562,89.86044311523438,56.21436309814453,116.49774932861328,123.11732482910156
2023-02-27,125.6263198852539,92.2818374633789,142.94830322265625,117.9207534790039,120.20256042480467
2023-02-28,146.95309448242188,146.50076293945312,162.9281463623047,120.97887420654295,116.19860076904295
2023-03-01,92.77371978759766,97.92863464355467,108.90953826904295,118.89896392822266,107.9793472290039
2023-03-02,121.40300750732422,149.84580993652344,115.37188720703124,118.00159454345705,107.05480194091795
2023-03-03,154.6261444091797,213.4387054443359,128.57647705078125,119.53237915039062,113.29084777832033
2023-03-04,101.2575225830078,115.36668395996094,88.20826721191406,118.55419921875,115.74903106689452
2023-03-05,60.04654312133789,19.95390510559082,83.21763610839844,116.67816162109376,114.6694793701172
2023-03-06,106.85701751708984,53.26405334472656,133.28244018554688,116.2669677734375,111.98815155029295
2023-03-07,161.43118286132812,90.1231918334961,204.03732299804688,118.85259246826172,114.05644989013672
2023-03-08,125.93231964111328,54.58464813232422,173.01014709472656,119.29937744140624,118.79338836669922
2023-03-09,147.4773406982422,79.16643524169922,198.0978851318359,119.61449432373048,122.51829528808594
2023-03-10,113.44409942626952,67.85694122314453,141.4984893798828,118.89672088623048,116.63514709472656
2023-03-11,84.21781921386719,55.97239303588867,101.15409088134766,116.05113983154295,114.2009048461914
2023-03-12,77.71419525146484,77.47498321533203,96.93268585205078,113.71219635009766,116.724853515625
2023-03-13,144.29745483398438,87.56288146972656,177.37335205078125,115.22836303710938,122.073486328125
2023-03-14,117.3084716796875,122.5163116455078,148.64102172851562,116.61272430419922,115.7702407836914
2023-03-15,101.751220703125,101.43802642822266,122.21348571777344,116.32379913330078,112.31580352783205
2023-03-16,112.81190490722656,163.58494567871094,119.39025115966795,117.32864379882812,107.36359405517578
2023-03-17,85.22901153564453,90.63111877441406,103.94354248046876,116.19380950927734,103.33287048339844
2023-03-18,87.94427490234375,58.44905090332031,113.75531768798828,114.6336669921875,103.86521911621094
2023-03-19,32.057106018066406,21.305620193481445,35.54198455810547,112.16568756103516,97.34278106689452
2023-03-20,94.06885528564452,80.38226318359375,111.7445831298828,112.40898895263672,90.16726684570312
2023-03-21,129.9046173095703,141.27792358398438,157.11964416503906,112.8984832763672,91.96671295166016
2023-03-22,114.43415832519533,48.03449249267578,170.27841186523438,111.84529876708984,93.778564453125
2023-03-23,100.5713119506836,75.1963119506836,125.44230651855467,109.36498260498048,92.0299072265625
2023-03-24,72.6195297241211,55.68922805786133,83.6105728149414,106.77535247802734,90.22855377197266
2023-03-25,101.6125030517578,101.29973602294922,101.39278411865234,105.89994049072266,92.18115234375
2023-03-26,31.64873695373535,0.0,52.63383102416992,103.25576782226562,92.12281799316406
2023-03-27,120.9456787109375,53.588172912597656,167.6168670654297,104.4856185913086,95.96236419677734
2023-03-28,76.7618179321289,47.09263610839844,98.19977569580078,104.79090118408205,88.37053680419922
2023-03-29,79.95852661132812,79.71240997314453,75.98631286621094,103.26863861083984,83.44544219970703
2023-03-30,129.30096435546875,110.4882583618164,133.11727905273438,102.68023681640624,87.5496826171875
2023-03-31,90.4455337524414,45.08356475830078,122.21348571777344,102.60263061523438,90.09625244140624
2023-04-01,52.35380172729492,28.46871757507324,63.32192611694336,100.30098724365234,83.05929565429688
2023-04-02,43.58641815185547,43.45225524902344,72.48694610595703,96.59966278076172,84.76467895507812
2023-04-03,84.60388946533203,64.87959289550781,97.40878295898438,96.04454040527344,79.57299041748047
2023-04-04,119.4284439086914,75.1963119506836,146.34934997558594,98.02394104003906,85.66822814941406
2023-04-05,117.88497161865234,105.7698974609375,147.03756713867188,98.39154052734376,91.08628845214844
2023-04-06,173.69268798828125,123.68431091308594,226.96287536621097,98.80025482177734,97.42796325683594
2023-04-07,169.00856018066406,134.79066467285156,224.85745239257812,100.2361297607422,108.65125274658205
2023-04-08,64.8544921875,69.62831115722656,58.07688522338867,97.4820327758789,110.43706512451172
2023-04-09,44.02083206176758,65.8280029296875,54.90705490112305,95.1679229736328,110.4991226196289
2023-04-10,142.78309631347656,56.93743515014648,201.83865356445312,97.12010192871094,118.81044006347656
2023-04-11,92.75189971923828,52.83794403076172,110.1801528930664,97.6213607788086,114.99950408935548
2023-04-12,119.4284439086914,112.7944564819336,114.98876953125,96.79238891601562,115.22000122070312
2023-04-13,126.19306182861328,75.48277282714844,167.89356994628906,97.08854675292967,108.43434143066406
2023-04-14,119.80353546142578,47.77390670776367,169.3546600341797,97.69029235839844,101.4050521850586
2023-04-15,87.3079833984375,51.199554443359375,111.03426361083984,96.84015655517578,104.6126937866211
2023-04-16,42.064353942871094,20.967437744140625,69.95565032958984,95.40133666992188,104.33319854736328
2023-04-17,91.62421417236328,98.3685073852539,93.77033996582033,95.52400207519533,97.02478790283205
2023-04-18,106.85701751708984,146.47613525390625,88.8549575805664,98.017333984375,99.03980255126952
2023-04-19,158.03074645996094,169.66310119628906,151.6240692138672,100.1493911743164,104.55441284179688
2023-04-20,95.6698226928711,107.2972640991211,79.55245971679688,99.00823211669922,100.19395446777344
2023-04-21,140.05340576171875,97.12857055664062,162.02963256835938,99.86221313476562,103.0867919921875
2023-04-22,70.80297088623047,100.83576202392578,50.46419143676758,98.86993408203124,100.72893524169922
2023-04-23,56.4642219543457,93.81736755371094,31.301179885864254,98.3314208984375,102.78605651855467
2023-04-24,159.4671630859375,86.71434783935547,204.9302673339844,100.2599105834961,112.4779052734375
2023-04-25,180.23350524902344,173.48292541503906,165.3735809326172,105.21273803710938,122.96026611328124
2023-04-26,105.3466796875,116.69156646728516,97.33229064941406,104.6927719116211,115.43396759033205
2023-04-27,117.88497161865234,164.53094482421875,88.22254180908203,106.06353759765624,118.60755920410156
2023-04-28,117.88497161865234,117.52210998535156,107.82755279541016,107.3277587890625,115.44064331054688
2023-04-29,63.05033493041992,48.35097122192383,64.52717590332031,105.11940002441406,114.33312225341795
2023-04-30,71.34761047363281,101.6114273071289,84.75396728515625,104.48280334472656,116.45932006835938
2023-05-01,104.6073989868164,111.23776245117188,127.57701873779295,106.2245864868164,108.62220764160156
2023-05-02,77.03646087646484,89.5992202758789,53.38185501098633,107.33959197998048,93.87977600097656
2023-05-03,149.52561950683594,160.5319366455078,133.8994903564453,109.50364685058594,100.19105529785156
2023-05-04,118.0840301513672,136.30799865722656,103.35848999023438,109.45883178710938,100.21949005126952
2023-05-05,69.73827362060547,23.174535751342773,106.3141860961914,107.85394287109376,93.34139251708984
2023-05-06,91.45125579833984,111.42970275878906,84.49398040771484,105.11256408691406,97.39866638183594
2023-05-07,42.60537338256836,0.0,70.85540008544922,100.8991241455078,93.29263305664062
2023-05-08,51.75886917114258,58.970916748046875,49.18756866455078,100.4626007080078,85.74284362792969
2023-05-09,116.35051727294922,150.1077880859375,102.44022369384766,102.87359619140624,91.359130859375
2023-05-10,118.51763153076172,70.89169311523438,147.82667541503906,102.0647430419922,86.9294204711914
2023-05-11,137.27757263183594,71.40262603759766,178.67051696777344,103.54893493652344,89.67135620117188
2023-05-12,146.2168426513672,100.52880096435548,184.4720916748047,104.44187927246094,100.59686279296876
2023-05-13,88.82279205322266,93.7581787109375,86.89286041259766,103.19620513916016,100.22137451171876
2023-05-14,74.02385711669922,92.24501037597656,61.55315780639648,101.6702117919922,104.70972442626952
2023-05-15,135.86703491210938,116.09899139404295,150.63693237304688,103.28884887695312,116.72518157958984
2023-05-16,137.52537536621094,143.06301879882812,119.32868957519533,106.47088623046876,119.75016021728516
2023-05-17,89.37788391113281,11.137845993041992,139.3509521484375,106.39600372314452,115.58733367919922
2023-05-18,125.21733856201172,102.13519287109376,151.45037841796875,107.00801849365234,113.86444854736328
2023-05-19,160.85305786132812,140.31320190429688,158.8332977294922,107.1020965576172,115.95533752441406
2023-05-20,98.44183349609376,107.95269775390624,106.41470336914062,107.19449615478516,117.32948303222656
2023-05-21,60.22850036621094,80.05747985839844,50.081886291503906,104.5336685180664,115.35871887207033
2023-05-22,78.2496337890625,39.00438690185547,108.44503021240234,104.78189086914062,107.1276626586914
2023-05-23,183.6913604736328,146.50076293945312,213.8431854248047,109.02278900146484,113.7228012084961
2023-05-24,115.21974182128906,80.40556335449219,153.29412841796875,107.5478744506836,117.41449737548828
2023-05-25,106.28559112548828,117.7315902709961,137.4796905517578,105.08294677734376,114.7099609375
2023-05-26,61.34384536743164,55.59547805786133,64.92096710205078,103.6161880493164,100.49435424804688
2023-05-27,85.71331787109375,70.37016296386719,109.00624084472656,102.5438003540039,98.67599487304688
2023-05-28,36.50212478637695,54.58464813232422,15.176329612731934,99.83103942871094,95.28651428222656
2023-05-29,44.966983795166016,44.82857131958008,49.85527420043945,99.22825622558594,90.53185272216795
2023-05-30,111.29180908203124,65.26425170898438,141.5357666015625,100.55973052978516,80.18905639648438
2023-05-31,219.58306884765625,137.5988006591797,281.7106018066406,104.39225006103516,95.09810638427734
2023-06-01,182.39715576171875,140.7760467529297,225.05715942382812,107.9042739868164,105.97118377685548
2023-06-02,129.57322692871094,123.55810546875,159.27403259277344,107.23919677734376,115.7182388305664
2023-06-03,119.01441192626952,108.76073455810548,123.70526885986328,107.27021026611328,120.4755401611328
2023-06-04,38.18521881103515,38.06768035888672,31.75220489501953,106.21843719482422,120.71598052978516
2023-06-05,107.08731079101562,42.70307922363281,142.47433471679688,106.73963928222656,129.59031677246094
2023-06-06,133.4734344482422,133.06259155273438,131.16685485839844,109.7685775756836,132.75912475585938
2023-06-07,142.2924346923828,158.87696838378906,123.05343627929688,112.78636169433594,121.71759796142578
2023-06-08,78.73674774169922,78.49439239501953,84.17838287353516,111.5325698852539,106.90896606445312
2023-06-09,96.3266830444336,53.350101470947266,124.59790802001952,110.7928695678711,102.15946197509766
2023-06-10,97.14274597167967,67.79061889648438,121.16585540771484,109.45504760742188,99.03494262695312
2023-06-11,81.29000091552734,101.29973602294922,84.49398040771484,107.2908172607422,105.19276428222656
2023-06-12,65.72555541992188,65.52323913574219,54.652854919433594,106.52091217041016,99.28394317626952
2023-06-13,77.17451477050781,59.18228530883789,108.60050964355467,106.6259307861328,91.24124145507812
2023-06-14,72.13296508789062,77.44254302978516,73.82254791259766,104.50146484375,81.21846008300781
2023-06-15,158.32125854492188,133.55178833007812,182.28335571289065,105.19465637207033,92.58767700195312
2023-06-16,111.43194580078124,90.89095306396484,117.92982482910156,105.92979431152344,94.74556732177734
2023-06-17,93.1047134399414,78.16263580322266,122.24129486083984,104.859375,94.16870880126952
2023-06-18,84.69633483886719,112.58084106445312,93.9035415649414,102.32081604003906,94.65532684326172
2023-06-19,107.78419494628906,100.28893280029295,107.5511245727539,102.6322250366211,100.66370391845705
2023-06-20,142.78309631347656,102.48738098144533,180.4674835205078,105.38404846191406,110.03636169433594
2023-06-21,127.8748550415039,72.84642791748047,162.02963256835938,107.03822326660156,117.9994888305664
2023-06-22,154.50408935546875,98.5782470703125,185.0039978027344,106.06531524658205,117.45417785644533
2023-06-23,46.4107551574707,46.26789855957031,38.59199523925781,103.7716827392578,108.16543579101562
2023-06-24,105.08145141601562,119.72342681884766,124.8264617919922,103.7315444946289,109.87639617919922
2023-06-25,125.18424224853516,134.39883422851562,192.17469787597656,105.85955810546876,115.66038513183594
2023-06-26,169.5130615234375,140.82606506347656,211.43313598632812,108.6528778076172,124.47879028320312
2023-06-27,118.30599212646484,94.3534698486328,167.23773193359375,111.37967681884766,120.98206329345705
2023-06-28,82.5390625,109.71332550048828,82.36058044433594,112.632080078125,114.50552368164062
2023-06-29,120.89662170410156,72.314697265625,160.84693908691406,112.95223999023438,109.70445251464844
2023-06-30,102.6733856201172,86.19566345214844,125.81746673583984,109.05525207519533,117.74197387695312
2023-07-01,103.0347671508789,92.44585418701172,119.9472885131836,106.40983581542967,117.44959259033205
2023-07-02,69.4250717163086,59.32403564453125,98.9642105102539,104.40489959716795,109.48399353027344
2023-07-03,45.37763977050781,38.77539825439453,53.90418243408203,101.9503402709961,91.7503662109375
2023-07-04,109.93034362792967,116.89810180664062,109.69263458251952,104.3418426513672,90.55384063720705
2023-07-05,89.85264587402344,95.54781341552734,109.58242797851562,103.7673568725586,91.59864044189452
2023-07-06,172.6627960205078,140.25515747070312,202.06784057617188,105.07366943359376,98.99380493164062
2023-07-07,120.56138610839844,171.70040893554688,85.92906188964844,104.34929656982422,101.54923248291016
2023-07-08,58.67672348022461,53.178279876708984,53.22712707519531,103.68063354492188,95.21237182617188
2023-07-09,75.93278503417969,75.69905853271484,63.1404914855957,103.0008316040039,96.1420440673828
2023-07-10,138.2980499267578,105.04560089111328,164.28451538085938,104.3726806640625,109.41638946533205
2023-07-11,141.3526153564453,134.79066467285156,122.64952087402344,106.37476348876952,113.90528869628906
2023-07-12,203.1872406005859,110.4882583618164,255.99478149414065,110.95681762695312,130.095947265625
2023-07-13,80.51380157470703,57.33283615112305,95.64249420166016,111.06813049316406,116.93180084228516
2023-07-14,151.36514282226562,104.46868896484376,193.6382293701172,113.7092056274414,121.33233642578124
2023-07-15,65.74562072753906,20.167152404785156,100.92838287353516,110.62334442138672,122.34217834472656
2023-07-16,30.577547073364254,0.0,50.85237884521485,107.9281997680664,115.86286163330078
2023-07-17,110.8536376953125,91.0102310180664,119.28954315185548,108.51982879638672,111.94223022460938
2023-07-18,151.43167114257812,138.3850860595703,167.89356994628906,110.74434661865234,113.38209533691406
2023-07-19,188.8271484375,139.83982849121094,260.19744873046875,113.4457778930664,111.33065032958984
2023-07-20,127.64022827148438,145.42552185058594,141.5157928466797,112.94100952148438,118.06299591064452
2023-07-21,112.39069366455078,106.14765167236328,127.88768005371094,112.42487335205078,112.49522399902344
2023-07-22,36.51649475097656,62.40701675415039,34.70241165161133,108.49195098876952,108.31963348388672
2023-07-23,49.441307067871094,78.86260223388672,65.7791976928711,108.5929718017578,111.01445770263672
2023-07-24,143.43077087402344,163.4163055419922,159.0229034423828,109.87128448486328,115.66832733154295
2023-07-25,61.7248649597168,54.697662353515625,68.43487548828125,107.75597381591795,102.8530731201172
2023-07-26,84.0753173828125,55.877685546875,93.21501922607422,104.90804290771484,87.8885269165039
2023-07-27,132.50270080566406,60.043113708496094,190.31117248535156,105.38127136230467,88.58316040039062
2023-07-28,130.33053588867188,97.447021484375,162.56088256835938,106.9743194580078,91.14599609375
2023-07-29,71.89212036132812,66.1576919555664,64.3790512084961,105.34083557128906,96.1996612548828
2023-07-30,10.068594932556152,20.075204849243164,0.0,102.2540054321289,90.57498931884766
2023-07-31,154.3993377685547,111.94478607177734,175.07440185546875,103.9661636352539,92.14192199707033
2023-08-01,116.9141616821289,103.60381317138672,140.42568969726562,105.54913330078124,100.02610778808594
2023-08-02,132.7555694580078,138.64918518066406,147.18722534179688,108.46173095703124,106.98043060302734
2023-08-03,88.7294921875,106.14765167236328,88.53762817382812,107.75503540039062,100.72711944580078
2023-08-04,119.37181091308594,95.20349884033205,119.11367797851562,108.73900604248048,99.16158294677734
2023-08-05,97.42845916748048,71.56841278076172,119.39025115966795,106.23119354248048,102.80963134765624
2023-08-06,30.182849884033203,15.04497241973877,37.646976470947266,103.21857452392578,105.68309783935548
2023-08-07,117.56503295898438,96.5202407836914,115.0105972290039,105.1815185546875,100.42105102539062
2023-08-08,108.29548645019533,88.90999603271484,127.13095092773438,106.2602767944336,99.18981170654295
2023-08-09,105.72024536132812,93.68428802490234,97.6774444580078,105.17434692382812,95.32762145996094
2023-08-10,131.0054931640625,124.38309478759766,145.2469024658203,104.8294448852539,101.36705017089844
2023-08-11,142.3582763671875,76.41851043701172,200.3275451660156,102.80181121826172,104.6508331298828
2023-08-12,119.2741241455078,129.7167205810547,144.26206970214844,104.09382629394533,107.77164459228516
2023-08-13,60.70150375366211,69.15960693359375,72.10742950439453,101.07170104980467,112.13145446777344
2023-08-14,114.96981048583984,143.26991271972656,119.50125122070312,102.71250915527344,111.76070404052734
2023-08-15,114.6426010131836,72.18297576904297,140.48471069335938,105.51467895507812,112.6674346923828
2023-08-16,100.02424621582033,105.58203125,127.20621490478516,105.15370178222656,111.85372161865234
2023-08-17,116.02689361572266,69.40184783935547,154.36798095703125,103.97354125976562,109.71392059326172
2023-08-18,77.42227935791016,33.0788459777832,110.36409759521484,100.26004028320312,100.43734741210938
2023-08-19,114.04771423339844,113.69666290283205,129.31942749023438,99.80696105957033,99.6907196044922
2023-08-20,43.701419830322266,52.2802848815918,43.6069221496582,97.51731872558594,97.26213836669922
2023-08-21,97.22421264648438,83.07852172851562,103.94354248046876,99.54090881347656,94.72705078125
2023-08-22,81.09864044189453,62.19154739379883,82.99822998046875,100.59615325927734,89.93505859375
2023-08-23,126.71024322509766,96.24397277832033,130.45008850097656,100.03880310058594,93.74734497070312
2023-08-24,61.5718879699707,49.10589218139648,71.67854309082031,100.03369903564452,85.96805572509766
2023-08-25,40.25690078735352,11.466567039489746,66.94974517822266,98.57308959960938,80.6587142944336
2023-08-26,85.97503662109375,80.66860961914062,92.51768493652344,97.02216339111328,76.64833068847656
2023-08-27,41.93123626708984,16.720867156982422,55.78741836547851,94.07552337646484,76.39545440673828
2023-08-28,75.4415054321289,68.37207794189453,79.84069061279297,94.19383239746094,73.28363800048828
2023-08-29,115.63378143310548,40.68629837036133,169.6819610595703,97.71267700195312,78.21722412109375
2023-08-30,163.29559326171875,116.28068542480467,213.37705993652344,98.00921630859376,83.4437026977539
2023-08-31,117.42311096191406,110.9005355834961,102.77999114990234,98.02618408203124,91.42245483398438
2023-09-01,73.48699951171875,45.08356475830078,84.60932922363281,96.0505599975586,96.16960906982422
2023-09-02,58.97747039794922,58.795928955078125,57.2152099609375,95.05883026123048,92.31281280517578
2023-09-03,16.358360290527344,16.308006286621094,27.20497703552246,91.6250457763672,88.6595458984375
2023-09-04,100.61537170410156,61.7265625,115.84362030029295,91.73127746582033,92.2558135986328
2023-09-05,121.78558349609376,24.282142639160156,182.28335571289065,94.78469848632812,93.1346435546875
2023-09-06,76.62522888183594,47.00884246826172,88.22254180908203,93.4200439453125,80.75315856933594
2023-09-07,80.34212493896484,61.61140441894531,92.5019989013672,92.48826599121094,75.45587921142578
2023-09-08,80.14276123046875,95.87529754638672,88.8549575805664,91.63568115234376,76.40670013427734
2023-09-09,44.43086242675781,59.058799743652344,32.84058380126953,88.74986267089844,74.32861328125
2023-09-10,16.60434913635254,16.553239822387695,13.807036399841309,84.55805969238281,74.36375427246094
2023-09-11,93.49989318847656,39.94804000854492,122.17556762695312,83.69892120361328,73.34725952148438
2023-09-12,164.96852111816406,65.78429412841797,230.4564971923828,87.17448425292969,79.51625061035156
2023-09-13,134.78366088867188,31.00818252563477,198.289794921875,87.83495330810547,87.82459259033203
2023-09-14,119.93779754638672,102.48738098144533,123.4777603149414,88.01145935058594,93.48111724853516
2023-09-15,106.68494415283205,85.08525085449219,133.06781005859375,88.23348236083984,97.27285766601562
2023-09-16,79.46189880371094,69.31513977050781,90.85319519042967,87.0146484375,102.2772979736328
2023-09-17,64.32170104980469,48.0927848815918,93.59963989257812,86.57795715332031,109.09406280517578
2023-09-18,114.6917495727539,94.16130065917967,168.29962158203125,86.59942626953125,112.12146759033205
2023-09-19,207.4167633056641,97.30744171142578,314.51055908203125,92.05661010742188,118.1855010986328
2023-09-20,190.11257934570312,206.7571563720703,258.683837890625,95.15288543701172,126.08963012695312
2023-09-21,162.9131622314453,108.2744598388672,225.77899169921875,97.88003540039062,132.22897338867188
2023-09-22,131.62521362304688,109.35003662109376,164.17572021484375,98.04386901855467,135.7918701171875
2023-09-23,70.02175903320312,42.95767593383789,89.57735443115234,98.32553100585938,134.44326782226562
2023-09-24,66.41739654541016,66.21295928955078,69.0351791381836,99.19754791259766,134.74266052246094
2023-09-25,109.96076202392578,41.10835647583008,171.442138671875,99.9970703125,134.06680297851562
2023-09-26,81.25166320800781,24.92355728149414,114.33789825439452,101.30775451660156,116.04322052001952
2023-09-27,101.4660415649414,47.601749420166016,138.96595764160156,102.17523956298828,103.37942504882812
2023-09-28,64.37852478027344,58.34578323364258,68.13260650634766,100.46672821044922,89.30305480957031
2023-09-29,86.41481018066406,91.89207458496094,76.64706420898438,97.90403747558594,82.84442138671875
2023-09-30,82.55619812011719,72.01432800292969,85.81008911132812,96.74180603027344,84.63505554199219
2023-10-01,38.97138595581055,77.7028579711914,25.924739837646484,95.5912857055664,80.71419525146484
2023-10-02,63.45914840698242,37.958290100097656,84.42923736572266,95.7406768798828,74.07111358642578
2023-10-03,107.04885864257812,83.00394439697266,148.35748291015625,98.76368713378906,77.75642395019531
2023-10-04,61.24074935913086,66.60244750976562,64.81185913085938,97.45120239257812,72.00995635986328
2023-10-05,54.304386138916016,36.09148788452149,70.24235534667969,95.20182800292967,70.57079315185547
2023-10-06,161.30764770507812,91.89207458496094,220.3603057861328,98.02457427978516,81.26976776123047
2023-10-07,54.14300537109375,68.69717407226562,32.74298858642578,97.15127563476562,77.21073913574219
2023-10-08,75.66779327392578,83.8165283203125,69.91126251220703,97.00210571289062,82.45308685302734
2023-10-09,227.07118225097656,279.63629150390625,211.0305328369141,103.09011840820312,105.82623291015624
2023-10-10,259.08349609375,282.88470458984375,297.5069274902344,111.17276000976562,127.54546356201172
2023-10-11,265.9303894042969,265.11181640625,278.8153991699219,116.92044067382812,156.78684997558594
2023-10-12,218.0117645263672,229.41517639160156,221.56886291503903,118.68854522705078,180.17361450195312
2023-10-13,287.3145446777344,292.04644775390625,318.5480651855469,123.77291107177734,198.17459106445312
2023-10-14,216.0370178222656,184.6046142578125,248.0764312744141,126.9762191772461,221.30230712890625
2023-10-15,154.47207641601562,136.88584899902344,171.2644805908203,128.56912231445312,232.56007385253903
2023-10-16,290.3445739746094,381.54888916015625,296.30120849609375,135.59854125976562,241.59912109375
2023-10-17,274.5221862792969,267.595458984375,324.65606689453125,142.605224609375,243.80465698242188
2023-10-18,333.0094299316406,349.457275390625,359.49432373046875,149.88247680664062,253.3873748779297
2023-10-19,338.8517150878906,430.997314453125,330.34613037109375,154.26364135742188,270.65020751953125
2023-10-20,298.6288146972656,363.8672790527344,331.09228515625,157.880859375,272.26654052734375
2023-10-21,251.51968383789065,256.08050537109375,258.0956726074219,160.83441162109375,277.33551025390625
2023-10-22,105.160888671875,209.67437744140625,0.0,159.9522705078125,270.2910461425781
2023-10-23,312.774658203125,467.71783447265625,307.3695373535156,168.0440216064453,273.4953308105469
2023-10-24,250.0051116943359,286.62091064453125,249.46449279785156,174.1636199951172,269.9928894042969
2023-10-25,208.08998107910156,224.2696990966797,224.47569274902344,177.43458557128906,252.1472625732422
2023-10-26,168.43563842773438,223.8895721435547,155.62168884277344,180.3407287597656,227.80210876464844
2023-10-27,251.86463928222656,283.8401794433594,236.750732421875,185.35400390625,221.12152099609375
2023-10-28,173.5397491455078,234.06637573242188,169.76910400390625,188.9927215576172,209.9815216064453
2023-10-29,133.1291961669922,187.3685760498047,104.18927001953124,190.54986572265625,213.97698974609375
2023-10-30,205.43055725097656,191.9983367919922,213.5274200439453,194.6456756591797,198.64212036132812
2023-10-31,172.08143615722656,208.31283569335935,173.75347900390625,199.08267211914065,187.5101776123047
2023-11-01,251.7322540283203,262.36456298828125,247.38201904296875,205.3584442138672,193.74478149414065
2023-11-02,219.58306884765625,287.7065734863281,198.2407989501953,209.10958862304688,201.0515594482422
2023-11-03,174.9210662841797,261.573974609375,109.0892562866211,212.89892578125,190.0596160888672
2023-11-04,157.24212646484375,188.10975646972656,148.18533325195312,216.33018493652344,187.73138427734375
2023-11-05,92.95470428466795,134.79066467285156,84.32154846191406,214.0517578125,181.99217224121097
2023-11-06,182.9025115966797,229.61273193359375,146.45623779296875,218.34373474121097,178.7738800048828
2023-11-07,140.21450805664062,174.7286376953125,106.87669372558594,220.49530029296875,174.22146606445312
2023-11-08,132.50270080566406,204.14659118652344,120.19652557373048,217.343017578125,157.1886749267578
2023-11-09,201.47996520996097,259.93621826171875,177.39202880859375,215.4228973388672,154.60250854492188
2023-11-10,180.9846649169922,229.63510131835935,164.17572021484375,212.59136962890625,155.46873474121094
2023-11-11,161.4616241455078,186.9266815185547,155.91531372070312,210.7063751220703,156.071533203125
2023-11-12,128.3940887451172,119.4656219482422,156.58677673339844,205.40902709960935,161.13429260253906
2023-11-13,131.046630859375,159.6750946044922,84.75396728515625,202.5760040283203,153.726318359375
2023-11-14,148.2277374267578,141.3466339111328,160.76870727539062,202.36785888671875,154.87106323242188
2023-11-15,130.60302734375,94.691650390625,148.0915985107422,197.04315185546875,154.59967041015625
2023-11-16,170.8645477294922,219.7917633056641,155.82882690429688,193.587890625,150.22604370117188
2023-11-17,149.48410034179688,178.82876586914062,119.32868957519533,187.4703826904297,145.72596740722656
2023-11-18,111.65958404541016,148.4211883544922,79.58438110351562,179.89730834960938,138.61138916015625
2023-11-19,101.5645751953125,171.34945678710938,90.95059967041016,173.32850646972656,134.77859497070312
2023-11-20,204.90109252929688,217.888427734375,227.17556762695312,171.77455139160156,145.32923889160156
2023-11-21,96.48255157470705,141.07217407226562,85.57682037353516,171.4852752685547,137.93707275390625
2023-11-22,191.44436645507812,127.23672485351562,231.5519866943359,167.44093322753906,146.62869262695312
2023-11-23,175.45379638671875,223.8895721435547,128.3878936767578,164.9558868408203,147.2843017578125
2023-11-24,152.79371643066406,231.5315704345703,111.80642700195312,163.1126708984375,147.75709533691406
2023-11-25,125.1051788330078,108.45225524902344,144.73583984375,161.66831970214844,149.6779022216797
2023-11-26,87.86651611328125,122.6344757080078,102.2892608642578,156.20172119140625,147.72103881835938
2023-11-27,166.35165405273438,173.05003356933594,180.4260101318359,155.9621124267578,142.21397399902344
2023-11-28,184.384765625,215.50982666015625,169.1825714111328,157.67063903808594,154.77142333984375
2023-11-29,88.7790298461914,143.8218536376953,55.36690902709961,153.78225708007812,140.10494995117188
2023-11-30,178.9017333984375,230.13040161132812,163.1587677001953,154.0095977783203,140.59751892089844
2023-12-01,94.81410217285156,106.33753967285156,88.69601440429688,148.77899169921875,132.31471252441406
2023-12-02,122.122314453125,152.18301391601562,93.0861587524414,145.53030395507812,131.88858032226562
2023-12-03,110.7027816772461,186.7665100097656,42.48591995239258,143.3896942138672,135.15090942382812
2023-12-04,194.85691833496097,259.009521484375,151.2276611328125,144.6435089111328,139.2230987548828
2023-12-05,89.69046020507812,59.60959243774414,109.38462829589844,144.5347137451172,125.6953353881836
2023-12-06,131.24276733398438,177.94076538085938,113.4977798461914,142.81271362304688,131.76158142089844
2023-12-07,194.16470336914065,175.9700469970703,215.2720642089844,144.61105346679688,133.94200134277344
2023-12-08,153.5236358642578,188.37054443359375,137.4796905517578,145.31175231933594,142.32908630371094
2023-12-09,106.34246826171876,106.01513671875,123.79792785644533,142.1405029296875,140.07481384277344
2023-12-10,124.1243133544922,154.6778106689453,154.81988525390625,140.2451629638672,141.9921875
2023-12-11,153.77490234375,140.52642822265625,149.18008422851562,139.9889373779297,136.12332153320312
2023-12-12,167.4221954345703,166.9068603515625,178.9930419921875,141.2898712158203,147.2278594970703
2023-12-13,192.79495239257812,244.62010192871097,194.32125854492188,143.34814453125,156.02102661132812
2023-12-14,148.67898559570312,213.4387054443359,118.68598175048828,143.36318969726562,149.5230712890625
2023-12-15,169.25527954101562,204.8916473388672,211.11160278320312,144.65159606933594,151.77044677734375
2023-12-16,104.33283996582033,145.6163787841797,104.10723114013672,142.43386840820312,151.4833526611328
2023-12-17,90.89362335205078,140.9548797607422,100.77452850341795,140.48086547851562,146.73611450195312
2023-12-18,144.02468872070312,237.22137451171875,83.31202697753906,141.5596923828125,145.34323120117188
2023-12-19,187.75686645507812,240.65863037109375,156.12571716308594,144.43276977539062,148.2481689453125
2023-12-20,143.77462768554688,229.3313446044922,95.64249420166016,142.3952178955078,141.24526977539062
2023-12-21,114.01953887939452,143.58135986328125,99.80085754394533,142.97979736328125,136.29393005371094
2023-12-22,89.36782836914062,71.27420043945312,138.7160186767578,139.57723999023438,124.88143157958984
2023-12-23,150.29798889160156,143.84193420410156,149.97299194335938,138.73870849609375,131.4478759765625
2023-12-24,52.91641998291016,42.20282745361328,88.0033187866211,135.4094696044922,126.02256774902344
2023-12-25,136.3998565673828,194.25714111328125,97.21778869628906,135.7859649658203,124.9333038330078
2023-12-26,139.57447814941406,222.63177490234375,92.84844207763672,137.50955200195312,118.05010223388672
2023-12-27,180.18150329589844,234.8967132568359,138.30145263671875,137.97055053710938,123.25109100341795
2023-12-28,122.68769073486328,143.89418029785156,96.01756286621094,135.9139862060547,124.48939514160156
2023-12-29,221.2848968505859,213.91879272460935,301.099609375,140.33084106445312,143.33468627929688
2023-12-30,190.9830322265625,236.3526153564453,197.14141845703125,140.73355102539062,149.14683532714844
2023-12-31,110.08533477783205,179.5851593017578,99.86116790771484,141.2425994873047,157.31382751464844
2024-01-01,167.60015869140625,275.1976013183594,114.77099609375,142.75852966308594,161.77101135253906
2024-01-02,131.12246704101562,192.63832092285156,91.8167953491211,143.43917846679688,160.56358337402344
2024-01-03,149.3903045654297,259.009521484375,108.01976013183594,141.9236297607422,156.1648406982422
2024-01-04,180.68551635742188,240.1724548339844,155.81031799316406,144.95680236816406,164.4502410888672
2024-01-05,167.4893798828125,197.89491271972656,165.06390380859375,146.16500854492188,156.76516723632812
2024-01-06,131.24276733398438,146.53944396972656,122.2283706665039,144.06761169433594,148.23085021972656
2024-01-07,89.04752349853516,142.0374755859375,74.0457992553711,141.9184112548828,145.22544860839844
2024-01-08,106.6277084350586,141.732666015625,106.39714813232422,141.92791748046875,136.5150909423828
2024-01-09,241.2696990966797,299.03363037109375,206.04556274414065,145.832763671875,152.2504119873047
2024-01-10,118.09510040283205,129.5047607421875,108.01976013183594,144.64344787597656,147.7796630859375
2024-01-11,165.3104705810547,190.15573120117188,148.03475952148438,144.5730438232422,145.58323669433594
2024-01-12,210.59278869628903,238.31544494628903,189.31297302246097,145.1663055419922,151.74085998535156
2024-01-13,160.0274200439453,212.7131195068359,141.9390106201172,145.54458618164062,155.85296630859375
2024-01-14,107.43463134765624,107.10393524169922,119.11367797851562,143.48390197753906,158.4796905517578
2024-01-15,106.3993911743164,141.42916870117188,94.37271881103516,143.55279541015625,158.4470672607422
2024-01-16,193.3890686035156,286.0811462402344,145.2469024658203,146.96929931640625,151.6069793701172
2024-01-17,176.20040893554688,234.2107391357422,175.81939697265625,148.0418243408203,159.90774536132812
2024-01-18,167.4893798828125,160.78961181640625,206.32986450195312,147.36624145507812,160.21900939941406
2024-01-19,207.4058380126953,212.67507934570312,246.3778076171875,149.48728942871094,159.76373291015625
2024-01-20,83.86247253417969,146.30758666992188,61.01749038696289,148.4820556640625,148.88302612304688
2024-01-21,70.10725402832031,104.83718872070312,58.2963752746582,147.84002685546875,143.550537109375
2024-01-22,186.62353515625,239.2059631347656,121.92974853515624,149.05088806152344,155.01113891601562
2024-01-23,169.07244873046875,249.70672607421875,124.96803283691406,152.92274475097656,151.53733825683594
2024-01-24,159.14471435546875,235.04421997070312,107.82755279541016,153.680908203125,149.10079956054688
2024-01-25,202.2942047119141,252.08941650390625,210.26747131347656,155.77157592773438,154.0729217529297
2024-01-26,141.32115173339844,191.6051483154297,112.81244659423828,154.47622680664062,144.6322479248047
2024-01-27,178.9195556640625,234.42759704589844,161.529541015625,156.35061645507812,158.2118377685547
2024-01-28,152.74087524414062,190.33839416503903,95.25662231445312,154.06582641601562,170.0166473388672
2024-01-29,140.53317260742188,200.1437225341797,144.68099975585938,152.3841552734375,163.4322967529297
2024-01-30,206.2771148681641,254.028564453125,171.52587890625,155.59054565429688,168.74725341796875
2024-01-31,205.6076507568359,250.5247344970703,170.96920776367188,156.8574676513672,175.3848114013672
2024-02-01,147.4983673095703,159.29806518554688,143.0911102294922,157.40333557128906,167.5568389892578
2024-02-02,171.52455139160156,245.8075714111328,169.37078857421875,158.14114379882812,171.87161254882812
2024-02-03,96.79580688476562,117.94183349609376,116.26152801513672,155.34481811523438,160.1396484375
2024-02-04,85.66985321044922,113.87487030029295,126.64385223388672,152.61749267578125,150.55807495117188
2024-02-05,125.87757110595705,145.30433654785156,121.19816589355467,152.43865966796875,148.46441650390625
2024-02-06,118.75242614746094,162.0031280517578,62.36612319946289,153.42881774902344,135.9608917236328
2024-02-07,100.38084411621094,144.54823303222656,74.19538879394531,153.22059631347656,120.9284896850586
2024-02-08,116.2304458618164,162.22174072265625,77.31940460205078,149.0526123046875,116.46163940429688
2024-02-09,194.5299835205078,277.0445861816406,175.6227264404297,151.60044860839844,119.74813079833984
2024-02-10,98.4957504272461,113.69666290283205,94.83424377441406,149.373291015625,119.99098205566406
2024-02-11,86.26477813720703,154.7986602783203,28.6927490234375,145.22901916503906,120.0759735107422
2024-02-12,156.3873291015625,184.2524871826172,189.1504821777344,145.10768127441406,124.43450927734376
2024-02-13,187.85829162597656,262.1920471191406,135.3820343017578,147.78846740722656,134.30677795410156
2024-02-14,135.8093719482422,153.0510711669922,137.4796905517578,148.76881408691406,139.3679962158203
2024-02-15,214.8081512451172,247.95962524414065,216.2238616943359,149.48277282714844,153.4505157470703
2024-02-16,160.93446350097656,133.69923400878906,167.27755737304688,148.97390747070312,148.6511688232422
2024-02-17,87.02969360351562,119.2974853515625,81.41390991210938,146.2919158935547,147.01315307617188
2024-02-18,80.7943344116211,89.49515533447266,89.57735443115234,142.071533203125,146.23165893554688
2024-02-19,167.8173065185547,218.21836853027344,109.20939636230467,144.87002563476562,147.86451721191406
2024-02-20,170.2109832763672,221.8984832763672,141.5357666015625,148.20681762695312,145.34347534179688
2024-02-21,193.75396728515625,236.77378845214844,197.4927215576172,148.4445037841797,153.62127685546875
2024-02-22,219.58306884765625,125.08982849121094,302.57806396484375,150.12818908691406,154.30340576171875
2024-02-23,167.06863403320312,149.32461547851562,191.61764526367188,150.39231872558594,155.17971801757812
2024-02-24,111.12447357177734,147.70989990234375,70.40264892578125,147.35333251953125,158.621826171875
2024-02-25,87.17283630371094,86.90451049804688,101.4817123413086,145.5483856201172,159.5330352783203
2024-02-26,200.9716796875,276.34906005859375,149.82656860351562,146.28346252441406,164.26937866210938
2024-02-27,166.86441040039062,98.5782470703125,215.83799743652344,146.75424194335938,163.79129028320312
2024-02-28,177.458984375,188.7069396972656,157.4002227783203,147.985107421875,161.46343994140625
2024-02-29,153.25045776367188,141.0265350341797,166.642578125,146.21754455566406,151.9873504638672
2024-03-01,155.183349609375,130.90481567382812,188.59664916992188,144.5367431640625,150.28945922851562
2024-03-02,82.69258880615234,96.9859390258789,56.627098083496094,142.3765411376953,146.22775268554688
2024-03-03,82.35665130615234,127.7160186767578,45.65475845336914,139.40428161621094,145.53973388671875
2024-03-04,170.75091552734375,177.03433227539062,159.0229034423828,141.86944580078125,141.22247314453125
2024-03-05,83.45616912841797,102.39910888671876,85.41097259521484,141.79566955566406,129.30702209472656
2024-03-06,108.0185089111328,95.72090911865234,99.80085754394533,141.2003631591797,119.38694763183594
2024-03-07,122.2349624633789,146.23046875,91.47798919677734,141.3164520263672,114.95616149902344
2024-03-08,183.7222442626953,177.6065216064453,194.43557739257812,144.09449768066406,119.03314971923828
2024-03-09,89.67141723632812,115.68817138671876,52.63383102416992,143.20919799804688,120.03012084960938
2024-03-10,98.21629333496094,124.61779022216795,89.0944595336914,139.9987335205078,122.29578399658205
2024-03-11,155.80584716796875,202.59947204589844,157.7220916748047,141.90907287597656,120.16077423095705
2024-03-12,199.55227661132812,172.4129638671875,232.3075408935547,145.68531799316406,136.74594116210938
2024-03-13,149.75440979003906,179.1521453857422,129.50650024414062,145.46421813964844,142.7082061767578
2024-03-14,187.1507110595703,248.7661895751953,155.62168884277344,145.44064331054688,151.9818878173828
2024-03-15,138.02365112304688,183.4650726318359,105.2067413330078,145.5144500732422,145.45352172851562
2024-03-16,126.55989837646484,98.74200439453124,137.2676239013672,142.57284545898438,150.72329711914062
2024-03-17,69.1920166015625,34.48951721191406,100.68682098388672,139.51475524902344,146.57696533203125
2024-03-18,147.65321350097656,127.99888610839844,149.4691925048828,141.53553771972656,145.4123077392578
2024-03-19,183.30413818359375,221.8984832763672,152.4231414794922,144.95252990722656,143.09115600585938
2024-03-20,116.02689361572266,138.80369567871094,115.77599334716795,143.22618103027344,138.27293395996094
2024-03-21,130.513916015625,148.69964599609375,103.35848999023438,141.9029541015625,130.1819610595703
2024-03-22,125.00255584716795,135.94667053222656,122.84236907958984,139.61123657226562,128.32180786132812
2024-03-23,107.02964782714844,138.71026611328125,106.79821014404295,135.8594512939453,125.53176879882812
2024-03-24,69.01182556152344,103.19910430908205,57.385498046875,132.5908966064453,125.50602722167967
2024-03-25,187.9930725097656,245.5775146484375,140.15087890625,135.15318298339844,131.26885986328125
2024-03-26,165.62838745117188,203.2228546142578,158.91368103027344,137.76837158203125,128.74375915527344
2024-03-27,126.7417221069336,149.32461547851562,105.38970947265624,135.29403686523438,130.27444458007812
2024-03-28,99.6260986328125,111.734375,82.84222412109375,133.05276489257812,125.86190032958984
2024-03-29,126.19306182861328,113.22415161132812,136.41351318359375,131.34390258789062,126.03197479248048
2024-03-30,161.5886688232422,214.7883758544922,116.45056915283205,131.62184143066406,133.8261260986328
2024-03-31,119.95370483398438,183.9761199951172,92.0725555419922,130.447509765625,141.10353088378906
2024-04-01,123.22461700439452,144.52391052246094,132.60194396972656,131.798583984375,131.85089111328125
2024-04-02,197.96221923828125,249.9803009033203,197.53414916992188,135.652099609375,136.4700164794922
2024-04-03,181.8664703369141,194.25714111328125,162.02963256835938,136.02261352539062,144.344970703125
2024-04-04,160.98458862304688,172.83438110351562,123.56652069091795,138.60690307617188,153.1104736328125
2024-04-05,142.04835510253906,158.60446166992188,170.0894317626953,139.74122619628906,155.37551879882812
2024-04-06,130.29766845703125,169.8647918701172,100.01224517822266,140.00997924804688,150.90538024902344
2024-04-07,69.73827362060547,104.28540802001952,43.492164611816406,136.2105255126953,143.7317352294922
2024-04-08,126.32672882080078,153.92408752441406,81.70138549804688,137.43235778808594,144.17489624023438
2024-04-09,171.76275634765625,159.00306701660156,173.43173217773438,139.8839111328125,140.43211364746094
2024-04-10,208.5249481201172,261.3387451171875,168.44088745117188,141.64122009277344,144.240478515625
2024-04-11,123.3402862548828,117.1053695678711,136.7484130859375,139.10081481933594,138.8627166748047
2024-04-12,161.3263397216797,160.82977294921875,160.9774932861328,139.48654174804688,141.61671447753906
2024-04-13,130.1172332763672,118.90699005126952,135.2456817626953,137.58543395996094,141.5909423828125
2024-04-14,137.6413116455078,219.5482177734375,76.30204010009766,137.57269287109375,151.29136657714844
2024-04-15,230.79364013671875,230.0832366943359,237.0679626464844,141.04714965820312,166.2152099609375
2024-04-16,340.5443420410156,283.94219970703125,453.0772399902344,150.09222412109375,190.32687377929688
2024-04-17,227.49627685546875,221.2644195556641,267.6067199707031,152.753662109375,193.0370635986328
2024-04-18,155.665771484375,136.56422424316406,196.75027465820312,151.83238220214844,197.6549835205078
2024-04-19,208.1194305419922,184.42562866210935,269.2010803222656,154.90213012695312,204.3397216796875
2024-04-20,134.36312866210938,123.64572143554688,171.88790893554688,155.0304412841797,204.94627380371097
2024-04-21,70.48016357421875,70.26321411132812,87.90969848632812,153.21302795410156,195.3518218994141
2024-04-22,162.9131622314453,81.20585632324219,248.3568878173828,155.0758056640625,185.6546173095703
2024-04-23,148.3239288330078,110.9005355834961,164.44798278808594,157.71954345703125,158.19454956054688
2024-04-24,139.23226928710938,150.37066650390625,154.36798095703125,156.0941925048828,145.5854034423828
2024-04-25,172.4012908935547,171.87063598632812,143.35708618164062,156.3199462890625,147.9761962890625
2024-04-26,150.83494567871094,138.80369567871094,154.36798095703125,157.12306213378906,139.79269409179688
2024-04-27,154.3292694091797,164.8438262939453,137.49603271484375,158.94650268554688,142.64500427246094
2024-04-28,106.32933807373048,146.77206420898438,54.40995407104492,158.2843780517578,147.7663116455078
2024-04-29,191.10968017578125,197.57777404785156,188.34214782714844,159.26840209960938,151.7943878173828
2024-04-30,167.80361938476562,123.91637420654295,196.38113403320312,160.8634033203125,154.57720947265625
2024-05-01,130.75924682617188,111.734375,124.2633285522461,161.11456298828125,153.3667755126953
2024-05-02,137.77406311035156,214.98257446289065,59.77223587036133,159.10829162597656,148.42002868652344
2024-05-03,110.41893005371094,127.45994567871094,115.97911071777344,156.72669982910156,142.64630126953125
2024-05-04,86.46179962158203,96.97012329101562,80.88265991210938,154.2425994873047,132.95095825195312
2024-05-05,68.83257293701172,51.46552658081055,71.5455551147461,151.8020782470703,127.59427642822266
2024-05-06,93.61604309082033,172.29763793945312,23.952205657958984,150.57936096191406,113.66661071777344
2024-05-07,176.26507568359375,133.30673217773438,252.7067718505859,154.1302490234375,114.8753890991211
2024-05-08,163.58358764648438,198.0258026123047,126.30882263183594,155.3721466064453,119.56458282470705
2024-05-09,145.39895629882812,126.04470825195312,136.67385864257812,154.4933624267578,120.6538543701172
2024-05-10,185.2792205810547,223.8895721435547,186.7460174560547,153.71849060058594,131.34817504882812
2024-05-11,106.0021743774414,147.94622802734375,88.14412689208984,153.14056396484375,134.13966369628906
2024-05-12,54.009254455566406,71.79067993164062,29.94025993347168,149.56332397460938,132.0220489501953
2024-05-13,177.1075897216797,235.4165496826172,152.72496032714844,151.12966918945312,143.94940185546875
2024-05-14,154.67242431640625,167.0460205078125,150.05079650878906,151.69737243652344,140.86474609375
2024-05-15,129.21363830566406,81.9737548828125,166.05165100097656,148.31137084960938,135.9547576904297
2024-05-16,124.90009307861328,129.9293670654297,144.49856567382812,141.12322998046875,133.02633666992188
2024-05-17,181.6569366455078,170.44496154785156,204.36639404296875,139.5952606201172,132.50888061523438
2024-05-18,110.9231185913086,140.74032592773438,92.23604583740234,138.1038360595703,133.2118682861328
2024-05-19,98.48174285888672,124.95458984375,119.11367797851562,134.44924926757812,139.56507873535156
2024-05-20,135.07557678222656,115.42268371582033,149.75942993164062,134.47299194335938,133.5605010986328
2024-05-21,165.28404235839844,151.04400634765625,171.79856872558594,137.63311767578125,135.07644653320312
2024-05-22,140.05340576171875,121.41071319580078,172.156494140625,136.87112426757812,136.62498474121094
2024-05-23,101.83300018310548,83.60433959960938,139.4685516357422,135.32142639160156,133.32968139648438
2024-05-24,116.63970947265624,81.39647674560547,126.08643341064452,134.56834411621094,124.04151153564452
2024-05-25,91.41826629638672,42.887939453125,116.26152801513672,131.86891174316406,121.2551040649414
2024-05-26,121.3052978515625,148.83926391601562,77.5916519165039,130.88458251953125,124.51561737060548
2024-05-27,145.42979431152344,64.43651580810547,188.11245727539065,130.5879364013672,125.99478912353516
2024-05-28,143.45765686035156,104.0116958618164,162.6675567626953,131.82554626464844,122.8767318725586
2024-05-29,135.4371795654297,112.51690673828124,168.93038940429688,129.9698028564453,122.21726989746094
2024-05-30,93.57535552978516,111.94478607177734,82.99822998046875,127.49552154541016,121.03760528564452
2024-05-31,156.499267578125,195.0219268798828,108.44503021240234,128.35353088378906,126.7318344116211
2024-06-01,121.19149780273438,151.02308654785156,109.1724090576172,127.80077362060548,130.9851531982422
2024-06-02,90.01542663574219,89.73834991455078,74.85064697265625,127.12065887451172,126.51516723632812
2024-06-03,111.1133804321289,83.07852172851562,127.04210662841795,127.94237518310548,121.61282348632812
2024-06-04,110.2148208618164,109.87557220458984,122.19609832763672,129.32177734375,116.86384582519533
2024-06-05,119.32062530517578,135.94667053222656,113.39295196533205,130.17860412597656,114.56148529052734
2024-06-06,122.00985717773438,145.96116638183594,111.60052490234376,128.37010192871094,118.62355041503906
2024-06-07,122.68769073486328,166.7864227294922,92.7442398071289,127.00689697265624,113.79332733154295
2024-06-08,66.66158294677734,30.672178268432617,102.33450317382812,124.38232421875,106.00334167480467
2024-06-09,92.95470428466795,101.09300231933594,70.26795959472656,121.30484008789062,106.4232406616211
2024-06-10,107.28964233398438,120.32931518554688,144.97389221191406,121.3477554321289,105.87699127197266
2024-06-11,121.78558349609376,133.55178833007812,131.64907836914062,123.60696411132812,107.52995300292967
2024-06-12,117.67557525634766,140.7760467529297,88.06584167480469,121.62590026855467,107.2949447631836
2024-06-13,133.4734344482422,157.2557830810547,110.98733520507812,120.91926574707033,108.93260192871094
2024-06-14,90.1378936767578,67.39533233642578,121.79779052734376,119.61673736572266,104.28263092041016
2024-06-15,109.89561462402344,73.03822326660156,174.06027221679688,119.11659240722656,110.45892333984376
2024-06-16,102.35462188720705,92.76324462890624,92.84844207763672,116.47317504882812,111.80176544189452
2024-06-17,120.9456787109375,133.97044372558594,111.7445831298828,116.80726623535156,113.75263214111328
2024-06-18,142.94383239746094,148.69964599609375,165.3735809326172,118.28933715820312,116.77523803710938
2024-06-19,114.8867416381836,89.08130645751953,137.9905548095703,117.61637115478516,116.3768310546875
2024-06-20,177.00743103027344,151.25364685058594,231.29421997070312,118.00714874267578,122.5959701538086
2024-06-21,128.30368041992188,46.51227188110352,184.2801818847656,117.61549377441406,128.04823303222656
2024-06-22,64.95230865478516,47.09263610839844,78.55982208251953,116.38613891601562,121.62775421142578
2024-06-23,85.1559829711914,101.87264251708984,70.80986785888672,115.33667755126952,119.17080688476562
2024-06-24,212.60784912109375,232.46505737304688,205.3046417236328,119.37633514404295,132.26541137695312
2024-06-25,109.98760223388672,103.19910430908205,150.63693237304688,118.99907684326172,127.557373046875
2024-06-26,128.58396911621094,109.87557220458984,183.29415893554688,118.4375457763672,129.5141143798828
2024-06-27,120.6764144897461,72.18297576904297,170.5885772705078,117.6781768798828,121.46682739257812
2024-06-28,121.46080780029295,143.10275268554688,128.54351806640625,117.21229553222656,120.48927307128906
2024-06-29,42.536983489990234,42.40605163574219,44.21354675292969,115.51101684570312,117.2870864868164
2024-06-30,46.920223236083984,37.42063903808594,46.81876373291016,111.85838317871094,111.82483673095705
2024-07-01,71.44754028320312,90.65332794189452,54.00988006591797,110.20024871826172,91.6590805053711
2024-07-02,79.59959411621094,97.66717529296876,91.64707946777344,109.85305786132812,87.31793212890625
2024-07-03,107.82317352294922,131.37823486328125,99.62039184570312,109.7433853149414,84.35210418701172
2024-07-04,90.27962493896484,83.07852172851562,80.84497833251953,109.07887268066406,80.00970458984375
2024-07-05,73.11270141601562,56.06742477416992,74.82523345947266,107.53861236572266,73.10283660888672
2024-07-06,87.63406372070312,81.54003143310547,77.72850036621094,106.39275360107422,79.54527282714844
2024-07-07,94.91598510742188,132.4733428955078,63.1404914855957,105.46702575683594,86.40180969238281
2024-07-08,89.18451690673828,88.90999603271484,127.13095092773438,106.21778869628906,88.9356689453125
2024-07-09,90.05038452148438,89.77320098876953,96.27391815185548,106.12097930908205,90.42863464355467
2024-07-10,124.6665267944336,177.54684448242188,88.8549575805664,106.70021057128906,92.83483123779295
2024-07-11,127.8534927368164,139.04721069335938,125.64402770996094,106.90247344970705,98.20252227783205
2024-07-12,86.32097625732422,64.54145812988281,98.6955795288086,105.8573226928711,100.08942413330078
2024-07-13,31.749849319458008,10.55070686340332,44.00165939331055,102.46653747558594,92.10596466064452
2024-07-14,45.007713317871094,53.84300994873047,29.94025993347168,100.96219635009766,84.97621154785156
2024-07-15,67.88048553466797,121.80877685546876,22.577898025512695,99.56169128417967,81.93277740478516
2024-07-16,68.23641204833984,49.47372817993164,92.84844207763672,98.4244155883789,78.81649017333984
2024-07-17,105.25916290283205,86.41719055175781,113.2693099975586,97.90153503417967,76.04401397705078
2024-07-18,133.52000427246094,126.77049255371094,126.88693237304688,97.58740997314452,76.853515625
2024-07-19,143.77462768554688,126.13223266601562,162.5922393798828,98.5503387451172,85.0611801147461
2024-07-20,79.50162506103516,126.81106567382812,52.886474609375,95.30014038085938,91.8828582763672
2024-07-21,81.29000091552734,121.55968475341795,67.59518432617188,93.73301696777344,97.06604766845705
2024-07-22,130.038818359375,136.4616241455078,136.5869598388672,95.90257263183594,105.94580841064452
2024-07-23,36.46863555908203,36.35638046264648,30.324811935424805,94.27965545654295,101.40755462646484
2024-07-24,78.87065887451172,84.67618560791016,70.62830352783203,89.8217544555664,97.63776397705078
2024-07-25,91.53900146484376,114.07154846191406,85.63224029541016,89.20680236816406,91.6404800415039
2024-07-26,95.77151489257812,89.86044311523438,103.05966186523438,88.11305236816406,84.78289031982422
2024-07-27,81.64779663085938,69.7684097290039,106.68852996826172,86.81209564208984,85.08949279785156
2024-07-28,105.160888671875,104.83718872070312,131.16685485839844,86.26876831054688,88.49961853027344
2024-07-29,124.38494873046876,65.26425170898438,174.1978759765625,88.99703216552734,87.6919174194336
2024-07-30,107.0728988647461,93.40039825439452,111.29308319091795,91.00212097167967,97.77824401855467
2024-07-31,112.86431121826172,101.26522064208984,168.93038940429688,92.38268280029295,102.63448333740234
2024-08-01,133.19764709472656,161.654541015625,144.46697998046875,94.16928100585938,108.5857162475586
2024-08-02,191.2178192138672,246.69667053222656,187.0630798339844,96.94910430908205,122.2209014892578
2024-08-03,92.17579650878906,126.35160064697266,67.0661849975586,97.0123062133789,123.7248992919922
2024-08-04,76.24835968017578,101.35154724121094,56.35813522338867,97.11682891845705,119.59454345703124
2024-08-05,186.99978637695312,119.8441162109375,211.0305328369141,100.42902374267578,128.53952026367188
2024-08-06,131.50079345703125,124.85336303710938,166.62405395507812,101.64851379394533,132.0292205810547
2024-08-07,172.7223358154297,221.38803100585935,153.8828887939453,104.43310546875,140.5803680419922
2024-08-08,174.67401123046875,199.0129547119141,134.8721160888672,107.25389862060548,146.50555419921875
2024-08-09,151.33558654785156,201.15966796875,111.85801696777344,108.1428680419922,140.80809020996094
2024-08-10,122.04196166992188,139.04721069335938,115.97911071777344,107.94915008544922,145.07469177246094
2024-08-11,61.8345947265625,35.22529220581055,88.14412689208984,107.1329345703125,143.0155792236328
2024-08-12,118.30599212646484,170.3604278564453,98.37513732910156,110.01814270019533,133.20217895507812
2024-08-13,151.6049346923828,181.36593627929688,126.0642547607422,113.57138061523438,136.07420349121094
2024-08-14,175.76889038085938,188.7069396972656,191.12884521484375,117.16766357421876,136.50942993164062
2024-08-15,139.61013793945312,101.22210693359376,168.8584747314453,119.54678344726562,131.50030517578125
2024-08-16,118.94318389892578,166.0078887939453,118.68598175048828,120.00292205810548,126.87281036376952
2024-08-17,137.03067016601562,178.1855010986328,118.89944458007812,120.11994171142578,129.01405334472656
2024-08-18,75.07235717773438,130.97222900390625,15.606253623962402,117.82986450195312,130.90516662597656
2024-08-19,136.52664184570312,186.2508850097656,83.65087890625,119.73069763183594,133.50811767578125
2024-08-20,151.46929931640625,183.8298187255859,98.57070922851562,122.07000732421876,133.48873901367188
2024-08-21,140.68820190429688,114.75421142578124,148.89210510253906,122.42498779296876,128.4772186279297
2024-08-22,184.3729705810547,159.29806518554688,183.97427368164065,127.35513305664062,134.8719024658203
2024-08-23,143.7642364501953,203.0391082763672,99.62039184570312,129.51824951171875,138.4177703857422
2024-08-24,87.31644439697266,54.40480041503906,99.83374786376952,129.37750244140625,131.31573486328125
2024-08-25,110.72650146484376,202.3737335205078,30.69084930419922,129.87600708007812,136.4091796875
2024-08-26,176.03016662597656,191.4418182373047,172.98817443847656,133.02207946777344,142.05255126953125
2024-08-27,174.34567260742188,141.62216186523438,171.82090759277344,135.32823181152344,145.3206024169922
2024-08-28,156.19180297851562,220.5906219482422,119.05516815185548,136.3884735107422,147.535400390625
2024-08-29,132.50270080566406,176.12648010253906,94.44012451171876,137.2361297607422,140.1253662109375
2024-08-30,166.55368041992188,258.2860107421875,102.58859252929688,139.02577209472656,143.38099670410156
2024-08-31,124.57520294189452,158.06222534179688,94.17107391357422,138.7383575439453,148.70367431640625
2024-09-01,113.66654205322266,145.69285583496094,81.01481628417969,136.1533203125,149.12368774414062
2024-09-02,145.5133056640625,204.7982177734375,99.64612579345705,137.9312286376953,144.76412963867188
2024-09-03,171.22616577148438,144.43771362304688,208.09371948242188,141.09715270996094,144.3184814453125
2024-09-04,180.32122802734375,226.3722381591797,177.7099151611328,140.87454223632812,147.7655487060547
2024-09-05,141.96719360351562,165.11856079101562,127.88768005371094,141.22341918945312,149.11761474609375
2024-09-06,100.38084411621094,100.07186126708984,102.01866149902344,138.81204223632812,139.6643524169922
2024-09-07,90.47984313964844,60.13422775268555,125.39471435546876,136.0055694580078,134.79359436035156
2024-09-08,122.36398315429688,191.69436645507812,72.6781997680664,135.0398406982422,136.0360870361328
2024-09-09,146.7593231201172,97.53839111328124,185.9580535888672,135.86375427246094,136.21408081054688
2024-09-10,97.6078872680664,85.14401245117188,131.8915252685547,137.0561981201172,125.69718933105467
2024-09-11,212.9060516357422,249.70672607421875,197.86605834960935,140.20953369140625,130.35215759277344
2024-09-12,103.1149444580078,64.24846649169922,117.89704895019533,138.59320068359375,124.80184173583984
2024-09-13,185.6430206298828,219.77252197265625,125.42398834228516,138.92233276367188,136.98214721679688
2024-09-14,100.38084411621094,80.05747985839844,133.55169677734375,137.6147003173828,138.39657592773438
2024-09-15,55.874637603759766,79.57521057128906,53.09886932373047,135.5124053955078,128.89810180664062
2024-09-16,88.97392272949219,81.8769760131836,79.67572784423828,133.9105224609375,120.6430435180664
2024-09-17,100.7880630493164,80.38226318359375,111.7445831298828,134.76771545410156,121.09735107421876
2024-09-18,122.00985717773438,145.96116638183594,101.45501708984376,134.2838134765625,108.1121826171875
2024-09-19,93.75191497802734,137.07955932617188,62.36612319946289,132.3599090576172,106.7746124267578
2024-09-20,175.53778076171875,191.9326934814453,188.34214782714844,133.5215606689453,105.33100128173828
2024-09-21,90.29145050048828,78.76183319091797,84.46519470214844,130.38551330566406,103.88966369628906
2024-09-22,8.952885627746582,17.850656509399414,0.0,125.89179229736328,97.18655395507812
2024-09-23,158.09982299804688,150.1077880859375,212.8480224609375,128.25123596191406,107.06168365478516
2024-09-24,161.11709594726562,154.19631958007812,171.4866180419922,129.93092346191406,115.68011474609376
2024-09-25,175.30010986328125,132.5769500732422,231.2174835205078,129.90658569335938,123.29300689697266
2024-09-26,240.4767913818359,263.7102355957031,289.9477844238281,132.1109619140625,144.2537078857422
2024-09-27,134.84788513183594,116.89810180664062,136.50637817382812,131.39950561523438,138.44085693359375
2024-09-28,66.58427429199219,88.5057601928711,46.13909530639648,129.2022247314453,135.0541229248047
2024-09-29,102.35462188720705,111.31588745117188,108.32318878173828,127.06224822998048,148.39723205566406
2024-09-30,160.4926300048828,179.1984405517578,160.14556884765625,128.25949096679688,148.7390594482422
2024-10-01,135.86703491210938,232.1979827880859,75.31846618652344,128.99951171875,145.1319122314453
2024-10-02,178.71270751953125,216.34033203125,191.0638427734375,130.1061553955078,145.61941528320312
2024-10-03,237.0575714111328,223.8895721435547,321.6181335449219,132.300537109375,145.13096618652344
2024-10-04,144.27560424804688,161.09127807617188,143.963623046875,131.09901428222656,146.477783203125
2024-10-05,72.57582092285156,72.35242462158203,86.21295166015625,128.78598022460938,147.33370971679688
2024-10-06,89.28753662109375,71.21015930175781,133.64169311523438,128.41619873046875,145.46697998046875
2024-10-07,80.63045501708984,107.17634582519533,67.04674530029297,128.087890625,134.05810546875
2024-10-08,98.58832550048828,91.73253631591795,120.2362823486328,127.2953643798828,128.73257446289062
2024-10-09,137.03067016601562,142.54840087890625,128.80772399902344,126.97107696533205,122.77799987792967
2024-10-10,119.58728790283205,178.82876586914062,69.6083984375,127.70372009277344,105.99652862548828
2024-10-11,157.45294189453125,217.3406982421875,151.06967163085938,125.85528564453124,107.8790054321289
2024-10-12,96.0164566040039,85.08525085449219,88.71187591552734,125.61866760253906,111.22766876220705
2024-10-13,52.16641998291016,69.34112548828125,28.91867446899414,121.16944885253906,105.92465209960938
2024-10-14,151.46929931640625,210.09120178222656,87.618408203125,122.87239837646484,116.04448699951172
2024-10-15,125.71414947509766,112.7944564819336,125.44230651855467,125.20037841796876,119.91960144042967
2024-10-16,117.64259338378906,123.453125,102.97209930419922,126.15599822998048,117.1498794555664
2024-10-17,104.24164581298828,57.7337646484375,134.83584594726562,126.2711181640625,114.9576416015625
2024-10-18,124.89034271240234,130.43478393554688,118.68598175048828,126.36713409423828,110.30584716796876
2024-10-19,72.25399780273438,88.65426635742188,64.70310974121094,125.65054321289062,106.91120910644533
2024-10-20,77.84101867675781,103.46854400634766,86.30298614501953,122.39398193359376,110.57901000976562
2024-10-21,119.05634307861328,111.70811462402344,139.76341247558594,123.35281372070312,105.9485855102539
2024-10-22,214.1457977294922,173.4578857421875,222.5861663818359,130.1925811767578,118.58168029785156
2024-10-23,215.39117431640625,207.32376098632812,209.9846038818359,132.10227966308594,132.54576110839844
2024-10-24,136.4728240966797,160.78961181640625,123.79792785644533,131.2808074951172,137.15020751953125
2024-10-25,170.02560424804688,233.79620361328125,136.50637817382812,131.10499572753906,143.59811401367188
2024-10-26,114.05547332763672,128.53541564941406,107.2112274169922,126.89095306396484,149.5697479248047
2024-10-27,93.91300201416016,34.04506301879883,127.7862548828125,125.52645111083984,151.86575317382812
2024-10-28,145.1722869873047,171.03915405273438,131.68942260742188,128.14605712890625,155.59658813476562
2024-10-29,160.8042449951172,102.5979461669922,213.94204711914065,130.09437561035156,147.97637939453125
2024-10-30,133.96414184570312,157.83392333984375,151.9027862548828,129.21009826660156,136.34393310546875
2024-10-31,133.89991760253906,174.11448669433594,77.45529174804688,129.14451599121094,135.97637939453125
2024-11-01,131.0728302001953,130.66937255859375,128.80772399902344,127.55652618408205,130.4116973876953
2024-11-02,79.75684356689453,74.2105941772461,79.58438110351562,122.31317138671876,125.51189422607422
2024-11-03,101.40513610839844,101.09300231933594,98.37513732910156,120.8841552734375,126.58219909667967
2024-11-04,114.6917495727539,107.61292266845705,134.6396942138672,122.28801727294922,122.22783660888672
2024-11-05,57.4433708190918,38.177703857421875,63.68794631958008,121.22654724121094,107.46199798583984
2024-11-06,120.14494323730467,114.07154846191406,123.69100952148438,122.54369354248048,105.48782348632812
2024-11-07,98.7958755493164,115.8726806640625,115.97911071777344,122.55061340332033,100.47296142578124
2024-11-08,108.89063262939452,68.56134033203125,152.4984893798828,121.61260986328124,97.3040771484375
2024-11-09,77.39643859863281,92.58984375,60.06705856323242,120.2062530517578,96.96688079833984
2024-11-10,54.009254455566406,89.73834991455078,44.9103889465332,116.75812530517578,90.19603729248048
2024-11-11,154.22886657714844,147.0691680908203,178.4293975830078,118.69853973388672,95.84420013427734
2024-11-12,106.85701751708984,93.21208953857422,155.49618530273438,120.52156066894533,102.90328979492188
2024-11-13,116.55330657958984,97.84803771972656,122.42239379882812,119.35769653320312,102.39019775390624
2024-11-14,58.6295166015625,35.06943130493164,68.25318908691406,117.1215362548828,96.6521453857422
2024-11-15,97.5879135131836,118.90699005126952,108.1965560913086,116.45304870605467,95.0374755859375
2024-11-16,97.26952362060548,86.19566345214844,98.85658264160156,116.22064971923828,97.8764877319336
2024-11-17,33.888160705566406,16.891923904418945,42.26860046386719,113.18724060058594,95.00204467773438
2024-11-18,253.1438140869141,346.1000671386719,192.4544219970703,119.21690368652344,109.13275146484376
2024-11-19,197.47999572753903,152.41714477539062,233.0734100341797,123.20486450195312,122.07888793945312
2024-11-20,195.1946258544922,160.25372314453125,267.3348693847656,125.74281311035156,133.31336975097656
2024-11-21,193.78823852539065,217.3406982421875,241.71148681640625,125.06422424316406,152.6217498779297
2024-11-22,102.09968566894533,67.85694122314453,122.63202667236328,121.287841796875,153.26629638671875
2024-11-23,183.44915771484375,135.8570556640625,217.9196014404297,122.85372161865234,165.57766723632812
2024-11-24,85.59606170654297,17.066518783569336,128.116455078125,120.03939819335938,172.96450805664062
2024-11-25,123.70584869384766,164.4334259033203,91.4358139038086,120.36107635498048,154.47337341308594
2024-11-26,169.25527954101562,192.83920288085935,130.68814086914062,122.87248992919922,150.44126892089844
2024-11-27,199.62742614746097,236.327880859375,176.37124633789062,124.68766021728516,151.07452392578125
2024-11-28,176.27854919433594,161.09127807617188,195.44151306152344,125.2034683227539,148.57315063476562
2024-11-29,226.97222900390625,293.54412841796875,234.64291381835935,128.30374145507812,166.41207885742188
2024-11-30,105.60198974609376,110.8178253173828,110.91960906982422,127.3604736328125,155.2910614013672
2024-12-01,184.5441741943359,239.1689453125,184.1451110839844,129.14285278320312,169.42649841308594
2024-12-02,197.0029296875,320.0536193847656,121.3437728881836,133.05105590820312,179.8975067138672
2024-12-03,164.99378967285156,189.7914581298828,168.8584747314453,135.17068481445312,179.28872680664062
2024-12-04,136.60072326660156,95.32618713378906,147.66412353515625,135.90097045898438,170.284912109375
2024-12-05,127.66488647460938,107.17634582519533,167.6168670654297,138.24169921875,163.34010314941406
2024-12-06,150.84552001953125,156.39645385742188,150.5193328857422,139.26504516601562,152.46485900878906
2024-12-07,151.0617218017578,193.62437438964844,107.66790008544922,141.0072479248047,158.9591064453125
2024-12-08,68.65425109863281,85.55366516113281,42.81612014770508,139.66603088378906,142.4033966064453
2024-12-09,170.9712371826172,298.2787170410156,71.08396911621094,142.78518676757812,138.68458557128906
2024-12-10,194.4993896484375,254.4946746826172,202.1654052734375,147.46820068359375,142.89967346191406
2024-12-11,153.94032287597656,181.88619995117188,142.22911071777344,147.4585723876953,145.3767547607422
2024-12-12,233.8283233642578,323.76190185546875,140.42568969726562,151.69094848632812,160.54296875
2024-12-13,191.3634796142578,249.9803009033203,131.68942260742188,154.18463134765625,166.3312530517578
2024-12-14,101.751220703125,112.70892333984376,94.0103759765625,155.62200927734375,159.28689575195312
2024-12-15,64.41104125976562,91.73253631591795,30.60559844970703,154.51611328125,158.6807098388672
2024-12-16,194.0416259765625,179.62689208984375,207.45216369628903,157.74185180664062,161.9764862060547
2024-12-17,133.30252075195312,93.02454376220705,166.26783752441406,161.0556640625,153.23406982421875
2024-12-18,182.28550720214844,187.99078369140625,229.9775390625,158.6937255859375,157.28338623046875
2024-12-19,152.5942840576172,202.8327789306641,137.46084594726562,157.19754028320312,145.67852783203125
2024-12-20,128.64340209960938,153.89691162109375,106.97102355957033,154.97915649414062,136.71852111816406
2024-12-21,89.20738983154297,106.71935272216795,69.23348999023438,151.49313354492188,134.92654418945312
2024-12-22,37.21986389160156,55.65794372558594,15.474740982055664,149.33047485351562,131.04208374023438
2024-12-23,146.57379150390625,102.28583526611328,158.44491577148438,148.10128784179688,124.2609634399414
2024-12-24,143.3685302734375,135.4047393798828,150.58790588378906,150.02703857421875,125.69896697998048
2024-12-25,120.14494323730467,102.66439056396484,171.2644805908203,149.90834045410156,116.82174682617188
2024-12-26,132.85699462890625,158.93765258789062,88.37979888916016,148.695068359375,114.00212860107422
2024-12-27,168.5598602294922,219.18392944335935,121.88069915771484,147.65948486328125,119.70448303222656
2024-12-28,106.214599609375,79.41574096679688,121.44105529785156,145.3240203857422,122.13408660888672
2024-12-29,79.4108657836914,90.47592163085938,56.59939193725586,140.40530395507812,128.161376953125
2024-12-30,108.1994400024414,82.97415161132812,110.73381805419922,140.49188232421875,122.6793212890625
2024-12-31,63.39842224121094,79.00409698486328,52.7177734375,136.4536895751953,111.25502014160156
2025-01-01,112.81190490722656,143.13682556152344,68.2229995727539,133.64732360839844,110.20744323730467
2025-01-02,198.4803009033203,272.9232482910156,102.44022369384766,134.7635498046875,119.58219909667967
2025-01-03,137.5028076171875,137.07955932617188,155.91531372070312,134.79360961914062,115.14547729492188
2025-01-04,69.86082458496094,46.43052673339844,87.13719940185547,132.86680603027344,109.95207977294922
2025-01-05,48.14778900146485,76.79933166503906,16.014556884765625,129.4435577392578,105.48592376708984
2025-01-06,98.31822204589844,120.63455963134766,62.88821792602539,127.68544006347656,104.07432556152344
2025-01-07,117.64259338378906,61.7265625,164.75537109375,129.31838989257812,111.82349395751952
2025-01-08,70.20856475830078,50.90360641479492,84.91726684570312,125.95962524414062,105.73729705810548
2025-01-09,123.1437759399414,85.93531799316406,143.35708618164062,123.58110809326172,94.97493743896484
2025-01-10,65.53641510009766,59.39516830444336,69.3580093383789,120.63430786132812,84.69402313232422
2025-01-11,71.65287780761719,43.958351135253906,100.8304214477539,115.22846221923828,84.95003509521484
2025-01-12,81.90414428710938,54.434696197509766,121.07709503173828,111.57981872558594,89.77236938476562
2025-01-13,106.85701751708984,71.01873779296875,154.0152587890625,111.75000762939452,90.99219512939452
2025-01-14,147.36761474609375,89.42591094970703,202.4586944580078,114.51522827148438,95.23863220214844
2025-01-15,147.094482421875,152.5073699951172,156.56149291992188,112.95032501220705,106.22233581542967
2025-01-16,92.8215103149414,115.66975402832033,67.53599548339844,111.60095977783205,101.8905792236328
2025-01-17,88.33514404296875,66.04742431640625,100.99846649169922,108.46927642822266,105.14754486083984
2025-01-18,77.15607452392578,112.8139190673828,51.3261604309082,105.95467376708984,105.9337158203125
2025-01-19,68.30036163330078,51.067596435546875,70.99236297607422,103.9432373046875,103.99031829833984
2025-01-20,151.88629150390625,173.05003356933594,120.28400421142578,106.03253173828124,110.42306518554688
2025-01-21,50.09554290771485,37.45600509643555,62.48401641845703,106.46172332763672,96.52706146240234
2025-01-22,157.46360778808594,174.4210205078125,145.48435974121094,106.82471466064452,98.00836181640624
2025-01-23,126.4798583984375,120.0862274169922,130.21290588378906,106.2617645263672,102.8166961669922
2025-01-24,148.64085388183594,116.42976379394533,194.22784423828125,107.2116241455078,111.43180084228516
2025-01-25,84.66626739501953,126.60848236083984,52.8019905090332,105.6052703857422,112.5046844482422
2025-01-26,128.0631866455078,136.1802520751953,127.7862548828125,104.25537872314452,121.04222869873048
2025-01-27,209.143798828125,269.03228759765625,213.1795196533203,107.68635559082033,129.2218780517578
2025-01-28,163.21046447753906,192.83920288085935,150.79400634765625,110.47967529296876,145.3811492919922
2025-01-29,105.25916290283205,86.41719055175781,113.2693099975586,110.38166046142578,137.92337036132812
2025-01-30,120.6764144897461,72.18297576904297,140.48471069335938,112.29093170166016,137.09429931640625
2025-01-31,109.84081268310548,69.15960693359375,134.6005401611328,112.19189453125,131.5514373779297
2025-02-01,65.24754333496094,80.05747985839844,66.77584838867188,107.75080108642578,128.77734375
2025-02-02,61.99993133544922,52.979217529296875,88.37979888916016,105.23403930664062,119.33972930908205
2025-02-03,146.04507446289062,145.5955352783203,143.521240234375,107.77351379394533,110.32563018798828
2025-02-04,141.4619598388672,152.77874755859375,127.43255615234376,110.8839874267578,107.21869659423828
2025-02-05,135.56771850585938,117.52210998535156,156.84007263183594,112.1256332397461,111.54849243164062
2025-02-06,162.32183837890625,119.8682861328125,199.9639892578125,113.6149444580078,117.49784088134766
2025-02-07,124.4435043334961,141.78338623046875,108.40623474121094,115.42277526855467,119.5839385986328
2025-02-08,131.8939666748047,111.25906372070312,143.4197998046875,115.71444702148438,129.1048583984375
2025-02-09,0.0,0.0,0.0,113.52989959716795,120.24772644042967
2025-02-10,121.0070343017578,105.55525207519533,138.35406494140625,115.17504119873048,116.67086029052734
2025-02-11,119.80353546142578,83.60433959960938,149.4305877685547,116.4383544921875,113.57679748535156
2025-02-12,95.37142944335938,76.06229400634766,116.31301879882812,116.05549621582033,107.83447265625
2025-02-13,167.4221954345703,178.82876586914062,188.9370880126953,116.72398376464844,108.56309509277344
2025-02-14,119.525634765625,102.13519287109376,123.05343627929688,115.80502319335938,107.86054229736328
2025-02-15,108.1865005493164,92.44585418701172,111.37962341308594,116.31719207763672,104.47376251220705
2025-02-16,86.55165100097656,94.1293487548828,91.59870147705078,116.25774383544922,116.8382797241211
2025-02-17,156.25318908691406,155.77223205566406,194.8941345214844,118.8943099975586,121.87345123291016
2025-02-18,217.6139373779297,180.78675842285156,251.3233337402344,123.87142944335938,135.8463592529297
2025-02-19,166.24411010742188,171.87063598632812,174.07644653320312,124.35002136230467,145.97103881835938
2025-02-20,265.48809814453125,336.8539123535156,200.69244384765625,131.52976989746094,159.98043823242188
2025-02-21,181.8218994140625,203.9200134277344,188.98825073242188,132.3417205810547,168.87991333007812
2025-02-22,124.80632019042967,165.89620971679688,95.13199615478516,132.2859344482422,171.25416564941406
2025-02-23,96.91022491455078,140.52642822265625,102.56130981445312,130.56158447265625,172.7339630126953
2025-02-24,144.02468872070312,182.7399139404297,108.87366485595705,132.54019165039062,170.98704528808594
2025-02-25,165.32223510742188,207.5427398681641,112.01309204101562,133.78216552734375,163.5167999267578
2025-02-26,162.38076782226562,233.1085662841797,108.01976013183594,132.223388671875,162.9648895263672
2025-02-27,143.77462768554688,126.13223266601562,172.156494140625,131.57553100585938,145.57725524902344
2025-02-28,122.68769073486328,88.9527587890625,139.11634826660156,132.15647888183594,137.12950134277344
2025-03-01,119.8626480102539,108.6306381225586,126.8521499633789,132.12936401367188,136.4232635498047
2025-03-02,83.74468994140625,55.65794372558594,108.32318878173828,131.25949096679688,134.54248046875
2025-03-03,154.22886657714844,160.43910217285156,156.12571716308594,134.22552490234375,136.00021362304688
2025-03-04,253.4526824951172,211.539794921875,303.8776550292969,140.60728454589844,148.5902862548828
2025-03-05,180.47381591796875,116.0763168334961,242.0477752685547,141.75491333007812,151.1750030517578
2025-03-06,229.87570190429688,176.28317260742188,245.0626220703125,144.70204162597656,163.47515869140625
2025-03-07,179.5272674560547,138.56103515625,221.5160369873047,146.1673583984375,171.5950927734375
2025-03-08,195.7426300048828,150.1077880859375,233.71548461914065,147.28138732910156,182.43508911132812
2025-03-09,105.72024536132812,140.52642822265625,87.90969848632812,146.6572723388672,185.574462890625
2025-03-10,238.45330810546875,205.5950927734375,267.9478454589844,150.20925903320312,197.6065216064453
2025-03-11,221.6365509033203,226.92605590820312,219.16485595703125,157.59713745117188,193.0613555908203
2025-03-12,218.22657775878903,234.28985595703125,214.03237915039065,160.83778381347656,198.45460510253903
2025-03-13,254.8129119873047,214.5130157470703,282.5132141113281,165.33810424804688,202.01707458496097
2025-03-14,223.67819213867188,212.3711395263672,265.707763671875,169.614990234375,208.3243408203125
2025-03-15,150.57125854492188,113.87487030029295,189.9657745361328,169.0532989501953,201.8712921142578
2025-03-16,92.95470428466795,101.09300231933594,126.4823226928711,168.1676025390625,200.04763793945312
2025-03-17,155.95892333984375,136.8214111328125,186.7460174560547,169.760009765625,188.26272583007812
2025-03-18,201.12017822265625,271.2662353515625,206.5877990722656,173.57896423339844,185.33181762695312
2025-03-19,275.0921325683594,251.39157104492188,314.52813720703125,177.54026794433594,193.4554748535156
2025-03-20,246.2043609619141,223.1331787109375,251.25540161132812,178.49327087402344,192.2256774902344
2025-03-21,158.8217315673828,135.71388244628906,160.3649444580078,178.24586486816406,182.96046447753903
2025-03-22,94.94621276855467,157.756591796875,61.40613555908203,172.56114196777344,175.0140380859375
2025-03-23,96.91022491455078,70.26321411132812,131.8645477294922,169.73074340820312,175.5791015625
2025-03-24,141.50775146484375,192.3711395263672,96.27391815185548,170.28746032714844,173.5146484375
2025-03-25,139.72164916992188,81.25342559814453,174.27439880371094,171.71450805664062,164.74343872070312
2025-03-26,155.46347045898438,119.21918487548828,208.8251953125,172.09579467773438,147.65362548828125
2025-03-27,155.94879150390625,160.82977294921875,143.0911102294922,171.78335571289062,134.75997924804688
2025-03-28,156.456787109375,139.83982849121094,188.4188232421875,171.5858917236328,134.422119140625
2025-03-29,132.29104614257812,126.60848236083984,132.00497436523438,171.20309448242188,139.75711059570312
2025-03-30,55.05652618408203,36.59136962890625,76.30204010009766,168.94873046875,133.7779998779297
2025-03-31,188.3616943359375,90.65332794189452,259.2474365234375,171.23202514648438,140.47142028808594
2025-04-01,90.91094970703124,79.30223083496094,94.49412536621094,171.4709014892578,133.49847412109375
2025-04-02,115.74695587158205,109.89588165283205,119.16322326660156,170.18817138671875,127.82467651367188
2025-04-03,97.93678283691406,114.86508178710938,86.22794342041016,165.0043182373047,119.53724670410156
2025-04-04,176.9652099609375,187.44677734375,183.9401702880859,164.88735961914062,122.46702575683594
2025-04-05,148.7680206298828,98.8733901977539,189.681396484375,162.1837615966797,124.82087707519533
2025-04-06,115.76177215576172,71.01873779296875,148.0915985107422,160.05825805664062,133.49305725097656
2025-04-07,125.71414947509766,137.85989379882812,104.53524780273438,157.72396850585938,124.54340362548828
2025-04-08,128.1103515625,133.7977294921875,142.0370330810547,158.47030639648438,129.85760498046875
2025-04-09,189.45361328125,206.04049682617188,152.7627716064453,156.83697509765625,140.3871307373047
2025-04-10,166.2014923095703,148.54957580566406,162.02963256835938,154.98915100097656,150.1392364501953
2025-04-11,134.74850463867188,100.75031280517578,168.07142639160156,152.20654296875,144.1082763671875
2025-04-12,93.65890502929688,58.970916748046875,131.16685485839844,146.83474731445312,136.23553466796875
2025-04-13,91.55338287353516,99.56898498535156,83.05036926269531,142.4305877685547,132.77720642089844
2025-04-14,168.11903381347656,161.3940887451172,196.75027465820312,143.0155029296875,138.8350372314453
2025-04-15,141.4619598388672,141.0265350341797,147.03756713867188,144.63241577148438,140.74241638183594
2025-04-16,156.30990600585938,191.7892608642578,169.96937561035156,144.6441192626953,136.00759887695312
2025-04-17,122.4609146118164,97.66717529296876,142.56211853027344,142.0221405029297,129.75894165039062
2025-04-18,187.7323455810547,156.96829223632812,241.71148681640625,139.1101531982422,137.32806396484375
2025-04-19,117.39453887939452,122.12158966064452,144.30374145507812,134.8164825439453,140.7188720703125
2025-04-20,170.10482788085938,107.10393524169922,238.22735595703125,135.19259643554688,151.9405059814453
2025-04-21,158.39720153808594,137.31272888183594,171.79856872558594,137.30763244628906,150.55166625976562
2025-04-22,133.2294158935547,193.19174194335935,100.71311950683594,138.5182647705078,149.37559509277344
2025-04-23,146.83367919921875,105.39482879638672,185.58712768554688,138.69580078125,148.0218505859375
2025-04-24,179.21395874023438,149.84580993652344,221.12945556640625,140.01220703125,156.12942504882812
2025-04-25,190.11257934570312,206.7571563720703,249.1029510498047,141.16717529296875,156.46945190429688
2025-04-26,123.4497299194336,123.06974029541016,128.31539916992188,140.08387756347656,157.33448791503906
2025-04-27,154.0729217529297,153.59866333007812,204.986328125,140.00440979003906,155.04421997070312
2025-04-28,113.79048919677734,75.62682342529297,168.21397399902344,139.38772583007812,148.6718292236328
2025-04-29,127.8748550415039,109.26964569091795,162.02963256835938,141.81500244140625,147.90689086914062
2025-04-30,140.21450805664062,139.7829132080078,136.02488708496094,140.21009826660156,146.96128845214844
2025-05-01,105.3466796875,128.3607177734375,97.33229064941406,140.6912841796875,136.40882873535156
2025-05-02,181.0728302001953,180.51547241210935,221.42312622070312,142.8688201904297,135.117431640625
2025-05-03,85.18031311035156,75.48277282714844,94.44012451171876,142.443603515625,129.65037536621094
2025-05-04,95.38807678222656,103.73941040039062,100.95040130615234,139.724365234375,121.2668228149414
2025-05-05,213.92315673828125,193.87698364257812,280.3017578125,141.89620971679688,135.5714874267578
2025-05-06,214.70346069335935,281.3131103515625,214.23919677734375,145.1942596435547,147.97557067871094
2025-05-07,250.2103576660156,357.8924560546875,262.3337097167969,149.34413146972656,163.68927001953125
2025-05-08,246.38934326171875,251.08938598632812,309.5971374511719,153.28677368164062,183.83822631835935
2025-05-09,150.08396911621094,128.2474365234375,160.45652770996094,151.9744415283203,179.41123962402344
2025-05-10,116.97671508789062,95.41361236572266,150.3260498046875,150.3336181640625,183.95358276367188
2025-05-11,104.52276611328124,144.2783660888672,147.0851593017578,149.3260955810547,185.258544921875
2025-05-12,200.17465209960935,193.12112426757812,214.776123046875,152.87661743164062,183.29446411132812
2025-05-13,150.0257110595703,83.75579071044922,199.60171508789065,154.82569885253906,174.05479431152344
2025-05-14,145.07595825195312,96.41960144042967,180.9528045654297,154.05758666992188,159.03558349609375
2025-05-15,213.5278778076172,138.0782470703125,287.92724609375,156.4597930908203,154.34109497070312
2025-05-16,206.7042236328125,116.24346923828124,308.5044250488281,158.1396026611328,162.42970275878906
2025-05-17,123.05228424072266,127.58045959472656,155.52919006347656,158.15931701660156,163.29763793945312
2025-05-18,137.70489501953125,137.28102111816406,152.67457580566406,156.49172973632812,168.03794860839844
2025-05-19,231.87974548339844,303.8181457519531,220.3603057861328,160.3079071044922,172.56724548339844
2025-05-20,167.23641967773438,153.89691162109375,224.63914489746097,160.21229553222656,175.02590942382812
2025-05-21,222.44102478027344,95.8946304321289,349.93695068359375,162.3470916748047,186.07806396484375
2025-05-22,205.25376892089844,170.518310546875,246.53045654296875,164.74789428710938,184.89605712890625
2025-05-23,103.51773834228516,65.17837524414062,117.7912826538086,163.3040313720703,170.15512084960938
2025-05-24,89.67141723632812,42.06842422485352,140.3568878173828,160.31927490234375,165.3864288330078
2025-05-25,142.20619201660156,150.1077880859375,208.67453002929688,158.72239685058594,166.02947998046875
2025-05-26,180.8349609375,163.88938903808594,232.389892578125,160.63523864746094,158.73736572265625
2025-05-27,203.34573364257812,222.33786010742188,218.1785125732422,162.2776641845703,163.8958282470703
2025-05-28,228.03907775878903,167.51158142089844,279.4424133300781,166.08595275878906,164.695556640625
2025-05-29,169.4258575439453,104.83718872070312,223.4694366455078,167.4709930419922,159.57728576660156
2025-05-30,185.31846618652344,150.1077880859375,221.5160369873047,168.97445678710938,171.2631072998047
2025-05-31,54.93478775024414,21.90627670288086,73.08799743652344,167.29405212402344,166.30072021484375
2025-06-01,161.38150024414062,169.3523712158203,197.75926208496097,166.63768005371094,169.04005432128906
2025-06-02,247.20652770996097,197.156494140625,256.9499816894531,172.03855895996094,178.52171325683594
2025-06-03,205.0933074951172,223.04945373535156,248.0603790283203,175.69540405273438,178.7713623046875
2025-06-04,197.0300445556641,184.1470947265625,235.51519775390625,175.13229370117188,174.34149169921875
2025-06-05,245.16421508789065,181.88619995117188,341.3498840332031,176.14764404296875,185.16127014160156
2025-06-06,137.7939910888672,142.86463928222656,128.32962036132812,172.4004364013672,178.37205505371094
2025-06-07,109.03436279296876,103.52261352539062,103.61769104003906,167.8219451904297,186.10057067871097
2025-06-08,102.71527862548828,68.26607513427734,142.3516082763672,166.24298095703125,177.7196807861328
2025-06-09,145.3411865234375,144.89381408691406,201.42623901367188,167.18846130371094,163.16748046875
2025-06-10,188.4736785888672,113.87487030029295,246.9555206298828,169.98683166503906,160.79324340820312
2025-06-11,177.35682678222656,68.44292449951172,256.896728515625,169.2262420654297,157.9827880859375
2025-06-12,168.150634765625,89.404296875,233.0375518798828,169.8303985595703,146.98085021972656
2025-06-13,166.77857971191406,80.2659683227539,267.7989807128906,170.55381774902344,151.1215057373047
2025-06-14,307.2526550292969,258.4464416503906,455.0919189453125,173.677978515625,179.4384002685547
2025-06-15,169.0869903564453,137.91806030273438,178.94688415527344,172.424072265625,188.92007446289065
2025-06-16,273.92388916015625,177.8199920654297,413.1755981445313,177.453125,207.28903198242188
2025-06-17,293.2027893066406,199.0129547119141,435.7406921386719,182.63638305664065,222.25033569335935
2025-06-18,320.7700500488281,159.89134216308594,482.1663818359375,185.59939575195312,242.73794555664065
2025-06-19,205.7495574951172,177.76739501953125,250.92788696289065,186.88316345214844,248.10922241210935
2025-06-20,284.8919982910156,345.2732238769531,353.0224304199219,188.96487426757812,264.9825744628906
2025-06-21,155.696044921875,181.9783172607422,187.502685546875,187.3129425048828,243.3316192626953
2025-06-22,239.66897583007812,290.13079833984375,355.8790588378906,191.851318359375,253.41476440429688
2025-06-23,540.163330078125,583.9163208007812,606.0990600585938,206.8677215576172,291.448974609375
2025-06-24,351.72052001953125,318.76171875,436.0411376953125,213.85153198242188,299.80865478515625
2025-06-25,328.4731140136719,188.7069396972656,462.94183349609375,218.77279663085935,300.9090881347656
2025-06-26,233.9731903076172,171.87063598632812,296.9539489746094,219.7937164306641,304.9410400390625
2025-06-27,231.2438201904297,138.3192138671875,317.272705078125,219.90054321289065,297.2770080566406
2025-06-28,112.2904281616211,156.7227020263672,84.03571319580078,217.9960174560547,291.0762023925781
2025-06-29,95.38807678222656,69.15960693359375,115.37188720703124,214.99835205078125,270.4646301269531
2025-06-30,147.65321350097656,89.5992202758789,181.49832153320312,218.0889587402344,214.3917694091797
2025-07-01,189.46420288085935,182.78807067871097,233.77706909179688,219.02505493164065,191.21229553222656
2025-07-02,95.84282684326172,131.37823486328125,99.62039184570312,213.97959899902344,157.97940063476562
2025-07-03,96.75885009765624,113.48355102539062,75.72518920898438,210.36843872070312,138.37734985351562
2025-07-04,156.76760864257812,149.49005126953125,147.36029052734375,209.0263671875,127.73788452148438
2025-07-05,101.02533721923828,63.60908126831055,132.64064025878906,204.22174072265625,126.12858581542967
2025-07-06,48.714229583740234,64.75238037109375,40.50740814208984,201.25241088867188,119.4608917236328
2025-07-07,115.55469512939452,76.79933166503906,138.79283142089844,201.46975708007812,114.87539672851562
2025-07-08,151.7206573486328,138.64918518066406,168.21397399902344,203.103271484375,109.48345947265624
2025-07-09,136.29527282714844,59.076412200927734,187.2471160888672,202.80172729492188,115.26237487792967
2025-07-10,146.05677795410156,104.83718872070312,194.32125854492188,201.38783264160156,122.30493927001952
2025-07-11,134.5205078125,178.80859375,139.82252502441406,199.9599609375,119.12678527832033
2025-07-12,123.0675277709961,102.24059295654295,162.02963256835938,198.45718383789065,122.27566528320312
2025-07-13,42.68772888183594,17.022531509399414,70.99236297607422,194.32083129882812,121.41474151611328
2025-07-14,107.62855529785156,71.53150939941406,129.27273559570312,187.66668701171875,120.28243255615234
2025-07-15,166.55368041992188,147.59201049804688,184.65948486328125,187.58224487304688,122.40143585205078
2025-07-16,177.89715576171875,134.54104614257812,244.84478759765625,184.38136291503903,128.3445587158203
2025-07-17,155.00750732421875,160.25372314453125,162.31045532226562,179.77484130859375,129.62322998046875
2025-07-18,140.04351806640625,107.3941879272461,179.1547088623047,173.75062561035156,130.4122314453125
2025-07-19,58.319854736328125,46.51227188110352,77.5916519165039,168.8363037109375,121.1625747680664
2025-07-20,88.87377166748047,112.76390075683594,53.74641418457031,162.3023681640625,127.76057434082033
2025-07-21,144.323486328125,95.91950225830078,171.442138671875,161.92327880859375,133.00271606445312
2025-07-22,118.55506134033205,83.42832946777344,162.37075805664062,157.8861541748047,126.14576721191406
2025-07-23,142.94383239746094,123.91637420654295,144.70188903808594,144.6455078125,121.15243530273438
2025-07-24,199.4794464111328,132.5769500732422,261.37628173828125,139.57080078125,127.5055694580078
2025-07-25,122.90444946289062,105.0224151611328,145.99844360351562,132.718505859375,125.05712890625
2025-07-26,124.04899597167967,73.28424835205078,168.09732055664062,129.0543670654297,134.44700622558594
2025-07-27,152.61151123046875,214.7883758544922,134.36602783203125,126.43328857421876,143.55239868164062
2025-07-28,142.25750732421875,175.58621215820312,135.19036865234375,127.43219757080078,143.25726318359375
2025-07-29,126.91829681396484,88.56934356689453,158.3048095703125,128.4832000732422,144.45201110839844
2025-07-30,219.11924743652344,269.84356689453125,257.22991943359375,130.8654022216797,155.33421325683594
2025-07-31,176.5133819580078,164.2387237548828,176.13168334960938,130.4337158203125,152.0533447265625
2025-08-01,179.05772399902344,107.10393524169922,238.22735595703125,133.20753479003906,160.0752410888672
2025-08-02,113.899169921875,75.69905853271484,157.85122680664062,133.7788848876953,158.62525939941406
2025-08-03,89.52886199951172,39.66812515258789,115.80496978759766,131.53759765625,149.6134490966797
2025-08-04,127.9243621826172,120.8184585571289,134.36602783203125,132.43421936035156,147.56585693359375
2025-08-05,163.98849487304688,117.7082748413086,207.26959228515625,136.27670288085938,152.86160278320312
2025-08-06,133.52000427246094,114.09344482421876,158.60865783691406,136.87554931640625,140.63314819335938
2025-08-07,149.1587677001953,136.30799865722656,144.70188903808594,136.79014587402344,136.725341796875
2025-08-08,175.30010986328125,132.5769500732422,201.0586700439453,138.09031677246094,136.18853759765625
2025-08-09,115.55469512939452,124.79891204833984,136.1237335205078,137.07357788085938,136.425048828125
2025-08-10,103.81266021728516,94.08465576171876,141.25660705566406,136.0499725341797,138.46559143066406
2025-08-11,176.85165405273438,189.8694000244141,192.3062286376953,137.84278869628906,145.4552001953125
2025-08-12,140.1470947265625,101.6114273071289,211.88491821289065,141.0914306640625,142.04928588867188
2025-08-13,159.25807189941406,165.11856079101562,190.69642639160156,142.81240844726562,145.7261505126953
2025-08-14,173.33203125,166.3985595703125,202.85104370117188,143.03836059570312,149.17947387695312
2025-08-15,139.0772705078125,88.23129272460938,168.21397399902344,141.74435424804688,144.00477600097656
2025-08-16,99.5866928100586,125.40650177001952,78.45105743408203,139.89700317382812,141.7236328125
2025-08-17,154.9739227294922,135.18478393554688,193.2985076904297,140.39468383789062,149.0323944091797
2025-08-18,224.327392578125,223.6368865966797,236.27798461914065,145.9282684326172,155.81463623046875
2025-08-19,135.60218811035156,167.37164306640625,107.3880615234375,147.4858856201172,155.16537475585938
2025-08-20,155.58047485351562,116.32618713378906,183.27423095703125,147.86111450195312,154.63999938964844
2025-08-21,122.21123504638672,115.42268371582033,128.36521911621094,147.9829864501953,147.33702087402344
2025-08-22,104.53862762451172,52.10842514038086,141.25660705566406,146.7028045654297,142.40293884277344
2025-08-23,110.23519134521484,54.947940826416016,174.16163635253906,143.72799682617188,143.9241485595703
2025-08-24,86.16505432128906,57.26655197143555,111.45391082763672,142.50335693359375,134.0943145751953
2025-08-25,131.91641235351562,146.12261962890625,121.88069915771484,142.76560974121094,120.89273834228516
2025-08-26,108.72760772705078,101.16673278808594,96.43777465820312,141.3028106689453,117.0535125732422
2025-08-27,186.89584350585935,154.19631958007812,203.64035034179688,142.79075622558594,121.52713775634766
2025-08-28,170.36062622070312,150.96554565429688,188.8802490234375,144.23883056640625,128.40562438964844
2025-08-29,175.66647338867188,137.5988006591797,219.10826110839844,142.7904052734375,138.56674194335938
2025-08-30,100.55011749267578,122.5163116455078,92.90062713623048,140.25830078125,137.18316650390625
2025-08-31,44.76443099975586,89.25328063964844,29.778419494628903,135.78184509277344,131.26878356933594
2025-09-01,144.02468872070312,143.58135986328125,179.6415557861328,136.78604125976562,132.99853515625
2025-09-02,122.68769073486328,100.72592163085938,132.02413940429688,137.89132690429688,134.9928436279297
2025-09-03,187.5038299560547,199.38845825195312,187.0983734130859,139.8773193359375,135.07969665527344
2025-09-04,114.8867416381836,76.35540771484375,148.60520935058594,138.24058532714844,127.15485382080078
2025-09-05,142.67613220214844,86.57901763916016,196.01336669921875,138.54579162597656,122.44194793701172
2025-09-06,102.90521240234376,97.70329284667967,122.24129486083984,137.00401306152344,122.77838897705078
2025-09-07,74.23120880126953,92.5033950805664,77.15696716308594,133.63504028320312,126.98793029785156
2025-09-08,115.21974182128906,114.86508178710938,131.7371368408203,133.62387084960938,122.87294006347656
2025-09-09,95.37142944335938,126.77049255371094,84.5912857055664,133.34249877929688,118.97061157226562
2025-09-10,236.6119842529297,235.8836669921875,273.2642822265625,135.3345184326172,125.9860610961914
2025-09-11,179.05772399902344,178.50656127929688,212.70298767089844,136.63153076171875,135.15335083007812
2025-09-12,103.72032165527344,77.55079650878906,140.15087890625,134.7802734375,129.58822631835938
2025-09-13,83.6755599975586,78.51105499267578,90.043212890625,131.79173278808594,126.84114074707033
2025-09-14,94.39959716796876,85.55366516113281,85.63224029541016,130.30247497558594,129.7223358154297
2025-09-15,100.58403778076172,106.95939636230467,100.36653900146484,130.33572387695312,127.63152313232422
2025-09-16,102.5166015625,102.2010498046875,106.55720520019533,128.58714294433594,128.6522674560547
2025-09-17,142.6154327392578,155.10159301757812,118.58920288085938,125.86341094970705,115.22418212890624
2025-09-18,96.48255157470705,115.42268371582033,85.57682037353516,124.55941772460938,103.42772674560548
2025-09-19,140.83004760742188,73.25038146972656,203.66017150878903,124.06774139404295,108.72911834716795
2025-09-20,159.58355712890625,115.70352172851562,193.01632690429688,125.31348419189452,119.5731201171875
2025-09-21,110.11305236816406,146.365478515625,91.5624542236328,125.49929809570312,121.8178939819336
2025-09-22,131.45111083984375,91.73253631591795,163.95855712890625,126.2064971923828,126.22747802734376
2025-09-23,115.3311767578125,102.2010498046875,138.5243682861328,127.17869567871094,128.05813598632812
2025-09-24,117.20443725585938,86.09534454345703,153.8828887939453,126.68830108642578,124.42799377441406
2025-09-25,148.87945556640625,136.05274963378906,185.69688415527344,128.0266876220703,131.91326904296875
2025-09-26,159.19918823242188,122.08396911621094,173.11114501953125,127.1034698486328,134.5374298095703
2025-09-27,54.95964813232422,59.771427154541016,41.54606246948242,123.25677490234376,119.59115600585938
2025-09-28,78.6366195678711,78.39456939697266,98.0832290649414,120.02244567871094,115.09452056884766
2025-09-29,119.8833999633789,100.64369201660156,136.41351318359375,120.66688537597656,113.44198608398438
2025-09-30,161.74647521972656,154.7986602783203,150.63693237304688,124.56629180908205,120.07274627685548
2025-10-01,169.25527954101562,156.68185424804688,211.11160278320312,125.40731048583984,127.50858306884766
2025-10-02,184.7393493652344,241.3271484375,180.10218811035156,127.47570037841795,132.6314239501953
2025-10-03,293.1475830078125,268.8656311035156,282.7632141113281,130.99716186523438,151.76690673828125
2025-10-04,139.05831909179688,227.7497406005859,82.59381866455078,131.80287170410156,163.781005859375
2025-10-05,64.23261260986328,73.1827392578125,91.5624542236328,129.18809509277344,161.72328186035156
2025-10-06,190.0134429931641,202.05712890625,158.0021209716797,132.09170532226562,171.7418670654297
2025-10-07,163.92086791992188,108.9442138671875,181.7404632568359,135.08135986328125,172.052490234375
2025-10-08,83.78089141845703,128.49693298339844,42.87165451049805,134.03338623046875,159.8418731689453
2025-10-09,194.47560119628903,180.95184326171875,204.8358917236328,137.3368682861328,161.23275756835938
2025-10-10,184.0315399169922,177.54684448242188,197.4554748535156,135.5841827392578,145.64476013183594
2025-10-11,135.20684814453125,163.67437744140625,120.4593505859375,134.1224822998047,145.09454345703125
2025-10-12,96.5763168334961,134.79066467285156,64.24498748779297,133.8843536376953,149.71507263183594
2025-10-13,198.0710601806641,190.65237426757812,238.53436279296875,137.69754028320312,150.8661651611328
2025-10-14,202.95819091796875,144.52391052246094,241.09442138671875,141.316162109375,156.4429168701172
2025-10-15,184.0315399169922,113.87487030029295,221.6267547607422,144.0977325439453,170.76443481445312
2025-10-16,149.9516143798828,95.13003540039062,204.03732299804688,145.6789093017578,164.40386962890625
2025-10-17,133.89991760253906,162.50685119628906,145.22866821289062,145.38839721679688,157.24221801757812
2025-10-18,114.5556640625,104.68611907958984,127.00881958007812,145.99082946777344,154.2920379638672
2025-10-19,103.2244873046875,130.97222900390625,140.45628356933594,144.7373046875,155.2417755126953
2025-10-20,161.07623291015625,237.3797607421875,151.4103546142578,144.7870635986328,149.95680236816406
2025-10-21,177.1075897216797,143.8656768798828,207.26959228515625,147.0202178955078,146.2638702392578
2025-10-22,122.92731475830078,128.99888610839844,139.8771514892578,146.736083984375,137.53468322753906
2025-10-23,193.3405303955078,141.3466339111328,257.22991943359375,149.33639526367188,143.7331085205078
2025-10-24,158.6478729248047,113.87487030029295,189.9657745361328,150.7178497314453,147.26852416992188
2025-10-25,108.35501861572266,113.16537475585938,120.13411712646484,149.36703491210938,146.38272094726562
2025-10-26,124.46063232421876,57.26655197143555,159.21986389160156,148.20907592773438,149.4164581298828
2025-10-27,163.14573669433594,127.28626251220705,188.7454376220703,151.81529235839844,149.71209716796875
2025-10-28,129.3971710205078,154.7986602783203,107.59780883789062,153.50730895996094,142.89633178710938
2025-10-29,100.992919921875,134.24273681640625,111.97169494628906,152.87762451171875,139.76284790039062
2025-10-30,132.0226287841797,83.75579071044922,159.68138122558594,151.88682556152344,131.00314331054688
2025-10-31,158.78424072265625,141.9200897216797,236.750732421875,151.5377960205078,131.02261352539062
2025-11-01,64.5305404663086,32.16595458984375,89.43194580078125,147.5308380126953,124.76197814941406
2025-11-02,57.25425338745117,65.23202514648438,54.40995407104492,139.667724609375,115.16107177734376
2025-11-03,236.6119842529297,350.8013610839844,141.25660705566406,142.9195098876953,125.65625
2025-11-04,107.0601806640625,138.1219940185547,104.73397827148438,144.3470916748047,122.46524810791016
2025-11-05,140.9603271484375,93.68428802490234,195.3548889160156,142.7119903564453,128.1748809814453
2025-11-06,82.0813217163086,93.51847839355467,87.75410461425781,139.9840087890625,121.0404052734375
2025-11-07,99.21167755126952,87.91670227050781,100.8304214477539,140.4983673095703,112.53004455566406
2025-11-08,64.21778869628906,42.680084228515625,80.0986557006836,136.15643310546875,112.48535919189452
2025-11-09,24.720653533935547,16.42970848083496,27.407997131347656,130.8460693359375,107.83770751953124
2025-11-10,105.160888671875,117.94183349609376,98.37513732910156,129.84454345703125,89.05897521972656
2025-11-11,104.4241943359375,80.96882629394531,144.71998596191406,130.10614013671875,88.68240356445312
2025-11-12,77.42227935791016,99.23653411865234,101.16708374023438,126.08451080322266,79.60554504394531
2025-11-13,71.02971649169922,64.37371063232422,64.4328384399414,121.68689727783205,78.02674102783203
2025-11-14,81.85916900634766,43.52383804321289,108.90953826904295,118.2811508178711,75.54781341552734
2025-11-15,76.27622985839844,86.90451049804688,63.42607498168945,115.82530212402344,77.27044677734375
2025-11-16,79.62903594970703,95.26071166992188,92.69965362548828,114.01627349853516,85.114501953125
2025-11-17,111.8166275024414,69.67028045654297,127.84617614746094,113.92497253417967,86.06532287597656
2025-11-18,81.25166320800781,49.84711456298828,93.54918670654295,113.19255065917967,82.75495910644531
2025-11-19,59.47159194946289,59.28853225708008,59.34299087524414,109.80572509765624,80.1905746459961
2025-11-20,84.79268646240234,67.62535095214844,94.0103759765625,106.7285614013672,82.1567153930664
2025-11-21,163.00860595703125,23.21526336669922,261.41162109375,108.06460571289062,93.7494888305664
2025-11-22,38.45435333251953,43.81255340576172,45.67999649047851,102.9017333984375,88.34636688232422
2025-11-23,113.11206817626952,112.76390075683594,120.92943572998048,101.38387298583984,93.12965393066406
2025-11-24,173.25144958496094,234.8967132568359,138.30145263671875,103.54708862304688,101.90605926513672
2025-11-25,188.14927673339844,45.47154998779297,293.9401550292969,105.6700439453125,117.1771469116211
2025-11-26,118.30599212646484,47.176734924316406,167.23773193359375,104.17538452148438,125.58206176757812
2025-11-27,181.4025115966797,172.98135375976562,170.51690673828125,105.90889739990234,139.3834686279297
2025-11-28,151.36514282226562,81.25342559814453,213.0020446777344,107.58796691894533,137.72010803222656
2025-11-29,93.311767578125,116.28068542480467,67.8927001953125,106.297607421875,145.556884765625
2025-11-30,77.03646087646484,38.39966583251953,96.08734893798828,103.57267761230467,140.40322875976562
2025-12-01,149.9516143798828,135.90005493164062,147.36029052734375,106.42005157470705,137.07467651367188
2025-12-02,110.011474609375,109.6728515625,121.97064971923828,108.17862701416016,125.91213989257812
2025-12-03,106.47539520263672,117.94183349609376,127.88768005371094,103.84073638916016,124.22205352783205
2025-12-04,154.6261444091797,142.29248046875,187.91946411132812,105.42626953125,120.39685821533205
2025-12-05,150.29798889160156,131.85511779785156,189.9657745361328,105.7375259399414,120.2444076538086
2025-12-06,82.40218353271484,21.90627670288086,118.76799011230467,105.74822235107422,118.68589782714844
2025-12-07,40.895896911621094,48.92401885986328,27.20497703552246,103.80435943603516,113.52295684814452
2025-12-08,110.63585662841795,116.78327178955078,97.40878295898438,105.35163116455078,107.90641784667967
2025-12-09,104.47801208496094,61.26848220825195,122.64952087402344,108.0102081298828,107.11592864990234
2025-12-10,95.6698226928711,59.60959243774414,119.32868957519533,107.69384002685548,105.57227325439452
2025-12-11,142.22116088867188,106.33753967285156,187.2471160888672,108.95374298095705,103.80013275146484
2025-12-12,175.30010986328125,108.4720458984375,201.0586700439453,112.2163314819336,107.37186431884766
2025-12-13,75.28562927246094,32.16595458984375,98.37513732910156,112.3582000732422,106.35520935058594
2025-12-14,185.31846618652344,277.1220703125,166.93963623046875,115.8068389892578,126.98700714111328
2025-12-15,202.2409820556641,250.2849884033203,173.96865844726562,120.00566864013672,140.07345581054688
2025-12-16,145.1220245361328,150.96554565429688,136.41351318359375,122.1887664794922,145.87974548339844
2025-12-17,125.1149673461914,130.66937255859375,118.89944458007812,122.63204193115234,150.08619689941406
2025-12-18,209.34442138671875,270.0824279785156,194.55604553222656,126.90180206298828,159.67523193359375
2025-12-19,100.20222473144533,82.26547241210938,147.03756713867188,128.25949096679688,148.94696044921875
2025-12-20,105.53312683105467,128.58790588378906,78.00364685058594,128.95083618164062,153.26803588867188
2025-12-21,113.11206817626952,64.43651580810547,147.80264282226562,127.2876205444336,142.9528350830078
2025-12-22,106.6277084350586,127.55941009521484,70.93142700195312,129.56005859375,129.29379272460938
2025-12-23,97.63357543945312,83.42832946777344,127.57701873779295,129.0441131591797,122.50972747802734
2025-12-24,134.29327392578125,89.25328063964844,186.1151123046875,127.7455062866211,123.82091522216795
2025-12-25,147.22523498535156,234.83529663085935,73.45343780517578,126.38137817382812,114.94674682617188
2025-12-26,144.02468872070312,159.5348358154297,186.29493713378903,127.23866271972656,121.20709991455078
2025-12-27,209.290771484375,172.67300415039062,228.0417022705078,128.16827392578125,136.0296173095703
2025-12-28,79.82090759277344,79.57521057128906,99.56037139892578,125.78346252441406,131.27374267578125
2025-12-29,62.946659088134766,47.064674377441406,65.42764282226562,124.77129364013672,125.03358459472656
2025-12-30,218.8921356201172,160.0268096923828,266.9563293457031,129.49981689453125,142.35623168945312
2025-12-31,161.7602081298828,140.2280731201172,210.5353240966797,129.8934326171875,146.28009033203125
2026-01-01,164.65980529785156,77.24845123291016,225.5149383544922,131.7150421142578,148.77073669433594
2026-01-02,175.08287048339844,111.70811462402344,232.9390106201172,134.00196838378906,153.20762634277344
2026-01-03,197.96221923828125,184.19601440429688,208.50827026367188,135.44650268554688,151.58926391601562
2026-01-04,135.55264282226562,84.45962524414062,169.07440185546875,134.95498657226562,159.55093383789062
2026-01-05,263.34222412109375,165.80943298339844,299.65313720703125,140.986328125,188.1788787841797
2026-01-06,255.32977294921875,66.98522186279297,379.9315490722656,148.13412475585938,193.38424682617188
2026-01-07,242.22332763671875,65.26425170898438,348.395751953125,152.52037048339844,204.8789825439453
2026-01-08,267.4366760253906,169.66310119628906,333.57293701171875,157.9523162841797,219.56138610839844
2026-01-09,131.62521362304688,142.15505981445312,118.57135772705078,159.1508331298828,213.3531494140625
2026-01-10,192.19676208496097,112.70892333984376,272.63006591796875,160.8166961669922,212.52951049804688
2026-01-11,118.91268920898438,33.87047576904297,197.75926208496097,158.93710327148438,210.15237426757812
2026-01-12,186.33192443847656,151.3586883544922,241.01907348632812,162.63865661621094,199.15090942382812
2026-01-13,167.4221954345703,119.21918487548828,228.7133026123047,162.0421142578125,186.5926818847656
2026-01-14,119.8833999633789,62.902313232421875,178.3869171142578,159.29685974121094,169.1155548095703
2026-01-15,152.97825622558594,46.92534637451172,225.05715942382812,159.55873107910156,152.76434326171875
2026-01-16,194.85691833496097,84.98749542236328,283.5518798828125,161.8834686279297,161.79745483398438
2026-01-17,87.89566040039062,32.85941696166992,127.90399169921876,157.83517456054688,146.8972930908203
2026-01-18,89.3094253540039,97.12857055664062,81.01481628417969,157.47207641601562,142.6682586669922
2026-01-19,191.91197204589844,116.4564208984375,222.0254821777344,160.35137939453125,143.4654083251953
2026-01-20,251.4282989501953,137.85989379882812,303.1522216796875,164.9619140625,155.46627807617188
2026-01-21,180.3575897216797,143.84193420410156,219.9603729248047,167.41957092285156,164.10543823242188
2026-01-22,133.7183380126953,84.83155059814453,151.6240692138672,168.62240600585938,161.35403442382812
2026-01-23,193.18576049804688,135.94667053222656,255.1341552734375,170.58547973632812,161.11529541015625
2026-01-24,123.72918701171876,67.2809066772461,168.3567657470703,169.80227661132812,166.234375
2026-01-25,85.1559829711914,67.91509246826172,99.1338119506836,167.83999633789062,165.64102172851562
2026-01-26,80.7943344116211,69.03912353515625,76.78059387207031,163.55677795410156,149.76707458496094
2026-01-27,206.2771148681641,96.77278900146484,282.5132141113281,167.77198791503906,143.31689453125
2026-01-28,134.1356658935547,93.02454376220705,184.2801818847656,170.14495849609375,136.71377563476562
2026-01-29,177.5683135986328,122.08396911621094,244.39219665527344,168.76748657226562,142.97805786132812
2026-01-30,161.4616241455078,72.69371032714844,233.8729705810547,168.75753784179688,138.44602966308594
2026-01-31,129.1953125,61.82286071777344,180.4822998046875,167.5753936767578,139.22691345214844
2026-02-01,106.85701751708984,65.55575561523438,136.69993591308594,165.3011932373047,142.32705688476562
2026-02-02,109.20553588867188,72.57958984375,121.07709503173828,162.34263610839844,146.38580322265625
2026-02-03,141.4619598388672,105.7698974609375,156.84007263183594,162.53961181640625,137.12649536132812
2026-02-04,239.60707092285156,226.92605590820312,338.7093200683594,161.74844360351562,152.19383239746094
2026-02-05,139.28529357910156,169.0427703857422,120.85574340820312,157.8802947998047,146.72482299804688
2026-02-06,114.82037353515624,80.12686157226562,143.21510314941406,153.63352966308594,140.06179809570312
2026-02-07,110.23519134521484,87.91670227050781,128.32962036132812,148.3934783935547,137.35321044921875
2026-02-08,64.23261260986328,54.887054443359375,76.30204010009766,146.14706420898438,131.26400756835938
2026-02-09,114.00806427001952,101.028564453125,115.86823272705078,143.540771484375,131.9500732421875
2026-02-10,59.25881576538086,23.63056373596191,78.84089660644531,141.55230712890625,120.20677185058594
2026-02-11,107.04885864257812,142.29248046875,69.23348999023438,138.90953063964844,101.26988983154295
2026-02-12,125.6491241455078,91.0998992919922,161.47091674804688,137.51710510253906,99.32186126708984
2026-02-13,116.78925323486328,74.09166717529297,158.91368103027344,137.41397094726562,99.60313415527344
2026-02-14,69.01182556152344,74.09166717529297,79.45684051513672,134.61508178710938,93.71408081054688
2026-02-15,21.51017951965332,0.0,35.77277755737305,128.83685302734375,87.61087799072266
2026-02-16,72.96404266357422,0.0,121.3437728881836,128.33914184570312,81.74744415283203
2026-02-17,76.59115600585938,63.62950897216797,84.91726684570312,127.91519927978516,84.2234878540039
2026-02-18,122.04196166992188,46.34907150268555,183.6335906982422,125.58619689941406,86.36536407470703
2026-02-19,113.25018310546876,33.87047576904297,178.925048828125,120.98025512695312,84.59408569335938
2026-02-20,153.67581176757812,56.74177551269531,236.6412353515625,120.0908660888672,89.86359405517578
2026-02-21,78.07398223876953,33.35728454589844,102.01866149902344,118.23605346679688,91.15818786621094
2026-02-22,62.062156677246094,15.467780113220217,103.2132568359375,113.86526489257812,96.95132446289062
2026-02-23,139.28529357910156,108.67034912109376,171.21229553222656,114.38380432128906,106.42578887939452
2026-02-24,197.6758270263672,83.60433959960938,298.8611755371094,118.13446807861328,123.72360229492188
2026-02-25,138.26370239257812,68.91905975341797,201.19854736328125,120.05010986328124,126.0409927368164
2026-02-26,167.3013916015625,66.71456909179688,250.4094390869141,118.75092315673828,133.76258850097656
2026-02-27,197.11146545410156,141.9200897216797,273.1739196777344,120.85011291503906,139.96768188476562
2026-02-28,110.59446716308594,105.0038604736328,140.1337432861328,118.6176528930664,144.61346435546875
2026-03-01,273.90740966796875,341.3303527832031,270.46807861328125,122.3658447265625,174.8770751953125
2026-03-02,500.8071594238281,553.40283203125,602.0773315429688,134.75289916992188,226.52305603027344
2026-03-03,391.0670166015625,447.1961364746094,478.21246337890625,144.22657775878906,254.15037536621097
2026-03-04,465.9186401367187,611.7600708007812,548.06591796875,156.11700439453125,300.9582214355469
2026-03-05,413.3631591796875,485.4768371582031,461.4382629394531,165.18038940429688,336.1098937988281
2026-03-06,314.74554443359375,390.9349060058594,240.2682342529297,167.68499755859375,352.9147644042969
2026-03-07,226.41619873046875,353.29974365234375,130.97195434570312,170.58935546875,369.4607238769531
2026-03-08,213.7140350341797,304.36602783203125,177.7099151611328,173.8858184814453,360.8616943359375
2026-03-09,372.1300659179687,608.1715087890625,365.2380676269531,182.6156463623047,342.479248046875
2026-03-10,457.110595703125,627.3322143554688,434.4020385742187,195.71157836914065,351.9140319824219
2026-03-11,368.6567077636719,543.2933349609375,346.53436279296875,204.1998748779297,338.01947021484375
2026-03-12,313.2816162109375,460.7960205078125,230.609619140625,212.66729736328125,323.72210693359375
2026-03-13,322.7901306152344,506.4339294433594,246.40928649902344,219.85867309570312,324.871337890625
2026-03-14,270.5178527832031,386.7183532714844,246.16522216796875,224.6876220703125,331.17156982421875
2026-03-15,236.6119842529297,374.1603088378906,176.39678955078125,228.6817169189453,334.4427185058594
2026-03-16,253.78543090820312,319.5843200683594,266.56488037109375,234.84083557128903,317.53631591796875
2026-03-17,378.0647888183594,574.325439453125,319.3627624511719,246.7259979248047,306.24407958984375
2026-03-18,338.9095764160156,468.6533508300781,309.08624267578125,255.59085083007812,301.9944763183594
2026-03-19,376.2985534667969,477.4512634277344,360.3137512207031,265.5810852050781,310.99688720703125
2026-03-20,328.51910400390625,403.9264221191406,309.5971374511719,272.4636535644531,311.8153381347656
2026-03-21,300.6869201660156,329.737548828125,308.37109375,278.7115478515625,316.12518310546875
2026-03-22,177.3150634765625,208.9091339111328,201.0586700439453,279.4995422363281,307.6542053222656
2026-03-23,301.14251708984375,453.38677978515625,286.1822204589844,286.9351501464844,314.41949462890625
2026-03-24,400.4202575683594,495.9605407714844,464.1288757324219,298.2137451171875,317.6131286621094
2026-03-25,311.7710876464844,377.4138793945313,351.8358154296875,303.9632873535156,313.7362060546875
2026-03-26,288.55120849609375,437.2477722167969,297.5248107910156,306.9924621582031,301.20086669921875
2026-03-27,286.61151123046875,439.5835266113281,229.16004943847656,311.9373779296875,295.2140808105469
2026-03-28,241.90138244628903,374.0390625,164.20291137695312,314.4240417480469,286.816162109375
2026-03-29,236.6119842529297,387.5231628417969,224.85745239257812,315.74072265625,295.2871398925781
2026-03-30,256.29150390625,357.7036437988281,234.42584228515625,320.5972900390625,288.8798522949219
2026-03-31,435.86419677734375,561.5368041992188,490.6808166503906,325.995849609375,293.9432678222656
2026-04-01,284.62646484375,422.60693359375,322.281982421875,318.7898254394531,290.0654602050781
2026-04-02,319.28363037109375,420.61181640625,341.3498840332031,316.3970642089844,294.455810546875
2026-04-03,212.674560546875,321.2423400878906,203.64035034179688,307.9555969238281,283.8934020996094
2026-04-04,222.2489471435547,390.3761596679687,158.40597534179688,301.5851135253906,281.0859069824219
2026-04-05,138.384033203125,189.69235229492188,143.83831787109375,295.7063903808594,267.0533447265625
2026-04-06,285.0348815917969,307.19732666015625,269.0445556640625,297.66033935546875,271.1595458984375
2026-04-07,261.15679931640625,301.4612731933594,262.8779602050781,299.2417907714844,246.20132446289065
2026-04-08,284.28753662109375,443.6021423339844,277.5059814453125,296.3136901855469,246.1529083251953
2026-04-09,417.9699401855469,534.8473510742188,435.7406921386719,295.0090026855469,260.2509460449219
2026-04-10,307.2364807128906,345.2732238769531,260.12176513671875,292.961669921875,273.7597961425781
2026-04-11,267.890380859375,308.1528625488281,299.86822509765625,291.4486083984375,280.2799987792969
2026-04-12,208.53936767578125,287.8580322265625,213.4240264892578,287.6402587890625,290.30218505859375
2026-04-13,352.40081787109375,459.9046936035156,436.8845520019531,290.36968994140625,299.9259033203125
2026-04-14,339.89825439453125,333.1087646484375,479.0441589355469,293.81256103515625,311.1746826171875
2026-04-15,257.3399658203125,262.0063171386719,300.4913330078125,293.9310607910156,307.3250427246094
2026-04-16,339.4281921386719,338.3833923339844,386.7804260253906,292.6431579589844,296.1047668457031
2026-04-17,306.1118469238281,348.7652893066406,290.9046936035156,291.5499267578125,295.9441223144531
2026-04-18,204.59976196289065,184.54428100585935,243.04446411132812,285.8266296386719,286.902587890625
2026-04-19,178.8275604248047,169.78773498535156,254.91552734375,280.8369140625,282.6580505371094
2026-04-20,220.02294921875,292.4609375,264.2697448730469,278.1481018066406,263.7469482421875
2026-04-21,165.94752502441406,127.25901794433594,222.90782165527344,277.7691955566406,238.89683532714844
2026-04-22,225.3033142089844,230.6803436279297,222.7907562255859,275.2412109375,234.32015991210935
2026-04-23,242.678955078125,338.7047424316406,282.5132141113281,269.983154296875,220.49884033203125
2026-04-24,258.7943420410156,263.7310485839844,306.05596923828125,268.21728515625,213.73919677734375
2026-04-25,178.49017333984375,209.34207153320312,148.420166015625,264.548583984375,210.00926208496097
2026-04-26,140.9603271484375,193.22384643554688,161.1677703857422,259.69354248046875,204.5996551513672
2026-04-27,138.02365112304688,202.77719116210935,120.8115692138672,256.23095703125,192.88546752929688
2026-04-28,249.3330535888672,369.29742431640625,189.5572509765625,256.65496826171875,204.7976837158203
2026-04-29,253.78543090820312,319.5843200683594,266.56488037109375,256.5714416503906,208.86656188964844
2026-04-30,217.8477783203125,293.8280029296875,213.11441040039065,249.30422973632812,205.3192443847656
2026-05-01,254.3112945556641,260.02923583984375,325.3351135253906,248.29373168945312,204.67881774902344
2026-05-02,197.66351318359375,312.57012939453125,181.3665008544922,244.23971557617188,207.41786193847656
2026-05-03,171.19212341308594,255.99777221679688,142.3516082763672,242.8569793701172,211.7366943359375
2026-05-04,216.50770568847656,316.5671691894531,228.0417022705078,242.6656036376953,222.94869995117188
2026-05-05,305.10491943359375,304.165771484375,422.8404846191406,248.22296142578125,230.9161071777344
2026-05-06,257.9458312988281,216.5489196777344,349.95745849609375,247.3199920654297,231.5104522705078
2026-05-07,288.370849609375,324.34002685546875,368.90673828125,248.2271270751953,241.58517456054688
2026-05-08,248.74594116210935,278.2217712402344,302.6927185058594,247.0424041748047,240.7901306152344
2026-05-09,221.79177856445312,228.24163818359375,226.07159423828125,240.50314331054688,244.2370147705078
2026-05-10,166.06539916992188,226.54791259765625,130.8207550048828,235.7974395751953,243.504638671875
2026-05-11,287.3916931152344,241.2691192626953,352.17401123046875,236.44747924804688,253.63092041015625
2026-05-12,199.55227661132812,212.2005615234375,188.05848693847656,236.1479034423828,238.55197143554688
2026-05-13,241.5413818359375,261.4377136230469,252.4961853027344,232.4525909423828,236.20848083496097
2026-05-14,184.0315399169922,203.85008239746097,170.03109741210938,227.2570343017578,221.3028564453125
2026-05-15,231.25473022460935,186.9266815185547,322.2249755859375,226.3875274658203,218.8041076660156
2026-05-16,171.9987030029297,190.52142333984375,211.88491821289065,220.8065490722656,211.69081115722656
2026-05-17,150.57125854492188,131.3443145751953,187.8070831298828,215.62185668945312,209.4773712158203
2026-05-18,214.63720703125,313.8322448730469,190.3760681152344,215.95643615722656,199.08387756347656
2026-05-19,212.42919921875,251.4831695556641,264.9622802734375,217.0764923095703,200.9234313964844
2026-05-20,239.9445343017578,172.75987243652344,310.3666076660156,217.7405548095703,200.6953125
2026-05-21,201.81610107421875,235.8836669921875,243.04446411132812,218.93617248535156,203.2359619140625
2026-05-22,138.5255584716797,120.0862274169922,160.2620391845703,216.0435791015625,189.9889373779297
2026-05-23,176.85165405273438,203.43150329589844,169.6819610595703,213.84933471679688,190.6822204589844
2026-05-24,207.65350341796875,276.01910400390625,246.67198181152344,212.14463806152344,198.8368225097656
2026-05-25,179.31277465820312,169.3523712158203,251.1228485107422,212.17205810546875,193.7904815673828
2026-05-26,165.23497009277344,188.2586975097656,196.2829437255859,212.9812164306641,187.04844665527344
