Date,Close,High,Low,Open,Volume
2018-01-02,0.0088676065206527,0.0089225964620709,0.0088661909103393,0.0088676065206527,0
2018-01-03,0.0089091621339321,0.0089132124558091,0.0088900737464427,0.0089075751602649,0
2018-01-04,0.0088804420083761,0.0088883358985185,0.0088610062375664,0.0088805211707949,0
2018-01-05,0.0088665848597884,0.0088706742972135,0.008826982229948,0.0088660344481468,0
2018-01-08,0.0088375136256217,0.0088579449802637,0.0088206753134727,0.008837747387588,0
2018-01-09,0.0088385287672281,0.0088991718366742,0.0088359517976641,0.0088359517976641,0
2018-01-10,0.0088687865063548,0.0089862598106265,0.0088676065206527,0.0088676065206527,0
2018-01-11,0.0089731169864535,0.0089819822460412,0.0089388666674494,0.0089745661243796,0
2018-01-12,0.0089852102100849,0.009008765220642,0.0089549571275711,0.0089856134727597,0
2018-01-15,0.0090009002014994,0.009050347842276,0.0089952331036329,0.0089952331036329,0
2018-01-16,0.009043144993484,0.0090414276346564,0.0090112006291747,0.0090393032878637,0
2018-01-17,0.0090589560568332,0.0090737510472536,0.0090164011344313,0.0090623218566179,0
2018-01-18,0.0089785950258374,0.0090304864570498,0.0089707020670175,0.0089814169332385,0
2018-01-19,0.0090068988502025,0.0090493643656373,0.0090004140511155,0.0090086031705141,0
2018-01-22,0.0090347295626997,0.0090404469519853,0.008997012861073,0.0090336687862873,0
2018-01-23,0.0090117687359452,0.0090698013082146,0.0089960414916276,0.0090111196041107,0
2018-01-24,0.0090820742771029,0.0091735543683171,0.0090668406337499,0.0090807555243372,0
2018-01-25,0.0091469548642635,0.0092089511454105,0.009135590866208,0.0091486284509301,0
2018-01-26,0.0091154379770159,0.0092305419966578,0.0091112023219466,0.0091189285740256,0
2018-01-29,0.0092047974467277,0.0092156557366251,0.0091584315523505,0.0092040346935391,0
2018-01-30,0.0091805439442396,0.0092229647561907,0.0091579286381602,0.0091778486967086,0
2018-01-31,0.0091969240456819,0.0092081036418676,0.0091390134766697,0.0091948956251144,0
2018-02-01,0.0091574257239699,0.0091647272929549,0.0091121150180697,0.0091592706739902,0
2018-02-02,0.0091402670368552,0.0091487960889935,0.0090524768456816,0.0091418540105223,0
2018-02-05,0.0090880170464515,0.009118347428739,0.0090699661523103,0.0090890908613801,0
2018-02-06,0.0091663226485252,0.0092190541326999,0.0091219237074255,0.0091732181608676,0
2018-02-07,0.0091218408197164,0.0091805439442396,0.0091198440641164,0.0091225057840347,0
2018-02-08,0.0091578448191285,0.0091829895973205,0.0091094588860869,0.009163299575448,0
2018-02-09,0.0092141274362802,0.0092213489115238,0.0091503029689192,0.0092100538313388,0
2018-02-12,0.0091911759227514,0.0092204138636589,0.0091923587024211,0.0091923587024211,0
2018-02-13,0.0092004779726266,0.0093080401420593,0.0091951489448547,0.0092018330469727,0
2018-02-14,0.0092795370146632,0.0093699637800455,0.0092690428718924,0.0092799672856926,0
2018-02-15,0.0093820076435804,0.0094167282804846,0.0093568125739693,0.0093815671280026,0
2018-02-16,0.0094240931794047,0.0094734653830528,0.0094011463224887,0.0094286259263753,0
2018-02-19,0.0094107901677489,0.0094252480193972,0.0093709295615553,0.0094099938869476,0
2018-02-20,0.009371280670166,0.0093769049271941,0.0093156704679131,0.0093699637800455,0
2018-02-21,0.0093126343563199,0.0093194041401147,0.0092687858268618,0.0093133281916379,0
2018-02-22,0.0092975683510303,0.0093765528872609,0.0092801395803689,0.0092910900712013,0
2018-02-23,0.0093620680272579,0.009387644007802,0.0093358475714921,0.0093593522906303,0
2018-02-26,0.0093393353745341,0.0093999980017542,0.0093402946367859,0.0093412548303604,0
2018-02-27,0.009339771233499,0.0093637341633439,0.0092902267351746,0.0093382885679602,0
2018-02-28,0.0093087330460548,0.0093823596835136,0.0093004219233989,0.0093054417520761,0
2018-03-01,0.0093773445114493,0.0093837678432464,0.0093289669603109,0.0093770809471607,0
2018-03-02,0.0094194775447249,0.0094999698922038,0.0094088427722454,0.0094184130430221,0
2018-03-05,0.0094736441969871,0.0094922594726085,0.0094354758039116,0.0094732856377959,0
2018-03-06,0.0094117643311619,0.009447063319385,0.0093938168138265,0.0094094621017575,0
2018-03-07,0.0094753494486212,0.0094776842743158,0.0094179697334766,0.0094684418290853,0
2018-03-08,0.0094174379482865,0.0094430483877658,0.0094114104285836,0.0094189457595348,0
2018-03-09,0.009397966787219,0.0094021195545792,0.0093432618305087,0.0093982312828302,0
2018-03-12,0.0093553243204951,0.009400793351233,0.0093487650156021,0.0093557620421051,0
2018-03-13,0.0094108786433935,0.0094106132164597,0.0093218358233571,0.0094057451933622,0
2018-03-14,0.0093889655545353,0.0094264922663569,0.0093690855428576,0.0093853529542684,0
2018-03-15,0.0094201872125267,0.0094526894390583,0.0094186794012784,0.0094202766194939,0
2018-03-16,0.0094065414741635,0.0094690695405006,0.0094048604369163,0.0094048604369163,0
2018-03-19,0.0094367219135165,0.0094624385237693,0.009407514706254,0.0094368113204836,0
2018-03-20,0.0094343181699514,0.0094353863969445,0.0093823596835136,0.009430581703782,0
2018-03-21,0.0093924049288034,0.009421607479453,0.0093886135146021,0.0093914344906806,0
2018-03-22,0.009440285153687,0.0094982096925377,0.0094374343752861,0.0094413552433252,0
2018-03-23,0.0095267128199338,0.0095541095361113,0.0094985701143741,0.0095257153734564,0
2018-03-26,0.0095366155728697,0.0095478156581521,0.0095017291605472,0.0095383441075682,0
2018-03-27,0.00947867333889,0.0094823576509952,0.0094439405947923,0.009474541991949,0
2018-03-28,0.0094793019816279,0.009484875947237,0.0094052143394947,0.0094766961410641,0
2018-03-29,0.0093622440472245,0.009410923346877,0.0093522621318697,0.0093633830547332,0
2018-03-30,0.0093915238976478,0.0094236498698592,0.0093893185257911,0.0093919644132256,0
2018-04-02,0.0094062760472297,0.0094373458996415,0.0093944352120161,0.0094057451933622,0
2018-04-03,0.0094518847763538,0.0094611858949065,0.0093817431479692,0.0094513492658734,0
2018-04-04,0.0093953171744942,0.009434406645596,0.0093738278374075,0.0093959355726838,0
2018-04-05,0.0093655753880739,0.0093706659972667,0.0093039693310856,0.0093646990135312,0
2018-04-06,0.0093412548303604,0.009348502382636,0.0093063078820705,0.0093387244269251,0
2018-04-09,0.009348589926958,0.0093586519360542,0.0093284454196691,0.0093501638621091,0
2018-04-10,0.0093677695840597,0.0093783121556043,0.009311594069004,0.0093703148886561,0
2018-04-11,0.0093359351158142,0.0093761133030056,0.0093327984213829,0.0093361092731356,0
2018-04-12,0.0093607539311051,0.0093718077987432,0.0093099465593695,0.0093620680272579,0
2018-04-13,0.0093264440074563,0.009323226287961,0.0092786755412817,0.0093214018270373,0
2018-04-16,0.0093024987727403,0.0093339309096336,0.0093018934130668,0.0093033639714121,0
2018-04-17,0.0093417782336473,0.0093559371307492,0.00932870618999,0.0093450956046581,0
2018-04-18,0.0093443971127271,0.0093451831489801,0.0093128951266407,0.0093433493748307,0
2018-04-19,0.0093156704679131,0.0093222707509994,0.0093013737350702,0.0093142827972769,0
2018-04-20,0.0093082133680582,0.0093105537816882,0.0092723090201616,0.0093075204640626,0
2018-04-23,0.009270504117012,0.0092822071164846,0.0092055601999163,0.0092727392911911,0
2018-04-24,0.0091944718733429,0.0091994628310203,0.0091585153713822,0.0091955717653036,0
2018-04-25,0.0091909226030111,0.0091921053826808,0.0091429408639669,0.0091910073533654,0
2018-04-26,0.0091437771916389,0.0091681722551584,0.0091367587447166,0.0091435257345438,0
2018-04-27,0.0091491304337978,0.0091759953647851,0.009129668585956,0.0091478750109672,0
2018-04-30,0.00916607119143,0.0091726295650005,0.0091374684125185,0.0091663226485252,0
2018-05-01,0.0091472063213586,0.0091526480391621,0.0091085461899638,0.0091486284509301,0
2018-05-02,0.0091014998033642,0.0091197602450847,0.009091074578464,0.0091036539524793,0
2018-05-03,0.009105228818953,0.0091802077367901,0.0091038197278976,0.0091056441888213,0
2018-05-04,0.0091662388294935,0.0092039499431848,0.009152396582067,0.0091643063351511,0
2018-05-07,0.0091620394960045,0.0091948099434375,0.0091422721743583,0.0091626271605491,0
2018-05-08,0.0091791115701198,0.009186279028654,0.0091465367004275,0.0091793648898601,0
2018-05-09,0.0091722924262285,0.0091742277145385,0.0091057270765304,0.0091710304841399,0
2018-05-10,0.0091035710647702,0.0091464528813958,0.0090919835492968,0.0091053126379847,0
2018-05-11,0.0091377608478069,0.0091607803478837,0.0091272527351975,0.0091354241594672,0
2018-05-14,0.009145950898528,0.0091566704213619,0.0091211749240756,0.0091469548642635,0
2018-05-15,0.0091131944209337,0.0091180149465799,0.0090610897168517,0.0091133611276745,0
2018-05-16,0.0090664299204945,0.0090873567387461,0.0090596945956349,0.0090675810351967,0
2018-05-17,0.0090613365173339,0.0090830642729997,0.0090205483138561,0.0090596126392483,0
2018-05-18,0.0090229902416467,0.0090370159596204,0.0090031689032912,0.0090216882526874,0
2018-05-21,0.0090187592431902,0.0090166451409459,0.0089778695255517,0.0090156691148877,0
2018-05-22,0.0090107955038547,0.0090251890942454,0.0089951520785689,0.0090084401890635,0
2018-05-23,0.0090313022956252,0.0091275023296475,0.0090192472562193,0.009030976332724,0
2018-05-24,0.0091017484664917,0.0091763325035572,0.0090981051325798,0.0090984366834163,0
2018-05-25,0.0091481264680624,0.0091643063351511,0.0091140251606702,0.0091466205194592,0
2018-05-28,0.0091221733018755,0.0091532347723841,0.0091131944209337,0.0091210082173347,0
2018-05-29,0.0091416873037815,0.0092186294496059,0.0091418540105223,0.0091418540105223,0
2018-05-30,0.0092256031930446,0.009225177578628,0.0091692646965384,0.0092209242284297,0
2018-05-31,0.0091986162588,0.0092250918969511,0.0091756591573357,0.0091976011171936,0
2018-06-01,0.0091954870149493,0.0091943880543112,0.0091141089797019,0.0091941338032484,0
2018-06-04,0.0091242538765072,0.0091430246829986,0.009111700579524,0.0091242538765072,0
2018-06-05,0.0090939681977033,0.0091246701776981,0.0090920664370059,0.0090931411832571,0
2018-06-06,0.0091025764122605,0.0091073848307132,0.0090731754899024,0.0091014169156551,0
2018-06-07,0.0090805906802415,0.0091033224016428,0.0090731754899024,0.0090812500566244,0
2018-06-08,0.0091162687167525,0.0091575933620333,0.0091037368401885,0.0091139422729611,0
2018-06-11,0.00913717597723,0.0091408509761095,0.0090870270505547,0.0091315861791372,0
2018-06-12,0.0090591199696064,0.0090826526284217,0.0090522309765219,0.0090610897168517,0
2018-06-13,0.0090537061914801,0.0090626496821641,0.0090330969542264,0.0090525588020682,0
2018-06-14,0.0090709533542394,0.0090976087376475,0.0090532964095473,0.0090707885101437,0
2018-06-15,0.0090379146859049,0.0090586272999644,0.0090173762291669,0.0090366071090102,0
2018-06-18,0.0090402020141482,0.0090655256062746,0.0090375868603587,0.0090397112071514,0
2018-06-19,0.0090795187279582,0.0091275023296475,0.0090749869123101,0.009076964110136,0
2018-06-20,0.0090850451961159,0.0091016655787825,0.0090707885101437,0.0090842200443148,0
2018-06-21,0.0090619111433625,0.0091003403067588,0.0090294266119599,0.0090625677257776,0
2018-06-22,0.0090948771685361,0.0091073019430041,0.009073669090867,0.0090962015092372,0
2018-06-25,0.0090961186215281,0.00914235599339,0.0090962843969464,0.0090962843969464,0
2018-06-26,0.0091205090284347,0.0091416873037815,0.0090895872563123,0.0091213406994938,0
2018-06-27,0.009082899428904,0.0091167669743299,0.0090514943003654,0.009080178104341,0
2018-06-28,0.0090731754899024,0.0090930582955479,0.0090570682659745,0.0090720234438776,0
2018-06-29,0.0090509206056594,0.0090589560568332,0.0090194912627339,0.0090545266866683,0
2018-07-02,0.0090326080098748,0.0090411007404327,0.0090047093108296,0.009029752574861,0
2018-07-03,0.0090194912627339,0.0090489545837044,0.0089987944811582,0.0090181892737746,0
2018-07-04,0.0090573150664567,0.0090676629915833,0.0090460078790783,0.0090579707175493,0
2018-07-05,0.009049610234797,0.0090665938332676,0.009033178910613,0.0090500190854072,0
2018-07-06,0.0090433079749345,0.0090592838823795,0.0090270629152655,0.0090452712029218,0
2018-07-09,0.0090561667457222,0.0090612536296248,0.0090272258967161,0.0090560847893357,0
2018-07-10,0.0090128248557448,0.0090151811018586,0.008981255814433,0.0090137999504804,0
2018-07-11,0.0090227462351322,0.0090273888781666,0.0089589674025774,0.0090191652998328,0
2018-07-12,0.0089319208636879,0.008929687552154,0.0088797332718968,0.008929687552154,0
2018-07-13,0.0088758710771799,0.008899250999093,0.0088657988235354,0.008876658976078,0
2018-07-16,0.0088968761265277,0.0089086070656776,0.0088850185275077,0.0088965594768524,0
2018-07-17,0.0088988551869988,0.0089098764583468,0.0088574746623635,0.0088997269049286,0
2018-07-18,0.0088486177846789,0.0088715404272079,0.0088394666090607,0.0088502625003457,0
2018-07-19,0.0088659552857279,0.0088767381384968,0.008838060311973,0.0088650910183787,0
2018-07-20,0.0088997269049286,0.0089568812400102,0.0088799698278307,0.0088990135118365,0
2018-07-23,0.0090047093108296,0.0090269818902015,0.0089749693870544,0.0090043041855096,0
2018-07-24,0.0089718289673328,0.0090109575539827,0.0089726336300373,0.0089726336300373,0
2018-07-25,0.0089894914999604,0.0090167261660099,0.0089798849076032,0.0089873103424906,0
2018-07-26,0.0090216062963008,0.0090413466095924,0.0089928871020674,0.0090190842747688,0
2018-07-27,0.008997174911201,0.0090167261660099,0.0089915115386247,0.0089977411553263,0
2018-07-30,0.0090143689885735,0.0090176202356815,0.0089963655918836,0.0090153440833091,0
2018-07-31,0.0090094953775405,0.0090204672887921,0.0089323194697499,0.0090099023655056,0
2018-08-01,0.0089439041912555,0.0089525515213608,0.0089176632463932,0.0089449444785714,0
2018-08-02,0.0089589674025774,0.0089823044836521,0.0089506283402442,0.0089576039463281,0
2018-08-03,0.008953352458775,0.0090009002014994,0.0089459046721458,0.0089526316151022,0
2018-08-06,0.0089900568127632,0.0089954752475023,0.0089668408036232,0.0089914305135607,0
2018-08-07,0.0089814979583024,0.0090090902522206,0.0089795626699924,0.0089824656024575,0
2018-08-08,0.0089810946956276,0.0090220142155885,0.0089750494807958,0.0089809335768222,0
2018-08-09,0.009017783217132,0.0090326080098748,0.0089945849031209,0.0090168882161378,0
2018-08-10,0.0090016294270753,0.0090482998639345,0.0089986324310302,0.0090038171038031,0
2018-08-13,0.0090392213314771,0.0090814149007201,0.0090149380266666,0.0090375868603587,0
2018-08-14,0.0090366071090102,0.0090417545288801,0.0089990366250276,0.0090417545288801,0
2018-08-15,0.008989087305963,0.0090550184249877,0.0089752105996012,0.0089885219931602,0
2018-08-16,0.0090435538440942,0.0090520670637488,0.0090163191780447,0.0090428180992603,0
2018-08-17,0.009008684195578,0.0090642934665083,0.009006168693304,0.0090095773339271,0
2018-08-20,0.0090518221259117,0.0090653616935014,0.0090354643762111,0.0090516582131385,0
2018-08-21,0.0090952087193727,0.0091094588860869,0.0090506747364997,0.0090962015092372,0
2018-08-22,0.0090798484161496,0.0090884305536746,0.0090408558025956,0.0090825697407126,0
2018-08-23,0.0090425722301006,0.0090455170720815,0.0089859366416931,0.0090448623523116,0
2018-08-24,0.008979320526123,0.0089975800365209,0.0089701386168599,0.0089816600084304,0
2018-08-27,0.008986179716885,0.0090135559439659,0.0089816600084304,0.0089856134727597,0
2018-08-28,0.0089979032054543,0.0090138809755444,0.0089806113392114,0.0089987944811582,0
2018-08-29,0.0089958794414997,0.0089985514059662,0.0089435838162899,0.0089959604665637,0
2018-08-30,0.0089515903964638,0.0089979842305183,0.0089488662779331,0.0089532723650336,0
2018-08-31,0.0090090902522206,0.0090345665812492,0.0090020345523953,0.0090091712772846,0
2018-09-03,0.0089973369613289,0.0090211182832717,0.0089955562725663,0.0089975800365209,0
2018-09-04,0.0090018725022673,0.0090157501399517,0.0089665995910763,0.0090040611103177,0
2018-09-05,0.0089717479422688,0.0089762583374977,0.0089483857154846,0.0089729558676481,0
2018-09-06,0.0089727137237787,0.0090214442461729,0.0089741637930274,0.0089741637930274,0
2018-09-07,0.0090501829981803,0.0090583814308047,0.0089901378378272,0.0090509206056594,0
2018-09-10,0.0090155070647597,0.0090191652998328,0.0089940195903182,0.0090159941464662,0
2018-09-11,0.008997012861073,0.008996769785881,0.0089612156152725,0.0089961225166916,0
2018-09-12,0.0089600114151835,0.0089912693947553,0.0089604128152132,0.0089607341215014,0
2018-09-13,0.0089911883696913,0.0089950710535049,0.0089329583570361,0.0089950710535049,0
2018-09-14,0.0089276144281029,0.0089482255280017,0.0089154373854398,0.0089248260483145,0
2018-09-17,0.0089323194697499,0.0089399861171841,0.0089192539453506,0.0089324796572327,0
2018-09-18,0.008953352458775,0.0089551974087953,0.00889877602458,0.0089551974087953,0
2018-09-19,0.0089065432548522,0.0089134499430656,0.0088947396725416,0.0089057506993412,0
2018-09-20,0.0089033711701631,0.0089237913489341,0.0088829668238759,0.0089033711701631,0
2018-09-21,0.0088892839848995,0.0088917342945933,0.008859671652317,0.0088902320712804,0
2018-09-24,0.0088869929313659,0.008893315680325,0.0088743744418025,0.0088869137689471,0
2018-09-25,0.0088663483038544,0.0088699664920568,0.0088529260829091,0.0088656414300203,0
2018-09-26,0.0088519854471087,0.0088676065206527,0.0088459569960832,0.0088513595983386,0
2018-09-27,0.0088727995753288,0.0088833617046475,0.0088187316432595,0.008873114362359,0
2018-09-28,0.0088216867297887,0.0088237887248396,0.0087990211322903,0.0088191973045468,0
2018-10-01,0.0087876552715897,0.0087921367958188,0.0087677761912345,0.0087885819375514,0
2018-10-02,0.0087760873138904,0.0088083995506167,0.0087713906541466,0.0087751625105738,0
2018-10-03,0.0088045988231897,0.0088091762736439,0.0087547274306416,0.0088048325851559,0
2018-10-04,0.0087346928194165,0.0087980153039097,0.0087327854707837,0.0087344637140631,0
2018-10-05,0.0087800938636064,0.008805607445538,0.0087653174996376,0.0087797082960605,0
2018-10-08,0.0087939146906137,0.0088494010269641,0.0087765492498874,0.0087953843176364,0
2018-10-09,0.0088419672101736,0.0088542588055133,0.0088198976591229,0.0088422801345586,0
2018-10-10,0.0088497139513492,0.0088806003332138,0.0088283065706491,0.0088496357202529,0
2018-10-11,0.00892124325037,0.0089296083897352,0.0088874669745564,0.0089189354330301,0
2018-10-12,0.008922197856009,0.0089280130341649,0.0088896788656711,0.0089204479008913,0
2018-10-15,0.0089132916182279,0.0089587271213531,0.0089111467823386,0.0089111467823386,0
2018-10-16,0.0089412648230791,0.0089435037225484,0.0089059090241789,0.0089407851919531,0
2018-10-17,0.0089013902470469,0.0089271366596221,0.0088956886902451,0.0089036095887422,0
2018-10-18,0.008878787048161,0.0089214025065302,0.0088711464777588,0.0088795758783817,0
2018-10-19,0.008913847617805,0.0089127356186509,0.00887918099761,0.0089117819443345,0
2018-10-22,0.008890469558537,0.0089005986228585,0.0088594360277056,0.0088927624747157,0
2018-10-23,0.0088686291128396,0.0089316023513674,0.0088656414300203,0.0088698882609605,0
2018-10-24,0.008893315680325,0.0089022619649767,0.0088702021166682,0.0088930781930685,0
2018-10-25,0.0089276144281029,0.0089425444602966,0.008878550492227,0.0089262602850794,0
2018-10-26,0.0089007569476962,0.0089778695255517,0.0088941073045134,0.008903688751161,0
2018-10-29,0.0089359115809202,0.0089453440159559,0.0088848611339926,0.0089355921372771,0
2018-10-30,0.0089028170332312,0.0089041646569967,0.0088516725227236,0.0089041646569967,0
2018-10-31,0.008845486678183,0.00886304769665,0.0088202869519591,0.0088450955227017,0
2018-11-01,0.0088612418621778,0.0088776834309101,0.008849948644638,0.0088616339489817,0
2018-11-02,0.008871934376657,0.0088761858642101,0.0088414987549185,0.0088713038712739,0
2018-11-05,0.0088386852294206,0.0088436882942914,0.0088244900107383,0.0088391536846756,0
2018-11-06,0.008830334059894,0.0088411075994372,0.0088155437260866,0.0088282292708754,0
2018-11-07,0.0088212201371788,0.0088534755632281,0.008786728605628,0.0088220769539475,0
2018-11-08,0.0088069261983037,0.0088066151365637,0.0087815588340163,0.008805451914668,0
2018-11-09,0.0087755471467971,0.0087984800338745,0.0087717762216925,0.0087750861421227,0
2018-11-12,0.0087837958708405,0.0087981699034571,0.0087577942758798,0.0087844133377075,0
2018-11-13,0.0087953843176364,0.0088034365326166,0.0087611703202128,0.0087981699034571,0
2018-11-14,0.008788195438683,0.0087985573336482,0.0087722372263669,0.0087878871709108,0
2018-11-15,0.008805607445538,0.0088416552171111,0.0087989438325166,0.008805994875729,0
2018-11-16,0.0088063050061464,0.0088747683912515,0.0088026616722345,0.008805994875729,0
2018-11-19,0.0088707525283098,0.0088929207995533,0.0088601429015398,0.0088709890842437,0
2018-11-20,0.0088933948427438,0.0089047187939286,0.0088706742972135,0.0088923666626214,0
2018-11-21,0.008872877806425,0.0088729569688439,0.0088384505361318,0.0088721700012683,0
2018-11-22,0.0088479127734899,0.0088589657098054,0.0088399350643157,0.0088479127734899,0
2018-11-23,0.0088512813672423,0.0088759493082761,0.0088491663336753,0.0088497139513492,0
2018-11-26,0.0088559053838253,0.0088570825755596,0.0088037466630339,0.0088555132970213,0
2018-11-27,0.0088102621957659,0.0088178757578134,0.0087848762050271,0.008809408172965,0
2018-11-28,0.0087898951023817,0.0087943011894822,0.0087707759812474,0.0087891221046447,0
2018-11-29,0.0088063050061464,0.0088338442146778,0.0088021969422698,0.0088051417842507,0
2018-11-30,0.0088174864649772,0.0088231666013598,0.0088031264021992,0.0088174091652035,0
2018-12-03,0.0087902043014764,0.008820442482829,0.0087905898690223,0.0087905898690223,0
2018-12-04,0.0088038248941302,0.0088715404272079,0.008801732212305,0.0088036693632602,0
2018-12-05,0.0088731935247778,0.0088744536042213,0.0088318940252065,0.008873350918293,0
2018-12-06,0.0088455649092793,0.00890947971493,0.008837591856718,0.0088447052985429,0
2018-12-07,0.0088739804923534,0.0088839139789342,0.0088554350659251,0.0088706742972135,0
2018-12-10,0.0088887307792902,0.0089087653905153,0.0088457213714718,0.0088884150609374,0
2018-12-11,0.0088354051113128,0.0088490881025791,0.0088142221793532,0.008833922445774,0
2018-12-12,0.008819586597383,0.0088370442390441,0.0088096410036087,0.008819586597383,0
2018-12-13,0.0088272932916879,0.008827137760818,0.0087949195876717,0.008827137760818,0
2018-12-14,0.0088059175759553,0.0088246455416083,0.008797550573945,0.0088049098849296,0
2018-12-17,0.0088191200047731,0.0088592004030942,0.0088092535734176,0.0088190417736768,0
2018-12-18,0.0088629694655537,0.0089086862280964,0.0088627338409423,0.0088627338409423,0
2018-12-19,0.0088869929313659,0.0089179808273911,0.008882257156074,0.0088891256600618,0
2018-12-20,0.0088960053399205,0.0089822243899106,0.0088810734450817,0.0088950563222169,0
2018-12-21,0.0089951520785689,0.0090139620006084,0.0089726336300373,0.0089929671958088,0
2018-12-24,0.0090046282857656,0.0090688969939947,0.0089976610615849,0.0090009002014994,0
2018-12-25,0.0090652797371149,0.0090916529297828,0.0090625677257776,0.00906503200531,0
2018-12-26,0.0090578068047761,0.0090673333033919,0.0090335868299007,0.0090554282069206,0
2018-12-27,0.0089923208579421,0.0090372608974576,0.0089910272508859,0.0089911073446273,0
2018-12-28,0.0090207923203706,0.0090725990012288,0.009014694020152,0.0090203862637281,0
2018-12-31,0.0090637179091572,0.0091191790997982,0.0090523948892951,0.0090642115101218,0
2019-01-01,0.0091215912252664,0.0091249207034707,0.0091212578117847,0.0091215912252664,0
2019-01-02,0.0091184303164482,0.0091970935463905,0.0091179311275482,0.0091190952807664,0
2019-01-03,0.0093074338510632,0.0093654002994298,0.0092360833659768,0.0093066543340682,0
2019-01-04,0.0092757493257522,0.0093012005090713,0.0092095443978905,0.0092707620933651,0
2019-01-07,0.0092147216200828,0.0092561738565564,0.0092059839516878,0.0092175249010324,0
2019-01-08,0.0092067467048764,0.0092208394780755,0.0091678351163864,0.0092044584453105,0
2019-01-09,0.0091932043433189,0.0092537757009267,0.0091759953647851,0.0091953175142407,0
2019-01-10,0.0092430831864476,0.0092787612229585,0.0092316502705216,0.0092453910037875,0
2019-01-11,0.0092337811365723,0.0092460755258798,0.0092105623334646,0.0092347189784049,0
2019-01-14,0.0092201586812734,0.0092594306915998,0.0092187141999602,0.0092194788157939,0
2019-01-15,0.0092378752306103,0.0092415465041995,0.009195402264595,0.0092383017763495,0
2019-01-16,0.0092043736949563,0.0092275608330965,0.0091821467503905,0.0092035271227359,0
2019-01-17,0.0091711981222033,0.0092005627229809,0.0091669112443923,0.0091712828725576,0
2019-01-18,0.0091614518314599,0.0091622918844223,0.0091081317514181,0.0091622918844223,0
2019-01-21,0.0091190123930573,0.0091339210048317,0.0091159362345933,0.0091193448752164,0
2019-01-22,0.0091182636097073,0.0091508049517869,0.009117598645389,0.0091188456863164,0
2019-01-23,0.0091445287689566,0.0091436933726072,0.0090930582955479,0.0091436933726072,0
2019-01-24,0.0091330874711275,0.0091385124251246,0.0091081317514181,0.0091343391686677,0
2019-01-25,0.0091243376955389,0.0091295018792152,0.0090956222265958,0.0091247530654072,0
2019-01-28,0.0091407680884003,0.0091605288907885,0.009130835533142,0.0091417701914906,0
2019-01-29,0.009152983315289,0.0091624595224857,0.0091299191117286,0.0091522289440035,0
2019-01-30,0.009139347821474,0.0091553293168544,0.009112779982388,0.0091397650539875,0
2019-01-31,0.0091759115457534,0.0092165898531675,0.009174732491374,0.0091779325157403,0
2019-02-01,0.0091874608770012,0.009195402264595,0.0091272527351975,0.0091872923076152,0
2019-02-04,0.0091375932097435,0.0091346725821495,0.0090793538838624,0.0091340877115726,0
2019-02-05,0.009094133041799,0.0091085461899638,0.0090880999341607,0.0090921493247151,0
2019-02-06,0.0090957880020141,0.0091275023296475,0.0090868612751364,0.0090962843969464,0
2019-02-07,0.0090930582955479,0.0091237546876072,0.0090845497325062,0.0090920664370059,0
2019-02-08,0.0091111194342374,0.0091195944696664,0.0091000087559223,0.0091107869520783,0
2019-02-11,0.009106638841331,0.0091093759983778,0.0090542808175086,0.0091060576960444,0
2019-02-12,0.0090579707175493,0.0090622399002313,0.0090379146859049,0.0090586272999644,0
2019-02-13,0.0090485457330942,0.009049610234797,0.0090186782181262,0.0090487087145447,0
2019-02-14,0.0090152630582451,0.0090488726273179,0.0089991986751556,0.009014043956995,0
2019-02-15,0.0090466625988483,0.0090694716200232,0.0090385675430297,0.0090465806424617,0
2019-02-18,0.0090445354580879,0.0090527236461639,0.0090410187840461,0.009046253748238,0
2019-02-19,0.0090423272922635,0.009053542278707,0.0090243751183152,0.0090416735038161,0
2019-02-20,0.0090438807383179,0.0090420814231038,0.0090135559439659,0.0090418364852666,0
2019-02-21,0.0090281227603554,0.0090418364852666,0.0090212812647223,0.0090269818902015,0
2019-02-22,0.0090327709913253,0.0090391393750905,0.0090171322226524,0.0090333428233861,0
2019-02-25,0.0090275518596172,0.0090433079749345,0.0090032499283552,0.0090277967974543,0
2019-02-26,0.0090052774176001,0.0090358722954988,0.0090036550536751,0.009006168693304,0
2019-02-27,0.0090451901778578,0.0090615004301071,0.0090117687359452,0.0090455990284681,0
2019-02-28,0.0090202232822775,0.0090366890653967,0.0089738415554165,0.0090193282812833,0
2019-03-01,0.0089801270514726,0.0089789982885122,0.0089304856956005,0.0089789982885122,0
2019-03-04,0.0089335162192583,0.008955517783761,0.0089280130341649,0.0089347139000892,0
2019-03-05,0.0089463843032717,0.0089477449655532,0.0089182993397116,0.0089477449655532,0
2019-03-06,0.0089392671361565,0.008959449827671,0.0089357513934373,0.0089401453733444,0
2019-03-07,0.0089587271213531,0.0089702187106013,0.0089412648230791,0.0089572025462985,0
2019-03-08,0.0089578442275524,0.0090228272601962,0.0089574428275227,0.0089575229212641,0
2019-03-11,0.0090025207027792,0.0090189222246408,0.0089850490912795,0.0090027637779712,0
2019-03-12,0.008981336839497,0.0090003330260515,0.0089723914861679,0.0089827887713909,0
2019-03-13,0.0089842416346073,0.0089972559362649,0.0089722303673625,0.0089829508215188,0
2019-03-14,0.0089931292459368,0.0089972559362649,0.0089507885277271,0.0089931292459368,0
2019-03-15,0.0089483056217432,0.0089774662628769,0.0089368699118494,0.0089468639343976,0
2019-03-18,0.008963705971837,0.0089756939560174,0.0089589674025774,0.0089647509157657,0
2019-03-19,0.0089788371697068,0.0089961225166916,0.0089711034670472,0.0089779496192932,0
2019-03-20,0.0089765796437859,0.0089786760509014,0.0089535126462578,0.0089744050055742,0
2019-03-21,0.0090366890653967,0.009065443649888,0.0090134749189019,0.0090379957109689,0
2019-03-22,0.0090247821062803,0.0091124475002288,0.0090183522552251,0.0090242940932512,0
2019-03-25,0.0090842200443148,0.0091133611276745,0.0090720234438776,0.0090810023248195,0
2019-03-26,0.0090852929279208,0.0090908268466591,0.0090354643762111,0.0090856226161122,0
2019-03-27,0.0090453531593084,0.0090705417096614,0.0090339947491884,0.0090458448976278,0
2019-03-28,0.0090505927801132,0.0090883476659655,0.0090238861739635,0.009051002562046,0
2019-03-29,0.0090385675430297,0.0090464986860752,0.0090142069384455,0.009035219438374,0
2019-04-01,0.0090094143524765,0.0090201422572135,0.0089838383719325,0.0090095773339271,0
2019-04-02,0.0089725535362958,0.0089886831119656,0.008973921649158,0.008973921649158,0
2019-04-03,0.0089843226596713,0.0089919967576861,0.0089626619592309,0.0089831119403243,0
2019-04-04,0.0089770639315247,0.0089816600084304,0.0089592086151242,0.0089788371697068,0
2019-04-05,0.0089559191837906,0.0089597702026367,0.0089432634413242,0.0089559992775321,0
2019-04-08,0.0089516704902052,0.0089860176667571,0.0089523112401366,0.0089527918025851,0
2019-04-09,0.008972150273621,0.0090098213404417,0.0089634647592902,0.0089726336300373,0
2019-04-10,0.0090004950761795,0.0090181892737746,0.0089895725250244,0.0090004950761795,0
2019-04-11,0.0090102264657616,0.0090097393840551,0.0089669208973646,0.0090097393840551,0
2019-04-12,0.0089588873088359,0.0089577641338109,0.0089269774034619,0.008956640958786,0
2019-04-15,0.0089263394474983,0.0089375087991356,0.0089219594374299,0.0089257815852761,0
2019-04-16,0.0089331176131963,0.0089406250044703,0.0089258616790175,0.0089324796572327,0
2019-04-17,0.0089291296899318,0.0089344745501875,0.0089159933850169,0.0089296083897352,0
2019-04-18,0.0089257024228572,0.0089459847658872,0.0089250653982162,0.0089250653982162,0
2019-04-19,0.0089294482022523,0.008936789818108,0.0089283324778079,0.008929687552154,0
2019-04-22,0.0089357513934373,0.0089378282427787,0.0089296083897352,0.0089358324185013,0
2019-04-23,0.0089342352002859,0.0089554376900196,0.0089266579598188,0.0089339157566428,0
2019-04-24,0.0089383879676461,0.008953352458775,0.0089311227202415,0.0089393462985754,0
2019-04-25,0.0089182201772928,0.0089765796437859,0.0089105917140841,0.0089174248278141,0
2019-04-26,0.0089654736220836,0.0089744850993156,0.0089359115809202,0.0089681278914213,0
2019-04-29,0.0089611355215311,0.0089625818654894,0.0089379083365201,0.0089604929089546,0
2019-04-30,0.0089543955400586,0.0089903799816966,0.0089543145149946,0.0089543145149946,0
2019-05-01,0.0089770639315247,0.0089979842305183,0.008965072222054,0.0089763384312391,0
2019-05-02,0.0089724725112319,0.0089783538132905,0.0089561594650149,0.0089726336300373,0
2019-05-03,0.0089690117165446,0.008996850810945,0.0089588072150945,0.0089696552604436,0
2019-05-06,0.0090397112071514,0.0090662650763988,0.0090133938938379,0.0090416735038161,0
2019-05-07,0.0090248631313443,0.0090637179091572,0.0090248631313443,0.0090248631313443,0
2019-05-08,0.0090697184205055,0.0090985186398029,0.0090711181983351,0.0090712821111083,0
2019-05-09,0.0090885953977704,0.0091344220563769,0.0090854577720165,0.0090890908613801,0
2019-05-10,0.0091068875044584,0.0091320862993597,0.0090877693146467,0.0091026592999696,0
2019-05-13,0.0091195944696664,0.0091718714684247,0.0091077173128724,0.0091210082173347,0
2019-05-14,0.0091613680124282,0.0091614518314599,0.0091107869520783,0.0091597745195031,0
2019-05-15,0.0091181807219982,0.0091607803478837,0.0091161029413342,0.009117349050939,0
2019-05-16,0.0091345058754086,0.0091450307518243,0.009095043875277,0.0091368425637483,0
2019-05-17,0.0091015826910734,0.009131752885878,0.0090906610712409,0.0091032404452562,0
2019-05-20,0.0090777045115828,0.009106638841331,0.00906593631953,0.0090781999751925,0
2019-05-21,0.0090851280838251,0.0090861180797219,0.0090376688167452,0.0090825697407126,0
2019-05-23,0.0090726809576153,0.0091277519240975,0.0090621570125222,0.0090723522007465,0
2019-05-24,0.0091275852173566,0.0091508049517869,0.0091137764975428,0.0091277519240975,0
2019-05-27,0.0091406842693686,0.0091424398124217,0.0091261696070432,0.0091407680884003,0
2019-05-28,0.0091316690668463,0.0091566704213619,0.0091222561895847,0.0091321701183915,0
2019-05-29,0.0091452822089195,0.0091615365818142,0.0091373436152935,0.0091436095535755,0
2019-05-30,0.0091289188712835,0.0091334208846092,0.0090974429622292,0.0091278357431292,0
2019-05-31,0.0091443620622158,0.0092112412676215,0.0091417701914906,0.0091491304337978,0
2019-06-03,0.0092411190271377,0.0092535186558961,0.0092224543914198,0.0092398384585976,0
2019-06-04,0.0092569449916481,0.0092717939987778,0.0092289233580231,0.0092542041093111,0
2019-06-05,0.009237534366548,0.0092747174203395,0.0092290090397,0.0092396680265665,0
2019-06-06,0.0092312237247824,0.0092562595382332,0.0092248367145657,0.0092298602685332,0
2019-06-07,0.0092204986140131,0.0092680118978023,0.0092077646404504,0.0092202443629503,0
2019-06-10,0.0092209242284297,0.0092278169468045,0.0091989552602171,0.0092210946604609,0
2019-06-11,0.0092285824939608,0.0092285824939608,0.0091914301738142,0.0092279016971588,0
2019-06-12,0.0092187989503145,0.0092406067997217,0.0092116659507155,0.0092179486528038,0
2019-06-13,0.0092176096513867,0.0092451348900794,0.0092147216200828,0.0092161651700735,0
2019-06-14,0.0092318207025527,0.0092455614358186,0.0092168441042304,0.0092323310673236,0
2019-06-17,0.0092101385816931,0.0092142121866345,0.0091976858675479,0.0092113269492983,0
2019-06-18,0.0092132780700922,0.0092509500682353,0.0092018330469727,0.0092133628204464,0
2019-06-19,0.009210392832756,0.0092378752306103,0.0092075942084193,0.0092097986489534,0
2019-06-20,0.0092494105920195,0.0093046622350811,0.009250265546143,0.009250265546143,0
2019-06-21,0.0093216625973582,0.0093417782336473,0.0092830685898661,0.0093200989067554,0
2019-06-24,0.0093186227604746,0.0093239219859242,0.009301028214395,0.009317927993834,0
2019-06-25,0.0093173198401927,0.0093647865578532,0.0093106403946876,0.0093154106289148,0
2019-06-26,0.0093313176184892,0.0093314917758107,0.0092807421460747,0.0093298377469182,0
2019-06-27,0.0092817759141325,0.0092890188097953,0.0092461602762341,0.0092821205034852,0
2019-06-28,0.0092810010537505,0.0092967906966805,0.0092723090201616,0.009278847835958,0
2019-07-01,0.0092266239225864,0.009250009432435,0.0092142121866345,0.0092279016971588,0
2019-07-02,0.0092279864475131,0.0092654358595609,0.0092194788157939,0.0092262839898467,0
2019-07-03,0.0092760073021054,0.0093000764027237,0.0092711057513952,0.0092744594439864,0
2019-07-04,0.0092782452702522,0.0092844478785991,0.0092738568782806,0.0092802261933684,0
2019-07-05,0.0092757493257522,0.0092756636440753,0.0092070009559392,0.0092752333730459,0
2019-07-08,0.0092187989503145,0.0092354863882064,0.0091975163668394,0.0092187141999602,0
2019-07-09,0.0091978553682565,0.0091982781887054,0.0091778486967086,0.0091969240456819,0
2019-07-10,0.0091807125136256,0.0092254327610135,0.0091756591573357,0.0091807125136256,0
2019-07-11,0.009230712428689,0.0092713637277483,0.009229689836502,0.0092308828607201,0
2019-07-12,0.0092091206461191,0.0092631187289953,0.0092087816447019,0.0092087816447019,0
2019-07-15,0.0092736845836043,0.0092757493257522,0.0092510357499122,0.0092740291729569,0
2019-07-16,0.0092687858268618,0.0092695588245987,0.0092284977436065,0.0092686992138624,0
2019-07-17,0.0092420587316155,0.0092534329742193,0.0092320758849382,0.0092412047088146,0
2019-07-18,0.0092646637931466,0.0092918667942285,0.0092593450099229,0.009266123175621,0
2019-07-19,0.0093109002336859,0.0093163652345538,0.0092779016122221,0.0093101197853684,0
2019-07-22,0.0092755779623985,0.0092840166762471,0.0092542041093111,0.0092736845836043,0
2019-07-23,0.0092674968764185,0.0092731695622205,0.0092357425019145,0.0092693865299224,0
2019-07-24,0.0092394109815359,0.0092635480687022,0.0092371068894863,0.0092397537082433,0
2019-07-25,0.0092430831864476,0.0092558311298489,0.0092096291482448,0.0092439381405711,0
2019-07-26,0.0092025101184844,0.0092118354514241,0.0091892341151833,0.0092022567987442,0
2019-07-29,0.0092053059488534,0.0092227952554821,0.0091834953054785,0.0092058144509792,0
2019-07-30,0.00918560475111,0.0092208394780755,0.0091801229864358,0.0091858571395277,0
2019-07-31,0.0092113269492983,0.0092170145362615,0.0092041194438934,0.0092120897024869,0
2019-08-01,0.0091894874349236,0.0092456480488181,0.0091508887708187,0.0091899093240499,0
2019-08-02,0.0093082999810576,0.0093850009143352,0.0093038836494088,0.0093109002336859,0
2019-08-05,0.0093828868120908,0.0094509031623601,0.0093793673440814,0.0093812150880694,0
2019-08-06,0.0094703249633312,0.0094722090288996,0.0093417782336473,0.0094676343724131,0
2019-08-07,0.009404064156115,0.0094731962308287,0.0094027379527688,0.0094082225114107,0
2019-08-08,0.0094232056289911,0.0094417110085487,0.0094084879383444,0.0094228507950901,0
2019-08-09,0.0094451894983649,0.0094925295561552,0.0094303144142031,0.0094451000913977,0
2019-08-12,0.0094892866909503,0.0095193665474653,0.009473375044763,0.0094876661896705,0
2019-08-13,0.009491448290646,0.0095171928405761,0.0093516502529382,0.0094891060143709,0
2019-08-14,0.0093817431479692,0.0094600217416882,0.0093809515237808,0.0093818316236138,0
2019-08-15,0.0094414437189698,0.0094598429277539,0.0093891425058245,0.0094419782981276,0
2019-08-16,0.0094265807420015,0.0094316489994525,0.0093916999176144,0.0094257807359099,0
2019-08-19,0.0093958470970392,0.0094119422137737,0.0093753216788172,0.0093974359333515,0
2019-08-20,0.0093831522390246,0.0094176148995757,0.0093734767287969,0.0093836802989244,0
2019-08-21,0.0094096390530467,0.0094096390530467,0.0093819191679358,0.0094080455601215,0
2019-08-22,0.0093811266124248,0.0094099938869476,0.0093767289072275,0.0093808630481362,0
2019-08-23,0.009392493404448,0.009497127495706,0.0093704024329781,0.0093909939751029,0
2019-08-26,0.0095372525975108,0.0095355240628123,0.0094084879383444,0.0095355240628123,0
2019-08-27,0.0094359209761023,0.0094709526747465,0.0094288922846317,0.009435030631721,0
2019-08-28,0.0094573376700282,0.0094648571684956,0.0094398399814963,0.0094565330073237,0
2019-08-29,0.0094277365133166,0.0094488486647605,0.0093866754323244,0.0094258701428771,0
2019-08-30,0.009395140223205,0.0094236498698592,0.0093864100053906,0.0093926694244146,0
2019-09-02,0.0094225844368338,0.0094272922724485,0.0093991151079535,0.0094202766194939,0
2019-09-03,0.0094168167561292,0.0094562647864222,0.0094004403799772,0.0094167282804846,0
2019-09-04,0.0094463489949703,0.0094489380717277,0.0094054797664284,0.0094461711123585,0
2019-09-05,0.0094051258638501,0.0094041526317596,0.0093289669603109,0.0094035333022475,0
2019-09-06,0.0093395095318555,0.0093782236799597,0.0093379402533173,0.0093396846204996,0
2019-09-09,0.0093506006523966,0.0093659274280071,0.0093311434611678,0.0093509498983621,0
2019-09-10,0.0093164518475532,0.0093279229477047,0.0093026719987392,0.0093181878328323,0
2019-09-11,0.0092936800792813,0.0092972228303551,0.0092723947018384,0.0092952353879809,0
2019-09-12,0.0092574590817093,0.0092988656833767,0.0092476997524499,0.0092593450099229,0
2019-09-13,0.0092441942542791,0.009266123175621,0.0092374486848711,0.0092440238222479,0
2019-09-16,0.0092794504016637,0.0093024121597409,0.0092545459046959,0.0092794504016637,0
2019-09-17,0.0092454766854643,0.0092569449916481,0.0092302011325955,0.0092468447983264,0
2019-09-18,0.009251806885004,0.0092509500682353,0.0092365099117159,0.0092506082728505,0
2019-09-19,0.0092229647561907,0.0092762652784585,0.0092196492478251,0.0092221144586801,0
2019-09-20,0.009255745448172,0.0092790201306343,0.0092534329742193,0.0092534329742193,0
2019-09-23,0.0092891911044716,0.0093187959864735,0.00927962269634,0.0092906579375267,0
2019-09-24,0.0092924712225794,0.0093240095302462,0.0092794504016637,0.0092930756509304,0
2019-09-25,0.0093315783888101,0.0093453582376241,0.0092772124335169,0.0093303602188825,0
2019-09-26,0.0092857405543327,0.0093079535290598,0.0092832408845424,0.0092866029590368,0
2019-09-27,0.0092802261933684,0.009288846515119,0.0092444512993097,0.0092812590301036,0
2019-09-30,0.0092640630900859,0.0092811733484268,0.0092472722753882,0.0092650931328535,0
2019-10-01,0.0092533472925424,0.0092876385897398,0.009221008978784,0.0092542897909879,0
2019-10-02,0.009281862527132,0.0093297511339187,0.0092692151665687,0.0092822927981615,0
2019-10-03,0.0093315783888101,0.0093891425058245,0.0093204462900757,0.0093327108770608,0
2019-10-04,0.0093610174953937,0.009375849738717,0.0093358475714921,0.0093612801283597,0
2019-10-07,0.0093664526939392,0.0093730371445417,0.009339858777821,0.0093665411695837,0
2019-10-08,0.0093239219859242,0.0093623315915465,0.0093078669160604,0.0093234879896044,0
2019-10-09,0.0093492018058896,0.0093500763177871,0.0093063944950699,0.0093500763177871,0
2019-10-10,0.0093302726745605,0.0093299252912402,0.0092616602778434,0.0093263573944568,0
2019-10-11,0.0092695588245987,0.0092719653621315,0.0092074247077107,0.0092719653621315,0
2019-10-14,0.0092200739309191,0.0092548886314034,0.0092200739309191,0.0092200739309191,0
2019-10-15,0.0092261135578155,0.0092459041625261,0.0091844238340854,0.0092271352186799,0
2019-10-16,0.0091897407546639,0.0092076789587736,0.0091877989470958,0.0091897407546639,0
2019-10-17,0.0092015787959098,0.0092155709862709,0.0091812191531062,0.0092017482966184,0
2019-10-18,0.0092097138985991,0.0092233903706073,0.0091981934383511,0.0092088663950562,0
2019-10-21,0.0092244120314717,0.0092277312651276,0.0092030186206102,0.0092246672138571,0
2019-10-22,0.0092080188915133,0.0092194788157939,0.0091981934383511,0.0092078493908047,0
2019-10-23,0.0092180343344807,0.0092376191169023,0.0092027643695473,0.0092188837006688,0
2019-10-24,0.0092045431956648,0.0092164203524589,0.0091960793361067,0.0092070857062935,0
2019-10-25,0.0092075942084193,0.0092152310535311,0.0091947251930832,0.0092070857062935,0
2019-10-28,0.0091967554762959,0.0092031881213188,0.0091717038303613,0.0091974325478076,0
2019-10-29,0.0091773429885506,0.0091910073533654,0.0091706942766904,0.0091769220307469,0
2019-10-30,0.0091849295422434,0.0091902473941445,0.0091769220307469,0.0091839171946048,0
2019-10-31,0.0091921053826808,0.0092546315863728,0.0091865323483943,0.0091916834935545,0
2019-11-01,0.0092596020549535,0.0092668095603585,0.0092390701174736,0.0092578018084168,0
2019-11-04,0.0092404363676905,0.0092417169362306,0.0092073399573564,0.0092412903904914,0
2019-11-05,0.0092001399025321,0.0092037804424762,0.0091583477333188,0.0091998018324375,0
2019-11-06,0.0091620394960045,0.0091887274757027,0.0091596897691488,0.0091632148250937,0
2019-11-07,0.0091816401109099,0.0092032728716731,0.0091385953128337,0.0091815562918782,0
2019-11-08,0.0091513078659772,0.0091673312708735,0.0091355070471763,0.0091514745727181,0
2019-11-11,0.0091553293168544,0.0091823153197765,0.0091543234884738,0.0091565866023302,0
2019-11-12,0.0091707780957221,0.0091754905879497,0.0091501353308558,0.009170358069241,0
2019-11-13,0.00917490106076,0.0092015787959098,0.0091624595224857,0.009174563921988,0
2019-11-14,0.00919134542346,0.0092358272522687,0.0091863637790083,0.0091922748833894,0
2019-11-15,0.009217269718647,0.0092205833643674,0.0091867856681346,0.0092177791520953,0
2019-11-18,0.0091997170820832,0.0092152310535311,0.0091690123081207,0.009199378080666,0
2019-11-19,0.0092028491199016,0.0092206690460443,0.0091886427253484,0.0092012407258152,0
2019-11-20,0.0092212641611695,0.0092286681756377,0.0091978553682565,0.0092178639024496,0
2019-11-21,0.0092184590175747,0.0092354863882064,0.009202679619193,0.0092177791520953,0
2019-11-22,0.0092093748971819,0.0092185446992516,0.0091981934383511,0.0092098833993077,0
2019-11-25,0.0091970935463905,0.0091997170820832,0.0091780163347721,0.0091971782967448,0
2019-11-26,0.0091749858111143,0.0091846762225031,0.0091599421575665,0.00917490106076,0
2019-11-27,0.0091661550104618,0.0091692646965384,0.0091413529589772,0.0091672474518418,0
2019-11-28,0.0091435257345438,0.009145532734692,0.0091288350522518,0.0091427732259035,0
2019-11-29,0.0091314194723963,0.0091386791318655,0.0091189285740256,0.0091310022398829,0
2019-12-02,0.0091295018792152,0.0091743962839245,0.0091141089797019,0.0091297524049878,0
2019-12-03,0.0091724600642919,0.0092165898531675,0.0091571733355522,0.0091731334105134,0
2019-12-04,0.0092036118730902,0.0092225400730967,0.0091835800558328,0.0092021720483899,0
2019-12-05,0.0091884741559624,0.0092020872980356,0.0091754058375954,0.0091879675164818,0
2019-12-06,0.0091964174062013,0.009212514385581,0.0091820620000362,0.0091950641945004,0
2019-12-09,0.0092058144509792,0.0092227095738053,0.0092058992013335,0.0092068314552307,0
2019-12-10,0.0092096291482448,0.0092148911207914,0.0091953175142407,0.0092081883922219,0
2019-12-11,0.0091942185536026,0.0092049669474363,0.009192612953484,0.0091936262324452,0
2019-12-12,0.0092124287039041,0.0092202443629503,0.0091492142528295,0.0092131085693836,0
2019-12-13,0.0091396812349557,0.0091567542403936,0.0091161029413342,0.0091395983472466,0
2019-12-16,0.0091407680884003,0.0091446135193109,0.009118347428739,0.0091424398124217,0
2019-12-17,0.0091260867193341,0.0091355070471763,0.0091217570006847,0.0091264192014932,0
2019-12-18,0.0091310860589146,0.0091409347951412,0.0091222561895847,0.0091305021196603,0
2019-12-19,0.0091281682252883,0.0091562513262033,0.0091182636097073,0.0091286683455109,0
2019-12-20,0.0091421883553266,0.0091525642201304,0.0091332541778683,0.009141519665718,0
2019-12-23,0.0091325035318732,0.009145950898528,0.0091330045834183,0.0091330045834183,0
2019-12-24,0.0091422721743583,0.0091472063213586,0.0091384286060929,0.0091421883553266,0
2019-12-25,0.0091421883553266,0.0091482941061258,0.009108961559832,0.0091424398124217,0
2019-12-26,0.0091433580964803,0.0091435257345438,0.0091172661632299,0.0091430246829986,0
2019-12-27,0.0091289188712835,0.0091385953128337,0.0091252531856298,0.0091292513534426,0
2019-12-30,0.0091384286060929,0.0091934576630592,0.0091375932097435,0.0091375932097435,0
2019-12-31,0.0091850133612751,0.0092192236334085,0.009185436181724,0.009185436181724,0
2020-01-01,0.0092012407258152,0.0092055601999163,0.0089758550748229,0.009201324544847,0
2020-01-02,0.0091985324397683,0.0092403506860136,0.009186110459268,0.009198447689414,0
2020-01-03,0.009212939068675,0.0092665525153279,0.0092122592031955,0.0092131933197379,0
2020-01-06,0.0092623466625809,0.0092659518122673,0.009224240668118,0.0092593450099229,0
2020-01-07,0.0092245815321803,0.0092369364574551,0.0092066619545221,0.0092241559177637,0
2020-01-08,0.0092578874900937,0.0092887599021196,0.0091668274253606,0.0092611461877822,0
2020-01-09,0.0091717038303613,0.009170189499855,0.0091260867193341,0.009170189499855,0
2020-01-10,0.0091318357735872,0.0091360909864306,0.009117848239839,0.0091325035318732,0
2020-01-13,0.0091269183903932,0.0091297524049878,0.0090962843969464,0.0091295856982469,0
2020-01-14,0.0090915709733963,0.0090999267995357,0.0090767992660403,0.0090909088030457,0
2020-01-15,0.0091029917821288,0.0091081317514181,0.0090912394225597,0.0091013340279459,0
2020-01-16,0.0091005889698863,0.0091011682525277,0.0090768812224268,0.0091011682525277,0
2020-01-17,0.0090764686465263,0.0090861180797219,0.0090682385489344,0.009076964110136,0
2020-01-20,0.0090760570019483,0.0090814977884292,0.0090733403339982,0.0090748220682144,0
2020-01-21,0.0090766344219446,0.0091023286804556,0.0090729277580976,0.0090761398896574,0
2020-01-22,0.0090985186398029,0.0091043999418616,0.0090845497325062,0.0090976087376475,0
2020-01-23,0.0091134440153837,0.0091517269611358,0.0091116176918149,0.009112779982388,0
2020-01-24,0.0091280853375792,0.0091487122699618,0.0091202594339847,0.0091270022094249,0
2020-01-27,0.0091910073533654,0.0091899940744042,0.0091632148250937,0.0091899940744042,0
2020-01-28,0.0091810505837202,0.0091943880543112,0.0091585153713822,0.0091802915558218,0
2020-01-29,0.0091632148250937,0.0091748163104057,0.0091553293168544,0.0091633833944797,0
2020-01-30,0.0091754058375954,0.0092032728716731,0.0091711143031716,0.0091746486723423,0
2020-01-31,0.0091846762225031,0.0092301154509186,0.0091646425426006,0.0091819781810045,0
2020-02-03,0.0092274751514196,0.0092279864475131,0.0091915149241685,0.0092267096042633,0
2020-02-04,0.0092070857062935,0.0092116659507155,0.0091375932097435,0.0092072552070021,0
2020-02-05,0.0091368425637483,0.0091481264680624,0.009104648604989,0.0091370930895209,0
2020-02-06,0.0091063063591718,0.0091090444475412,0.0090925619006156,0.0091071361675858,0
2020-02-07,0.0090935546904802,0.0091298352926969,0.0090926457196474,0.0090946294367313,0
2020-02-10,0.0091203432530164,0.0091231716796755,0.0091016655787825,0.0091216741129755,0
2020-02-11,0.0091102896258234,0.0091122817248106,0.0090947123244404,0.0091109527274966,0
2020-02-12,0.0091039026156067,0.0091082975268363,0.0090809194371104,0.0091043999418616,0
2020-02-13,0.0091036539524793,0.0091217570006847,0.0090928105637431,0.0091027421876788,0
2020-02-14,0.0091109527274966,0.0091153550893068,0.0090985186398029,0.0091086290776729,0
2020-02-17,0.0091082146391272,0.0091140251606702,0.0090947123244404,0.0091093759983778,0
2020-02-18,0.0091049801558256,0.0091194277629256,0.0090958699584007,0.0091050630435347,0
2020-02-19,0.0090976087376475,0.0091019971296191,0.0089845648035407,0.0090968636795878,0
2020-02-20,0.0089919967576861,0.0089998468756675,0.0089137684553861,0.0089926440268754,0
2020-02-21,0.0089322393760085,0.0089672431349754,0.0089151989668607,0.0089312028139829,0
2020-02-24,0.0089640272781252,0.0090489545837044,0.0089559992775321,0.0089641883969306,0
2020-02-25,0.0090206302702426,0.0090876873582601,0.009006168693304,0.009019817225635,0
2020-02-26,0.0090673333033919,0.009078693576157,0.0090343207120895,0.0090679097920656,0
2020-02-27,0.0090610077604651,0.0091151883825659,0.0090589560568332,0.0090614184737205,0
2020-02-28,0.0091190952807664,0.009278330951929,0.0091192619875073,0.0091192619875073,0
2020-03-02,0.0092853102833032,0.0093096867203712,0.0092116659507155,0.0092805698513984,0
2020-03-03,0.009217694401741,0.0093265315517783,0.0092210946604609,0.0092210946604609,0
2020-03-04,0.0093425633385777,0.0093416040763258,0.0092875519767403,0.009339771233499,0
2020-03-05,0.0092870341613888,0.0093889655545353,0.0092891044914722,0.0092891044914722,0
2020-03-06,0.0094119422137737,0.0095241721719503,0.0094041526317596,0.0094107901677489,0
2020-03-09,0.009621120058,0.0098733259364962,0.009591681882739,0.0096178818494081,0
2020-03-10,0.0096981925889849,0.0097334021702408,0.0095066968351602,0.0096985679119825,0
2020-03-11,0.0095214517787098,0.0096043944358825,0.0094983903691172,0.0095173744484782,0
2020-03-12,0.0095648011192679,0.009695746935904,0.0094593055546283,0.0095565747469663,0
2020-03-13,0.0095593156293034,0.0095519190654158,0.00930483546108,0.0095502771437168,0
2020-03-16,0.0093731246888637,0.0095104947686195,0.0092998165637254,0.0093827107921242,0
2020-03-17,0.0094184130430221,0.009426936507225,0.0092970505356788,0.0094109671190381,0
2020-03-18,0.0093129817396402,0.0093668913468718,0.0092176096513867,0.0093160178512334,0
2020-03-19,0.0092284977436065,0.0092424005270004,0.009079435840249,0.0092239854857325,0
2020-03-20,0.0089854523539543,0.0091427732259035,0.0089817401021718,0.0089847259223461,0
2020-03-23,0.009052887558937,0.009117349050939,0.0089807724580168,0.009057642892003,0
2020-03-24,0.0090230712667107,0.0090814977884292,0.0089696552604436,0.009020060300827,0
2020-03-25,0.0089992797002196,0.0090291826054453,0.0089551173150539,0.0089996848255395,0
2020-03-26,0.0090190842747688,0.0091440277174115,0.0090143689885735,0.0090205483138561,0
2020-03-27,0.0091651463881134,0.0092692151665687,0.0091437771916389,0.0091628795489668,0
2020-03-30,0.0093098599463701,0.0093324501067399,0.0092347189784049,0.0093076070770621,0
2020-03-31,0.0092562595382332,0.0093053551390767,0.0091986162588,0.0092544602230191,0
2020-04-01,0.0093016326427459,0.0093432618305087,0.0092680975794792,0.0093060480430722,0
2020-04-02,0.0093234004452824,0.0093428259715437,0.0092611461877822,0.0093208802863955,0
2020-04-03,0.0092591736465692,0.0092753190547227,0.0092020025476813,0.0092552313581109,0
2020-04-06,0.0092002246528863,0.0092014092952013,0.00914469640702,0.0092014092952013,0
2020-04-07,0.0091646425426006,0.0092016635462641,0.0091636348515748,0.0091670788824558,0
2020-04-08,0.0092037804424762,0.009215485304594,0.0091680875048041,0.0092025948688387,0
2020-04-09,0.0091808820143342,0.0092284977436065,0.0091694332659244,0.0091828210279345,0
2020-04-10,0.0092114116996526,0.0092311380431056,0.0092111565172672,0.0092122592031955,0
2020-04-13,0.0092305419966578,0.0092968773096799,0.0092275608330965,0.0092293499037623,0
2020-04-14,0.0092916944995522,0.0093394229188561,0.0092808287590742,0.0092909168452024,0
2020-04-15,0.0093367202207446,0.0093519128859043,0.0092732552438974,0.0093367202207446,0
2020-04-16,0.0092929033562541,0.0093295769765973,0.0092526618391275,0.0092922989279031,0
2020-04-17,0.0092639774084091,0.0093191433697938,0.0092641487717628,0.0092649217694997,0
2020-04-20,0.0092876385897398,0.009293507784605,0.0092638917267322,0.0092859994620084,0
2020-04-21,0.0092877242714166,0.009320012293756,0.0092754056677222,0.0092875519767403,0
2020-04-22,0.0092832408845424,0.0093000764027237,0.0092651788145303,0.0092807421460747,0
2020-04-23,0.0092753190547227,0.0093153240159153,0.0092618316411972,0.0092754056677222,0
2020-04-24,0.0092878965660929,0.0093098599463701,0.0092807421460747,0.0092894500121474,0
2020-04-27,0.0093027576804161,0.009345794096589,0.0092922989279031,0.0093019800260663,0
2020-04-28,0.009321141988039,0.0093842083588242,0.0093167126178741,0.0093208802863955,0
2020-04-29,0.0093684718012809,0.0094016771763563,0.0093669788911938,0.009367506019771,0
2020-04-30,0.0093799829483032,0.0093970829620957,0.0093363709747791,0.0093807755038142,0
2020-05-01,0.0093209668993949,0.0093799829483032,0.0093110734596848,0.0093192299827933,0
2020-05-04,0.009368734434247,0.0093745319172739,0.0093409931287169,0.0093675935640931,0
2020-05-05,0.0093723349273204,0.0093910824507474,0.0093554994091391,0.0093735652044415,0
2020-05-06,0.0093939052894711,0.0094318268820643,0.0093957586213946,0.0093957586213946,0
2020-05-07,0.0094169937074184,0.009421607479453,0.0093768164515495,0.0094153089448809,0
2020-05-08,0.0094021195545792,0.0094132702797651,0.0093703148886561,0.0093993796035647,0
2020-05-11,0.0093528749421238,0.0093654878437519,0.0092826383188366,0.0093540996313095,0
2020-05-12,0.0092966174706816,0.009326965548098,0.009287379682064,0.0092947166413068,0
2020-05-13,0.0093337567523121,0.0093666287139058,0.0093239219859242,0.0093315783888101,0
2020-05-14,0.0093516502529382,0.0093646105378866,0.0093314917758107,0.0093533117324113,0
2020-05-15,0.009314022026956,0.0093566374853253,0.0093082133680582,0.0093143694102764,0
2020-05-18,0.0093276621773839,0.009339946322143,0.0093027576804161,0.009325835853815,0
2020-05-19,0.0093126343563199,0.0093192299827933,0.0092529198154807,0.0093129817396402,0
2020-05-20,0.0092755779623985,0.0093156704679131,0.0092614032328128,0.0092748031020164,0
2020-05-21,0.0092944577336311,0.0092958407476544,0.0092723947018384,0.0092937666922807,0
2020-05-22,0.0092910034582018,0.0093167126178741,0.0092798806726932,0.0092907445505261,0
2020-05-25,0.0092820348218083,0.0092910900712013,0.009278847835958,0.0092816036194562,0
2020-05-26,0.0092861726880073,0.009310727007687,0.009266466833651,0.009285912849009,0
2020-05-27,0.0093031050637364,0.0093134148046374,0.0092650931328535,0.0093032773584127,0
2020-05-28,0.0092766098678112,0.0092954942956566,0.0092681841924786,0.0092761795967817,0
2020-05-29,0.0092899678274989,0.0093379402533173,0.0092754056677222,0.0092914355918765,0
2020-06-01,0.0092843612655997,0.0093115074560046,0.0092721376568079,0.0092838443815708,0
2020-06-02,0.0092981737107038,0.0093008549883961,0.0092031881213188,0.0092983469367027,0
2020-06-03,0.0091904159635305,0.009223305620253,0.0091765010729432,0.0091896560043096,0
2020-06-04,0.0091743962839245,0.0092064924538135,0.0091614518314599,0.0091759115457534,0
2020-06-05,0.0091617042198777,0.0091702742502093,0.0091036539524793,0.0091642225161194,0
2020-06-08,0.0091212578117847,0.0092239854857325,0.009124088101089,0.0091249207034707,0
2020-06-09,0.0092243263497948,0.0092897089198231,0.0092277312651276,0.0092277312651276,0
2020-06-10,0.0092766964808106,0.0093303602188825,0.0092706764116883,0.0092749753966927,0
2020-06-11,0.009347453713417,0.0093810390681028,0.0093260090798139,0.0093444846570491,0
2020-06-12,0.0093630328774452,0.0093807755038142,0.0092979138717055,0.0093613676726818,0
2020-06-15,0.0093187093734741,0.009345794096589,0.009304316714406,0.0093190567567944,0
2020-06-16,0.0093054417520761,0.0093248793855309,0.0092919524759054,0.0093053551390767,0
2020-06-17,0.0093101197853684,0.0093315783888101,0.009307780303061,0.0093127209693193,0
2020-06-18,0.0093550626188516,0.0093750581145286,0.0093350633978843,0.0093577755615115,0
2020-06-19,0.0093452706933021,0.0093657514080405,0.0093423016369342,0.0093464935198426,0
2020-06-22,0.0093605788424611,0.0093647865578532,0.0093459691852331,0.0093617178499698,0
2020-06-23,0.0093542747199535,0.0094266701489686,0.0093268789350986,0.0093557620421051,0
2020-06-24,0.00939567014575,0.0093999095261096,0.0093478914350271,0.0093973474577069,0
2020-06-25,0.0093419533222913,0.0093431752175092,0.0093070873990654,0.0093430001288652,0
2020-06-26,0.0093322759494185,0.0093634715303778,0.0093154106289148,0.0093324501067399,0
2020-06-29,0.0093267923220992,0.0093413414433598,0.0092695588245987,0.0093264440074563,0
2020-06-30,0.0092945443466305,0.009299729950726,0.0092659518122673,0.0092935943976044,0
2020-07-01,0.0092602027580142,0.0093137621879577,0.0092457337304949,0.0092605454847216,0
2020-07-02,0.0093139354139566,0.0093155838549137,0.009283585473895,0.0093146292492747,0
2020-07-03,0.0093025853857398,0.0093076070770621,0.0092966174706816,0.0093015469610691,0
2020-07-06,0.0092954942956566,0.0093080401420593,0.0092790201306343,0.0092954942956566,0
2020-07-07,0.0093145426362752,0.009325748309493,0.0092774704098701,0.0093150632455945,0
2020-07-08,0.0092955809086561,0.0093121137470006,0.0092846201732754,0.0092959264293313,0
2020-07-09,0.009321141988039,0.009336806833744,0.0093116806820034,0.0093227056786417,0
2020-07-10,0.0093252267688512,0.0093751465901732,0.0093229664489626,0.0093254875391721,0
2020-07-13,0.0093536619096994,0.0093643479049205,0.0093187093734741,0.0093534868210554,0
2020-07-14,0.0093217492103576,0.0093353241682052,0.0093099465593695,0.0093205329030752,0
2020-07-15,0.009324443526566,0.0093753216788172,0.0093192299827933,0.009324443526566,0
2020-07-16,0.0093530500307679,0.009359966032207,0.0093286195769906,0.0093559371307492,0
2020-07-17,0.0093215759843587,0.009340557269752,0.0093150632455945,0.0093207070603966,0
2020-07-20,0.0093379402533173,0.0093425633385777,0.0093023255467414,0.0093390736728906,0
2020-07-21,0.00932870618999,0.0093628577888011,0.009314109571278,0.0093308826908469,0
2020-07-22,0.009360491298139,0.0093704899773001,0.0093281837180256,0.0093620680272579,0
2020-07-23,0.0093305334448814,0.009360403753817,0.009326965548098,0.0093313176184892,0
2020-07-24,0.009359966032207,0.0094554601237177,0.009360141120851,0.009360141120851,0
2020-07-27,0.0094345854595303,0.009512847289443,0.0094297816976904,0.0094378795474767,0
2020-07-28,0.0095001943409442,0.0095276208594441,0.0094626182690262,0.0094974879175424,0
2020-07-29,0.0095141138881444,0.0095419846475124,0.009503174573183,0.0095138428732752,0
2020-07-30,0.0095209078863263,0.0095317978411912,0.009497758001089,0.0095223588868975,0
2020-07-31,0.0095526492223143,0.0095970211550593,0.0094521529972553,0.0095541095361113,0
2020-08-03,0.0094459038227796,0.0094715803861618,0.0093959355726838,0.0094477776437997,0
2020-08-04,0.009431293234229,0.0094583220779895,0.0094169052317738,0.0094297816976904,0
2020-08-05,0.0094684418290853,0.0094941509887576,0.0094460817053914,0.0094699664041399,0
2020-08-06,0.0094739133492112,0.0094964960590004,0.0094615435227751,0.0094741825014352,0
2020-08-07,0.0094714006409049,0.0094804698601365,0.0094302259385585,0.0094731962308287,0
2020-08-10,0.0094473315402865,0.0094598429277539,0.0094167282804846,0.0094471527263522,0
2020-08-11,0.0094346748664975,0.0094389487057924,0.0093834158033132,0.0094341402873396,0
2020-08-12,0.0093878200277686,0.0093933753669261,0.0093459691852331,0.0093933753669261,0
2020-08-13,0.0093613676726818,0.0093835042789578,0.0093465810641646,0.0093622440472245,0
2020-08-14,0.0093470169231295,0.0093944352120161,0.0093434369191527,0.0093488525599241,0
2020-08-17,0.0093849124386906,0.0094381468370556,0.0093775205314159,0.0093835918232798,0
2020-08-18,0.009434406645596,0.0094972178339958,0.0094352085143327,0.0094352085143327,0
2020-08-19,0.0095035349950194,0.0095134805887937,0.0094554601237177,0.0095037156715989,0
2020-08-20,0.009426936507225,0.0094542978331446,0.0094163734465837,0.0094259595498442,0
2020-08-21,0.0094638718292117,0.0094828968867659,0.0094278249889612,0.0094635132700204,0
2020-08-24,0.009444922208786,0.0094616329297423,0.009439393877983,0.0094426032155752,0
2020-08-25,0.0094345854595303,0.0094445655122399,0.009384031407535,0.0094346748664975,0
2020-08-26,0.009398054331541,0.0094283586367964,0.0093851769343018,0.0093965539708733,0
2020-08-27,0.0094467950984835,0.0094676343724131,0.0093850884586572,0.0094454567879438,0
2020-08-28,0.0093776080757379,0.0095054320991039,0.0093512125313282,0.0093756737187504,0
2020-08-31,0.0094755291938781,0.0094960452988743,0.0094267586246132,0.0094765173271298,0
2020-09-01,0.0094336066395044,0.009469786658883,0.0094218738377094,0.0094348527491092,0
2020-09-02,0.0094432272017002,0.0094460817053914,0.0094076031818985,0.0094460817053914,0
2020-09-03,0.0094154868274927,0.0094301365315914,0.0093864984810352,0.0094161070883274,0
2020-09-04,0.0094263143837451,0.0094258701428771,0.0093901120126247,0.0094258701428771,0
2020-09-07,0.0094063645228743,0.009421962313354,0.0094010587781667,0.0094080455601215,0
2020-09-08,0.0094068953767418,0.0094428705051541,0.0094004403799772,0.0094078686088323,0
2020-09-09,0.0094368113204836,0.0094506340101361,0.0094112334772944,0.0094375237822532,0
2020-09-10,0.0094134481623768,0.009435030631721,0.0094088427722454,0.0094128279015421,0
2020-09-11,0.0094212526455521,0.0094268471002578,0.009412296116352,0.0094210756942629,0
2020-09-14,0.0094210756942629,0.0094740027561783,0.0094194775447249,0.0094226729124784,0
2020-09-15,0.0094593958929181,0.0094966758042573,0.0094504561275243,0.0094568012282252,0
2020-09-16,0.0094893770292401,0.009541256353259,0.0094880256801843,0.0094893770292401,0
2020-09-17,0.009518189355731,0.009567180648446,0.0095089571550488,0.0095193665474653,0
2020-09-18,0.0095512811094522,0.0095902103930711,0.0095366155728697,0.0095521016046404,0
2020-09-21,0.0095659904181957,0.0096146445721387,0.0095454454421997,0.0095662660896778,0
2020-09-22,0.0095520103350281,0.0095775350928306,0.0095178270712494,0.0095493653789162,0
2020-09-23,0.0095207272097468,0.0095319794490933,0.0094900969415903,0.0095175551250576,0
2020-09-24,0.009496315382421,0.0095043489709496,0.0094768768176436,0.0094944220036268,0
2020-09-25,0.0094845164567232,0.009501458145678,0.0094609167426824,0.009484427049756,0
2020-09-28,0.0094720292836427,0.0094999242573976,0.0094644092023372,0.0094711324200034,0
2020-09-29,0.0094846962019801,0.0094923488795757,0.0094587691128253,0.0094841560348868,0
2020-09-30,0.0094639612361788,0.0094868559390306,0.0094521529972553,0.0094639612361788,0
2020-10-01,0.0094830775633454,0.0094860456883907,0.0094587691128253,0.0094832573086023,0
2020-10-02,0.0094748111441731,0.00952725764364,0.0094638718292117,0.0094729261472821,0
2020-10-05,0.0094777746126055,0.0094867656007409,0.0094559965655207,0.0094755291938781,0
2020-10-06,0.0094601111486554,0.0094777746126055,0.0094573376700282,0.0094585008919239,0
2020-10-07,0.0094661116600036,0.0094672767445445,0.0094246258959174,0.0094662904739379,0
2020-10-08,0.0094370786100626,0.0094408206641674,0.0094265807420015,0.009436366148293,0
2020-10-09,0.0094323605298995,0.0094689792022109,0.0094320932403206,0.0094320932403206,0
2020-10-12,0.0094668278470635,0.0095017291605472,0.0094651253893971,0.0094662904739379,0
2020-10-13,0.0094931600615382,0.009497758001089,0.0094673661515116,0.0094923488795757,0
2020-10-14,0.009481368586421,0.0095203639939427,0.0094776842743158,0.0094810100272297,0
2020-10-15,0.00951121840626,0.0095136612653732,0.0094887465238571,0.00951121840626,0
2020-10-16,0.0094912676140666,0.0095066064968705,0.0094843367114663,0.0094917183741927,0
2020-10-19,0.0094852363690733,0.0094962250441312,0.0094789424911141,0.0094842463731765,0
2020-10-20,0.009481368586421,0.009481368586421,0.009456711821258,0.009481368586421,0
2020-10-21,0.0094807399436831,0.0095831342041492,0.00948091968894,0.00948091968894,0
2020-10-22,0.0095532881096005,0.0095730423927307,0.0095347063615918,0.0095555707812309,0
2020-10-23,0.0095309810712933,0.0095648011192679,0.0095322523266077,0.0095322523266077,0
2020-10-26,0.0095526492223143,0.0095557523891329,0.009520273655653,0.0095504596829414,0
2020-10-27,0.0095390724018216,0.0095791863277554,0.0095392540097236,0.0095414388924837,0
2020-10-28,0.0095652593299746,0.0096047641709446,0.0095655331388115,0.0095656253397464,0
2020-10-29,0.0095863491296768,0.0096126114949584,0.0095509160310029,0.0095859812572598,0
2020-10-30,0.0095644351094961,0.0096025504171848,0.0095491828396916,0.0095640700310468,0
2020-11-02,0.0095620574429631,0.0095591330900788,0.0095289824530482,0.0095591330900788,0
2020-11-03,0.0095488186925649,0.0095751509070396,0.0095418933779001,0.0095489099621772,0
2020-11-04,0.0095651680603623,0.0096005219966173,0.0094929793849587,0.0095688290894031,0
2020-11-05,0.0095750587061047,0.009654932655394,0.0095739588141441,0.0095752421766519,0
2020-11-06,0.0096522308886051,0.0096914255991578,0.0096378112211823,0.0096528818830847,0
2020-11-09,0.0096849491819739,0.0096861682832241,0.0094664692878723,0.0096861682832241,0
2020-11-10,0.0095113990828394,0.009539982303977,0.0094806505367159,0.0095091378316283,0
2020-11-11,0.009500284679234,0.009522721171379,0.0094643188640475,0.0095000145956873,0
2020-11-12,0.0094863157719373,0.009514476172626,0.0094812791794538,0.0094855055212974,0
2020-11-13,0.0095156533643603,0.0095592243596911,0.0095106763765215,0.0095161059871315,0
2020-11-16,0.0095532881096005,0.0095817567780613,0.009515200741589,0.0095542008057236,0
2020-11-17,0.0095656253397464,0.0096085481345653,0.0095635205507278,0.0095698358491063,0
2020-11-18,0.0095986789092421,0.0096465498208999,0.0096012596040964,0.0096012596040964,0
2020-11-19,0.0096251955255866,0.0096414349973201,0.0095965601503849,0.0096242688596248,0
2020-11-20,0.009631591849029,0.009642643854022,0.0096241757273674,0.0096345609053969,0
2020-11-23,0.009632334113121,0.009644410572946,0.0095580359920859,0.0096316849812865,0
2020-11-24,0.0095670893788337,0.0096016284078359,0.0095469951629638,0.0095641613006591,0
2020-11-25,0.0095681874081492,0.009590670466423,0.0095616010949015,0.0095688290894031,0
2020-11-26,0.0095785437151789,0.0095945354551076,0.0095792785286903,0.0095804715529084,0
2020-11-27,0.0095930630341172,0.0096239913254976,0.0095907626673579,0.00959103833884,0
2020-11-30,0.0096078095957636,0.0096311280503869,0.0095800124108791,0.0096060559153556,0
2020-12-01,0.0095878196880221,0.0095982188358902,0.0095626981928944,0.0095876352861523,0
2020-12-02,0.0095869004726409,0.00959462672472,0.0095468126237392,0.0095887389034032,0
2020-12-03,0.0095732258632779,0.0096455262973904,0.0095663573592901,0.0095734084025025,0
2020-12-04,0.0096317771822214,0.0096396692097187,0.0095930630341172,0.0096316849812865,0
2020-12-07,0.0095971133559942,0.0096224164590239,0.0095868092030286,0.0095968367531895,0
2020-12-08,0.0096155693754553,0.0096190841868519,0.0095976656302809,0.0096146445721387,0
2020-12-09,0.0096029192209243,0.0096104871481657,0.0095876352861523,0.0096031036227941,0
2020-12-10,0.0095903016626834,0.0095939822494983,0.0095626069232821,0.0095889223739504,0
2020-12-11,0.0095985867083072,0.0096314996480941,0.0095998775213956,0.0095998775213956,0
2020-12-14,0.0096210278570652,0.0096605289727449,0.0096077164635062,0.0096188997849822,0
2020-12-15,0.009614460170269,0.0096449684351682,0.0096018128097057,0.0096142748370766,0
2020-12-16,0.0096493428573012,0.0096841044723987,0.0096422722563147,0.0096477605402469,0
2020-12-17,0.0096641704440116,0.0097187403589487,0.0096572637557983,0.0096651976928114,0
2020-12-18,0.0096964063122868,0.0096965935081243,0.0096534416079521,0.0096947131678462,0
2020-12-21,0.0096658514812588,0.0096845729276537,0.0096260281279683,0.0096643567085266,0
2020-12-22,0.0096767954528331,0.0096825109794735,0.0096411565318703,0.0096770757809281,0
2020-12-23,0.0096586635336279,0.0096746422350406,0.0096492497250437,0.0096593154594302,0
2020-12-24,0.0096569834277033,0.0096618356183171,0.0096379974856972,0.0096595026552677,0
2020-12-25,0.009647574275732,0.0096886083483695,0.0096473880112171,0.0096505535766482,0
2020-12-28,0.0096587566658854,0.0096711795777082,0.0096251955255866,0.0096594095230102,0
2020-12-29,0.0096442243084311,0.0096650104969739,0.0096347471699118,0.0096440380439162,0
2020-12-30,0.0096563315019011,0.0097122266888618,0.0096553051844239,0.0096569834277033,0
2020-12-31,0.0096973460167646,0.0097084548324346,0.0096825109794735,0.0096961231902241,0
2021-01-01,0.0096874823793768,0.0096874823793768,0.0096852304413914,0.0096874823793768,0
2021-01-04,0.0096862623468041,0.0097361505031585,0.0096857929602265,0.0096857929602265,0
2021-01-05,0.0096969697624444,0.0097397537901997,0.0096918009221553,0.0096953716129064,0
2021-01-06,0.0097391847521066,0.0097475387156009,0.009668281301856,0.0097370985895395,0
2021-01-07,0.0097064757719635,0.0097128869965672,0.0096199177205562,0.0097060995176434,0
2021-01-08,0.0096348393708467,0.009650926105678,0.0096081783995032,0.0096343755722045,0
2021-01-11,0.0096069779247045,0.0096119651570916,0.0095795532688498,0.0096086403355002,0
2021-01-12,0.0096035646274685,0.009607071056962,0.0095859812572598,0.009603195823729,0
2021-01-13,0.0096383681520819,0.009658102877438,0.0096164941787719,0.0096387397497892,0
2021-01-14,0.0096304789185523,0.0096485977992415,0.0095980344340205,0.0096297366544604,0
2021-01-15,0.0096313133835792,0.0096506467089056,0.0096260281279683,0.0096304789185523,0
2021-01-18,0.0096238981932401,0.0096488771960139,0.0096225095912814,0.0096235275268554,0
2021-01-19,0.0096429223194718,0.0096478536725044,0.0096078095957636,0.0096435733139514,0
2021-01-20,0.0096249170601367,0.0096652908250689,0.0096229724586009,0.0096248239278793,0
2021-01-21,0.0096567040309309,0.0096781067550182,0.0096470164135098,0.009656517766416,0
2021-01-22,0.0096612758934497,0.009662302210927,0.0096263065934181,0.0096607152372598,0
2021-01-25,0.0096360463649034,0.0096453409641981,0.009621768258512,0.0096351178362965,0
2021-01-26,0.0096376249566674,0.0096567040309309,0.0096314055845141,0.009637439623475,0
2021-01-27,0.0096522308886051,0.0096531612798571,0.0095998775213956,0.0096522308886051,0
2021-01-28,0.0096021816134452,0.0096028270199894,0.0095737753435969,0.0096028270199894,0
2021-01-29,0.009588555432856,0.0095887389034032,0.0095297088846564,0.0095866248011589,0
2021-02-01,0.0095523763447999,0.0095580359920859,0.0095247169956564,0.0095493653789162,0
2021-02-02,0.009534616023302,0.0095398910343647,0.0095091378316283,0.0095348879694938,0
2021-02-03,0.0095212701708078,0.0095307072624564,0.009515019133687,0.0095218140631914,0
2021-02-04,0.00952426251024,0.00952625926584,0.0094794817268848,0.00952426251024,0
2021-02-05,0.0094722090288996,0.0094938809052109,0.0094551024958491,0.0094725675880908,0
2021-02-08,0.0094876661896705,0.0095095001161098,0.0094637824222445,0.0094879353418946,0
2021-02-09,0.0095047997310757,0.0095682796090841,0.0095032649114727,0.0095032649114727,0
2021-02-10,0.0095625156536698,0.0095768924802541,0.0095386169850826,0.0095618749037384,0
2021-02-11,0.0095588592812418,0.0095646185800433,0.0095438063144683,0.00955849327147,0
2021-02-12,0.0095473602414131,0.0095492741093039,0.0095084151253104,0.0095460843294858,0
2021-02-15,0.0095184613019227,0.0095253512263298,0.009487216360867,0.0095182796940207,0
2021-02-16,0.0094888359308242,0.0095057943835854,0.0094457250088453,0.0094890166074037,0
2021-02-17,0.0094248047098517,0.0094500090926885,0.0094157522544264,0.0094224950298666,0
2021-02-18,0.0094463489949703,0.009469786658883,0.009441265836358,0.0094467950984835,0
2021-02-19,0.0094650359824299,0.0095011880621314,0.0094583220779895,0.0094636026769876,0
2021-02-22,0.0094774151220917,0.0095238098874688,0.0094485813751816,0.0094748111441731,0
2021-02-23,0.00952526088804,0.0095328884199261,0.0094866752624511,0.009522721171379,0
2021-02-24,0.0094982096925377,0.0094995629042387,0.0094256037846207,0.0094978483393788,0
2021-02-25,0.0094389487057924,0.0094468845054507,0.009408576413989,0.0094387708231806,0
2021-02-26,0.0094003519043326,0.0094467066228389,0.0093736527487635,0.0093993796035647,0
2021-03-01,0.0093894070014357,0.0094006163999438,0.0093656629323959,0.0093919644132256,0
2021-03-02,0.0093588270246982,0.0093731246888637,0.0093501638621091,0.0093592647463083,0
2021-03-03,0.0093669788911938,0.0093719838187098,0.0093336692079901,0.009367330931127,0
2021-03-04,0.0093407314270734,0.0093484157696366,0.0092906579375267,0.0093406438827514,0
2021-03-05,0.0092631187289953,0.0092742014676332,0.0092073399573564,0.0092626046389341,0
2021-03-08,0.0092234760522842,0.0092324167490005,0.0091793648898601,0.0092254327610135,0
2021-03-09,0.0091794487088918,0.0092114964500069,0.0091550778597593,0.0091805439442396,0
2021-03-10,0.0092100538313388,0.0092302868142724,0.0091810505837202,0.0092111565172672,0
2021-03-11,0.0092223696410655,0.0092282425612211,0.0091910073533654,0.0092220297083258,0
2021-03-12,0.0092119202017784,0.0092149768024683,0.0091618718579411,0.0092103080824017,0
2021-03-15,0.0091644749045372,0.0091801229864358,0.0091444458812475,0.0091647272929549,0
2021-03-16,0.0091630471870303,0.009192612953484,0.0091511402279138,0.0091643063351511,0
2021-03-17,0.0091718714684247,0.0091731334105134,0.0091511402279138,0.0091723762452602,0
2021-03-18,0.0091834953054785,0.0092002246528863,0.0091504706069827,0.0091818934306502,0
2021-03-19,0.0091801229864358,0.0092070857062935,0.0091658188030123,0.0091800391674041,0
2021-03-22,0.0091851819306612,0.0092063229531049,0.0091786906123161,0.0091845924034714,0
2021-03-23,0.0091932043433189,0.0092238159850239,0.0091853505000472,0.0091931195929646,0
2021-03-24,0.0092148911207914,0.0092204138636589,0.0091792801395058,0.0092146359384059,0
2021-03-25,0.0091920215636491,0.0091925282031297,0.0091584315523505,0.0091925282031297,0
2021-03-26,0.0091592706739902,0.0091626271605491,0.009104648604989,0.0091590192168951,0
2021-03-29,0.0091082146391272,0.0091421045362949,0.0091092102229595,0.0091092931106686,0
2021-03-30,0.0091044828295707,0.0091084633022546,0.0090564126148819,0.0091049801558256,0
2021-03-31,0.0090657724067568,0.0090679917484521,0.0090128248557448,0.0090667586773633,0
2021-04-01,0.0090293455868959,0.0090446164831519,0.0090216062963008,0.0090303234755992,0
2021-04-02,0.0090405289083719,0.0090594477951526,0.0090298345312476,0.0090399561449885,0
2021-04-05,0.009035300463438,0.0090944645926356,0.0090324450284242,0.0090358722954988,0
2021-04-06,0.0090749869123101,0.0091166840866208,0.0090458448976278,0.0090749040246009,0
2021-04-07,0.0091080488637089,0.0091247530654072,0.0090962843969464,0.0091088786721229,0
2021-04-08,0.009103157557547,0.0091742277145385,0.0090996781364083,0.009101003408432,0
2021-04-09,0.0091466205194592,0.0091556645929813,0.0090948771685361,0.0091470386832952,0
2021-04-12,0.0091162687167525,0.0091535691171884,0.0091107040643692,0.0091141918674111,0
2021-04-13,0.0091429408639669,0.0091706942766904,0.0091118663549423,0.0091424398124217,0
2021-04-14,0.0091807125136256,0.0091941338032484,0.0091675836592912,0.0091813029721379,0
2021-04-15,0.0091832429170608,0.0092059839516878,0.0091784382238984,0.0091839171946048,0
2021-04-16,0.0092005627229809,0.0092059839516878,0.0091775953769683,0.0092034423723816,0
2021-04-19,0.0091980239376425,0.0092586586251854,0.0091949794441461,0.0092001399025321,0
2021-04-20,0.0092508653178811,0.0092609738931059,0.0092147216200828,0.009250265546143,0
2021-04-21,0.0092478701844811,0.0092685278505086,0.0092361690476536,0.009247955866158,0
2021-04-22,0.0092559168115258,0.0092743728309869,0.0092433402314782,0.0092569449916481,0
2021-04-23,0.0092611461877822,0.0093049220740795,0.0092487260699272,0.0092647494748234,0
2021-04-26,0.0092700738459825,0.0092891911044716,0.0092432554811239,0.0092694731429219,0
2021-04-27,0.0092419730499386,0.0092506082728505,0.0092106470838189,0.0092431688681244,0
2021-04-28,0.009195402264595,0.0091985324397683,0.0091684237122535,0.0091964174062013,0
2021-04-29,0.0092161651700735,0.0092218592762947,0.0091559160500764,0.0092161651700735,0
2021-04-30,0.0091823991388082,0.0091985324397683,0.0091463690623641,0.0091814715415239,0
2021-05-03,0.0091505544260144,0.0091822305694222,0.0091163516044616,0.0091492142528295,0
2021-05-04,0.0091669950634241,0.009170358069241,0.0091340048238635,0.0091670788824558,0
2021-05-05,0.0091467034071683,0.0091615365818142,0.0091355070471763,0.0091469548642635,0
2021-05-06,0.0091559160500764,0.0091704418882727,0.0091391811147332,0.0091584315523505,0
2021-05-07,0.0091701047495007,0.0092296050861477,0.0091509725898504,0.0091731334105134,0
2021-05-10,0.0092104775831103,0.0092091206461191,0.0091705257073044,0.0092081036418676,0
2021-05-11,0.0091874608770012,0.0092268800362944,0.0091771744191646,0.0091882208362221,0
2021-05-12,0.0091983629390597,0.009202679619193,0.0091294180601835,0.0091980239376425,0
2021-05-13,0.0091187627986073,0.0091344220563769,0.0091093759983778,0.0091138593852519,0
2021-05-14,0.0091310860589146,0.0091549940407276,0.0091204261407256,0.009130835533142,0
2021-05-17,0.0091397650539875,0.0091684237122535,0.0091327531263232,0.0091397650539875,0
2021-05-18,0.009153988212347,0.0091874608770012,0.0091511402279138,0.0091511402279138,0
2021-05-19,0.009185436181724,0.0092094596475362,0.0091472063213586,0.0091863637790083,0
2021-05-20,0.009151391685009,0.0091951489448547,0.0091505544260144,0.009152396582067,0
2021-05-21,0.009186110459268,0.0092073399573564,0.0091765010729432,0.0091885579749941,0
2021-05-24,0.0091811344027519,0.0091998018324375,0.0091757429763674,0.0091814715415239,0
2021-05-25,0.0091868704184889,0.0092098833993077,0.0091696009039878,0.009189149364829,0
2021-05-26,0.0091910073533654,0.0091976011171936,0.0091627957299351,0.0091919368132948,0
2021-05-27,0.0091600259765982,0.0091708619147539,0.0091039855033159,0.0091584315523505,0
2021-05-28,0.0091067217290401,0.0091079659759998,0.0090747391805052,0.0091039855033159,0
2021-05-31,0.009098601527512,0.0091436095535755,0.0090968636795878,0.0090976087376475,0
2021-06-01,0.0091330045834183,0.0091463690623641,0.0091163516044616,0.009134255349636,0
2021-06-02,0.0091330045834183,0.0091338381171226,0.0091005889698863,0.0091338381171226,0
2021-06-03,0.0091245034709572,0.0091255027800798,0.0090653616935014,0.0091246701776981,0
2021-06-04,0.0090689789503812,0.0091431913897395,0.0090642934665083,0.0090673333033919,0
2021-06-07,0.0091226724907755,0.0091587677597999,0.0091214245185256,0.0091214245185256,0
2021-06-08,0.0091513078659772,0.0091570895165205,0.0091280015185475,0.0091501353308558,0
2021-06-09,0.0091350059956312,0.0091546587646007,0.0091210082173347,0.0091334208846092,0
2021-06-10,0.0091232554987072,0.009138261899352,0.0091088786721229,0.0091197602450847,0
2021-06-11,0.0091400165110826,0.0091471225023269,0.0091044828295707,0.0091413529589772,0
2021-06-14,0.0091150226071476,0.0091231716796755,0.0090911565348505,0.0091121150180697,0
2021-06-15,0.0090875215828418,0.009091735817492,0.0090775405988097,0.0090888431295752,0
2021-06-16,0.00908397231251,0.0091064730659127,0.0090796835720539,0.0090847155079245,0
2021-06-17,0.0090277157723903,0.0090735042467713,0.0090238861739635,0.009026899933815,0
2021-06-18,0.0090641286224126,0.0090952916070818,0.0090518221259117,0.0090655256062746,0
2021-06-21,0.0090743284672498,0.009112779982388,0.0090638818219304,0.0090750688686966,0
2021-06-22,0.0090601043775677,0.0090726809576153,0.0090262480080127,0.0090592019259929,0
2021-06-23,0.009037178941071,0.0090346485376358,0.0090016294270753,0.0090346485376358,0
2021-06-24,0.0090080350637435,0.0090326080098748,0.0090013053268194,0.0090101454406976,0
2021-06-25,0.0090154260396957,0.0090512484312057,0.0090110385790467,0.0090157501399517,0
2021-06-28,0.0090234791859984,0.0090492004528641,0.0090113636106252,0.0090249450877308,0
2021-06-29,0.0090413466095924,0.0090545266866683,0.009029671549797,0.0090412646532058,0
2021-06-30,0.0090469075366854,0.0090555921196937,0.0090037360787391,0.0090478081256151,0
2021-07-01,0.0089989565312862,0.0090068988502025,0.0089588072150945,0.0089985514059662,0
2021-07-02,0.0089628221467137,0.0089964466169476,0.0089560793712735,0.008961858227849,0
2021-07-05,0.0089980652555823,0.0090254340320825,0.0089940996840596,0.0089976610615849,0
2021-07-06,0.0090158320963382,0.0090476451441645,0.0090161571279168,0.0090165631845593,0
2021-07-07,0.0090414276346564,0.0090578068047761,0.0090247010812163,0.009044044651091,0
2021-07-08,0.0090387305244803,0.0091295018792152,0.0090397931635379,0.0090397931635379,0
2021-07-09,0.0091073848307132,0.0091102067381143,0.009070623666048,0.0091084633022546,0
2021-07-12,0.0090731754899024,0.0090923970565199,0.0090588731691241,0.0090737510472536,0
2021-07-13,0.0090641286224126,0.0090742455795407,0.0090456800535321,0.0090638818219304,0
2021-07-14,0.0090420003980398,0.0090921493247151,0.0090339137241244,0.0090419184416532,0
2021-07-15,0.0090922312811017,0.0091144405305385,0.0090841371566057,0.0090914042666554,0
2021-07-16,0.0091092931106686,0.0091130286455154,0.0090632252395153,0.0091110356152057,0
2021-07-19,0.0091013340279459,0.0091670788824558,0.0090888431295752,0.0090988501906394,0
2021-07-20,0.0091295856982469,0.0091462861746549,0.0090947123244404,0.0091301687061786,0
2021-07-21,0.0090975258499383,0.0091068875044584,0.009059365838766,0.0090970285236835,0
2021-07-22,0.0090698832646012,0.0090889260172843,0.0090622399002313,0.0090712001547217,0
2021-07-23,0.0090793538838624,0.0090814149007201,0.0090429810807108,0.0090802609920501,0
2021-07-26,0.0090461717918515,0.0090805077925324,0.009043226018548,0.009046253748238,0
2021-07-27,0.0090660182759165,0.0091220065951347,0.0090646212920546,0.0090656075626611,0
2021-07-28,0.0091069703921675,0.0091118663549423,0.0090730926021933,0.0091087957844138,0
2021-07-29,0.0090999267995357,0.0091348392888903,0.0091000916436314,0.0091009205207228,0
2021-07-30,0.0091400165110826,0.0091435257345438,0.0091080488637089,0.009141519665718,0
2021-08-02,0.0091152712702751,0.0091578448191285,0.0091121150180697,0.0091162687167525,0
2021-08-03,0.0091517269611358,0.0091845924034714,0.0091465367004275,0.0091514745727181,0
2021-08-04,0.009175069630146,0.0091971782967448,0.0091202594339847,0.0091754905879497,0
2021-08-05,0.0091300019994378,0.0091400993987917,0.0091092931106686,0.0091295018792152,0
2021-08-06,0.009111450985074,0.0091156037524342,0.009062485769391,0.0091115338727831,0
2021-08-09,0.0090695545077323,0.0090885953977704,0.0090652797371149,0.0090693896636366,0
2021-08-10,0.0090656904503703,0.00906593631953,0.0090427361428737,0.0090647041797637,0
2021-08-11,0.0090417545288801,0.0090590380132198,0.0090250261127948,0.0090416735038161,0
2021-08-12,0.0090601043775677,0.0090648680925369,0.0090476451441645,0.009060843847692,0
2021-08-13,0.0090577248483896,0.0091128628700971,0.0090534603223204,0.0090569863095879,0
2021-08-16,0.0091220904141664,0.0091648111119866,0.0091245872899889,0.0091245872899889,0
2021-08-17,0.0091493818908929,0.0091627109795808,0.0091200927272439,0.0091489627957344,0
2021-08-18,0.0091293351724743,0.0091338381171226,0.0090955393388867,0.0091290017589926,0
2021-08-19,0.0091039855033159,0.0091330045834183,0.0090735871344804,0.009103157557547,0
2021-08-20,0.0091101229190826,0.0091259190812706,0.009100423194468,0.009108961559832,0
2021-08-23,0.0091041522100567,0.0091132773086428,0.0090793538838624,0.0091021629050374,0
2021-08-24,0.009117598645389,0.0091389305889606,0.0091010862961411,0.009118097834289,0
2021-08-25,0.0091132773086428,0.0091170175001025,0.0090826526284217,0.0091122817248106,0
2021-08-26,0.0090928934514522,0.0090970285236835,0.0090725990012288,0.0090911565348505,0
2021-08-27,0.0090869441628456,0.0091044828295707,0.0090697184205055,0.0090877693146467,0
2021-08-30,0.0091020800173282,0.0091152712702751,0.0090945465490221,0.009104068391025,0
2021-08-31,0.0090955393388867,0.009123838506639,0.0090853748843073,0.0090959528461098,0
2021-09-01,0.0090862829238176,0.0091005889698863,0.009057150222361,0.0090857883915305,0
2021-09-02,0.0090829823166131,0.0090968636795878,0.009082157164812,0.009082157164812,0
2021-09-03,0.0090954564511775,0.0091237546876072,0.0090854577720165,0.0090954564511775,0
2021-09-06,0.0091104554012417,0.009111700579524,0.0090966150164604,0.0091092931106686,0
2021-09-07,0.0091058099642395,0.0091168507933616,0.0090702129527926,0.0091058928519487,0
2021-09-08,0.0090665118768811,0.0090793538838624,0.0090546896681189,0.0090670874342322,0
2021-09-09,0.0090729277580976,0.0091113680973649,0.0090688141062855,0.0090727638453245,0
2021-09-10,0.0091090444475412,0.0091156875714659,0.0090922312811017,0.0091096246615052,0
2021-09-13,0.0090979393571615,0.0090992636978626,0.0090780351310968,0.0090984366834163,0
2021-09-14,0.0090914042666554,0.0091225057840347,0.009079024195671,0.0090916529297828,0
2021-09-15,0.0091141918674111,0.0091647272929549,0.0091143576428294,0.0091147730126976,0
2021-09-16,0.0091421883553266,0.0091562513262033,0.009105478413403,0.009141519665718,0
2021-09-17,0.0091158533468842,0.0091184303164482,0.0090849623084068,0.0091169336810708,0
2021-09-20,0.0090933060273528,0.009138261899352,0.0090881828218698,0.0090925619006156,0
2021-09-21,0.0091376779600977,0.0091583477333188,0.0091161858290433,0.0091379284858703,0
2021-09-22,0.0091617880389094,0.0091633833944797,0.0091207586228847,0.0091613680124282,0
2021-09-23,0.0091056441888213,0.0091081317514181,0.0090748220682144,0.0091067217290401,0
2021-09-24,0.0090640466660261,0.0090652797371149,0.0090302424505352,0.0090642934665083,0
2021-09-27,0.0090282037854194,0.0090469904243946,0.0090045472607016,0.0090293455868959,0
2021-09-28,0.0090119317173957,0.009014124982059,0.008958245627582,0.0090120946988463,0
2021-09-29,0.0089663583785295,0.0089912693947553,0.0089351925998926,0.0089675644412636,0
2021-09-30,0.0089336764067411,0.008975532837212,0.0089231533929705,0.0089347939938306,0
2021-10-01,0.0089717479422688,0.0090161571279168,0.0089702187106013,0.008971506729722,0
2021-10-04,0.0090133128687739,0.0090218503028154,0.008984887972474,0.0090120136737823,0
2021-10-05,0.0090116066858172,0.0090190842747688,0.0089643485844135,0.0090115256607532,0
2021-10-06,0.0089696552604436,0.0089924009516835,0.0089467046782374,0.0089670019224286,0
2021-10-07,0.0089756129309535,0.008989330381155,0.0089649111032485,0.0089760972186923,0
2021-10-08,0.0089555978775024,0.0089668408036232,0.0089144827798008,0.0089547159150242,0
2021-10-11,0.0089070992544293,0.0089140068739652,0.008819586597383,0.008906939998269,0
2021-10-12,0.0088192755356431,0.0088482266291975,0.0087891221046447,0.0088174864649772,0
2021-10-13,0.0088090980425477,0.0088301775977015,0.0087882727384567,0.0088077783584594,0
2021-10-14,0.0088260471820831,0.0088278390467166,0.0087945330888032,0.0088264374062418,0
2021-10-15,0.0087847216054797,0.008786111138761,0.0087376693263649,0.0087845670059323,0
2021-10-18,0.0087470700964331,0.0087703913450241,0.0087385093793272,0.008748217485845,0
2021-10-19,0.0087500540539622,0.0087809413671493,0.0087453871965408,0.0087495949119329,0
2021-10-20,0.0087303454056382,0.0087610939517617,0.0087195364758372,0.0087315654382109,0
2021-10-21,0.0087420996278524,0.0087972413748502,0.0087420232594013,0.0087425578385591,0
2021-10-22,0.0087834876030683,0.008809408172965,0.0087577179074287,0.0087836412712931,0
2021-10-25,0.0087978607043623,0.0088113490492105,0.008779939264059,0.0087998732924461,0
2021-10-26,0.008790049701929,0.0087931416928768,0.0087490594014525,0.0087907453998923,0
2021-10-27,0.0087574869394302,0.0088170208036899,0.0087554175406694,0.0087582543492317,0
2021-10-28,0.0087891994044184,0.0088296327739954,0.0087830238044261,0.0087895859032869,0
2021-10-29,0.0088015776127576,0.0088187316432595,0.0087653174996376,0.0087994085624814,0
2021-11-01,0.0087538082152605,0.0087696220725774,0.0087386621162295,0.0087551875039935,0
2021-11-02,0.0087647028267383,0.0088132126256823,0.0087616303935647,0.0087654711678624,0
2021-11-03,0.0087748551741242,0.0087933735921978,0.008761016651988,0.0087744696065783,0
2021-11-04,0.008766546845436,0.0088084768503904,0.0087509732693433,0.0087668541818857,0
2021-11-05,0.0087844906374812,0.0088161649182438,0.0087719298899173,0.0087854163721203,0
2021-11-08,0.0088125141337513,0.0088431406766176,0.0087980153039097,0.0088134463876485,0
2021-11-09,0.008829710073769,0.0088706742972135,0.0088297883048653,0.0088305678218603,0
2021-11-10,0.0088564539328217,0.0088672917336225,0.0087768575176596,0.0088563757017254,0
2021-11-11,0.0087792463600635,0.0087862648069858,0.0087621686980128,0.0087773967534303,0
2021-11-12,0.0087686227634549,0.0087895859032869,0.0087490594014525,0.0087682381272315,0
2021-11-15,0.0087733920663595,0.0087904362007975,0.0087687764316797,0.0087726227939128,0
2021-11-16,0.0087617840617895,0.0087634734809398,0.0087236436083912,0.0087618613615632,0
2021-11-17,0.0087029170244932,0.0087466109544038,0.0087000401690602,0.0087020080536603,0
2021-11-18,0.008757334202528,0.0087808640673756,0.0087355319410562,0.0087558012455701,0
2021-11-19,0.0087502850219607,0.0088025070726871,0.0087320227175951,0.0087473755702376,0
2021-11-22,0.0087613239884376,0.0087704686447978,0.0087102707475423,0.0087612476199865,0
2021-11-23,0.0087115606293082,0.0087298117578029,0.0086846258491277,0.0087106497958302,0
2021-11-24,0.008685003966093,0.008708600886166,0.0086598079651594,0.0086837969720363,0
2021-11-25,0.0086649106815457,0.0086778439581394,0.0086628086864948,0.0086644599214196,0
2021-11-26,0.0086904382333159,0.008845173753798,0.0086879469454288,0.0086879469454288,0
2021-11-29,0.0087936054915189,0.0088468166068196,0.0087770111858844,0.0087946876883506,0
2021-11-30,0.0087870368734002,0.0088854925706982,0.0087807876989245,0.0087868059054017,0
2021-12-01,0.008826202712953,0.0088672917336225,0.0088018095120787,0.0088290087878704,0
2021-12-02,0.0088588083162903,0.0088720126077532,0.0088254241272807,0.0088602993637323,0
2021-12-03,0.0088478345423936,0.0088605349883437,0.0088023515418171,0.0088475216180086,0
2021-12-06,0.0088462699204683,0.0088608488440513,0.0088119702413678,0.0088486960157752,0
2021-12-07,0.0088138338178396,0.0088175646960735,0.0087894313037395,0.0088116591796278,0
2021-12-08,0.0088086323812603,0.0088242562487721,0.0087773194536566,0.0088093308731913,0
2021-12-09,0.0087963128462433,0.0088273724541068,0.0087868832051754,0.0087939919903874,0
2021-12-10,0.0088146114721894,0.0088310362771153,0.0087884273380041,0.0088153881952166,0
2021-12-13,0.0088104950264096,0.008819431066513,0.0087934508919715,0.0088097965344786,0
2021-12-14,0.0088045988231897,0.0088153099641203,0.0087912864983081,0.0088048325851559,0
2021-12-15,0.0087917502969503,0.0088004153221845,0.0087798619642853,0.0087920594960451,0
2021-12-16,0.0087614776566624,0.008805607445538,0.0087531181052327,0.0087599428370594,0
2021-12-17,0.008797938004136,0.008837747387588,0.0087838731706142,0.0087966220453381,0
2021-12-20,0.0088091762736439,0.0088237114250659,0.0087962355464696,0.0088066151365637,0
2021-12-21,0.0087980153039097,0.0088053746148943,0.0087594054639339,0.0087982472032308,0
2021-12-22,0.0087723908945918,0.0087718525901436,0.0087441634386777,0.0087707759812474,0
2021-12-23,0.0087626287713646,0.0087637044489383,0.0087381266057491,0.0087623987346887,0
2021-12-24,0.0087368292734026,0.0087489830330014,0.0087332436814904,0.0087369056418538,0
2021-12-27,0.0087463809177279,0.0087474519386887,0.0087031442672014,0.0087459990754723,0
2021-12-28,0.0087114088237285,0.0087177120149135,0.0087006455287337,0.0087117115035653,0
2021-12-29,0.008712850511074,0.0087204491719603,0.0086932331323623,0.008713305927813,0
2021-12-30,0.0086995856836438,0.0086996620520949,0.0086805559694767,0.0086989048868417,0
2021-12-31,0.0086908908560872,0.0086952745914459,0.0086811585351824,0.0086911935359239,0
2022-01-03,0.0086849285289645,0.0086976187303662,0.008668515831232,0.0086853802204132,0
2022-01-04,0.0086709214374423,0.0086731016635894,0.0085954964160919,0.0086718229576945,0
2022-01-05,0.0086077777668833,0.0086484989151358,0.0086032608523964,0.0086084445938467,0
2022-01-06,0.008611187338829,0.008646479807794,0.0086074071004986,0.0086111137643456,0
2022-01-07,0.008630733937025,0.0086511923000216,0.0086184609681367,0.0086303614079952,0
2022-01-10,0.0086491722613573,0.0086922505870461,0.0086324475705623,0.0086488733068108,0
2022-01-11,0.0086746821179986,0.0086853057146072,0.0086448350921273,0.0086743058636784,0
2022-01-12,0.0086706951260566,0.0087172556668519,0.008661082945764,0.0086706951260566,0
2022-01-13,0.0087202964350581,0.0087714688852429,0.0087190037593245,0.0087206764146685,0
2022-01-14,0.0087628597393631,0.0088101848959922,0.0087587917223572,0.0087641654536128,0
2022-01-17,0.008748447522521,0.0087501313537359,0.0087232626974582,0.008748447522521,0
2022-01-18,0.0087282126769423,0.0087374402210116,0.0086933085694909,0.0087282126769423,0
2022-01-19,0.008729507215321,0.0087549574673175,0.0087132304906845,0.0087293554097414,0
2022-01-20,0.0087453098967671,0.008773623034358,0.008731260895729,0.0087453098967671,0
2022-01-21,0.008772469125688,0.008801344782114,0.0087705450132489,0.0087760873138904,0
2022-01-24,0.0087885046377778,0.0088114263489842,0.008772699162364,0.0087884273380041,0
2022-01-25,0.008771083317697,0.0087970085442066,0.0087608639150857,0.0087707759812474,0
2022-01-26,0.0087815588340163,0.0087882727384567,0.0087430169805884,0.0087803248316049,0
2022-01-27,0.008716800250113,0.0087346928194165,0.0086594326421618,0.0087171038612723,0
2022-01-28,0.0086691174656152,0.0086853057146072,0.0086452839896082,0.0086679151281714,0
2022-01-31,0.0086758863180875,0.0086823645979166,0.008652240037918,0.0086776176467537,0
2022-02-01,0.0086865127086639,0.0087284408509731,0.0086811585351824,0.0086847776547074,0
2022-02-02,0.0087156603112816,0.008757104165852,0.0087111052125692,0.0087164957076311,0
2022-02-03,0.0087426342070102,0.0087469173595309,0.0086979968473315,0.008743705227971,0
2022-02-04,0.0086989048868417,0.0087122432887554,0.0086635593324899,0.0086979968473315,0
2022-02-07,0.0086787473410367,0.0087017817422747,0.0086675388738513,0.0086770905181765,0
2022-02-08,0.0086908908560872,0.0086906645447015,0.0086491722613573,0.0086906645447015,0
2022-02-09,0.0086556859314441,0.0086715975776314,0.0086517911404371,0.0086548617109656,0
2022-02-10,0.0086503699421882,0.0086591327562928,0.0085966782644391,0.0086505189538002,0
2022-02-11,0.0086171980947256,0.0086373686790466,0.0086083710193634,0.0086170490831136,0
2022-02-14,0.0086517166346311,0.00869414024055,0.008641249500215,0.0086535885930061,0
2022-02-15,0.0086553106084465,0.0086763380095362,0.0086304359138011,0.0086548617109656,0
2022-02-16,0.0086479010060429,0.0086661875247955,0.0086375176906585,0.0086475266143679,0
2022-02-17,0.0086664874106645,0.0087061757221817,0.0086559103801846,0.0086659621447324,0
2022-02-18,0.0087057966738939,0.0087117878720164,0.0086757354438304,0.008706553839147,0
2022-02-21,0.008698602207005,0.0087108770385384,0.008687644265592,0.0086989803239703,0
2022-02-22,0.0087253181263804,0.008731641806662,0.008678144775331,0.008727298118174,0
2022-02-23,0.0086883995682001,0.0086981477215886,0.0086816865950822,0.0086879469454288,0
2022-02-24,0.0087033715099096,0.0087401894852519,0.0086485743522644,0.0087020080536603,0
2022-02-25,0.0086526898667216,0.008684174157679,0.0086481999605894,0.0086544873192906,0
2022-02-28,0.0086516421288251,0.0086886258795857,0.008647003211081,0.0086514176800847,0
2022-03-01,0.0086897583678364,0.0087169520556926,0.0086756609380245,0.0086894566193223,0
2022-03-02,0.0087082982063293,0.0087111806496977,0.0086445370689034,0.0087096635252237,0
2022-03-03,0.0086565846577286,0.0086583830416202,0.0086355786770582,0.0086582330986857,0
2022-03-04,0.0086599579080939,0.0087221218273043,0.0086555359885096,0.0086595080792903,0
2022-03-07,0.0086994348093867,0.0087076155468821,0.0086601832881569,0.008700419217348,0
2022-03-08,0.0086675388738513,0.0086706206202507,0.0086373686790466,0.0086678396910429,0
2022-03-09,0.0086413994431495,0.0086520910263061,0.0086250761523842,0.0086399065330624,0
2022-03-10,0.0086274575442075,0.0086340876296162,0.0086065921932458,0.0086273085325956,0
2022-03-11,0.0086074071004986,0.0086095565930008,0.0085350451990962,0.0086088897660374,0
2022-03-14,0.0085085388273,0.0085130287334322,0.0084703415632247,0.0085103483870625,0
2022-03-15,0.0084589486941695,0.0084929298609495,0.008443521335721,0.0084589486941695,0
2022-03-16,0.0084536569193005,0.0084622418507933,0.0084387473762035,0.008452228270471,0
2022-03-17,0.0084125511348247,0.008444377221167,0.0084035024046897,0.0084110656753182,0
2022-03-18,0.0084398156031966,0.0084398873150348,0.0083759808912873,0.0084398873150348,0
2022-03-21,0.0083848303183913,0.0083963060751557,0.0083827218040823,0.0083849709481,0
2022-03-22,0.008361623622477,0.008361623622477,0.0082661025226116,0.008361623622477,0
2022-03-23,0.0082413060590624,0.0082899490371346,0.0082440907135605,0.0082464022561907,0
2022-03-24,0.0082557974383234,0.0082658287137746,0.0081898067146539,0.0082550477236509,0
2022-03-25,0.0081735402345657,0.0082496674731373,0.0081732738763093,0.0081732738763093,0
2022-03-28,0.0081786215305328,0.0081860525533556,0.0079964818432927,0.0081786215305328,0
2022-03-29,0.0080866888165473,0.0081928260624408,0.0080509465187788,0.0080866888165473,0
2022-03-30,0.0081218276172876,0.008242935873568,0.0081285610795021,0.0081218276172876,0
2022-03-31,0.0081953108310699,0.0082446346059441,0.0081688668578863,0.0081953108310699,0
2022-04-01,0.0082131475210189,0.0082140248268842,0.0081302793696522,0.0082131475210189,0
2022-04-04,0.0081559419631958,0.0081774173304438,0.0081348428502678,0.0081559419631958,0
2022-04-05,0.0081427255645394,0.0081685995683074,0.008097231388092,0.0081427255645394,0
2022-04-06,0.0080869514495134,0.0080914003774523,0.0080616557970643,0.0080869514495134,0
2022-04-07,0.008082571439445,0.0080966409295797,0.0080648409202694,0.008082571439445,0
2022-04-08,0.0080582769587636,0.0080851856619119,0.0080224629491567,0.0080582769587636,0
2022-04-11,0.0080395545810461,0.0080449227243661,0.007951590232551,0.0080395545810461,0
2022-04-12,0.0079699056223034,0.0080081364139914,0.0079527292400598,0.0079699056223034,0
2022-04-13,0.007973464205861,0.0079763261601328,0.0079178446903824,0.007973464205861,0
2022-04-14,0.0079759443178772,0.007991624996066,0.0079372636973857,0.0079759443178772,0
2022-04-15,0.0079252487048506,0.0079321637749671,0.0078944666311144,0.0079252487048506,0
2022-04-18,0.0078977718949317,0.0079199764877557,0.0078870570287108,0.0078977718949317,0
2022-04-19,0.0078679444268345,0.0078715980052948,0.0077603003010153,0.0078679444268345,0
2022-04-20,0.0077319792471826,0.0078424606472253,0.0077295289374887,0.0077319792471826,0
2022-04-21,0.0078117065131664,0.0078230733051896,0.0077702491544187,0.0078117065131664,0
2022-04-22,0.0077876765280961,0.0078242979943752,0.0077483938075602,0.0077876765280961,0
2022-04-25,0.0077757476828992,0.0078415991738438,0.0077626486308872,0.0077757476828992,0
2022-04-26,0.0078281564638018,0.0078712888062,0.0078010419383645,0.0078281564638018,0
2022-04-27,0.0078575583174824,0.007857990451157,0.0077773802913725,0.0078575583174824,0
2022-04-28,0.0077885258942842,0.0077901035547256,0.0076207318343222,0.0077885258942842,0
2022-04-29,0.007644616998732,0.007724393159151,0.0076446756720542,0.007644616998732,0
2022-05-02,0.007691656704992,0.0077150971628725,0.0076645389199256,0.007691656704992,0
2022-05-03,0.0076856859959661,0.007708971388638,0.0076757753267884,0.0076856859959661,0
2022-05-04,0.0076854499056935,0.007703982759267,0.0076806098222732,0.0076854499056935,0
2022-05-05,0.0077385599724948,0.0077654826454818,0.0076668299734592,0.0077385599724948,0
2022-05-06,0.0076728304848074,0.0076792533509433,0.0076449681073427,0.0076728304848074,0
2022-05-09,0.007648242637515,0.0076834424398839,0.0076146963983774,0.007648242637515,0
2022-05-10,0.0076700644567608,0.0077032698318362,0.0076611912809312,0.0076700644567608,0
2022-05-11,0.0076715946197509,0.0077153351157903,0.0076462533324956,0.0076715946197509,0
2022-05-12,0.0077020828612148,0.0078379120677709,0.0076983482576906,0.0077020828612148,0
2022-05-13,0.0077767753973603,0.0077902250923216,0.0077257663942873,0.0077767753973603,0
2022-05-16,0.0077260644175112,0.0077696461230516,0.0077158110216259,0.0077260644175112,0
2022-05-17,0.0077565675601363,0.0077615650370717,0.0077071292325854,0.0077565675601363,0
2022-05-18,0.0077247521840035,0.0078051830641925,0.0077260048128664,0.0077247521840035,0
2022-05-19,0.0078177526593208,0.0078722182661294,0.0077556651085615,0.0078177526593208,0
2022-05-20,0.0078227669000625,0.0078408615663647,0.0077952044084668,0.0078227669000625,0
2022-05-23,0.0078184250742197,0.0078636752441525,0.0078165913000702,0.0078184250742197,0
2022-05-24,0.0078219110146164,0.0079118935391306,0.0078094494529068,0.0078219110146164,0
2022-05-25,0.007888363674283,0.0078942170366644,0.0078483698889613,0.007888363674283,0
2022-05-26,0.0078646028414368,0.0079008284956216,0.0078394478186964,0.0078646028414368,0
2022-05-27,0.0078712264075875,0.007894093170762,0.0078609557822346,0.0078712264075875,0
2022-05-30,0.0078563848510384,0.0078820837661623,0.0078243585303425,0.0078563848510384,0
2022-05-31,0.007825706154108,0.0078337369486689,0.0077592758461833,0.007825706154108,0
2022-06-01,0.0077678356319665,0.0077639748342335,0.0076854499056935,0.0077678356319665,0
2022-06-02,0.0076850960031151,0.0077203987166285,0.0076816123910248,0.0076850960031151,0
2022-06-03,0.0076971626840531,0.0077103972434997,0.0076352786272764,0.0076971626840531,0
2022-06-06,0.0076506994664669,0.0076644206419587,0.0075943986885249,0.0076506994664669,0
2022-06-07,0.0075656701810657,0.0075701945461332,0.007519475184381,0.0075656701810657,0
2022-06-08,0.0075274566188454,0.0075339213944971,0.0074384836480021,0.0075274566188454,0
2022-06-09,0.0074388161301612,0.0075080152601003,0.0074319601990282,0.0074388161301612,0
2022-06-10,0.0074394796974956,0.0074969828128814,0.0074415286071598,0.0074394796974956,0
2022-06-13,0.0074176276102662,0.0074845259077847,0.0073987478390336,0.0074176276102662,0
2022-06-14,0.0074501764029264,0.007468260359019,0.0074091637507081,0.0074501764029264,0
2022-06-15,0.0073913102969527,0.0074461828917264,0.0073918025009334,0.0073913102969527,0
2022-06-16,0.0074562872759997,0.0076018460094928,0.0074254488572478,0.0074562872759997,0
2022-06-17,0.007551671937108,0.0075650406070053,0.0073848697356879,0.007551671937108,0
2022-06-20,0.0073922942392528,0.0074322368018329,0.0073848697356879,0.0073922942392528,0
2022-06-21,0.0074026365764439,0.0074104261584579,0.0073351967148482,0.0074026365764439,0
2022-06-22,0.007338426541537,0.0073664276860654,0.0073209120891988,0.007338426541537,0
2022-06-23,0.0073516438715159,0.0074463486671447,0.0073431683704257,0.0073516438715159,0
2022-06-24,0.0074161970987915,0.0074421376921236,0.0073925126343965,0.0074161970987915,0
2022-06-27,0.0074040070176124,0.0074330097995698,0.0073779500089585,0.0074040070176124,0
2022-06-28,0.0073836157098412,0.0074006100185215,0.0073365960270166,0.0073836157098412,0
2022-06-29,0.0073504010215401,0.0073631736449897,0.0072994302026927,0.0073504010215401,0
2022-06-30,0.007321233395487,0.0073699029162526,0.0073099951259791,0.007321233395487,0
2022-07-01,0.0073645296506583,0.007418617606163,0.0073541845194995,0.0073645296506583,0
2022-07-04,0.0074050487019121,0.0074185072444379,0.0073653431609272,0.0074050487019121,0
2022-07-05,0.007361602038145,0.0073770796880126,0.007334335707128,0.007361602038145,0
2022-07-06,0.0073789302259683,0.0074087791144847,0.0073549961671233,0.0073789302259683,0
2022-07-07,0.0073547796346247,0.0073762629181146,0.0073419287800788,0.0073547796346247,0
2022-07-08,0.0073576481081545,0.0073878709226846,0.0073236464522778,0.0073576481081545,0
2022-07-11,0.007336703594774,0.0073383720591664,0.0072597917169332,0.007336703594774,0
2022-07-12,0.0072786561213433,0.0073262220248579,0.0072726216167211,0.0072786561213433,0
2022-07-13,0.0073138978332281,0.0073136300779879,0.0072538410313427,0.0073138978332281,0
2022-07-14,0.0072659631259739,0.0072671780362725,0.0071747847832739,0.0072659631259739,0
2022-07-15,0.0071959532797336,0.0072252242825925,0.0071904165670275,0.0071959532797336,0
2022-07-18,0.0072299265302717,0.0072518419474363,0.0072235027328133,0.0072299265302717,0
2022-07-19,0.0072343717329204,0.0072787618264555,0.0072261127643287,0.0072343717329204,0
2022-07-20,0.007236361503601,0.0072508952580392,0.0072272610850632,0.007236361503601,0
2022-07-21,0.0072256941348314,0.0072610038332641,0.0072011346928775,0.0072256941348314,0
2022-07-22,0.0072940518148243,0.0073748491704463,0.0072495816275477,0.0072940518148243,0
2022-07-25,0.0073361112736165,0.0073564029298722,0.0073108496144413,0.0073361112736165,0
2022-07-26,0.0073297126218676,0.0073371874168515,0.0073081250302493,0.0073297126218676,0
2022-07-27,0.0073008686304092,0.0073232715949416,0.0072810407727956,0.0073008686304092,0
2022-07-28,0.007346945349127,0.0074429684318602,0.0073307873681187,0.007346945349127,0
2022-07-29,0.0074406419880688,0.0075442087836563,0.0074266619049012,0.0074406419880688,0
2022-08-01,0.0074958587065339,0.0075975144281983,0.0074982186779379,0.0074958587065339,0
2022-08-02,0.0076004010625183,0.0076669482514262,0.0075548104941844,0.0076004010625183,0
2022-08-03,0.0074974321760237,0.0075562372803688,0.0074332864023745,0.0074974321760237,0
2022-08-04,0.007464803289622,0.007514841388911,0.0074411407113075,0.007464803289622,0
2022-08-05,0.0075402837246656,0.0075420471839606,0.0073824715800583,0.0075402837246656,0
2022-08-08,0.0074042808264493,0.0074414727278053,0.0073790932074189,0.0074042808264493,0
2022-08-09,0.0074161970987915,0.0074246763251721,0.0073980912566185,0.0074161970987915,0
2022-08-10,0.0073971613310277,0.0075721433386206,0.0073912562802433,0.0073971613310277,0
2022-08-11,0.0075284196063876,0.0075880596414208,0.0075015947222709,0.0075284196063876,0
2022-08-12,0.0075191361829638,0.0075233224779367,0.0074699893593788,0.0075191361829638,0
2022-08-15,0.007502551190555,0.0075423880480229,0.0074886176735162,0.007502551190555,0
2022-08-16,0.0075107212178409,0.0075202672742307,0.0074264407157897,0.0075107212178409,0
2022-08-17,0.0074472920969128,0.0074669769965112,0.0073806731961667,0.0074472920969128,0
2022-08-18,0.0074104815721511,0.0074264407157897,0.0073851426132023,0.0074104815721511,0
2022-08-19,0.0073640416376292,0.0073619270697236,0.0072886301204562,0.0073640416376292,0
2022-08-22,0.0072970860637724,0.0073133097030222,0.007264960091561,0.0072970860637724,0
2022-08-23,0.0072702947072684,0.0073593263514339,0.0072625335305929,0.0072702947072684,0
2022-08-24,0.0073135234415531,0.0073425215668976,0.0072873015888035,0.0073135234415531,0
2022-08-25,0.0072949575260281,0.0073353578336536,0.0072896927595138,0.0072949575260281,0
2022-08-26,0.0073226275853812,0.0073335287161171,0.0072762728668749,0.0073226275853812,0
2022-08-29,0.0072716693393886,0.0072412341833114,0.0071945036761462,0.0072658574208617,0
2022-08-30,0.0072152158245444,0.0072435950860381,0.0071913474239408,0.0072152158245444,0
2022-08-31,0.0072080385871231,0.0072319130413234,0.0072006676346063,0.0072080385871231,0
2022-09-01,0.0071789566427469,0.0071897963061928,0.0071317520923912,0.0071789566427469,0
2022-09-02,0.0071387272328138,0.0071490867994725,0.0071025248616933,0.0071387272328138,0
2022-09-05,0.0071180965751409,0.0071362815797328,0.0071099987253546,0.0071180965751409,0
2022-09-06,0.0071209860034286,0.0071300230920314,0.0069945720024406,0.0071209860034286,0
2022-09-07,0.0069856303744018,0.0069939852692186,0.0068974080495536,0.0069856303744018,0
2022-09-08,0.0069382768124341,0.0069765173830091,0.0069202235899865,0.0069382768124341,0
2022-09-09,0.0069513958878815,0.0070668384432792,0.0069470009766519,0.0069513958878815,0
2022-09-12,0.0070128198713064,0.007029531057924,0.0069693215191364,0.0070128198713064,0
2022-09-13,0.0070133600383996,0.0070474152453243,0.0069119487889111,0.0070133600383996,0
2022-09-14,0.0069250157102942,0.0070147374644875,0.0069048372097313,0.0069250157102942,0
2022-09-15,0.0069967741146683,0.0069954530335962,0.0069543928839266,0.0069967741146683,0
2022-09-16,0.0069752028211951,0.0069993208162486,0.0069602984003722,0.0069752028211951,0
2022-09-19,0.0070045180618762,0.0070079048164188,0.0069621396251022,0.0070045180618762,0
2022-09-20,0.0069821183569729,0.0069948653690516,0.0069492221809923,0.0069821183569729,0
2022-09-21,0.0069636912085115,0.0069745704531669,0.0069354381412267,0.0069636912085115,0
2022-09-22,0.0069292387925088,0.0071226591244339,0.0068548084236681,0.0069292387925088,0
2022-09-23,0.007028394844383,0.0070530814118683,0.0069775390438735,0.007028394844383,0
2022-09-26,0.0069681070744991,0.0069716530852019,0.0069210859946906,0.0069681070744991,0
2022-09-27,0.0069223796017467,0.0069404919631779,0.0069041703827679,0.0069223796017467,0
2022-09-28,0.0069112800993025,0.0069373147562146,0.0069052195176482,0.0069112800993025,0
2022-09-29,0.006925303954631,0.0069343317300081,0.0069067925214767,0.006925303954631,0
2022-09-30,0.0069237211719155,0.0069341394118964,0.0069070314057171,0.0069237211719155,0
2022-10-03,0.0069053145125508,0.0069366889074444,0.0068833548575639,0.0069053145125508,0
2022-10-04,0.0069195055402815,0.0069290944375097,0.0069003109820187,0.0069195055402815,0
2022-10-05,0.0069547314196825,0.0069659226574003,0.0069039799273014,0.0069547314196825,0
2022-10-06,0.0069228583015501,0.0069258315488696,0.0068902317434549,0.0069228583015501,0
2022-10-07,0.0068946974352002,0.0069079860113561,0.006881081033498,0.0068946974352002,0
2022-10-10,0.0068737026304006,0.0068853455595672,0.0068578640930354,0.0068737026304006,0
2022-10-11,0.006864643190056,0.006872615776956,0.0068565476685762,0.006864643190056,0
2022-10-12,0.006855419371277,0.0068549965508282,0.0068045263178646,0.006855419371277,0
2022-10-13,0.0068149138242006,0.0068183527328073,0.0067750220187008,0.0068149138242006,0
2022-10-14,0.0067891888320446,0.0067976345308125,0.0067343693226575,0.0067891888320446,0
2022-10-17,0.0067280260846018,0.0067371372133493,0.0067163677886128,0.0067280260846018,0
2022-10-18,0.0067127160727977,0.0067252665758132,0.006698596291244,0.0067127160727977,0
2022-10-19,0.0067020086571574,0.0067058289423584,0.0066764140501618,0.0067020086571574,0
2022-10-20,0.0066746319644153,0.0066859666258096,0.0066671557724475,0.0066746319644153,0
2022-10-21,0.0066588539630174,0.0068343351595103,0.006581675261259,0.0066588539630174,0
2022-10-24,0.006765030324459,0.0067654876038432,0.0066911117173731,0.006765030324459,0
2022-10-25,0.0067165032960474,0.0067771342583,0.0067115896381437,0.0067165032960474,0
2022-10-26,0.0067576700821518,0.0068301814608275,0.0067384084686636,0.0067576700821518,0
2022-10-27,0.0068430341780185,0.0068891397677361,0.0068091601133346,0.0068430341780185,0
2022-10-28,0.0068364846520125,0.0068480018526315,0.0067637027241289,0.0068364846520125,0
2022-10-31,0.0067653506994247,0.0067681893706321,0.0067185340449213,0.0067653506994247,0
2022-11-01,0.0067232768051326,0.0068031377159059,0.0067201135680079,0.0067232768051326,0
2022-11-02,0.0067606400698423,0.0068095768801867,0.0067583550699055,0.0067606400698423,0
2022-11-03,0.0067616910673677,0.0067976345308125,0.0067370007745921,0.0067616910673677,0
2022-11-04,0.0067388620227575,0.0068222600966691,0.0067388620227575,0.0067388620227575,0
2022-11-07,0.0068100867792963,0.0068439710885286,0.0067772259935736,0.0068100867792963,0
2022-11-08,0.0068201660178601,0.0068816966377198,0.006806100718677,0.0068201660178601,0
2022-11-09,0.0068825492635369,0.0068861516192555,0.0068232370540499,0.0068825492635369,0
2022-11-10,0.0068395244888961,0.0070652407594025,0.0068221199326217,0.0068395244888961,0
2022-11-11,0.0070554702542722,0.0072000459767878,0.0070192185230553,0.0070554702542722,0
2022-11-14,0.0071657365188002,0.0072010308504104,0.007103837095201,0.0071657365188002,0
2022-11-15,0.0071369945071637,0.0072564198635518,0.0071133370511233,0.0071369945071637,0
2022-11-16,0.0071960566565394,0.0071997353807091,0.0071283457800745,0.0071960566565394,0
2022-11-17,0.0071776169352233,0.007199112791568,0.0071066133677959,0.0071776169352233,0
2022-11-18,0.0071218982338905,0.0071607595309615,0.0071189575828611,0.0071218982338905,0
2022-11-21,0.0071299718692898,0.0071325148455798,0.0070413607172667,0.0071299718692898,0
2022-11-22,0.0070373965427279,0.0070878756232559,0.007030420936644,0.0070373965427279,0
2022-11-23,0.0070844106376171,0.0071639907546341,0.0070634437724947,0.0070844106376171,0
2022-11-24,0.0071798847056925,0.0072413915768265,0.007169178687036,0.0071798847056925,0
2022-11-25,0.0072148512117564,0.0072260075248777,0.0071637853980064,0.0072148512117564,0
2022-11-28,0.0071890722028911,0.0072719864547252,0.0071725719608366,0.0071782357990741,0
2022-11-29,0.0072088181041181,0.0072523676790297,0.0071776690892875,0.0072088181041181,0
2022-11-30,0.0072074672207236,0.0072286720387637,0.0071488316170871,0.0072074672207236,0
2022-12-01,0.0072801932692527,0.0073779500089585,0.007271880749613,0.0072801932692527,0
2022-12-02,0.0073991864919662,0.0074809421785175,0.0073542390018701,0.0073991864919662,0
2022-12-05,0.007436326239258,0.0074552311562001,0.0073216627351939,0.007436326239258,0
2022-12-06,0.0073178587481379,0.0073525090701878,0.0072773322463035,0.0073178587481379,0
2022-12-07,0.0073053487576544,0.0073304111137986,0.007254893425852,0.0073053487576544,0
2022-12-08,0.0073323999531567,0.0073369722813367,0.0072873551398515,0.0073323999531567,0
2022-12-09,0.0073198941536247,0.0073739788495004,0.0073064165189862,0.0073198941536247,0
2022-12-12,0.0073146466165781,0.0073188762180507,0.007266491651535,0.0073146466165781,0
2022-12-13,0.0072725159116089,0.0074245664291083,0.0072494237683713,0.0072725159116089,0
2022-12-14,0.0073755015619099,0.0074249524623155,0.0073701739311218,0.0073755015619099,0
2022-12-15,0.0073883612640202,0.0073919114656746,0.0072505273856222,0.0073883612640202,0
2022-12-16,0.0072594750672578,0.0073308404535055,0.0072594750672578,0.0072594750672578,0
2022-12-19,0.0073158238083124,0.0073652346618473,0.0072912871837615,0.00735131977126,0
2022-12-20,0.0072995368391275,0.0076325973495841,0.0072752670384943,0.0072995368391275,0
2022-12-21,0.0075819608755409,0.0076032904908061,0.0075485371053218,0.0075819608755409,0
2022-12-22,0.0075545823201537,0.0075956098735332,0.0075368741527199,0.0075545823201537,0
2022-12-23,0.0075553241185843,0.0075590931810438,0.0075119626708328,0.0075553241185843,0
2022-12-26,0.007530687842518,0.0075568654574453,0.0075054229237139,0.0075318217277526,0
2022-12-27,0.0075321621261537,0.0075387493707239,0.0074857580475509,0.0075321621261537,0
2022-12-28,0.007491422817111,0.0074956342577934,0.0074407528154551,0.007491422817111,0
2022-12-29,0.0074607939459383,0.0075224167667329,0.007452230900526,0.0074607939459383,0
2022-12-30,0.0075235487893223,0.0076021924614906,0.007523491512984,0.0075235487893223,0
2023-01-02,0.0076426304876804,0.0076557365246117,0.007631548680365,0.0076426304876804,0
2023-01-03,0.0076456102542579,0.0077199810184538,0.0076229968108236,0.0076456102542579,0
2023-01-04,0.0076191634871065,0.0076944380998611,0.0075660133734345,0.0076191634871065,0
2023-01-05,0.0075616650283336,0.007591285277158,0.0074631320312619,0.0075616650283336,0
2023-01-06,0.0075014811009168,0.0075650406070053,0.0074216462671756,0.0075014811009168,0
2023-01-09,0.0075836861506104,0.0076145804487168,0.0075389193370938,0.0075836861506104,0
2023-01-10,0.0075913425534963,0.0076084393076598,0.0075491066090762,0.0075913425534963,0
2023-01-11,0.0075699654407799,0.0075698508881032,0.0075270594097673,0.0075699654407799,0
2023-01-12,0.0075813867151737,0.0077178953215479,0.0075745526701211,0.0075813867151737,0
2023-01-13,0.0077416161075234,0.0078451065346598,0.0077314409427344,0.0077416161075234,0
2023-01-16,0.0078109134919941,0.0078582996502518,0.007763372734189,0.0078109134919941,0
2023-01-17,0.0077929566614329,0.0078111570328474,0.0077449735254049,0.0077929566614329,0
2023-01-18,0.0077953864820301,0.0078365607187151,0.0076011521741747,0.0077953864820301,0
2023-01-19,0.0077797397971153,0.0078261345624923,0.0077656032517552,0.0077797397971153,0
2023-01-20,0.0077899824827909,0.0077908928506076,0.0076567330397665,0.0077899824827909,0
2023-01-23,0.0077307233586907,0.0077482140623033,0.0076408786699175,0.0077288714237511,0
2023-01-24,0.0076571437530219,0.0077074854634702,0.0076295691542327,0.0076571437530219,0
2023-01-25,0.0076781916432082,0.0077343708835542,0.0076588448137044,0.0076781916432082,0
2023-01-26,0.0077377222478389,0.0077498350292444,0.0076579651795327,0.0077377222478389,0
2023-01-27,0.0077041601762175,0.0077192652970552,0.0076772482134401,0.0077041601762175,0
2023-01-30,0.0077009564265608,0.0077396384440362,0.0076651261188089,0.0077009564265608,0
2023-01-31,0.0076640681363642,0.0077060009352862,0.0076642450876533,0.0076640681363642,0
2023-02-01,0.0076858042739331,0.0077393385581672,0.0076689473353326,0.0076858042739331,0
2023-02-02,0.0077747199684381,0.0078068277798593,0.0077464734204113,0.0077747199684381,0
2023-02-03,0.0077672316692769,0.007792045827955,0.007625613361597,0.0077672316692769,0
2023-02-06,0.0075752409175038,0.0075993034988641,0.0075249075889587,0.0075752409175038,0
2023-02-07,0.0075401701033115,0.0076242755167186,0.0075402273796498,0.0075401701033115,0
2023-02-08,0.0076311407610774,0.0076564406044781,0.0076037528924643,0.0076311407610774,0
2023-02-09,0.0076111033558845,0.0076715350151062,0.0075867348350584,0.0076111033558845,0
2023-02-10,0.0076034641824662,0.0077021429315209,0.0075854118913412,0.0076034641824662,0
2023-02-13,0.0076016150414943,0.0076065291650593,0.007526493165642,0.0076016150414943,0
2023-02-14,0.0075564654543995,0.0075952056795358,0.0075121321715414,0.0075564654543995,0
2023-02-15,0.0075193061493337,0.0075440388172864,0.0074446857906877,0.0075193061493337,0
2023-02-16,0.0074680927209556,0.0074845259077847,0.0074380966834723,0.0074680927209556,0
2023-02-17,0.0074585671536624,0.0074586784467101,0.0074030202813446,0.0074585671536624,0
2023-02-20,0.007445627823472,0.0074666426517069,0.0074332864023745,0.007445627823472,0
2023-02-21,0.0074440208263695,0.0074540083296597,0.0073969424702227,0.0074440208263695,0
2023-02-22,0.0074087246321141,0.0074414177797734,0.0074047744274139,0.0074087246321141,0
2023-02-23,0.0074111400172114,0.0074269929900765,0.0073886346071958,0.0074111400172114,0
2023-02-24,0.0074278749525547,0.0074526201933622,0.0073300888761878,0.0074278749525547,0
2023-02-27,0.0073316469788551,0.0073567819781601,0.0073272958397865,0.0073316469788551,0
2023-02-28,0.0073358421213924,0.0073517519049346,0.0073041217401623,0.0073358421213924,0
2023-03-01,0.0073341741226613,0.0073931692168116,0.0073280469514429,0.0073341741226613,0
2023-03-02,0.0073424675501883,0.007348186802119,0.0072958082892,0.0073424675501883,0
2023-03-03,0.0073150214739143,0.0073622521013021,0.0073131485842168,0.0073150214739143,0
2023-03-06,0.0073605179786682,0.007385796867311,0.007343275938183,0.0073599768802523,0
2023-03-07,0.007352995686233,0.0073756650090217,0.0073020947165787,0.007352995686233,0
2023-03-08,0.0072784968651831,0.007325685583055,0.0072518419474363,0.0072784968651831,0
2023-03-09,0.007287248969078,0.0073534813709557,0.0072858682833611,0.007287248969078,0
2023-03-10,0.0073316469788551,0.0074531198479235,0.0073003889992833,0.0073316469788551,0
2023-03-13,0.0074085053056478,0.0075589790940284,0.0074063097126781,0.0074090538546442,0
2023-03-14,0.0075123580172657,0.0075147855095565,0.0074143824167549,0.0075123580172657,0
2023-03-15,0.0074406419880688,0.0075613223016262,0.0074042263440787,0.0074406419880688,0
2023-03-16,0.0075228130444884,0.0075904782861471,0.0074929944239556,0.0075228130444884,0
2023-03-17,0.0074980505742132,0.0075851236470043,0.0074869357049465,0.0074980505742132,0
2023-03-20,0.0075594931840896,0.0076594310812652,0.0075397719629108,0.0075594931840896,0
2023-03-21,0.0076108137145638,0.0076307915151119,0.0075507601723074,0.0076108137145638,0
2023-03-22,0.007555837277323,0.0075604650191962,0.0075191929936409,0.007555837277323,0
2023-03-23,0.0076231714338064,0.0076658898033201,0.0075967060402035,0.0076231714338064,0
2023-03-24,0.0076414621435105,0.0077116461470723,0.007638310547918,0.0076414621435105,0
2023-03-27,0.0076425727456808,0.0076623065397143,0.0075906515121459,0.0076425727456808,0
2023-03-28,0.0076200342737138,0.0076660076156258,0.0076175387948751,0.0076200342737138,0
2023-03-29,0.0076309079304337,0.0076377862133085,0.0075359088368713,0.0076309079304337,0
2023-03-30,0.0075428429991006,0.0075630377978086,0.0075225867331027,0.0075428429991006,0
2023-03-31,0.0075074508786201,0.0075343190692365,0.0074870474636554,0.0075074508786201,0
2023-04-03,0.0074992314912378,0.0075630955398082,0.0074776974506676,0.0074992314912378,0
2023-04-04,0.007558636367321,0.0076002855785191,0.0075108907185494,0.007558636367321,0
2023-04-05,0.0076054302044212,0.0076520456932485,0.0075850086286664,0.0076054302044212,0
2023-04-06,0.0076374351046979,0.0076457858085632,0.0075842039659619,0.0076374351046979,0
2023-04-07,0.0075948019511997,0.0076031177304685,0.0075576654635369,0.0075948019511997,0
2023-04-10,0.0075701945461332,0.0075749536044895,0.0074714967049658,0.0075701945461332,0
2023-04-11,0.0074923769570887,0.0075198709964752,0.0074813342653214,0.0074923769570887,0
2023-04-12,0.0074853664264082,0.0075311977416276,0.0074614062905311,0.0074853664264082,0
2023-04-13,0.0075139943510293,0.0075740362517535,0.0074981064535677,0.0075139943510293,0
2023-04-14,0.0075479103252291,0.0075656701810657,0.0074763004668056,0.0075479103252291,0
2023-04-17,0.0074643022380769,0.0074786483310163,0.0074313525110483,0.0074643022380769,0
2023-04-18,0.0074390922673046,0.0074700452387332,0.0074242912232875,0.0074390922673046,0
2023-04-19,0.0074602365493774,0.0074648591689765,0.0074048293754458,0.0074602365493774,0
2023-04-20,0.0074236849322915,0.0074611837044358,0.0074096024036407,0.0074236849322915,0
2023-04-21,0.0074629094451665,0.0074875522404909,0.0074368799105286,0.0074629094451665,0
2023-04-24,0.0074648591689765,0.0074688177555799,0.0074225268326699,0.0074648591689765,0
2023-04-25,0.0074580116197466,0.0074768033809959,0.0074377642013132,0.0074580116197466,0
2023-04-26,0.007478816434741,0.0075173275545239,0.0074701569974422,0.007478816434741,0
2023-04-27,0.0074926014058291,0.0075021567754447,0.0074525638483464,0.0074926014058291,0
2023-04-28,0.0074737295508384,0.0074775302782654,0.007324450649321,0.0074737295508384,0
2023-05-01,0.0073321308009326,0.0073387492448091,0.0072779147885739,0.0073321308009326,0
2023-05-02,0.0072716167196631,0.0073308949358761,0.00725873792544,0.0072716167196631,0
2023-05-03,0.0073278322815895,0.007403458468616,0.0073223058134317,0.0073278322815895,0
2023-05-04,0.007432512473315,0.0074802143499255,0.0074145477265119,0.007432512473315,0
2023-05-05,0.0074527310207486,0.0074690408073365,0.0074027460068464,0.0074527310207486,0
2023-05-08,0.0073965042829513,0.0074258893728256,0.0073961219750344,0.0073965042829513,0
2023-05-09,0.0074034039862453,0.0074218665249645,0.0073890169151127,0.0074034039862453,0
2023-05-10,0.0073916390538215,0.0074454620480537,0.0073824715800583,0.0073916390538215,0
2023-05-11,0.0074578444473445,0.0074765239842236,0.0074161416850984,0.0074578444473445,0
2023-05-12,0.0074350545182824,0.0074403658509254,0.0073730545118451,0.0074350545182824,0
2023-05-15,0.0073625771328806,0.0073683275841176,0.0073361112736165,0.0073625771328806,0
2023-05-16,0.0073505090549588,0.0073693054728209,0.007316627074033,0.0073505090549588,0
2023-05-17,0.0073297666385769,0.0073365420103073,0.0072692381218075,0.0073297666385769,0
2023-05-18,0.0072667025960981,0.0072827376425266,0.0072119375690817,0.0072667025960981,0
2023-05-19,0.0072139664553105,0.0072747375816106,0.0072125610895454,0.0072139664553105,0
2023-05-22,0.0072625861503183,0.0072725159116089,0.0072119375690817,0.0072625861503183,0
2023-05-23,0.0072112614288926,0.0072331158444285,0.0072006676346063,0.0072112614288926,0
2023-05-24,0.0072151110507547,0.0072333258576691,0.0071850949898362,0.0072151110507547,0
2023-05-25,0.0071796267293393,0.00718359882012,0.0071491887792944,0.0071796267293393,0
2023-05-26,0.007141990121454,0.0071677388623356,0.0071082804352045,0.007141990121454,0
2023-05-29,0.0070986929349601,0.0071367402561008,0.0070971818640828,0.0070986929349601,0
2023-05-30,0.0071204281412065,0.0071643502451479,0.0070970808155834,0.0071204281412065,0
2023-05-31,0.0071534849703311,0.0071779265999794,0.0071255010552704,0.0071534849703311,0
2023-06-01,0.0071876775473356,0.0072203734889626,0.0071456134319305,0.0071876775473356,0
2023-06-02,0.0072073112241923,0.0072144865989685,0.0071532293222844,0.0072073112241923,0
2023-06-05,0.0071323113515973,0.0071810195222496,0.0071202246472239,0.0071323113515973,0
2023-06-06,0.0071744765155017,0.0071881939657032,0.0071448474191129,0.0071744765155017,0
2023-06-07,0.0071670720353722,0.0071920198388397,0.0071415309794247,0.0071670720353722,0
2023-06-08,0.0071480139158666,0.0072033135220408,0.0071382685564458,0.0071480139158666,0
2023-06-09,0.0072013419121503,0.0071994243189692,0.0071574277244508,0.0072013419121503,0
2023-06-12,0.0071750935167074,0.0071905716322362,0.0071569150313735,0.0071750935167074,0
2023-06-13,0.0071705146692693,0.0071934163570404,0.0071374024264514,0.0071705146692693,0
2023-06-14,0.0071338377892971,0.0071789058856666,0.0071330242790281,0.0071338377892971,0
2023-06-15,0.0071440306492149,0.0071448981761932,0.0070683369413018,0.0071440306492149,0
2023-06-16,0.0071292095817625,0.0071499049663543,0.0070489053614437,0.0071292095817625,0
2023-06-19,0.007048855535686,0.0070694363676011,0.0070424517616629,0.007048855535686,0
2023-06-20,0.0070472657680511,0.0070798969827592,0.0070311622694134,0.0070472657680511,0
2023-06-21,0.0070753879845142,0.0070735863409936,0.0070259752683341,0.0070753879845142,0
2023-06-22,0.0070577603764832,0.0070608500391244,0.0069962358102202,0.0070577603764832,0
2023-06-23,0.006991540081799,0.007004665210843,0.0069514922797679,0.006991540081799,0
2023-06-26,0.0069666504859924,0.0069943270646035,0.0069598136469721,0.0069666504859924,0
2023-06-27,0.0069705839268863,0.0069787562824785,0.0069365929812192,0.0069705839268863,0
2023-06-28,0.0069501395337283,0.0069571998901665,0.0069158682599663,0.0069501395337283,0
2023-06-29,0.0069257351569831,0.0069377957843244,0.0069016925990581,0.0069257351569831,0
2023-06-30,0.0069070314057171,0.0069334665313363,0.006894982419908,0.0069070314057171,0
2023-07-03,0.006925303954631,0.0069433357566595,0.0069008828140795,0.006925303954631,0
2023-07-04,0.006916394457221,0.0069343317300081,0.0069121397100389,0.006916394457221,0
2023-07-05,0.006924919784069,0.0069401068612933,0.0069096558727324,0.006924919784069,0
2023-07-06,0.0069209421053528,0.0069646132178604,0.0069136214442551,0.0069209421053528,0
2023-07-07,0.0069468081928789,0.0070368023589253,0.0069351498968899,0.0069468081928789,0
2023-07-10,0.0070319036021828,0.0070657394826412,0.0069930562749505,0.0070319036021828,0
2023-07-11,0.0070772911421954,0.0071344492025673,0.0070700859650969,0.0070772911421954,0
2023-07-12,0.0071368417702615,0.0072356280870735,0.0071390834636986,0.0071368417702615,0
2023-07-13,0.0072298739105463,0.0072434372268617,0.0071975071914494,0.0072298739105463,0
2023-07-14,0.0072424407117068,0.0072825253009796,0.0071890209801495,0.0072424407117068,0
2023-07-17,0.0072107408195734,0.0072455890476703,0.0071739102713763,0.0072107408195734,0
2023-07-18,0.0072082979604601,0.0072554196231067,0.007196522783488,0.0072082979604601,0
2023-07-19,0.0071928477846086,0.0072006676346063,0.0071433670818805,0.0071928477846086,0
2023-07-20,0.0071634259074926,0.0071878838352859,0.0071223550476133,0.0071634259074926,0
2023-07-21,0.0071498025208711,0.0071555324830114,0.0070453793741762,0.0071498025208711,0
2023-07-24,0.0070546735078096,0.0070979371666908,0.0070536290295422,0.0070546735078096,0
2023-07-25,0.0070660389028489,0.0070964768528938,0.007057661190629,0.0070660389028489,0
2023-07-26,0.0070965774357318,0.0071332273073494,0.0070832064375281,0.0070965774357318,0
2023-07-27,0.0071241813711822,0.0071737044490873,0.0070780920796096,0.0071241813711822,0
2023-07-28,0.0072012906894087,0.0072416542097926,0.0070943622849881,0.0072012906894087,0
2023-07-31,0.0071043921634554,0.007107269950211,0.0070102633908391,0.0071043921634554,0
2023-08-01,0.0070262714289128,0.0070279012434184,0.0069709243252873,0.0070262714289128,0
2023-08-02,0.0069944742135703,0.007029531057924,0.0069705839268863,0.0069944742135703,0
2023-08-03,0.006976225413382,0.0070376442745327,0.0069503327831625,0.006976225413382,0
2023-08-04,0.0070127206854522,0.0070642917416989,0.0069995168596506,0.0070127206854522,0
2023-08-07,0.0070484080351889,0.0070659895427525,0.0070181344635784,0.0070484080351889,0
2023-08-08,0.0070163621567189,0.0070139509625732,0.0069725764915347,0.0070163621567189,0
2023-08-09,0.0069794384762644,0.0069923219271004,0.0069583607837557,0.0069794384762644,0
2023-08-10,0.0069576348178088,0.0069764680229127,0.0069212294183671,0.0069576348178088,0
2023-08-11,0.0069035026244819,0.0069234338589012,0.0068983118981122,0.0069035026244819,0
2023-08-14,0.0069052665494382,0.0069084148854017,0.0068697361275553,0.0069052665494382,0
2023-08-15,0.006875829771161,0.0068914666771888,0.006855983287096,0.006875829771161,0
2023-08-16,0.0068677542731165,0.0068814125843346,0.0068548084236681,0.0068677542731165,0
2023-08-17,0.0068337288685142,0.0068663395941257,0.0068247742019593,0.0068337288685142,0
2023-08-18,0.006862758193165,0.0068901842460036,0.0068599339574575,0.006862758193165,0
2023-08-21,0.006882076151669,0.0068894722498953,0.006831394508481,0.006882076151669,0
2023-08-22,0.0068381675519049,0.0068727578036487,0.0068310676142573,0.0068381675519049,0
2023-08-23,0.0068604513071477,0.0069165858440101,0.0068580987863242,0.0068604513071477,0
2023-08-24,0.0069121397100389,0.0069146249443292,0.0068518021143972,0.0069121397100389,0
2023-08-25,0.0068461732007563,0.0068618170917034,0.0068210498429834,0.0068461732007563,0
2023-08-28,0.0068244943395257,0.0068362979218363,0.0068158889189362,0.0068244943395257,0
2023-08-29,0.0068276161327958,0.0068562650121748,0.0067868391051888,0.0068276161327958,0
2023-08-30,0.0068498775362968,0.0068701137788593,0.0068248673342168,0.0068498775362968,0
2023-08-31,0.0068446737714111,0.0068713878281414,0.0068403668701648,0.0068446737714111,0
2023-09-01,0.0068741273134946,0.006921277847141,0.0068386821076273,0.0068741273134946,0
2023-09-04,0.0068466416560113,0.0068473923020064,0.0068264044821262,0.0068466416560113,0
2023-09-05,0.0068239355459809,0.0068260314874351,0.0067697470076382,0.0068239355459809,0
2023-09-06,0.0067809945903718,0.0068010091781616,0.0067660827189683,0.0067809945903718,0
2023-09-07,0.0067700683139264,0.0068000839091837,0.0067629255354404,0.0067700683139264,0
2023-09-08,0.0067874379456043,0.006817237008363,0.0067685558460652,0.0067874379456043,0
2023-09-11,0.0067974952980875,0.0068533993326127,0.0067980964668095,0.0067974952980875,0
2023-09-12,0.006817655172199,0.0068271965719759,0.0067926016636192,0.006817655172199,0
2023-09-13,0.0067954170517623,0.0067975418642163,0.006774378940463,0.0067954170517623,0
2023-09-14,0.0067867473699152,0.0068014720454812,0.006777960807085,0.0067867473699152,0
2023-09-15,0.0067804888822138,0.0067869769409298,0.0067590856924653,0.0067804888822138,0
2023-09-18,0.0067627886310219,0.0067769042216241,0.0067631090059876,0.0067627886310219,0
2023-09-19,0.0067748385481536,0.0067789717577397,0.0067617823369801,0.0067748385481536,0
2023-09-20,0.0067685558460652,0.0067740119993686,0.0067493235692381,0.0067685558460652,0
2023-09-21,0.0067421337589621,0.0067877145484089,0.0067363656125962,0.0067421337589621,0
2023-09-22,0.0067730490118265,0.0067783282138407,0.0067383623681962,0.0067730490118265,0
2023-09-25,0.0067370007745921,0.0067437700927257,0.0067139328457415,0.0067370007745921,0
2023-09-26,0.0067199333570897,0.0067245881073176,0.0067034913226962,0.0067199333570897,0
2023-09-27,0.0067093833349645,0.0067174509167671,0.0066891871392726,0.0067093833349645,0
2023-09-28,0.0066890525631606,0.0067040305584669,0.0066870842128992,0.0066890525631606,0
2023-09-29,0.0066962637938559,0.0067326012067496,0.0066913804039359,0.0066962637938559,0
2023-10-02,0.0066871740855276,0.0066905296407639,0.0066727166995406,0.0066871740855276,0
2023-10-03,0.0066732955165207,0.0067244064994156,0.0066603617742657,0.0066732955165207,0
2023-10-04,0.0067027723416686,0.0067231408320367,0.006697654724121,0.0067027723416686,0
2023-10-05,0.0067129409871995,0.0067428154870867,0.0067069078795611,0.0067129409871995,0
2023-10-06,0.0067356852814555,0.0067355944775044,0.0066895000636577,0.0067356852814555,0
2023-10-09,0.0067042103037238,0.0067329639568924,0.00670160446316,0.0067042103037238,0
2023-10-10,0.0067418608814477,0.0067481393925845,0.0067072231322526,0.0067418608814477,0
2023-10-11,0.0067282072268426,0.0067368191666901,0.0067033115774393,0.0067282072268426,0
2023-10-12,0.0067097884602844,0.0067133018746972,0.0066763698123395,0.0067097884602844,0
2023-10-13,0.0066760135814547,0.0066909329034388,0.0066745425574481,0.0066760135814547,0
2023-10-16,0.0066860117949545,0.0066944258287549,0.0066776624880731,0.0066860117949545,0
2023-10-17,0.0066854748874902,0.006697071250528,0.006676057819277,0.0066854748874902,0
2023-10-18,0.0066773947328329,0.0066883815452456,0.0066720489412546,0.0066773947328329,0
2023-10-19,0.0066781528294086,0.0066797141917049,0.0066696899011731,0.0066781528294086,0
2023-10-20,0.0066754780709743,0.0066753448918461,0.0066670221276581,0.0066754780709743,0
2023-10-23,0.006672004237771,0.0066781528294086,0.0066671557724475,0.006672004237771,0
2023-10-24,0.0066769490949809,0.0066963536664843,0.0066703129559755,0.0066769490949809,0
2023-10-25,0.0066731618717312,0.0066757905296981,0.0066680000163614,0.0066731618717312,0
2023-10-26,0.0066623138263821,0.0066645336337387,0.0066325310617685,0.0066623138263821,0
2023-10-27,0.0066504399292171,0.0066865477710962,0.0066488035954535,0.0066504399292171,0
2023-10-30,0.0066785542294383,0.0067197978496551,0.0066735185682773,0.0066785542294383,0
2023-10-31,0.0067064138129353,0.0067100585438311,0.0065993964672088,0.0067064138129353,0
2023-11-01,0.0066096470691263,0.0066302441991865,0.006603623740375,0.0066096470691263,0
2023-11-02,0.0066412086598575,0.006673339754343,0.0066406354308128,0.0066412086598575,0
2023-11-03,0.0066446508280932,0.00669976323843,0.0066448273137211,0.0066446508280932,0
2023-11-06,0.0066912458278238,0.0066942470148205,0.0066742305643856,0.0066912458278238,0
2023-11-07,0.0066671557724475,0.0066680451855063,0.006636272650212,0.0066671557724475,0
2023-11-08,0.0066491132602095,0.0066513246856629,0.0066233063116669,0.0066491132602095,0
2023-11-09,0.0066284867934882,0.0066313873976469,0.0066148065961897,0.0066284867934882,0
2023-11-10,0.0066072456538677,0.0066126631572842,0.0065980902872979,0.0066072456538677,0
2023-11-13,0.006602011155337,0.0066120070405304,0.0065831486135721,0.006602011155337,0
2023-11-14,0.0065943053923547,0.0066358316689729,0.0065887006931006,0.0065943053923547,0
2023-11-15,0.0066451807506382,0.0066551314666867,0.0066123572178184,0.0066451807506382,0
2023-11-16,0.0066131008788943,0.0066534928046166,0.0066041033715009,0.0066131008788943,0
2023-11-17,0.0066354796290397,0.006701739039272,0.0066326633095741,0.0066354796290397,0
2023-11-20,0.0066692451946437,0.0067517845891416,0.0066680451855063,0.0066692451946437,0
2023-11-21,0.0067402706481516,0.0067949090152978,0.0067377723753452,0.0067402706481516,0
2023-11-22,0.0067498246207833,0.0067524681799113,0.0066780638881027,0.0067498246207833,0
2023-11-23,0.0066907531581819,0.0067164581269025,0.0066806068643927,0.0066907531581819,0
2023-11-24,0.0066829286515712,0.0067023676820099,0.006680070888251,0.0066829286515712,0
2023-11-27,0.0066857882775366,0.0067261257208883,0.006682124454528,0.0066857882775366,0
2023-11-28,0.0067361844703555,0.006784260738641,0.0067206104286015,0.0067361844703555,0
2023-11-29,0.0067998068407177,0.0068166786804795,0.0067618736065924,0.0067998068407177,0
2023-11-30,0.0068009165115654,0.0068080006167292,0.0067358207888901,0.0068009165115654,0
2023-12-01,0.0067568025551736,0.0068096234463155,0.0067424518056213,0.0067568025551736,0
2023-12-04,0.0068309274502098,0.0068374201655387,0.0067924167960882,0.0068309274502098,0
2023-12-05,0.006787622347474,0.0068215620703995,0.0067856418900191,0.006787622347474,0
2023-12-06,0.0067941709421575,0.0068071205168962,0.0067802588455379,0.0067941709421575,0
2023-12-07,0.0067942165769636,0.0069513479247689,0.0067943553440272,0.0067942165769636,0
2023-12-08,0.0069310637190938,0.0070164115168154,0.0068895197473466,0.0069310637190938,0
2023-12-11,0.006897360086441,0.0069011682644486,0.0068234703503549,0.006897360086441,0
2023-12-12,0.0068453294225037,0.0069053620100021,0.0068438774906098,0.0068453294225037,0
2023-12-13,0.0068832598626613,0.0068936040624976,0.0068503939546644,0.0068832598626613,0
2023-12-14,0.007004125509411,0.00708998600021,0.0069992230273783,0.007004125509411,0
2023-12-15,0.0070284437388181,0.0070686363615095,0.0070201545022428,0.0070284437388181,0
2023-12-18,0.0070267645642161,0.0070384861901402,0.0069868019782006,0.0070267645642161,0
2023-12-19,0.0070066284388303,0.007029234431684,0.0068996446207165,0.0070066284388303,0
2023-12-20,0.0069498009979724,0.0069782696664333,0.0069414074532687,0.0069498009979724,0
2023-12-21,0.0069675245322287,0.0070392792113125,0.0069662625901401,0.0069675245322287,0
2023-12-22,0.0070387832820415,0.0070480108261108,0.0070103616453707,0.0070387832820415,0
2023-12-25,0.0070253335870802,0.0070353662595152,0.00701852934435,0.0070253335870802,0
2023-12-26,0.0070308656431734,0.0070369015447795,0.007011639419943,0.0070308656431734,0
2023-12-27,0.0070194648578763,0.0070493025705218,0.007001232355833,0.0070194648578763,0
2023-12-28,0.0070721856318414,0.007128091994673,0.0070595545694231,0.0070721856318414,0
2023-12-29,0.0070706359110772,0.0071008102968335,0.0070472657680511,0.0070706359110772,0
2024-01-01,0.0070946142077445,0.0070946142077445,0.0070909415371716,0.0070946142077445,0
2024-01-02,0.0070858662948012,0.0070868209004402,0.0070330412127077,0.0070858662948012,0
2024-01-03,0.0070345751009881,0.0070487558841705,0.0069592813961207,0.0070345751009881,0
2024-01-04,0.0069930562749505,0.0069994684308767,0.0069045512937009,0.0069930562749505,0
2024-01-05,0.0069077471271157,0.0069517819210886,0.0068512861616909,0.0069077471271157,0
2024-01-08,0.0069100856781005,0.00696039525792,0.0069064111448824,0.0069100856781005,0
2024-01-09,0.0069333706051111,0.0069709243252873,0.0069236732088029,0.0069333706051111,0
2024-01-10,0.0069238655269145,0.006923337932676,0.0068582403473556,0.0069238655269145,0
2024-01-11,0.0068618170917034,0.0068833068944513,0.0068325148895382,0.0068618170917034,0
2024-01-12,0.0068943644873797,0.0069266944192349,0.0068723326548933,0.0068943644873797,0
2024-01-15,0.0068894722498953,0.0068919411860406,0.0068524125963449,0.0068894722498953,0
2024-01-16,0.0068589923903346,0.0068685561418533,0.0067951399832963,0.0068589923903346,0
2024-01-17,0.0067913560196757,0.0067968489602208,0.006733916234225,0.0067913560196757,0
2024-01-18,0.0067513738758862,0.0067719933576881,0.0067431791685521,0.0067513738758862,0
2024-01-19,0.0067509179934859,0.0067636114545166,0.0067212879657745,0.0067509179934859,0
2024-01-22,0.0067512369714677,0.0067731859162449,0.0067441798746585,0.0067512369714677,0
2024-01-23,0.0067502800375223,0.0068007316440343,0.0067303809337317,0.0067502800375223,0
2024-01-24,0.0067453165538609,0.0068177483044564,0.006745908409357,0.0067453165538609,0
2024-01-25,0.0067754806950688,0.0067976810969412,0.0067632459104061,0.0067754806950688,0
2024-01-26,0.0067694261670112,0.0067792474292218,0.0067504164762794,0.0067694261670112,0
2024-01-29,0.0067503713071346,0.0067747924476861,0.0067420876584947,0.0067503713071346,0
2024-01-30,0.0067811319604516,0.0067976345308125,0.0067612342536449,0.0067811319604516,0
2024-01-31,0.0067856875248253,0.0068454705178737,0.0067617823369801,0.0067856875248253,0
2024-02-01,0.0068029062822461,0.0068530230782926,0.0067976810969412,0.0068029062822461,0
2024-02-02,0.0068282224237918,0.0068377004936337,0.0067311967723071,0.0068282224237918,0
2024-02-05,0.0067339609377086,0.0067439978010952,0.0067168185487389,0.0067339609377086,0
2024-02-06,0.0067276642657816,0.0067564831115305,0.0067211976274847,0.0067276642657816,0
2024-02-07,0.0067650764249265,0.0067721772938966,0.0067455903626978,0.0067650764249265,0
2024-02-08,0.0067528327926993,0.006759725511074,0.0066901268437504,0.0067528327926993,0
2024-02-09,0.00669976323843,0.0067087528295814,0.0066857882775366,0.00669976323843,0
2024-02-12,0.0067038955166935,0.006714473478496,0.0066900374367833,0.0067038955166935,0
2024-02-13,0.0066932165063917,0.0066986414603888,0.0066333231516182,0.0066932165063917,0
2024-02-14,0.0066346433013677,0.0066505721770226,0.0066324430517852,0.0066346433013677,0
2024-02-15,0.006642575841397,0.0066773947328329,0.0066419141367077,0.006642575841397,0
2024-02-16,0.0066690677776932,0.0066697797738015,0.0066384756937623,0.0066690677776932,0
2024-02-19,0.0066626244224607,0.0066718710586428,0.0066583659499883,0.0066604944877326,0
2024-02-20,0.0066546881571412,0.0066801160573959,0.0066474331542849,0.0066546881571412,0
2024-02-21,0.0066693793050944,0.0066730286926031,0.0066535812802612,0.0066693793050944,0
2024-02-22,0.0066509265452623,0.0066659552976489,0.0066383867524564,0.0066509265452623,0
2024-02-23,0.0066452687606215,0.0066530941985547,0.0066329715773463,0.0066452687606215,0
2024-02-26,0.0066446065902709,0.0066535365767776,0.006630684249103,0.0066446508280932,0
2024-02-27,0.0066416058689355,0.0066609825007617,0.0066401059739291,0.0066416058689355,0
2024-02-28,0.0066447393037378,0.0066501297987997,0.006629672832787,0.0066447393037378,0
2024-02-29,0.0066376379691064,0.006701739039272,0.0066382987424731,0.0066376379691064,0
2024-03-01,0.0066624470055103,0.0066636013798415,0.0066357883624732,0.0066624470055103,0
2024-03-04,0.0066620032303035,0.0066736075095832,0.0066416058689355,0.0066620032303035,0
2024-03-05,0.0066460194066166,0.0066785542294383,0.0066426643170416,0.0066460194066166,0
2024-03-06,0.0066644898615777,0.0067051537334918,0.0066632903181016,0.0066644898615777,0
2024-03-07,0.0066993148066103,0.0067758485674858,0.00669976323843,0.0066993148066103,0
2024-03-08,0.0067627886310219,0.0068257520906627,0.0067521943710744,0.0067627886310219,0
2024-03-11,0.0068131955340504,0.0068261716514825,0.0067969411611557,0.0068131955340504,0
2024-03-12,0.0068151461891829,0.0068191890604794,0.0067587662488222,0.0068151461891829,0
2024-03-13,0.0067741954699158,0.006791079416871,0.006755341310054,0.0067741954699158,0
2024-03-14,0.0067741037346422,0.0067792474292218,0.0067429523915052,0.0067741037346422,0
2024-03-15,0.0067432699725031,0.0067541552707552,0.0067042997106909,0.0067432699725031,0
2024-03-18,0.0067134369164705,0.0067146089859306,0.0066969818435609,0.0067134369164705,0
2024-03-19,0.0067049297504127,0.0067061432637274,0.0066295848228037,0.0067049297504127,0
2024-03-20,0.0066209817305207,0.0066218147985637,0.00658800592646,0.0066209817305207,0
2024-03-21,0.0066330595873296,0.0066544222645461,0.0065940446220338,0.0066330595873296,0
2024-03-22,0.0065948707051575,0.0066213766112923,0.0065856198780238,0.0065948707051575,0
2024-03-25,0.0066091674380004,0.0066200173459947,0.0066037117503583,0.0066091674380004,0
2024-03-26,0.0066061979159712,0.0066129257902503,0.0065966974943876,0.0066061979159712,0
2024-03-27,0.0065993531607091,0.0066208504140377,0.006581372115761,0.0065993531607091,0
2024-03-28,0.0066099530085921,0.0066158571280539,0.0065989610739052,0.0066099530085921,0
2024-03-29,0.0066032749600708,0.0066151125356554,0.0066011394374072,0.0066032749600708,0
2024-04-01,0.0066051073372364,0.0066112205386161,0.0065896124579012,0.0066051073372364,0
2024-04-02,0.0065971333533525,0.0066016619093716,0.0065881791524589,0.0065971333533525,0
2024-04-03,0.0065989182330667,0.006602447014302,0.0065812417306005,0.0065989182330667,0
2024-04-04,0.0065971333533525,0.0066001377999782,0.0065892213024199,0.0065971333533525,0
2024-04-05,0.0066097346134483,0.0066289259120821,0.0065900897607207,0.0066097346134483,0
2024-04-08,0.0065923924557864,0.0065929573029279,0.0065818917937576,0.0065923924557864,0
2024-04-09,0.006585749797523,0.0065972199663519,0.0065820654854178,0.006585749797523,0
2024-04-10,0.0065886140801012,0.006592696532607,0.0065391105599701,0.0065886140801012,0
2024-04-11,0.0065374858677387,0.0065459161996841,0.0065227742306888,0.0065374858677387,0
2024-04-12,0.0065277558751404,0.0065523497760295,0.0065198824740946,0.0065277558751404,0
2024-04-15,0.0065238806419074,0.0065237954258918,0.0064751738682389,0.0065238806419074,0
2024-04-16,0.0064848321489989,0.0064871879294514,0.0064615760929882,0.0064848321489989,0
2024-04-17,0.0064642075449228,0.0064741261303424,0.0064629958942532,0.0064642075449228,0
2024-04-18,0.0064791180193424,0.0064941388554871,0.0064665898680686,0.0064791180193424,0
2024-04-19,0.0064678867347538,0.0065096537582576,0.0064657544717192,0.0064678867347538,0
2024-04-22,0.0064666322432458,0.0064688487909734,0.0064606163650751,0.0064670923165977,0
2024-04-23,0.0064594056457281,0.0064685568213462,0.0064569865353405,0.0064594056457281,0
2024-04-24,0.0064622857607901,0.0064624529331922,0.006446206010878,0.0064622857607901,0
2024-04-25,0.0064408504404127,0.0064408504404127,0.0064211231656372,0.0064408504404127,0
2024-04-26,0.0064268591813743,0.0064317365176975,0.0063425214029848,0.0064268591813743,0
2024-04-29,0.0063201538287103,0.0064704399555921,0.0062515237368643,0.0063201538287103,0
2024-04-30,0.00639738002792,0.0064018848352134,0.0063469498418271,0.00639738002792,0
2024-05-01,0.0063402694649994,0.0063523924909532,0.0063298353925347,0.0063402694649994,0
2024-05-02,0.0064224428497254,0.0065148705616593,0.0063999588601291,0.0064224428497254,0
2024-05-03,0.006534026004374,0.0065841022878885,0.0065184799022972,0.006534026004374,0
2024-05-06,0.0065118581987917,0.0065222638659179,0.0064932955428957,0.0065118581987917,0
2024-05-07,0.0064835287630558,0.0064979791641235,0.0064666322432458,0.0064835287630558,0
2024-05-08,0.0064621190540492,0.0064643747173249,0.0064246710389852,0.0064621190540492,0
2024-05-09,0.0064342194236814,0.0064422199502587,0.0064124348573386,0.0064342194236814,0
2024-05-10,0.006435461807996,0.0064357933588325,0.0064149443060159,0.006435461807996,0
2024-05-13,0.0064177438616752,0.0064269006252288,0.0064016385003924,0.0064177438616752,0
2024-05-14,0.0064006964676082,0.0064009418711066,0.0063828020356595,0.0064006964676082,0
2024-05-15,0.0063898582011461,0.0064616594463586,0.00638761324808,0.0063898582011461,0
2024-05-16,0.006481637712568,0.0065108407288789,0.0064302063547074,0.006481637712568,0
2024-05-17,0.0064358762465417,0.0064403526484966,0.0064112837426364,0.0064358762465417,0
2024-05-20,0.0064203809015452,0.0064302887767553,0.0064012701623141,0.0064203809015452,0
2024-05-21,0.0063950889743864,0.0064155207946896,0.006388796493411,0.0063950889743864,0
2024-05-22,0.0063999588601291,0.0064042215235531,0.0063854921609163,0.0063999588601291,0
2024-05-23,0.0063814581371843,0.0063885920681059,0.0063628209754824,0.0063814581371843,0
2024-05-24,0.0063705220818519,0.0063747866079211,0.006363873835653,0.0063705220818519,0
2024-05-27,0.0063747055828571,0.0063825170509517,0.0063712527044117,0.0063747055828571,0
2024-05-28,0.0063757211901247,0.0063852067105472,0.0063698729500174,0.0063757211901247,0
2024-05-29,0.006358815357089,0.0063685341738164,0.0063436077907681,0.006358815357089,0
2024-05-30,0.0063448552973568,0.0063927583396434,0.006344090681523,0.0063448552973568,0
2024-05-31,0.006371334195137,0.0063869194127619,0.0063547743484377,0.006371334195137,0
2024-06-03,0.0063621327280998,0.0064114485867321,0.0063511822372674,0.0063621327280998,0
2024-06-04,0.0064071347005665,0.0064682634547352,0.0063906335271894,0.0064071347005665,0
2024-06-05,0.0064464560709893,0.0064469962380826,0.0063908784650266,0.0064464560709893,0
2024-06-06,0.0064131752587854,0.0064347167499363,0.0063940254040062,0.0064131752587854,0
2024-06-07,0.0064227310940623,0.0064457077533006,0.0063667097128927,0.0064227310940623,0
2024-06-10,0.0063762092031538,0.0063806842081248,0.0063618896529078,0.0063762092031538,0
2024-06-11,0.0063678044825792,0.0063771032728254,0.0063537247478961,0.0063678044825792,0
2024-06-12,0.0063651697710156,0.006421411409974,0.0063546528108417,0.0063651697710156,0
2024-06-13,0.0063775507733225,0.006386634428054,0.0063572791405022,0.0063775507733225,0
2024-06-14,0.0063642379827797,0.0063734864816069,0.0063192355446517,0.0063642379827797,0
2024-06-17,0.0063473521731793,0.0063625373877584,0.0063310372643172,0.0063473521731793,0
2024-06-18,0.0063411542214453,0.0063481987453997,0.0063199941068887,0.0063411542214453,0
2024-06-19,0.0063342857174575,0.0063446541316807,0.0063313175924122,0.0063342857174575,0
2024-06-20,0.006330796983093,0.0063308770768344,0.006298339460045,0.006330796983093,0
2024-06-21,0.0062920385971665,0.006301752757281,0.006265350151807,0.0062920385971665,0
2024-06-24,0.0062554348260164,0.0062885959632694,0.0062534003518521,0.0062554348260164,0
2024-06-25,0.0062622893601655,0.006279316265136,0.0062597808428108,0.0062622893601655,0
2024-06-26,0.0062622893601655,0.0062631922774016,0.0062187896110117,0.0062622893601655,0
2024-06-27,0.0062258359976112,0.0062377587892115,0.0062218462117016,0.0062258359976112,0
2024-06-28,0.0062232790514826,0.0062391986139118,0.006201896816492,0.0062232790514826,0
2024-07-01,0.0062147700227797,0.0062181707471609,0.0061837183311581,0.0062147700227797,0
2024-07-02,0.0061914906837046,0.006200204603374,0.0061831451021134,0.0061914906837046,0
2024-07-03,0.0061917970888316,0.0062163923867046,0.0061750500462949,0.0061917970888316,0
2024-07-04,0.00618731463328,0.0062129166908562,0.0061886548064649,0.00618731463328,0
2024-07-05,0.0061973994597792,0.006232626736164,0.0061968620866537,0.0061973994597792,0
2024-07-08,0.0062251770868897,0.0062393927946686,0.0062070549465715,0.0062251770868897,0
2024-07-09,0.0062167020514607,0.0062209563329815,0.0061921421438455,0.0062167020514607,0
2024-07-10,0.0061984369531273,0.0061996281147003,0.0061827623285353,0.0061984369531273,0
2024-07-11,0.006187851075083,0.0063496497459709,0.0061824950389564,0.006187851075083,0
2024-07-12,0.0063210725784301,0.0063540879637002,0.0062744701281189,0.0063210725784301,0
2024-07-15,0.0063166003674268,0.0063389837741851,0.0063148057088255,0.0063166003674268,0
2024-07-16,0.0063234707340598,0.0063245901837944,0.0062956036999821,0.0063234707340598,0
2024-07-17,0.0063151246868073,0.0064053293317556,0.0063060447573661,0.0063151246868073,0
2024-07-18,0.0064231851138174,0.0064309923909604,0.0063700354658067,0.0064231851138174,0
2024-07-19,0.0063633471727371,0.0063703195191919,0.0063349278643727,0.0063633471727371,0
2024-07-22,0.0063523524440824,0.0063979937694966,0.0063449763692915,0.0063523524440824,0
2024-07-23,0.0063738515600562,0.0064172907732427,0.0063733644783496,0.0063738515600562,0
2024-07-24,0.006419803481549,0.0065312096849083,0.0064112013205885,0.006419803481549,0
2024-07-25,0.0064981053583323,0.0065803760662674,0.0064871455542743,0.0064981053583323,0
2024-07-26,0.006506307516247,0.006524774711579,0.0064628287218511,0.006506307516247,0
2024-07-29,0.0064876503311097,0.0065332571975886,0.0064793275669217,0.0064876503311097,0
2024-07-30,0.0065005561336874,0.0065080435015261,0.0064437142573297,0.0065005561336874,0
2024-07-31,0.0065500754863023,0.0066816336475312,0.0065112225711345,0.0065500754863023,0
2024-08-01,0.0066780638881027,0.0067337797954678,0.0066287945955991,0.0066780638881027,0
2024-08-02,0.0067023676820099,0.0068294815719127,0.0066771716810762,0.0067023676820099,0
2024-08-05,0.0068688867613673,0.0070573119446635,0.0068531641736626,0.0068688867613673,0
2024-08-06,0.0068591814488172,0.0069414074532687,0.00683727953583,0.0068591814488172,0
2024-08-07,0.0069093224592506,0.0069178300909698,0.006764892488718,0.0069093224592506,0
2024-08-08,0.0068435030989348,0.0068742227740585,0.006780810188502,0.0068435030989348,0
2024-08-09,0.0067719016224145,0.0068347095511853,0.006768831051886,0.0067719016224145,0
2024-08-12,0.0068007777445018,0.0068166786804795,0.0067475927062332,0.0068007777445018,0
2024-08-13,0.006803554482758,0.0068068425171077,0.0067599541507661,0.006803554482758,0
2024-08-14,0.0068040639162063,0.0068455175496637,0.0067772716283798,0.0068040639162063,0
2024-08-15,0.0067910328507423,0.0067998068407177,0.0066995839588344,0.0067910328507423,0
2024-08-16,0.0067014247179031,0.0067732776515185,0.0067010656930506,0.0067014247179031,0
2024-08-19,0.0067587662488222,0.0068860566243529,0.0067586288787424,0.0067587662488222,0
2024-08-20,0.0068166786804795,0.0068712467327713,0.0067879906855523,0.0068166786804795,0
2024-08-21,0.0068800868466496,0.0068974555470049,0.006833448074758,0.0068800868466496,0
2024-08-22,0.0068909442052245,0.0068990257568657,0.0068273367360234,0.0068909442052245,0
2024-08-23,0.0068398518487811,0.0069153904914855,0.0068271965719759,0.0068398518487811,0
2024-08-26,0.0069444444961845,0.0069705839268863,0.0069166342727839,0.0069444444961845,0
2024-08-27,0.0069196484982967,0.0069364965893328,0.0068892822600901,0.0069196484982967,0
2024-08-28,0.0069456500932574,0.0069486908614635,0.006895363330841,0.0069456500932574,0
2024-08-29,0.0069236257113516,0.0069308234378695,0.0068716718815267,0.0069236257113516,0
2024-08-30,0.0069017875939607,0.0069107548333704,0.0068510980345308,0.0069017875939607,0
2024-09-02,0.0068314876407384,0.0068588983267545,0.0067972182296216,0.0068314876407384,0
2024-09-03,0.0068156104534864,0.0068885707296431,0.0067940321750938,0.0068156104534864,0
2024-09-04,0.0068798032589256,0.0069431429728865,0.00687105813995,0.0068798032589256,0
2024-09-05,0.0069771981798112,0.0070001538842916,0.0069346204400062,0.0069771981798112,0
2024-09-06,0.0069738407619297,0.0070539275184273,0.0069517819210886,0.0069738407619297,0
2024-09-09,0.0070182336494326,0.0070202532224357,0.0069547803141176,0.0070182336494326,0
2024-09-10,0.0069843619130551,0.0070292842574417,0.0069601531140506,0.0069843619130551,0
2024-09-11,0.0070306682027876,0.0071064112707972,0.0070191198028624,0.0070306682027876,0
2024-09-12,0.0070131146349012,0.0070465710014104,0.0069924690760672,0.0070131146349012,0
2024-09-13,0.007067188154906,0.007124435622245,0.0070657897740602,0.007067188154906,0
2024-09-16,0.0071027777157723,0.0071644526906311,0.0070972824469208,0.0071027777157723,0
2024-09-17,0.0071027777157723,0.0071264156140387,0.0070497002452611,0.0071027777157723,0
2024-09-18,0.0070415097288787,0.0070799468085169,0.0070397253148257,0.0070415097288787,0
2024-09-19,0.0070072170346975,0.0070390314795076,0.0069475807249546,0.0070072170346975,0
2024-09-20,0.0069999578408896,0.0070540267042815,0.006921564694494,0.0069999578408896,0
2024-09-23,0.0069442517124116,0.0069834352470934,0.006923337932676,0.0069442517124116,0
2024-09-24,0.0069619459100067,0.0069729168899357,0.006912522483617,0.0069619459100067,0
2024-09-25,0.0069948169402778,0.0069961380213499,0.0069162035360932,0.0069948169402778,0
2024-09-26,0.0069116619415581,0.0069388062693178,0.0068876212462782,0.0069116619415581,0
2024-09-27,0.006892938632518,0.0070198103785514,0.0068277092650532,0.006892938632518,0
2024-09-30,0.0070036347024142,0.0070598032325506,0.0069756410084664,0.0070036347024142,0
2024-10-01,0.0069584576413035,0.0069918828085064,0.006920606829226,0.0069584576413035,0
2024-10-02,0.0069571998901665,0.0069670877419412,0.0068375132977962,0.0069571998901665,0
2024-10-03,0.0068221199326217,0.0068337288685142,0.0067930165678262,0.0068221199326217,0
2024-10-04,0.0068101338110864,0.0068520372733473,0.0067232311703264,0.0068101338110864,0
2024-10-07,0.0067195268347859,0.0067630168050527,0.0067209722474217,0.0067195268347859,0
2024-10-08,0.0067500979639589,0.0067848130129277,0.0067407703027129,0.0067500979639589,0
2024-10-09,0.0067495056428015,0.0067556160502135,0.0066998084075748,0.0067495056428015,0
2024-10-10,0.0067042103037238,0.0067377272062003,0.0066876211203634,0.0067042103037238,0
2024-10-11,0.0067247687838971,0.0067385896109044,0.0066995839588344,0.0067247687838971,0
2024-10-14,0.0066963988356292,0.0067048398777842,0.0066689336672425,0.0066963988356292,0
2024-10-15,0.006681365892291,0.0067180371843278,0.0066782422363758,0.006681365892291,0
2024-10-16,0.006706953048706,0.0067145642824471,0.0066784652881324,0.006706953048706,0
2024-10-17,0.0066855642944574,0.0066998531110584,0.0066605387255549,0.0066855642944574,0
2024-10-18,0.0066622248850762,0.0066882921382784,0.0066604944877326,0.0066622248850762,0
2024-10-21,0.0066844918765127,0.0067070885561406,0.0066450922749936,0.0066844918765127,0
2024-10-22,0.0066398861818015,0.0066437232308089,0.006616863887757,0.0066398861818015,0
2024-10-23,0.0066164694726467,0.0066158571280539,0.0065289069898426,0.0066164694726467,0
2024-10-24,0.0065458309836685,0.0065883100032806,0.0065458733588457,0.0065458309836685,0
2024-10-25,0.006588352844119,0.0066009215079247,0.0065728933550417,0.006588352844119,0
2024-10-28,0.0065379990264773,0.0065607754513621,0.006499077193439,0.0065379990264773,0
2024-10-29,0.0065283100120723,0.0065458733588457,0.0065002599731087,0.0065283100120723,0
2024-10-30,0.0065242638811469,0.0065445024520158,0.0065158465877175,0.0065242638811469,0
2024-10-31,0.0065272450447082,0.0065823253244161,0.0065122819505631,0.0065272450447082,0
2024-11-01,0.0065798135474324,0.0065860962495207,0.0065358621068298,0.0065798135474324,0
2024-11-04,0.0065665487200021,0.0065984390676021,0.0065666348673403,0.0065665487200021,0
2024-11-05,0.0065670227631926,0.0065877884626388,0.0065560438670217,0.0065670227631926,0
2024-11-06,0.0066034933552145,0.0066075073555111,0.0064662140794098,0.0066034933552145,0
2024-11-07,0.0064800409600138,0.0065418914891779,0.0064640408381819,0.0064800409600138,0
2024-11-08,0.0065282676368951,0.0065715541131794,0.0065209027379751,0.0065282676368951,0
2024-11-11,0.0065400511957705,0.006541505921632,0.0064958687871694,0.0065400511957705,0
2024-11-12,0.006515507120639,0.0065184375271201,0.0064616180025041,0.006515507120639,0
2024-11-13,0.0064660049974918,0.0064787818118929,0.006439481396228,0.0064660049974918,0
2024-11-14,0.0064338059164583,0.006433930248022,0.0064004911109805,0.0064338059164583,0
2024-11-15,0.0063910828903317,0.0064712353050708,0.0063797482289373,0.0063910828903317,0
2024-11-18,0.0064656287431716,0.0064992462284862,0.0064374920912086,0.0064656287431716,0
2024-11-19,0.0064675938338041,0.006519032176584,0.0064664226956665,0.0064675938338041,0
2024-11-20,0.0064633721485733,0.0064678033813834,0.0064155207946896,0.0064633721485733,0
2024-11-21,0.0064393575303256,0.0064955311827361,0.0064403940923511,0.0064393575303256,0
2024-11-22,0.0064843273721635,0.0064945607446134,0.0064524868503212,0.0064843273721635,0
2024-11-25,0.0064873564988374,0.0065125366672873,0.0064642913639545,0.0064873564988374,0
2024-11-26,0.0064776064828038,0.0065348800271749,0.0064777750521898,0.0064776064828038,0
2024-11-27,0.0065355631522834,0.0066433269530534,0.006535648368299,0.0065355631522834,0
2024-11-28,0.0066078132949769,0.0066098659299314,0.0065815025009214,0.0066078132949769,0
2024-11-29,0.0066148941405117,0.0066849389113485,0.0066144131124019,0.0066148941405117,0
2024-12-02,0.0066712033003568,0.0067060985602438,0.0066339392215013,0.0066748545505106,0
2024-12-03,0.0066886055283248,0.0067271664738655,0.0066571249626576,0.0066886055283248,0
2024-12-04,0.0066823922097682,0.0066873081959784,0.0066130133345723,0.0066823922097682,0
2024-12-05,0.0066415616311132,0.0066815894097089,0.0066364044323563,0.0066415616311132,0
2024-12-06,0.0066574793308973,0.0066925445571541,0.0066364486701786,0.0066574793308973,0
2024-12-09,0.0066653336398303,0.0066801602952182,0.0066116144880652,0.0066697346046566,0
2024-12-10,0.0066046705469489,0.0066264225170016,0.006571726873517,0.0066046705469489,0
2024-12-11,0.0065873111598193,0.0066138440743088,0.0065457876771688,0.0065873111598193,0
2024-12-12,0.006568360608071,0.0065860534086823,0.0065458733588457,0.006568360608071,0
2024-12-13,0.0065536377951502,0.0065530794672667,0.0065031768754124,0.0065536377951502,0
2024-12-16,0.0065166531130671,0.0065220510587096,0.0064735813066363,0.0065166531130671,0
2024-12-17,0.0064898822456598,0.0065189050510525,0.0064797052182257,0.0064898822456598,0
2024-12-18,0.0065116034820675,0.0065215406939387,0.0064904298633337,0.0065116034820675,0
2024-12-19,0.0064652524888515,0.0064740423113107,0.0063374969176948,0.0064652524888515,0
2024-12-20,0.006343406625092,0.006406026892364,0.0063342051580548,0.006343406625092,0
2024-12-23,0.0063884290866553,0.0063964794389903,0.006358896382153,0.0063884290866553,0
2024-12-24,0.0063627399504184,0.0063734864816069,0.0063541685231029,0.0063627399504184,0
2024-12-25,0.0063650887459516,0.0068398518487811,0.0063346871174871,0.0063650887459516,0
2024-12-26,0.006364035885781,0.0063661825843155,0.0063261110335588,0.006364035885781,0
2024-12-27,0.0063392245210707,0.0063551780767738,0.0063325208611786,0.0063392245210707,0
2024-12-30,0.0063342051580548,0.0063829245045781,0.0063267513178288,0.0063342051580548,0
2024-12-31,0.0063696298748254,0.0064084897749125,0.00635283626616,0.0063696298748254,0
2025-01-02,0.0063403905369341,0.0063918591476976,0.0063385413959622,0.0063403905369341,0
2025-01-03,0.0063547743484377,0.0063682910986244,0.006349972449243,0.0063547743484377,0
2025-01-06,0.006349972449243,0.0063990168273448,0.0063311173580586,0.006349972449243,0
2025-01-07,0.0063394256867468,0.0063536437228322,0.0063122943975031,0.0063394256867468,0
2025-01-08,0.0063196746632456,0.0063330424018204,0.0063074370846152,0.0063196746632456,0
2025-01-09,0.0063214320689439,0.0063459430821239,0.0063169598579406,0.0063214320689439,0
2025-01-10,0.0063271913677453,0.0063603115268051,0.0062949699349701,0.0063271913677453,0
2025-01-13,0.0063336440362036,0.0063731209374964,0.0063309171237051,0.0063336440362036,0
2025-01-14,0.006354693789035,0.0063633876852691,0.0063242306932806,0.006354693789035,0
2025-01-15,0.0063271117396652,0.0064115305431187,0.0063258307054638,0.0063271117396652,0
2025-01-16,0.0063997949473559,0.0064466632902622,0.006389613263309,0.0063997949473559,0
2025-01-17,0.0064368289895355,0.0064523206092417,0.0063952929340302,0.0064368289895355,0
2025-01-20,0.0063977069221436,0.0064340541139245,0.0063915322534739,0.0063977069221436,0
2025-01-21,0.006441265810281,0.0064600314944982,0.0064036478288471,0.006441265810281,0
2025-01-22,0.0064195566810667,0.0064356280490756,0.0063842693343758,0.0064195566810667,0
2025-01-23,0.0063922270201146,0.0064154383726418,0.0063797077164053,0.0063922270201146,0
2025-01-24,0.0064038936980068,0.0064573618583381,0.0063870013691484,0.0064038936980068,0
2025-01-27,0.0064207930117845,0.0065051224082708,0.0064009833149611,0.0064207930117845,0
2025-01-28,0.0064554028213024,0.0064596557058393,0.0064114485867321,0.0064554028213024,0
2025-01-29,0.0064284289255738,0.0064527364447712,0.0064194332808256,0.0064284289255738,0
2025-01-30,0.0064445449970662,0.0065018660388886,0.0064442958682775,0.0064445449970662,0
2025-01-31,0.0064894189126789,0.0064963749609887,0.006451862398535,0.0064894189126789,0
2025-02-03,0.0064365388825535,0.0064927055500447,0.0064158495515584,0.0064365388825535,0
2025-02-04,0.0064401039853692,0.0064735813066363,0.0064312405884265,0.0064401039853692,0
2025-02-05,0.00648790365085,0.0065738870762288,0.0064788241870701,0.00648790365085,0
2025-02-06,0.0065528219565749,0.006592652760446,0.0065418914891779,0.0065528219565749,0
2025-02-07,0.0066140629351139,0.0066249733790755,0.0065669803880155,0.0066140629351139,0
2025-02-10,0.0065856198780238,0.0065972199663519,0.0065563023090362,0.0065856198780238,0
2025-02-11,0.00658939499408,0.0065925228409469,0.0065539819188416,0.00658939499408,0
2025-02-12,0.0065471162088215,0.0065471162088215,0.0064602820202708,0.0065471162088215,0
2025-02-13,0.0064827715978026,0.0065388535149395,0.0064663393422961,0.0064827715978026,0
2025-02-14,0.0065364176407456,0.0065776919946074,0.0065325750038027,0.0065364176407456,0
2025-02-17,0.006577952299267,0.0066077257506549,0.0065748379565775,0.006577952299267,0
2025-02-18,0.0066031008027493,0.0066034495830535,0.0065700002014636,0.0066031008027493,0
2025-02-19,0.0065819351002573,0.0066113513894379,0.0065660742111504,0.0065819351002573,0
2025-02-20,0.0066128820180892,0.0066893207840621,0.006613363046199,0.0066128820180892,0
2025-02-21,0.0066930819302797,0.0066929478198289,0.0066341594792902,0.0066930819302797,0
2025-02-24,0.0066940230317413,0.0067184437066316,0.0066728945821523,0.0066940230317413,0
2025-02-25,0.0066727166995406,0.0067296563647687,0.0066539351828396,0.0066727166995406,0
2025-02-26,0.006707897875458,0.0067268493585288,0.0066717821173369,0.006707897875458,0
2025-02-27,0.0067187142558395,0.0067203398793935,0.0066601396538317,0.0067187142558395,0
2025-02-28,0.0066661336459219,0.0067065935581922,0.0066240523010492,0.0066661336459219,0
2025-03-03,0.0066325752995908,0.0066689336672425,0.0066094291396439,0.0066325752995908,0
2025-03-04,0.0066976998932659,0.0067520579323172,0.0066864136606454,0.0066976998932659,0
2025-03-05,0.006675612181425,0.0067376364022493,0.0066587207838892,0.006675612181425,0
2025-03-06,0.0067160073667764,0.0067875757813453,0.0066972956992685,0.0067160073667764,0
2025-03-07,0.0067518297582864,0.0068031838163733,0.006750508211553,0.0067518297582864,0
2025-03-10,0.0067747007124125,0.0068195145577192,0.0067666778340935,0.0067747007124125,0
2025-03-11,0.0067995293065905,0.006823749281466,0.0067515564151108,0.0067995293065905,0
2025-03-12,0.0067548393271863,0.0067637027241289,0.0067030414938926,0.0067548393271863,0
2025-03-13,0.0067440429702401,0.0067756185308098,0.0067403614521026,0.0067440429702401,0
2025-03-14,0.0067590856924653,0.0067636114545166,0.0067115896381437,0.0067590856924653,0
2025-03-17,0.0067295655608177,0.0067436341196298,0.0067078080028295,0.0067295655608177,0
2025-03-18,0.0066943815909326,0.00669976323843,0.0066696456633508,0.0066943815909326,0
2025-03-19,0.0066911117173731,0.0067044352181255,0.0066603617742657,0.0066911117173731,0
2025-03-20,0.0067344601266086,0.0067485491745173,0.0067140227183699,0.0067344601266086,0
2025-03-21,0.0067296563647687,0.0067296107299625,0.0066822138614952,0.0067296563647687,0
2025-03-24,0.0066810529679059,0.0066903056576848,0.006633807439357,0.0066810529679059,0
2025-03-25,0.0066324430517852,0.0066866371780633,0.0066253687255084,0.0066324430517852,0
2025-03-26,0.0066688898950815,0.0066732955165207,0.006633851211518,0.0066688898950815,0
2025-03-27,0.0066457102075219,0.006663778796792,0.0066188788041472,0.0066457102075219,0
2025-03-28,0.0066292337141931,0.0066700903698801,0.0066137565299868,0.0066292337141931,0
2025-03-31,0.0066837323829531,0.0067244968377053,0.006668756250292,0.0066837323829531,0
2025-04-01,0.0066705360077321,0.0067124455235898,0.0066675557754933,0.0066705360077321,0
2025-04-02,0.0066763246431946,0.0067064138129353,0.0066632903181016,0.0066763246431946,0
2025-04-03,0.006762605626136,0.0068804654292762,0.0067422701977193,0.006762605626136,0
2025-04-04,0.0068384949117898,0.0069155334495007,0.0068259383551776,0.0068384949117898,0
2025-04-07,0.0068760183639824,0.0068920361809432,0.0067584919743239,0.0068760183639824,0
2025-04-08,0.0067664035595953,0.006817468907684,0.006759725511074,0.0067664035595953,0
2025-04-09,0.0068565942347049,0.006942274980247,0.0068547143600881,0.0068565942347049,0
2025-04-10,0.0067843063734471,0.0069412146694958,0.0067826500162482,0.0067843063734471,0
2025-04-11,0.0069566671736538,0.0070372484624385,0.0069391438737511,0.0069566671736538,0
2025-04-14,0.0069591361097991,0.0070291357114911,0.0069421785883605,0.0069591361097991,0
2025-04-15,0.0069822166115045,0.0070120329037308,0.0069648069329559,0.0069822166115045,0
2025-04-16,0.0069841668009757,0.0070387343876063,0.0069852885790169,0.0069841668009757,0
2025-04-17,0.007045826409012,0.0070464718155562,0.0069920290261507,0.007045826409012,0
2025-04-22,0.0070984410122036,0.0071483715437352,0.0070851636119186,0.0070984410122036,0
2025-04-23,0.0070082978345453,0.0070655895397067,0.0070051560178399,0.0070082978345453,0
2025-04-24,0.0069821183569729,0.0070270118303596,0.0069767609238624,0.0069821183569729,0
2025-04-25,0.006998929195106,0.0070006442256271,0.0069433357566595,0.006998929195106,0
2025-04-28,0.0069521204568445,0.0070104100741446,0.006951009389013,0.0069521204568445,0
2025-04-29,0.0070334374904632,0.0070411623455584,0.0070049101486802,0.0070334374904632,0
2025-04-30,0.007027456536889,0.0070337830111384,0.0069860205985605,0.007027456536889,0
2025-05-01,0.0069925668649375,0.0069983904249966,0.0068665281869471,0.0069925668649375,0
2025-05-02,0.0068753096275031,0.0069571021012961,0.0068537276238203,0.0068753096275031,0
2025-05-05,0.006914481986314,0.0069665047340095,0.0069071748293936,0.006914481986314,0
2025-05-06,0.0069611701183021,0.0070242965593934,0.0069324090145528,0.0069611701183021,0
2025-05-07,0.0069912956096231,0.0070043704472482,0.006968252826482,0.0069912956096231,0
2025-05-08,0.0069517819210886,0.0069701950997114,0.0068703023716807,0.0069517819210886,0
2025-05-09,0.0068486114032566,0.006903741043061,0.0068415361456573,0.0068486114032566,0
2025-05-12,0.0068581462837755,0.0068625700660049,0.0067302901297807,0.0068581462837755,0
2025-05-13,0.0067426338791847,0.0067724981345236,0.0067455903626978,0.0067426338791847,0
2025-05-14,0.0067783743143081,0.0068667642772197,0.0067729572765529,0.0067783743143081,0
2025-05-15,0.0068189571611583,0.0068768225610256,0.0068156570196151,0.0068189571611583,0
2025-05-16,0.0068675181828439,0.0068997871130704,0.0068466416560113,0.0068675181828439,0
2025-05-19,0.006882406771183,0.00691285636276,0.0068804654292762,0.006882406771183,0
2025-05-20,0.0068977405317127,0.0069397697225213,0.0068752616643905,0.0068977405317127,0
2025-05-21,0.0069286623038351,0.0069706328213214,0.0069277505390346,0.0069286623038351,0
2025-05-22,0.0069562797434628,0.0070014279335737,0.006942274980247,0.0069562797434628,0
2025-05-23,0.0069512990303337,0.0070190709084272,0.0069439625367522,0.0069512990303337,0
2025-05-26,0.0069995168596506,0.0070306682027876,0.0069913933984935,0.0069995168596506,0
2025-05-27,0.0070099192671477,0.007035763002932,0.0069228583015501,0.0070099192671477,0
2025-05-28,0.0069359191693365,0.0069507677108049,0.006893509067595,0.0069359191693365,0
2025-05-29,0.0068635591305792,0.0069412146694958,0.0068375598639249,0.0068635591305792,0
2025-05-30,0.0069551183842122,0.0069713615812361,0.006925159599632,0.0069551183842122,0
2025-06-02,0.006953377276659,0.0070152790285646,0.0069542480632662,0.006953377276659,0
2025-06-03,0.0070199086330831,0.0070213377475738,0.0069457464851439,0.0070199086330831,0
2025-06-04,0.0069523137062788,0.0069977538660168,0.0069276546128094,0.0069523137062788,0
2025-06-05,0.0070061376318335,0.007013261783868,0.0069469530135393,0.0070061376318335,0
2025-06-06,0.0069666015915572,0.0069664567708969,0.0068929865956306,0.0069666015915572,0
2025-06-09,0.0069112800993025,0.0069452165625989,0.0068993591703474,0.0069112800993025,0
2025-06-10,0.0069185001775622,0.0069247279316186,0.0068828812800347,0.0069185001775622,0
2025-06-11,0.0069042653776705,0.0069263111799955,0.0068769645877182,0.0069042653776705,0
2025-06-12,0.0069346684031188,0.0069829481653869,0.0069288066588342,0.0069346684031188,0
2025-06-13,0.0069835330359637,0.0070019676350057,0.0069221397861838,0.0069835330359637,0
2025-06-16,0.0069400584325194,0.0069608795456588,0.0069170165807008,0.0069400584325194,0
2025-06-17,0.0069094649516046,0.0069245365448296,0.0068840654566884,0.0069094649516046,0
2025-06-18,0.0068787140771746,0.0069180214777588,0.0068757818080484,0.0068787140771746,0
2025-06-19,0.0068986928090453,0.0069085583090782,0.0068603572435677,0.0068986928090453,0
2025-06-20,0.0068861986510455,0.0068895667791366,0.0068515203893184,0.0068861986510455,0
2025-06-23,0.0068388227373361,0.0068427063524723,0.0067566656507551,0.0068388227373361,0
2025-06-24,0.006852694787085,0.0069191702641546,0.0068540563806891,0.006852694787085,0
2025-06-25,0.0068985973484814,0.0069142901338636,0.0068517080508172,0.0068985973484814,0
2025-06-26,0.006901120301336,0.0069555058144032,0.0068996446207165,0.006901120301336,0
2025-06-27,0.006911136675626,0.0069350050762295,0.006899835076183,0.006911136675626,0
2025-06-30,0.0069196014665067,0.0069541996344923,0.006909608375281,0.0069196014665067,0
2025-07-01,0.0069541027769446,0.007007953710854,0.0069481115788221,0.0069541027769446,0
2025-07-02,0.0069734039716422,0.0069747166708111,0.006933803204447,0.0069734039716422,0
2025-07-03,0.0069673787802457,0.0069708270020782,0.0068862931802868,0.0069673787802457,0
2025-07-04,0.0069117094390094,0.0069351498968899,0.0069070314057171,0.0069117094390094,0
2025-07-07,0.0069205109030008,0.0069331782869994,0.006854573264718,0.0069205109030008,0
2025-07-08,0.0068543856032192,0.0068563590757548,0.0068043870851397,0.0068543856032192,0
2025-07-09,0.0068097161129117,0.0068366252817213,0.0067947707138955,0.0068097161129117,0
2025-07-10,0.0068439710885286,0.0068603572435677,0.0068137063644826,0.0068439710885286,0
2025-07-11,0.0068358308635652,0.006837046239525,0.0067800283432006,0.0068358308635652,0
2025-07-14,0.0067890966311097,0.0068082325160503,0.0067701144143939,0.0067890966311097,0
2025-07-15,0.0067662657238543,0.0067772716283798,0.0067108240909874,0.0067662657238543,0
2025-07-16,0.0067221918143332,0.0068042487837374,0.0067038955166935,0.0067221918143332,0
2025-07-17,0.0067566195502877,0.0067564831115305,0.0067107784561812,0.0067566195502877,0
2025-07-18,0.0067366380244493,0.006747000850737,0.0067166839726269,0.0067366380244493,0
2025-07-21,0.0067371372133493,0.0067908484488725,0.0067316950298845,0.0067371372133493,0
2025-07-22,0.0067838463000953,0.0068331682123243,0.0067599541507661,0.0067838463000953,0
2025-07-23,0.0068126851692795,0.0068429405800998,0.0067941709421575,0.0068126851692795,0
2025-07-24,0.0068329814821481,0.0068560768850147,0.0068052667193114,0.0068329814821481,0
2025-07-25,0.0068024895153939,0.0068090208806097,0.0067602735944092,0.0068024895153939,0
2025-07-28,0.0067653045989573,0.0067785126157104,0.0067347325384616,0.0067653045989573,0
2025-07-29,0.0067349588498473,0.0067490045912563,0.0067204753868281,0.0067349588498473,0
2025-07-30,0.0067366380244493,0.0067653963342309,0.0067070885561406,0.0067366380244493,0
2025-07-31,0.0067012449726462,0.0067294300533831,0.0066389599815011,0.0067012449726462,0
2025-08-01,0.0066325310617685,0.0067713516764342,0.0066262469626963,0.0066325310617685,0
2025-08-04,0.006786884739995,0.0068083712831139,0.006753699388355,0.006786884739995,0
2025-08-05,0.0068123140372335,0.0068204910494387,0.0067646643146872,0.0068123140372335,0
2025-08-06,0.0067769042216241,0.0067921397276222,0.0067625143565237,0.0067769042216241,0
2025-08-07,0.0067938016727566,0.006816632580012,0.0067707556299865,0.0067938016727566,0
2025-08-08,0.00681027257815,0.0068133813329041,0.0067622396163642,0.00681027257815,0
2025-08-11,0.0067721311934292,0.0067864246666431,0.0067522400058805,0.0067721311934292,0
2025-08-12,0.0067510548979043,0.0067747924476861,0.0067337797954678,0.0067510548979043,0
2025-08-13,0.0067678233608603,0.0067979115992784,0.0067494148388504,0.0067678233608603,0
2025-08-14,0.0067971725948154,0.0068389163352549,0.006765991449356,0.0067971725948154,0
2025-08-15,0.0067708934657275,0.0068140313960611,0.0067698848433792,0.0067708934657275,0
2025-08-18,0.0067905252799391,0.0067968489602208,0.0067576239816844,0.0067905252799391,0
2025-08-19,0.0067605939693748,0.0067775472998619,0.0067525133490562,0.0067605939693748,0
2025-08-20,0.0067690596915781,0.0068080471828579,0.0067654424346983,0.0067690596915781,0
2025-08-21,0.006788037251681,0.0067906184121966,0.0067399521358311,0.006788037251681,0
2025-08-22,0.0067391800694167,0.0068218410015106,0.0067219659686088,0.0067391800694167,0
2025-08-25,0.006792786065489,0.0067981425672769,0.0067719933576881,0.006792786065489,0
2025-08-26,0.006764892488718,0.0068025360815227,0.006761553697288,0.006764892488718,0
2025-08-27,0.0067814076319336,0.0067841690033674,0.0067491866648197,0.0067814076319336,0
2025-08-28,0.0067881289869546,0.0068116639740765,0.0067812241613864,0.0067881289869546,0
2025-08-29,0.0068124532699584,0.0068133813329041,0.006784766446799,0.0068124532699584,0
2025-09-01,0.0067982352338731,0.0068124993704259,0.0067855953238904,0.0067982352338731,0
2025-09-02,0.0067988359369337,0.0067984201014041,0.0067144287750124,0.0067988359369337,0
2025-09-03,0.0067318305373191,0.0067589031532406,0.0067061884328722,0.0067318305373191,0
2025-09-04,0.0067576700821518,0.0067641148343682,0.0067217852920293,0.0067576700821518,0
2025-09-05,0.006739679723978,0.0068108751438558,0.0067372736521065,0.006739679723978,0
2025-09-08,0.0067410883493721,0.0067809945903718,0.0067319213412702,0.0067410883493721,0
2025-09-09,0.0067859180271625,0.0068340087309479,0.0067835706286132,0.0067859180271625,0
2025-09-10,0.0067846286110579,0.006796802394092,0.0067752515897154,0.0067846286110579,0
2025-09-11,0.0067873918451368,0.0068024434149265,0.0067575788125395,0.0067873918451368,0
2025-09-12,0.0067923706956207,0.0067949555814266,0.006754383444786,0.0067923706956207,0
2025-09-15,0.0067720394581556,0.0067917709238827,0.0067713516764342,0.0067720394581556,0
2025-09-16,0.0067840302363038,0.0068256123922765,0.006777960807085,0.0067840302363038,0
2025-09-17,0.0068299947306513,0.0068391500972211,0.0068175154738128,0.0068299947306513,0
2025-09-18,0.0068077687174081,0.0068089738488197,0.0067450436763465,0.0068077687174081,0
2025-09-19,0.0067591769620776,0.0067930165678262,0.0067454534582793,0.0067591769620776,0
2025-09-22,0.0067524225451052,0.0067687849514186,0.0067399074323475,0.0067524225451052,0
2025-09-23,0.0067693344317376,0.0067792017944157,0.0067604109644889,0.0067693344317376,0
2025-09-24,0.0067744706757366,0.0067790173925459,0.0067218304611742,0.0067744706757366,0
2025-09-25,0.0067226435057818,0.0067311967723071,0.0066745425574481,0.0067226435057818,0
2025-09-26,0.00667285034433,0.0066923205740749,0.0066695567220449,0.00667285034433,0
2025-09-29,0.0066932165063917,0.0067354580387473,0.006693260744214,0.0066932165063917,0
2025-09-30,0.0067297015339136,0.0067723607644438,0.0067199333570897,0.0067297015339136,0
2025-10-01,0.0067568938247859,0.0068208640441298,0.0067467279732227,0.0067568938247859,0
2025-10-02,0.0067988825030624,0.0068208640441298,0.0067792474292218,0.0067988825030624,0
2025-10-03,0.0067957867868244,0.006794816814363,0.0067653963342309,0.0067957867868244,0
2025-10-06,0.0066842236556112,0.0066898134537041,0.0066459756344556,0.0066842236556112,0
2025-10-07,0.0066519882529973,0.0066556627862155,0.0066137565299868,0.0066519882529973,0
2025-10-08,0.0065767411142587,0.0065747518092393,0.00653633242473,0.0065767411142587,0
2025-10-09,0.0065496466122567,0.006570647470653,0.0065269037149846,0.0065496466122567,0
2025-10-10,0.0065374434925615,0.0065995273180305,0.0065295463427901,0.0065374434925615,0
2025-10-13,0.0065765245817601,0.006590437144041,0.0065599153749644,0.0065765245817601,0
2025-10-14,0.006560216192156,0.0065938271582126,0.0065533802844583,0.006560216192156,0
2025-10-15,0.0065906108357012,0.006626290269196,0.0065866606310009,0.0065906108357012,0
2025-10-16,0.0066236569546163,0.0066435472108423,0.0066053690388798,0.0066236569546163,0
2025-10-17,0.0066613378003239,0.0066931270994246,0.0066407672129571,0.0066613378003239,0
2025-10-20,0.0066269054077565,0.0066539798863232,0.0066138003021478,0.0066269054077565,0
2025-10-21,0.0066324430517852,0.0066448710858821,0.0065720290876924,0.0066324430517852,0
2025-10-22,0.0065835816785693,0.0066003547981381,0.0065777790732681,0.0065835816785693,0
2025-10-23,0.0065809390507638,0.0065800291486084,0.0065451026894152,0.0065809390507638,0
2025-10-24,0.0065529937855899,0.0065639624372124,0.0065335561521351,0.0065529937855899,0
2025-10-27,0.0065333428792655,0.0065540680661797,0.0065255835652351,0.0065333428792655,0
2025-10-28,0.006549131590873,0.0065895253792405,0.0065475446172058,0.006549131590873,0
2025-10-29,0.0065906108357012,0.0065985261462628,0.0065567749552428,0.0065906108357012,0
2025-10-30,0.0065478449687361,0.0065709501504898,0.0064749647863209,0.0065478449687361,0
2025-10-31,0.0064977258443832,0.0065080435015261,0.0064776907674968,0.0064977258443832,0
2025-11-03,0.0064852940849959,0.006495741661638,0.006481553427875,0.0064852940849959,0
2025-11-04,0.0064849164336919,0.0065222210250794,0.0064740842208266,0.0064849164336919,0
2025-11-05,0.006512239575386,0.0065367594361305,0.0064786979928612,0.006512239575386,0
2025-11-06,0.0064904298633337,0.0065369303338229,0.0064879450947046,0.0064904298633337,0
2025-11-07,0.0065381699241697,0.0065422337502241,0.0065139364451169,0.0065381699241697,0
2025-11-10,0.0065012318082153,0.0065127490088343,0.0064836125820875,0.0065127490088343,0
2025-11-11,0.0064873564988374,0.0065074511803686,0.006473958492279,0.0064865984022617,0
2025-11-12,0.0064903455786406,0.0064912727102637,0.0064508221112191,0.0064912727102637,0
2025-11-13,0.0064635812304914,0.0064872722141444,0.0064522372558712,0.0064639984630048,0
2025-11-14,0.0064669251441955,0.0065082982182502,0.0064621609635651,0.0064670923165977,0
2025-11-17,0.0064689326100051,0.0064760968089103,0.0064393575303256,0.0064675523899495,0
2025-11-18,0.0064402697607874,0.0064584878273308,0.0064310752786695,0.0064412239007651,0
2025-11-19,0.0064288834109902,0.0064424686133861,0.0063816616311669,0.0064298757351934,0
2025-11-20,0.0063697509467601,0.0063743395730853,0.0063336440362036,0.0063697509467601,0
2025-11-21,0.0063544916920363,0.0064010238274931,0.006348118185997,0.0063539263792335,0
2025-11-24,0.0063821095973253,0.0063898176886141,0.0063625373877584,0.0063831689767539,0
2025-11-25,0.0063719027675688,0.0064137922599911,0.0063706440851092,0.006374379619956,0
2025-11-26,0.006400819402188,0.0064238039776682,0.0063807251863181,0.0064033190719783,0
2025-11-27,0.0064004505984485,0.0064217001199722,0.0063938209787011,0.0064015565440058,0
2025-11-28,0.0063986079767346,0.0064111608080565,0.0063867564313113,0.0063984845764935,0
2025-12-01,0.00641321670264,0.0064647090621292,0.0064139156602323,0.0064149033278226,0
2025-12-02,0.0064285113476216,0.0064325639978051,0.0064032371155917,0.006428925320506,0
2025-12-03,0.0064181964844465,0.0064511969685554,0.0064186914823949,0.0064205871894955,0
2025-12-04,0.0064471624791622,0.0064716963097453,0.0064296280033886,0.0064475778490304,0
2025-12-05,0.0064457077533006,0.0064786979928612,0.0064316131174564,0.006447369698435,0
2025-12-08,0.0064374920912086,0.0064556528814136,0.0064112837426364,0.006439025979489,0
2025-12-09,0.0064166733063757,0.0064205457456409,0.0063728773966431,0.0064168786630034,0
2025-12-10,0.0063760057091712,0.0063970112241804,0.0063727553933858,0.0063776322640478,0
2025-12-11,0.0064188973046839,0.0064539024606347,0.0064043449237942,0.0064207930117845,0
2025-12-12,0.0064280983060598,0.0064324815757572,0.006405247375369,0.0064318194054067,0
2025-12-15,0.0064148618839681,0.0064578619785606,0.0064115715213119,0.0064160558395087,0
2025-12-16,0.00645098881796,0.0064737489446997,0.0064469962380826,0.0064506139606237,0
2025-12-17,0.0064608664251863,0.006471904926002,0.0064256200566887,0.0064612836576998,0
2025-12-18,0.0064310752786695,0.006439606193453,0.0064116949215531,0.0064316955395042,0
2025-12-19,0.0064273136667907,0.0064280573278665,0.0063497303053736,0.0064280573278665,0
2025-12-22,0.0063421195372939,0.0063749081455171,0.0063432054594159,0.0063448157161474,0
2025-12-23,0.0063744205981493,0.0064240926876664,0.0063730394467711,0.0063730394467711,0
2025-12-24,0.0064030326902866,0.0064278915524482,0.0063999183475971,0.006403483916074,0
2025-12-26,0.0064065605401992,0.0064104618504643,0.0063841468654572,0.0064032785594463,0
2025-12-29,0.0063912873156368,0.00641321670264,0.0063897762447595,0.0063989763148128,0
2025-12-30,0.00640972238034,0.0064208754338324,0.0063878172077238,0.006413051392883,0
2025-12-31,0.0063933306373655,0.0063966843299567,0.0063698729500174,0.0063952109776437,0
2026-01-02,0.006380358710885,0.0063893683254718,0.0063697509467601,0.0063801147043704,0
2026-01-05,0.0063698729500174,0.0063973385840654,0.0063576023094356,0.0063708061352372,0
2026-01-06,0.0063846358098089,0.0064037297852337,0.0063782422803342,0.0063862670212984,0
2026-01-07,0.0063824360258877,0.0063979937694966,0.0063777947798371,0.0063833724707365,0
2026-01-08,0.006380358710885,0.0063911243341863,0.006366993766278,0.0063819061033427,0
2026-01-09,0.006374298594892,0.006374096032232,0.0063226711936295,0.0063736489973962,0
2026-01-12,0.0063231508247554,0.0063483598642051,0.0063215917907655,0.0063241906464099,0
2026-01-13,0.0063296752050518,0.0063305161893367,0.0062819202430546,0.0063292742706835,0
2026-01-14,0.0062822354957461,0.0063247107900679,0.0062720305286347,0.0062822354957461,0
2026-01-15,0.0063130520284175,0.0063201934099197,0.0062942565418779,0.0063116964884102,0
2026-01-16,0.0063053295016288,0.0063362922519445,0.0063021504320204,0.0063062831759452,0
2026-01-19,0.0063477954827249,0.0063522309064865,0.0063231913372874,0.0063465065322816,0
2026-01-20,0.0063220313750207,0.0063465470448136,0.0063054882921278,0.0063219121657311,0
2026-01-21,0.0063226311467587,0.0063391444273293,0.006317239254713,0.0063228709623217,0
2026-01-22,0.0063109002076089,0.0063209924846887,0.0062942565418779,0.0063108601607382,0
2026-01-23,0.0063091083429753,0.0063535631634294,0.0062811309471726,0.0063096256926655,0
2026-01-26,0.0064447107724845,0.0065209027379751,0.0064380718395113,0.0064438390545547,0
2026-01-27,0.0064793699420988,0.0065406071953475,0.0064570698887109,0.0064788241870701,0
2026-01-28,0.0065593984909355,0.0065646949224174,0.0065033878199756,0.0065565602853894,0
2026-01-29,0.0065318495035171,0.0065462589263916,0.0065144035033881,0.0065306550823152,0
2026-01-30,0.0065290345810353,0.0065323184244334,0.0064622024074196,0.0065296739339828,0
2026-02-02,0.0064432159997522,0.0064696026965975,0.006423226557672,0.0064459987916052,0
2026-02-03,0.0064332266338169,0.0064386525191366,0.0064073810353875,0.006430743727833,0
2026-02-04,0.0064185266382992,0.0064178672619163,0.0063757211901247,0.0064178672619163,0
2026-02-05,0.0063727954402565,0.006387204863131,0.006356147583574,0.0063733235001564,0
2026-02-06,0.0063782017678022,0.0063881841488182,0.006364116910845,0.0063787307590246,0
2026-02-09,0.0063595431856811,0.0064295451156795,0.0063590980134904,0.0063590980134904,0
2026-02-10,0.0064048366621136,0.0064903874881565,0.00639856653288,0.006405247375369,0
2026-02-11,0.0064732464961707,0.0065434747375547,0.0064705652184784,0.0064724083058536,0
2026-02-12,0.0065244766883552,0.0065669366158545,0.0065045724622905,0.0065257539972662,0
2026-02-13,0.00654360326007,0.0065468591637909,0.0065080863423645,0.0065463446080684,0
2026-02-16,0.0065454021096229,0.0065457876771688,0.0065096113830804,0.0065450170077383,0
2026-02-17,0.0065100356005132,0.0065487455576658,0.0064982748590409,0.0065125366672873,0
2026-02-18,0.0065295887179672,0.0065332571975886,0.006473371759057,0.0065309964120388,0
2026-02-19,0.0064644170925021,0.0064709004946053,0.0064386525191366,0.0064647924154996,0
2026-02-20,0.0064449599012732,0.0064633307047188,0.0064257029443979,0.0064443787559866,0
2026-02-23,0.0064792437478899,0.006493717432022,0.0064506973139941,0.0064785298891365,0
2026-02-24,0.0064668413251638,0.0064675104804337,0.0064003276638686,0.0064667579717934,0
2026-02-25,0.0064151911064982,0.006436787545681,0.006377225741744,0.0064138742163777,0
2026-02-26,0.0064020487479865,0.0064207105897367,0.0063995495438575,0.0064043854363262,0
2026-02-27,0.0064160558395087,0.0064291730523109,0.0064013521187007,0.0064155613072216,0
2026-03-02,0.0063843508251011,0.0064041810110211,0.0063393851742148,0.0063853696919977,0
2026-03-03,0.0063590174540877,0.0063632256351411,0.006330476142466,0.0063584106974303,0
2026-03-04,0.0063382200896739,0.006374177057296,0.0063353287987411,0.0063378983177244,0
2026-03-05,0.0063701164908707,0.0063908379524946,0.0063384207896888,0.0063706035725772,0
2026-03-06,0.0063478359952569,0.0063527557067573,0.0063261506147682,0.0063483193516731,0
2026-03-09,0.0063120555132627,0.0063289934769272,0.0062935040332376,0.0063137691468,0
2026-03-10,0.0063352081924676,0.0063582090660929,0.0063307569362223,0.0063348873518407,0
2026-03-11,0.006324550602585,0.0063343257643282,0.006295682862401,0.0063263913616538,0
2026-03-12,0.0062863430939614,0.0063062440603971,0.0062780948355793,0.0062856315635144,0
2026-03-13,0.006281170528382,0.0062891501002013,0.0062644477002322,0.0062810122035443,0
2026-03-16,0.0062669208273291,0.0062950882129371,0.0062648397870361,0.0062691210769116,0
2026-03-17,0.0062851579859852,0.0063002044335007,0.0062701036222279,0.0062838145531713,0
2026-03-18,0.0062937014736235,0.0063064824789762,0.0062669995240867,0.0062936623580753,0
2026-03-19,0.0062580183148384,0.0063261506147682,0.006257195957005,0.006257195957005,0
2026-03-20,0.0063321599736809,0.0063396668992936,0.0062791588716208,0.0063325208611786,0
2026-03-23,0.0062800659798085,0.0063201133161783,0.0062637021765112,0.0062837754376232,0
2026-03-24,0.0063099842518568,0.0063127726316452,0.00629180110991,0.0063095460645854,0
2026-03-25,0.0063004824332892,0.0063060848042368,0.0062804203480482,0.0063008000142872,0
2026-03-26,0.0062741553410887,0.0062779760919511,0.0062621724791824,0.0062734861858189,0
2026-03-27,0.0062615843489766,0.006271322723478,0.0062438338063657,0.0062611526809632,0
2026-03-30,0.006240873131901,0.0062766363844275,0.0062409895472228,0.0062409895472228,0
2026-03-31,0.0062562171369791,0.0062935831956565,0.0062516019679605,0.0062596243806183,0
2026-04-01,0.006306005641818,0.006317957304418,0.0062897033058106,0.0063064428977668,0
2026-04-02,0.0063016735948622,0.0063051306642591,0.0062600942328572,0.0063012368045747,0
2026-04-03,0.0062699462287127,0.0062724631279706,0.0062619363889098,0.006271322723478,0
2026-04-06,0.0062586055137217,0.0062767942436039,0.0062580965459346,0.0062597808428108,0
2026-04-07,0.0062624076381325,0.0062706535682082,0.0062494142912328,0.006261505652219,0
2026-04-08,0.0063005620613694,0.0063334028236567,0.0062993317842483,0.0063032628968358,0
2026-04-09,0.0063035008497536,0.0063038188964128,0.0062782522290945,0.0063038188964128,0
2026-04-10,0.0062848809175193,0.0062889521941542,0.0062749427743256,0.0062857894226908,0
2026-04-13,0.0062625254504382,0.0062689245678484,0.0062558646313846,0.0062618581578135,0
2026-04-14,0.0062808543443679,0.006305051036179,0.0062765181064605,0.0062789618968963,0
2026-04-15,0.0062975459732115,0.0063031041063368,0.0062832618132233,0.0062986966222524,0
2026-04-16,0.0062968721613287,0.0063179973512887,0.0062779760919511,0.0062979031354188,0
2026-04-17,0.0062816040590405,0.0063446946442127,0.0062690027989447,0.0062804603949189,0
2026-04-20,0.0062829465605318,0.0063071190379559,0.0062823146581649,0.0062832618132233,0
2026-04-21,0.0062954849563539,0.0062971105799078,0.0062723057344555,0.0062950882129371,0
2026-04-22,0.0062745884060859,0.0062851971015334,0.0062694353982806,0.0062759667634963,0
2026-04-23,0.0062700640410184,0.0062775425612926,0.0062587624415755,0.0062698284164071,0
2026-04-24,0.0062598986551165,0.0062760454602539,0.0062563735991716,0.0062600942328572,0
2026-04-27,0.0062666065059602,0.0062857503071427,0.0062666460871696,0.0062666460871696,0
2026-04-28,0.0062752189114689,0.0062904949299991,0.0062584490515291,0.0062751402147114,0
2026-04-29,0.0062675490044057,0.0062687671743333,0.0062387702055275,0.0062678242102265,0
2026-04-30,0.0062428205274045,0.0064287600107491,0.0062226979061961,0.0062424703501164,0
2026-05-01,0.0063703195191919,0.0064302063547074,0.0063569149933755,0.0063696699216961,0
2026-05-04,0.0063756806775927,0.0064178672619163,0.0063582090660929,0.0063734864816069,0
2026-05-05,0.0063615660183131,0.0063645215705037,0.0063357301987707,0.0063611208461225,0
2026-05-06,0.0063420790247619,0.0064496574923396,0.0063335630111396,0.0063425619155168,0
2026-05-07,0.0063894498161971,0.0064087775535881,0.0063893273472785,0.0063893273472785,0
2026-05-08,0.0063763717189431,0.0063919820822775,0.0063705220818519,0.0063760057091712,0
2026-05-11,0.0063751926645636,0.0063753151334822,0.0063625774346292,0.0063739330507814,0
2026-05-12,0.0063600689172744,0.0063771847635507,0.0063393050804734,0.0063584917224943,0
2026-05-13,0.0063423202373087,0.0063460236415266,0.0063334829173982,0.0063421595841646,0
2026-05-14,0.0063350880518555,0.0063448157161474,0.006321792025119,0.0063352487049996,0
2026-05-15,0.0063138487748801,0.0063169202767312,0.0062996884807944,0.0063134101219475,0
2026-05-18,0.0062954849563539,0.0063035804778337,0.0062869749963283,0.0062944940291345,0
2026-05-19,0.0062948116101324,0.0062981019727885,0.0062797502614557,0.0062942565418779,0
2026-05-20,0.0062879240140318,0.006305409129709,0.0062827486544847,0.0062872124835848,0
2026-05-21,0.0062937415204942,0.006296515930444,0.0062767551280558,0.0062937415204942,0
2026-05-22,0.0062885959632694,0.0062893079593777,0.0062804203480482,0.0062874099239706,0
2026-05-25,0.0062914448790252,0.0062988554127514,0.006287844851613,0.0062916032038629,0
2026-05-26,0.0062911282293498,0.0062929890118539,0.0062746279872953,0.0062913657166063,0
2026-05-27,0.0062797111459076,0.0062824334017932,0.006268884986639,0.0062804603949189,0
2026-05-28,0.0062669208273291,0.0062827486544847,0.0062639764510095,0.0062666847370564,0
2026-05-29,0.0062786461785435,0.0062853945419192,0.0062744701281189,0.0062790010124444,0
2026-05-30,0.0062792375683784,0.0062792375683784,0.0062792375683784,0.0062792375683784,0
